sample_id,latitude_deg,longitude_deg,diviner_max_temp_k,diviner_min_temp_k,diviner_temp_range_k,psr_cold_trap_flag,ice_stability_depth_cm
DIVINER_00000,-86.2546,-38.2912,204.5,137.4,67.1,0,999.0
DIVINER_00001,-80.4929,-9.5632,85.8,69.5,16.3,1,0.0
DIVINER_00002,-82.6801,127.6371,215.1,143.8,71.3,0,999.0
DIVINER_00003,-84.0134,-57.5984,209.0,162.3,46.7,0,999.0
DIVINER_00004,-88.4398,133.0739,220.0,169.9,50.1,0,999.0
DIVINER_00005,-88.4401,-148.2716,212.6,150.1,62.4,0,999.0
DIVINER_00006,-89.4192,99.6474,203.9,133.5,70.4,0,999.0
DIVINER_00007,-81.3382,125.1171,224.3,180.3,44.0,0,999.0
DIVINER_00008,-83.9888,-114.5456,181.5,126.5,55.0,0,999.0
DIVINER_00009,-82.9193,-25.0752,212.5,178.1,34.4,0,999.0
DIVINER_00010,-89.7942,-120.4201,186.8,178.6,8.3,0,999.0
DIVINER_00011,-80.3009,74.3775,206.2,160.0,46.2,0,999.0
DIVINER_00012,-81.6756,12.7252,227.5,164.1,63.4,0,999.0
DIVINER_00013,-87.8766,48.7164,188.5,145.1,43.5,0,999.0
DIVINER_00014,-88.1818,-109.2647,236.1,178.9,57.2,0,999.0
DIVINER_00015,-88.166,-103.7715,233.3,138.5,94.9,0,999.0
DIVINER_00016,-86.9576,-165.061,204.9,159.2,45.7,0,999.0
DIVINER_00017,-84.7524,-64.0557,180.4,120.1,60.2,0,999.0
DIVINER_00018,-85.6805,21.5081,227.4,185.8,41.6,0,999.0
DIVINER_00019,-87.0877,128.8566,232.9,186.4,46.5,0,999.0
DIVINER_00020,-83.8815,60.0939,190.5,169.7,20.8,0,999.0
DIVINER_00021,-88.6051,-23.2573,235.0,149.6,85.3,0,999.0
DIVINER_00022,-87.0786,163.1232,234.8,132.5,102.3,0,999.0
DIVINER_00023,-86.3364,78.9283,208.3,154.5,53.8,0,999.0
DIVINER_00024,-85.4393,154.8595,227.9,175.4,52.5,0,999.0
DIVINER_00025,-82.1482,9.9317,206.7,162.4,44.3,0,999.0
DIVINER_00026,-88.0033,-86.7945,213.8,156.9,56.9,0,999.0
DIVINER_00027,-84.8577,-160.9824,199.2,179.5,19.7,0,999.0
DIVINER_00028,-84.0759,81.3905,189.6,141.9,47.6,0,999.0
DIVINER_00029,-89.5355,-136.3309,224.8,180.2,44.6,0,999.0
DIVINER_00030,-83.9246,-71.001,180.1,150.8,29.3,0,999.0
DIVINER_00031,-88.2948,11.6895,214.8,120.2,94.6,0,999.0
DIVINER_00032,-89.3495,23.19,231.9,171.2,60.6,0,999.0
DIVINER_00033,-80.5111,36.21,193.3,181.4,11.8,0,999.0
DIVINER_00034,-80.3437,-120.1481,200.0,153.9,46.1,0,999.0
DIVINER_00035,-81.916,-43.2945,215.2,151.8,63.4,0,999.0
DIVINER_00036,-86.9539,42.1899,194.8,176.4,18.4,0,999.0
DIVINER_00037,-89.0233,169.1348,230.8,181.9,48.9,0,999.0
DIVINER_00038,-83.1577,81.9472,202.0,188.2,13.8,0,999.0
DIVINER_00039,-85.5985,152.1374,214.9,144.2,70.7,0,999.0
DIVINER_00040,-88.7796,94.3963,193.6,161.6,31.9,0,999.0
DIVINER_00041,-85.0482,33.0181,182.5,177.6,4.9,0,999.0
DIVINER_00042,-89.6561,-110.8716,190.4,157.2,33.2,0,999.0
DIVINER_00043,-80.9068,60.0068,182.8,152.3,30.4,0,999.0
DIVINER_00044,-87.4122,44.4166,208.1,160.0,48.1,0,999.0
DIVINER_00045,-83.3748,36.8889,215.2,145.0,70.2,0,999.0
DIVINER_00046,-86.8829,-3.6771,182.7,133.4,49.2,0,999.0
DIVINER_00047,-84.7993,10.3164,185.4,124.7,60.8,0,999.0
DIVINER_00048,-84.5329,-59.6007,209.1,162.7,46.4,0,999.0
DIVINER_00049,-88.1515,6.9526,228.0,146.5,81.4,0,999.0
DIVINER_00050,-80.3042,-108.8799,217.7,181.8,35.9,0,999.0
DIVINER_00051,-82.2487,109.8628,87.0,57.0,30.0,1,0.0
DIVINER_00052,-80.605,-113.1203,233.3,141.7,91.5,0,999.0
DIVINER_00053,-81.0517,-149.4121,235.0,187.9,47.1,0,999.0
DIVINER_00054,-84.021,-22.9514,199.5,158.9,40.6,0,999.0
DIVINER_00055,-80.7813,56.9907,217.0,144.3,72.7,0,999.0
DIVINER_00056,-89.1151,-22.4219,209.5,180.3,29.3,0,999.0
DIVINER_00057,-88.0402,-80.3685,236.5,172.0,64.5,0,999.0
DIVINER_00058,-89.5477,20.9416,210.5,160.1,50.4,0,999.0
DIVINER_00059,-86.7467,-55.0792,237.6,182.2,55.4,0,999.0
DIVINER_00060,-86.1132,155.8324,192.0,126.6,65.4,0,999.0
DIVINER_00061,-87.2865,152.1523,74.3,36.3,37.9,1,0.0
DIVINER_00062,-81.7126,0.8539,226.9,176.7,50.1,0,999.0
DIVINER_00063,-86.4325,-61.9618,227.0,147.0,80.0,0,999.0
DIVINER_00064,-87.1907,85.3677,223.9,184.9,39.1,0,999.0
DIVINER_00065,-84.573,-166.7833,231.6,130.7,100.9,0,999.0
DIVINER_00066,-88.5908,-9.0832,222.2,143.6,78.6,0,999.0
DIVINER_00067,-81.978,-58.9236,218.2,149.8,68.4,0,999.0
DIVINER_00068,-89.2545,151.3929,207.5,168.1,39.4,0,999.0
DIVINER_00069,-80.1311,-175.6789,208.0,133.7,74.4,0,999.0
DIVINER_00070,-82.2776,19.0134,204.4,120.7,83.7,0,999.0
DIVINER_00071,-88.0128,86.6389,217.2,188.4,28.9,0,999.0
DIVINER_00072,-89.9448,-5.3935,204.4,182.9,21.5,0,999.0
DIVINER_00073,-81.8454,-149.2549,188.8,141.0,47.8,0,999.0
DIVINER_00074,-82.9314,170.0861,186.4,153.8,32.5,0,999.0
DIVINER_00075,-82.7099,6.4838,235.5,154.2,81.2,0,999.0
DIVINER_00076,-82.2873,41.107,181.5,180.8,0.6,0,999.0
DIVINER_00077,-89.2596,-94.8205,186.3,161.8,24.5,0,999.0
DIVINER_00078,-86.4153,-5.9407,206.7,177.9,28.9,0,999.0
DIVINER_00079,-88.8413,-25.5062,195.8,183.8,11.9,0,999.0
DIVINER_00080,-81.369,-153.0375,204.4,159.6,44.7,0,999.0
DIVINER_00081,-83.767,-141.7823,187.0,140.0,47.1,0,999.0
DIVINER_00082,-86.691,121.4901,187.9,154.9,32.9,0,999.0
DIVINER_00083,-89.3644,-93.6648,228.0,179.6,48.5,0,999.0
DIVINER_00084,-86.8902,-109.815,225.5,160.9,64.7,0,999.0
DIVINER_00085,-86.7482,1.7681,186.3,182.7,3.6,0,999.0
DIVINER_00086,-82.7039,96.749,220.1,182.7,37.4,0,999.0
DIVINER_00087,-83.6244,-157.6993,216.6,146.1,70.4,0,999.0
DIVINER_00088,-81.1279,27.6509,222.8,151.4,71.4,0,999.0
DIVINER_00089,-85.2779,-137.0842,208.5,167.5,41.0,0,999.0
DIVINER_00090,-88.8041,-166.874,196.2,127.8,68.4,0,999.0
DIVINER_00091,-82.8676,-161.0122,59.9,50.4,9.5,1,0.0
DIVINER_00092,-82.3921,120.2991,202.3,130.5,71.8,0,999.0
DIVINER_00093,-84.3872,-137.5299,193.1,179.4,13.8,0,999.0
DIVINER_00094,-82.2903,-163.7455,204.5,186.0,18.5,0,999.0
DIVINER_00095,-85.062,-22.356,225.8,129.9,95.9,0,999.0
DIVINER_00096,-84.7727,123.8376,208.5,166.7,41.8,0,999.0
DIVINER_00097,-85.7246,-85.533,198.0,164.6,33.4,0,999.0
DIVINER_00098,-89.7458,-28.1835,229.9,173.2,56.7,0,999.0
DIVINER_00099,-88.9211,-165.6279,232.9,168.7,64.2,0,999.0
DIVINER_00100,-89.6857,-18.3317,206.0,135.2,70.8,0,999.0
DIVINER_00101,-83.6359,27.9407,99.5,34.3,65.2,1,0.0
DIVINER_00102,-86.8564,25.5265,216.8,131.6,85.2,0,999.0
DIVINER_00103,-84.9143,-60.3264,183.5,184.5,-1.0,0,999.0
DIVINER_00104,-80.9243,-66.4081,221.5,156.5,65.0,0,999.0
DIVINER_00105,-87.5071,-141.6155,226.9,188.3,38.6,0,999.0
DIVINER_00106,-85.8962,-47.9526,80.0,45.0,35.0,1,0.0
DIVINER_00107,-82.4445,-144.1819,190.5,158.7,31.8,0,999.0
DIVINER_00108,-87.712,95.9745,181.7,175.3,6.5,0,999.0
DIVINER_00109,-89.2302,167.8587,218.2,175.8,42.4,0,999.0
DIVINER_00110,-87.1025,169.2268,196.1,136.2,60.0,0,999.0
DIVINER_00111,-88.3878,131.4256,207.8,140.2,67.7,0,999.0
DIVINER_00112,-80.703,36.2852,203.2,126.8,76.3,0,999.0
DIVINER_00113,-81.9188,72.3117,190.5,176.4,14.1,0,999.0
DIVINER_00114,-83.666,-77.3259,210.5,175.6,34.9,0,999.0
DIVINER_00115,-81.2854,47.0774,207.6,125.7,81.9,0,999.0
DIVINER_00116,-81.9633,-15.9662,217.4,138.0,79.4,0,999.0
DIVINER_00117,-88.1343,-6.4738,195.1,151.5,43.6,0,999.0
DIVINER_00118,-81.0744,92.7996,192.9,157.9,35.0,0,999.0
DIVINER_00119,-84.6066,-78.5094,99.2,60.6,38.6,1,0.0
DIVINER_00120,-81.9256,-65.5057,222.1,188.8,33.3,0,999.0
DIVINER_00121,-81.0391,152.871,226.3,173.5,52.8,0,999.0
DIVINER_00122,-86.82,-159.7593,187.4,127.9,59.5,0,999.0
DIVINER_00123,-88.8995,-5.1717,193.4,140.5,52.9,0,999.0
DIVINER_00124,-87.7206,148.6083,214.5,144.2,70.4,0,999.0
DIVINER_00125,-85.7289,39.7307,87.3,42.9,44.4,1,0.0
DIVINER_00126,-81.8199,16.7065,233.5,175.0,58.5,0,999.0
DIVINER_00127,-81.3927,-90.0921,229.9,145.2,84.7,0,999.0
DIVINER_00128,-89.9305,-56.4208,182.6,154.5,28.1,0,999.0
DIVINER_00129,-84.8925,126.7374,229.3,157.3,71.9,0,999.0
DIVINER_00130,-85.8259,21.3185,233.9,138.9,95.0,0,999.0
DIVINER_00131,-87.7789,5.3072,183.4,142.6,40.8,0,999.0
DIVINER_00132,-88.8013,-144.1513,205.0,174.6,30.4,0,999.0
DIVINER_00133,-86.6238,-174.2299,212.2,180.7,31.5,0,999.0
DIVINER_00134,-80.5709,166.9267,94.8,39.8,55.0,1,0.0
DIVINER_00135,-86.768,-44.285,211.0,162.4,48.6,0,999.0
DIVINER_00136,-84.8121,37.1567,233.2,164.3,68.8,0,999.0
DIVINER_00137,-82.9698,-151.3026,232.0,171.6,60.4,0,999.0
DIVINER_00138,-86.3637,65.9211,236.4,168.6,67.8,0,999.0
DIVINER_00139,-80.2822,155.724,209.0,181.4,27.6,0,999.0
DIVINER_00140,-80.3755,27.2395,204.6,125.5,79.1,0,999.0
DIVINER_00141,-87.4822,-134.5985,219.9,147.2,72.8,0,999.0
DIVINER_00142,-85.0275,29.4197,205.0,174.7,30.3,0,999.0
DIVINER_00143,-86.9912,95.885,182.5,179.3,3.3,0,999.0
DIVINER_00144,-87.1516,-33.69,223.2,138.5,84.7,0,999.0
DIVINER_00145,-89.6311,136.7416,196.9,161.0,35.9,0,999.0
DIVINER_00146,-83.9044,53.5259,182.9,132.7,50.3,0,999.0
DIVINER_00147,-84.9732,143.7296,181.2,179.6,1.7,0,999.0
DIVINER_00148,-89.4852,44.4619,235.9,171.1,64.8,0,999.0
DIVINER_00149,-87.2135,-132.7363,195.1,135.5,59.6,0,999.0
DIVINER_00150,-80.9173,-68.511,206.9,163.7,43.2,0,999.0
DIVINER_00151,-87.6044,-107.3538,237.0,155.7,81.4,0,999.0
DIVINER_00152,-88.5511,147.1775,208.1,138.1,69.9,0,999.0
DIVINER_00153,-85.1055,93.744,184.7,182.5,2.2,0,999.0
DIVINER_00154,-80.1435,63.5034,213.1,130.3,82.8,0,999.0
DIVINER_00155,-87.5794,-71.6521,185.3,152.7,32.6,0,999.0
DIVINER_00156,-83.2786,-113.7439,185.7,160.8,24.9,0,999.0
DIVINER_00157,-82.3838,92.3224,231.1,177.6,53.4,0,999.0
DIVINER_00158,-87.6236,-9.3031,197.4,130.5,66.9,0,999.0
DIVINER_00159,-82.7178,-98.7158,220.7,162.6,58.1,0,999.0
DIVINER_00160,-86.3222,41.9839,210.5,120.5,90.1,0,999.0
DIVINER_00161,-83.6769,-165.4798,193.3,177.6,15.8,0,999.0
DIVINER_00162,-83.6647,-62.5787,211.1,136.4,74.6,0,999.0
DIVINER_00163,-84.6423,-11.3195,184.1,170.5,13.7,0,999.0
DIVINER_00164,-89.0971,-126.735,200.8,162.1,38.7,0,999.0
DIVINER_00165,-81.647,174.4756,211.4,123.5,87.9,0,999.0
DIVINER_00166,-86.7922,-104.7249,193.7,132.8,60.9,0,999.0
DIVINER_00167,-88.1348,-133.0729,219.6,138.7,80.9,0,999.0
DIVINER_00168,-89.5922,-106.7274,183.1,182.1,1.0,0,999.0
DIVINER_00169,-84.0911,96.862,209.1,153.7,55.4,0,999.0
DIVINER_00170,-83.2244,-26.818,222.9,183.9,39.0,0,999.0
DIVINER_00171,-89.8341,23.5497,205.8,123.3,82.5,0,999.0
DIVINER_00172,-84.8791,-172.4367,232.5,120.5,112.0,0,999.0
DIVINER_00173,-87.735,-167.6047,217.9,186.4,31.6,0,999.0
DIVINER_00174,-83.5483,-19.5028,237.5,170.7,66.8,0,999.0
DIVINER_00175,-88.2563,113.9959,197.0,174.8,22.2,0,999.0
DIVINER_00176,-83.0906,138.686,236.3,184.1,52.2,0,999.0
DIVINER_00177,-86.1326,-148.7856,216.4,188.9,27.5,0,999.0
DIVINER_00178,-80.6327,13.8107,224.7,126.8,97.9,0,999.0
DIVINER_00179,-88.6248,148.7627,234.1,131.1,103.0,0,999.0
DIVINER_00180,-86.5893,-40.3298,213.1,133.2,79.9,0,999.0
DIVINER_00181,-88.8653,118.6437,231.7,177.3,54.4,0,999.0
DIVINER_00182,-80.7531,-131.8696,212.5,144.9,67.6,0,999.0
DIVINER_00183,-81.2266,156.742,216.0,161.5,54.4,0,999.0
DIVINER_00184,-87.4206,90.5124,206.7,179.9,26.8,0,999.0
DIVINER_00185,-83.4002,158.8804,188.7,167.8,20.9,0,999.0
DIVINER_00186,-81.8278,63.5822,213.2,124.6,88.6,0,999.0
DIVINER_00187,-84.448,-49.1746,238.6,151.2,87.4,0,999.0
DIVINER_00188,-84.7035,157.7452,227.2,124.7,102.5,0,999.0
DIVINER_00189,-87.5815,-80.796,224.8,153.5,71.3,0,999.0
DIVINER_00190,-89.069,-60.4179,49.9,32.0,17.9,1,0.0
DIVINER_00191,-81.0278,72.291,200.9,120.1,80.8,0,999.0
DIVINER_00192,-80.9958,95.5139,190.2,176.9,13.3,0,999.0
DIVINER_00193,-83.669,154.5853,193.5,187.9,5.6,0,999.0
DIVINER_00194,-86.6097,-106.2711,180.4,187.5,-7.1,0,999.0
DIVINER_00195,-86.5079,107.2793,220.4,140.9,79.5,0,999.0
DIVINER_00196,-82.7404,85.8766,228.7,178.0,50.7,0,999.0
DIVINER_00197,-81.0289,-157.034,196.1,167.5,28.6,0,999.0
DIVINER_00198,-81.1291,-40.5997,185.5,176.0,9.5,0,999.0
DIVINER_00199,-82.2012,-78.2044,200.1,179.2,20.9,0,999.0
DIVINER_00200,-83.5797,-70.3834,197.5,188.6,8.9,0,999.0
DIVINER_00201,-89.1586,173.8609,207.1,130.6,76.4,0,999.0
DIVINER_00202,-88.3837,51.3999,195.8,173.9,22.0,0,999.0
DIVINER_00203,-81.0145,78.3634,200.4,171.4,29.0,0,999.0
DIVINER_00204,-83.9357,171.5823,234.5,140.1,94.3,0,999.0
DIVINER_00205,-89.908,-44.2074,200.1,147.5,52.6,0,999.0
DIVINER_00206,-88.9853,108.6625,227.1,132.4,94.8,0,999.0
DIVINER_00207,-83.365,-23.5689,217.6,183.9,33.6,0,999.0
DIVINER_00208,-89.9494,133.0321,200.3,181.6,18.7,0,999.0
DIVINER_00209,-88.3919,-114.9633,229.1,163.0,66.1,0,999.0
DIVINER_00210,-84.5127,161.167,215.7,155.8,59.9,0,999.0
DIVINER_00211,-83.081,-101.2422,180.5,136.3,44.2,0,999.0
DIVINER_00212,-83.4804,-62.5606,184.1,175.3,8.9,0,999.0
DIVINER_00213,-87.7573,92.2292,225.2,120.6,104.6,0,999.0
DIVINER_00214,-82.8782,-38.2481,206.8,152.4,54.4,0,999.0
DIVINER_00215,-87.6275,38.9561,204.3,180.2,24.1,0,999.0
DIVINER_00216,-86.746,-19.9535,188.7,163.3,25.5,0,999.0
DIVINER_00217,-82.5351,87.2532,189.4,164.5,25.0,0,999.0
DIVINER_00218,-83.5037,-97.8007,227.9,124.9,102.9,0,999.0
DIVINER_00219,-81.5078,-158.9551,229.7,140.1,89.7,0,999.0
DIVINER_00220,-83.4239,-72.0254,213.6,167.2,46.4,0,999.0
DIVINER_00221,-84.3169,-9.2489,197.7,123.5,74.2,0,999.0
DIVINER_00222,-89.0633,-119.5128,236.0,143.2,92.8,0,999.0
DIVINER_00223,-86.3228,-52.273,217.4,144.8,72.7,0,999.0
DIVINER_00224,-87.348,-36.0061,227.8,154.9,72.9,0,999.0
DIVINER_00225,-87.5601,-159.3389,180.2,145.4,34.8,0,999.0
DIVINER_00226,-80.2699,29.9906,207.0,151.8,55.2,0,999.0
DIVINER_00227,-86.069,138.3636,232.3,158.3,74.0,0,999.0
DIVINER_00228,-81.0795,-125.3726,200.3,129.0,71.3,0,999.0
DIVINER_00229,-83.6886,35.2109,223.6,132.6,91.0,0,999.0
DIVINER_00230,-82.0519,59.3061,219.5,178.3,41.2,0,999.0
DIVINER_00231,-84.9736,-29.0395,189.1,152.2,36.9,0,999.0
DIVINER_00232,-84.231,72.3951,226.5,144.9,81.6,0,999.0
DIVINER_00233,-85.0748,-32.1366,186.8,150.4,36.4,0,999.0
DIVINER_00234,-88.0476,1.6694,223.7,132.2,91.4,0,999.0
DIVINER_00235,-82.7755,-177.3529,239.5,136.8,102.7,0,999.0
DIVINER_00236,-87.1923,69.0192,237.5,156.1,81.4,0,999.0
DIVINER_00237,-89.7568,58.0834,228.0,145.1,82.9,0,999.0
DIVINER_00238,-83.5453,-166.1757,212.1,153.3,58.8,0,999.0
DIVINER_00239,-88.2289,-47.43,220.5,130.5,90.0,0,999.0
DIVINER_00240,-80.5954,172.4515,223.7,131.0,92.7,0,999.0
DIVINER_00241,-80.4607,-28.5348,180.5,146.9,33.6,0,999.0
DIVINER_00242,-80.8514,0.7003,186.1,146.5,39.6,0,999.0
DIVINER_00243,-86.2984,147.5749,215.8,181.8,34.0,0,999.0
DIVINER_00244,-89.8454,78.2143,180.4,122.3,58.1,0,999.0
DIVINER_00245,-80.7168,29.5452,234.5,189.5,45.0,0,999.0
DIVINER_00246,-85.7182,107.2097,209.4,187.0,22.4,0,999.0
DIVINER_00247,-80.3335,131.1719,195.5,158.0,37.5,0,999.0
DIVINER_00248,-80.3638,-15.5203,203.6,170.3,33.3,0,999.0
DIVINER_00249,-81.4699,-8.961,231.0,185.5,45.6,0,999.0
DIVINER_00250,-87.0555,-41.0217,235.6,137.6,98.0,0,999.0
DIVINER_00251,-86.149,168.0142,187.0,142.1,44.9,0,999.0
DIVINER_00252,-81.4886,70.9799,226.7,127.8,98.9,0,999.0
DIVINER_00253,-86.8308,-150.0397,214.7,159.5,55.2,0,999.0
DIVINER_00254,-88.3051,130.6655,215.1,131.2,84.0,0,999.0
DIVINER_00255,-84.432,-6.9984,226.8,185.2,41.6,0,999.0
DIVINER_00256,-80.6385,-155.2486,193.4,150.2,43.2,0,999.0
DIVINER_00257,-83.0397,17.8982,211.9,184.4,27.5,0,999.0
DIVINER_00258,-84.2994,-29.8209,199.2,134.4,64.8,0,999.0
DIVINER_00259,-89.0282,135.9898,185.7,168.6,17.1,0,999.0
DIVINER_00260,-83.8499,-106.5619,186.3,165.3,21.0,0,999.0
DIVINER_00261,-80.0995,117.5273,188.2,148.0,40.2,0,999.0
DIVINER_00262,-88.5992,20.7679,216.9,182.9,34.0,0,999.0
DIVINER_00263,-84.8167,-160.3403,186.3,150.4,35.9,0,999.0
DIVINER_00264,-81.2263,169.8643,214.2,133.9,80.3,0,999.0
DIVINER_00265,-82.5923,4.5415,215.3,188.4,26.9,0,999.0
DIVINER_00266,-83.0298,-75.2843,234.2,150.9,83.3,0,999.0
DIVINER_00267,-82.9752,-11.0135,217.6,134.6,83.0,0,999.0
DIVINER_00268,-86.4051,128.8288,239.1,145.5,93.7,0,999.0
DIVINER_00269,-87.0641,-70.2349,181.9,162.9,18.9,0,999.0
DIVINER_00270,-81.9064,-110.6365,222.2,155.8,66.4,0,999.0
DIVINER_00271,-81.8989,-133.5344,181.6,164.5,17.1,0,999.0
DIVINER_00272,-81.3293,-72.7706,223.8,166.3,57.4,0,999.0
DIVINER_00273,-80.8676,100.8173,71.3,62.0,9.3,1,0.0
DIVINER_00274,-84.8866,-10.2145,216.7,142.0,74.6,0,999.0
DIVINER_00275,-84.9848,-98.1066,198.6,172.4,26.2,0,999.0
DIVINER_00276,-82.017,-120.1734,189.5,165.5,24.0,0,999.0
DIVINER_00277,-83.5004,-60.2174,223.4,126.2,97.2,0,999.0
DIVINER_00278,-82.9803,158.3728,234.3,142.1,92.2,0,999.0
DIVINER_00279,-82.0421,-56.5104,191.0,185.2,5.8,0,999.0
DIVINER_00280,-81.0999,175.7247,235.2,180.3,54.9,0,999.0
DIVINER_00281,-86.62,-5.317,188.4,166.9,21.5,0,999.0
DIVINER_00282,-86.2442,-115.501,224.1,125.1,99.0,0,999.0
DIVINER_00283,-89.0602,140.8104,88.9,36.1,52.8,1,0.0
DIVINER_00284,-84.2172,-14.2721,188.8,120.9,68.0,0,999.0
DIVINER_00285,-89.6406,75.4817,206.1,166.3,39.8,0,999.0
DIVINER_00286,-85.344,174.1362,200.2,171.2,29.1,0,999.0
DIVINER_00287,-84.5736,-161.9369,203.3,154.8,48.5,0,999.0
DIVINER_00288,-87.1346,-145.19,225.2,120.3,104.9,0,999.0
DIVINER_00289,-84.0917,79.3644,219.7,166.7,53.0,0,999.0
DIVINER_00290,-89.695,-78.543,82.1,29.7,52.3,1,0.0
DIVINER_00291,-89.6265,-113.6515,191.1,161.0,30.1,0,999.0
DIVINER_00292,-81.774,-165.8297,75.1,55.0,20.1,1,0.0
DIVINER_00293,-86.3981,-172.1352,206.9,126.3,80.6,0,999.0
DIVINER_00294,-88.7294,98.8148,235.1,170.1,65.1,0,999.0
DIVINER_00295,-84.7776,-131.604,180.6,163.0,17.6,0,999.0
DIVINER_00296,-82.3001,-11.6206,239.4,143.2,96.2,0,999.0
DIVINER_00297,-87.8418,38.1229,98.1,26.2,71.9,1,0.0
DIVINER_00298,-83.7711,-25.7934,217.5,165.2,52.3,0,999.0
DIVINER_00299,-89.1465,-170.2416,201.6,162.0,39.6,0,999.0
DIVINER_00300,-89.4832,102.0605,231.2,132.8,98.3,0,999.0
DIVINER_00301,-84.6865,-176.2152,213.7,140.7,73.0,0,999.0
DIVINER_00302,-84.5936,94.2804,219.8,189.4,30.4,0,999.0
DIVINER_00303,-83.6257,141.5896,218.9,150.3,68.6,0,999.0
DIVINER_00304,-82.7391,-24.1776,201.8,124.2,77.7,0,999.0
DIVINER_00305,-80.2415,12.7953,184.6,182.9,1.6,0,999.0
DIVINER_00306,-84.837,-8.286,228.5,132.1,96.4,0,999.0
DIVINER_00307,-86.7704,-39.8849,42.8,36.7,6.1,1,0.0
DIVINER_00308,-82.0481,139.4728,230.9,139.5,91.5,0,999.0
DIVINER_00309,-87.2917,141.8161,216.5,187.5,29.0,0,999.0
DIVINER_00310,-85.6103,-59.1061,201.2,146.5,54.8,0,999.0
DIVINER_00311,-89.2154,41.4251,215.7,169.6,46.0,0,999.0
DIVINER_00312,-89.7465,153.6867,218.7,161.9,56.8,0,999.0
DIVINER_00313,-80.3735,166.3411,222.4,123.0,99.4,0,999.0
DIVINER_00314,-81.6402,3.2253,229.3,146.9,82.4,0,999.0
DIVINER_00315,-83.0403,-16.9831,189.6,147.3,42.3,0,999.0
DIVINER_00316,-85.9105,-79.67,236.6,189.3,47.4,0,999.0
DIVINER_00317,-88.2671,165.1939,204.7,176.8,27.8,0,999.0
DIVINER_00318,-88.4356,-128.5869,231.6,180.0,51.7,0,999.0
DIVINER_00319,-87.4976,28.7386,193.2,141.9,51.3,0,999.0
DIVINER_00320,-84.5077,-78.2819,181.7,143.0,38.7,0,999.0
DIVINER_00321,-82.854,-79.557,214.4,156.1,58.3,0,999.0
DIVINER_00322,-83.398,-34.2113,199.5,164.2,35.3,0,999.0
DIVINER_00323,-87.2007,179.5655,239.1,171.0,68.1,0,999.0
DIVINER_00324,-80.4513,-160.2121,186.3,177.5,8.8,0,999.0
DIVINER_00325,-82.621,28.2751,182.8,181.1,1.7,0,999.0
DIVINER_00326,-84.4565,-150.274,182.7,121.7,61.0,0,999.0
DIVINER_00327,-83.8828,-124.3725,193.0,175.7,17.3,0,999.0
DIVINER_00328,-85.804,-21.7573,214.8,162.8,52.0,0,999.0
DIVINER_00329,-87.5227,3.7656,210.3,157.2,53.1,0,999.0
DIVINER_00330,-86.4403,-86.8347,201.0,164.0,37.0,0,999.0
DIVINER_00331,-82.4215,-66.0754,185.3,181.7,3.6,0,999.0
DIVINER_00332,-89.8561,-148.6919,194.0,158.2,35.9,0,999.0
DIVINER_00333,-88.8393,-70.8409,191.0,131.4,59.7,0,999.0
DIVINER_00334,-89.54,167.961,59.2,42.1,17.1,1,0.0
DIVINER_00335,-89.5927,160.0947,226.8,184.7,42.1,0,999.0
DIVINER_00336,-81.4454,-59.4438,226.6,177.0,49.6,0,999.0
DIVINER_00337,-82.9634,25.5074,238.1,134.2,103.9,0,999.0
DIVINER_00338,-85.2583,147.4543,233.1,170.0,63.1,0,999.0
DIVINER_00339,-89.0217,-177.7738,209.9,137.9,71.9,0,999.0
DIVINER_00340,-85.0838,111.8461,204.9,144.4,60.5,0,999.0
DIVINER_00341,-85.2653,161.413,234.9,152.8,82.1,0,999.0
DIVINER_00342,-88.268,-147.1227,216.7,150.9,65.8,0,999.0
DIVINER_00343,-85.6615,-121.8788,197.7,122.0,75.6,0,999.0
DIVINER_00344,-86.015,165.8687,213.9,174.2,39.7,0,999.0
DIVINER_00345,-83.8415,13.5145,239.5,179.2,60.3,0,999.0
DIVINER_00346,-83.6491,-174.8892,104.3,55.8,48.4,1,0.0
DIVINER_00347,-89.547,-87.2525,196.9,132.1,64.8,0,999.0
DIVINER_00348,-86.2539,-18.0203,237.2,137.4,99.8,0,999.0
DIVINER_00349,-83.7414,69.4472,238.9,128.8,110.0,0,999.0
DIVINER_00350,-84.9686,83.9377,193.9,131.9,62.0,0,999.0
DIVINER_00351,-81.4351,178.3517,233.7,181.3,52.4,0,999.0
DIVINER_00352,-83.4131,-76.496,233.0,153.6,79.4,0,999.0
DIVINER_00353,-88.3707,13.7592,182.4,127.8,54.6,0,999.0
DIVINER_00354,-89.2943,11.9965,220.2,137.8,82.3,0,999.0
DIVINER_00355,-83.5758,-33.9677,198.3,186.5,11.9,0,999.0
DIVINER_00356,-89.7349,-119.1017,220.5,155.6,64.8,0,999.0
DIVINER_00357,-84.1422,171.8844,234.8,156.1,78.7,0,999.0
DIVINER_00358,-80.5977,127.1942,209.9,156.8,53.1,0,999.0
DIVINER_00359,-84.2453,-0.6001,204.9,127.8,77.1,0,999.0
DIVINER_00360,-86.1183,37.1684,235.3,187.9,47.4,0,999.0
DIVINER_00361,-83.5671,-98.186,238.4,125.9,112.5,0,999.0
DIVINER_00362,-85.4175,15.7633,183.7,169.0,14.7,0,999.0
DIVINER_00363,-84.5438,70.1892,235.4,124.0,111.3,0,999.0
DIVINER_00364,-80.5854,5.4601,185.0,151.1,33.9,0,999.0
DIVINER_00365,-86.139,176.5027,200.2,183.0,17.3,0,999.0
DIVINER_00366,-80.3881,40.083,225.8,173.8,52.0,0,999.0
DIVINER_00367,-80.9465,-46.4495,226.6,143.4,83.2,0,999.0
DIVINER_00368,-88.0421,97.9747,100.8,50.3,50.5,1,0.0
DIVINER_00369,-89.3064,-118.6335,182.3,131.6,50.8,0,999.0
DIVINER_00370,-88.9922,-41.5743,188.0,186.9,1.0,0,999.0
DIVINER_00371,-89.8178,-55.0948,236.2,169.6,66.6,0,999.0
DIVINER_00372,-89.0556,-24.5494,184.9,146.2,38.7,0,999.0
DIVINER_00373,-83.1699,101.4407,184.7,142.3,42.5,0,999.0
DIVINER_00374,-89.2881,-5.6977,230.1,136.7,93.4,0,999.0
DIVINER_00375,-86.8102,105.8452,218.5,175.1,43.4,0,999.0
DIVINER_00376,-81.5512,27.536,201.1,150.4,50.7,0,999.0
DIVINER_00377,-89.7673,-56.855,189.9,143.1,46.8,0,999.0
DIVINER_00378,-81.8553,111.5923,233.1,183.4,49.7,0,999.0
DIVINER_00379,-87.1815,-94.2157,239.3,130.5,108.8,0,999.0
DIVINER_00380,-88.8184,-99.2221,183.0,138.5,44.5,0,999.0
DIVINER_00381,-83.0326,1.6211,213.2,144.1,69.1,0,999.0
DIVINER_00382,-83.7106,-86.0943,195.7,138.2,57.5,0,999.0
DIVINER_00383,-81.2253,-176.7287,229.9,161.0,69.0,0,999.0
DIVINER_00384,-82.6493,53.3871,200.8,162.1,38.7,0,999.0
DIVINER_00385,-81.9652,3.9938,222.9,123.8,99.0,0,999.0
DIVINER_00386,-87.1797,-19.6136,212.4,130.1,82.3,0,999.0
DIVINER_00387,-88.2256,168.1087,212.5,133.9,78.6,0,999.0
DIVINER_00388,-82.4939,25.6317,231.5,124.9,106.6,0,999.0
DIVINER_00389,-81.9317,130.8354,208.2,128.7,79.5,0,999.0
DIVINER_00390,-80.0949,-129.7979,230.7,136.8,94.0,0,999.0
DIVINER_00391,-85.8738,24.9143,201.8,144.2,57.6,0,999.0
DIVINER_00392,-86.2798,132.4727,190.5,175.4,15.1,0,999.0
DIVINER_00393,-82.2359,29.9181,207.3,135.3,72.1,0,999.0
DIVINER_00394,-86.592,78.4851,209.9,166.9,43.0,0,999.0
DIVINER_00395,-80.6924,-46.0643,208.7,124.1,84.7,0,999.0
DIVINER_00396,-81.4159,-146.7182,228.5,166.1,62.4,0,999.0
DIVINER_00397,-85.7101,-15.1559,73.3,34.5,38.8,1,0.0
DIVINER_00398,-82.4913,-37.9874,233.3,162.3,71.0,0,999.0
DIVINER_00399,-82.4546,132.1417,210.9,134.1,76.8,0,999.0
DIVINER_00400,-88.9688,-92.1617,193.5,143.1,50.4,0,999.0
DIVINER_00401,-80.9745,168.0243,187.8,176.4,11.4,0,999.0
DIVINER_00402,-84.9475,164.9297,232.1,150.2,81.9,0,999.0
DIVINER_00403,-81.7354,-90.8526,183.4,137.9,45.5,0,999.0
DIVINER_00404,-86.7995,-54.7013,187.1,185.3,1.8,0,999.0
DIVINER_00405,-81.0448,142.4001,183.8,164.6,19.2,0,999.0
DIVINER_00406,-86.108,167.984,205.4,176.4,29.0,0,999.0
DIVINER_00407,-89.8916,-20.3619,212.0,121.7,90.2,0,999.0
DIVINER_00408,-80.9462,-64.4411,181.2,143.8,37.4,0,999.0
DIVINER_00409,-89.0871,9.3938,210.9,152.1,58.8,0,999.0
DIVINER_00410,-86.8069,67.5969,203.6,161.1,42.5,0,999.0
DIVINER_00411,-80.4994,-81.5492,226.4,133.3,93.1,0,999.0
DIVINER_00412,-80.4939,85.1303,229.8,154.9,74.9,0,999.0
DIVINER_00413,-84.2656,-161.4034,221.1,168.0,53.1,0,999.0
DIVINER_00414,-83.6816,-162.254,208.4,144.2,64.2,0,999.0
DIVINER_00415,-85.5155,-40.9364,193.0,168.4,24.6,0,999.0
DIVINER_00416,-87.0679,-52.7497,230.8,147.3,83.6,0,999.0
DIVINER_00417,-86.7134,-66.372,200.5,152.9,47.6,0,999.0
DIVINER_00418,-83.2748,-3.2329,201.4,129.4,72.0,0,999.0
DIVINER_00419,-82.4763,-64.5359,235.0,165.6,69.4,0,999.0
DIVINER_00420,-82.0842,-110.7871,84.5,26.6,58.0,1,0.0
DIVINER_00421,-82.1038,-68.591,233.9,178.0,55.9,0,999.0
DIVINER_00422,-89.0879,170.9655,239.9,158.7,81.2,0,999.0
DIVINER_00423,-85.0558,-31.9992,232.1,159.2,72.9,0,999.0
DIVINER_00424,-89.4244,-19.9034,222.3,183.9,38.4,0,999.0
DIVINER_00425,-84.5047,27.5562,197.6,131.7,65.9,0,999.0
DIVINER_00426,-85.5847,174.0027,237.2,157.1,80.1,0,999.0
DIVINER_00427,-81.123,-93.0235,232.6,146.8,85.8,0,999.0
DIVINER_00428,-86.4908,65.2616,194.4,187.6,6.8,0,999.0
DIVINER_00429,-88.8293,77.7545,44.1,47.3,-3.1,1,0.0
DIVINER_00430,-88.5701,38.6368,184.2,173.0,11.2,0,999.0
DIVINER_00431,-82.3849,-148.1118,237.2,134.3,102.9,0,999.0
DIVINER_00432,-83.8178,63.674,214.4,136.6,77.8,0,999.0
DIVINER_00433,-88.9888,-156.9259,67.5,56.0,11.6,1,0.0
DIVINER_00434,-89.1589,34.6114,197.5,164.7,32.8,0,999.0
DIVINER_00435,-82.9903,86.2492,238.8,146.0,92.9,0,999.0
DIVINER_00436,-89.2724,-104.0508,216.9,141.8,75.1,0,999.0
DIVINER_00437,-81.7814,122.9839,205.2,164.6,40.6,0,999.0
DIVINER_00438,-82.9376,-169.0726,210.0,178.0,32.0,0,999.0
DIVINER_00439,-89.1865,123.7726,185.9,129.3,56.6,0,999.0
DIVINER_00440,-89.1516,-14.2815,184.5,184.3,0.2,0,999.0
DIVINER_00441,-80.1336,-101.6683,215.6,122.4,93.2,0,999.0
DIVINER_00442,-86.2573,-131.8399,210.7,126.7,84.1,0,999.0
DIVINER_00443,-86.2936,163.1906,201.5,178.7,22.9,0,999.0
DIVINER_00444,-81.872,-153.8404,93.6,51.9,41.7,1,0.0
DIVINER_00445,-80.5275,-108.3264,184.4,185.7,-1.4,0,999.0
DIVINER_00446,-80.14,-54.784,44.1,49.3,-5.1,1,0.0
DIVINER_00447,-82.4662,43.2845,197.6,184.8,12.8,0,999.0
DIVINER_00448,-86.2374,16.1284,184.3,136.8,47.5,0,999.0
DIVINER_00449,-89.165,-134.7683,190.2,163.2,27.0,0,999.0
DIVINER_00450,-82.2285,-75.6979,185.7,189.6,-3.9,0,999.0
DIVINER_00451,-84.416,-94.0494,190.7,146.3,44.4,0,999.0
DIVINER_00452,-85.7578,-103.1246,205.0,120.1,84.9,0,999.0
DIVINER_00453,-80.9365,-31.988,224.3,124.5,99.8,0,999.0
DIVINER_00454,-88.888,73.4513,196.3,180.1,16.2,0,999.0
DIVINER_00455,-85.0737,-101.7169,206.2,154.4,51.7,0,999.0
DIVINER_00456,-89.8865,-47.9956,235.7,157.6,78.2,0,999.0
DIVINER_00457,-85.3134,-39.2697,197.7,176.0,21.8,0,999.0
DIVINER_00458,-89.437,171.5244,227.7,176.8,50.9,0,999.0
DIVINER_00459,-88.8118,163.6799,189.5,153.4,36.0,0,999.0
DIVINER_00460,-88.8247,108.0495,190.7,180.1,10.6,0,999.0
DIVINER_00461,-83.5079,-93.0028,207.4,152.8,54.6,0,999.0
DIVINER_00462,-82.5396,-155.5066,194.0,167.3,26.8,0,999.0
DIVINER_00463,-84.1663,-65.9145,234.2,122.3,111.8,0,999.0
DIVINER_00464,-80.3783,-83.954,183.0,129.7,53.4,0,999.0
DIVINER_00465,-86.2513,2.1333,215.8,179.6,36.2,0,999.0
DIVINER_00466,-87.1429,99.982,216.3,141.9,74.3,0,999.0
DIVINER_00467,-81.314,128.9963,184.0,143.4,40.5,0,999.0
DIVINER_00468,-87.764,124.1511,224.0,166.4,57.5,0,999.0
DIVINER_00469,-80.3678,-50.5168,208.1,161.5,46.7,0,999.0
DIVINER_00470,-89.8785,67.4044,223.4,125.8,97.6,0,999.0
DIVINER_00471,-80.3012,-67.3797,229.6,173.6,56.0,0,999.0
DIVINER_00472,-89.5684,-158.074,199.4,163.2,36.2,0,999.0
DIVINER_00473,-81.0886,72.5635,209.1,179.9,29.2,0,999.0
DIVINER_00474,-84.723,-176.4621,195.6,157.5,38.2,0,999.0
DIVINER_00475,-80.0704,-32.6943,192.1,149.0,43.1,0,999.0
DIVINER_00476,-89.262,-61.4235,180.0,146.0,34.0,0,999.0
DIVINER_00477,-84.4615,69.6159,237.8,120.3,117.5,0,999.0
DIVINER_00478,-80.307,95.8484,206.5,122.8,83.7,0,999.0
DIVINER_00479,-84.769,-70.5259,180.8,129.2,51.6,0,999.0
DIVINER_00480,-83.706,112.1857,180.5,185.1,-4.5,0,999.0
DIVINER_00481,-83.0425,-74.19,197.3,181.6,15.7,0,999.0
DIVINER_00482,-85.4546,-19.3225,180.8,154.8,26.0,0,999.0
DIVINER_00483,-83.7244,81.7267,202.5,132.6,69.9,0,999.0
DIVINER_00484,-84.1569,69.4513,183.8,130.2,53.5,0,999.0
DIVINER_00485,-80.9884,175.4527,182.4,137.9,44.4,0,999.0
DIVINER_00486,-89.5455,-98.942,220.2,183.6,36.6,0,999.0
DIVINER_00487,-87.1904,58.4344,234.4,156.5,77.9,0,999.0
DIVINER_00488,-80.4959,39.4855,204.6,176.3,28.3,0,999.0
DIVINER_00489,-81.0974,149.4354,230.2,155.5,74.7,0,999.0
DIVINER_00490,-85.4434,-123.7096,64.5,30.7,33.9,1,0.0
DIVINER_00491,-83.7987,90.6473,226.7,162.7,64.0,0,999.0
DIVINER_00492,-87.2262,24.5767,183.8,122.2,61.6,0,999.0
DIVINER_00493,-88.1188,-81.1203,230.3,151.2,79.1,0,999.0
DIVINER_00494,-85.363,-9.2034,232.9,180.5,52.5,0,999.0
DIVINER_00495,-86.4665,-59.8404,227.2,154.2,72.9,0,999.0
DIVINER_00496,-84.1634,28.5528,229.2,150.5,78.8,0,999.0
DIVINER_00497,-89.2227,140.0402,213.7,156.9,56.8,0,999.0
DIVINER_00498,-80.2561,24.9498,195.9,146.7,49.2,0,999.0
DIVINER_00499,-80.1379,47.4201,218.6,156.1,62.5,0,999.0
DIVINER_00500,-83.0184,6.7492,206.4,129.5,76.9,0,999.0
DIVINER_00501,-84.639,-161.5804,180.3,187.8,-7.4,0,999.0
DIVINER_00502,-86.9047,-96.1709,54.4,51.8,2.6,1,0.0
DIVINER_00503,-81.862,-2.8794,219.1,153.8,65.2,0,999.0
DIVINER_00504,-83.1527,-68.3153,180.8,134.7,46.1,0,999.0
DIVINER_00505,-88.3738,-114.5651,217.3,124.1,93.2,0,999.0
DIVINER_00506,-80.8907,1.4878,219.2,165.6,53.5,0,999.0
DIVINER_00507,-81.7746,-63.7885,189.5,189.0,0.5,0,999.0
DIVINER_00508,-80.502,-87.0812,205.9,172.5,33.4,0,999.0
DIVINER_00509,-82.7428,-12.9652,237.9,137.8,100.1,0,999.0
DIVINER_00510,-83.8658,-132.0177,233.1,154.5,78.5,0,999.0
DIVINER_00511,-85.8176,153.9885,204.6,123.5,81.2,0,999.0
DIVINER_00512,-80.6727,132.3728,201.0,157.2,43.8,0,999.0
DIVINER_00513,-81.3394,74.7434,187.4,127.0,60.5,0,999.0
DIVINER_00514,-89.5478,-141.763,182.1,175.6,6.5,0,999.0
DIVINER_00515,-89.7363,99.3158,197.8,124.0,73.9,0,999.0
DIVINER_00516,-86.2354,110.8646,236.4,120.7,115.8,0,999.0
DIVINER_00517,-81.8945,96.3953,237.5,180.3,57.2,0,999.0
DIVINER_00518,-80.1272,-138.9723,228.8,186.0,42.8,0,999.0
DIVINER_00519,-88.4958,51.8069,201.0,126.1,75.0,0,999.0
DIVINER_00520,-84.0587,120.3569,188.6,139.5,49.1,0,999.0
DIVINER_00521,-86.1911,27.8472,215.7,171.9,43.8,0,999.0
DIVINER_00522,-80.3009,52.7067,218.8,157.8,61.0,0,999.0
DIVINER_00523,-81.5788,-14.9891,205.5,186.4,19.0,0,999.0
DIVINER_00524,-81.6167,10.3346,221.5,147.2,74.3,0,999.0
DIVINER_00525,-85.3131,-167.6243,224.8,120.2,104.6,0,999.0
DIVINER_00526,-85.8518,50.0267,227.0,121.4,105.6,0,999.0
DIVINER_00527,-87.2659,-150.679,210.1,159.5,50.6,0,999.0
DIVINER_00528,-89.4362,-23.3947,227.5,172.6,54.9,0,999.0
DIVINER_00529,-81.3528,-74.6442,181.5,175.3,6.2,0,999.0
DIVINER_00530,-81.871,16.3541,220.8,183.8,37.0,0,999.0
DIVINER_00531,-80.0028,-131.9701,194.1,136.0,58.1,0,999.0
DIVINER_00532,-80.0336,68.9916,196.2,171.7,24.5,0,999.0
DIVINER_00533,-84.4457,106.2042,185.5,177.9,7.6,0,999.0
DIVINER_00534,-82.3101,-121.1924,76.7,26.2,50.5,1,0.0
DIVINER_00535,-80.5523,-142.4473,239.5,148.8,90.7,0,999.0
DIVINER_00536,-81.5035,-127.6144,50.1,28.7,21.4,1,0.0
DIVINER_00537,-87.5265,135.7659,235.7,158.6,77.1,0,999.0
DIVINER_00538,-85.4946,10.1481,189.8,161.8,27.9,0,999.0
DIVINER_00539,-88.7084,-11.786,192.2,139.7,52.5,0,999.0
DIVINER_00540,-80.4595,-141.5837,213.5,167.8,45.6,0,999.0
DIVINER_00541,-83.9383,53.8402,201.0,169.7,31.3,0,999.0
DIVINER_00542,-87.7136,132.4799,218.6,133.7,84.9,0,999.0
DIVINER_00543,-83.283,118.1469,205.3,151.1,54.3,0,999.0
DIVINER_00544,-83.8187,45.3797,228.7,149.5,79.1,0,999.0
DIVINER_00545,-86.4184,-152.8997,205.9,172.4,33.5,0,999.0
DIVINER_00546,-88.8644,-139.5371,214.3,166.7,47.7,0,999.0
DIVINER_00547,-83.2843,-162.2488,199.3,153.3,45.9,0,999.0
DIVINER_00548,-84.7969,-87.3075,222.2,165.7,56.6,0,999.0
DIVINER_00549,-82.2768,-131.1619,219.3,138.4,80.9,0,999.0
DIVINER_00550,-84.7984,-86.3827,203.8,136.3,67.6,0,999.0
DIVINER_00551,-81.4782,-41.3791,196.6,136.8,59.8,0,999.0
DIVINER_00552,-84.4809,159.4738,216.8,122.1,94.8,0,999.0
DIVINER_00553,-84.3906,39.7354,236.6,168.4,68.2,0,999.0
DIVINER_00554,-81.2335,120.5906,188.0,189.0,-1.1,0,999.0
DIVINER_00555,-85.9652,75.7265,227.9,141.6,86.3,0,999.0
DIVINER_00556,-88.6598,-139.4989,212.6,185.1,27.5,0,999.0
DIVINER_00557,-89.7122,84.9313,211.5,162.5,49.1,0,999.0
DIVINER_00558,-82.4486,-80.9644,237.7,135.7,102.0,0,999.0
DIVINER_00559,-83.7969,50.0788,216.4,120.8,95.5,0,999.0
DIVINER_00560,-82.9592,-57.2537,229.8,170.7,59.2,0,999.0
DIVINER_00561,-87.8704,179.162,210.9,168.8,42.1,0,999.0
DIVINER_00562,-88.6363,-85.1215,195.0,136.0,58.9,0,999.0
DIVINER_00563,-89.8546,-79.513,221.7,143.3,78.4,0,999.0
DIVINER_00564,-86.4941,155.042,235.4,182.9,52.5,0,999.0
DIVINER_00565,-84.1008,-171.128,230.5,131.0,99.5,0,999.0
DIVINER_00566,-86.0776,70.808,191.9,178.5,13.4,0,999.0
DIVINER_00567,-85.6253,81.1175,199.0,131.8,67.2,0,999.0
DIVINER_00568,-80.9584,121.0963,211.0,153.7,57.3,0,999.0
DIVINER_00569,-86.5174,170.7982,99.6,62.6,37.0,1,0.0
DIVINER_00570,-84.8601,171.2167,191.6,153.0,38.6,0,999.0
DIVINER_00571,-82.1635,-156.5004,193.8,140.2,53.6,0,999.0
DIVINER_00572,-86.0346,115.8622,41.0,42.7,-1.7,1,0.0
DIVINER_00573,-83.7791,52.6716,53.0,30.8,22.2,1,0.0
DIVINER_00574,-81.3764,53.0432,230.4,139.3,91.1,0,999.0
DIVINER_00575,-80.5048,-133.794,236.0,162.7,73.3,0,999.0
DIVINER_00576,-88.5293,54.0674,198.5,179.3,19.2,0,999.0
DIVINER_00577,-80.7341,173.6937,231.6,178.6,53.0,0,999.0
DIVINER_00578,-85.0788,148.2547,220.0,131.7,88.3,0,999.0
DIVINER_00579,-87.4176,-21.913,237.5,165.8,71.6,0,999.0
DIVINER_00580,-85.4086,-165.6187,196.3,162.2,34.2,0,999.0
DIVINER_00581,-80.1997,-49.5743,196.2,139.7,56.4,0,999.0
DIVINER_00582,-85.0738,117.5005,222.3,147.4,74.9,0,999.0
DIVINER_00583,-86.7125,72.5397,235.7,140.0,95.7,0,999.0
DIVINER_00584,-83.666,-14.6363,229.5,157.6,71.9,0,999.0
DIVINER_00585,-87.5985,-160.1634,223.6,176.3,47.4,0,999.0
DIVINER_00586,-89.2414,-26.3179,203.2,181.4,21.8,0,999.0
DIVINER_00587,-88.7112,-11.151,223.1,170.6,52.5,0,999.0
DIVINER_00588,-88.7195,154.28,228.1,153.8,74.2,0,999.0
DIVINER_00589,-88.481,50.791,225.2,187.1,38.1,0,999.0
DIVINER_00590,-88.6117,-67.805,220.6,159.5,61.1,0,999.0
DIVINER_00591,-83.5913,9.1146,182.8,153.5,29.3,0,999.0
DIVINER_00592,-88.1812,-156.2201,219.6,180.0,39.6,0,999.0
DIVINER_00593,-86.5433,170.1246,208.7,132.9,75.8,0,999.0
DIVINER_00594,-81.0321,-50.3784,237.7,131.1,106.6,0,999.0
DIVINER_00595,-85.2604,-7.9678,216.4,174.8,41.7,0,999.0
DIVINER_00596,-83.3244,-52.0978,216.5,180.9,35.6,0,999.0
DIVINER_00597,-88.2768,65.7042,239.6,125.1,114.5,0,999.0
DIVINER_00598,-88.0771,58.4036,185.6,173.5,12.1,0,999.0
DIVINER_00599,-89.5913,77.516,196.6,149.7,46.9,0,999.0
DIVINER_00600,-88.3106,-83.4684,219.4,169.3,50.1,0,999.0
DIVINER_00601,-87.2141,-66.3593,198.9,129.4,69.5,0,999.0
DIVINER_00602,-88.2299,-134.9096,200.8,188.1,12.7,0,999.0
DIVINER_00603,-89.113,55.9836,233.6,181.7,51.9,0,999.0
DIVINER_00604,-88.7936,-165.673,214.8,148.4,66.3,0,999.0
DIVINER_00605,-85.3922,35.1656,186.2,182.5,3.6,0,999.0
DIVINER_00606,-87.9367,133.0905,198.7,182.6,16.0,0,999.0
DIVINER_00607,-86.3573,140.6996,184.6,152.3,32.3,0,999.0
DIVINER_00608,-84.9658,-18.3464,213.4,186.3,27.1,0,999.0
DIVINER_00609,-83.0961,-14.6507,190.4,188.4,2.0,0,999.0
DIVINER_00610,-89.6069,-152.2911,231.4,135.2,96.2,0,999.0
DIVINER_00611,-82.0059,61.4754,214.6,124.7,90.0,0,999.0
DIVINER_00612,-83.721,115.6534,183.6,143.2,40.4,0,999.0
DIVINER_00613,-89.1824,-91.9242,198.1,154.2,43.8,0,999.0
DIVINER_00614,-81.2642,-28.3317,217.0,126.5,90.5,0,999.0
DIVINER_00615,-80.7913,121.9822,200.1,129.8,70.3,0,999.0
DIVINER_00616,-89.3892,135.7634,210.8,188.0,22.8,0,999.0
DIVINER_00617,-87.2312,-92.4552,234.6,171.6,63.0,0,999.0
DIVINER_00618,-81.938,18.2054,201.0,181.2,19.8,0,999.0
DIVINER_00619,-82.5174,-110.7025,200.2,188.0,12.2,0,999.0
DIVINER_00620,-88.1548,-143.3236,229.2,146.5,82.7,0,999.0
DIVINER_00621,-87.9065,148.0034,199.1,168.2,31.0,0,999.0
DIVINER_00622,-86.2953,115.3827,184.7,132.9,51.8,0,999.0
DIVINER_00623,-85.1548,93.6126,190.9,158.6,32.2,0,999.0
DIVINER_00624,-83.8175,-162.4441,236.9,134.7,102.2,0,999.0
DIVINER_00625,-86.3109,123.7424,236.0,131.2,104.8,0,999.0
DIVINER_00626,-85.3747,-22.3041,41.7,32.9,8.8,1,0.0
DIVINER_00627,-82.5253,-56.7378,213.2,160.6,52.6,0,999.0
DIVINER_00628,-89.6332,16.7315,188.2,186.5,1.8,0,999.0
DIVINER_00629,-87.4756,-147.1128,220.5,128.6,91.9,0,999.0
DIVINER_00630,-82.8665,92.3928,191.1,155.2,36.0,0,999.0
DIVINER_00631,-81.0479,29.6766,183.0,168.1,14.9,0,999.0
DIVINER_00632,-84.8832,-112.8276,229.5,154.7,74.8,0,999.0
DIVINER_00633,-84.6789,-112.2364,199.5,183.8,15.7,0,999.0
DIVINER_00634,-88.9283,-113.6705,186.5,131.6,54.9,0,999.0
DIVINER_00635,-85.5259,-159.4791,230.0,121.7,108.3,0,999.0
DIVINER_00636,-84.6738,31.6074,225.7,146.8,78.9,0,999.0
DIVINER_00637,-87.5753,122.5253,221.0,158.9,62.1,0,999.0
DIVINER_00638,-87.3076,-173.7006,234.7,137.8,96.9,0,999.0
DIVINER_00639,-86.2272,-162.3583,209.4,131.8,77.6,0,999.0
DIVINER_00640,-89.7993,26.1973,187.7,176.3,11.3,0,999.0
DIVINER_00641,-86.7792,115.0184,52.9,58.4,-5.5,1,0.0
DIVINER_00642,-87.8855,-62.374,199.1,151.0,48.1,0,999.0
DIVINER_00643,-86.725,-54.1388,185.2,186.8,-1.6,0,999.0
DIVINER_00644,-88.8024,34.6847,212.1,162.9,49.2,0,999.0
DIVINER_00645,-81.0947,-81.2834,180.9,154.8,26.0,0,999.0
DIVINER_00646,-84.0641,-170.421,206.6,145.2,61.4,0,999.0
DIVINER_00647,-83.209,84.6823,190.7,156.4,34.3,0,999.0
DIVINER_00648,-82.1083,45.234,202.1,171.4,30.7,0,999.0
DIVINER_00649,-85.0156,29.0722,220.5,177.6,42.9,0,999.0
DIVINER_00650,-89.1308,87.0063,201.1,165.5,35.6,0,999.0
DIVINER_00651,-84.6289,63.0831,200.5,175.3,25.2,0,999.0
DIVINER_00652,-84.1316,-105.8825,239.4,126.2,113.3,0,999.0
DIVINER_00653,-82.5456,-53.1068,223.1,121.0,102.1,0,999.0
DIVINER_00654,-85.6834,-134.6003,210.8,171.4,39.4,0,999.0
DIVINER_00655,-88.7242,-133.2515,214.8,138.3,76.4,0,999.0
DIVINER_00656,-87.1622,63.4305,217.2,181.4,35.8,0,999.0
DIVINER_00657,-86.3692,129.096,181.5,157.5,24.0,0,999.0
DIVINER_00658,-83.5408,166.5837,184.8,153.5,31.3,0,999.0
DIVINER_00659,-84.2922,46.205,219.0,174.1,44.9,0,999.0
DIVINER_00660,-86.439,-113.7235,201.9,171.9,30.0,0,999.0
DIVINER_00661,-80.1348,-141.9659,183.3,169.3,14.0,0,999.0
DIVINER_00662,-83.9423,112.6263,197.9,168.3,29.6,0,999.0
DIVINER_00663,-87.6277,28.3523,187.8,156.1,31.7,0,999.0
DIVINER_00664,-88.9822,42.5826,235.0,184.9,50.1,0,999.0
DIVINER_00665,-88.4714,101.3264,192.2,182.3,9.8,0,999.0
DIVINER_00666,-87.5404,73.1798,188.6,143.1,45.6,0,999.0
DIVINER_00667,-88.3932,120.405,217.6,176.3,41.2,0,999.0
DIVINER_00668,-88.1343,-159.763,211.3,182.4,28.9,0,999.0
DIVINER_00669,-87.149,89.1074,214.6,163.3,51.3,0,999.0
DIVINER_00670,-88.2663,126.307,206.2,158.9,47.3,0,999.0
DIVINER_00671,-81.0323,-76.9914,208.0,167.0,41.0,0,999.0
DIVINER_00672,-89.1977,50.561,226.7,131.4,95.3,0,999.0
DIVINER_00673,-84.7549,-66.9017,193.2,126.1,67.1,0,999.0
DIVINER_00674,-85.896,164.8696,203.8,177.4,26.4,0,999.0
DIVINER_00675,-80.1762,-167.9675,237.5,160.1,77.3,0,999.0
DIVINER_00676,-88.8796,28.7254,191.4,128.6,62.8,0,999.0
DIVINER_00677,-86.0214,-120.0587,197.6,149.1,48.5,0,999.0
DIVINER_00678,-80.3053,76.3993,191.5,140.9,50.6,0,999.0
DIVINER_00679,-81.3449,-116.6795,181.2,181.3,-0.1,0,999.0
DIVINER_00680,-81.8293,-95.262,196.2,155.5,40.7,0,999.0
DIVINER_00681,-87.421,-2.0265,182.8,160.4,22.4,0,999.0
DIVINER_00682,-88.2911,149.3406,189.3,136.5,52.8,0,999.0
DIVINER_00683,-83.3136,-103.7828,201.8,175.9,25.8,0,999.0
DIVINER_00684,-80.7062,-128.0736,181.2,185.1,-3.9,0,999.0
DIVINER_00685,-84.4324,93.2317,225.2,175.5,49.7,0,999.0
DIVINER_00686,-84.2839,0.223,227.7,154.5,73.2,0,999.0
DIVINER_00687,-87.2002,148.2426,204.7,178.5,26.2,0,999.0
DIVINER_00688,-82.3051,-127.2188,239.1,133.2,105.9,0,999.0
DIVINER_00689,-88.1296,52.534,220.7,127.9,92.8,0,999.0
DIVINER_00690,-86.7632,-96.1635,224.6,150.7,73.9,0,999.0
DIVINER_00691,-85.7456,-123.5662,191.5,132.7,58.8,0,999.0
DIVINER_00692,-84.9239,66.0346,230.2,138.1,92.1,0,999.0
DIVINER_00693,-87.5759,33.7265,236.7,161.0,75.7,0,999.0
DIVINER_00694,-88.8516,91.7379,194.2,148.3,45.9,0,999.0
DIVINER_00695,-83.8938,-68.5935,221.2,180.6,40.6,0,999.0
DIVINER_00696,-87.1137,-18.7302,80.3,47.2,33.1,1,0.0
DIVINER_00697,-84.1876,-34.0302,198.3,189.8,8.5,0,999.0
DIVINER_00698,-88.4564,174.2722,208.5,145.2,63.3,0,999.0
DIVINER_00699,-85.1886,-74.7904,185.9,156.1,29.8,0,999.0
DIVINER_00700,-84.6741,-73.8658,190.4,129.3,61.1,0,999.0
DIVINER_00701,-89.4818,-52.3626,183.7,160.6,23.1,0,999.0
DIVINER_00702,-86.634,23.2539,213.6,187.3,26.3,0,999.0
DIVINER_00703,-88.6559,-89.1638,217.5,172.5,45.1,0,999.0
DIVINER_00704,-89.3663,149.5044,235.0,137.1,97.9,0,999.0
DIVINER_00705,-80.1004,-84.3532,212.5,151.0,61.5,0,999.0
DIVINER_00706,-86.7765,142.4937,195.6,149.8,45.9,0,999.0
DIVINER_00707,-81.9013,-142.749,183.6,126.9,56.7,0,999.0
DIVINER_00708,-87.4536,56.3626,233.1,182.0,51.1,0,999.0
DIVINER_00709,-83.185,146.5148,208.7,146.7,62.0,0,999.0
DIVINER_00710,-82.3977,-119.2502,224.2,154.6,69.6,0,999.0
DIVINER_00711,-84.0436,168.5977,180.9,140.4,40.5,0,999.0
DIVINER_00712,-85.2842,-16.962,209.3,130.7,78.6,0,999.0
DIVINER_00713,-85.8816,160.4574,199.5,183.1,16.4,0,999.0
DIVINER_00714,-86.5113,63.6552,181.8,122.6,59.2,0,999.0
DIVINER_00715,-80.7047,-71.4287,226.5,148.0,78.5,0,999.0
DIVINER_00716,-81.6938,-112.2111,210.8,171.1,39.6,0,999.0
DIVINER_00717,-80.3497,-70.6554,200.0,141.6,58.4,0,999.0
DIVINER_00718,-88.757,-146.5137,228.3,151.2,77.1,0,999.0
DIVINER_00719,-82.6913,-128.2075,206.8,159.5,47.3,0,999.0
DIVINER_00720,-80.6166,-142.3222,180.2,189.7,-9.4,0,999.0
DIVINER_00721,-88.1877,-27.7403,236.7,173.1,63.6,0,999.0
DIVINER_00722,-89.335,106.4082,195.3,187.7,7.6,0,999.0
DIVINER_00723,-82.5888,-129.1019,92.2,28.7,63.5,1,0.0
DIVINER_00724,-84.2553,-133.0846,229.0,138.8,90.2,0,999.0
DIVINER_00725,-81.5817,51.6344,189.7,140.1,49.6,0,999.0
DIVINER_00726,-88.6023,-109.0141,208.4,177.6,30.9,0,999.0
DIVINER_00727,-82.0473,-144.8604,182.4,149.9,32.5,0,999.0
DIVINER_00728,-87.9837,-119.9345,201.3,145.9,55.4,0,999.0
DIVINER_00729,-88.3634,152.5433,223.9,186.2,37.7,0,999.0
DIVINER_00730,-88.3573,115.7297,194.2,120.9,73.3,0,999.0
DIVINER_00731,-81.8543,-52.5368,187.0,156.7,30.3,0,999.0
DIVINER_00732,-83.348,56.0955,210.4,174.3,36.2,0,999.0
DIVINER_00733,-84.7693,13.4192,212.2,171.5,40.7,0,999.0
DIVINER_00734,-86.4117,63.7647,220.5,145.7,74.8,0,999.0
DIVINER_00735,-81.228,65.7616,225.5,157.5,68.1,0,999.0
DIVINER_00736,-86.0755,46.3442,221.7,120.4,101.4,0,999.0
DIVINER_00737,-81.834,-84.2035,230.7,157.4,73.3,0,999.0
DIVINER_00738,-85.6087,-165.9577,193.4,161.3,32.0,0,999.0
DIVINER_00739,-86.2306,-15.996,214.2,181.2,33.0,0,999.0
DIVINER_00740,-85.3732,140.7506,201.6,134.8,66.9,0,999.0
DIVINER_00741,-86.9862,25.019,237.7,177.8,60.0,0,999.0
DIVINER_00742,-82.5239,119.6608,206.4,170.3,36.2,0,999.0
DIVINER_00743,-84.9728,176.9848,237.6,166.6,71.0,0,999.0
DIVINER_00744,-87.6779,-121.0982,226.1,147.6,78.5,0,999.0
DIVINER_00745,-81.0043,69.04,223.1,145.7,77.4,0,999.0
DIVINER_00746,-86.1611,62.7457,209.5,169.2,40.3,0,999.0
DIVINER_00747,-84.5645,172.784,206.6,189.3,17.3,0,999.0
DIVINER_00748,-80.9353,174.8163,211.6,148.4,63.2,0,999.0
DIVINER_00749,-83.7576,67.2043,197.6,184.3,13.3,0,999.0
DIVINER_00750,-88.831,-92.2987,234.3,161.1,73.2,0,999.0
DIVINER_00751,-80.6017,107.4801,227.7,180.8,46.9,0,999.0
DIVINER_00752,-83.7229,-141.4695,88.8,43.0,45.7,1,0.0
DIVINER_00753,-86.6509,101.0517,98.9,32.7,66.2,1,0.0
DIVINER_00754,-88.6073,147.6706,184.3,178.4,5.8,0,999.0
DIVINER_00755,-82.0597,-42.18,221.0,178.3,42.7,0,999.0
DIVINER_00756,-83.7993,47.0287,202.5,174.9,27.5,0,999.0
DIVINER_00757,-84.6654,-25.1486,232.2,141.3,90.9,0,999.0
DIVINER_00758,-81.0611,-22.4046,82.5,39.3,43.3,1,0.0
DIVINER_00759,-82.114,-68.2665,188.7,141.0,47.7,0,999.0
DIVINER_00760,-88.4833,94.3667,216.1,144.0,72.1,0,999.0
DIVINER_00761,-86.8828,157.0236,221.5,141.1,80.4,0,999.0
DIVINER_00762,-87.5151,158.6703,214.1,139.9,74.2,0,999.0
DIVINER_00763,-82.5605,-117.0787,210.8,168.5,42.3,0,999.0
DIVINER_00764,-89.6647,134.9077,193.7,165.5,28.2,0,999.0
DIVINER_00765,-84.3011,85.4753,194.2,134.3,59.9,0,999.0
DIVINER_00766,-82.3754,-88.9785,226.1,168.4,57.7,0,999.0
DIVINER_00767,-81.2323,-155.7775,181.1,140.4,40.7,0,999.0
DIVINER_00768,-86.5792,-83.521,41.6,50.2,-8.6,1,0.0
DIVINER_00769,-81.7874,148.395,211.6,172.3,39.3,0,999.0
DIVINER_00770,-88.8937,47.9443,236.2,145.4,90.8,0,999.0
DIVINER_00771,-81.5355,79.5797,239.8,159.9,80.0,0,999.0
DIVINER_00772,-88.7251,-87.4252,219.8,134.0,85.8,0,999.0
DIVINER_00773,-86.0271,78.9797,204.7,163.0,41.8,0,999.0
DIVINER_00774,-82.027,-169.8763,208.5,134.6,73.9,0,999.0
DIVINER_00775,-88.5008,-44.8843,192.3,131.7,60.6,0,999.0
DIVINER_00776,-87.7075,45.6312,186.0,147.1,38.9,0,999.0
DIVINER_00777,-82.7775,-127.4052,214.7,175.3,39.4,0,999.0
DIVINER_00778,-82.7996,116.2813,228.3,132.4,96.0,0,999.0
DIVINER_00779,-83.5885,-95.3887,195.7,128.2,67.5,0,999.0
DIVINER_00780,-83.0605,54.8212,205.2,122.2,83.0,0,999.0
DIVINER_00781,-84.5728,-34.129,213.3,149.1,64.2,0,999.0
DIVINER_00782,-87.482,34.5757,234.5,139.7,94.7,0,999.0
DIVINER_00783,-86.543,-141.3178,188.3,140.4,47.9,0,999.0
DIVINER_00784,-88.184,-173.9114,194.2,188.7,5.5,0,999.0
DIVINER_00785,-80.9155,147.4432,235.1,133.6,101.5,0,999.0
DIVINER_00786,-84.1661,-82.9332,81.5,27.3,54.2,1,0.0
DIVINER_00787,-85.9915,115.0837,219.4,189.0,30.3,0,999.0
DIVINER_00788,-85.3799,179.7661,218.4,122.1,96.2,0,999.0
DIVINER_00789,-80.5272,-103.8847,203.0,168.8,34.2,0,999.0
DIVINER_00790,-88.4665,-84.5385,208.1,146.0,62.1,0,999.0
DIVINER_00791,-84.1377,58.6295,231.3,183.4,47.9,0,999.0
DIVINER_00792,-84.9411,167.5615,189.9,183.8,6.1,0,999.0
DIVINER_00793,-83.8855,149.6932,193.9,147.1,46.8,0,999.0
DIVINER_00794,-89.8189,1.0352,45.6,43.2,2.4,1,0.0
DIVINER_00795,-81.2788,106.2397,204.6,150.0,54.6,0,999.0
DIVINER_00796,-80.6788,-131.1315,214.5,187.6,26.9,0,999.0
DIVINER_00797,-84.3487,171.8777,235.3,139.7,95.6,0,999.0
DIVINER_00798,-83.0335,167.1672,235.0,188.7,46.3,0,999.0
DIVINER_00799,-80.775,-121.0576,193.8,177.4,16.4,0,999.0
DIVINER_00800,-82.9276,-72.2077,198.1,138.7,59.4,0,999.0
DIVINER_00801,-88.4746,-143.9442,189.7,175.4,14.3,0,999.0
DIVINER_00802,-84.2371,-82.1817,235.7,123.5,112.2,0,999.0
DIVINER_00803,-83.9328,113.7441,203.9,158.4,45.5,0,999.0
DIVINER_00804,-85.7587,-43.8064,207.0,145.0,62.0,0,999.0
DIVINER_00805,-82.6356,-148.1771,228.2,149.9,78.3,0,999.0
DIVINER_00806,-80.6563,-56.7988,210.8,153.1,57.7,0,999.0
DIVINER_00807,-80.7443,173.298,187.2,155.2,32.0,0,999.0
DIVINER_00808,-85.4916,46.6861,206.3,165.9,40.3,0,999.0
DIVINER_00809,-88.8676,-30.1821,217.8,168.8,49.1,0,999.0
DIVINER_00810,-80.1516,-120.0461,223.2,188.3,34.9,0,999.0
DIVINER_00811,-81.611,175.0236,218.7,173.4,45.3,0,999.0
DIVINER_00812,-88.7534,115.5056,187.2,168.1,19.0,0,999.0
DIVINER_00813,-80.7916,-78.6682,198.3,147.5,50.8,0,999.0
DIVINER_00814,-81.301,-154.7753,224.0,128.2,95.8,0,999.0
DIVINER_00815,-84.8116,-159.6148,232.8,124.1,108.7,0,999.0
DIVINER_00816,-84.0872,-136.6639,182.8,153.4,29.4,0,999.0
DIVINER_00817,-86.01,29.0767,182.5,166.8,15.8,0,999.0
DIVINER_00818,-89.4524,154.3548,218.6,165.5,53.1,0,999.0
DIVINER_00819,-86.648,-1.1724,212.9,186.7,26.2,0,999.0
DIVINER_00820,-81.9715,123.4604,189.3,146.8,42.6,0,999.0
DIVINER_00821,-89.9537,-19.4808,212.9,163.9,49.0,0,999.0
DIVINER_00822,-86.665,75.0901,238.5,182.2,56.3,0,999.0
DIVINER_00823,-86.0183,83.4742,217.9,148.3,69.6,0,999.0
DIVINER_00824,-84.626,-117.3731,76.1,30.2,45.9,1,0.0
DIVINER_00825,-80.8014,-49.9622,229.7,184.6,45.0,0,999.0
DIVINER_00826,-86.5365,49.4288,192.8,158.5,34.3,0,999.0
DIVINER_00827,-86.5305,-154.5492,204.9,176.0,28.9,0,999.0
DIVINER_00828,-82.625,-49.8455,211.7,185.5,26.2,0,999.0
DIVINER_00829,-85.4778,12.5278,210.3,160.0,50.3,0,999.0
DIVINER_00830,-87.754,178.6408,235.3,127.6,107.6,0,999.0
DIVINER_00831,-85.4756,-9.1679,105.0,50.1,54.9,1,0.0
DIVINER_00832,-88.5914,113.7804,183.4,177.2,6.1,0,999.0
DIVINER_00833,-88.2361,-24.4558,235.0,128.0,106.9,0,999.0
DIVINER_00834,-85.0163,106.7007,193.0,158.4,34.7,0,999.0
DIVINER_00835,-85.8107,34.3493,202.7,154.1,48.6,0,999.0
DIVINER_00836,-80.8515,139.1744,211.9,179.3,32.6,0,999.0
DIVINER_00837,-86.3761,-32.0607,238.6,139.2,99.3,0,999.0
DIVINER_00838,-84.1941,37.5496,212.1,149.8,62.3,0,999.0
DIVINER_00839,-83.6774,46.8067,206.9,162.3,44.5,0,999.0
DIVINER_00840,-89.8691,-29.7421,215.0,156.2,58.8,0,999.0
DIVINER_00841,-83.3646,-128.0477,238.2,186.9,51.4,0,999.0
DIVINER_00842,-88.2196,-146.3186,229.1,187.2,41.8,0,999.0
DIVINER_00843,-80.3893,-173.9982,190.1,125.7,64.4,0,999.0
DIVINER_00844,-88.5134,134.4723,61.3,38.3,23.0,1,0.0
DIVINER_00845,-85.8538,-94.869,230.5,120.5,109.9,0,999.0
DIVINER_00846,-89.1465,-103.8576,221.4,149.3,72.2,0,999.0
DIVINER_00847,-80.0313,84.9727,64.0,26.0,38.0,1,0.0
DIVINER_00848,-84.978,-64.7942,206.5,153.0,53.5,0,999.0
DIVINER_00849,-84.0461,2.1761,218.5,124.7,93.8,0,999.0
DIVINER_00850,-89.3292,-121.496,224.3,133.7,90.5,0,999.0
DIVINER_00851,-82.5004,165.5085,187.4,132.1,55.2,0,999.0
DIVINER_00852,-87.9009,126.5693,195.4,155.8,39.7,0,999.0
DIVINER_00853,-81.0195,130.9643,191.6,167.4,24.2,0,999.0
DIVINER_00854,-87.9486,-33.5615,230.5,142.1,88.3,0,999.0
DIVINER_00855,-88.0931,94.45,220.8,129.1,91.7,0,999.0
DIVINER_00856,-89.6345,-128.2046,207.0,175.9,31.1,0,999.0
DIVINER_00857,-85.2793,-176.8972,229.6,180.1,49.5,0,999.0
DIVINER_00858,-84.3516,-172.8097,223.0,139.4,83.7,0,999.0
DIVINER_00859,-89.3429,31.1766,234.8,149.5,85.4,0,999.0
DIVINER_00860,-82.2447,-16.0578,184.6,125.7,58.9,0,999.0
DIVINER_00861,-85.4671,6.4855,210.5,135.9,74.6,0,999.0
DIVINER_00862,-84.7561,-177.3133,222.4,173.7,48.7,0,999.0
DIVINER_00863,-85.5924,-27.8328,192.4,145.6,46.9,0,999.0
DIVINER_00864,-85.9924,78.5045,199.6,162.3,37.3,0,999.0
DIVINER_00865,-84.4036,-20.6303,205.1,186.2,18.9,0,999.0
DIVINER_00866,-88.4476,83.5989,227.7,170.7,57.0,0,999.0
DIVINER_00867,-88.1807,-96.1132,209.6,151.7,57.9,0,999.0
DIVINER_00868,-81.3821,112.7311,209.6,145.7,63.9,0,999.0
DIVINER_00869,-80.5388,31.8352,205.9,133.3,72.5,0,999.0
DIVINER_00870,-86.2669,-104.1253,193.7,172.9,20.8,0,999.0
DIVINER_00871,-87.2926,-94.7806,235.4,127.9,107.5,0,999.0
DIVINER_00872,-83.56,46.091,199.1,124.3,74.8,0,999.0
DIVINER_00873,-85.9127,118.7783,214.0,127.3,86.7,0,999.0
DIVINER_00874,-89.7461,-30.374,188.9,137.0,51.9,0,999.0
DIVINER_00875,-88.4385,-87.0118,206.1,163.9,42.2,0,999.0
DIVINER_00876,-82.8403,132.1242,234.2,180.3,53.9,0,999.0
DIVINER_00877,-83.4108,60.9366,239.7,189.5,50.2,0,999.0
DIVINER_00878,-89.729,-18.6892,201.7,171.2,30.5,0,999.0
DIVINER_00879,-87.7803,-4.3559,64.6,57.1,7.5,1,0.0
DIVINER_00880,-87.6893,-106.4677,198.9,139.4,59.4,0,999.0
DIVINER_00881,-83.2811,45.6489,199.6,129.2,70.4,0,999.0
DIVINER_00882,-89.8029,-50.8527,218.7,128.1,90.6,0,999.0
DIVINER_00883,-88.9589,178.4323,209.8,159.7,50.0,0,999.0
DIVINER_00884,-82.0008,-7.1339,226.1,183.5,42.6,0,999.0
DIVINER_00885,-88.2146,-5.0812,222.1,167.9,54.2,0,999.0
DIVINER_00886,-83.4725,23.7066,195.1,176.0,19.0,0,999.0
DIVINER_00887,-87.6182,150.0322,227.1,155.6,71.5,0,999.0
DIVINER_00888,-89.0056,108.2945,230.8,153.3,77.6,0,999.0
DIVINER_00889,-87.5683,-17.5932,215.9,185.6,30.3,0,999.0
DIVINER_00890,-82.7773,78.7317,235.7,170.5,65.1,0,999.0
DIVINER_00891,-81.443,31.0448,227.0,152.2,74.8,0,999.0
DIVINER_00892,-81.6978,-2.7479,52.9,38.7,14.2,1,0.0
DIVINER_00893,-86.0282,-110.7663,80.1,65.9,14.1,1,0.0
DIVINER_00894,-83.3191,-12.9829,216.0,177.5,38.6,0,999.0
DIVINER_00895,-87.9502,-91.5053,211.3,131.9,79.4,0,999.0
DIVINER_00896,-87.0685,149.3432,201.4,156.1,45.3,0,999.0
DIVINER_00897,-81.0366,-59.2535,233.0,164.6,68.4,0,999.0
DIVINER_00898,-89.87,162.815,187.4,172.1,15.3,0,999.0
DIVINER_00899,-89.1449,11.8999,208.4,125.8,82.6,0,999.0
DIVINER_00900,-87.9211,47.356,212.2,120.7,91.5,0,999.0
DIVINER_00901,-89.7347,15.4586,213.3,169.4,43.9,0,999.0
DIVINER_00902,-88.1856,-133.423,219.1,151.8,67.3,0,999.0
DIVINER_00903,-84.1696,-44.7044,210.3,132.7,77.7,0,999.0
DIVINER_00904,-85.7858,-144.3074,93.9,36.4,57.4,1,0.0
DIVINER_00905,-81.0733,44.2635,231.4,175.4,56.0,0,999.0
DIVINER_00906,-81.8256,-19.1253,219.5,160.5,59.0,0,999.0
DIVINER_00907,-86.5818,100.0746,231.5,169.1,62.3,0,999.0
DIVINER_00908,-87.4058,-100.6306,196.6,130.9,65.7,0,999.0
DIVINER_00909,-86.2031,-120.7562,218.2,187.4,30.9,0,999.0
DIVINER_00910,-84.0971,-33.7204,222.9,189.7,33.1,0,999.0
DIVINER_00911,-87.3194,153.5707,203.0,165.4,37.6,0,999.0
DIVINER_00912,-83.7585,75.7519,228.7,166.8,62.0,0,999.0
DIVINER_00913,-85.9059,-29.1875,180.2,169.3,10.8,0,999.0
DIVINER_00914,-84.4795,6.218,215.7,166.6,49.1,0,999.0
DIVINER_00915,-85.6387,-149.6833,216.8,150.7,66.1,0,999.0
DIVINER_00916,-87.0553,174.4473,212.0,157.8,54.2,0,999.0
DIVINER_00917,-80.5155,59.9066,217.8,139.8,78.0,0,999.0
DIVINER_00918,-82.3639,-77.2545,190.0,151.3,38.8,0,999.0
DIVINER_00919,-88.5989,30.891,221.1,150.5,70.6,0,999.0
DIVINER_00920,-81.3153,-140.5863,200.1,140.2,60.0,0,999.0
DIVINER_00921,-85.1257,167.7012,207.1,175.1,32.1,0,999.0
DIVINER_00922,-81.0545,-117.0774,200.0,148.7,51.3,0,999.0
DIVINER_00923,-82.0014,53.2909,208.4,158.6,49.8,0,999.0
DIVINER_00924,-85.7479,-91.6364,217.3,130.9,86.4,0,999.0
DIVINER_00925,-89.7753,78.3221,230.3,153.2,77.1,0,999.0
DIVINER_00926,-87.3132,99.6557,209.0,173.3,35.7,0,999.0
DIVINER_00927,-84.5837,62.4311,199.4,151.1,48.3,0,999.0
DIVINER_00928,-83.6652,41.2198,209.3,159.0,50.2,0,999.0
DIVINER_00929,-87.4211,141.2889,221.3,169.1,52.2,0,999.0
DIVINER_00930,-88.6064,-151.6944,200.8,147.2,53.6,0,999.0
DIVINER_00931,-81.6507,-60.8707,204.9,144.7,60.1,0,999.0
DIVINER_00932,-80.156,-90.6165,213.8,126.0,87.8,0,999.0
DIVINER_00933,-84.7431,175.685,197.6,160.8,36.9,0,999.0
DIVINER_00934,-88.2832,-39.8197,192.5,169.5,23.1,0,999.0
DIVINER_00935,-87.2769,83.7406,188.4,160.7,27.7,0,999.0
DIVINER_00936,-89.8161,66.5011,201.2,139.8,61.3,0,999.0
DIVINER_00937,-80.857,-103.6508,182.9,138.4,44.5,0,999.0
DIVINER_00938,-88.8225,-93.9608,215.0,131.2,83.8,0,999.0
DIVINER_00939,-84.2348,-78.7376,190.6,123.3,67.3,0,999.0
DIVINER_00940,-87.2594,-31.9942,202.6,149.9,52.8,0,999.0
DIVINER_00941,-84.4582,-95.643,196.2,131.2,64.9,0,999.0
DIVINER_00942,-83.4858,-172.9255,217.8,168.4,49.5,0,999.0
DIVINER_00943,-81.7026,136.5815,231.0,187.3,43.7,0,999.0
DIVINER_00944,-87.9358,167.6195,218.0,125.1,92.9,0,999.0
DIVINER_00945,-89.89,-57.0347,47.7,52.4,-4.8,1,0.0
DIVINER_00946,-88.6311,-58.1375,220.1,166.0,54.1,0,999.0
DIVINER_00947,-80.9998,-177.4469,181.8,180.2,1.6,0,999.0
DIVINER_00948,-81.2611,64.8902,187.4,130.8,56.5,0,999.0
DIVINER_00949,-84.0259,117.1584,185.7,183.5,2.2,0,999.0
DIVINER_00950,-83.9948,-127.221,185.9,187.1,-1.2,0,999.0
DIVINER_00951,-83.3496,-122.5201,195.6,183.5,12.2,0,999.0
DIVINER_00952,-88.2463,104.43,211.9,175.0,36.9,0,999.0
DIVINER_00953,-80.8559,41.8647,186.9,126.3,60.6,0,999.0
DIVINER_00954,-85.8123,-163.8502,236.1,135.5,100.7,0,999.0
DIVINER_00955,-86.1686,44.1169,231.3,183.9,47.3,0,999.0
DIVINER_00956,-84.8108,-68.7896,41.5,29.6,12.0,1,0.0
DIVINER_00957,-89.5303,-47.2589,182.6,144.3,38.2,0,999.0
DIVINER_00958,-88.3372,97.1033,231.1,123.5,107.6,0,999.0
DIVINER_00959,-82.6197,111.9367,228.2,164.0,64.3,0,999.0
DIVINER_00960,-89.172,-35.8716,234.1,159.4,74.7,0,999.0
DIVINER_00961,-83.9685,160.9751,211.7,187.3,24.4,0,999.0
DIVINER_00962,-87.5465,-33.6734,227.3,182.5,44.8,0,999.0
DIVINER_00963,-86.107,97.861,183.1,155.4,27.7,0,999.0
DIVINER_00964,-87.1131,-5.8042,184.6,162.7,21.9,0,999.0
DIVINER_00965,-86.4433,143.1116,187.1,148.9,38.2,0,999.0
DIVINER_00966,-82.8095,146.794,234.9,129.3,105.6,0,999.0
DIVINER_00967,-87.0288,-148.5299,183.7,180.7,2.9,0,999.0
DIVINER_00968,-84.336,157.1376,186.0,158.5,27.5,0,999.0
DIVINER_00969,-85.2395,117.1925,235.8,149.8,86.0,0,999.0
DIVINER_00970,-83.3633,104.8719,186.4,124.8,61.7,0,999.0
DIVINER_00971,-80.6317,-107.6719,232.2,166.6,65.6,0,999.0
DIVINER_00972,-82.6743,109.8429,227.4,148.0,79.4,0,999.0
DIVINER_00973,-87.8506,126.0478,182.4,137.8,44.7,0,999.0
DIVINER_00974,-89.6882,-75.9059,181.3,181.4,-0.1,0,999.0
DIVINER_00975,-87.3774,162.8136,212.1,132.9,79.2,0,999.0
DIVINER_00976,-84.0492,-162.0503,239.8,156.1,83.8,0,999.0
DIVINER_00977,-89.4857,-126.0327,232.7,175.7,57.0,0,999.0
DIVINER_00978,-85.0363,13.5292,198.6,179.4,19.2,0,999.0
DIVINER_00979,-84.0316,27.2853,203.2,177.3,25.9,0,999.0
DIVINER_00980,-86.6576,52.254,203.3,182.8,20.5,0,999.0
DIVINER_00981,-82.2909,-173.8911,224.1,130.0,94.1,0,999.0
DIVINER_00982,-88.934,165.732,200.5,185.8,14.6,0,999.0
DIVINER_00983,-89.2486,-163.9483,188.9,120.8,68.1,0,999.0
DIVINER_00984,-82.7181,-128.4977,224.8,137.9,86.9,0,999.0
DIVINER_00985,-85.0451,-174.9548,207.5,125.9,81.6,0,999.0
DIVINER_00986,-83.116,24.069,184.6,186.2,-1.6,0,999.0
DIVINER_00987,-85.6517,155.6161,88.2,44.5,43.7,1,0.0
DIVINER_00988,-87.536,59.741,215.1,142.1,73.0,0,999.0
DIVINER_00989,-81.809,116.1567,209.4,131.7,77.7,0,999.0
DIVINER_00990,-82.0058,-175.2188,220.4,130.9,89.5,0,999.0
DIVINER_00991,-83.053,15.1255,210.3,163.0,47.3,0,999.0
DIVINER_00992,-87.2785,-14.5573,218.9,123.3,95.6,0,999.0
DIVINER_00993,-84.0977,-0.3715,232.0,161.6,70.4,0,999.0
DIVINER_00994,-86.3903,-154.0033,216.8,174.2,42.6,0,999.0
DIVINER_00995,-89.0842,66.3967,219.6,162.1,57.5,0,999.0
DIVINER_00996,-80.8269,1.1593,216.8,177.9,39.0,0,999.0
DIVINER_00997,-88.6318,95.4536,211.9,138.6,73.3,0,999.0
DIVINER_00998,-80.4976,-5.2954,190.3,125.4,64.9,0,999.0
DIVINER_00999,-85.5399,-126.2226,200.1,170.5,29.7,0,999.0
DIVINER_01000,-88.1487,53.3725,101.5,36.0,65.6,1,0.0
DIVINER_01001,-84.581,-117.9409,205.5,155.1,50.4,0,999.0
DIVINER_01002,-81.2705,134.062,204.4,177.4,26.9,0,999.0
DIVINER_01003,-82.6778,40.7218,225.6,152.1,73.5,0,999.0
DIVINER_01004,-81.9344,-123.4066,180.3,133.9,46.4,0,999.0
DIVINER_01005,-83.4122,166.4417,220.7,153.2,67.5,0,999.0
DIVINER_01006,-83.0772,6.6116,209.4,135.1,74.2,0,999.0
DIVINER_01007,-81.508,-153.7566,202.6,153.0,49.6,0,999.0
DIVINER_01008,-87.5033,45.6598,200.4,130.3,70.1,0,999.0
DIVINER_01009,-85.1058,-88.8484,190.4,133.0,57.4,0,999.0
DIVINER_01010,-87.7879,109.3296,91.6,25.3,66.3,1,0.0
DIVINER_01011,-80.1233,114.4159,203.5,128.1,75.4,0,999.0
DIVINER_01012,-80.5594,172.421,206.2,135.7,70.5,0,999.0
DIVINER_01013,-89.6057,0.673,220.3,189.7,30.7,0,999.0
DIVINER_01014,-82.9442,-16.2155,207.2,160.3,46.9,0,999.0
DIVINER_01015,-80.7475,91.2512,227.8,161.0,66.8,0,999.0
DIVINER_01016,-88.1942,-132.3106,218.4,179.1,39.2,0,999.0
DIVINER_01017,-84.3205,16.8896,191.4,156.7,34.7,0,999.0
DIVINER_01018,-80.8451,16.6491,196.6,135.5,61.1,0,999.0
DIVINER_01019,-89.6605,-147.7897,184.8,149.6,35.2,0,999.0
DIVINER_01020,-83.0258,-29.5257,236.7,172.9,63.9,0,999.0
DIVINER_01021,-87.0265,127.1825,233.2,181.1,52.1,0,999.0
DIVINER_01022,-80.756,128.2153,185.1,139.1,46.0,0,999.0
DIVINER_01023,-80.2894,-144.2744,214.4,138.3,76.1,0,999.0
DIVINER_01024,-80.5573,-147.3405,237.6,142.9,94.7,0,999.0
DIVINER_01025,-85.2579,-85.4296,224.8,161.7,63.1,0,999.0
DIVINER_01026,-81.3796,134.9158,209.5,139.5,70.0,0,999.0
DIVINER_01027,-81.5545,-133.5951,194.5,182.5,11.9,0,999.0
DIVINER_01028,-86.809,79.1988,196.7,188.5,8.3,0,999.0
DIVINER_01029,-81.7108,-143.5804,224.2,167.5,56.6,0,999.0
DIVINER_01030,-89.6299,44.3296,226.8,187.9,38.9,0,999.0
DIVINER_01031,-84.0373,-51.8158,211.7,140.1,71.6,0,999.0
DIVINER_01032,-87.6999,104.009,187.3,177.1,10.2,0,999.0
DIVINER_01033,-88.7943,-95.8714,236.0,167.5,68.5,0,999.0
DIVINER_01034,-89.2305,50.1127,230.7,138.4,92.3,0,999.0
DIVINER_01035,-83.0371,-95.1543,188.4,142.3,46.1,0,999.0
DIVINER_01036,-86.6013,76.9177,183.4,154.2,29.2,0,999.0
DIVINER_01037,-82.7523,134.5241,212.2,175.4,36.7,0,999.0
DIVINER_01038,-89.3464,-134.3514,197.0,181.1,16.0,0,999.0
DIVINER_01039,-86.8471,131.9744,197.0,164.4,32.6,0,999.0
DIVINER_01040,-84.6051,33.6871,185.2,170.5,14.7,0,999.0
DIVINER_01041,-82.0928,-134.2402,237.2,138.5,98.7,0,999.0
DIVINER_01042,-86.8125,-26.0849,229.8,171.9,57.9,0,999.0
DIVINER_01043,-83.7411,-122.0903,186.8,162.3,24.5,0,999.0
DIVINER_01044,-81.1402,72.1252,232.6,135.6,97.0,0,999.0
DIVINER_01045,-83.8414,93.1925,221.0,186.5,34.5,0,999.0
DIVINER_01046,-87.6704,-141.9133,199.5,155.9,43.6,0,999.0
DIVINER_01047,-89.756,2.2103,232.3,175.6,56.7,0,999.0
DIVINER_01048,-81.299,113.265,215.9,156.8,59.1,0,999.0
DIVINER_01049,-89.7873,157.0187,230.9,185.3,45.6,0,999.0
DIVINER_01050,-81.253,4.8664,208.2,129.9,78.3,0,999.0
DIVINER_01051,-84.7106,162.1005,210.0,158.2,51.8,0,999.0
DIVINER_01052,-80.6093,12.848,197.5,121.8,75.7,0,999.0
DIVINER_01053,-82.0122,-38.0914,203.3,133.8,69.4,0,999.0
DIVINER_01054,-80.0207,125.3531,214.1,139.7,74.4,0,999.0
DIVINER_01055,-86.4929,-2.5262,236.8,153.1,83.7,0,999.0
DIVINER_01056,-82.3281,-10.1151,216.0,177.4,38.6,0,999.0
DIVINER_01057,-85.9807,-3.4875,188.8,152.7,36.2,0,999.0
DIVINER_01058,-85.2012,124.8426,180.4,159.3,21.1,0,999.0
DIVINER_01059,-83.7249,119.499,231.1,184.7,46.4,0,999.0
DIVINER_01060,-81.2632,-34.7328,201.9,173.0,28.9,0,999.0
DIVINER_01061,-80.1592,-60.0121,198.9,123.5,75.4,0,999.0
DIVINER_01062,-82.3173,-2.9059,228.0,132.4,95.7,0,999.0
DIVINER_01063,-85.8223,26.1981,236.7,122.7,114.0,0,999.0
DIVINER_01064,-85.7864,-94.1986,224.9,124.8,100.0,0,999.0
DIVINER_01065,-82.6242,105.8238,190.4,143.7,46.7,0,999.0
DIVINER_01066,-87.6122,-4.8662,203.5,171.0,32.5,0,999.0
DIVINER_01067,-88.8953,-59.7436,225.6,137.1,88.5,0,999.0
DIVINER_01068,-86.4538,-141.5444,234.4,147.5,87.0,0,999.0
DIVINER_01069,-87.1276,-94.0157,239.9,147.6,92.3,0,999.0
DIVINER_01070,-87.0369,161.7412,210.7,161.3,49.4,0,999.0
DIVINER_01071,-87.6639,-70.1641,229.4,182.5,46.8,0,999.0
DIVINER_01072,-89.5791,-119.2107,182.8,188.8,-6.0,0,999.0
DIVINER_01073,-89.8213,-14.1578,197.1,162.3,34.8,0,999.0
DIVINER_01074,-80.1228,-69.4484,202.3,155.4,46.9,0,999.0
DIVINER_01075,-85.7223,-167.3427,238.5,167.7,70.8,0,999.0
DIVINER_01076,-86.1567,-63.6677,180.2,166.8,13.4,0,999.0
DIVINER_01077,-83.2035,15.8791,198.5,156.7,41.8,0,999.0
DIVINER_01078,-87.8175,18.6165,235.8,171.6,64.2,0,999.0
DIVINER_01079,-80.5004,-51.6388,198.4,154.4,44.0,0,999.0
DIVINER_01080,-82.1365,-18.971,193.5,189.8,3.8,0,999.0
DIVINER_01081,-89.1059,167.5865,223.8,123.4,100.4,0,999.0
DIVINER_01082,-85.8242,-44.1545,86.1,45.6,40.5,1,0.0
DIVINER_01083,-81.2088,-87.0383,208.3,147.8,60.5,0,999.0
DIVINER_01084,-80.5527,-92.3519,236.8,173.9,62.9,0,999.0
DIVINER_01085,-85.326,-15.2047,192.2,133.4,58.8,0,999.0
DIVINER_01086,-83.8659,93.4273,234.8,150.4,84.4,0,999.0
DIVINER_01087,-88.3297,-105.8443,225.3,168.9,56.5,0,999.0
DIVINER_01088,-80.0883,75.3466,202.1,162.2,39.9,0,999.0
DIVINER_01089,-87.6833,-172.3861,228.4,158.2,70.3,0,999.0
DIVINER_01090,-80.5727,-29.1841,74.7,69.6,5.0,1,0.0
DIVINER_01091,-83.5035,99.3114,187.9,172.6,15.2,0,999.0
DIVINER_01092,-83.9226,-58.0561,235.8,165.2,70.5,0,999.0
DIVINER_01093,-84.8731,22.9454,185.7,181.2,4.5,0,999.0
DIVINER_01094,-87.6933,-106.2075,180.2,171.3,8.9,0,999.0
DIVINER_01095,-88.2347,87.1183,203.3,129.8,73.5,0,999.0
DIVINER_01096,-87.7951,-161.1795,186.2,163.4,22.9,0,999.0
DIVINER_01097,-88.1356,126.9154,231.8,123.1,108.7,0,999.0
DIVINER_01098,-82.2042,-108.6493,235.4,147.1,88.2,0,999.0
DIVINER_01099,-86.4987,134.7833,208.9,148.8,60.1,0,999.0
DIVINER_01100,-89.4216,-53.0895,205.5,179.8,25.7,0,999.0
DIVINER_01101,-80.309,80.1661,212.3,132.6,79.7,0,999.0
DIVINER_01102,-81.1621,-65.0789,193.6,165.0,28.5,0,999.0
DIVINER_01103,-80.7225,146.1282,197.9,133.5,64.4,0,999.0
DIVINER_01104,-80.0509,-134.4106,186.1,186.4,-0.3,0,999.0
DIVINER_01105,-88.261,-115.7329,206.8,157.1,49.7,0,999.0
DIVINER_01106,-86.0376,-2.5092,216.7,169.6,47.1,0,999.0
DIVINER_01107,-82.4176,-150.5022,94.8,27.4,67.4,1,0.0
DIVINER_01108,-83.0398,-109.4471,224.3,141.3,83.1,0,999.0
DIVINER_01109,-88.461,159.7559,223.4,183.1,40.3,0,999.0
DIVINER_01110,-81.8417,171.5363,198.5,163.9,34.6,0,999.0
DIVINER_01111,-87.7556,-44.5466,233.3,155.7,77.6,0,999.0
DIVINER_01112,-87.7618,152.383,236.8,157.0,79.8,0,999.0
DIVINER_01113,-84.6303,16.1369,235.9,182.3,53.6,0,999.0
DIVINER_01114,-84.0706,-82.8927,182.3,124.1,58.2,0,999.0
DIVINER_01115,-84.1991,72.8635,50.0,61.5,-11.5,1,0.0
DIVINER_01116,-89.0851,57.2047,218.6,178.9,39.7,0,999.0
DIVINER_01117,-81.2254,176.0851,197.7,122.6,75.1,0,999.0
DIVINER_01118,-87.344,-84.583,239.5,164.7,74.8,0,999.0
DIVINER_01119,-88.7049,61.9414,197.5,148.2,49.2,0,999.0
DIVINER_01120,-81.1125,-161.2714,193.0,134.3,58.7,0,999.0
DIVINER_01121,-80.4435,-139.0874,209.0,162.8,46.3,0,999.0
DIVINER_01122,-81.3787,-178.5894,199.4,178.2,21.2,0,999.0
DIVINER_01123,-81.9048,179.8058,235.4,152.7,82.7,0,999.0
DIVINER_01124,-83.4476,108.8185,206.4,130.3,76.1,0,999.0
DIVINER_01125,-84.4914,103.2203,204.6,141.4,63.2,0,999.0
DIVINER_01126,-89.1301,3.5014,217.6,188.7,28.9,0,999.0
DIVINER_01127,-85.9155,-71.9759,184.9,127.8,57.1,0,999.0
DIVINER_01128,-86.2731,-125.5449,225.4,131.3,94.2,0,999.0
DIVINER_01129,-87.4025,-77.5171,226.1,189.3,36.8,0,999.0
DIVINER_01130,-82.7658,-44.6504,208.4,181.7,26.7,0,999.0
DIVINER_01131,-85.0412,92.2716,237.3,169.5,67.8,0,999.0
DIVINER_01132,-89.1895,14.2782,214.8,130.6,84.2,0,999.0
DIVINER_01133,-87.7982,-152.1059,221.7,136.8,84.9,0,999.0
DIVINER_01134,-83.1674,-173.5096,235.5,132.6,102.8,0,999.0
DIVINER_01135,-89.2387,-143.1604,220.0,164.2,55.8,0,999.0
DIVINER_01136,-81.4879,-32.2205,205.9,147.9,58.0,0,999.0
DIVINER_01137,-85.0485,155.9495,181.5,123.3,58.1,0,999.0
DIVINER_01138,-85.1941,49.4649,223.7,140.4,83.3,0,999.0
DIVINER_01139,-84.0759,108.6573,237.9,180.2,57.6,0,999.0
DIVINER_01140,-81.7532,-12.1051,208.2,175.7,32.5,0,999.0
DIVINER_01141,-86.5219,-49.8002,200.4,165.0,35.4,0,999.0
DIVINER_01142,-83.2198,-140.9759,211.2,126.0,85.2,0,999.0
DIVINER_01143,-84.3427,135.3359,223.7,181.8,41.9,0,999.0
DIVINER_01144,-87.3297,101.9376,180.0,157.4,22.6,0,999.0
DIVINER_01145,-81.2137,-119.4775,233.2,154.6,78.6,0,999.0
DIVINER_01146,-82.0257,4.4138,233.2,185.4,47.8,0,999.0
DIVINER_01147,-83.4155,-4.5451,212.5,120.6,91.9,0,999.0
DIVINER_01148,-81.4942,45.033,187.3,158.9,28.4,0,999.0
DIVINER_01149,-81.3271,160.6273,220.3,175.4,44.9,0,999.0
DIVINER_01150,-82.9164,28.7177,188.3,124.5,63.8,0,999.0
DIVINER_01151,-81.6299,14.4782,210.5,145.0,65.5,0,999.0
DIVINER_01152,-83.0253,-161.8837,185.6,188.4,-2.8,0,999.0
DIVINER_01153,-83.1986,-157.3533,215.3,134.8,80.5,0,999.0
DIVINER_01154,-83.8139,-112.5552,199.1,157.2,41.9,0,999.0
DIVINER_01155,-82.4728,-168.3105,229.9,172.2,57.6,0,999.0
DIVINER_01156,-88.4139,87.607,228.0,147.3,80.7,0,999.0
DIVINER_01157,-81.1913,80.3989,239.9,148.6,91.4,0,999.0
DIVINER_01158,-81.2816,-131.0198,195.5,124.4,71.0,0,999.0
DIVINER_01159,-89.7075,120.9884,183.7,133.3,50.4,0,999.0
DIVINER_01160,-81.7418,-124.277,206.6,181.6,24.9,0,999.0
DIVINER_01161,-88.7113,-71.5768,185.0,177.3,7.7,0,999.0
DIVINER_01162,-86.6488,-90.3683,62.0,52.4,9.6,1,0.0
DIVINER_01163,-82.5649,-45.9694,215.8,146.7,69.1,0,999.0
DIVINER_01164,-88.3924,-88.321,215.5,150.8,64.7,0,999.0
DIVINER_01165,-81.8203,-3.9777,182.6,144.2,38.4,0,999.0
DIVINER_01166,-81.6787,-33.3332,206.6,165.8,40.8,0,999.0
DIVINER_01167,-84.9253,175.165,211.8,120.9,90.9,0,999.0
DIVINER_01168,-89.9361,-159.8665,196.1,181.6,14.5,0,999.0
DIVINER_01169,-87.1296,-128.8147,232.3,141.0,91.3,0,999.0
DIVINER_01170,-83.8307,-160.9827,189.7,181.1,8.6,0,999.0
DIVINER_01171,-80.1881,45.3028,66.8,63.3,3.5,1,0.0
DIVINER_01172,-83.6819,-160.3767,189.4,174.3,15.1,0,999.0
DIVINER_01173,-87.402,121.1183,97.5,43.4,54.1,1,0.0
DIVINER_01174,-83.6599,4.2979,232.7,141.1,91.6,0,999.0
DIVINER_01175,-84.6001,9.7227,196.7,164.8,31.8,0,999.0
DIVINER_01176,-82.2015,22.174,223.4,162.5,60.8,0,999.0
DIVINER_01177,-88.9302,-118.5071,205.7,153.3,52.4,0,999.0
DIVINER_01178,-82.3897,-108.8315,218.2,152.9,65.3,0,999.0
DIVINER_01179,-84.5873,-65.2258,235.7,141.4,94.3,0,999.0
DIVINER_01180,-80.3701,33.6587,230.7,141.7,89.0,0,999.0
DIVINER_01181,-86.5813,-104.3576,184.1,158.4,25.8,0,999.0
DIVINER_01182,-83.6738,-138.1206,230.7,122.3,108.5,0,999.0
DIVINER_01183,-80.6797,169.2421,207.1,185.4,21.8,0,999.0
DIVINER_01184,-88.9749,-172.0865,201.0,165.5,35.5,0,999.0
DIVINER_01185,-80.6277,108.9711,220.3,151.0,69.3,0,999.0
DIVINER_01186,-83.1211,103.6927,237.0,124.3,112.7,0,999.0
DIVINER_01187,-89.3216,-73.0029,185.6,164.1,21.5,0,999.0
DIVINER_01188,-86.9904,-131.1744,226.1,121.2,104.8,0,999.0
DIVINER_01189,-82.9183,-127.5737,192.2,167.6,24.6,0,999.0
DIVINER_01190,-89.3265,71.0754,202.8,125.1,77.7,0,999.0
DIVINER_01191,-84.1783,51.4104,232.4,165.9,66.5,0,999.0
DIVINER_01192,-86.5412,101.7884,212.7,148.4,64.3,0,999.0
DIVINER_01193,-83.7908,157.4932,184.0,166.4,17.7,0,999.0
DIVINER_01194,-89.5426,69.0939,210.5,129.7,80.8,0,999.0
DIVINER_01195,-81.2846,-123.8934,227.4,128.2,99.2,0,999.0
DIVINER_01196,-80.2651,-92.3607,211.7,137.3,74.4,0,999.0
DIVINER_01197,-80.3112,123.1897,190.0,148.8,41.2,0,999.0
DIVINER_01198,-82.5035,-104.6498,206.7,137.7,69.0,0,999.0
DIVINER_01199,-88.6991,-153.892,235.5,125.7,109.7,0,999.0
DIVINER_01200,-82.4174,73.1808,219.5,142.8,76.7,0,999.0
DIVINER_01201,-89.7541,-35.0905,223.8,169.4,54.4,0,999.0
DIVINER_01202,-89.7788,151.2144,227.2,160.8,66.3,0,999.0
DIVINER_01203,-86.7639,54.0918,185.4,187.4,-2.0,0,999.0
DIVINER_01204,-85.1136,-147.4492,214.9,150.5,64.4,0,999.0
DIVINER_01205,-82.2959,161.2284,202.6,143.3,59.3,0,999.0
DIVINER_01206,-83.167,-86.9194,188.3,168.6,19.8,0,999.0
DIVINER_01207,-85.541,-58.6035,192.2,148.8,43.3,0,999.0
DIVINER_01208,-87.2637,-35.1863,226.9,163.3,63.6,0,999.0
DIVINER_01209,-80.0288,-161.5593,189.7,186.2,3.4,0,999.0
DIVINER_01210,-85.7382,-1.2544,198.7,154.9,43.8,0,999.0
DIVINER_01211,-85.4861,-135.6053,197.1,154.9,42.2,0,999.0
DIVINER_01212,-88.3638,-35.6507,182.9,174.3,8.7,0,999.0
DIVINER_01213,-82.0519,-53.7445,207.7,172.9,34.8,0,999.0
DIVINER_01214,-83.0632,98.2224,226.0,156.1,69.8,0,999.0
DIVINER_01215,-87.7923,109.1414,181.3,124.5,56.8,0,999.0
DIVINER_01216,-89.1762,-124.7714,186.8,188.7,-1.9,0,999.0
DIVINER_01217,-83.195,-48.0416,223.2,146.4,76.8,0,999.0
DIVINER_01218,-83.4549,-45.5929,215.6,142.2,73.4,0,999.0
DIVINER_01219,-87.2674,-125.4922,222.9,188.7,34.2,0,999.0
DIVINER_01220,-80.4914,107.4433,193.8,181.0,12.8,0,999.0
DIVINER_01221,-88.4894,74.6022,228.2,143.1,85.1,0,999.0
DIVINER_01222,-85.6767,-111.4626,208.8,141.6,67.2,0,999.0
DIVINER_01223,-80.5638,-47.9801,216.6,170.5,46.2,0,999.0
DIVINER_01224,-85.8027,-141.9102,185.5,143.4,42.1,0,999.0
DIVINER_01225,-83.6147,46.1544,62.3,56.0,6.2,1,0.0
DIVINER_01226,-86.0241,-136.3061,226.4,188.6,37.8,0,999.0
DIVINER_01227,-87.2578,174.9363,193.4,159.6,33.8,0,999.0
DIVINER_01228,-80.1602,101.0455,185.6,173.4,12.2,0,999.0
DIVINER_01229,-85.9067,-39.5141,215.8,169.9,45.9,0,999.0
DIVINER_01230,-81.059,28.283,212.9,172.9,40.0,0,999.0
DIVINER_01231,-87.7005,148.0831,216.5,183.2,33.2,0,999.0
DIVINER_01232,-87.869,19.4757,217.1,155.1,62.0,0,999.0
DIVINER_01233,-89.6887,-117.1805,210.0,172.7,37.3,0,999.0
DIVINER_01234,-83.4833,-43.6668,209.6,175.8,33.8,0,999.0
DIVINER_01235,-86.3147,123.5322,235.4,186.2,49.2,0,999.0
DIVINER_01236,-81.3564,51.9167,212.0,169.9,42.1,0,999.0
DIVINER_01237,-85.2679,54.2608,217.0,182.5,34.6,0,999.0
DIVINER_01238,-80.3181,132.0557,196.0,126.7,69.4,0,999.0
DIVINER_01239,-88.1447,141.8303,232.3,128.8,103.4,0,999.0
DIVINER_01240,-81.3138,151.1253,181.5,131.1,50.4,0,999.0
DIVINER_01241,-82.234,-145.8543,213.4,130.1,83.3,0,999.0
DIVINER_01242,-82.2908,15.8854,203.0,126.1,76.9,0,999.0
DIVINER_01243,-81.5522,86.5834,216.2,128.6,87.7,0,999.0
DIVINER_01244,-82.3898,92.4937,201.6,189.7,11.9,0,999.0
DIVINER_01245,-83.7378,38.4178,223.1,139.1,84.0,0,999.0
DIVINER_01246,-88.6876,-119.9566,181.2,153.5,27.8,0,999.0
DIVINER_01247,-89.6747,107.0714,204.4,177.5,26.8,0,999.0
DIVINER_01248,-80.7915,79.2401,229.9,128.3,101.6,0,999.0
DIVINER_01249,-83.8335,-148.9911,195.0,142.2,52.8,0,999.0
DIVINER_01250,-82.0346,-13.0285,183.2,131.2,52.0,0,999.0
DIVINER_01251,-85.1848,-117.3681,209.8,124.4,85.4,0,999.0
DIVINER_01252,-88.8269,-58.5083,238.6,187.3,51.3,0,999.0
DIVINER_01253,-88.7481,-173.4908,183.8,180.1,3.8,0,999.0
DIVINER_01254,-83.1443,-35.8812,184.2,181.6,2.7,0,999.0
DIVINER_01255,-85.6969,17.9557,215.7,180.8,34.9,0,999.0
DIVINER_01256,-87.9948,43.0497,195.0,130.8,64.2,0,999.0
DIVINER_01257,-85.0841,58.8565,204.6,174.9,29.7,0,999.0
DIVINER_01258,-89.3579,121.0649,229.8,171.0,58.9,0,999.0
DIVINER_01259,-84.1803,-102.4334,191.9,184.8,7.2,0,999.0
DIVINER_01260,-87.3101,-136.6265,223.2,135.4,87.8,0,999.0
DIVINER_01261,-82.0244,126.5534,68.6,48.0,20.5,1,0.0
DIVINER_01262,-86.8964,-123.6194,234.3,140.6,93.7,0,999.0
DIVINER_01263,-85.4478,170.9136,238.4,138.1,100.3,0,999.0
DIVINER_01264,-89.8838,123.3138,209.1,165.7,43.4,0,999.0
DIVINER_01265,-89.2755,0.3156,215.1,131.5,83.6,0,999.0
DIVINER_01266,-86.0751,173.3117,224.8,152.5,72.2,0,999.0
DIVINER_01267,-85.2006,-144.9444,199.1,165.3,33.9,0,999.0
DIVINER_01268,-83.9998,-70.8963,193.6,129.1,64.5,0,999.0
DIVINER_01269,-87.0834,49.7608,237.9,138.0,99.9,0,999.0
DIVINER_01270,-83.0502,-53.9975,206.0,187.7,18.2,0,999.0
DIVINER_01271,-81.3988,154.2141,180.1,175.7,4.4,0,999.0
DIVINER_01272,-82.2015,-156.3746,230.3,167.4,62.9,0,999.0
DIVINER_01273,-89.6038,17.7883,216.0,179.9,36.1,0,999.0
DIVINER_01274,-85.1949,32.7119,190.1,121.0,69.1,0,999.0
DIVINER_01275,-88.9507,54.9821,181.8,120.4,61.4,0,999.0
DIVINER_01276,-87.5795,-87.9602,197.5,130.8,66.7,0,999.0
DIVINER_01277,-80.1334,-48.7561,235.7,154.7,81.0,0,999.0
DIVINER_01278,-88.575,123.725,236.0,159.9,76.1,0,999.0
DIVINER_01279,-85.0111,-109.8206,86.1,32.9,53.1,1,0.0
DIVINER_01280,-83.8184,117.6724,230.2,125.1,105.1,0,999.0
DIVINER_01281,-82.9754,22.556,206.5,178.0,28.5,0,999.0
DIVINER_01282,-84.4035,94.3875,219.3,152.5,66.7,0,999.0
DIVINER_01283,-89.9023,76.8987,200.1,189.5,10.6,0,999.0
DIVINER_01284,-86.7354,-105.2959,211.0,136.1,74.9,0,999.0
DIVINER_01285,-84.8229,24.7726,197.6,165.3,32.3,0,999.0
DIVINER_01286,-89.1213,132.3803,183.7,176.3,7.4,0,999.0
DIVINER_01287,-86.4937,-24.4382,188.4,181.1,7.3,0,999.0
DIVINER_01288,-89.668,167.9727,197.4,141.4,56.0,0,999.0
DIVINER_01289,-89.2142,-17.2026,238.6,133.5,105.0,0,999.0
DIVINER_01290,-86.0308,-128.5972,237.9,135.8,102.1,0,999.0
DIVINER_01291,-88.6728,-39.8035,229.7,166.7,63.0,0,999.0
DIVINER_01292,-84.3246,162.6129,194.0,156.6,37.4,0,999.0
DIVINER_01293,-83.1054,-64.9005,206.5,161.9,44.6,0,999.0
DIVINER_01294,-81.9941,132.5153,206.4,121.4,84.9,0,999.0
DIVINER_01295,-87.9985,137.2502,203.2,147.4,55.9,0,999.0
DIVINER_01296,-88.3252,-53.9329,182.7,141.7,41.0,0,999.0
DIVINER_01297,-88.9543,-150.0272,212.1,180.5,31.6,0,999.0
DIVINER_01298,-83.6357,80.8408,184.4,174.3,10.0,0,999.0
DIVINER_01299,-82.9352,-67.8556,228.1,150.1,78.0,0,999.0
DIVINER_01300,-89.6841,101.8525,221.5,164.1,57.3,0,999.0
DIVINER_01301,-80.6379,-20.6443,201.2,123.3,77.8,0,999.0
DIVINER_01302,-89.4803,-5.304,218.8,164.6,54.2,0,999.0
DIVINER_01303,-84.587,100.0474,194.0,126.8,67.2,0,999.0
DIVINER_01304,-82.9094,-42.3492,195.9,170.0,25.9,0,999.0
DIVINER_01305,-81.2903,-20.4742,198.8,160.2,38.7,0,999.0
DIVINER_01306,-82.8591,-44.5714,227.8,141.0,86.8,0,999.0
DIVINER_01307,-81.9827,-47.7574,192.6,146.0,46.7,0,999.0
DIVINER_01308,-86.6055,9.3408,213.8,126.3,87.5,0,999.0
DIVINER_01309,-81.8517,111.1678,76.3,42.0,34.4,1,0.0
DIVINER_01310,-89.1989,-49.7634,197.1,187.7,9.4,0,999.0
DIVINER_01311,-81.0518,8.7317,194.1,154.0,40.1,0,999.0
DIVINER_01312,-84.5241,61.4618,218.7,153.2,65.5,0,999.0
DIVINER_01313,-81.827,-83.0018,211.6,164.0,47.6,0,999.0
DIVINER_01314,-85.4768,-80.0918,223.3,153.9,69.4,0,999.0
DIVINER_01315,-83.5642,156.0287,193.2,144.9,48.3,0,999.0
DIVINER_01316,-84.736,80.4724,180.5,129.8,50.8,0,999.0
DIVINER_01317,-82.6841,27.7872,220.8,164.1,56.7,0,999.0
DIVINER_01318,-89.1837,53.1792,186.9,172.4,14.5,0,999.0
DIVINER_01319,-89.3965,-169.4522,194.8,184.6,10.2,0,999.0
DIVINER_01320,-87.529,42.5171,198.3,120.2,78.1,0,999.0
DIVINER_01321,-88.4046,3.4232,77.4,63.4,14.0,1,0.0
DIVINER_01322,-81.2822,16.4699,217.6,183.0,34.6,0,999.0
DIVINER_01323,-87.8079,-50.6074,191.1,164.2,26.9,0,999.0
DIVINER_01324,-80.2413,-150.6694,215.9,187.1,28.8,0,999.0
DIVINER_01325,-86.631,-110.3979,222.5,150.2,72.3,0,999.0
DIVINER_01326,-88.1788,162.2681,203.3,149.2,54.2,0,999.0
DIVINER_01327,-82.103,-32.8682,194.8,144.1,50.7,0,999.0
DIVINER_01328,-83.4129,-11.9941,220.7,130.0,90.7,0,999.0
DIVINER_01329,-85.018,-161.0245,216.7,146.5,70.1,0,999.0
DIVINER_01330,-84.4464,-166.4762,184.7,121.0,63.6,0,999.0
DIVINER_01331,-82.808,78.1853,220.0,155.7,64.3,0,999.0
DIVINER_01332,-87.7155,13.7141,209.3,179.3,30.0,0,999.0
DIVINER_01333,-80.0367,3.1342,225.2,142.5,82.7,0,999.0
DIVINER_01334,-80.2521,-92.4752,104.9,56.6,48.3,1,0.0
DIVINER_01335,-83.4967,88.1103,195.5,188.2,7.3,0,999.0
DIVINER_01336,-88.0046,-119.4348,212.6,129.0,83.6,0,999.0
DIVINER_01337,-83.1977,-111.6235,208.9,157.0,51.9,0,999.0
DIVINER_01338,-89.278,-14.1436,203.2,176.6,26.5,0,999.0
DIVINER_01339,-89.6935,-76.9392,224.8,137.7,87.1,0,999.0
DIVINER_01340,-87.4232,-90.9133,213.9,178.9,35.0,0,999.0
DIVINER_01341,-85.3738,52.2856,222.6,159.0,63.6,0,999.0
DIVINER_01342,-81.3173,54.3498,189.2,143.2,46.0,0,999.0
DIVINER_01343,-82.7283,116.8261,223.7,180.6,43.1,0,999.0
DIVINER_01344,-82.5729,-29.6249,60.5,42.3,18.2,1,0.0
DIVINER_01345,-85.7451,-153.6894,182.0,163.1,18.9,0,999.0
DIVINER_01346,-86.5407,-81.4801,194.1,155.3,38.8,0,999.0
DIVINER_01347,-86.2896,172.802,181.5,139.2,42.3,0,999.0
DIVINER_01348,-80.1235,34.6531,207.4,141.3,66.1,0,999.0
DIVINER_01349,-89.5989,75.5054,199.6,126.2,73.4,0,999.0
DIVINER_01350,-81.3297,-177.3512,239.2,137.1,102.2,0,999.0
DIVINER_01351,-84.2132,6.5541,232.1,139.4,92.7,0,999.0
DIVINER_01352,-85.6138,-166.4897,229.5,124.1,105.4,0,999.0
DIVINER_01353,-82.7474,24.9229,210.1,127.7,82.3,0,999.0
DIVINER_01354,-85.1333,151.4775,228.4,138.9,89.5,0,999.0
DIVINER_01355,-81.2658,168.6309,48.7,48.4,0.3,1,0.0
DIVINER_01356,-80.993,14.599,213.6,132.9,80.7,0,999.0
DIVINER_01357,-85.7828,-15.0463,203.6,156.5,47.0,0,999.0
DIVINER_01358,-87.2317,160.2062,190.3,155.6,34.7,0,999.0
DIVINER_01359,-84.0765,62.4995,184.4,178.4,6.0,0,999.0
DIVINER_01360,-80.8764,-156.6363,213.5,162.6,50.9,0,999.0
DIVINER_01361,-87.8934,-12.3388,185.9,184.2,1.7,0,999.0
DIVINER_01362,-83.7703,-93.5118,223.1,164.0,59.1,0,999.0
DIVINER_01363,-83.6844,-10.8704,235.3,121.8,113.5,0,999.0
DIVINER_01364,-82.6689,-16.0324,189.7,146.7,43.0,0,999.0
DIVINER_01365,-88.6843,29.5721,208.3,168.9,39.3,0,999.0
DIVINER_01366,-82.8418,-51.5626,224.3,153.3,71.1,0,999.0
DIVINER_01367,-80.9097,-120.8626,197.2,149.4,47.9,0,999.0
DIVINER_01368,-88.2032,1.339,235.2,167.0,68.2,0,999.0
DIVINER_01369,-87.6246,118.873,233.3,140.0,93.3,0,999.0
DIVINER_01370,-80.286,59.0444,186.2,183.6,2.6,0,999.0
DIVINER_01371,-88.1902,-58.1876,181.6,148.9,32.7,0,999.0
DIVINER_01372,-81.4561,156.7883,238.6,164.2,74.4,0,999.0
DIVINER_01373,-85.0772,148.3947,237.4,188.8,48.6,0,999.0
DIVINER_01374,-87.5277,-104.6346,205.3,175.0,30.4,0,999.0
DIVINER_01375,-81.2925,-165.8097,183.0,157.2,25.8,0,999.0
DIVINER_01376,-85.5469,86.8711,217.1,180.2,37.0,0,999.0
DIVINER_01377,-84.8518,117.9397,197.6,159.2,38.4,0,999.0
DIVINER_01378,-86.4077,168.4312,236.2,150.9,85.3,0,999.0
DIVINER_01379,-84.0705,140.3411,227.7,181.1,46.5,0,999.0
DIVINER_01380,-88.3648,36.1925,219.0,121.9,97.1,0,999.0
DIVINER_01381,-86.0892,10.8188,60.9,35.9,25.0,1,0.0
DIVINER_01382,-80.3059,-169.9772,222.1,144.0,78.1,0,999.0
DIVINER_01383,-87.4187,-91.2037,197.4,170.0,27.4,0,999.0
DIVINER_01384,-83.4326,-14.5387,182.3,120.9,61.4,0,999.0
DIVINER_01385,-86.7481,46.2614,210.5,166.3,44.2,0,999.0
DIVINER_01386,-82.2653,20.6107,209.3,144.2,65.1,0,999.0
DIVINER_01387,-88.6913,87.349,225.8,126.9,98.9,0,999.0
DIVINER_01388,-80.3018,-79.2839,231.9,188.6,43.3,0,999.0
DIVINER_01389,-85.4621,23.3829,201.3,134.9,66.4,0,999.0
DIVINER_01390,-87.6395,-148.2688,95.1,44.9,50.2,1,0.0
DIVINER_01391,-89.265,-31.0804,208.2,134.5,73.7,0,999.0
DIVINER_01392,-88.3024,90.0579,199.5,166.3,33.1,0,999.0
DIVINER_01393,-84.8023,69.6243,224.6,174.8,49.8,0,999.0
DIVINER_01394,-86.63,176.6314,211.3,180.2,31.1,0,999.0
DIVINER_01395,-81.7112,-79.9592,234.8,141.8,93.1,0,999.0
DIVINER_01396,-85.6911,-0.6519,219.0,156.7,62.3,0,999.0
DIVINER_01397,-87.5129,-61.3691,192.7,166.4,26.3,0,999.0
DIVINER_01398,-83.8286,-21.3829,189.9,164.1,25.8,0,999.0
DIVINER_01399,-82.9322,128.502,202.3,170.1,32.2,0,999.0
DIVINER_01400,-88.3296,66.3153,200.8,173.9,26.9,0,999.0
DIVINER_01401,-88.3238,137.6788,204.4,126.8,77.6,0,999.0
DIVINER_01402,-89.6333,-106.736,191.0,131.8,59.2,0,999.0
DIVINER_01403,-82.636,134.41,238.7,171.4,67.3,0,999.0
DIVINER_01404,-83.362,-158.4856,188.7,153.4,35.4,0,999.0
DIVINER_01405,-85.2537,139.8957,219.2,149.9,69.3,0,999.0
DIVINER_01406,-81.5583,-61.5334,180.8,151.9,28.9,0,999.0
DIVINER_01407,-81.9433,-66.7485,204.4,146.0,58.4,0,999.0
DIVINER_01408,-84.1465,4.3519,198.6,161.4,37.2,0,999.0
DIVINER_01409,-81.3173,158.6485,202.9,142.6,60.3,0,999.0
DIVINER_01410,-87.9416,-162.7987,209.9,164.6,45.3,0,999.0
DIVINER_01411,-88.8808,-53.1968,216.0,134.2,81.8,0,999.0
DIVINER_01412,-87.3025,128.3659,215.0,173.0,42.0,0,999.0
DIVINER_01413,-89.4291,-37.4204,217.8,174.7,43.1,0,999.0
DIVINER_01414,-84.6883,-108.3035,230.7,160.5,70.2,0,999.0
DIVINER_01415,-80.6339,-27.0741,233.2,145.9,87.4,0,999.0
DIVINER_01416,-89.6066,-41.2011,224.2,121.0,103.2,0,999.0
DIVINER_01417,-88.7789,149.5498,91.0,59.2,31.8,1,0.0
DIVINER_01418,-85.478,94.2964,237.7,125.6,112.1,0,999.0
DIVINER_01419,-80.6612,1.8416,236.8,120.7,116.1,0,999.0
DIVINER_01420,-86.8384,175.8134,222.7,170.6,52.1,0,999.0
DIVINER_01421,-84.9277,-12.5001,211.0,186.9,24.1,0,999.0
DIVINER_01422,-89.5843,-159.0344,195.0,120.8,74.3,0,999.0
DIVINER_01423,-88.5166,-85.5812,225.4,127.9,97.5,0,999.0
DIVINER_01424,-80.1337,-23.0146,232.7,180.2,52.4,0,999.0
DIVINER_01425,-80.3488,-123.5151,80.6,38.3,42.3,1,0.0
DIVINER_01426,-89.9506,161.1234,217.7,148.3,69.4,0,999.0
DIVINER_01427,-80.4819,96.0656,191.6,189.5,2.1,0,999.0
DIVINER_01428,-83.6088,-83.4166,201.5,160.2,41.3,0,999.0
DIVINER_01429,-81.3208,32.6896,98.8,49.1,49.7,1,0.0
DIVINER_01430,-85.4526,79.7217,181.0,165.7,15.3,0,999.0
DIVINER_01431,-84.844,158.8604,218.5,135.6,82.9,0,999.0
DIVINER_01432,-85.1115,137.3887,66.8,35.9,30.9,1,0.0
DIVINER_01433,-83.3314,5.4692,200.1,135.1,64.9,0,999.0
DIVINER_01434,-88.6035,98.8749,184.6,155.7,28.9,0,999.0
DIVINER_01435,-89.7003,22.3721,229.1,122.2,107.0,0,999.0
DIVINER_01436,-86.9207,18.9734,53.3,42.3,11.0,1,0.0
DIVINER_01437,-82.9532,-138.6929,202.2,146.1,56.2,0,999.0
DIVINER_01438,-87.9815,-134.5904,73.9,38.4,35.5,1,0.0
DIVINER_01439,-83.2657,10.6321,229.0,125.5,103.5,0,999.0
DIVINER_01440,-80.3009,-83.2098,231.7,174.0,57.8,0,999.0
DIVINER_01441,-89.061,-172.4267,211.8,149.4,62.4,0,999.0
DIVINER_01442,-83.274,80.2221,208.6,177.0,31.6,0,999.0
DIVINER_01443,-85.5625,-168.3048,230.9,178.5,52.4,0,999.0
DIVINER_01444,-81.3186,34.2997,78.1,48.6,29.6,1,0.0
DIVINER_01445,-88.2285,14.1098,214.7,149.5,65.2,0,999.0
DIVINER_01446,-83.0737,168.7733,206.0,170.5,35.6,0,999.0
DIVINER_01447,-81.6188,-5.6833,202.4,155.0,47.4,0,999.0
DIVINER_01448,-80.5539,-157.1035,208.8,179.9,29.0,0,999.0
DIVINER_01449,-83.1675,18.6077,201.9,160.0,41.9,0,999.0
DIVINER_01450,-85.0283,122.7946,200.6,164.1,36.5,0,999.0
DIVINER_01451,-83.8215,178.8657,239.6,175.1,64.5,0,999.0
DIVINER_01452,-81.311,-25.0765,200.2,128.6,71.6,0,999.0
DIVINER_01453,-84.2939,-64.6925,195.4,160.9,34.5,0,999.0
DIVINER_01454,-89.6961,146.3952,201.2,126.0,75.3,0,999.0
DIVINER_01455,-80.6905,-111.1528,215.4,138.2,77.2,0,999.0
DIVINER_01456,-83.1047,41.5544,234.7,134.9,99.8,0,999.0
DIVINER_01457,-83.2349,-33.9428,227.3,159.7,67.6,0,999.0
DIVINER_01458,-87.8432,-165.2103,230.5,179.1,51.5,0,999.0
DIVINER_01459,-83.4111,-54.9761,231.5,129.3,102.2,0,999.0
DIVINER_01460,-86.0614,-84.5177,235.2,173.8,61.4,0,999.0
DIVINER_01461,-83.4877,66.9928,194.1,130.0,64.1,0,999.0
DIVINER_01462,-88.9341,161.5646,207.5,133.3,74.2,0,999.0
DIVINER_01463,-83.4215,-83.503,203.1,184.2,18.9,0,999.0
DIVINER_01464,-80.0059,112.1277,202.9,120.7,82.2,0,999.0
DIVINER_01465,-89.5179,-160.0705,219.1,133.8,85.3,0,999.0
DIVINER_01466,-80.2283,13.7236,204.1,135.1,69.0,0,999.0
DIVINER_01467,-85.9309,-154.602,217.0,139.7,77.2,0,999.0
DIVINER_01468,-81.2925,156.2519,202.9,145.4,57.5,0,999.0
DIVINER_01469,-82.1761,95.8865,198.7,127.2,71.4,0,999.0
DIVINER_01470,-84.3298,56.862,201.2,152.8,48.4,0,999.0
DIVINER_01471,-82.6155,116.6027,228.2,148.0,80.3,0,999.0
DIVINER_01472,-81.2148,53.1071,216.1,163.7,52.3,0,999.0
DIVINER_01473,-85.9586,168.82,58.8,34.2,24.6,1,0.0
DIVINER_01474,-86.7297,77.0249,230.0,140.8,89.1,0,999.0
DIVINER_01475,-83.3241,152.8771,209.1,158.3,50.9,0,999.0
DIVINER_01476,-81.9215,6.1675,194.5,146.0,48.5,0,999.0
DIVINER_01477,-82.3771,-137.8568,220.4,122.8,97.6,0,999.0
DIVINER_01478,-82.0219,10.144,223.6,177.5,46.1,0,999.0
DIVINER_01479,-85.6442,-134.3258,207.9,164.4,43.5,0,999.0
DIVINER_01480,-81.8217,33.2977,193.8,120.2,73.6,0,999.0
DIVINER_01481,-88.7979,-6.3025,213.4,137.5,76.0,0,999.0
DIVINER_01482,-84.5551,44.1271,195.2,141.6,53.6,0,999.0
DIVINER_01483,-89.9424,-176.3831,236.4,176.8,59.6,0,999.0
DIVINER_01484,-86.7541,-109.8574,217.7,173.2,44.5,0,999.0
DIVINER_01485,-86.3354,-3.121,197.5,147.7,49.8,0,999.0
DIVINER_01486,-86.0383,162.1813,192.9,131.0,61.9,0,999.0
DIVINER_01487,-83.0453,-41.9007,223.0,147.0,76.0,0,999.0
DIVINER_01488,-86.1144,-27.2261,222.5,176.7,45.8,0,999.0
DIVINER_01489,-85.5131,77.2906,215.8,151.7,64.2,0,999.0
DIVINER_01490,-87.6246,37.3654,216.9,128.1,88.7,0,999.0
DIVINER_01491,-86.2675,-72.3866,216.2,122.7,93.5,0,999.0
DIVINER_01492,-87.7273,-32.1061,201.6,143.3,58.3,0,999.0
DIVINER_01493,-89.268,-101.6281,236.2,130.4,105.9,0,999.0
DIVINER_01494,-83.9655,167.7677,208.8,172.2,36.6,0,999.0
DIVINER_01495,-83.3179,-132.9716,181.2,139.5,41.7,0,999.0
DIVINER_01496,-83.8051,-46.1388,200.9,181.4,19.5,0,999.0
DIVINER_01497,-85.3651,-170.698,187.8,163.2,24.6,0,999.0
DIVINER_01498,-86.2021,-100.1594,201.8,147.6,54.2,0,999.0
DIVINER_01499,-81.3667,100.9696,216.5,162.7,53.8,0,999.0
DIVINER_01500,-84.8092,-107.5769,181.4,140.7,40.7,0,999.0
DIVINER_01501,-85.2082,-151.1772,232.2,129.9,102.3,0,999.0
DIVINER_01502,-89.7436,-9.1969,216.6,187.5,29.1,0,999.0
DIVINER_01503,-86.5875,-176.4111,197.7,159.4,38.3,0,999.0
DIVINER_01504,-86.198,-149.4842,198.7,120.5,78.2,0,999.0
DIVINER_01505,-86.0118,110.7453,63.9,28.1,35.7,1,0.0
DIVINER_01506,-84.1983,97.7304,194.9,131.2,63.7,0,999.0
DIVINER_01507,-84.664,149.45,180.3,138.1,42.2,0,999.0
DIVINER_01508,-83.9209,127.6256,181.6,123.9,57.7,0,999.0
DIVINER_01509,-82.3512,65.9432,201.5,137.2,64.3,0,999.0
DIVINER_01510,-81.8701,-161.1602,187.5,167.8,19.6,0,999.0
DIVINER_01511,-82.8188,101.8255,181.3,177.4,3.9,0,999.0
DIVINER_01512,-80.4448,124.3839,231.6,144.3,87.2,0,999.0
DIVINER_01513,-89.8177,107.6696,196.4,156.6,39.9,0,999.0
DIVINER_01514,-88.0422,3.0525,210.2,122.9,87.3,0,999.0
DIVINER_01515,-89.9244,-96.1553,190.8,126.4,64.4,0,999.0
DIVINER_01516,-83.5253,124.3188,182.8,158.6,24.2,0,999.0
DIVINER_01517,-81.0197,81.7786,224.7,178.8,45.9,0,999.0
DIVINER_01518,-87.5652,173.074,187.5,126.2,61.3,0,999.0
DIVINER_01519,-80.7297,-123.9507,181.5,149.3,32.2,0,999.0
DIVINER_01520,-89.3973,-98.7608,215.2,187.9,27.3,0,999.0
DIVINER_01521,-80.6556,-103.7527,180.8,171.7,9.1,0,999.0
DIVINER_01522,-86.4838,105.3143,206.2,133.8,72.3,0,999.0
DIVINER_01523,-88.9858,-112.7134,197.3,140.0,57.4,0,999.0
DIVINER_01524,-85.1413,-156.0025,72.1,26.1,46.0,1,0.0
DIVINER_01525,-87.4322,179.4819,180.2,135.5,44.8,0,999.0
DIVINER_01526,-87.1513,-171.0658,237.9,150.9,87.0,0,999.0
DIVINER_01527,-86.9271,120.6879,211.0,144.9,66.1,0,999.0
DIVINER_01528,-81.9697,-48.4679,214.4,154.3,60.0,0,999.0
DIVINER_01529,-84.6084,122.9816,220.0,136.6,83.4,0,999.0
DIVINER_01530,-86.8869,19.6634,227.9,166.8,61.1,0,999.0
DIVINER_01531,-83.8967,144.5872,216.5,136.4,80.1,0,999.0
DIVINER_01532,-82.8385,153.4295,225.7,162.1,63.6,0,999.0
DIVINER_01533,-87.2738,-176.7247,206.9,145.0,61.9,0,999.0
DIVINER_01534,-85.8645,-152.8516,202.3,137.6,64.7,0,999.0
DIVINER_01535,-88.7811,-89.8709,229.4,168.7,60.7,0,999.0
DIVINER_01536,-88.1885,60.9535,231.9,187.6,44.4,0,999.0
DIVINER_01537,-83.1888,139.778,188.3,180.9,7.4,0,999.0
DIVINER_01538,-88.1856,-14.4209,212.6,126.1,86.5,0,999.0
DIVINER_01539,-84.7484,38.5103,81.0,50.5,30.5,1,0.0
DIVINER_01540,-82.9095,-112.1401,185.0,168.6,16.4,0,999.0
DIVINER_01541,-88.9312,109.7881,235.8,159.4,76.4,0,999.0
DIVINER_01542,-84.3269,168.2381,211.2,170.8,40.4,0,999.0
DIVINER_01543,-87.4344,-83.3044,218.7,188.3,30.5,0,999.0
DIVINER_01544,-80.3707,-1.8627,190.7,144.0,46.7,0,999.0
DIVINER_01545,-85.1645,-148.9982,195.9,174.0,21.9,0,999.0
DIVINER_01546,-81.9401,21.2892,187.3,126.6,60.7,0,999.0
DIVINER_01547,-84.4977,1.002,195.8,180.9,15.0,0,999.0
DIVINER_01548,-89.5659,-128.0029,209.5,174.5,35.1,0,999.0
DIVINER_01549,-83.6685,-20.8562,230.0,156.5,73.6,0,999.0
DIVINER_01550,-80.486,-59.7223,212.0,177.5,34.6,0,999.0
DIVINER_01551,-83.9839,7.8591,194.7,166.7,28.0,0,999.0
DIVINER_01552,-81.8081,30.8356,182.7,158.7,24.0,0,999.0
DIVINER_01553,-81.1579,-176.9416,217.3,186.2,31.1,0,999.0
DIVINER_01554,-87.7192,93.9622,205.2,129.1,76.1,0,999.0
DIVINER_01555,-87.8796,76.6851,239.1,189.5,49.6,0,999.0
DIVINER_01556,-83.8902,-48.1369,226.8,130.8,96.0,0,999.0
DIVINER_01557,-85.8897,-160.9431,228.5,153.6,74.9,0,999.0
DIVINER_01558,-81.6014,91.7757,180.7,136.2,44.5,0,999.0
DIVINER_01559,-80.9998,163.8631,226.7,139.0,87.6,0,999.0
DIVINER_01560,-86.4658,-93.5454,191.7,164.2,27.4,0,999.0
DIVINER_01561,-87.6313,-63.5311,215.1,122.4,92.7,0,999.0
DIVINER_01562,-82.1947,-113.8274,206.8,185.9,21.0,0,999.0
DIVINER_01563,-87.2519,27.697,74.1,51.2,22.9,1,0.0
DIVINER_01564,-81.7739,-124.2571,188.0,139.1,48.9,0,999.0
DIVINER_01565,-85.7626,-51.7702,207.4,180.4,27.0,0,999.0
DIVINER_01566,-83.3245,70.9247,82.6,47.8,34.7,1,0.0
DIVINER_01567,-89.0446,21.6418,182.5,167.0,15.4,0,999.0
DIVINER_01568,-83.7614,-40.8735,219.5,130.2,89.2,0,999.0
DIVINER_01569,-85.4823,-28.7101,237.1,173.9,63.2,0,999.0
DIVINER_01570,-84.1339,22.3599,226.6,145.3,81.4,0,999.0
DIVINER_01571,-88.3199,-177.8887,208.1,189.6,18.6,0,999.0
DIVINER_01572,-82.6313,-151.7364,183.4,167.0,16.4,0,999.0
DIVINER_01573,-81.372,137.2529,182.7,178.5,4.2,0,999.0
DIVINER_01574,-87.8326,-151.9636,189.5,171.4,18.1,0,999.0
DIVINER_01575,-89.0429,74.4493,238.5,161.6,77.0,0,999.0
DIVINER_01576,-89.7636,151.2137,203.9,170.1,33.8,0,999.0
DIVINER_01577,-83.5803,-82.5539,230.6,161.8,68.8,0,999.0
DIVINER_01578,-83.9291,-46.6231,222.3,123.6,98.7,0,999.0
DIVINER_01579,-84.533,24.8117,216.3,144.2,72.1,0,999.0
DIVINER_01580,-87.6805,137.4152,236.9,142.1,94.7,0,999.0
DIVINER_01581,-86.0909,159.086,193.8,170.0,23.8,0,999.0
DIVINER_01582,-84.0552,86.2428,207.3,160.3,47.0,0,999.0
DIVINER_01583,-85.0323,-148.8169,231.9,162.7,69.1,0,999.0
DIVINER_01584,-80.1221,60.8955,213.1,179.3,33.8,0,999.0
DIVINER_01585,-88.6356,-32.2907,194.8,156.8,38.0,0,999.0
DIVINER_01586,-83.0486,-10.5476,192.5,135.3,57.3,0,999.0
DIVINER_01587,-85.9568,-162.3066,225.2,120.9,104.3,0,999.0
DIVINER_01588,-85.718,-111.2176,82.6,45.3,37.3,1,0.0
DIVINER_01589,-82.824,104.5849,234.9,122.1,112.7,0,999.0
DIVINER_01590,-83.0756,-16.5748,181.1,136.6,44.5,0,999.0
DIVINER_01591,-80.0874,-71.4016,217.9,164.4,53.4,0,999.0
DIVINER_01592,-88.7161,-41.7531,216.3,130.6,85.7,0,999.0
DIVINER_01593,-88.9589,127.5838,214.7,125.7,89.0,0,999.0
DIVINER_01594,-82.7566,89.6396,208.5,188.0,20.5,0,999.0
DIVINER_01595,-84.2161,-81.9665,231.1,189.8,41.4,0,999.0
DIVINER_01596,-87.2584,-137.6993,219.6,164.6,55.0,0,999.0
DIVINER_01597,-89.2058,-89.2806,226.9,127.6,99.3,0,999.0
DIVINER_01598,-89.1434,151.4723,186.9,177.5,9.4,0,999.0
DIVINER_01599,-81.0581,29.372,183.0,157.7,25.2,0,999.0
DIVINER_01600,-88.0813,12.0529,181.7,132.7,49.0,0,999.0
DIVINER_01601,-86.7663,34.7017,188.8,160.3,28.5,0,999.0
DIVINER_01602,-87.7334,-48.2298,220.0,122.8,97.3,0,999.0
DIVINER_01603,-86.45,110.5585,209.6,188.1,21.6,0,999.0
DIVINER_01604,-89.3058,8.383,225.1,177.8,47.3,0,999.0
DIVINER_01605,-84.8094,-137.9708,191.5,138.3,53.2,0,999.0
DIVINER_01606,-89.3239,-133.5366,202.0,149.3,52.7,0,999.0
DIVINER_01607,-81.9964,13.2693,233.3,147.7,85.6,0,999.0
DIVINER_01608,-87.6629,157.1653,236.1,180.3,55.8,0,999.0
DIVINER_01609,-84.5999,-68.9932,235.3,144.8,90.5,0,999.0
DIVINER_01610,-81.1992,133.0348,229.1,123.4,105.7,0,999.0
DIVINER_01611,-83.4912,95.0744,221.3,135.0,86.3,0,999.0
DIVINER_01612,-84.6704,-90.7875,234.8,135.1,99.7,0,999.0
DIVINER_01613,-86.7567,-166.9173,222.9,186.4,36.4,0,999.0
DIVINER_01614,-86.67,-143.335,237.2,184.7,52.6,0,999.0
DIVINER_01615,-83.3051,82.2578,181.5,141.0,40.4,0,999.0
DIVINER_01616,-80.0586,-108.1189,235.3,120.2,115.1,0,999.0
DIVINER_01617,-83.3816,-46.3425,213.3,156.2,57.2,0,999.0
DIVINER_01618,-84.4222,0.6117,186.7,175.8,10.9,0,999.0
DIVINER_01619,-82.6935,81.1685,192.9,138.8,54.1,0,999.0
DIVINER_01620,-85.3479,-139.2368,231.1,150.7,80.4,0,999.0
DIVINER_01621,-89.3986,-33.7081,210.4,132.1,78.3,0,999.0
DIVINER_01622,-84.377,-5.3738,239.0,142.9,96.1,0,999.0
DIVINER_01623,-80.4237,14.6977,187.1,173.1,13.9,0,999.0
DIVINER_01624,-88.247,114.6098,204.8,150.0,54.8,0,999.0
DIVINER_01625,-83.1,-118.1958,199.9,151.3,48.6,0,999.0
DIVINER_01626,-87.9907,110.8193,211.0,175.3,35.7,0,999.0
DIVINER_01627,-84.6417,69.4362,218.0,173.4,44.6,0,999.0
DIVINER_01628,-89.0332,20.1135,219.7,133.1,86.6,0,999.0
DIVINER_01629,-85.4963,71.83,180.1,149.1,31.0,0,999.0
DIVINER_01630,-82.4384,-31.6736,185.3,179.4,5.9,0,999.0
DIVINER_01631,-86.5243,-130.1769,182.1,152.0,30.1,0,999.0
DIVINER_01632,-83.3509,59.6755,231.9,166.3,65.6,0,999.0
DIVINER_01633,-82.0455,8.882,198.8,141.4,57.4,0,999.0
DIVINER_01634,-80.7282,50.1749,202.0,124.2,77.9,0,999.0
DIVINER_01635,-87.6536,-58.3204,207.0,131.5,75.5,0,999.0
DIVINER_01636,-86.0068,146.472,231.0,148.1,82.8,0,999.0
DIVINER_01637,-88.4758,31.4532,180.8,144.7,36.1,0,999.0
DIVINER_01638,-80.0752,-149.2551,187.1,182.7,4.4,0,999.0
DIVINER_01639,-80.73,-18.0706,221.1,158.2,62.9,0,999.0
DIVINER_01640,-84.6004,92.2882,237.8,163.9,73.9,0,999.0
DIVINER_01641,-81.5797,105.8884,218.6,168.2,50.4,0,999.0
DIVINER_01642,-84.7904,-1.9451,195.7,157.2,38.5,0,999.0
DIVINER_01643,-83.7641,142.1091,211.2,173.9,37.3,0,999.0
DIVINER_01644,-89.1088,-83.6394,238.5,174.8,63.7,0,999.0
DIVINER_01645,-82.4473,-32.1845,211.7,144.6,67.1,0,999.0
DIVINER_01646,-88.7229,143.4949,61.4,63.0,-1.6,1,0.0
DIVINER_01647,-81.7393,142.6524,203.0,189.0,14.0,0,999.0
DIVINER_01648,-82.1797,66.8566,238.0,165.0,73.0,0,999.0
DIVINER_01649,-82.9126,129.233,223.1,169.6,53.5,0,999.0
DIVINER_01650,-89.6384,-148.0416,221.2,173.0,48.3,0,999.0
DIVINER_01651,-86.9687,131.3982,193.9,162.9,31.0,0,999.0
DIVINER_01652,-87.3689,-64.5768,213.6,153.0,60.6,0,999.0
DIVINER_01653,-86.3986,-115.8007,201.4,188.9,12.5,0,999.0
DIVINER_01654,-89.1236,-93.8269,194.4,170.9,23.5,0,999.0
DIVINER_01655,-80.6304,-29.5313,233.7,179.2,54.5,0,999.0
DIVINER_01656,-84.462,-89.5709,203.0,150.8,52.2,0,999.0
DIVINER_01657,-86.9448,-64.5957,197.0,183.3,13.6,0,999.0
DIVINER_01658,-86.0302,-131.4077,235.9,171.3,64.7,0,999.0
DIVINER_01659,-85.528,-73.3764,191.8,172.2,19.6,0,999.0
DIVINER_01660,-83.9941,26.0222,224.7,126.1,98.6,0,999.0
DIVINER_01661,-84.8432,-20.9327,219.2,163.2,55.9,0,999.0
DIVINER_01662,-80.8061,-55.1812,235.2,143.5,91.8,0,999.0
DIVINER_01663,-85.0304,88.7228,229.9,166.8,63.1,0,999.0
DIVINER_01664,-80.0784,141.6636,222.3,159.8,62.5,0,999.0
DIVINER_01665,-81.4858,92.4441,198.9,127.8,71.1,0,999.0
DIVINER_01666,-87.9149,-60.4797,209.7,157.1,52.6,0,999.0
DIVINER_01667,-80.694,87.9992,236.7,151.6,85.1,0,999.0
DIVINER_01668,-88.8363,-125.2871,181.4,174.4,7.0,0,999.0
DIVINER_01669,-81.8255,-133.0855,227.7,155.2,72.5,0,999.0
DIVINER_01670,-86.1938,-55.5743,195.1,153.7,41.4,0,999.0
DIVINER_01671,-81.2203,110.7729,191.1,170.4,20.7,0,999.0
DIVINER_01672,-81.3194,-91.3146,193.9,166.8,27.1,0,999.0
DIVINER_01673,-81.9407,-157.2288,183.6,189.4,-5.8,0,999.0
DIVINER_01674,-82.0997,-132.5846,239.5,144.6,94.9,0,999.0
DIVINER_01675,-86.9532,129.1482,232.2,168.2,64.0,0,999.0
DIVINER_01676,-89.1908,48.162,211.3,131.7,79.6,0,999.0
DIVINER_01677,-85.9702,-88.8476,222.9,176.3,46.6,0,999.0
DIVINER_01678,-88.2648,19.9065,213.4,175.0,38.4,0,999.0
DIVINER_01679,-83.0505,9.9287,228.7,170.8,57.9,0,999.0
DIVINER_01680,-86.539,55.957,230.7,128.3,102.4,0,999.0
DIVINER_01681,-80.2439,-96.0525,194.0,189.1,4.8,0,999.0
DIVINER_01682,-83.5903,131.1851,207.6,186.0,21.6,0,999.0
DIVINER_01683,-81.7752,-68.6273,218.1,145.9,72.2,0,999.0
DIVINER_01684,-88.6748,69.8874,238.7,160.4,78.3,0,999.0
DIVINER_01685,-81.3799,-174.1951,221.0,182.2,38.7,0,999.0
DIVINER_01686,-80.7724,-45.8434,233.9,154.6,79.2,0,999.0
DIVINER_01687,-85.1294,-53.3845,230.8,161.9,68.8,0,999.0
DIVINER_01688,-83.9375,15.6544,214.9,162.2,52.7,0,999.0
DIVINER_01689,-82.3519,-153.8149,233.6,165.4,68.2,0,999.0
DIVINER_01690,-88.2516,104.4473,202.6,160.3,42.4,0,999.0
DIVINER_01691,-84.9743,-101.5989,202.8,148.4,54.3,0,999.0
DIVINER_01692,-86.0134,63.7336,226.9,157.8,69.1,0,999.0
DIVINER_01693,-88.5363,109.1564,188.1,181.0,7.1,0,999.0
DIVINER_01694,-86.3247,22.2757,198.3,180.5,17.9,0,999.0
DIVINER_01695,-89.3183,86.718,216.5,174.1,42.4,0,999.0
DIVINER_01696,-89.7419,58.2697,205.2,149.0,56.2,0,999.0
DIVINER_01697,-88.6483,-52.0093,236.4,175.0,61.4,0,999.0
DIVINER_01698,-80.3688,111.1891,237.5,147.1,90.4,0,999.0
DIVINER_01699,-84.5047,-73.9075,210.2,166.5,43.7,0,999.0
DIVINER_01700,-80.3418,25.6367,212.3,159.7,52.6,0,999.0
DIVINER_01701,-85.675,88.3432,60.2,56.6,3.5,1,0.0
DIVINER_01702,-86.8818,-43.5759,207.4,151.7,55.7,0,999.0
DIVINER_01703,-84.9386,-71.0037,191.4,178.1,13.3,0,999.0
DIVINER_01704,-85.6049,-14.6354,224.8,183.9,40.9,0,999.0
DIVINER_01705,-88.9434,114.4669,224.3,134.4,89.9,0,999.0
DIVINER_01706,-83.5917,154.7718,194.7,151.9,42.8,0,999.0
DIVINER_01707,-87.8396,16.23,230.0,150.3,79.6,0,999.0
DIVINER_01708,-83.8041,58.1278,216.8,154.2,62.6,0,999.0
DIVINER_01709,-83.498,145.1785,194.2,188.4,5.8,0,999.0
DIVINER_01710,-88.4798,-144.5231,219.1,156.3,62.8,0,999.0
DIVINER_01711,-89.3865,-96.4517,194.0,178.1,15.9,0,999.0
DIVINER_01712,-82.1924,75.204,195.9,166.5,29.4,0,999.0
DIVINER_01713,-85.402,116.548,230.9,127.5,103.4,0,999.0
DIVINER_01714,-89.4184,128.5305,235.8,168.7,67.1,0,999.0
DIVINER_01715,-80.0513,-30.5614,195.4,165.3,30.1,0,999.0
DIVINER_01716,-89.4222,-147.8376,235.7,173.1,62.6,0,999.0
DIVINER_01717,-83.0496,-22.3987,194.3,125.2,69.1,0,999.0
DIVINER_01718,-80.1632,-96.9355,187.0,136.9,50.1,0,999.0
DIVINER_01719,-87.6082,-75.1693,183.5,173.9,9.6,0,999.0
DIVINER_01720,-88.5775,98.0163,194.5,145.9,48.6,0,999.0
DIVINER_01721,-88.7862,-152.8102,203.1,183.8,19.4,0,999.0
DIVINER_01722,-86.9672,117.9292,235.7,156.2,79.4,0,999.0
DIVINER_01723,-88.9895,-26.0391,194.5,120.1,74.5,0,999.0
DIVINER_01724,-83.0784,34.583,201.9,168.9,33.0,0,999.0
DIVINER_01725,-89.3771,-147.7252,224.0,155.9,68.1,0,999.0
DIVINER_01726,-84.9058,-58.5507,198.1,142.2,55.9,0,999.0
DIVINER_01727,-80.033,-147.7077,80.5,57.1,23.4,1,0.0
DIVINER_01728,-81.8603,166.1557,205.9,133.9,72.0,0,999.0
DIVINER_01729,-83.8478,110.6142,191.8,131.3,60.5,0,999.0
DIVINER_01730,-86.9375,-14.5322,224.0,160.8,63.2,0,999.0
DIVINER_01731,-83.761,-99.5031,181.6,173.9,7.8,0,999.0
DIVINER_01732,-84.7296,156.0438,197.5,136.4,61.1,0,999.0
DIVINER_01733,-85.7392,-55.9452,201.4,168.8,32.5,0,999.0
DIVINER_01734,-88.6929,-122.0456,207.5,183.0,24.5,0,999.0
DIVINER_01735,-81.134,22.7392,220.8,163.5,57.3,0,999.0
DIVINER_01736,-85.5022,159.7587,207.6,174.3,33.3,0,999.0
DIVINER_01737,-88.0538,-178.6211,215.7,134.3,81.4,0,999.0
DIVINER_01738,-86.3224,-94.2751,97.0,54.1,42.9,1,0.0
DIVINER_01739,-85.8587,157.8412,202.4,145.6,56.8,0,999.0
DIVINER_01740,-81.7246,-118.4091,236.0,169.6,66.4,0,999.0
DIVINER_01741,-82.6639,-139.2324,237.4,168.0,69.3,0,999.0
DIVINER_01742,-82.307,25.2674,214.9,186.9,28.1,0,999.0
DIVINER_01743,-89.8897,130.2638,184.3,164.1,20.2,0,999.0
DIVINER_01744,-85.8385,-8.2405,209.5,148.8,60.7,0,999.0
DIVINER_01745,-85.1866,178.0431,191.1,175.8,15.3,0,999.0
DIVINER_01746,-89.8081,64.5018,209.0,130.7,78.3,0,999.0
DIVINER_01747,-87.4019,-153.333,191.3,176.9,14.4,0,999.0
DIVINER_01748,-82.3971,177.4196,222.2,145.6,76.6,0,999.0
DIVINER_01749,-88.6289,-33.1581,184.8,130.8,54.0,0,999.0
DIVINER_01750,-84.6469,-76.5351,237.2,131.3,105.8,0,999.0
DIVINER_01751,-87.848,20.8365,191.7,188.9,2.9,0,999.0
DIVINER_01752,-89.8788,-70.4493,219.6,163.6,56.0,0,999.0
DIVINER_01753,-87.588,-148.8753,235.0,132.2,102.8,0,999.0
DIVINER_01754,-80.2413,-179.4858,194.9,138.8,56.1,0,999.0
DIVINER_01755,-81.9846,-18.15,236.1,146.0,90.0,0,999.0
DIVINER_01756,-80.4042,121.2708,203.3,123.9,79.4,0,999.0
DIVINER_01757,-85.1215,26.0335,237.6,127.6,110.0,0,999.0
DIVINER_01758,-88.9026,179.7146,238.3,173.3,65.0,0,999.0
DIVINER_01759,-84.5204,-76.7352,191.3,175.1,16.2,0,999.0
DIVINER_01760,-85.4562,-79.0362,229.9,189.2,40.7,0,999.0
DIVINER_01761,-81.5564,-122.4902,43.9,39.4,4.5,1,0.0
DIVINER_01762,-89.0192,-120.9371,193.6,182.2,11.3,0,999.0
DIVINER_01763,-85.1176,-77.3328,185.0,142.2,42.8,0,999.0
DIVINER_01764,-88.4995,105.4224,189.4,142.9,46.4,0,999.0
DIVINER_01765,-86.7532,146.0724,217.9,128.9,89.0,0,999.0
DIVINER_01766,-82.6264,171.0314,207.0,189.0,17.9,0,999.0
DIVINER_01767,-85.2398,-96.3757,227.5,188.7,38.8,0,999.0
DIVINER_01768,-86.2411,137.2671,199.9,180.5,19.4,0,999.0
DIVINER_01769,-86.0552,-61.8282,238.1,126.4,111.8,0,999.0
DIVINER_01770,-85.4055,-139.3774,183.0,178.9,4.1,0,999.0
DIVINER_01771,-82.1498,133.209,183.8,164.4,19.4,0,999.0
DIVINER_01772,-81.0792,48.998,222.1,129.0,93.1,0,999.0
DIVINER_01773,-80.4467,-120.6969,233.3,138.3,94.9,0,999.0
DIVINER_01774,-82.131,-25.2607,227.7,168.2,59.5,0,999.0
DIVINER_01775,-86.8459,-76.5872,209.4,176.2,33.1,0,999.0
DIVINER_01776,-83.1187,85.246,196.2,179.4,16.8,0,999.0
DIVINER_01777,-85.624,-16.7702,180.8,158.1,22.7,0,999.0
DIVINER_01778,-87.4533,176.1408,210.6,157.4,53.1,0,999.0
DIVINER_01779,-81.5913,-160.2918,208.5,167.9,40.6,0,999.0
DIVINER_01780,-89.6157,-52.1945,200.7,174.4,26.2,0,999.0
DIVINER_01781,-80.9824,-6.5159,214.7,131.9,82.7,0,999.0
DIVINER_01782,-85.3852,1.1281,223.7,171.8,51.9,0,999.0
DIVINER_01783,-83.628,-66.2631,222.1,143.9,78.1,0,999.0
DIVINER_01784,-83.4065,82.5265,195.8,146.9,48.9,0,999.0
DIVINER_01785,-81.0488,134.9089,215.1,125.4,89.7,0,999.0
DIVINER_01786,-83.6333,157.9389,188.9,161.2,27.7,0,999.0
DIVINER_01787,-83.8607,109.8336,187.3,126.5,60.8,0,999.0
DIVINER_01788,-89.3335,126.2089,92.3,62.3,30.0,1,0.0
DIVINER_01789,-84.8159,18.1963,221.6,163.5,58.2,0,999.0
DIVINER_01790,-88.4983,117.3198,226.1,189.3,36.8,0,999.0
DIVINER_01791,-82.6257,-70.7386,189.1,137.2,52.0,0,999.0
DIVINER_01792,-84.8778,-36.5476,234.9,167.6,67.3,0,999.0
DIVINER_01793,-83.1977,-65.9113,188.0,187.5,0.5,0,999.0
DIVINER_01794,-89.5833,-11.7406,232.2,140.9,91.3,0,999.0
DIVINER_01795,-89.1521,-77.1913,201.1,126.7,74.4,0,999.0
DIVINER_01796,-82.8368,166.1801,186.3,164.4,21.9,0,999.0
DIVINER_01797,-89.2792,-67.3759,197.2,145.6,51.6,0,999.0
DIVINER_01798,-89.2874,-144.704,190.9,139.1,51.8,0,999.0
DIVINER_01799,-89.8789,9.6542,209.4,189.6,19.9,0,999.0
DIVINER_01800,-80.435,-159.4443,237.0,172.8,64.2,0,999.0
DIVINER_01801,-82.6249,-140.2045,199.7,154.0,45.7,0,999.0
DIVINER_01802,-86.4675,-101.0198,216.7,123.5,93.2,0,999.0
DIVINER_01803,-87.0346,-12.8339,233.5,133.4,100.1,0,999.0
DIVINER_01804,-86.503,-24.0297,217.8,140.9,76.9,0,999.0
DIVINER_01805,-82.2535,107.8891,201.7,154.1,47.6,0,999.0
DIVINER_01806,-83.3863,86.2109,239.5,154.8,84.6,0,999.0
DIVINER_01807,-88.148,-26.5254,191.2,121.7,69.5,0,999.0
DIVINER_01808,-88.2589,-59.8665,211.4,186.0,25.4,0,999.0
DIVINER_01809,-89.016,-66.0712,227.8,158.0,69.8,0,999.0
DIVINER_01810,-83.397,98.6382,74.1,66.4,7.7,1,0.0
DIVINER_01811,-82.3563,-161.2539,222.1,169.1,53.0,0,999.0
DIVINER_01812,-87.3495,-175.3842,196.0,125.0,71.0,0,999.0
DIVINER_01813,-89.7906,106.396,190.2,170.5,19.7,0,999.0
DIVINER_01814,-89.1783,-8.2273,196.5,169.1,27.3,0,999.0
DIVINER_01815,-80.3214,-132.8828,238.0,188.9,49.1,0,999.0
DIVINER_01816,-87.0456,-95.1963,233.5,143.9,89.6,0,999.0
DIVINER_01817,-82.3078,155.7014,192.8,130.1,62.7,0,999.0
DIVINER_01818,-83.7534,129.4211,187.0,126.4,60.6,0,999.0
DIVINER_01819,-86.1806,75.5226,201.8,125.0,76.8,0,999.0
DIVINER_01820,-87.9431,-6.3989,91.5,45.3,46.2,1,0.0
DIVINER_01821,-88.7861,7.3165,232.0,170.3,61.7,0,999.0
DIVINER_01822,-83.8499,171.088,238.0,188.3,49.7,0,999.0
DIVINER_01823,-82.2537,167.6774,225.1,141.6,83.4,0,999.0
DIVINER_01824,-83.561,-102.5031,215.9,176.2,39.7,0,999.0
DIVINER_01825,-84.697,111.9976,188.5,126.5,62.0,0,999.0
DIVINER_01826,-89.5805,-108.9926,184.4,183.3,1.2,0,999.0
DIVINER_01827,-80.3151,-103.1265,215.8,123.6,92.1,0,999.0
DIVINER_01828,-82.0129,63.3935,212.3,175.2,37.2,0,999.0
DIVINER_01829,-87.0718,-34.1996,230.8,141.5,89.3,0,999.0
DIVINER_01830,-80.2003,155.356,199.4,132.7,66.7,0,999.0
DIVINER_01831,-83.9812,-147.9565,182.4,169.3,13.1,0,999.0
DIVINER_01832,-84.1758,4.1492,205.4,182.7,22.7,0,999.0
DIVINER_01833,-82.5193,150.6678,238.2,173.5,64.7,0,999.0
DIVINER_01834,-81.8823,145.4809,227.7,141.9,85.8,0,999.0
DIVINER_01835,-83.4352,-123.6495,182.0,144.7,37.3,0,999.0
DIVINER_01836,-88.719,-48.0104,71.0,37.3,33.7,1,0.0
DIVINER_01837,-86.6173,42.8837,208.3,177.7,30.6,0,999.0
DIVINER_01838,-80.7192,-122.6178,201.9,127.5,74.4,0,999.0
DIVINER_01839,-87.7538,168.488,200.8,183.2,17.6,0,999.0
DIVINER_01840,-86.2783,149.3098,215.7,162.1,53.6,0,999.0
DIVINER_01841,-85.6792,-119.8979,211.8,161.2,50.6,0,999.0
DIVINER_01842,-85.606,-136.384,219.4,178.6,40.8,0,999.0
DIVINER_01843,-83.8706,-149.2529,214.4,166.7,47.7,0,999.0
DIVINER_01844,-80.5692,147.3997,188.6,141.3,47.3,0,999.0
DIVINER_01845,-87.5931,-110.2954,195.4,144.5,51.0,0,999.0
DIVINER_01846,-88.785,-30.1374,230.5,132.1,98.3,0,999.0
DIVINER_01847,-88.0253,-18.4135,219.8,152.5,67.3,0,999.0
DIVINER_01848,-81.1308,35.644,206.9,127.7,79.2,0,999.0
DIVINER_01849,-83.5419,-154.1753,191.0,165.7,25.2,0,999.0
DIVINER_01850,-87.1409,-98.3669,180.5,131.8,48.6,0,999.0
DIVINER_01851,-81.8405,155.3365,198.7,180.5,18.2,0,999.0
DIVINER_01852,-81.3863,147.0276,183.3,169.0,14.3,0,999.0
DIVINER_01853,-81.5349,101.2646,208.9,182.4,26.5,0,999.0
DIVINER_01854,-80.8107,-173.0156,229.3,126.1,103.2,0,999.0
DIVINER_01855,-87.4776,-62.2776,197.1,175.9,21.2,0,999.0
DIVINER_01856,-82.4496,46.0651,230.9,181.7,49.2,0,999.0
DIVINER_01857,-85.3946,-80.9315,222.3,123.1,99.2,0,999.0
DIVINER_01858,-81.58,147.4512,187.5,189.9,-2.4,0,999.0
DIVINER_01859,-82.7151,48.2002,218.7,141.0,77.6,0,999.0
DIVINER_01860,-82.2355,-154.1136,189.1,134.8,54.3,0,999.0
DIVINER_01861,-83.4384,147.242,219.3,149.0,70.2,0,999.0
DIVINER_01862,-88.2257,164.796,188.6,120.6,68.0,0,999.0
DIVINER_01863,-84.5497,-152.0235,203.6,182.0,21.5,0,999.0
DIVINER_01864,-80.1533,11.6497,214.0,138.8,75.2,0,999.0
DIVINER_01865,-80.6261,-70.7889,183.0,156.5,26.5,0,999.0
DIVINER_01866,-89.5683,-38.5779,189.2,163.6,25.5,0,999.0
DIVINER_01867,-88.3519,-115.3256,199.2,175.4,23.8,0,999.0
DIVINER_01868,-88.6827,28.106,207.7,137.5,70.2,0,999.0
DIVINER_01869,-82.7402,164.8726,231.5,170.2,61.3,0,999.0
DIVINER_01870,-81.8221,1.1061,191.2,128.2,63.0,0,999.0
DIVINER_01871,-87.8649,-150.1508,200.8,169.3,31.6,0,999.0
DIVINER_01872,-84.9415,43.2005,208.5,184.4,24.2,0,999.0
DIVINER_01873,-81.593,-57.5197,197.7,126.0,71.8,0,999.0
DIVINER_01874,-82.672,128.1331,217.5,128.2,89.4,0,999.0
DIVINER_01875,-84.5776,-23.5159,195.4,159.0,36.4,0,999.0
DIVINER_01876,-84.0965,-110.5777,226.3,123.2,103.1,0,999.0
DIVINER_01877,-84.9164,-111.202,210.3,133.1,77.2,0,999.0
DIVINER_01878,-87.0245,96.7551,185.2,133.3,51.9,0,999.0
DIVINER_01879,-84.3498,-84.3885,217.6,153.7,63.9,0,999.0
DIVINER_01880,-83.1111,96.204,214.2,137.4,76.8,0,999.0
DIVINER_01881,-81.2668,-105.8806,200.3,153.3,47.0,0,999.0
DIVINER_01882,-83.6371,-64.1929,180.7,156.5,24.2,0,999.0
DIVINER_01883,-82.3888,-12.4247,192.0,171.1,20.9,0,999.0
DIVINER_01884,-88.3993,159.5505,78.1,66.1,12.0,1,0.0
DIVINER_01885,-85.3844,155.4233,192.0,155.3,36.7,0,999.0
DIVINER_01886,-89.9067,-105.5261,214.6,144.9,69.8,0,999.0
DIVINER_01887,-87.5332,-51.0411,222.7,138.1,84.6,0,999.0
DIVINER_01888,-82.7354,-126.2162,231.4,164.4,66.9,0,999.0
DIVINER_01889,-80.0819,3.5946,218.8,186.0,32.8,0,999.0
DIVINER_01890,-89.0082,-14.1903,221.3,173.5,47.8,0,999.0
DIVINER_01891,-85.9851,144.2737,83.5,27.1,56.4,1,0.0
DIVINER_01892,-81.9993,154.8019,239.1,182.5,56.6,0,999.0
DIVINER_01893,-87.9596,-41.9157,195.7,171.5,24.2,0,999.0
DIVINER_01894,-84.4492,-2.9743,196.0,129.0,67.0,0,999.0
DIVINER_01895,-82.6693,142.645,187.6,169.9,17.7,0,999.0
DIVINER_01896,-83.8401,110.4148,209.1,140.3,68.9,0,999.0
DIVINER_01897,-88.1198,-178.6837,185.8,154.4,31.4,0,999.0
DIVINER_01898,-86.4462,-64.7786,196.2,141.0,55.2,0,999.0
DIVINER_01899,-82.1621,-28.1613,209.0,125.9,83.1,0,999.0
DIVINER_01900,-84.4577,-97.3021,237.5,173.8,63.7,0,999.0
DIVINER_01901,-89.9477,-108.1542,64.5,61.2,3.3,1,0.0
DIVINER_01902,-82.3901,-166.3976,224.6,136.2,88.4,0,999.0
DIVINER_01903,-89.6469,51.6131,203.4,136.8,66.6,0,999.0
DIVINER_01904,-82.5427,-85.4963,231.9,150.1,81.8,0,999.0
DIVINER_01905,-87.9752,-161.155,232.5,176.8,55.7,0,999.0
DIVINER_01906,-80.4193,-96.8474,234.6,125.4,109.2,0,999.0
DIVINER_01907,-86.3206,108.689,218.4,176.6,41.8,0,999.0
DIVINER_01908,-86.7307,126.5361,192.1,184.6,7.5,0,999.0
DIVINER_01909,-88.5111,-6.0962,185.5,159.3,26.2,0,999.0
DIVINER_01910,-86.944,-30.2146,234.9,124.2,110.7,0,999.0
DIVINER_01911,-81.2335,172.0273,183.3,138.9,44.5,0,999.0
DIVINER_01912,-80.0367,-107.7967,197.8,127.8,70.0,0,999.0
DIVINER_01913,-86.3169,-102.4707,209.2,138.1,71.1,0,999.0
DIVINER_01914,-85.5139,-74.9278,181.3,176.8,4.5,0,999.0
DIVINER_01915,-82.7793,-117.8074,234.4,123.9,110.5,0,999.0
DIVINER_01916,-81.138,-43.4284,197.2,139.9,57.4,0,999.0
DIVINER_01917,-84.0696,147.9003,181.7,156.2,25.5,0,999.0
DIVINER_01918,-86.0847,41.5252,239.6,181.2,58.4,0,999.0
DIVINER_01919,-85.8738,-31.6992,198.7,137.5,61.2,0,999.0
DIVINER_01920,-83.0438,156.3879,232.6,174.5,58.1,0,999.0
DIVINER_01921,-89.9678,-162.5529,207.2,160.8,46.4,0,999.0
DIVINER_01922,-83.8041,-104.3006,219.8,167.3,52.4,0,999.0
DIVINER_01923,-86.4451,23.7199,194.5,180.3,14.1,0,999.0
DIVINER_01924,-82.058,41.5989,210.2,121.8,88.3,0,999.0
DIVINER_01925,-89.0701,-165.7593,195.5,157.1,38.4,0,999.0
DIVINER_01926,-84.118,-34.906,237.1,172.3,64.8,0,999.0
DIVINER_01927,-85.1903,53.6954,183.7,181.9,1.7,0,999.0
DIVINER_01928,-83.5767,71.3054,82.8,56.5,26.4,1,0.0
DIVINER_01929,-89.3515,49.7304,233.6,143.9,89.7,0,999.0
DIVINER_01930,-84.2002,-64.5972,208.8,125.5,83.3,0,999.0
DIVINER_01931,-84.3852,-146.3328,216.0,178.4,37.6,0,999.0
DIVINER_01932,-84.3934,-26.2395,219.1,180.0,39.1,0,999.0
DIVINER_01933,-83.9651,-133.6484,184.3,153.9,30.4,0,999.0
DIVINER_01934,-83.2353,161.1445,181.1,121.5,59.6,0,999.0
DIVINER_01935,-81.9501,-8.9385,236.3,127.2,109.1,0,999.0
DIVINER_01936,-87.3018,-65.7867,196.3,163.7,32.6,0,999.0
DIVINER_01937,-81.7495,95.8695,202.8,188.8,14.0,0,999.0
DIVINER_01938,-85.0174,-0.7385,220.9,178.7,42.2,0,999.0
DIVINER_01939,-89.2294,-68.3878,194.2,175.9,18.3,0,999.0
DIVINER_01940,-89.4145,112.3084,224.0,149.3,74.7,0,999.0
DIVINER_01941,-86.6576,132.1748,207.5,189.0,18.5,0,999.0
DIVINER_01942,-82.151,62.2829,231.4,177.7,53.6,0,999.0
DIVINER_01943,-82.9232,-163.0928,196.7,143.5,53.2,0,999.0
DIVINER_01944,-82.1139,23.8762,48.8,64.7,-15.9,1,0.0
DIVINER_01945,-84.8273,94.7862,229.9,150.3,79.6,0,999.0
DIVINER_01946,-85.598,-130.8589,199.6,166.2,33.3,0,999.0
DIVINER_01947,-88.5255,-97.6785,204.7,187.9,16.8,0,999.0
DIVINER_01948,-86.7181,137.6982,227.6,137.3,90.4,0,999.0
DIVINER_01949,-85.6598,-172.7562,218.1,175.7,42.5,0,999.0
DIVINER_01950,-89.114,90.9818,206.5,161.3,45.2,0,999.0
DIVINER_01951,-87.7939,-9.4416,195.0,186.5,8.5,0,999.0
DIVINER_01952,-84.0177,-19.162,225.9,129.4,96.4,0,999.0
DIVINER_01953,-82.6434,-177.4452,190.8,170.4,20.4,0,999.0
DIVINER_01954,-80.0165,114.9834,235.7,122.6,113.1,0,999.0
DIVINER_01955,-80.6689,-50.463,189.0,137.3,51.8,0,999.0
DIVINER_01956,-83.5743,14.6756,228.3,142.5,85.8,0,999.0
DIVINER_01957,-85.7875,63.8282,205.5,150.3,55.2,0,999.0
DIVINER_01958,-83.6382,72.9466,191.2,187.6,3.6,0,999.0
DIVINER_01959,-82.1435,164.1528,204.1,124.7,79.4,0,999.0
DIVINER_01960,-88.8166,11.2824,193.3,131.8,61.5,0,999.0
DIVINER_01961,-85.901,-36.101,188.2,134.2,53.9,0,999.0
DIVINER_01962,-81.602,163.3333,194.3,149.7,44.7,0,999.0
DIVINER_01963,-86.1617,51.1597,232.0,124.2,107.8,0,999.0
DIVINER_01964,-84.2813,-72.6659,96.1,25.2,70.8,1,0.0
DIVINER_01965,-84.1223,-134.4729,238.4,159.2,79.2,0,999.0
DIVINER_01966,-88.1552,123.3196,180.3,176.9,3.4,0,999.0
DIVINER_01967,-86.3776,-49.6146,219.5,174.1,45.4,0,999.0
DIVINER_01968,-86.6549,57.7691,231.4,166.3,65.1,0,999.0
DIVINER_01969,-89.738,-10.5061,236.0,183.3,52.7,0,999.0
DIVINER_01970,-89.7581,-108.3853,188.6,183.2,5.5,0,999.0
DIVINER_01971,-81.683,36.6072,221.9,128.9,92.9,0,999.0
DIVINER_01972,-87.2693,-158.1541,186.4,183.1,3.3,0,999.0
DIVINER_01973,-84.8192,-31.1967,201.2,156.7,44.5,0,999.0
DIVINER_01974,-87.0127,16.7814,223.9,138.8,85.2,0,999.0
DIVINER_01975,-80.5932,-23.0231,200.8,162.6,38.2,0,999.0
DIVINER_01976,-87.407,89.522,198.8,139.7,59.1,0,999.0
DIVINER_01977,-85.7034,118.053,187.0,153.5,33.4,0,999.0
DIVINER_01978,-81.2727,97.6475,184.0,177.2,6.8,0,999.0
DIVINER_01979,-81.5807,-166.0273,186.9,122.3,64.7,0,999.0
DIVINER_01980,-88.139,-110.1136,232.5,132.8,99.7,0,999.0
DIVINER_01981,-81.9736,13.1787,180.7,187.0,-6.3,0,999.0
DIVINER_01982,-85.4181,156.5359,221.6,151.2,70.4,0,999.0
DIVINER_01983,-85.1703,120.5844,226.1,141.2,84.9,0,999.0
DIVINER_01984,-88.6652,123.3124,214.1,184.6,29.4,0,999.0
DIVINER_01985,-89.194,-70.8451,223.8,183.8,40.1,0,999.0
DIVINER_01986,-82.7206,-25.3988,219.1,123.1,96.0,0,999.0
DIVINER_01987,-85.0354,-10.5459,207.3,145.4,62.0,0,999.0
DIVINER_01988,-85.6315,-123.3462,203.0,183.9,19.1,0,999.0
DIVINER_01989,-82.7049,-168.8155,236.5,132.6,103.9,0,999.0
DIVINER_01990,-82.3449,160.885,238.3,160.5,77.8,0,999.0
DIVINER_01991,-88.4109,-93.3435,219.1,142.5,76.6,0,999.0
DIVINER_01992,-83.8977,-93.6184,82.9,65.3,17.6,1,0.0
DIVINER_01993,-88.6465,-149.9835,206.9,131.1,75.8,0,999.0
DIVINER_01994,-82.4862,154.2628,209.8,161.7,48.1,0,999.0
DIVINER_01995,-83.4304,28.7054,52.9,48.1,4.8,1,0.0
DIVINER_01996,-80.4339,60.1333,220.1,137.7,82.4,0,999.0
DIVINER_01997,-89.3104,148.1677,210.9,131.4,79.5,0,999.0
DIVINER_01998,-89.4295,-55.5767,220.8,134.7,86.1,0,999.0
DIVINER_01999,-87.1781,43.7426,181.4,180.2,1.2,0,999.0
DIVINER_02000,-87.3829,-166.0322,226.6,184.0,42.6,0,999.0
DIVINER_02001,-87.5302,-112.7619,192.7,172.9,19.8,0,999.0
DIVINER_02002,-80.9375,119.2485,219.4,161.3,58.1,0,999.0
DIVINER_02003,-87.5045,96.0366,186.8,136.2,50.7,0,999.0
DIVINER_02004,-87.2805,-53.7686,186.9,139.2,47.6,0,999.0
DIVINER_02005,-82.406,-44.3482,182.1,141.7,40.4,0,999.0
DIVINER_02006,-85.5026,12.0796,234.6,174.4,60.2,0,999.0
DIVINER_02007,-82.2329,-179.9132,216.3,137.7,78.6,0,999.0
DIVINER_02008,-89.3463,-93.152,201.7,188.1,13.6,0,999.0
DIVINER_02009,-85.1243,-105.0365,227.3,175.8,51.5,0,999.0
DIVINER_02010,-89.6639,-89.8261,217.6,190.0,27.6,0,999.0
DIVINER_02011,-89.3735,110.1261,74.3,55.1,19.2,1,0.0
DIVINER_02012,-80.9356,-79.3174,209.2,161.3,48.0,0,999.0
DIVINER_02013,-88.6075,-111.0523,180.5,139.6,40.8,0,999.0
DIVINER_02014,-84.6758,1.5348,195.5,162.3,33.2,0,999.0
DIVINER_02015,-85.889,131.6322,186.5,188.2,-1.6,0,999.0
DIVINER_02016,-86.5266,-93.1141,219.7,122.1,97.6,0,999.0
DIVINER_02017,-81.0017,-151.727,194.9,140.3,54.7,0,999.0
DIVINER_02018,-89.7818,-51.6943,207.0,139.7,67.3,0,999.0
DIVINER_02019,-83.3621,89.1547,201.2,188.8,12.4,0,999.0
DIVINER_02020,-80.3661,18.2486,188.6,129.3,59.3,0,999.0
DIVINER_02021,-84.3983,114.0456,237.5,176.9,60.6,0,999.0
DIVINER_02022,-80.6318,165.4532,236.0,139.2,96.8,0,999.0
DIVINER_02023,-89.4774,105.3585,185.1,180.2,4.8,0,999.0
DIVINER_02024,-85.8121,37.3691,229.6,154.1,75.5,0,999.0
DIVINER_02025,-87.3984,-2.397,209.3,137.0,72.3,0,999.0
DIVINER_02026,-82.6918,-165.5751,226.4,169.7,56.7,0,999.0
DIVINER_02027,-80.187,174.3559,189.1,178.9,10.2,0,999.0
DIVINER_02028,-87.4347,-41.9468,58.8,70.0,-11.1,1,0.0
DIVINER_02029,-83.4583,-125.1978,233.4,170.0,63.5,0,999.0
DIVINER_02030,-88.019,60.0152,233.9,132.7,101.2,0,999.0
DIVINER_02031,-84.3467,-77.6562,208.0,185.6,22.3,0,999.0
DIVINER_02032,-85.3607,30.8802,232.2,126.8,105.5,0,999.0
DIVINER_02033,-80.2799,31.2364,220.0,135.5,84.5,0,999.0
DIVINER_02034,-83.9147,-19.5373,191.1,140.2,50.9,0,999.0
DIVINER_02035,-86.5049,121.0027,199.7,130.7,69.0,0,999.0
DIVINER_02036,-88.859,-84.6119,188.2,148.5,39.7,0,999.0
DIVINER_02037,-88.4875,-18.4923,226.4,152.0,74.4,0,999.0
DIVINER_02038,-87.7468,13.5692,239.1,156.3,82.8,0,999.0
DIVINER_02039,-87.4903,58.9049,212.8,122.9,89.9,0,999.0
DIVINER_02040,-81.4938,102.2299,219.4,135.3,84.0,0,999.0
DIVINER_02041,-84.3878,-37.8694,224.8,176.5,48.2,0,999.0
DIVINER_02042,-84.7661,52.5769,193.5,176.7,16.7,0,999.0
DIVINER_02043,-88.8523,-125.7801,87.9,29.4,58.5,1,0.0
DIVINER_02044,-81.3986,155.7533,204.7,152.3,52.5,0,999.0
DIVINER_02045,-82.7719,-42.0988,215.7,132.8,82.8,0,999.0
DIVINER_02046,-89.3233,82.6277,231.0,177.5,53.5,0,999.0
DIVINER_02047,-82.9216,-172.6772,195.3,187.0,8.3,0,999.0
DIVINER_02048,-84.5646,-106.1326,208.3,140.4,67.9,0,999.0
DIVINER_02049,-89.1827,-4.6503,225.1,174.7,50.4,0,999.0
DIVINER_02050,-85.417,136.1709,185.2,144.7,40.6,0,999.0
DIVINER_02051,-85.153,9.8119,210.8,120.2,90.6,0,999.0
DIVINER_02052,-88.3423,154.7534,188.7,162.0,26.7,0,999.0
DIVINER_02053,-80.543,-5.8331,212.3,148.7,63.6,0,999.0
DIVINER_02054,-81.5002,-3.4383,226.1,173.1,53.0,0,999.0
DIVINER_02055,-83.3098,-136.8912,194.2,172.4,21.8,0,999.0
DIVINER_02056,-85.377,108.9562,231.0,186.2,44.7,0,999.0
DIVINER_02057,-85.8823,-91.0925,200.1,150.6,49.4,0,999.0
DIVINER_02058,-83.4903,143.8605,191.4,153.8,37.7,0,999.0
DIVINER_02059,-84.5457,147.8967,207.9,148.0,59.9,0,999.0
DIVINER_02060,-89.3773,159.5916,232.6,140.8,91.8,0,999.0
DIVINER_02061,-84.875,7.283,184.1,164.6,19.5,0,999.0
DIVINER_02062,-81.936,63.7538,199.7,178.0,21.7,0,999.0
DIVINER_02063,-85.4076,100.2657,219.2,131.0,88.1,0,999.0
DIVINER_02064,-89.4804,-132.8347,201.5,188.7,12.7,0,999.0
DIVINER_02065,-82.1372,36.3446,184.2,167.9,16.4,0,999.0
DIVINER_02066,-87.9864,-167.6528,96.6,49.3,47.3,1,0.0
DIVINER_02067,-87.4138,-0.8762,229.3,189.9,39.3,0,999.0
DIVINER_02068,-88.3529,-124.2566,238.1,155.3,82.8,0,999.0
DIVINER_02069,-86.6978,-114.1477,182.4,125.0,57.4,0,999.0
DIVINER_02070,-82.4325,-48.5829,214.2,175.3,38.8,0,999.0
DIVINER_02071,-84.8061,-24.3226,186.3,181.0,5.4,0,999.0
DIVINER_02072,-87.9512,44.3421,220.8,131.4,89.5,0,999.0
DIVINER_02073,-81.2217,-153.2058,180.5,121.7,58.8,0,999.0
DIVINER_02074,-81.2042,1.329,180.9,129.5,51.4,0,999.0
DIVINER_02075,-81.2942,-114.255,226.6,142.7,83.9,0,999.0
DIVINER_02076,-87.612,26.6311,184.5,184.7,-0.2,0,999.0
DIVINER_02077,-85.4876,49.4657,198.3,120.2,78.1,0,999.0
DIVINER_02078,-80.1501,20.4153,237.5,176.3,61.2,0,999.0
DIVINER_02079,-82.2799,85.7864,239.1,179.8,59.3,0,999.0
DIVINER_02080,-89.7283,-59.1807,52.7,32.5,20.2,1,0.0
DIVINER_02081,-89.348,95.4384,213.7,125.8,87.9,0,999.0
DIVINER_02082,-85.3607,-24.2039,213.5,167.5,46.0,0,999.0
DIVINER_02083,-80.9078,-5.6936,207.1,186.8,20.4,0,999.0
DIVINER_02084,-84.613,53.3168,235.5,128.4,107.1,0,999.0
DIVINER_02085,-85.0219,-173.391,225.2,122.2,103.0,0,999.0
DIVINER_02086,-88.9453,55.4379,225.9,181.2,44.7,0,999.0
DIVINER_02087,-83.4322,42.6907,196.2,165.1,31.0,0,999.0
DIVINER_02088,-81.779,-68.455,206.1,165.3,40.8,0,999.0
DIVINER_02089,-86.1958,-149.1141,209.2,187.5,21.7,0,999.0
DIVINER_02090,-82.2439,-147.2632,197.9,173.9,24.1,0,999.0
DIVINER_02091,-80.3552,152.3605,185.7,147.8,37.9,0,999.0
DIVINER_02092,-87.9623,68.1406,187.6,150.5,37.1,0,999.0
DIVINER_02093,-84.7667,-134.2431,190.8,130.1,60.7,0,999.0
DIVINER_02094,-87.1286,-51.5797,192.2,141.3,50.9,0,999.0
DIVINER_02095,-82.0715,33.2939,194.5,151.2,43.4,0,999.0
DIVINER_02096,-84.2241,120.8058,195.3,138.3,57.1,0,999.0
DIVINER_02097,-83.6542,-164.2821,207.3,184.1,23.2,0,999.0
DIVINER_02098,-82.0209,-94.8121,210.6,120.8,89.7,0,999.0
DIVINER_02099,-86.0403,140.3096,198.5,161.1,37.4,0,999.0
DIVINER_02100,-80.8491,-176.7004,234.4,174.0,60.4,0,999.0
DIVINER_02101,-84.6697,-107.4963,213.2,171.2,41.9,0,999.0
DIVINER_02102,-88.4205,165.2487,227.2,165.1,62.2,0,999.0
DIVINER_02103,-83.041,40.8247,235.5,148.7,86.7,0,999.0
DIVINER_02104,-82.0674,-85.7983,189.8,184.3,5.5,0,999.0
DIVINER_02105,-86.8324,-155.8832,205.7,143.0,62.6,0,999.0
DIVINER_02106,-81.4282,-169.8511,206.0,172.5,33.5,0,999.0
DIVINER_02107,-80.9386,-91.8918,201.3,184.9,16.4,0,999.0
DIVINER_02108,-87.231,137.3349,180.5,129.0,51.5,0,999.0
DIVINER_02109,-80.1648,-30.2711,229.0,186.3,42.7,0,999.0
DIVINER_02110,-88.5929,79.32,186.7,174.3,12.4,0,999.0
DIVINER_02111,-87.9798,150.5826,239.7,163.2,76.6,0,999.0
DIVINER_02112,-88.1578,-33.1054,226.4,146.1,80.2,0,999.0
DIVINER_02113,-81.0601,-111.1401,70.9,49.3,21.7,1,0.0
DIVINER_02114,-83.4571,6.1625,189.3,123.1,66.2,0,999.0
DIVINER_02115,-88.479,146.9101,210.9,150.2,60.7,0,999.0
DIVINER_02116,-85.5968,109.5748,195.7,173.0,22.7,0,999.0
DIVINER_02117,-83.847,-156.3013,195.1,176.8,18.4,0,999.0
DIVINER_02118,-89.1654,69.3262,229.8,134.2,95.6,0,999.0
DIVINER_02119,-81.1758,25.8831,202.8,123.3,79.5,0,999.0
DIVINER_02120,-81.964,146.6867,207.0,176.2,30.8,0,999.0
DIVINER_02121,-84.9479,-135.9067,230.6,149.5,81.0,0,999.0
DIVINER_02122,-80.3287,12.253,185.3,130.0,55.2,0,999.0
DIVINER_02123,-85.8224,136.6066,215.7,126.0,89.7,0,999.0
DIVINER_02124,-80.1589,-32.3914,214.7,164.8,49.8,0,999.0
DIVINER_02125,-83.3208,-6.4818,205.5,160.8,44.7,0,999.0
DIVINER_02126,-83.6533,-154.6342,229.8,179.8,50.0,0,999.0
DIVINER_02127,-88.3405,-79.8683,236.6,122.2,114.4,0,999.0
DIVINER_02128,-81.1807,-63.1776,207.9,180.8,27.1,0,999.0
DIVINER_02129,-85.7251,160.2441,207.4,182.1,25.3,0,999.0
DIVINER_02130,-88.3777,-78.2398,210.1,151.2,58.9,0,999.0
DIVINER_02131,-89.8739,-14.0873,223.4,125.4,98.0,0,999.0
DIVINER_02132,-84.4024,61.6696,220.1,186.3,33.8,0,999.0
DIVINER_02133,-84.726,-121.614,193.4,125.0,68.3,0,999.0
DIVINER_02134,-82.8065,-4.8807,183.8,161.3,22.5,0,999.0
DIVINER_02135,-81.0974,85.8741,237.0,154.5,82.4,0,999.0
DIVINER_02136,-89.2059,132.0679,195.7,178.5,17.2,0,999.0
DIVINER_02137,-82.685,45.4533,218.3,155.2,63.1,0,999.0
DIVINER_02138,-88.1259,60.8593,229.7,152.8,76.9,0,999.0
DIVINER_02139,-81.4182,-134.5379,198.0,181.6,16.4,0,999.0
DIVINER_02140,-81.8094,160.4795,218.1,187.5,30.6,0,999.0
DIVINER_02141,-84.5921,-132.2733,186.5,158.4,28.0,0,999.0
DIVINER_02142,-82.8976,98.8823,238.2,151.8,86.4,0,999.0
DIVINER_02143,-86.8565,-84.6661,183.5,178.2,5.3,0,999.0
DIVINER_02144,-85.2883,156.0935,206.3,178.2,28.1,0,999.0
DIVINER_02145,-81.7836,79.1854,212.2,142.4,69.9,0,999.0
DIVINER_02146,-85.4073,91.3729,227.4,160.3,67.1,0,999.0
DIVINER_02147,-86.422,-101.1387,187.3,130.8,56.5,0,999.0
DIVINER_02148,-85.0579,-20.5056,206.4,164.5,42.0,0,999.0
DIVINER_02149,-81.7175,42.4128,198.0,178.4,19.6,0,999.0
DIVINER_02150,-86.6479,97.1905,198.7,133.1,65.6,0,999.0
DIVINER_02151,-88.2624,-142.5746,226.7,142.6,84.1,0,999.0
DIVINER_02152,-82.8799,166.4515,90.4,59.4,31.1,1,0.0
DIVINER_02153,-81.7402,140.4794,224.9,179.2,45.8,0,999.0
DIVINER_02154,-88.9936,-82.6745,228.6,171.2,57.4,0,999.0
DIVINER_02155,-87.6013,116.1937,234.1,142.2,91.9,0,999.0
DIVINER_02156,-88.5803,6.5966,217.6,137.0,80.6,0,999.0
DIVINER_02157,-86.5206,-13.7497,200.0,168.7,31.3,0,999.0
DIVINER_02158,-85.4965,-66.8037,205.6,153.6,52.0,0,999.0
DIVINER_02159,-82.5117,29.1487,238.2,161.5,76.6,0,999.0
DIVINER_02160,-83.4885,82.7601,232.9,165.4,67.5,0,999.0
DIVINER_02161,-83.7907,-32.0642,207.8,159.1,48.7,0,999.0
DIVINER_02162,-86.4763,46.5189,236.6,162.9,73.7,0,999.0
DIVINER_02163,-81.5855,71.7527,229.4,182.1,47.3,0,999.0
DIVINER_02164,-85.2871,76.0039,234.1,180.8,53.3,0,999.0
DIVINER_02165,-80.209,-161.2922,221.0,130.4,90.5,0,999.0
DIVINER_02166,-83.6586,129.5092,231.5,161.1,70.4,0,999.0
DIVINER_02167,-88.7374,-15.0288,233.5,150.8,82.8,0,999.0
DIVINER_02168,-83.2382,-85.5302,185.5,140.0,45.5,0,999.0
DIVINER_02169,-86.749,-92.9648,237.9,164.2,73.7,0,999.0
DIVINER_02170,-83.1367,-6.1149,200.0,155.8,44.3,0,999.0
DIVINER_02171,-89.3036,139.2594,206.4,174.2,32.2,0,999.0
DIVINER_02172,-88.2512,-43.7949,227.5,126.5,101.0,0,999.0
DIVINER_02173,-81.4426,89.9013,219.9,141.2,78.7,0,999.0
DIVINER_02174,-87.7282,-145.1453,233.6,121.8,111.8,0,999.0
DIVINER_02175,-81.6296,-8.6196,204.0,172.2,31.8,0,999.0
DIVINER_02176,-87.2072,177.007,202.4,183.9,18.5,0,999.0
DIVINER_02177,-83.5712,97.3576,181.9,161.1,20.8,0,999.0
DIVINER_02178,-83.0585,-104.2097,207.8,163.2,44.6,0,999.0
DIVINER_02179,-84.8735,0.5189,223.4,123.2,100.2,0,999.0
DIVINER_02180,-86.9469,-95.8951,198.1,155.3,42.8,0,999.0
DIVINER_02181,-87.8736,-32.5581,207.8,156.9,50.9,0,999.0
DIVINER_02182,-89.6681,100.8302,193.2,122.7,70.4,0,999.0
DIVINER_02183,-86.9605,97.6409,226.4,174.8,51.6,0,999.0
DIVINER_02184,-83.4684,-97.8839,183.6,139.5,44.1,0,999.0
DIVINER_02185,-80.617,152.0004,222.3,170.6,51.7,0,999.0
DIVINER_02186,-81.288,33.3245,202.7,148.2,54.5,0,999.0
DIVINER_02187,-82.3394,-43.2273,182.5,189.7,-7.2,0,999.0
DIVINER_02188,-82.1155,0.6968,231.2,134.9,96.4,0,999.0
DIVINER_02189,-83.3502,37.8257,209.3,124.1,85.2,0,999.0
DIVINER_02190,-87.3971,21.5606,216.0,188.6,27.4,0,999.0
DIVINER_02191,-80.928,-4.8942,223.9,137.1,86.9,0,999.0
DIVINER_02192,-83.2927,1.7758,219.3,164.5,54.8,0,999.0
DIVINER_02193,-84.3956,-116.4917,223.9,146.2,77.6,0,999.0
DIVINER_02194,-88.8901,112.5838,225.7,164.8,61.0,0,999.0
DIVINER_02195,-85.5294,15.0337,215.3,161.7,53.6,0,999.0
DIVINER_02196,-85.3964,-132.8112,201.9,169.5,32.4,0,999.0
DIVINER_02197,-81.3544,95.8166,194.6,121.3,73.3,0,999.0
DIVINER_02198,-84.5335,155.6798,234.2,178.5,55.6,0,999.0
DIVINER_02199,-86.196,161.0305,238.2,153.5,84.7,0,999.0
DIVINER_02200,-80.232,-47.1536,201.5,156.3,45.1,0,999.0
DIVINER_02201,-88.8928,-131.2139,186.7,148.8,38.0,0,999.0
DIVINER_02202,-85.7745,6.6239,193.4,189.3,4.1,0,999.0
DIVINER_02203,-89.5798,-139.4607,220.2,176.1,44.1,0,999.0
DIVINER_02204,-82.601,156.2355,190.4,141.8,48.6,0,999.0
DIVINER_02205,-80.8192,-113.9113,226.8,174.8,52.0,0,999.0
DIVINER_02206,-87.1996,-89.0043,79.9,70.0,10.0,1,0.0
DIVINER_02207,-81.4166,-33.6109,237.8,180.9,56.9,0,999.0
DIVINER_02208,-87.0778,-42.0608,180.6,122.2,58.4,0,999.0
DIVINER_02209,-80.8923,106.0786,237.5,144.9,92.6,0,999.0
DIVINER_02210,-82.4604,-15.7259,224.4,150.1,74.3,0,999.0
DIVINER_02211,-81.9509,-118.5234,185.0,172.1,12.9,0,999.0
DIVINER_02212,-89.8199,-83.8044,204.9,132.8,72.2,0,999.0
DIVINER_02213,-80.3719,3.2808,222.0,140.0,82.0,0,999.0
DIVINER_02214,-82.7333,-126.9166,237.4,170.7,66.7,0,999.0
DIVINER_02215,-86.9525,40.196,189.8,125.4,64.5,0,999.0
DIVINER_02216,-81.7061,23.669,187.7,134.1,53.6,0,999.0
DIVINER_02217,-87.1848,77.2928,208.3,172.7,35.6,0,999.0
DIVINER_02218,-81.2725,157.5737,238.1,181.3,56.8,0,999.0
DIVINER_02219,-88.8742,148.4116,238.3,171.0,67.3,0,999.0
DIVINER_02220,-82.9631,160.5872,193.7,156.9,36.8,0,999.0
DIVINER_02221,-84.593,-91.9024,199.2,126.9,72.2,0,999.0
DIVINER_02222,-89.0347,-132.6365,234.5,177.9,56.6,0,999.0
DIVINER_02223,-87.5811,-71.1804,224.1,128.7,95.4,0,999.0
DIVINER_02224,-89.876,142.2307,238.3,147.0,91.4,0,999.0
DIVINER_02225,-85.3123,169.9393,233.6,123.5,110.1,0,999.0
DIVINER_02226,-86.9873,129.357,192.9,169.7,23.2,0,999.0
DIVINER_02227,-84.0164,-140.3936,225.6,155.2,70.3,0,999.0
DIVINER_02228,-87.0276,161.0741,182.9,183.5,-0.6,0,999.0
DIVINER_02229,-87.0008,-27.5911,87.8,47.2,40.6,1,0.0
DIVINER_02230,-82.5681,-176.6483,216.1,177.3,38.8,0,999.0
DIVINER_02231,-89.5186,-20.7383,237.4,155.7,81.6,0,999.0
DIVINER_02232,-80.9711,-163.4151,237.6,145.6,92.0,0,999.0
DIVINER_02233,-81.4774,15.7961,183.0,165.0,18.0,0,999.0
DIVINER_02234,-83.322,-58.1206,189.6,175.3,14.3,0,999.0
DIVINER_02235,-84.0678,-9.5634,209.1,150.8,58.2,0,999.0
DIVINER_02236,-81.077,40.7413,232.8,136.3,96.5,0,999.0
DIVINER_02237,-88.1467,132.7684,228.9,184.1,44.8,0,999.0
DIVINER_02238,-89.2103,58.2846,237.9,141.9,96.0,0,999.0
DIVINER_02239,-87.6049,-23.7424,217.1,189.9,27.2,0,999.0
DIVINER_02240,-82.0542,114.994,195.4,173.7,21.7,0,999.0
DIVINER_02241,-89.6533,146.0096,181.5,168.1,13.4,0,999.0
DIVINER_02242,-84.1719,-136.8864,193.4,120.9,72.5,0,999.0
DIVINER_02243,-80.0456,11.4959,220.5,151.4,69.1,0,999.0
DIVINER_02244,-81.443,-77.5757,54.8,49.5,5.3,1,0.0
DIVINER_02245,-84.7855,-163.058,199.3,146.3,52.9,0,999.0
DIVINER_02246,-89.3636,60.6768,232.5,130.5,102.0,0,999.0
DIVINER_02247,-81.6863,130.5975,203.7,145.7,58.0,0,999.0
DIVINER_02248,-84.0102,-121.355,198.5,125.2,73.2,0,999.0
DIVINER_02249,-88.8507,112.4689,210.5,140.4,70.2,0,999.0
DIVINER_02250,-89.0614,127.2225,206.5,125.9,80.7,0,999.0
DIVINER_02251,-80.9037,149.1626,234.8,172.7,62.2,0,999.0
DIVINER_02252,-83.308,-84.4974,208.1,167.0,41.1,0,999.0
DIVINER_02253,-81.7071,145.4231,196.6,185.8,10.8,0,999.0
DIVINER_02254,-81.2102,-64.5614,230.6,146.6,84.0,0,999.0
DIVINER_02255,-84.2823,18.8417,239.9,175.0,64.9,0,999.0
DIVINER_02256,-84.8255,-161.8173,55.1,58.5,-3.4,1,0.0
DIVINER_02257,-85.6957,-164.2028,195.0,165.2,29.8,0,999.0
DIVINER_02258,-86.8305,79.3344,194.3,158.3,36.0,0,999.0
DIVINER_02259,-85.654,-19.9872,183.5,174.5,8.9,0,999.0
DIVINER_02260,-82.2612,-87.7347,184.6,122.9,61.7,0,999.0
DIVINER_02261,-83.9808,-111.4511,234.9,125.6,109.3,0,999.0
DIVINER_02262,-81.0748,61.1833,185.8,126.7,59.1,0,999.0
DIVINER_02263,-85.5662,-179.8554,209.1,140.2,68.9,0,999.0
DIVINER_02264,-83.9291,110.1208,221.9,161.4,60.5,0,999.0
DIVINER_02265,-83.6869,-151.4701,231.0,165.2,65.8,0,999.0
DIVINER_02266,-84.083,-111.0637,97.6,58.1,39.4,1,0.0
DIVINER_02267,-82.9737,-40.9549,206.3,139.7,66.6,0,999.0
DIVINER_02268,-87.6257,-5.4509,195.1,165.5,29.6,0,999.0
DIVINER_02269,-84.8764,-52.2018,195.3,128.2,67.1,0,999.0
DIVINER_02270,-88.9578,-64.5436,198.2,120.7,77.5,0,999.0
DIVINER_02271,-86.1549,167.0098,215.2,168.6,46.6,0,999.0
DIVINER_02272,-85.1233,50.9687,181.0,170.1,10.9,0,999.0
DIVINER_02273,-83.4778,-171.5641,91.3,61.3,30.1,1,0.0
DIVINER_02274,-80.4947,-25.1367,191.2,138.1,53.1,0,999.0
DIVINER_02275,-83.9935,135.0031,238.0,184.9,53.1,0,999.0
DIVINER_02276,-82.5641,-71.4758,49.4,46.8,2.6,1,0.0
DIVINER_02277,-84.9373,-145.9597,232.1,156.1,76.0,0,999.0
DIVINER_02278,-83.659,93.0185,191.7,189.2,2.5,0,999.0
DIVINER_02279,-89.2907,38.165,228.6,140.9,87.7,0,999.0
DIVINER_02280,-87.4561,25.3125,204.9,154.4,50.5,0,999.0
DIVINER_02281,-86.3815,-160.7124,190.7,185.0,5.7,0,999.0
DIVINER_02282,-85.2751,-129.4204,225.7,152.3,73.3,0,999.0
DIVINER_02283,-89.5435,44.1178,225.7,153.0,72.8,0,999.0
DIVINER_02284,-88.5998,-105.1834,239.8,125.6,114.2,0,999.0
DIVINER_02285,-87.2319,1.4652,226.9,134.8,92.1,0,999.0
DIVINER_02286,-80.2847,16.1574,188.7,131.1,57.7,0,999.0
DIVINER_02287,-86.6865,-77.9374,199.4,159.6,39.8,0,999.0
DIVINER_02288,-85.1796,161.4331,207.1,142.3,64.8,0,999.0
DIVINER_02289,-88.039,123.2871,187.6,125.4,62.2,0,999.0
DIVINER_02290,-83.8922,80.0545,227.3,155.7,71.6,0,999.0
DIVINER_02291,-87.1932,-151.9222,211.6,166.8,44.8,0,999.0
DIVINER_02292,-87.9301,-141.7932,236.7,171.6,65.1,0,999.0
DIVINER_02293,-84.8343,-2.5987,215.4,178.6,36.7,0,999.0
DIVINER_02294,-89.9449,-122.1432,211.4,153.7,57.6,0,999.0
DIVINER_02295,-89.9234,172.1756,47.8,66.0,-18.2,1,0.0
DIVINER_02296,-87.8093,-122.9327,189.0,167.9,21.1,0,999.0
DIVINER_02297,-89.6328,-4.5116,231.0,120.9,110.0,0,999.0
DIVINER_02298,-88.9197,-48.9164,239.4,164.3,75.1,0,999.0
DIVINER_02299,-86.6114,50.1791,67.7,53.3,14.4,1,0.0
DIVINER_02300,-81.9741,-133.5469,228.6,151.7,76.9,0,999.0
DIVINER_02301,-84.2795,-25.0861,217.7,140.7,76.9,0,999.0
DIVINER_02302,-84.8733,-81.1062,237.5,128.9,108.6,0,999.0
DIVINER_02303,-87.0651,139.5905,194.3,148.1,46.2,0,999.0
DIVINER_02304,-80.6825,-165.3891,212.7,141.6,71.1,0,999.0
DIVINER_02305,-86.0298,148.9419,204.5,187.2,17.3,0,999.0
DIVINER_02306,-89.1291,119.8779,212.5,186.0,26.5,0,999.0
DIVINER_02307,-83.8293,-72.8745,196.1,165.1,31.1,0,999.0
DIVINER_02308,-88.8616,104.1446,209.9,183.3,26.6,0,999.0
DIVINER_02309,-86.5478,-168.7631,217.5,172.6,44.9,0,999.0
DIVINER_02310,-84.9259,168.0716,184.9,144.2,40.7,0,999.0
DIVINER_02311,-81.2578,9.5742,71.6,46.3,25.4,1,0.0
DIVINER_02312,-85.0645,-70.8188,222.4,135.4,87.0,0,999.0
DIVINER_02313,-82.9774,-49.47,232.8,168.1,64.7,0,999.0
DIVINER_02314,-80.0718,-156.0941,205.6,123.1,82.4,0,999.0
DIVINER_02315,-88.6851,176.1658,183.7,178.2,5.5,0,999.0
DIVINER_02316,-87.2527,-165.8549,207.7,160.8,46.9,0,999.0
DIVINER_02317,-86.0542,55.7666,188.3,124.1,64.2,0,999.0
DIVINER_02318,-85.7817,-20.6151,218.8,181.0,37.8,0,999.0
DIVINER_02319,-85.8898,161.6098,182.8,181.4,1.4,0,999.0
DIVINER_02320,-80.9239,-91.4401,202.4,179.7,22.7,0,999.0
DIVINER_02321,-82.8597,11.5513,185.0,174.2,10.8,0,999.0
DIVINER_02322,-83.9209,-6.3518,180.2,167.5,12.7,0,999.0
DIVINER_02323,-86.9063,73.0319,76.3,29.1,47.2,1,0.0
DIVINER_02324,-81.7621,-155.5163,239.8,129.5,110.2,0,999.0
DIVINER_02325,-80.4494,-110.2359,213.3,140.2,73.1,0,999.0
DIVINER_02326,-81.788,-102.7567,194.3,144.3,50.0,0,999.0
DIVINER_02327,-89.9843,85.7343,234.7,145.1,89.6,0,999.0
DIVINER_02328,-83.636,-111.9101,235.4,159.6,75.8,0,999.0
DIVINER_02329,-89.4886,26.457,231.3,134.6,96.7,0,999.0
DIVINER_02330,-87.4239,-102.5122,212.7,133.3,79.4,0,999.0
DIVINER_02331,-89.4048,130.185,51.5,27.3,24.2,1,0.0
DIVINER_02332,-83.962,159.1868,185.3,120.5,64.8,0,999.0
DIVINER_02333,-83.1341,6.6575,233.8,130.5,103.3,0,999.0
DIVINER_02334,-88.8551,-53.1688,61.7,55.7,6.1,1,0.0
DIVINER_02335,-86.1616,-95.7392,206.1,130.4,75.6,0,999.0
DIVINER_02336,-85.4376,-162.0788,199.7,187.2,12.5,0,999.0
DIVINER_02337,-86.3095,-83.34,218.6,166.9,51.7,0,999.0
DIVINER_02338,-88.7897,55.5249,228.4,150.3,78.1,0,999.0
DIVINER_02339,-85.8105,12.1021,223.9,127.9,96.0,0,999.0
DIVINER_02340,-82.4882,159.8549,216.9,147.0,70.0,0,999.0
DIVINER_02341,-89.2899,-37.3402,193.9,165.5,28.3,0,999.0
DIVINER_02342,-89.1982,69.7908,195.8,187.8,7.9,0,999.0
DIVINER_02343,-86.4523,-3.8438,223.4,153.1,70.4,0,999.0
DIVINER_02344,-80.5827,4.5274,228.2,168.5,59.7,0,999.0
DIVINER_02345,-83.3143,-83.6012,187.0,133.7,53.3,0,999.0
DIVINER_02346,-83.2133,-16.2177,191.2,163.7,27.6,0,999.0
DIVINER_02347,-86.3808,-10.5174,220.8,136.7,84.1,0,999.0
DIVINER_02348,-84.0634,74.3913,203.3,133.9,69.5,0,999.0
DIVINER_02349,-89.8987,158.6304,213.8,155.6,58.2,0,999.0
DIVINER_02350,-83.639,-61.4443,216.9,134.8,82.1,0,999.0
DIVINER_02351,-80.8671,-164.8078,226.6,170.5,56.1,0,999.0
DIVINER_02352,-83.8743,-1.3338,228.3,185.6,42.7,0,999.0
DIVINER_02353,-81.263,16.0061,196.8,147.6,49.3,0,999.0
DIVINER_02354,-82.7603,-119.3614,212.5,142.6,69.9,0,999.0
DIVINER_02355,-88.7944,93.7673,187.4,132.3,55.1,0,999.0
DIVINER_02356,-80.9755,174.5745,230.5,147.3,83.2,0,999.0
DIVINER_02357,-89.3356,160.4789,230.7,159.2,71.6,0,999.0
DIVINER_02358,-84.6603,-109.0418,198.0,146.1,51.9,0,999.0
DIVINER_02359,-88.5786,135.1308,189.6,163.6,26.0,0,999.0
DIVINER_02360,-89.8829,73.6177,184.2,166.4,17.8,0,999.0
DIVINER_02361,-85.7797,-16.6152,214.5,126.8,87.7,0,999.0
DIVINER_02362,-87.0496,14.62,185.5,168.8,16.6,0,999.0
DIVINER_02363,-85.14,125.8561,220.8,183.0,37.8,0,999.0
DIVINER_02364,-84.228,-7.1514,44.6,68.0,-23.4,1,0.0
DIVINER_02365,-89.5626,-45.6453,216.8,158.6,58.2,0,999.0
DIVINER_02366,-88.77,-2.4309,232.6,162.3,70.3,0,999.0
DIVINER_02367,-84.4136,28.4867,202.7,169.7,33.0,0,999.0
DIVINER_02368,-86.5683,-111.932,234.1,147.0,87.1,0,999.0
DIVINER_02369,-82.7083,144.3268,182.2,177.3,4.9,0,999.0
DIVINER_02370,-83.4771,62.7073,186.8,157.8,29.0,0,999.0
DIVINER_02371,-81.544,47.9768,204.7,148.6,56.1,0,999.0
DIVINER_02372,-83.0751,-144.1814,215.6,170.3,45.3,0,999.0
DIVINER_02373,-85.7007,37.5026,181.9,184.9,-3.0,0,999.0
DIVINER_02374,-83.2703,-136.4542,214.0,176.8,37.2,0,999.0
DIVINER_02375,-87.2462,-151.6688,198.4,185.1,13.3,0,999.0
DIVINER_02376,-86.9369,9.8319,233.2,138.6,94.6,0,999.0
DIVINER_02377,-82.1101,-34.9972,212.0,128.3,83.7,0,999.0
DIVINER_02378,-85.5358,31.9717,215.3,157.4,57.9,0,999.0
DIVINER_02379,-82.0162,-147.88,236.7,123.1,113.6,0,999.0
DIVINER_02380,-81.7758,-24.8461,225.9,167.2,58.6,0,999.0
DIVINER_02381,-81.4244,-117.0768,206.3,136.8,69.5,0,999.0
DIVINER_02382,-80.8336,175.356,208.6,151.8,56.8,0,999.0
DIVINER_02383,-85.6901,22.0141,218.9,165.9,53.0,0,999.0
DIVINER_02384,-86.8113,67.4773,98.9,61.8,37.1,1,0.0
DIVINER_02385,-84.178,-62.8494,185.3,136.5,48.8,0,999.0
DIVINER_02386,-86.2883,-145.894,198.7,181.6,17.0,0,999.0
DIVINER_02387,-83.9893,171.3135,226.7,173.5,53.2,0,999.0
DIVINER_02388,-82.9441,-76.9467,195.4,162.1,33.4,0,999.0
DIVINER_02389,-83.1159,-27.4291,187.8,168.9,18.9,0,999.0
DIVINER_02390,-86.2545,53.951,193.1,149.1,44.1,0,999.0
DIVINER_02391,-88.3314,-171.109,220.7,146.3,74.4,0,999.0
DIVINER_02392,-85.6947,111.6933,216.8,131.2,85.6,0,999.0
DIVINER_02393,-88.5741,13.1681,221.3,176.3,45.0,0,999.0
DIVINER_02394,-81.099,-79.8418,199.3,146.7,52.6,0,999.0
DIVINER_02395,-86.5412,-157.8211,234.1,168.5,65.6,0,999.0
DIVINER_02396,-88.4554,-121.5006,207.1,141.0,66.1,0,999.0
DIVINER_02397,-89.7455,142.2122,210.8,175.7,35.1,0,999.0
DIVINER_02398,-83.5418,66.9687,236.9,127.4,109.6,0,999.0
DIVINER_02399,-83.631,-90.0354,238.8,163.8,75.0,0,999.0
DIVINER_02400,-86.594,-156.3837,219.7,176.5,43.2,0,999.0
DIVINER_02401,-89.2829,68.6215,236.7,166.2,70.5,0,999.0
DIVINER_02402,-85.9037,26.0668,212.5,168.7,43.8,0,999.0
DIVINER_02403,-86.8878,-34.373,198.4,156.8,41.6,0,999.0
DIVINER_02404,-83.2288,-49.0999,198.9,159.1,39.8,0,999.0
DIVINER_02405,-83.9422,-101.9469,213.5,124.6,88.9,0,999.0
DIVINER_02406,-86.3541,61.0601,216.3,137.6,78.7,0,999.0
DIVINER_02407,-87.8211,169.4405,206.4,170.5,35.8,0,999.0
DIVINER_02408,-80.1196,-116.7425,233.0,186.2,46.8,0,999.0
DIVINER_02409,-85.46,34.962,205.6,157.9,47.7,0,999.0
DIVINER_02410,-83.1173,-27.2934,196.4,170.8,25.6,0,999.0
DIVINER_02411,-88.5945,-19.1921,180.5,167.9,12.6,0,999.0
DIVINER_02412,-85.1441,-88.507,238.2,190.0,48.3,0,999.0
DIVINER_02413,-89.7246,117.0486,229.5,175.7,53.8,0,999.0
DIVINER_02414,-84.9454,-5.308,216.9,163.9,53.0,0,999.0
DIVINER_02415,-80.3598,15.6261,229.8,128.1,101.8,0,999.0
DIVINER_02416,-86.1579,-70.2861,228.6,145.4,83.2,0,999.0
DIVINER_02417,-89.61,-114.549,235.9,137.5,98.4,0,999.0
DIVINER_02418,-89.6904,-149.0723,203.2,179.8,23.4,0,999.0
DIVINER_02419,-86.1201,77.0829,213.3,151.2,62.1,0,999.0
DIVINER_02420,-88.3998,-109.3557,185.9,157.5,28.4,0,999.0
DIVINER_02421,-89.7665,68.4271,237.9,187.5,50.4,0,999.0
DIVINER_02422,-82.4379,-39.4645,239.1,178.6,60.5,0,999.0
DIVINER_02423,-85.4148,-30.3211,227.3,175.3,52.1,0,999.0
DIVINER_02424,-87.1076,-11.0961,207.2,130.0,77.3,0,999.0
DIVINER_02425,-80.9992,-47.6249,209.8,121.6,88.2,0,999.0
DIVINER_02426,-88.8386,-143.7768,206.1,128.8,77.3,0,999.0
DIVINER_02427,-80.4408,-68.5325,197.6,171.8,25.8,0,999.0
DIVINER_02428,-86.8603,58.9444,211.7,148.8,62.9,0,999.0
DIVINER_02429,-81.116,59.6824,183.2,128.2,55.0,0,999.0
DIVINER_02430,-83.9706,-76.9592,239.5,171.7,67.8,0,999.0
DIVINER_02431,-81.7329,-14.3631,205.4,133.6,71.8,0,999.0
DIVINER_02432,-80.1599,-110.359,235.6,161.2,74.4,0,999.0
DIVINER_02433,-87.1159,-104.2661,223.5,171.9,51.5,0,999.0
DIVINER_02434,-80.3886,-171.703,197.4,162.6,34.8,0,999.0
DIVINER_02435,-86.1052,142.8288,193.3,189.6,3.8,0,999.0
DIVINER_02436,-86.1449,-104.1456,239.7,150.4,89.3,0,999.0
DIVINER_02437,-86.5961,-98.0878,226.3,141.8,84.5,0,999.0
DIVINER_02438,-84.5859,-79.3435,195.0,134.1,60.9,0,999.0
DIVINER_02439,-88.4585,-134.1331,184.0,155.3,28.8,0,999.0
DIVINER_02440,-84.4629,50.1346,221.8,179.7,42.1,0,999.0
DIVINER_02441,-84.583,-152.9485,198.2,186.3,11.9,0,999.0
DIVINER_02442,-82.381,-131.6871,193.3,188.0,5.2,0,999.0
DIVINER_02443,-81.6635,52.1124,224.1,157.2,66.9,0,999.0
DIVINER_02444,-85.5956,-57.7222,220.8,162.4,58.4,0,999.0
DIVINER_02445,-86.9767,74.8612,48.7,48.2,0.5,1,0.0
DIVINER_02446,-87.4067,20.6729,236.6,152.6,83.9,0,999.0
DIVINER_02447,-88.0538,-87.8324,220.8,130.7,90.1,0,999.0
DIVINER_02448,-89.4235,54.2981,233.6,124.6,109.0,0,999.0
DIVINER_02449,-86.5755,-138.1415,47.6,31.1,16.5,1,0.0
DIVINER_02450,-87.2975,13.1077,197.8,133.0,64.8,0,999.0
DIVINER_02451,-80.3358,-22.6267,186.3,182.1,4.2,0,999.0
DIVINER_02452,-84.4229,-83.5655,198.3,173.3,25.0,0,999.0
DIVINER_02453,-86.5272,37.4418,238.3,163.3,75.0,0,999.0
DIVINER_02454,-84.1953,133.6801,237.8,123.3,114.5,0,999.0
DIVINER_02455,-88.608,179.6057,225.6,163.6,62.1,0,999.0
DIVINER_02456,-85.5596,38.7946,211.3,163.5,47.8,0,999.0
DIVINER_02457,-83.7377,-34.3059,226.8,150.7,76.1,0,999.0
DIVINER_02458,-85.111,-98.9254,213.2,166.0,47.2,0,999.0
DIVINER_02459,-85.9822,-87.4454,180.2,180.1,0.2,0,999.0
DIVINER_02460,-80.0615,-7.3962,210.1,173.1,37.0,0,999.0
DIVINER_02461,-81.1969,-47.78,215.9,153.1,62.8,0,999.0
DIVINER_02462,-83.7659,148.9732,80.4,60.4,20.0,1,0.0
DIVINER_02463,-84.3062,-47.4136,192.2,153.4,38.7,0,999.0
DIVINER_02464,-83.7934,-45.5599,196.4,186.2,10.2,0,999.0
DIVINER_02465,-87.9869,-41.9276,217.4,177.4,40.0,0,999.0
DIVINER_02466,-86.0486,121.1833,188.8,121.9,66.9,0,999.0
DIVINER_02467,-89.6054,54.2838,223.2,174.8,48.4,0,999.0
DIVINER_02468,-85.2445,41.1008,205.4,131.9,73.4,0,999.0
DIVINER_02469,-84.5698,-59.7085,201.2,160.0,41.2,0,999.0
DIVINER_02470,-87.7225,114.4455,228.4,176.5,52.0,0,999.0
DIVINER_02471,-80.3597,-166.189,210.4,159.3,51.1,0,999.0
DIVINER_02472,-80.9055,133.487,202.7,148.3,54.4,0,999.0
DIVINER_02473,-82.7786,4.59,232.7,142.5,90.2,0,999.0
DIVINER_02474,-84.6661,-36.6299,202.1,141.4,60.7,0,999.0
DIVINER_02475,-81.3003,-1.0198,67.7,53.2,14.5,1,0.0
DIVINER_02476,-88.6935,60.2696,210.3,177.8,32.5,0,999.0
DIVINER_02477,-82.0949,-175.4044,192.5,177.6,14.8,0,999.0
DIVINER_02478,-88.7518,133.7587,216.8,139.8,77.0,0,999.0
DIVINER_02479,-82.0579,-19.1738,197.1,175.9,21.2,0,999.0
DIVINER_02480,-87.2423,-56.5321,188.8,122.6,66.3,0,999.0
DIVINER_02481,-81.2291,-130.2316,185.2,134.5,50.7,0,999.0
DIVINER_02482,-80.5596,-21.7925,194.5,156.0,38.5,0,999.0
DIVINER_02483,-88.512,-1.3238,224.2,148.5,75.7,0,999.0
DIVINER_02484,-85.3732,-34.6872,230.3,127.8,102.4,0,999.0
DIVINER_02485,-80.1901,64.3176,231.7,122.9,108.8,0,999.0
DIVINER_02486,-85.1659,-28.4772,196.2,162.8,33.4,0,999.0
DIVINER_02487,-81.3645,166.1103,219.7,141.9,77.7,0,999.0
DIVINER_02488,-84.1127,35.7399,193.8,121.1,72.7,0,999.0
DIVINER_02489,-86.2467,110.6921,217.4,150.2,67.2,0,999.0
DIVINER_02490,-87.1422,-140.6319,233.2,141.5,91.8,0,999.0
DIVINER_02491,-87.9678,-36.9751,182.5,160.4,22.1,0,999.0
DIVINER_02492,-82.382,-58.7348,239.1,185.1,54.0,0,999.0
DIVINER_02493,-86.1346,25.0137,229.6,141.6,88.1,0,999.0
DIVINER_02494,-84.8872,130.0009,225.7,189.8,35.9,0,999.0
DIVINER_02495,-85.0767,-151.7982,221.5,126.0,95.5,0,999.0
DIVINER_02496,-84.2272,-153.8731,226.2,126.2,100.0,0,999.0
DIVINER_02497,-81.3442,126.1144,239.7,169.9,69.8,0,999.0
DIVINER_02498,-80.1926,-103.374,226.2,172.4,53.8,0,999.0
DIVINER_02499,-85.9242,60.7512,201.1,149.6,51.5,0,999.0
DIVINER_02500,-81.7248,15.4361,51.2,38.8,12.4,1,0.0
DIVINER_02501,-82.3547,119.8417,200.2,175.6,24.6,0,999.0
DIVINER_02502,-84.2647,-134.968,238.2,186.9,51.3,0,999.0
DIVINER_02503,-80.4395,-133.2781,234.0,189.3,44.7,0,999.0
DIVINER_02504,-87.9953,20.4546,214.1,164.4,49.6,0,999.0
DIVINER_02505,-88.9074,160.6963,226.9,171.8,55.1,0,999.0
DIVINER_02506,-81.4604,-30.6008,234.6,177.6,57.0,0,999.0
DIVINER_02507,-85.6085,-62.3008,194.6,175.9,18.7,0,999.0
DIVINER_02508,-81.5303,38.4082,214.8,189.5,25.2,0,999.0
DIVINER_02509,-81.0691,154.9615,208.9,176.7,32.2,0,999.0
DIVINER_02510,-89.3754,121.294,226.3,166.4,59.9,0,999.0
DIVINER_02511,-81.1654,178.3741,202.7,146.3,56.4,0,999.0
DIVINER_02512,-85.5168,-171.8753,222.5,161.9,60.7,0,999.0
DIVINER_02513,-84.8957,-139.3711,204.2,181.6,22.6,0,999.0
DIVINER_02514,-83.7341,39.4084,186.7,141.4,45.3,0,999.0
DIVINER_02515,-80.7362,115.4075,186.4,122.1,64.3,0,999.0
DIVINER_02516,-89.8088,-77.312,187.1,142.9,44.2,0,999.0
DIVINER_02517,-85.2316,-93.884,182.0,187.2,-5.3,0,999.0
DIVINER_02518,-83.1228,103.3113,212.0,175.6,36.4,0,999.0
DIVINER_02519,-82.7729,-159.7025,220.3,133.1,87.2,0,999.0
DIVINER_02520,-83.0747,-47.0222,187.6,120.8,66.8,0,999.0
DIVINER_02521,-88.6556,2.0913,216.7,166.8,49.9,0,999.0
DIVINER_02522,-87.006,21.7255,215.9,160.5,55.3,0,999.0
DIVINER_02523,-86.4128,82.3015,188.8,125.8,63.0,0,999.0
DIVINER_02524,-81.9556,-52.2555,204.2,187.6,16.6,0,999.0
DIVINER_02525,-87.2124,40.5664,225.3,163.2,62.1,0,999.0
DIVINER_02526,-87.893,30.7352,181.0,165.6,15.4,0,999.0
DIVINER_02527,-80.4255,17.1418,188.8,179.8,9.1,0,999.0
DIVINER_02528,-89.9114,50.574,239.7,143.6,96.2,0,999.0
DIVINER_02529,-80.0218,-86.5983,224.0,159.1,64.9,0,999.0
DIVINER_02530,-83.2318,-149.5264,207.8,160.3,47.5,0,999.0
DIVINER_02531,-81.7153,-137.0622,217.8,187.7,30.1,0,999.0
DIVINER_02532,-87.0538,-99.1503,230.8,129.2,101.6,0,999.0
DIVINER_02533,-89.8568,0.0713,230.5,173.1,57.4,0,999.0
DIVINER_02534,-82.6213,122.5594,199.5,160.3,39.2,0,999.0
DIVINER_02535,-81.6586,72.4656,209.5,179.2,30.3,0,999.0
DIVINER_02536,-82.5952,104.0546,218.3,178.2,40.0,0,999.0
DIVINER_02537,-88.5715,-53.6488,184.3,120.8,63.5,0,999.0
DIVINER_02538,-82.4657,-34.3247,236.7,138.0,98.8,0,999.0
DIVINER_02539,-82.3108,-38.2745,206.0,132.7,73.3,0,999.0
DIVINER_02540,-83.4146,-110.9257,202.3,152.3,49.9,0,999.0
DIVINER_02541,-82.3388,-157.962,234.4,183.4,51.1,0,999.0
DIVINER_02542,-81.5408,32.7298,187.1,120.4,66.7,0,999.0
DIVINER_02543,-83.864,176.118,182.4,154.2,28.2,0,999.0
DIVINER_02544,-89.114,-119.9413,221.1,181.9,39.2,0,999.0
DIVINER_02545,-85.1237,-163.1935,203.1,184.8,18.3,0,999.0
DIVINER_02546,-89.2235,100.6314,225.9,166.0,59.9,0,999.0
DIVINER_02547,-85.9246,-89.069,184.1,178.1,6.0,0,999.0
DIVINER_02548,-85.9289,118.6718,203.0,142.7,60.3,0,999.0
DIVINER_02549,-89.3399,73.4172,194.1,140.0,54.1,0,999.0
DIVINER_02550,-86.5118,160.4425,224.4,123.4,100.9,0,999.0
DIVINER_02551,-88.89,-32.7862,193.6,155.2,38.4,0,999.0
DIVINER_02552,-81.9176,58.3091,207.5,151.9,55.6,0,999.0
DIVINER_02553,-80.5231,-12.6523,229.1,146.0,83.1,0,999.0
DIVINER_02554,-89.2768,47.0119,234.9,127.9,107.0,0,999.0
DIVINER_02555,-80.4488,-18.1444,223.4,136.2,87.2,0,999.0
DIVINER_02556,-84.7742,-112.0924,205.8,134.3,71.5,0,999.0
DIVINER_02557,-87.0043,2.8431,214.3,186.1,28.2,0,999.0
DIVINER_02558,-89.2314,10.2903,221.4,187.7,33.7,0,999.0
DIVINER_02559,-84.9938,111.8174,232.5,120.2,112.3,0,999.0
DIVINER_02560,-82.0548,84.7875,233.3,131.9,101.4,0,999.0
DIVINER_02561,-82.9291,58.965,235.9,182.2,53.6,0,999.0
DIVINER_02562,-89.4977,-139.1806,47.1,60.4,-13.4,1,0.0
DIVINER_02563,-89.271,79.4219,188.8,186.0,2.8,0,999.0
DIVINER_02564,-85.9713,0.1099,224.9,146.6,78.3,0,999.0
DIVINER_02565,-87.0471,141.8758,228.9,157.7,71.2,0,999.0
DIVINER_02566,-87.6762,151.1535,232.7,173.5,59.2,0,999.0
DIVINER_02567,-87.19,-160.1436,235.5,137.1,98.4,0,999.0
DIVINER_02568,-81.9652,115.431,210.5,127.0,83.5,0,999.0
DIVINER_02569,-80.7077,-166.4289,219.3,176.7,42.6,0,999.0
DIVINER_02570,-85.949,-47.8189,180.6,188.9,-8.4,0,999.0
DIVINER_02571,-80.9389,15.228,214.4,166.1,48.3,0,999.0
DIVINER_02572,-86.785,-126.6837,208.4,177.8,30.6,0,999.0
DIVINER_02573,-85.2356,88.673,237.7,185.9,51.8,0,999.0
DIVINER_02574,-87.7397,-176.9923,234.1,136.0,98.1,0,999.0
DIVINER_02575,-83.5952,-119.3043,96.6,35.5,61.1,1,0.0
DIVINER_02576,-80.2102,29.0869,183.4,135.3,48.1,0,999.0
DIVINER_02577,-83.9651,77.1795,204.1,124.3,79.8,0,999.0
DIVINER_02578,-86.4219,149.9915,221.8,171.3,50.5,0,999.0
DIVINER_02579,-83.5218,73.9788,181.8,130.2,51.6,0,999.0
DIVINER_02580,-88.7708,61.8405,194.1,126.5,67.7,0,999.0
DIVINER_02581,-81.1134,-38.0372,233.3,145.0,88.2,0,999.0
DIVINER_02582,-84.9692,-179.5376,187.8,124.2,63.5,0,999.0
DIVINER_02583,-85.5065,-136.7427,183.1,132.6,50.5,0,999.0
DIVINER_02584,-84.1414,12.4396,214.8,124.9,89.9,0,999.0
DIVINER_02585,-83.7522,63.0468,236.8,181.4,55.4,0,999.0
DIVINER_02586,-89.2822,-29.7186,230.1,174.6,55.5,0,999.0
DIVINER_02587,-83.1738,83.0444,238.5,180.2,58.3,0,999.0
DIVINER_02588,-87.5807,7.8704,225.2,180.8,44.4,0,999.0
DIVINER_02589,-82.8605,-153.2966,206.2,186.1,20.1,0,999.0
DIVINER_02590,-81.7747,-110.8741,236.8,133.1,103.7,0,999.0
DIVINER_02591,-81.9604,122.3994,205.6,183.0,22.6,0,999.0
DIVINER_02592,-84.475,80.9686,201.0,156.8,44.3,0,999.0
DIVINER_02593,-84.7983,142.1143,206.9,131.6,75.3,0,999.0
DIVINER_02594,-88.5712,-137.6794,228.8,165.9,62.9,0,999.0
DIVINER_02595,-82.2465,176.4801,235.1,142.9,92.2,0,999.0
DIVINER_02596,-87.2859,-104.6136,201.5,123.3,78.2,0,999.0
DIVINER_02597,-85.033,-175.7592,207.7,125.5,82.2,0,999.0
DIVINER_02598,-87.1573,179.0723,233.9,149.7,84.2,0,999.0
DIVINER_02599,-88.6617,-78.8134,182.8,177.9,5.0,0,999.0
DIVINER_02600,-83.7044,60.487,227.0,141.8,85.3,0,999.0
DIVINER_02601,-89.4567,-116.3944,82.9,52.5,30.4,1,0.0
DIVINER_02602,-82.5135,28.8823,202.6,123.9,78.7,0,999.0
DIVINER_02603,-86.8241,145.4526,206.8,147.6,59.3,0,999.0
DIVINER_02604,-89.9987,-64.7348,205.1,128.9,76.2,0,999.0
DIVINER_02605,-84.8887,61.2914,225.4,180.4,44.9,0,999.0
DIVINER_02606,-89.5315,-112.3547,235.7,187.8,47.9,0,999.0
DIVINER_02607,-87.2383,44.9263,209.5,142.8,66.7,0,999.0
DIVINER_02608,-82.9302,-58.8779,230.0,189.2,40.7,0,999.0
DIVINER_02609,-89.3731,-103.965,223.9,172.7,51.3,0,999.0
DIVINER_02610,-81.6066,-67.2545,66.5,44.6,21.8,1,0.0
DIVINER_02611,-89.9618,-115.6172,68.3,49.6,18.7,1,0.0
DIVINER_02612,-87.5318,144.6898,220.0,178.4,41.6,0,999.0
DIVINER_02613,-82.591,-37.0127,181.4,157.4,24.0,0,999.0
DIVINER_02614,-86.8373,-91.6995,203.8,158.5,45.3,0,999.0
DIVINER_02615,-88.9811,-18.5732,239.6,151.3,88.2,0,999.0
DIVINER_02616,-86.3977,-64.607,218.2,147.7,70.6,0,999.0
DIVINER_02617,-87.2961,87.9909,200.1,121.9,78.1,0,999.0
DIVINER_02618,-81.5729,169.6392,195.0,163.5,31.5,0,999.0
DIVINER_02619,-86.8665,-22.3079,192.6,173.7,18.9,0,999.0
DIVINER_02620,-82.1107,129.972,204.1,175.3,28.8,0,999.0
DIVINER_02621,-81.0813,23.7107,191.6,163.7,27.9,0,999.0
DIVINER_02622,-85.6618,-123.3952,91.9,49.3,42.6,1,0.0
DIVINER_02623,-80.9006,68.6242,201.8,121.6,80.3,0,999.0
DIVINER_02624,-86.2268,4.8364,216.4,182.7,33.7,0,999.0
DIVINER_02625,-80.3592,54.2183,188.8,150.0,38.8,0,999.0
DIVINER_02626,-89.1071,140.2875,182.7,162.1,20.6,0,999.0
DIVINER_02627,-83.1298,-21.4436,182.1,133.6,48.5,0,999.0
DIVINER_02628,-85.0619,144.4239,42.7,49.7,-7.0,1,0.0
DIVINER_02629,-86.1235,90.2408,191.4,126.1,65.3,0,999.0
DIVINER_02630,-83.6729,-4.1022,212.4,175.9,36.4,0,999.0
DIVINER_02631,-82.9614,37.16,207.3,165.3,42.1,0,999.0
DIVINER_02632,-89.9564,-62.7908,199.5,163.5,36.0,0,999.0
DIVINER_02633,-88.3305,174.095,230.0,184.4,45.7,0,999.0
DIVINER_02634,-82.8695,60.2464,210.3,131.1,79.2,0,999.0
DIVINER_02635,-83.3361,-164.2151,185.5,131.9,53.6,0,999.0
DIVINER_02636,-80.3395,-62.4161,197.7,133.3,64.5,0,999.0
DIVINER_02637,-82.3896,44.3932,238.4,149.6,88.8,0,999.0
DIVINER_02638,-80.4923,-159.72,238.6,181.2,57.4,0,999.0
DIVINER_02639,-82.9746,-171.4017,195.3,181.7,13.6,0,999.0
DIVINER_02640,-87.0195,-17.9913,190.0,161.3,28.7,0,999.0
DIVINER_02641,-88.9464,-60.2315,209.7,166.1,43.7,0,999.0
DIVINER_02642,-82.1818,-22.2125,208.9,182.8,26.0,0,999.0
DIVINER_02643,-83.5585,-85.4304,204.6,163.7,40.9,0,999.0
DIVINER_02644,-89.5181,-120.7016,211.8,136.1,75.7,0,999.0
DIVINER_02645,-86.3995,68.0916,193.9,169.3,24.6,0,999.0
DIVINER_02646,-80.432,5.2456,186.9,173.9,13.0,0,999.0
DIVINER_02647,-84.996,-107.9445,214.2,164.5,49.8,0,999.0
DIVINER_02648,-85.6727,-64.9478,236.0,139.1,96.8,0,999.0
DIVINER_02649,-85.423,33.0508,188.3,148.0,40.3,0,999.0
DIVINER_02650,-87.9112,-153.9974,222.3,152.9,69.3,0,999.0
DIVINER_02651,-86.3129,-126.9169,206.3,130.2,76.1,0,999.0
DIVINER_02652,-86.3019,-153.6316,197.6,151.7,46.0,0,999.0
DIVINER_02653,-89.4764,112.4342,231.2,131.3,99.9,0,999.0
DIVINER_02654,-82.3243,90.8673,207.4,155.0,52.4,0,999.0
DIVINER_02655,-85.835,91.1927,215.0,123.6,91.4,0,999.0
DIVINER_02656,-81.7782,77.8771,206.6,186.4,20.2,0,999.0
DIVINER_02657,-81.4965,60.9788,184.9,137.2,47.6,0,999.0
DIVINER_02658,-87.8801,-8.2829,215.7,152.7,63.0,0,999.0
DIVINER_02659,-83.4265,51.2201,205.1,122.3,82.8,0,999.0
DIVINER_02660,-85.2772,-166.1898,185.2,133.5,51.7,0,999.0
DIVINER_02661,-81.1984,43.7272,215.7,168.5,47.2,0,999.0
DIVINER_02662,-87.8426,100.036,180.6,127.8,52.8,0,999.0
DIVINER_02663,-83.2219,0.129,192.5,164.0,28.5,0,999.0
DIVINER_02664,-83.9225,-51.2952,226.9,120.1,106.7,0,999.0
DIVINER_02665,-87.047,-80.1264,182.3,152.6,29.7,0,999.0
DIVINER_02666,-88.634,51.4087,218.8,170.5,48.3,0,999.0
DIVINER_02667,-83.4836,69.4084,237.0,184.8,52.1,0,999.0
DIVINER_02668,-82.614,133.5483,190.3,154.5,35.8,0,999.0
DIVINER_02669,-86.8437,-56.7597,205.0,178.8,26.2,0,999.0
DIVINER_02670,-83.5517,97.118,214.5,176.2,38.3,0,999.0
DIVINER_02671,-86.0487,22.0881,207.0,140.7,66.3,0,999.0
DIVINER_02672,-82.8679,137.8211,217.2,181.2,36.0,0,999.0
DIVINER_02673,-88.0078,10.0124,204.2,164.8,39.4,0,999.0
DIVINER_02674,-81.0978,6.3467,188.9,127.3,61.6,0,999.0
DIVINER_02675,-87.1259,28.0357,185.3,185.7,-0.4,0,999.0
DIVINER_02676,-86.3221,89.7535,224.7,132.4,92.3,0,999.0
DIVINER_02677,-89.4191,167.2886,194.3,152.9,41.4,0,999.0
DIVINER_02678,-88.8849,-153.5172,230.8,152.6,78.2,0,999.0
DIVINER_02679,-84.8414,-160.7635,224.6,163.8,60.8,0,999.0
DIVINER_02680,-87.3241,157.5181,183.0,166.5,16.4,0,999.0
DIVINER_02681,-81.6452,10.7552,192.1,136.3,55.8,0,999.0
DIVINER_02682,-89.8531,41.3651,197.5,144.7,52.8,0,999.0
DIVINER_02683,-86.2091,-6.3275,215.7,130.1,85.5,0,999.0
DIVINER_02684,-86.6265,-146.2833,228.6,128.8,99.8,0,999.0
DIVINER_02685,-89.8067,96.5122,183.6,177.8,5.9,0,999.0
DIVINER_02686,-88.7563,89.0009,195.0,172.6,22.4,0,999.0
DIVINER_02687,-85.8636,-67.7868,202.6,151.0,51.6,0,999.0
DIVINER_02688,-85.0714,-69.7539,191.0,126.7,64.3,0,999.0
DIVINER_02689,-85.9571,121.6229,212.7,151.5,61.2,0,999.0
DIVINER_02690,-84.6906,-153.9514,208.7,140.6,68.1,0,999.0
DIVINER_02691,-84.0487,137.1979,199.0,174.5,24.5,0,999.0
DIVINER_02692,-89.9008,-87.6018,211.0,126.8,84.2,0,999.0
DIVINER_02693,-85.359,33.4745,201.3,151.6,49.8,0,999.0
DIVINER_02694,-80.365,156.9579,200.6,161.4,39.2,0,999.0
DIVINER_02695,-84.8097,64.1241,195.9,189.0,6.9,0,999.0
DIVINER_02696,-83.2246,-30.8053,212.4,126.3,86.2,0,999.0
DIVINER_02697,-86.8814,68.2323,206.6,128.0,78.7,0,999.0
DIVINER_02698,-82.2601,-56.1673,191.8,189.2,2.6,0,999.0
DIVINER_02699,-82.2708,-80.187,180.8,148.4,32.4,0,999.0
DIVINER_02700,-84.787,178.806,189.1,172.1,17.0,0,999.0
DIVINER_02701,-80.2399,90.2845,182.6,174.8,7.7,0,999.0
DIVINER_02702,-88.7445,52.0992,205.9,142.0,63.9,0,999.0
DIVINER_02703,-89.8305,-52.0957,193.5,135.0,58.5,0,999.0
DIVINER_02704,-82.2984,-162.3021,205.2,139.3,65.9,0,999.0
DIVINER_02705,-81.9284,-168.8195,199.8,173.5,26.3,0,999.0
DIVINER_02706,-88.7979,19.5053,212.3,178.8,33.4,0,999.0
DIVINER_02707,-87.3442,94.3318,223.4,169.0,54.5,0,999.0
DIVINER_02708,-89.8245,13.4565,208.8,150.9,57.9,0,999.0
DIVINER_02709,-87.0669,122.6826,183.7,138.4,45.3,0,999.0
DIVINER_02710,-82.2686,-167.9664,181.1,149.8,31.3,0,999.0
DIVINER_02711,-84.8204,-47.9693,192.8,184.0,8.8,0,999.0
DIVINER_02712,-86.519,-94.6547,205.5,180.4,25.1,0,999.0
DIVINER_02713,-86.2826,-18.9817,182.7,142.6,40.1,0,999.0
DIVINER_02714,-89.9865,-153.9445,199.7,143.0,56.7,0,999.0
DIVINER_02715,-87.002,163.4874,233.2,174.6,58.6,0,999.0
DIVINER_02716,-83.5354,-99.6281,185.4,149.9,35.5,0,999.0
DIVINER_02717,-80.2581,152.0308,236.9,160.1,76.8,0,999.0
DIVINER_02718,-81.5294,-26.6785,231.4,149.6,81.8,0,999.0
DIVINER_02719,-89.7641,174.7887,229.9,137.0,92.9,0,999.0
DIVINER_02720,-81.0144,19.461,231.8,133.2,98.6,0,999.0
DIVINER_02721,-82.168,155.0998,184.8,129.8,55.0,0,999.0
DIVINER_02722,-82.1962,-178.0744,189.1,120.8,68.3,0,999.0
DIVINER_02723,-85.42,89.366,57.1,68.6,-11.5,1,0.0
DIVINER_02724,-86.0199,145.0982,186.7,132.0,54.7,0,999.0
DIVINER_02725,-86.9708,-129.7006,199.7,138.1,61.6,0,999.0
DIVINER_02726,-89.3431,-145.3947,229.8,125.3,104.5,0,999.0
DIVINER_02727,-87.7176,-27.1539,195.1,143.9,51.2,0,999.0
DIVINER_02728,-87.534,156.1244,194.7,156.4,38.3,0,999.0
DIVINER_02729,-85.1592,15.2592,220.6,186.1,34.4,0,999.0
DIVINER_02730,-82.5256,9.8843,185.8,144.3,41.5,0,999.0
DIVINER_02731,-85.2619,-129.1946,201.6,122.2,79.4,0,999.0
DIVINER_02732,-89.4216,-179.7158,197.7,145.4,52.4,0,999.0
DIVINER_02733,-80.4221,111.6504,230.8,177.2,53.6,0,999.0
DIVINER_02734,-80.5728,-148.4732,83.3,35.2,48.0,1,0.0
DIVINER_02735,-82.1481,48.1859,218.8,140.4,78.4,0,999.0
DIVINER_02736,-80.0867,149.2619,187.7,184.3,3.4,0,999.0
DIVINER_02737,-84.5552,-104.8853,235.7,140.8,94.9,0,999.0
DIVINER_02738,-80.3723,59.4982,199.3,187.9,11.4,0,999.0
DIVINER_02739,-89.2439,-151.6685,222.4,178.3,44.1,0,999.0
DIVINER_02740,-86.3432,37.3519,237.3,167.9,69.4,0,999.0
DIVINER_02741,-87.7462,-120.9846,210.5,161.9,48.6,0,999.0
DIVINER_02742,-88.0417,84.9433,210.5,135.7,74.7,0,999.0
DIVINER_02743,-88.592,-71.5567,187.0,171.1,15.9,0,999.0
DIVINER_02744,-83.7759,-13.1792,203.4,144.3,59.1,0,999.0
DIVINER_02745,-82.1868,35.795,231.1,154.0,77.2,0,999.0
DIVINER_02746,-84.217,-118.3416,188.1,127.3,60.8,0,999.0
DIVINER_02747,-88.5304,86.9896,235.1,140.7,94.3,0,999.0
DIVINER_02748,-81.8888,-71.0495,220.0,157.0,63.0,0,999.0
DIVINER_02749,-83.6405,58.4539,205.3,152.8,52.5,0,999.0
DIVINER_02750,-86.1183,-123.0181,212.8,144.0,68.7,0,999.0
DIVINER_02751,-83.2587,67.7224,61.7,49.9,11.8,1,0.0
DIVINER_02752,-87.401,-133.8523,193.0,172.1,20.9,0,999.0
DIVINER_02753,-86.5481,-26.8717,197.2,152.2,45.0,0,999.0
DIVINER_02754,-80.8251,-91.0058,203.1,155.4,47.7,0,999.0
DIVINER_02755,-87.095,89.4151,234.9,169.1,65.9,0,999.0
DIVINER_02756,-85.3001,-85.6674,202.1,178.9,23.1,0,999.0
DIVINER_02757,-81.0986,137.4182,211.4,156.9,54.5,0,999.0
DIVINER_02758,-82.9228,141.0553,189.7,186.4,3.3,0,999.0
DIVINER_02759,-89.378,-109.2811,224.2,144.7,79.4,0,999.0
DIVINER_02760,-88.527,40.9845,213.6,137.7,75.9,0,999.0
DIVINER_02761,-89.9216,-148.4216,77.5,53.1,24.4,1,0.0
DIVINER_02762,-83.6908,-39.0466,236.8,132.3,104.5,0,999.0
DIVINER_02763,-85.5233,76.7958,233.4,183.0,50.4,0,999.0
DIVINER_02764,-88.6573,57.3924,219.6,147.1,72.5,0,999.0
DIVINER_02765,-80.4207,44.8922,235.3,168.9,66.4,0,999.0
DIVINER_02766,-84.7034,-78.2853,213.9,159.9,54.0,0,999.0
DIVINER_02767,-87.5811,-43.911,229.6,123.8,105.8,0,999.0
DIVINER_02768,-84.994,-142.9394,204.6,169.6,34.9,0,999.0
DIVINER_02769,-83.2038,78.8482,185.2,175.3,9.9,0,999.0
DIVINER_02770,-89.2376,1.4,239.6,188.8,50.9,0,999.0
DIVINER_02771,-87.253,75.1556,189.9,149.1,40.8,0,999.0
DIVINER_02772,-81.9303,-90.3803,195.1,155.2,39.9,0,999.0
DIVINER_02773,-85.4034,-63.2022,189.8,181.2,8.5,0,999.0
DIVINER_02774,-84.5342,-59.6825,200.2,138.8,61.4,0,999.0
DIVINER_02775,-85.6718,-170.7327,197.4,133.2,64.1,0,999.0
DIVINER_02776,-89.561,-57.2228,216.1,129.3,86.8,0,999.0
DIVINER_02777,-88.3425,109.1896,239.8,188.5,51.3,0,999.0
DIVINER_02778,-85.5446,143.0275,183.2,138.9,44.2,0,999.0
DIVINER_02779,-87.9081,6.5586,226.7,173.0,53.7,0,999.0
DIVINER_02780,-89.5002,-16.0194,187.7,151.5,36.2,0,999.0
DIVINER_02781,-81.5635,-168.9031,181.2,136.8,44.3,0,999.0
DIVINER_02782,-80.1881,136.5136,218.3,183.9,34.4,0,999.0
DIVINER_02783,-82.0686,-175.3163,232.4,152.5,79.9,0,999.0
DIVINER_02784,-81.4622,160.11,67.4,32.5,35.0,1,0.0
DIVINER_02785,-87.5802,-3.8822,200.5,135.6,64.9,0,999.0
DIVINER_02786,-80.3937,-56.9036,190.1,142.7,47.4,0,999.0
DIVINER_02787,-88.0307,152.7186,234.4,172.3,62.1,0,999.0
DIVINER_02788,-80.4857,-171.2192,196.2,144.0,52.2,0,999.0
DIVINER_02789,-80.0518,29.313,206.7,155.4,51.3,0,999.0
DIVINER_02790,-82.8828,17.6157,233.7,128.0,105.7,0,999.0
DIVINER_02791,-80.1886,-101.0447,213.2,179.5,33.7,0,999.0
DIVINER_02792,-84.3046,-25.6005,236.0,171.6,64.3,0,999.0
DIVINER_02793,-87.4046,54.815,235.6,173.3,62.3,0,999.0
DIVINER_02794,-85.63,81.7672,207.7,132.5,75.2,0,999.0
DIVINER_02795,-84.0644,-179.7419,214.9,154.7,60.3,0,999.0
DIVINER_02796,-89.2692,157.2672,193.8,121.9,71.9,0,999.0
DIVINER_02797,-83.7766,-120.7709,239.4,142.1,97.4,0,999.0
DIVINER_02798,-80.1882,-95.911,196.7,144.4,52.3,0,999.0
DIVINER_02799,-88.0989,-85.1496,227.0,184.0,43.0,0,999.0
DIVINER_02800,-82.074,-166.3848,198.8,189.5,9.3,0,999.0
DIVINER_02801,-80.921,-135.7012,198.8,163.2,35.5,0,999.0
DIVINER_02802,-80.563,175.086,186.2,156.2,30.1,0,999.0
DIVINER_02803,-80.3986,-66.522,213.6,150.8,62.8,0,999.0
DIVINER_02804,-84.7854,-138.4916,194.7,121.3,73.4,0,999.0
DIVINER_02805,-80.2269,-141.4831,188.9,176.0,12.9,0,999.0
DIVINER_02806,-82.4269,79.0056,193.6,167.0,26.6,0,999.0
DIVINER_02807,-88.3833,127.6447,195.1,165.5,29.6,0,999.0
DIVINER_02808,-85.231,-87.4972,210.2,176.6,33.6,0,999.0
DIVINER_02809,-82.8167,-172.4726,203.2,185.0,18.2,0,999.0
DIVINER_02810,-87.5266,-99.6876,184.5,147.3,37.3,0,999.0
DIVINER_02811,-83.5938,-159.6544,212.2,149.8,62.3,0,999.0
DIVINER_02812,-83.334,-142.7778,227.3,188.3,39.0,0,999.0
DIVINER_02813,-88.373,-24.6571,214.5,166.5,47.9,0,999.0
DIVINER_02814,-84.3491,-97.2294,238.5,179.6,58.9,0,999.0
DIVINER_02815,-82.2837,5.7405,185.9,135.5,50.4,0,999.0
DIVINER_02816,-85.011,-88.7422,229.3,142.2,87.1,0,999.0
DIVINER_02817,-89.879,158.5934,210.3,147.4,62.9,0,999.0
DIVINER_02818,-89.9096,146.1398,211.3,142.2,69.1,0,999.0
DIVINER_02819,-86.4297,24.0502,211.1,181.9,29.2,0,999.0
DIVINER_02820,-80.7381,-52.4074,199.5,155.8,43.7,0,999.0
DIVINER_02821,-87.7132,-42.7871,199.5,186.8,12.7,0,999.0
DIVINER_02822,-83.6564,-31.7332,217.9,142.5,75.4,0,999.0
DIVINER_02823,-87.7792,81.9286,182.7,122.6,60.1,0,999.0
DIVINER_02824,-86.7833,-17.41,215.3,129.7,85.7,0,999.0
DIVINER_02825,-81.5196,128.4228,223.5,135.2,88.3,0,999.0
DIVINER_02826,-82.7114,159.8741,201.4,164.8,36.6,0,999.0
DIVINER_02827,-89.046,-59.0594,193.0,132.7,60.4,0,999.0
DIVINER_02828,-85.713,21.85,192.8,146.7,46.1,0,999.0
DIVINER_02829,-89.7083,-145.7796,184.9,175.7,9.2,0,999.0
DIVINER_02830,-85.1911,-107.8311,185.4,128.7,56.7,0,999.0
DIVINER_02831,-83.3757,-31.1523,190.0,125.6,64.4,0,999.0
DIVINER_02832,-88.815,-105.767,181.2,157.8,23.4,0,999.0
DIVINER_02833,-87.1112,135.5618,196.0,168.9,27.1,0,999.0
DIVINER_02834,-86.0216,-123.0169,198.4,183.8,14.6,0,999.0
DIVINER_02835,-80.8047,-15.9621,239.7,166.3,73.4,0,999.0
DIVINER_02836,-80.0674,38.0517,239.5,186.2,53.3,0,999.0
DIVINER_02837,-89.5509,69.071,191.2,137.1,54.1,0,999.0
DIVINER_02838,-82.3899,-42.095,192.8,143.9,48.9,0,999.0
DIVINER_02839,-86.2828,132.8757,209.5,178.8,30.8,0,999.0
DIVINER_02840,-86.0754,24.5949,188.9,176.8,12.2,0,999.0
DIVINER_02841,-82.4574,-21.7772,210.2,166.5,43.7,0,999.0
DIVINER_02842,-80.8157,-155.7934,204.0,155.4,48.5,0,999.0
DIVINER_02843,-80.4907,-12.7118,199.5,121.2,78.2,0,999.0
DIVINER_02844,-84.2288,115.4649,229.4,139.6,89.7,0,999.0
DIVINER_02845,-86.4288,41.2348,229.7,131.1,98.6,0,999.0
DIVINER_02846,-82.1245,119.5785,239.3,123.6,115.7,0,999.0
DIVINER_02847,-87.49,-2.1558,193.4,174.3,19.1,0,999.0
DIVINER_02848,-84.3593,-137.3538,233.3,129.2,104.1,0,999.0
DIVINER_02849,-86.4142,-175.0897,212.3,145.0,67.3,0,999.0
DIVINER_02850,-83.4337,-70.841,215.5,188.4,27.1,0,999.0
DIVINER_02851,-87.596,71.2766,233.8,148.6,85.1,0,999.0
DIVINER_02852,-88.0841,104.4936,236.6,129.9,106.7,0,999.0
DIVINER_02853,-80.8176,-73.529,223.6,168.3,55.3,0,999.0
DIVINER_02854,-88.982,-1.5646,200.9,176.7,24.2,0,999.0
DIVINER_02855,-84.9404,-28.3972,209.4,139.5,69.8,0,999.0
DIVINER_02856,-87.7915,-32.2118,216.9,176.7,40.2,0,999.0
DIVINER_02857,-89.6107,-96.7145,229.7,139.0,90.7,0,999.0
DIVINER_02858,-89.6398,-130.9064,219.5,168.5,51.0,0,999.0
DIVINER_02859,-88.2478,-109.1921,201.9,128.7,73.2,0,999.0
DIVINER_02860,-81.3323,-160.0803,205.1,149.9,55.1,0,999.0
DIVINER_02861,-87.1752,-108.6729,183.0,156.4,26.6,0,999.0
DIVINER_02862,-80.4954,-176.6877,235.5,170.8,64.7,0,999.0
DIVINER_02863,-84.1838,45.813,185.3,165.5,19.8,0,999.0
DIVINER_02864,-85.6339,-66.1049,214.8,179.7,35.1,0,999.0
DIVINER_02865,-84.1991,170.3321,56.8,37.9,18.9,1,0.0
DIVINER_02866,-84.833,-110.2619,205.3,166.3,39.0,0,999.0
DIVINER_02867,-82.4122,-55.5017,228.0,128.9,99.1,0,999.0
DIVINER_02868,-87.175,-51.1772,89.4,42.8,46.7,1,0.0
DIVINER_02869,-86.4695,-176.9575,183.6,156.7,26.9,0,999.0
DIVINER_02870,-81.0591,122.1149,204.7,121.9,82.8,0,999.0
DIVINER_02871,-80.5354,-168.482,221.5,124.9,96.5,0,999.0
DIVINER_02872,-81.0744,158.4647,205.3,178.7,26.6,0,999.0
DIVINER_02873,-85.8055,141.1468,212.7,140.1,72.6,0,999.0
DIVINER_02874,-82.1963,12.7879,215.7,144.2,71.4,0,999.0
DIVINER_02875,-85.2366,15.6944,189.1,164.8,24.2,0,999.0
DIVINER_02876,-85.0246,55.3601,204.7,135.5,69.3,0,999.0
DIVINER_02877,-87.9532,-40.662,181.7,133.5,48.2,0,999.0
DIVINER_02878,-84.0887,53.0,189.0,149.5,39.5,0,999.0
DIVINER_02879,-88.1386,-163.8834,210.7,124.1,86.6,0,999.0
DIVINER_02880,-86.6844,-160.5429,214.4,184.2,30.2,0,999.0
DIVINER_02881,-81.4497,-15.397,188.8,185.8,3.0,0,999.0
DIVINER_02882,-87.9292,17.864,225.3,151.4,74.0,0,999.0
DIVINER_02883,-89.2884,139.6144,90.2,45.7,44.5,1,0.0
DIVINER_02884,-89.3099,-142.3222,235.2,152.9,82.3,0,999.0
DIVINER_02885,-80.5922,116.1533,203.3,127.0,76.3,0,999.0
DIVINER_02886,-84.9308,-104.383,189.0,147.8,41.1,0,999.0
DIVINER_02887,-85.9059,-38.1299,225.5,125.2,100.3,0,999.0
DIVINER_02888,-81.8912,-66.0231,214.1,169.4,44.6,0,999.0
DIVINER_02889,-81.6417,-35.9441,203.2,139.3,63.9,0,999.0
DIVINER_02890,-86.6781,-125.8216,201.4,156.4,44.9,0,999.0
DIVINER_02891,-83.0638,1.2852,189.0,120.9,68.1,0,999.0
DIVINER_02892,-82.2888,108.5913,200.5,156.7,43.7,0,999.0
DIVINER_02893,-83.4535,-21.0478,181.8,120.2,61.5,0,999.0
DIVINER_02894,-88.484,-3.3791,210.1,184.8,25.4,0,999.0
DIVINER_02895,-81.2412,125.5563,233.8,155.1,78.7,0,999.0
DIVINER_02896,-84.6091,74.1809,227.7,127.0,100.7,0,999.0
DIVINER_02897,-87.1753,-3.4364,181.7,143.9,37.8,0,999.0
DIVINER_02898,-85.7477,-87.2296,232.9,123.2,109.7,0,999.0
DIVINER_02899,-89.6243,138.5736,207.1,157.2,50.0,0,999.0
DIVINER_02900,-88.7213,27.7273,191.5,128.6,62.9,0,999.0
DIVINER_02901,-82.3445,-100.3869,225.1,153.1,72.0,0,999.0
DIVINER_02902,-89.9999,-83.1169,199.4,141.4,58.0,0,999.0
DIVINER_02903,-85.8343,109.1279,195.2,173.3,21.9,0,999.0
DIVINER_02904,-84.7749,-164.1076,189.7,153.8,35.9,0,999.0
DIVINER_02905,-89.4537,177.1532,209.2,179.4,29.8,0,999.0
DIVINER_02906,-80.2692,-133.0734,185.6,185.9,-0.3,0,999.0
DIVINER_02907,-87.7387,106.5847,227.1,187.9,39.3,0,999.0
DIVINER_02908,-86.958,-37.8809,64.5,56.1,8.4,1,0.0
DIVINER_02909,-86.9606,-2.8022,206.8,173.7,33.1,0,999.0
DIVINER_02910,-87.6958,137.0342,180.1,150.7,29.4,0,999.0
DIVINER_02911,-89.9853,-31.352,229.1,149.8,79.2,0,999.0
DIVINER_02912,-82.7066,13.4978,209.6,180.8,28.8,0,999.0
DIVINER_02913,-80.3315,-162.2521,206.4,130.2,76.2,0,999.0
DIVINER_02914,-87.7571,-179.1549,225.7,153.4,72.2,0,999.0
DIVINER_02915,-83.3695,-91.872,183.8,161.5,22.3,0,999.0
DIVINER_02916,-82.581,65.0099,202.0,124.6,77.4,0,999.0
DIVINER_02917,-81.5157,-136.3446,214.5,180.5,34.0,0,999.0
DIVINER_02918,-85.7737,-139.0457,207.6,142.0,65.6,0,999.0
DIVINER_02919,-86.9707,-32.0542,190.9,166.0,24.9,0,999.0
DIVINER_02920,-86.747,53.2213,198.0,185.0,13.0,0,999.0
DIVINER_02921,-82.8738,76.3459,198.0,170.4,27.6,0,999.0
DIVINER_02922,-81.8322,-115.7578,239.5,182.0,57.5,0,999.0
DIVINER_02923,-88.1839,-151.3483,199.6,124.9,74.7,0,999.0
DIVINER_02924,-86.2906,158.5429,192.3,154.5,37.8,0,999.0
DIVINER_02925,-80.9806,-86.1601,229.4,159.5,69.8,0,999.0
DIVINER_02926,-81.9331,127.2047,205.3,168.2,37.0,0,999.0
DIVINER_02927,-80.1514,130.8569,206.6,128.2,78.5,0,999.0
DIVINER_02928,-82.4575,98.1081,212.9,166.0,47.0,0,999.0
DIVINER_02929,-86.068,-119.2199,215.7,130.2,85.5,0,999.0
DIVINER_02930,-84.0936,115.8485,215.4,124.7,90.7,0,999.0
DIVINER_02931,-83.3899,96.9302,182.1,152.9,29.2,0,999.0
DIVINER_02932,-89.2154,34.8203,229.1,162.0,67.1,0,999.0
DIVINER_02933,-84.555,-58.6073,191.7,187.1,4.6,0,999.0
DIVINER_02934,-82.9068,-85.4969,197.5,168.9,28.6,0,999.0
DIVINER_02935,-88.3268,-136.1199,190.4,161.4,29.0,0,999.0
DIVINER_02936,-82.1937,3.5125,226.0,135.0,91.0,0,999.0
DIVINER_02937,-84.1623,30.6939,215.0,130.6,84.4,0,999.0
DIVINER_02938,-80.4778,-50.638,225.3,162.5,62.8,0,999.0
DIVINER_02939,-89.5758,-8.8707,219.2,135.6,83.6,0,999.0
DIVINER_02940,-87.3467,-49.1348,186.2,169.5,16.8,0,999.0
DIVINER_02941,-83.9845,50.7622,198.1,128.0,70.1,0,999.0
DIVINER_02942,-87.0344,144.4533,210.4,143.8,66.7,0,999.0
DIVINER_02943,-82.8558,-120.9887,198.3,174.1,24.2,0,999.0
DIVINER_02944,-82.4099,-42.6928,192.4,178.2,14.3,0,999.0
DIVINER_02945,-88.9748,-129.2873,232.2,144.2,88.0,0,999.0
DIVINER_02946,-84.8615,44.9798,224.9,134.5,90.4,0,999.0
DIVINER_02947,-84.9111,82.3934,200.7,187.1,13.6,0,999.0
DIVINER_02948,-86.3072,155.4886,225.9,173.3,52.6,0,999.0
DIVINER_02949,-80.6708,-79.6061,217.7,176.5,41.2,0,999.0
DIVINER_02950,-81.7249,162.076,180.2,135.6,44.6,0,999.0
DIVINER_02951,-83.0279,-157.2254,202.8,149.7,53.1,0,999.0
DIVINER_02952,-82.8567,37.085,197.4,124.8,72.7,0,999.0
DIVINER_02953,-85.3828,-159.4322,193.1,127.7,65.4,0,999.0
DIVINER_02954,-80.7901,141.7587,195.1,135.5,59.6,0,999.0
DIVINER_02955,-83.054,10.7313,54.6,65.2,-10.6,1,0.0
DIVINER_02956,-82.7102,60.9654,209.2,189.8,19.4,0,999.0
DIVINER_02957,-81.3831,119.3666,230.9,149.5,81.3,0,999.0
DIVINER_02958,-87.2593,-125.8882,192.9,168.9,24.0,0,999.0
DIVINER_02959,-81.9293,-166.107,190.5,183.3,7.2,0,999.0
DIVINER_02960,-88.0476,136.3972,233.3,137.2,96.1,0,999.0
DIVINER_02961,-86.5466,-66.624,49.8,40.6,9.1,1,0.0
DIVINER_02962,-86.6439,-133.5676,233.7,137.0,96.7,0,999.0
DIVINER_02963,-80.2147,-11.354,183.8,181.8,2.0,0,999.0
DIVINER_02964,-81.4346,35.3902,235.0,166.6,68.4,0,999.0
DIVINER_02965,-82.9883,-168.8506,204.9,151.6,53.3,0,999.0
DIVINER_02966,-82.7294,-81.0376,189.3,177.4,11.9,0,999.0
DIVINER_02967,-84.3793,-168.192,221.0,136.6,84.4,0,999.0
DIVINER_02968,-80.5291,-28.6793,227.8,136.7,91.1,0,999.0
DIVINER_02969,-85.0374,142.236,182.8,159.7,23.1,0,999.0
DIVINER_02970,-86.1948,173.7549,239.2,175.3,63.9,0,999.0
DIVINER_02971,-88.3696,49.3371,65.9,50.9,15.0,1,0.0
DIVINER_02972,-82.1379,-121.8104,199.3,134.7,64.6,0,999.0
DIVINER_02973,-82.6556,146.1058,189.1,153.2,35.9,0,999.0
DIVINER_02974,-86.1564,5.8492,203.6,129.4,74.2,0,999.0
DIVINER_02975,-89.7481,-124.6502,87.2,55.5,31.7,1,0.0
DIVINER_02976,-81.61,151.8216,209.6,160.4,49.2,0,999.0
DIVINER_02977,-89.8858,92.6889,226.9,155.9,71.0,0,999.0
DIVINER_02978,-82.963,83.4139,219.6,181.1,38.5,0,999.0
DIVINER_02979,-80.2974,75.3051,206.2,171.3,34.9,0,999.0
DIVINER_02980,-85.6234,-107.8777,187.1,130.4,56.7,0,999.0
DIVINER_02981,-87.6503,-104.0376,237.4,149.4,88.0,0,999.0
DIVINER_02982,-82.9513,67.7855,196.2,142.5,53.7,0,999.0
DIVINER_02983,-81.8287,-100.8998,196.7,176.1,20.5,0,999.0
DIVINER_02984,-84.5357,-22.0782,218.7,170.3,48.4,0,999.0
DIVINER_02985,-80.3296,101.5207,226.2,153.0,73.2,0,999.0
DIVINER_02986,-89.4833,102.2229,239.0,177.7,61.4,0,999.0
DIVINER_02987,-84.952,-16.8258,79.7,50.2,29.5,1,0.0
DIVINER_02988,-82.8155,105.1884,234.8,176.2,58.6,0,999.0
DIVINER_02989,-81.3736,121.9038,206.1,122.2,83.9,0,999.0
DIVINER_02990,-88.2074,55.7193,190.0,129.4,60.6,0,999.0
DIVINER_02991,-82.0,-97.7667,215.1,172.9,42.2,0,999.0
DIVINER_02992,-84.4729,-81.3558,181.0,128.0,53.0,0,999.0
DIVINER_02993,-86.0345,-66.6572,191.8,167.9,23.9,0,999.0
DIVINER_02994,-88.6828,-137.9505,180.2,170.7,9.5,0,999.0
DIVINER_02995,-81.347,-81.6625,190.8,166.4,24.5,0,999.0
DIVINER_02996,-88.4273,-104.5731,208.5,177.3,31.2,0,999.0
DIVINER_02997,-86.9021,-16.0817,203.6,155.8,47.8,0,999.0
DIVINER_02998,-87.0995,147.0375,202.2,182.8,19.4,0,999.0
DIVINER_02999,-81.2859,-142.3871,229.9,159.9,70.0,0,999.0
DIVINER_03000,-83.273,79.2965,220.5,155.6,64.9,0,999.0
DIVINER_03001,-82.0332,67.4219,236.2,155.7,80.5,0,999.0
DIVINER_03002,-87.4953,-145.5285,206.7,183.8,22.9,0,999.0
DIVINER_03003,-83.7513,152.1261,196.3,137.1,59.3,0,999.0
DIVINER_03004,-84.2825,24.65,187.4,168.7,18.7,0,999.0
DIVINER_03005,-81.6717,-49.0588,220.3,137.0,83.3,0,999.0
DIVINER_03006,-80.9391,92.3539,230.5,126.5,104.1,0,999.0
DIVINER_03007,-89.8784,-87.3484,191.0,186.8,4.3,0,999.0
DIVINER_03008,-83.2598,69.6635,232.7,129.1,103.6,0,999.0
DIVINER_03009,-89.4816,-165.704,211.6,168.0,43.5,0,999.0
DIVINER_03010,-84.5114,122.1869,188.6,149.7,38.9,0,999.0
DIVINER_03011,-87.1237,-18.6585,218.6,178.6,40.0,0,999.0
DIVINER_03012,-86.9322,49.2094,211.2,174.1,37.1,0,999.0
DIVINER_03013,-86.4704,-100.3544,181.7,130.1,51.6,0,999.0
DIVINER_03014,-83.7871,63.7465,204.0,152.7,51.2,0,999.0
DIVINER_03015,-86.6595,98.0065,227.1,121.9,105.2,0,999.0
DIVINER_03016,-82.673,-9.6433,213.3,150.1,63.3,0,999.0
DIVINER_03017,-85.9547,42.3817,196.9,169.0,27.9,0,999.0
DIVINER_03018,-89.3165,-15.7227,235.7,136.3,99.5,0,999.0
DIVINER_03019,-82.1624,141.8729,194.3,176.7,17.6,0,999.0
DIVINER_03020,-87.1424,-0.7671,195.2,123.7,71.4,0,999.0
DIVINER_03021,-85.6723,123.0511,201.3,122.4,78.9,0,999.0
DIVINER_03022,-83.1456,108.4867,233.7,121.9,111.8,0,999.0
DIVINER_03023,-86.6754,-32.2183,210.5,139.6,70.9,0,999.0
DIVINER_03024,-89.4341,-97.1696,220.9,152.7,68.2,0,999.0
DIVINER_03025,-86.2608,-33.8104,238.6,127.5,111.1,0,999.0
DIVINER_03026,-80.5555,117.4383,227.0,189.8,37.2,0,999.0
DIVINER_03027,-83.5827,-98.0523,190.4,190.0,0.4,0,999.0
DIVINER_03028,-83.2852,8.7971,227.3,156.4,70.9,0,999.0
DIVINER_03029,-83.6772,110.1948,224.9,159.8,65.1,0,999.0
DIVINER_03030,-88.0101,-52.7481,194.0,184.9,9.1,0,999.0
DIVINER_03031,-85.8167,51.1955,199.5,173.9,25.6,0,999.0
DIVINER_03032,-82.4906,-91.5726,222.6,131.8,90.9,0,999.0
DIVINER_03033,-88.9863,-140.6594,194.3,175.5,18.8,0,999.0
DIVINER_03034,-87.2215,105.9783,77.2,32.1,45.1,1,0.0
DIVINER_03035,-87.2368,-144.3713,222.2,150.1,72.1,0,999.0
DIVINER_03036,-85.6798,-82.3027,232.8,157.3,75.6,0,999.0
DIVINER_03037,-80.1963,127.8394,184.5,170.2,14.3,0,999.0
DIVINER_03038,-89.325,-55.2711,206.8,130.5,76.2,0,999.0
DIVINER_03039,-84.813,170.2963,216.4,125.3,91.1,0,999.0
DIVINER_03040,-88.2064,172.7044,220.6,180.6,39.9,0,999.0
DIVINER_03041,-80.2932,-83.4206,239.8,177.9,61.9,0,999.0
DIVINER_03042,-88.867,-165.2478,221.0,156.6,64.3,0,999.0
DIVINER_03043,-85.964,73.8228,217.2,166.4,50.8,0,999.0
DIVINER_03044,-82.6212,-17.6449,239.4,170.4,69.0,0,999.0
DIVINER_03045,-82.9545,-143.729,183.6,153.4,30.3,0,999.0
DIVINER_03046,-85.7727,74.7082,184.5,138.0,46.5,0,999.0
DIVINER_03047,-86.5348,-168.777,213.6,153.7,59.9,0,999.0
DIVINER_03048,-86.0239,133.2708,201.5,186.6,15.0,0,999.0
DIVINER_03049,-87.3572,-130.0851,185.8,178.6,7.2,0,999.0
DIVINER_03050,-87.9467,-134.1677,198.4,152.6,45.8,0,999.0
DIVINER_03051,-85.1696,-116.758,220.5,135.8,84.7,0,999.0
DIVINER_03052,-87.3147,165.6959,232.8,182.3,50.6,0,999.0
DIVINER_03053,-87.1254,69.541,185.7,164.7,21.0,0,999.0
DIVINER_03054,-83.4324,108.4938,212.4,148.3,64.1,0,999.0
DIVINER_03055,-80.3146,-36.8514,197.8,127.8,70.0,0,999.0
DIVINER_03056,-83.9636,-58.9274,220.0,172.6,47.4,0,999.0
DIVINER_03057,-89.2302,-95.5858,213.0,142.2,70.8,0,999.0
DIVINER_03058,-89.2442,-6.9667,235.6,162.4,73.2,0,999.0
DIVINER_03059,-80.4858,18.6583,182.3,159.9,22.4,0,999.0
DIVINER_03060,-87.0271,47.4389,208.2,169.0,39.2,0,999.0
DIVINER_03061,-89.0793,-87.4373,191.6,157.6,33.9,0,999.0
DIVINER_03062,-84.0096,161.5155,63.8,51.7,12.1,1,0.0
DIVINER_03063,-83.7635,-118.8869,231.2,125.7,105.5,0,999.0
DIVINER_03064,-83.515,167.6351,234.7,166.6,68.1,0,999.0
DIVINER_03065,-87.326,-174.6518,203.9,133.6,70.3,0,999.0
DIVINER_03066,-89.8489,-6.7948,228.7,147.4,81.3,0,999.0
DIVINER_03067,-80.3498,-59.9876,196.8,155.9,41.0,0,999.0
DIVINER_03068,-87.4911,-18.3156,180.4,168.1,12.3,0,999.0
DIVINER_03069,-83.2397,25.4392,231.3,172.0,59.3,0,999.0
DIVINER_03070,-82.9337,-23.1879,187.2,169.3,17.8,0,999.0
DIVINER_03071,-83.8999,-30.6551,181.1,126.7,54.4,0,999.0
DIVINER_03072,-86.8709,83.7804,88.7,69.4,19.3,1,0.0
DIVINER_03073,-87.289,66.9155,202.8,139.6,63.1,0,999.0
DIVINER_03074,-84.0233,119.9777,184.6,147.9,36.7,0,999.0
DIVINER_03075,-81.339,-90.0148,228.9,165.3,63.6,0,999.0
DIVINER_03076,-80.5327,39.4303,204.3,133.5,70.8,0,999.0
DIVINER_03077,-88.9409,30.6701,209.4,155.1,54.2,0,999.0
DIVINER_03078,-88.4517,-46.8944,195.9,181.9,13.9,0,999.0
DIVINER_03079,-80.5526,-5.0193,210.7,171.2,39.5,0,999.0
DIVINER_03080,-82.6346,-67.0384,226.0,170.8,55.2,0,999.0
DIVINER_03081,-81.1701,-128.936,234.4,179.4,55.0,0,999.0
DIVINER_03082,-87.9737,-103.0316,238.2,147.9,90.3,0,999.0
DIVINER_03083,-84.1241,-142.0151,75.8,28.2,47.6,1,0.0
DIVINER_03084,-82.9886,65.905,239.4,124.1,115.3,0,999.0
DIVINER_03085,-83.1989,57.8619,197.7,123.9,73.7,0,999.0
DIVINER_03086,-85.9185,162.2183,180.4,143.2,37.2,0,999.0
DIVINER_03087,-89.8461,82.6842,226.1,133.8,92.3,0,999.0
DIVINER_03088,-84.1707,-161.2635,55.2,34.2,20.9,1,0.0
DIVINER_03089,-87.469,138.3283,183.1,132.8,50.3,0,999.0
DIVINER_03090,-85.4975,130.5631,99.6,65.8,33.8,1,0.0
DIVINER_03091,-80.4242,-20.4047,227.5,179.6,47.9,0,999.0
DIVINER_03092,-86.0096,30.9107,40.3,29.8,10.5,1,0.0
DIVINER_03093,-81.602,171.3882,226.6,176.5,50.1,0,999.0
DIVINER_03094,-88.1146,11.6296,230.6,186.6,44.1,0,999.0
DIVINER_03095,-83.2754,145.9159,234.3,145.8,88.6,0,999.0
DIVINER_03096,-80.2299,-150.106,92.5,52.2,40.3,1,0.0
DIVINER_03097,-88.9811,-111.2213,222.2,136.8,85.4,0,999.0
DIVINER_03098,-89.9168,-21.3282,225.7,164.5,61.2,0,999.0
DIVINER_03099,-85.6642,30.5125,221.3,175.2,46.1,0,999.0
DIVINER_03100,-89.0737,113.842,218.8,154.9,63.9,0,999.0
DIVINER_03101,-82.5162,175.7744,212.9,140.7,72.1,0,999.0
DIVINER_03102,-80.8545,-40.0135,208.8,155.5,53.2,0,999.0
DIVINER_03103,-85.6598,-162.9304,239.8,124.4,115.4,0,999.0
DIVINER_03104,-87.4129,108.4217,200.3,170.5,29.8,0,999.0
DIVINER_03105,-85.656,37.5771,185.3,151.6,33.7,0,999.0
DIVINER_03106,-82.7655,-108.5246,225.9,182.9,43.0,0,999.0
DIVINER_03107,-89.9095,-1.8618,192.8,184.6,8.2,0,999.0
DIVINER_03108,-84.1055,87.2317,212.0,128.8,83.2,0,999.0
DIVINER_03109,-83.8671,97.3482,185.7,189.7,-4.0,0,999.0
DIVINER_03110,-83.6231,-0.1374,217.2,187.9,29.3,0,999.0
DIVINER_03111,-87.5798,-70.1228,236.6,163.9,72.7,0,999.0
DIVINER_03112,-82.8595,170.5473,223.4,177.8,45.6,0,999.0
DIVINER_03113,-89.0861,58.8105,192.9,121.3,71.6,0,999.0
DIVINER_03114,-88.0073,-33.0345,238.3,187.9,50.3,0,999.0
DIVINER_03115,-81.2253,-79.0332,198.4,151.9,46.5,0,999.0
DIVINER_03116,-82.6128,83.1971,206.2,183.7,22.5,0,999.0
DIVINER_03117,-89.8625,-92.814,209.9,147.0,62.9,0,999.0
DIVINER_03118,-87.5162,-118.1844,239.4,175.2,64.3,0,999.0
DIVINER_03119,-87.8559,10.7402,184.1,149.3,34.9,0,999.0
DIVINER_03120,-87.2919,-75.6045,221.8,145.4,76.4,0,999.0
DIVINER_03121,-87.5244,46.4059,201.7,186.3,15.4,0,999.0
DIVINER_03122,-89.3747,-137.5421,184.7,168.9,15.8,0,999.0
DIVINER_03123,-85.4106,55.7788,236.1,178.8,57.3,0,999.0
DIVINER_03124,-82.6727,-78.0132,215.4,158.0,57.4,0,999.0
DIVINER_03125,-83.9327,-179.9125,225.2,184.3,40.9,0,999.0
DIVINER_03126,-83.2713,-134.303,194.4,171.8,22.6,0,999.0
DIVINER_03127,-89.1885,156.1015,225.7,125.1,100.6,0,999.0
DIVINER_03128,-80.4851,132.2477,229.7,173.7,56.0,0,999.0
DIVINER_03129,-81.6151,-95.9007,205.8,121.3,84.5,0,999.0
DIVINER_03130,-81.9491,100.2139,214.3,178.0,36.3,0,999.0
DIVINER_03131,-81.7702,39.0858,238.3,143.2,95.1,0,999.0
DIVINER_03132,-80.6729,169.5257,230.8,161.9,68.9,0,999.0
DIVINER_03133,-84.5575,-45.502,206.7,172.5,34.2,0,999.0
DIVINER_03134,-87.9972,65.3258,219.9,164.6,55.3,0,999.0
DIVINER_03135,-83.8322,-157.1271,227.1,167.1,60.0,0,999.0
DIVINER_03136,-82.5712,-37.351,181.5,182.5,-1.0,0,999.0
DIVINER_03137,-82.6208,166.9744,215.3,146.2,69.1,0,999.0
DIVINER_03138,-84.7855,14.0331,239.1,158.3,80.8,0,999.0
DIVINER_03139,-89.3154,-76.3634,236.8,132.2,104.6,0,999.0
DIVINER_03140,-86.2889,-136.7025,229.9,152.7,77.2,0,999.0
DIVINER_03141,-80.7923,73.2702,186.4,130.5,55.9,0,999.0
DIVINER_03142,-84.1555,52.1482,239.6,164.4,75.3,0,999.0
DIVINER_03143,-84.6167,-45.3821,216.6,142.7,73.9,0,999.0
DIVINER_03144,-87.3115,162.3389,193.4,180.1,13.2,0,999.0
DIVINER_03145,-86.3155,-172.007,220.5,144.1,76.4,0,999.0
DIVINER_03146,-81.0465,-70.6594,231.4,140.1,91.3,0,999.0
DIVINER_03147,-83.3354,151.585,186.7,154.4,32.4,0,999.0
DIVINER_03148,-82.1261,-64.4632,235.0,132.3,102.7,0,999.0
DIVINER_03149,-85.4565,-89.189,235.2,134.3,100.9,0,999.0
DIVINER_03150,-83.6975,12.3193,180.8,174.8,6.0,0,999.0
DIVINER_03151,-87.5162,116.5686,234.0,154.8,79.2,0,999.0
DIVINER_03152,-82.9454,-142.8672,236.8,134.4,102.4,0,999.0
DIVINER_03153,-85.724,159.4875,47.5,59.8,-12.3,1,0.0
DIVINER_03154,-85.5745,106.2262,197.6,152.7,45.0,0,999.0
DIVINER_03155,-83.5068,-114.7499,202.4,172.0,30.4,0,999.0
DIVINER_03156,-80.6372,76.3229,200.9,144.6,56.4,0,999.0
DIVINER_03157,-89.3599,-41.4149,225.5,137.4,88.2,0,999.0
DIVINER_03158,-81.7526,-35.1739,201.5,147.7,53.7,0,999.0
DIVINER_03159,-87.0762,101.9844,237.4,187.1,50.3,0,999.0
DIVINER_03160,-85.5608,166.6025,239.7,149.6,90.1,0,999.0
DIVINER_03161,-89.7809,-134.4039,199.0,138.2,60.8,0,999.0
DIVINER_03162,-86.9895,-28.5731,210.5,159.8,50.7,0,999.0
DIVINER_03163,-84.9737,-6.861,213.5,176.8,36.7,0,999.0
DIVINER_03164,-89.4382,-44.5277,214.8,121.6,93.2,0,999.0
DIVINER_03165,-85.089,-49.2519,202.5,159.1,43.4,0,999.0
DIVINER_03166,-80.7289,-161.1833,190.0,178.5,11.4,0,999.0
DIVINER_03167,-88.9461,66.7939,61.5,35.4,26.1,1,0.0
DIVINER_03168,-82.3556,-22.9628,186.4,184.5,1.9,0,999.0
DIVINER_03169,-85.9033,-109.8742,234.1,160.4,73.6,0,999.0
DIVINER_03170,-83.4483,113.7721,196.8,156.2,40.7,0,999.0
DIVINER_03171,-87.3976,108.9219,184.6,187.5,-2.8,0,999.0
DIVINER_03172,-88.4051,-4.899,217.4,129.1,88.3,0,999.0
DIVINER_03173,-88.3954,-72.5578,184.5,171.8,12.7,0,999.0
DIVINER_03174,-89.2951,49.7134,184.2,177.3,6.9,0,999.0
DIVINER_03175,-88.1435,-76.2652,217.3,154.2,63.1,0,999.0
DIVINER_03176,-83.3578,-95.0371,215.5,120.5,95.0,0,999.0
DIVINER_03177,-81.1831,82.9853,182.5,156.7,25.8,0,999.0
DIVINER_03178,-81.8587,-165.4829,63.3,33.7,29.7,1,0.0
DIVINER_03179,-83.1487,-145.8834,206.1,159.4,46.8,0,999.0
DIVINER_03180,-88.8957,-177.5563,212.8,171.7,41.1,0,999.0
DIVINER_03181,-87.1081,-124.9405,224.3,157.2,67.1,0,999.0
DIVINER_03182,-86.9019,-155.1636,197.0,164.2,32.8,0,999.0
DIVINER_03183,-87.5004,178.4889,206.0,127.3,78.7,0,999.0
DIVINER_03184,-84.8499,-76.0284,227.6,126.8,100.8,0,999.0
DIVINER_03185,-84.6445,-126.2635,235.4,179.6,55.8,0,999.0
DIVINER_03186,-86.4311,-93.2413,59.5,50.3,9.2,1,0.0
DIVINER_03187,-86.4621,157.0052,208.7,139.9,68.8,0,999.0
DIVINER_03188,-81.7144,7.2577,211.3,185.6,25.6,0,999.0
DIVINER_03189,-82.1071,-48.6655,211.7,152.1,59.6,0,999.0
DIVINER_03190,-86.922,134.4209,232.1,167.2,64.9,0,999.0
DIVINER_03191,-80.8621,-37.8035,230.4,135.5,94.9,0,999.0
DIVINER_03192,-80.4718,-59.3969,198.7,138.9,59.8,0,999.0
DIVINER_03193,-86.7326,-105.3783,189.8,155.6,34.1,0,999.0
DIVINER_03194,-86.4558,-43.9931,202.7,164.7,38.1,0,999.0
DIVINER_03195,-84.9437,-65.9936,197.3,187.2,10.1,0,999.0
DIVINER_03196,-80.5888,63.8294,237.0,160.2,76.8,0,999.0
DIVINER_03197,-81.2368,-75.7502,196.0,126.7,69.2,0,999.0
DIVINER_03198,-88.9743,27.7919,190.9,145.7,45.2,0,999.0
DIVINER_03199,-86.0727,-156.2788,234.0,137.1,96.9,0,999.0
DIVINER_03200,-84.4663,-111.1359,185.2,137.8,47.4,0,999.0
DIVINER_03201,-84.9687,-33.3341,195.6,155.4,40.2,0,999.0
DIVINER_03202,-88.0614,157.3017,206.3,142.2,64.2,0,999.0
DIVINER_03203,-81.4118,-44.1893,215.7,140.3,75.5,0,999.0
DIVINER_03204,-83.2306,59.0667,44.6,55.6,-11.0,1,0.0
DIVINER_03205,-81.6209,-88.1686,209.8,160.9,48.9,0,999.0
DIVINER_03206,-81.4124,-134.2679,191.9,138.3,53.6,0,999.0
DIVINER_03207,-82.5164,-158.9268,214.5,139.3,75.1,0,999.0
DIVINER_03208,-85.6079,-70.0511,204.5,176.8,27.7,0,999.0
DIVINER_03209,-83.8945,-123.242,231.0,182.1,48.9,0,999.0
DIVINER_03210,-88.3963,-117.3562,204.9,167.5,37.4,0,999.0
DIVINER_03211,-83.2635,93.8734,206.6,150.2,56.4,0,999.0
DIVINER_03212,-88.2075,-174.2983,215.5,173.5,42.0,0,999.0
DIVINER_03213,-83.0605,20.8116,88.5,53.4,35.1,1,0.0
DIVINER_03214,-87.704,-43.3939,189.4,131.6,57.8,0,999.0
DIVINER_03215,-88.8245,2.358,227.4,180.3,47.1,0,999.0
DIVINER_03216,-88.3472,22.6189,196.4,179.4,17.0,0,999.0
DIVINER_03217,-89.9801,-67.1876,221.1,145.7,75.4,0,999.0
DIVINER_03218,-82.8126,-73.7608,185.8,140.4,45.4,0,999.0
DIVINER_03219,-82.676,84.0247,229.3,159.6,69.7,0,999.0
DIVINER_03220,-84.8507,133.6597,99.6,60.7,38.9,1,0.0
DIVINER_03221,-88.3864,-110.6706,202.4,130.2,72.2,0,999.0
DIVINER_03222,-89.1645,-144.8572,210.3,186.7,23.6,0,999.0
DIVINER_03223,-89.8087,143.2065,206.6,154.4,52.2,0,999.0
DIVINER_03224,-88.3425,-54.0376,233.7,153.1,80.6,0,999.0
DIVINER_03225,-81.0914,18.4743,180.6,128.8,51.8,0,999.0
DIVINER_03226,-87.5846,-50.5645,219.2,155.3,63.9,0,999.0
DIVINER_03227,-86.4573,-134.7112,219.1,172.0,47.1,0,999.0
DIVINER_03228,-88.9465,32.1594,202.9,137.4,65.6,0,999.0
DIVINER_03229,-87.7764,9.0507,193.2,145.8,47.3,0,999.0
DIVINER_03230,-84.8078,-106.9223,194.4,132.5,61.9,0,999.0
DIVINER_03231,-83.9225,-17.3271,228.0,144.9,83.2,0,999.0
DIVINER_03232,-87.5465,106.9011,184.0,180.3,3.7,0,999.0
DIVINER_03233,-89.4227,32.5534,213.8,136.6,77.2,0,999.0
DIVINER_03234,-86.0897,-145.1098,198.4,122.1,76.3,0,999.0
DIVINER_03235,-87.658,17.2877,195.9,157.5,38.4,0,999.0
DIVINER_03236,-87.8045,72.9858,210.3,160.6,49.8,0,999.0
DIVINER_03237,-80.4014,105.3732,233.9,143.0,90.8,0,999.0
DIVINER_03238,-83.837,46.4823,217.1,164.9,52.2,0,999.0
DIVINER_03239,-84.4312,-125.0431,227.3,122.7,104.7,0,999.0
DIVINER_03240,-85.8422,75.6624,216.0,143.8,72.2,0,999.0
DIVINER_03241,-85.7106,63.8431,221.9,130.1,91.7,0,999.0
DIVINER_03242,-84.5909,-171.2063,205.9,136.1,69.9,0,999.0
DIVINER_03243,-83.0357,-31.7708,235.6,146.8,88.8,0,999.0
DIVINER_03244,-82.9785,-60.1379,210.1,154.5,55.6,0,999.0
DIVINER_03245,-88.2831,60.9883,213.1,126.5,86.6,0,999.0
DIVINER_03246,-84.9989,-102.1911,211.5,127.1,84.4,0,999.0
DIVINER_03247,-85.8804,32.7139,73.5,31.9,41.7,1,0.0
DIVINER_03248,-81.2947,148.7541,193.9,148.3,45.6,0,999.0
DIVINER_03249,-83.6858,107.2089,184.4,132.4,52.1,0,999.0
DIVINER_03250,-84.675,151.7248,223.1,136.4,86.6,0,999.0
DIVINER_03251,-88.8461,172.2621,197.4,170.4,27.0,0,999.0
DIVINER_03252,-83.9436,-176.1588,203.4,123.6,79.7,0,999.0
DIVINER_03253,-88.828,44.1869,235.2,155.6,79.6,0,999.0
DIVINER_03254,-86.6279,-31.3778,214.0,145.2,68.8,0,999.0
DIVINER_03255,-88.5716,129.5476,185.8,176.8,9.0,0,999.0
DIVINER_03256,-83.0793,-89.3467,228.0,175.3,52.7,0,999.0
DIVINER_03257,-87.9375,173.1706,195.4,168.2,27.1,0,999.0
DIVINER_03258,-86.0814,40.9349,213.2,146.9,66.2,0,999.0
DIVINER_03259,-81.0433,105.6735,210.6,164.2,46.4,0,999.0
DIVINER_03260,-87.9568,-149.1842,194.3,164.8,29.5,0,999.0
DIVINER_03261,-84.9219,-113.9552,186.9,143.3,43.7,0,999.0
DIVINER_03262,-85.8073,93.0253,192.7,181.6,11.1,0,999.0
DIVINER_03263,-89.8188,-172.0849,185.8,188.9,-3.1,0,999.0
DIVINER_03264,-82.0724,114.0761,196.5,142.0,54.5,0,999.0
DIVINER_03265,-89.3095,-174.9784,239.8,176.1,63.8,0,999.0
DIVINER_03266,-85.2574,56.5628,204.1,155.1,49.1,0,999.0
DIVINER_03267,-84.3932,-48.5662,231.8,152.5,79.4,0,999.0
DIVINER_03268,-83.7157,40.1381,213.0,147.1,65.9,0,999.0
DIVINER_03269,-83.1137,70.5713,220.0,140.4,79.6,0,999.0
DIVINER_03270,-87.4673,-56.7089,189.4,184.4,5.0,0,999.0
DIVINER_03271,-89.9002,-141.1335,196.5,171.9,24.6,0,999.0
DIVINER_03272,-82.7656,-154.9275,210.6,150.8,59.8,0,999.0
DIVINER_03273,-84.6434,32.017,232.9,172.6,60.3,0,999.0
DIVINER_03274,-81.6388,7.4359,182.6,170.3,12.3,0,999.0
DIVINER_03275,-81.7861,87.1924,210.4,138.7,71.7,0,999.0
DIVINER_03276,-81.5667,3.5048,183.1,132.3,50.7,0,999.0
DIVINER_03277,-85.1491,-27.9195,207.4,178.5,28.9,0,999.0
DIVINER_03278,-86.6637,-36.6886,217.7,176.8,40.9,0,999.0
DIVINER_03279,-82.0844,-170.4791,224.7,189.8,34.9,0,999.0
DIVINER_03280,-85.4871,-59.1994,188.3,121.4,67.0,0,999.0
DIVINER_03281,-88.1656,171.3673,190.0,157.8,32.2,0,999.0
DIVINER_03282,-81.4503,134.48,208.2,169.1,39.1,0,999.0
DIVINER_03283,-81.1744,-61.4239,239.9,160.8,79.1,0,999.0
DIVINER_03284,-85.3369,31.6063,201.4,169.7,31.6,0,999.0
DIVINER_03285,-89.243,125.0268,205.7,129.6,76.0,0,999.0
DIVINER_03286,-86.1217,-21.1412,53.6,50.6,3.0,1,0.0
DIVINER_03287,-81.9646,-173.5352,184.8,126.5,58.3,0,999.0
DIVINER_03288,-80.9823,-153.1762,226.5,146.6,79.8,0,999.0
DIVINER_03289,-87.9653,3.7414,195.2,143.0,52.2,0,999.0
DIVINER_03290,-89.3303,168.9982,222.2,181.2,41.0,0,999.0
DIVINER_03291,-81.2265,69.5554,208.5,125.8,82.7,0,999.0
DIVINER_03292,-86.106,-154.4702,216.7,151.0,65.7,0,999.0
DIVINER_03293,-84.5824,-111.8301,183.2,187.0,-3.8,0,999.0
DIVINER_03294,-80.3193,97.6763,233.4,155.2,78.2,0,999.0
DIVINER_03295,-89.3344,122.9183,96.7,27.2,69.5,1,0.0
DIVINER_03296,-83.5168,42.3701,220.2,140.4,79.8,0,999.0
DIVINER_03297,-89.2589,51.9923,227.9,163.9,64.0,0,999.0
DIVINER_03298,-86.2453,-169.7985,72.4,45.4,27.0,1,0.0
DIVINER_03299,-81.9619,118.2709,44.6,63.0,-18.4,1,0.0
DIVINER_03300,-85.6653,103.7791,238.7,159.7,79.0,0,999.0
DIVINER_03301,-80.0282,-86.7473,196.7,169.3,27.4,0,999.0
DIVINER_03302,-84.4094,75.1236,236.9,154.9,82.0,0,999.0
DIVINER_03303,-86.7884,-102.6523,189.4,187.1,2.3,0,999.0
DIVINER_03304,-87.7989,-165.4811,203.4,161.2,42.1,0,999.0
DIVINER_03305,-86.4948,-107.5908,188.3,166.3,22.0,0,999.0
DIVINER_03306,-86.2747,-115.6936,180.1,180.3,-0.1,0,999.0
DIVINER_03307,-89.3129,-58.4107,195.6,180.3,15.3,0,999.0
DIVINER_03308,-86.3043,-29.3582,185.2,122.0,63.3,0,999.0
DIVINER_03309,-85.3576,3.074,239.2,139.8,99.3,0,999.0
DIVINER_03310,-82.7726,-8.3686,225.7,137.2,88.5,0,999.0
DIVINER_03311,-83.4327,-82.5571,97.6,34.6,63.0,1,0.0
DIVINER_03312,-82.9123,-169.4986,193.4,181.4,12.0,0,999.0
DIVINER_03313,-89.9164,37.8366,220.2,142.2,78.0,0,999.0
DIVINER_03314,-87.8233,-37.5319,203.9,144.3,59.6,0,999.0
DIVINER_03315,-83.3832,-72.478,229.9,127.0,102.9,0,999.0
DIVINER_03316,-85.1601,132.0988,210.3,189.3,21.0,0,999.0
DIVINER_03317,-89.9469,88.8276,219.2,177.8,41.4,0,999.0
DIVINER_03318,-81.9551,128.7956,215.8,160.0,55.8,0,999.0
DIVINER_03319,-82.2719,-1.8062,218.3,174.0,44.3,0,999.0
DIVINER_03320,-84.5158,-132.8647,193.8,174.4,19.4,0,999.0
DIVINER_03321,-89.3354,70.6397,202.4,166.0,36.4,0,999.0
DIVINER_03322,-82.3348,-105.8134,183.0,132.2,50.9,0,999.0
DIVINER_03323,-84.1629,-21.1573,215.3,170.4,44.8,0,999.0
DIVINER_03324,-82.1804,-156.5997,207.6,159.9,47.7,0,999.0
DIVINER_03325,-82.4825,117.111,225.6,170.7,55.0,0,999.0
DIVINER_03326,-81.97,-134.6614,192.4,158.0,34.3,0,999.0
DIVINER_03327,-84.8199,145.1151,206.2,186.9,19.3,0,999.0
DIVINER_03328,-88.5968,131.123,190.8,163.9,27.0,0,999.0
DIVINER_03329,-83.2884,-12.7502,216.8,160.2,56.7,0,999.0
DIVINER_03330,-83.7953,87.9726,230.9,179.0,51.9,0,999.0
DIVINER_03331,-82.5775,43.0002,81.9,66.2,15.7,1,0.0
DIVINER_03332,-88.3012,109.1072,236.7,142.1,94.5,0,999.0
DIVINER_03333,-88.0502,-24.5502,238.3,155.2,83.1,0,999.0
DIVINER_03334,-81.0959,102.8911,226.3,160.9,65.4,0,999.0
DIVINER_03335,-82.5002,-13.5155,197.2,135.4,61.8,0,999.0
DIVINER_03336,-80.9177,158.7477,193.2,167.8,25.4,0,999.0
DIVINER_03337,-82.4128,-4.906,206.9,176.2,30.7,0,999.0
DIVINER_03338,-84.0284,-13.4571,239.6,160.4,79.2,0,999.0
DIVINER_03339,-83.4587,102.6259,204.8,156.6,48.2,0,999.0
DIVINER_03340,-81.1087,115.768,191.9,140.6,51.3,0,999.0
DIVINER_03341,-84.2119,19.6161,236.7,183.7,53.0,0,999.0
DIVINER_03342,-83.6761,-115.2728,203.2,172.8,30.3,0,999.0
DIVINER_03343,-88.4352,-11.607,221.5,153.6,67.8,0,999.0
DIVINER_03344,-85.2608,168.5061,227.3,166.1,61.2,0,999.0
DIVINER_03345,-82.836,91.075,230.6,143.6,87.0,0,999.0
DIVINER_03346,-87.2906,112.0185,229.3,124.2,105.1,0,999.0
DIVINER_03347,-87.9775,-168.1828,230.2,134.3,95.9,0,999.0
DIVINER_03348,-86.8617,-11.5706,220.1,125.6,94.5,0,999.0
DIVINER_03349,-87.585,52.7836,204.2,155.6,48.7,0,999.0
DIVINER_03350,-87.8509,118.8118,220.0,163.5,56.5,0,999.0
DIVINER_03351,-85.7515,-162.2615,230.2,146.6,83.6,0,999.0
DIVINER_03352,-80.9216,126.878,201.0,157.1,43.9,0,999.0
DIVINER_03353,-84.9294,17.4243,197.8,126.0,71.8,0,999.0
DIVINER_03354,-88.1208,-108.967,200.6,173.9,26.7,0,999.0
DIVINER_03355,-89.2303,-65.7881,213.1,122.3,90.8,0,999.0
DIVINER_03356,-83.0384,-78.5054,183.1,164.4,18.7,0,999.0
DIVINER_03357,-86.172,11.1093,226.7,150.3,76.4,0,999.0
DIVINER_03358,-81.7817,-161.3932,188.3,132.9,55.5,0,999.0
DIVINER_03359,-83.4049,-122.927,188.0,156.6,31.4,0,999.0
DIVINER_03360,-82.0376,112.5695,191.9,174.7,17.2,0,999.0
DIVINER_03361,-87.2805,-132.2626,214.6,148.9,65.7,0,999.0
DIVINER_03362,-83.0764,-95.9773,197.1,145.7,51.4,0,999.0
DIVINER_03363,-87.3594,-16.7866,202.1,130.0,72.1,0,999.0
DIVINER_03364,-80.6093,6.1635,235.9,161.6,74.3,0,999.0
DIVINER_03365,-83.6363,94.8998,230.8,178.0,52.9,0,999.0
DIVINER_03366,-86.7549,-18.9603,231.1,159.3,71.8,0,999.0
DIVINER_03367,-87.3049,104.3513,214.7,131.6,83.1,0,999.0
DIVINER_03368,-88.0907,42.6047,232.0,166.3,65.7,0,999.0
DIVINER_03369,-83.0536,-139.2841,226.7,122.1,104.6,0,999.0
DIVINER_03370,-87.8128,-123.7207,237.2,178.7,58.5,0,999.0
DIVINER_03371,-84.047,-22.6679,183.9,184.5,-0.6,0,999.0
DIVINER_03372,-87.3536,-37.1198,181.7,161.8,19.9,0,999.0
DIVINER_03373,-83.3803,87.6759,190.5,181.7,8.8,0,999.0
DIVINER_03374,-81.8506,29.0654,235.7,125.9,109.8,0,999.0
DIVINER_03375,-82.2197,-40.2721,216.3,136.0,80.3,0,999.0
DIVINER_03376,-82.3915,-118.5263,205.6,142.2,63.4,0,999.0
DIVINER_03377,-88.1228,-98.3386,210.8,174.1,36.6,0,999.0
DIVINER_03378,-89.1162,27.1804,229.8,153.9,75.9,0,999.0
DIVINER_03379,-83.0105,-27.562,235.7,144.4,91.4,0,999.0
DIVINER_03380,-86.3165,5.3739,223.8,131.1,92.7,0,999.0
DIVINER_03381,-85.6765,-118.5561,225.6,176.7,48.8,0,999.0
DIVINER_03382,-89.6885,58.6463,199.2,121.4,77.8,0,999.0
DIVINER_03383,-87.4042,126.9139,208.0,143.6,64.4,0,999.0
DIVINER_03384,-89.6632,-87.1418,233.1,137.0,96.1,0,999.0
DIVINER_03385,-81.2081,-3.0549,227.2,129.0,98.1,0,999.0
DIVINER_03386,-87.566,171.1898,221.1,132.0,89.0,0,999.0
DIVINER_03387,-84.4266,-60.033,183.9,154.6,29.3,0,999.0
DIVINER_03388,-89.6102,34.2167,182.4,149.8,32.5,0,999.0
DIVINER_03389,-83.3315,-147.5295,187.8,156.3,31.5,0,999.0
DIVINER_03390,-86.7697,38.1654,214.9,170.9,44.0,0,999.0
DIVINER_03391,-81.0208,-147.7326,212.2,182.5,29.7,0,999.0
DIVINER_03392,-81.1188,165.3248,236.6,128.3,108.3,0,999.0
DIVINER_03393,-86.7471,77.6386,221.7,125.8,95.9,0,999.0
DIVINER_03394,-80.9904,103.7375,197.6,142.4,55.2,0,999.0
DIVINER_03395,-80.0384,73.4776,189.7,158.2,31.4,0,999.0
DIVINER_03396,-81.7458,32.3025,231.0,127.0,104.0,0,999.0
DIVINER_03397,-81.5513,-18.0314,207.6,170.1,37.5,0,999.0
DIVINER_03398,-87.5099,129.0144,219.2,158.9,60.3,0,999.0
DIVINER_03399,-84.233,164.4608,213.9,172.4,41.5,0,999.0
DIVINER_03400,-89.3274,-0.347,186.4,145.1,41.4,0,999.0
DIVINER_03401,-89.0508,155.3526,183.4,148.1,35.3,0,999.0
DIVINER_03402,-80.0111,29.9998,202.6,176.5,26.1,0,999.0
DIVINER_03403,-86.7336,13.8183,201.7,138.7,63.0,0,999.0
DIVINER_03404,-82.5182,-16.3862,220.4,146.7,73.7,0,999.0
DIVINER_03405,-81.9333,-104.6564,217.9,120.9,97.0,0,999.0
DIVINER_03406,-81.4198,-178.6609,238.1,158.9,79.3,0,999.0
DIVINER_03407,-80.0237,-93.0578,231.5,179.6,51.9,0,999.0
DIVINER_03408,-87.585,3.5003,209.8,122.0,87.8,0,999.0
DIVINER_03409,-89.5965,-43.2144,210.0,163.0,47.0,0,999.0
DIVINER_03410,-85.8881,-18.5453,220.4,179.2,41.3,0,999.0
DIVINER_03411,-88.6992,173.0334,186.8,154.6,32.3,0,999.0
DIVINER_03412,-89.7757,-53.9019,240.0,141.9,98.1,0,999.0
DIVINER_03413,-86.3957,-17.2141,211.1,189.8,21.4,0,999.0
DIVINER_03414,-82.1626,-131.9344,234.6,124.5,110.1,0,999.0
DIVINER_03415,-84.3382,-162.7352,238.0,134.7,103.3,0,999.0
DIVINER_03416,-86.8722,99.1474,214.9,182.0,32.9,0,999.0
DIVINER_03417,-83.4566,25.4459,104.4,41.0,63.4,1,0.0
DIVINER_03418,-87.6798,93.8537,214.4,177.4,37.0,0,999.0
DIVINER_03419,-89.8562,-126.0494,215.9,143.3,72.5,0,999.0
DIVINER_03420,-82.3565,25.8584,227.4,176.8,50.5,0,999.0
DIVINER_03421,-83.7626,-88.6887,182.9,168.0,14.9,0,999.0
DIVINER_03422,-82.377,-97.8977,208.0,152.8,55.2,0,999.0
DIVINER_03423,-89.6106,-175.8506,235.4,156.6,78.8,0,999.0
DIVINER_03424,-81.6288,-133.0773,239.5,132.4,107.0,0,999.0
DIVINER_03425,-83.8047,-68.6635,191.5,128.1,63.4,0,999.0
DIVINER_03426,-84.366,-137.9236,232.2,170.2,62.0,0,999.0
DIVINER_03427,-83.7539,174.909,188.8,179.4,9.4,0,999.0
DIVINER_03428,-81.3557,-68.8922,230.5,170.5,59.9,0,999.0
DIVINER_03429,-84.1306,-133.0834,196.6,183.9,12.7,0,999.0
DIVINER_03430,-84.1905,-108.3304,237.6,182.3,55.3,0,999.0
DIVINER_03431,-80.0932,31.5732,66.1,27.0,39.2,1,0.0
DIVINER_03432,-82.4327,-156.9443,203.9,182.9,21.1,0,999.0
DIVINER_03433,-85.5771,130.4763,196.9,131.7,65.2,0,999.0
DIVINER_03434,-82.926,166.1399,194.1,171.2,22.9,0,999.0
DIVINER_03435,-86.1077,-91.1709,220.8,172.8,48.1,0,999.0
DIVINER_03436,-87.7112,-17.9657,233.7,130.8,103.0,0,999.0
DIVINER_03437,-84.0315,-172.0316,225.3,183.7,41.6,0,999.0
DIVINER_03438,-80.7182,50.6557,230.1,120.6,109.5,0,999.0
DIVINER_03439,-80.7086,-30.9866,226.9,150.4,76.5,0,999.0
DIVINER_03440,-86.5809,-82.779,238.7,121.5,117.2,0,999.0
DIVINER_03441,-84.7232,-105.5386,225.5,156.6,68.8,0,999.0
DIVINER_03442,-87.8836,55.4483,192.6,148.9,43.8,0,999.0
DIVINER_03443,-80.0437,-30.1619,227.5,163.6,63.9,0,999.0
DIVINER_03444,-80.1888,-115.3227,199.3,173.7,25.7,0,999.0
DIVINER_03445,-83.5049,68.0793,239.7,173.8,65.9,0,999.0
DIVINER_03446,-81.9559,23.426,202.6,170.6,32.0,0,999.0
DIVINER_03447,-82.849,129.1219,197.6,127.1,70.4,0,999.0
DIVINER_03448,-84.0684,-137.7087,194.4,149.2,45.1,0,999.0
DIVINER_03449,-89.4665,102.84,219.5,177.1,42.4,0,999.0
DIVINER_03450,-85.4524,62.466,186.6,165.8,20.8,0,999.0
DIVINER_03451,-83.2521,-138.5961,237.2,167.7,69.5,0,999.0
DIVINER_03452,-83.2247,70.1355,197.7,135.9,61.8,0,999.0
DIVINER_03453,-86.2688,-21.043,197.7,142.8,55.0,0,999.0
DIVINER_03454,-80.5831,160.1945,182.8,186.9,-4.1,0,999.0
DIVINER_03455,-88.3264,-129.0199,194.8,179.3,15.5,0,999.0
DIVINER_03456,-84.9964,51.42,205.1,131.5,73.6,0,999.0
DIVINER_03457,-83.0912,-42.4872,202.2,158.1,44.0,0,999.0
DIVINER_03458,-83.0286,164.4533,196.4,154.3,42.0,0,999.0
DIVINER_03459,-83.5136,-61.209,182.4,151.1,31.4,0,999.0
DIVINER_03460,-87.2471,166.3869,198.0,152.9,45.1,0,999.0
DIVINER_03461,-88.4379,144.5349,226.7,165.0,61.7,0,999.0
DIVINER_03462,-83.6406,-82.662,206.3,187.7,18.6,0,999.0
DIVINER_03463,-84.007,109.275,197.4,181.3,16.2,0,999.0
DIVINER_03464,-88.2064,178.4175,198.3,181.3,17.0,0,999.0
DIVINER_03465,-82.9486,-89.0413,213.3,169.2,44.0,0,999.0
DIVINER_03466,-85.4483,-22.7602,198.1,121.2,76.9,0,999.0
DIVINER_03467,-83.3224,7.2651,217.8,150.8,67.0,0,999.0
DIVINER_03468,-81.6263,-73.8248,239.4,155.8,83.6,0,999.0
DIVINER_03469,-88.3027,-174.5047,182.5,179.0,3.5,0,999.0
DIVINER_03470,-89.8086,-100.7535,190.1,184.6,5.5,0,999.0
DIVINER_03471,-82.209,-78.5027,190.7,151.6,39.1,0,999.0
DIVINER_03472,-83.903,-20.3041,206.8,141.0,65.8,0,999.0
DIVINER_03473,-83.0036,-118.4031,182.5,143.6,38.9,0,999.0
DIVINER_03474,-81.6185,134.3716,208.7,160.5,48.1,0,999.0
DIVINER_03475,-81.9719,73.768,235.7,139.2,96.5,0,999.0
DIVINER_03476,-80.3908,-149.3278,180.7,183.8,-3.1,0,999.0
DIVINER_03477,-84.6406,54.0333,201.9,149.3,52.6,0,999.0
DIVINER_03478,-85.115,55.3163,225.7,189.3,36.3,0,999.0
DIVINER_03479,-85.9811,164.2396,189.3,127.7,61.6,0,999.0
DIVINER_03480,-88.4631,-178.9125,184.7,133.2,51.5,0,999.0
DIVINER_03481,-84.2739,-90.7443,217.8,155.8,62.0,0,999.0
DIVINER_03482,-87.2299,154.0049,180.6,180.8,-0.2,0,999.0
DIVINER_03483,-80.7869,155.5682,228.1,144.8,83.3,0,999.0
DIVINER_03484,-84.1681,79.4111,184.0,178.6,5.4,0,999.0
DIVINER_03485,-84.0716,95.6748,211.5,149.8,61.7,0,999.0
DIVINER_03486,-86.4508,-147.0661,224.4,179.7,44.7,0,999.0
DIVINER_03487,-89.4801,4.9953,194.5,139.4,55.1,0,999.0
DIVINER_03488,-89.6826,-96.6301,186.2,153.0,33.2,0,999.0
DIVINER_03489,-85.7666,-114.7615,190.5,139.5,51.0,0,999.0
DIVINER_03490,-89.1543,111.7092,231.3,135.1,96.2,0,999.0
DIVINER_03491,-83.9315,-131.3863,222.3,149.5,72.9,0,999.0
DIVINER_03492,-81.1903,-11.2854,191.9,143.4,48.5,0,999.0
DIVINER_03493,-81.1709,157.8882,223.0,175.1,47.9,0,999.0
DIVINER_03494,-83.4095,-113.1005,222.5,172.3,50.2,0,999.0
DIVINER_03495,-87.8877,172.0776,239.9,145.1,94.8,0,999.0
DIVINER_03496,-81.37,177.9437,203.5,189.5,14.0,0,999.0
DIVINER_03497,-81.1391,20.0222,231.9,188.2,43.7,0,999.0
DIVINER_03498,-88.0335,-118.7486,206.8,184.2,22.5,0,999.0
DIVINER_03499,-82.6257,-66.2022,233.9,161.1,72.8,0,999.0
DIVINER_03500,-87.1348,-27.1826,185.5,148.9,36.6,0,999.0
DIVINER_03501,-81.9736,-68.6433,190.5,141.9,48.6,0,999.0
DIVINER_03502,-80.0276,-78.9712,231.0,121.1,109.9,0,999.0
DIVINER_03503,-89.6997,170.0027,229.2,164.2,64.9,0,999.0
DIVINER_03504,-81.0263,-124.7887,198.3,158.7,39.6,0,999.0
DIVINER_03505,-83.7737,83.998,215.8,164.1,51.7,0,999.0
DIVINER_03506,-80.2662,-179.8523,203.0,160.3,42.6,0,999.0
DIVINER_03507,-85.3499,34.6258,180.6,129.6,51.0,0,999.0
DIVINER_03508,-81.5261,149.7395,181.6,168.7,12.9,0,999.0
DIVINER_03509,-89.3761,-76.3437,183.3,145.2,38.0,0,999.0
DIVINER_03510,-86.6472,-113.2106,215.6,156.1,59.5,0,999.0
DIVINER_03511,-89.3298,54.6047,196.8,145.6,51.2,0,999.0
DIVINER_03512,-80.2466,76.5365,188.6,121.5,67.1,0,999.0
DIVINER_03513,-81.8303,67.691,236.5,181.4,55.1,0,999.0
DIVINER_03514,-81.4745,-65.0459,187.3,130.4,56.9,0,999.0
DIVINER_03515,-80.6203,-89.2071,220.4,160.8,59.7,0,999.0
DIVINER_03516,-89.149,164.1308,84.3,52.6,31.7,1,0.0
DIVINER_03517,-86.144,152.3878,189.8,135.5,54.3,0,999.0
DIVINER_03518,-89.2897,-15.366,192.9,148.8,44.0,0,999.0
DIVINER_03519,-87.8921,124.6298,214.4,146.4,68.0,0,999.0
DIVINER_03520,-87.7063,-17.1635,210.5,126.2,84.3,0,999.0
DIVINER_03521,-85.3089,-27.22,211.3,149.6,61.6,0,999.0
DIVINER_03522,-87.3144,-123.5653,213.3,153.6,59.7,0,999.0
DIVINER_03523,-88.9902,-26.4938,237.0,121.9,115.1,0,999.0
DIVINER_03524,-88.3251,13.4701,183.2,154.2,29.1,0,999.0
DIVINER_03525,-88.5272,-171.8984,225.6,126.6,99.1,0,999.0
DIVINER_03526,-80.2692,-20.1193,194.0,182.5,11.5,0,999.0
DIVINER_03527,-82.4071,101.2882,202.4,165.5,36.9,0,999.0
DIVINER_03528,-80.3224,64.8166,185.4,123.9,61.4,0,999.0
DIVINER_03529,-85.6026,48.6565,206.7,177.9,28.8,0,999.0
DIVINER_03530,-87.2163,147.44,228.3,145.3,82.9,0,999.0
DIVINER_03531,-82.0171,-173.5085,185.9,135.8,50.1,0,999.0
DIVINER_03532,-86.7375,20.5371,196.5,137.8,58.8,0,999.0
DIVINER_03533,-87.0062,103.4456,202.4,161.8,40.5,0,999.0
DIVINER_03534,-87.6749,14.8807,186.2,125.7,60.5,0,999.0
DIVINER_03535,-88.7032,-63.3976,225.7,124.1,101.6,0,999.0
DIVINER_03536,-87.4354,-130.9498,227.2,163.9,63.3,0,999.0
DIVINER_03537,-86.4468,139.5227,230.2,188.7,41.4,0,999.0
DIVINER_03538,-83.2601,-10.5255,215.0,153.8,61.2,0,999.0
DIVINER_03539,-89.3744,136.1215,210.4,148.9,61.5,0,999.0
DIVINER_03540,-87.8949,30.9068,195.8,186.3,9.4,0,999.0
DIVINER_03541,-81.9098,62.7092,219.3,136.9,82.4,0,999.0
DIVINER_03542,-88.5308,109.534,206.7,136.8,69.8,0,999.0
DIVINER_03543,-86.5735,57.296,238.2,183.4,54.9,0,999.0
DIVINER_03544,-81.3534,-36.7003,238.1,165.3,72.8,0,999.0
DIVINER_03545,-88.4507,4.908,234.3,123.8,110.5,0,999.0
DIVINER_03546,-89.1726,109.0964,201.6,167.2,34.4,0,999.0
DIVINER_03547,-85.1546,-45.4859,202.1,177.4,24.7,0,999.0
DIVINER_03548,-86.9758,-40.2763,231.2,139.2,92.0,0,999.0
DIVINER_03549,-84.3659,-145.5516,223.7,146.8,76.9,0,999.0
DIVINER_03550,-81.962,149.2504,222.3,133.8,88.4,0,999.0
DIVINER_03551,-88.6285,-147.2269,196.8,164.3,32.4,0,999.0
DIVINER_03552,-84.193,53.3553,230.0,166.5,63.5,0,999.0
DIVINER_03553,-84.9449,-31.25,46.3,56.9,-10.6,1,0.0
DIVINER_03554,-88.5592,-33.977,206.8,167.4,39.4,0,999.0
DIVINER_03555,-83.76,64.6387,57.1,55.1,2.0,1,0.0
DIVINER_03556,-87.2636,-155.8463,203.7,122.5,81.2,0,999.0
DIVINER_03557,-85.1217,33.7341,219.2,158.9,60.4,0,999.0
DIVINER_03558,-89.1773,97.9314,208.0,163.0,45.0,0,999.0
DIVINER_03559,-85.4042,118.1566,215.6,150.1,65.5,0,999.0
DIVINER_03560,-86.9354,-118.6091,182.4,183.1,-0.7,0,999.0
DIVINER_03561,-81.7762,143.0709,207.7,143.0,64.7,0,999.0
DIVINER_03562,-89.4302,56.2126,213.4,124.7,88.7,0,999.0
DIVINER_03563,-85.8139,137.4677,209.6,167.0,42.5,0,999.0
DIVINER_03564,-85.4157,-5.2989,230.8,162.4,68.5,0,999.0
DIVINER_03565,-82.7499,15.132,198.7,189.2,9.4,0,999.0
DIVINER_03566,-84.2571,150.8538,233.0,136.2,96.9,0,999.0
DIVINER_03567,-83.3279,143.9674,204.2,147.7,56.5,0,999.0
DIVINER_03568,-82.2295,-18.6621,221.7,152.3,69.4,0,999.0
DIVINER_03569,-81.378,-81.2115,185.2,180.3,4.9,0,999.0
DIVINER_03570,-86.8612,-38.4586,192.0,149.0,43.0,0,999.0
DIVINER_03571,-84.6198,-40.4048,225.7,174.1,51.6,0,999.0
DIVINER_03572,-81.5989,-76.7279,180.7,131.0,49.8,0,999.0
DIVINER_03573,-80.1055,-83.3113,238.1,148.7,89.4,0,999.0
DIVINER_03574,-81.1048,129.9827,90.9,66.2,24.7,1,0.0
DIVINER_03575,-86.2853,-154.8497,234.1,186.5,47.6,0,999.0
DIVINER_03576,-88.0483,63.94,211.0,132.4,78.5,0,999.0
DIVINER_03577,-85.1061,-117.7848,213.9,149.3,64.5,0,999.0
DIVINER_03578,-82.5836,-55.9779,185.0,125.8,59.3,0,999.0
DIVINER_03579,-85.0743,-157.8445,201.9,184.5,17.4,0,999.0
DIVINER_03580,-85.1682,-82.8095,189.4,163.7,25.7,0,999.0
DIVINER_03581,-81.6177,96.6316,211.6,187.4,24.2,0,999.0
DIVINER_03582,-86.386,138.6055,213.0,123.0,90.1,0,999.0
DIVINER_03583,-81.4021,-100.2502,222.6,132.2,90.3,0,999.0
DIVINER_03584,-85.932,-13.1228,232.7,146.6,86.1,0,999.0
DIVINER_03585,-86.7177,-10.6833,208.1,163.5,44.6,0,999.0
DIVINER_03586,-85.4601,134.4871,194.0,143.1,50.9,0,999.0
DIVINER_03587,-82.3755,94.6077,200.0,169.8,30.2,0,999.0
DIVINER_03588,-88.74,4.7078,230.8,131.6,99.3,0,999.0
DIVINER_03589,-88.0358,61.469,188.8,162.0,26.7,0,999.0
DIVINER_03590,-80.4856,125.0478,217.6,147.9,69.8,0,999.0
DIVINER_03591,-88.2451,-176.566,180.8,155.6,25.2,0,999.0
DIVINER_03592,-84.3227,-34.9596,194.7,159.9,34.9,0,999.0
DIVINER_03593,-84.2069,146.6075,215.5,124.2,91.3,0,999.0
DIVINER_03594,-85.1038,86.5127,207.4,184.7,22.7,0,999.0
DIVINER_03595,-83.5525,15.4229,209.6,175.0,34.6,0,999.0
DIVINER_03596,-87.7017,10.672,219.6,151.0,68.7,0,999.0
DIVINER_03597,-84.4734,-54.8028,194.1,158.3,35.8,0,999.0
DIVINER_03598,-86.2783,7.3874,196.8,122.3,74.6,0,999.0
DIVINER_03599,-83.3833,55.938,221.1,154.9,66.2,0,999.0
DIVINER_03600,-88.5878,-29.3893,212.3,149.8,62.5,0,999.0
DIVINER_03601,-84.2912,77.0951,180.9,146.2,34.7,0,999.0
DIVINER_03602,-88.1473,130.0436,61.4,47.1,14.3,1,0.0
DIVINER_03603,-87.2136,-124.3135,217.2,132.7,84.5,0,999.0
DIVINER_03604,-87.8129,-17.4431,184.7,132.3,52.4,0,999.0
DIVINER_03605,-88.1716,-33.1128,224.9,156.5,68.3,0,999.0
DIVINER_03606,-81.7429,67.4873,211.3,168.1,43.2,0,999.0
DIVINER_03607,-87.1429,-90.0477,192.3,121.6,70.7,0,999.0
DIVINER_03608,-80.7288,50.4903,213.6,158.2,55.4,0,999.0
DIVINER_03609,-80.3007,135.8961,215.7,140.9,74.8,0,999.0
DIVINER_03610,-84.2874,-29.4726,235.2,173.0,62.2,0,999.0
DIVINER_03611,-88.57,147.9657,224.5,152.8,71.7,0,999.0
DIVINER_03612,-86.2545,177.5389,198.1,178.4,19.7,0,999.0
DIVINER_03613,-82.0227,-141.8069,187.1,147.8,39.3,0,999.0
DIVINER_03614,-86.3261,-96.1009,231.2,177.9,53.3,0,999.0
DIVINER_03615,-89.1298,162.1367,230.8,170.2,60.6,0,999.0
DIVINER_03616,-84.4322,164.998,190.5,178.0,12.5,0,999.0
DIVINER_03617,-81.5488,-144.8254,183.7,176.9,6.9,0,999.0
DIVINER_03618,-82.0407,-174.6005,222.7,154.0,68.7,0,999.0
DIVINER_03619,-88.2488,-122.004,223.4,145.8,77.6,0,999.0
DIVINER_03620,-83.2724,178.5646,190.6,173.6,17.1,0,999.0
DIVINER_03621,-87.795,-115.2001,220.1,145.3,74.8,0,999.0
DIVINER_03622,-87.8179,0.9171,196.7,126.3,70.5,0,999.0
DIVINER_03623,-81.2593,125.4304,195.6,180.1,15.5,0,999.0
DIVINER_03624,-87.5033,-172.6554,199.5,147.8,51.7,0,999.0
DIVINER_03625,-87.3675,37.616,211.2,129.3,81.9,0,999.0
DIVINER_03626,-89.9935,-80.2708,72.6,32.5,40.1,1,0.0
DIVINER_03627,-81.2933,130.4406,209.9,182.3,27.6,0,999.0
DIVINER_03628,-82.0741,-77.954,47.5,58.6,-11.0,1,0.0
DIVINER_03629,-83.7267,67.2321,233.0,158.8,74.2,0,999.0
DIVINER_03630,-82.4973,62.7191,183.3,126.2,57.1,0,999.0
DIVINER_03631,-88.4795,-100.2623,227.8,168.8,59.1,0,999.0
DIVINER_03632,-85.4168,-167.4723,227.1,162.6,64.4,0,999.0
DIVINER_03633,-86.4878,-32.6702,195.2,134.7,60.5,0,999.0
DIVINER_03634,-89.0622,-75.8905,191.9,183.0,8.9,0,999.0
DIVINER_03635,-85.1387,111.232,232.5,126.1,106.4,0,999.0
DIVINER_03636,-80.7926,108.1311,95.6,28.4,67.2,1,0.0
DIVINER_03637,-89.5994,-15.4714,182.8,126.6,56.1,0,999.0
DIVINER_03638,-87.0854,38.3444,233.4,183.8,49.6,0,999.0
DIVINER_03639,-87.9246,37.5334,200.9,122.5,78.5,0,999.0
DIVINER_03640,-87.6185,117.7769,200.5,149.8,50.7,0,999.0
DIVINER_03641,-80.9157,-26.9991,218.6,180.3,38.3,0,999.0
DIVINER_03642,-85.3193,-80.8392,74.3,60.5,13.8,1,0.0
DIVINER_03643,-85.337,-84.5874,201.2,127.4,73.8,0,999.0
DIVINER_03644,-82.3942,13.0292,188.6,128.9,59.7,0,999.0
DIVINER_03645,-88.4551,-18.3066,213.1,148.3,64.8,0,999.0
DIVINER_03646,-85.1273,-21.5565,217.5,150.0,67.5,0,999.0
DIVINER_03647,-85.7001,-147.1906,231.6,170.3,61.3,0,999.0
DIVINER_03648,-84.0309,78.6973,209.1,136.7,72.4,0,999.0
DIVINER_03649,-80.0044,-103.0548,218.7,169.1,49.6,0,999.0
DIVINER_03650,-82.3055,-109.0967,183.3,189.9,-6.7,0,999.0
DIVINER_03651,-86.0213,-31.407,233.7,180.5,53.2,0,999.0
DIVINER_03652,-81.7245,-97.9998,199.6,164.5,35.1,0,999.0
DIVINER_03653,-88.2929,30.189,217.9,185.8,32.1,0,999.0
DIVINER_03654,-89.6954,-46.2732,235.0,189.4,45.6,0,999.0
DIVINER_03655,-87.9555,-18.3918,228.6,159.9,68.7,0,999.0
DIVINER_03656,-86.5959,13.381,218.3,139.2,79.1,0,999.0
DIVINER_03657,-84.8942,-106.7272,222.2,184.0,38.2,0,999.0
DIVINER_03658,-83.8487,-123.9294,235.3,179.1,56.2,0,999.0
DIVINER_03659,-80.8939,136.9519,228.7,125.9,102.8,0,999.0
DIVINER_03660,-84.9015,-23.8595,216.6,185.5,31.0,0,999.0
DIVINER_03661,-84.9872,-31.6463,219.5,145.6,73.9,0,999.0
DIVINER_03662,-89.4976,-167.1796,188.8,142.5,46.3,0,999.0
DIVINER_03663,-89.6509,-0.7285,208.2,144.0,64.2,0,999.0
DIVINER_03664,-84.4884,19.5011,198.1,142.4,55.7,0,999.0
DIVINER_03665,-85.6182,21.1827,205.9,156.1,49.8,0,999.0
DIVINER_03666,-81.6082,74.5312,219.7,160.6,59.2,0,999.0
DIVINER_03667,-88.3932,-116.1065,188.9,149.8,39.2,0,999.0
DIVINER_03668,-89.7503,-89.1997,181.0,148.9,32.2,0,999.0
DIVINER_03669,-85.5096,111.863,203.8,171.6,32.2,0,999.0
DIVINER_03670,-87.6252,160.9814,199.3,120.2,79.1,0,999.0
DIVINER_03671,-89.5039,-131.0642,205.2,186.3,18.9,0,999.0
DIVINER_03672,-82.754,-0.8462,235.9,170.0,65.9,0,999.0
DIVINER_03673,-88.8841,-102.8965,222.4,169.5,52.9,0,999.0
DIVINER_03674,-83.9168,-158.3737,199.6,149.5,50.1,0,999.0
DIVINER_03675,-87.1895,-62.8188,190.8,187.6,3.2,0,999.0
DIVINER_03676,-88.265,-128.2725,217.1,120.0,97.1,0,999.0
DIVINER_03677,-86.2025,75.5759,219.5,125.4,94.1,0,999.0
DIVINER_03678,-81.9855,12.1411,209.0,176.3,32.7,0,999.0
DIVINER_03679,-86.0791,-128.2196,192.8,171.7,21.1,0,999.0
DIVINER_03680,-82.4923,-176.673,181.7,139.0,42.7,0,999.0
DIVINER_03681,-88.7451,110.9365,195.9,161.6,34.3,0,999.0
DIVINER_03682,-82.2723,-116.57,207.4,157.2,50.2,0,999.0
DIVINER_03683,-87.6307,38.238,227.3,156.9,70.4,0,999.0
DIVINER_03684,-83.2261,-58.7081,231.2,161.7,69.5,0,999.0
DIVINER_03685,-84.3422,30.7749,204.8,189.6,15.2,0,999.0
DIVINER_03686,-80.7086,-66.3647,227.8,189.1,38.7,0,999.0
DIVINER_03687,-86.1268,-148.7018,239.6,188.7,50.9,0,999.0
DIVINER_03688,-89.3383,-99.738,223.0,158.4,64.6,0,999.0
DIVINER_03689,-89.8084,-112.2989,223.7,142.3,81.4,0,999.0
DIVINER_03690,-81.7314,-25.913,234.6,159.2,75.4,0,999.0
DIVINER_03691,-84.7526,56.9822,200.3,163.6,36.7,0,999.0
DIVINER_03692,-82.2476,-85.0298,180.7,141.8,38.9,0,999.0
DIVINER_03693,-87.6557,-175.6548,239.2,164.3,74.9,0,999.0
DIVINER_03694,-86.5492,6.8175,209.4,163.5,45.9,0,999.0
DIVINER_03695,-89.699,38.0734,227.1,183.2,43.9,0,999.0
DIVINER_03696,-80.3851,166.6334,228.7,136.6,92.1,0,999.0
DIVINER_03697,-83.3213,32.2095,203.9,168.8,35.0,0,999.0
DIVINER_03698,-80.6679,-10.3779,212.5,151.6,60.9,0,999.0
DIVINER_03699,-87.345,26.4246,212.4,129.1,83.3,0,999.0
DIVINER_03700,-83.8854,154.0442,193.2,142.1,51.1,0,999.0
DIVINER_03701,-83.215,118.2161,187.1,124.0,63.0,0,999.0
DIVINER_03702,-86.8245,-63.7277,212.6,142.4,70.3,0,999.0
DIVINER_03703,-81.5189,-94.5884,187.2,124.8,62.4,0,999.0
DIVINER_03704,-80.5284,-85.4519,200.8,184.8,16.0,0,999.0
DIVINER_03705,-81.1514,1.5916,191.2,127.1,64.0,0,999.0
DIVINER_03706,-82.6093,87.8578,222.4,177.2,45.2,0,999.0
DIVINER_03707,-87.2254,1.1589,232.3,183.4,48.9,0,999.0
DIVINER_03708,-87.1838,-155.5933,214.7,152.7,61.9,0,999.0
DIVINER_03709,-80.3664,80.4891,204.6,123.8,80.8,0,999.0
DIVINER_03710,-89.8972,110.1492,239.8,161.7,78.1,0,999.0
DIVINER_03711,-82.8395,-75.7808,181.3,136.4,44.8,0,999.0
DIVINER_03712,-82.9375,59.0853,198.3,132.4,65.9,0,999.0
DIVINER_03713,-83.7731,-26.4269,196.7,159.7,37.0,0,999.0
DIVINER_03714,-80.0989,140.083,201.4,144.9,56.4,0,999.0
DIVINER_03715,-86.8812,124.2812,46.7,47.8,-1.1,1,0.0
DIVINER_03716,-86.6003,9.1555,195.9,161.4,34.5,0,999.0
DIVINER_03717,-89.2106,68.942,195.5,178.1,17.4,0,999.0
DIVINER_03718,-85.572,138.0059,210.3,124.1,86.3,0,999.0
DIVINER_03719,-87.3895,-1.5419,203.5,136.4,67.0,0,999.0
DIVINER_03720,-86.5661,-67.2297,218.4,159.7,58.7,0,999.0
DIVINER_03721,-81.6543,91.3198,210.9,181.6,29.2,0,999.0
DIVINER_03722,-80.6452,-100.7761,191.0,176.9,14.1,0,999.0
DIVINER_03723,-88.1427,-40.1288,228.6,167.6,61.0,0,999.0
DIVINER_03724,-86.2749,131.6618,208.3,160.2,48.1,0,999.0
DIVINER_03725,-80.7137,80.792,189.2,164.2,25.0,0,999.0
DIVINER_03726,-89.3819,-34.628,190.0,135.0,55.1,0,999.0
DIVINER_03727,-89.0764,-102.692,227.8,161.7,66.2,0,999.0
DIVINER_03728,-88.3721,-51.8514,222.2,154.6,67.6,0,999.0
DIVINER_03729,-84.0479,-77.7225,210.4,146.9,63.5,0,999.0
DIVINER_03730,-88.4953,-116.6079,198.4,182.1,16.2,0,999.0
DIVINER_03731,-80.3192,87.5998,207.6,178.1,29.6,0,999.0
DIVINER_03732,-85.5329,-89.2548,218.2,125.4,92.8,0,999.0
DIVINER_03733,-84.9848,-16.4997,232.8,189.0,43.8,0,999.0
DIVINER_03734,-87.5334,-41.0906,213.4,136.1,77.3,0,999.0
DIVINER_03735,-85.2904,173.5479,196.6,135.1,61.5,0,999.0
DIVINER_03736,-83.3809,-39.2068,182.6,186.1,-3.5,0,999.0
DIVINER_03737,-82.4882,-151.2063,190.5,151.1,39.4,0,999.0
DIVINER_03738,-82.4613,-147.6627,219.0,176.4,42.6,0,999.0
DIVINER_03739,-84.2211,32.6713,189.6,140.2,49.5,0,999.0
DIVINER_03740,-80.9564,35.7709,208.9,181.1,27.8,0,999.0
DIVINER_03741,-81.8259,-29.2468,221.9,178.3,43.7,0,999.0
DIVINER_03742,-82.4295,-24.5363,198.5,156.4,42.1,0,999.0
DIVINER_03743,-89.4439,-160.5843,220.1,169.4,50.8,0,999.0
DIVINER_03744,-89.9312,5.9567,214.9,187.5,27.4,0,999.0
DIVINER_03745,-87.8755,1.7062,206.3,151.6,54.7,0,999.0
DIVINER_03746,-83.3648,-126.1622,233.8,154.6,79.2,0,999.0
DIVINER_03747,-85.888,-142.6178,221.5,170.6,50.9,0,999.0
DIVINER_03748,-85.9759,-135.5139,201.6,147.0,54.6,0,999.0
DIVINER_03749,-81.1541,-143.6298,228.3,187.3,41.0,0,999.0
DIVINER_03750,63.2901,39.495,369.1,107.3,261.8,0,999.0
DIVINER_03751,65.468,-109.2662,364.8,94.9,269.9,0,999.0
DIVINER_03752,-29.7795,-89.4851,384.1,92.6,291.4,0,999.0
DIVINER_03753,30.5689,-117.514,368.5,96.7,271.8,0,999.0
DIVINER_03754,-36.5387,164.8207,388.2,100.1,288.1,0,999.0
DIVINER_03755,-49.5024,127.6623,380.5,103.3,277.1,0,999.0
DIVINER_03756,-50.4588,-97.0219,368.8,104.5,264.3,0,999.0
DIVINER_03757,-25.2628,-62.0761,382.8,99.7,283.1,0,999.0
DIVINER_03758,-11.2068,-104.4386,396.5,93.2,303.3,0,999.0
DIVINER_03759,52.9519,-2.9247,368.3,94.1,274.2,0,999.0
DIVINER_03760,-60.8174,-172.9402,371.9,105.2,266.7,0,999.0
DIVINER_03761,37.5881,61.6925,379.2,93.5,285.7,0,999.0
DIVINER_03762,5.0328,8.3369,391.9,105.6,286.3,0,999.0
DIVINER_03763,-33.9287,143.51,383.4,105.9,277.5,0,999.0
DIVINER_03764,-1.1489,-120.8186,388.6,115.3,273.2,0,999.0
DIVINER_03765,-32.0093,109.4793,385.9,95.2,290.7,0,999.0
DIVINER_03766,15.3731,105.106,386.1,96.7,289.4,0,999.0
DIVINER_03767,-10.585,-134.2148,380.4,76.9,303.5,0,999.0
DIVINER_03768,-53.6951,-36.5187,369.0,90.6,278.5,0,999.0
DIVINER_03769,-61.3467,-118.745,363.9,90.4,273.5,0,999.0
DIVINER_03770,7.4713,-88.3006,381.6,105.1,276.6,0,999.0
DIVINER_03771,64.3861,-85.2314,369.1,118.1,251.1,0,999.0
DIVINER_03772,-24.9668,20.2451,385.4,105.8,279.6,0,999.0
DIVINER_03773,37.28,-31.8921,383.6,109.9,273.7,0,999.0
DIVINER_03774,25.3858,161.1838,388.7,92.9,295.9,0,999.0
DIVINER_03775,69.0488,-134.5067,368.1,88.0,280.1,0,999.0
DIVINER_03776,51.357,170.5292,377.0,97.6,279.4,0,999.0
DIVINER_03777,10.6568,-96.9701,384.4,93.8,290.6,0,999.0
DIVINER_03778,25.1249,98.2346,389.1,91.4,297.7,0,999.0
DIVINER_03779,63.7418,-57.9708,368.8,102.2,266.6,0,999.0
DIVINER_03780,-16.077,-128.4907,399.4,88.1,311.2,0,999.0
DIVINER_03781,-27.7128,128.8401,385.5,108.3,277.2,0,999.0
DIVINER_03782,-78.2702,-68.8101,360.0,96.0,264.0,0,999.0
DIVINER_03783,52.2482,57.1879,374.0,99.5,274.5,0,999.0
DIVINER_03784,48.1569,23.9197,376.9,101.0,275.9,0,999.0
DIVINER_03785,-63.2873,-10.1677,367.9,95.3,272.6,0,999.0
DIVINER_03786,12.2972,-1.505,386.9,112.7,274.3,0,999.0
DIVINER_03787,-5.7629,83.6056,390.7,83.9,306.7,0,999.0
DIVINER_03788,-61.0065,-148.4018,372.5,112.8,259.7,0,999.0
DIVINER_03789,76.8909,60.545,357.0,96.5,260.4,0,999.0
DIVINER_03790,-45.6487,142.4924,382.1,109.2,272.9,0,999.0
DIVINER_03791,-69.2425,-159.1962,367.7,102.0,265.7,0,999.0
DIVINER_03792,15.1756,-129.3648,384.2,108.5,275.7,0,999.0
DIVINER_03793,38.2187,77.9875,376.6,98.8,277.8,0,999.0
DIVINER_03794,-74.809,-22.5786,362.7,102.4,260.3,0,999.0
DIVINER_03795,25.3948,-34.7225,383.2,111.0,272.2,0,999.0
DIVINER_03796,5.1667,-130.692,384.6,101.0,283.7,0,999.0
DIVINER_03797,-63.4776,2.4372,376.4,113.3,263.1,0,999.0
DIVINER_03798,-52.3962,-134.4437,369.6,103.5,266.1,0,999.0
DIVINER_03799,10.8759,-8.4166,381.7,92.7,289.0,0,999.0
DIVINER_03800,-32.5828,94.9015,379.8,96.5,283.3,0,999.0
DIVINER_03801,70.1305,-87.0248,364.8,108.9,255.9,0,999.0
DIVINER_03802,50.9984,-6.917,375.5,87.6,287.9,0,999.0
DIVINER_03803,77.3708,177.1257,368.2,107.9,260.3,0,999.0
DIVINER_03804,-38.4527,67.1942,377.5,96.3,281.1,0,999.0
DIVINER_03805,75.1558,122.8884,361.4,87.1,274.3,0,999.0
DIVINER_03806,-11.0026,-30.6549,394.9,102.1,292.8,0,999.0
DIVINER_03807,-24.397,96.4299,383.1,93.0,290.1,0,999.0
DIVINER_03808,-71.9441,-165.4167,365.9,94.3,271.6,0,999.0
DIVINER_03809,-71.5576,-135.752,353.5,93.7,259.8,0,999.0
DIVINER_03810,30.7218,-106.8946,393.2,101.1,292.0,0,999.0
DIVINER_03811,-6.7314,-35.2973,394.7,96.1,298.6,0,999.0
DIVINER_03812,-43.7565,124.4682,375.5,103.9,271.6,0,999.0
DIVINER_03813,18.2352,-55.3442,392.1,110.1,282.0,0,999.0
DIVINER_03814,-39.5427,55.6636,387.4,105.4,282.0,0,999.0
DIVINER_03815,12.4211,75.3531,382.6,118.1,264.6,0,999.0
DIVINER_03816,-22.5266,31.0256,383.9,120.5,263.4,0,999.0
DIVINER_03817,51.7684,-51.3929,381.5,97.1,284.4,0,999.0
DIVINER_03818,51.3114,27.7392,375.3,88.5,286.9,0,999.0
DIVINER_03819,-3.6239,-56.7844,392.1,97.1,295.0,0,999.0
DIVINER_03820,-23.8689,-149.8055,386.9,101.2,285.7,0,999.0
DIVINER_03821,-21.9904,177.4094,391.5,122.3,269.3,0,999.0
DIVINER_03822,48.9143,-134.2143,378.9,96.3,282.6,0,999.0
DIVINER_03823,-27.4913,-153.9546,386.0,102.8,283.2,0,999.0
DIVINER_03824,-46.5505,136.2711,367.0,93.2,273.8,0,999.0
DIVINER_03825,-66.4499,-71.3395,369.2,96.5,272.6,0,999.0
DIVINER_03826,-5.3291,54.1069,393.5,87.9,305.6,0,999.0
DIVINER_03827,-2.8589,-61.5579,383.8,85.4,298.4,0,999.0
DIVINER_03828,54.5454,-39.0765,367.3,113.6,253.7,0,999.0
DIVINER_03829,-44.6018,-85.6393,381.1,110.7,270.4,0,999.0
DIVINER_03830,-19.0414,-56.5042,388.8,96.3,292.5,0,999.0
DIVINER_03831,49.3449,-32.1479,366.2,110.6,255.6,0,999.0
DIVINER_03832,51.7798,79.3498,370.6,86.9,283.7,0,999.0
DIVINER_03833,-18.4622,4.153,389.5,98.3,291.2,0,999.0
DIVINER_03834,-6.5402,159.6835,393.1,101.7,291.4,0,999.0
DIVINER_03835,-31.4743,-164.9231,381.2,112.7,268.5,0,999.0
DIVINER_03836,69.2088,1.1046,363.5,102.0,261.5,0,999.0
DIVINER_03837,-61.017,30.3209,365.0,105.4,259.5,0,999.0
DIVINER_03838,69.3999,151.2709,370.7,95.3,275.4,0,999.0
DIVINER_03839,29.4186,-162.3029,385.7,102.6,283.1,0,999.0
DIVINER_03840,5.0515,26.4599,386.5,112.6,273.9,0,999.0
DIVINER_03841,-74.7746,127.3068,354.7,83.8,270.9,0,999.0
DIVINER_03842,-3.9046,-92.906,383.6,111.4,272.2,0,999.0
DIVINER_03843,-14.7603,135.4652,397.7,97.9,299.8,0,999.0
DIVINER_03844,-54.205,-173.1444,372.5,85.9,286.6,0,999.0
DIVINER_03845,25.0255,83.6837,384.2,97.3,286.9,0,999.0
DIVINER_03846,75.3841,155.9208,359.0,112.9,246.1,0,999.0
DIVINER_03847,9.9502,56.5912,386.2,95.2,291.1,0,999.0
DIVINER_03848,34.3605,-21.9495,382.5,103.0,279.5,0,999.0
DIVINER_03849,-69.0479,-163.8428,364.5,83.9,280.6,0,999.0
DIVINER_03850,-13.1733,151.241,389.0,81.7,307.3,0,999.0
DIVINER_03851,-61.3826,-10.6934,362.8,89.2,273.6,0,999.0
DIVINER_03852,18.0473,-169.5612,392.5,110.1,282.4,0,999.0
DIVINER_03853,70.1571,68.3356,360.8,99.5,261.3,0,999.0
DIVINER_03854,25.8844,-6.5386,382.7,111.0,271.7,0,999.0
DIVINER_03855,-67.7115,-135.2357,361.7,111.6,250.1,0,999.0
DIVINER_03856,-23.2534,-102.8621,381.5,92.4,289.1,0,999.0
DIVINER_03857,8.1061,-156.7834,390.9,115.7,275.3,0,999.0
DIVINER_03858,-15.4868,26.7457,393.0,94.6,298.5,0,999.0
DIVINER_03859,53.383,43.9306,370.2,110.0,260.2,0,999.0
DIVINER_03860,50.3474,2.0672,366.3,109.6,256.7,0,999.0
DIVINER_03861,17.893,114.1568,382.9,100.7,282.3,0,999.0
DIVINER_03862,-20.2467,129.9632,385.3,100.7,284.6,0,999.0
DIVINER_03863,-39.1462,41.6248,374.9,103.2,271.7,0,999.0
DIVINER_03864,-63.0601,-175.4077,365.1,101.2,264.0,0,999.0
DIVINER_03865,-23.2164,70.2827,384.0,96.1,287.9,0,999.0
DIVINER_03866,-13.8924,-29.5203,388.8,95.2,293.5,0,999.0
DIVINER_03867,28.1317,23.6007,378.0,96.2,281.8,0,999.0
DIVINER_03868,25.3056,53.669,389.1,112.2,276.9,0,999.0
DIVINER_03869,-68.7827,-53.9148,372.8,84.1,288.7,0,999.0
DIVINER_03870,-16.7585,150.1555,395.4,95.0,300.4,0,999.0
DIVINER_03871,-50.9154,-131.769,372.3,96.7,275.6,0,999.0
DIVINER_03872,-54.91,61.7443,376.3,97.7,278.6,0,999.0
DIVINER_03873,52.3683,-178.4306,377.2,103.0,274.2,0,999.0
DIVINER_03874,-73.2936,152.8744,361.3,86.5,274.8,0,999.0
DIVINER_03875,-12.9307,-139.4985,389.9,110.3,279.6,0,999.0
DIVINER_03876,-53.0874,-145.8417,377.4,108.9,268.6,0,999.0
DIVINER_03877,60.6928,-60.1173,374.0,106.7,267.3,0,999.0
DIVINER_03878,9.1265,-45.5161,385.4,97.9,287.5,0,999.0
DIVINER_03879,-42.9791,-102.852,383.0,92.6,290.4,0,999.0
DIVINER_03880,0.3884,30.6438,398.3,96.7,301.6,0,999.0
DIVINER_03881,37.0378,-20.5509,386.3,100.6,285.7,0,999.0
DIVINER_03882,73.2989,-167.6968,369.2,106.7,262.5,0,999.0
DIVINER_03883,-44.7286,-64.9253,365.5,99.2,266.3,0,999.0
DIVINER_03884,61.7891,111.7558,371.9,103.6,268.3,0,999.0
DIVINER_03885,69.4887,68.2926,365.3,95.7,269.7,0,999.0
DIVINER_03886,66.6273,80.9535,371.0,102.9,268.1,0,999.0
DIVINER_03887,21.6663,71.3221,381.5,97.5,284.0,0,999.0
DIVINER_03888,20.7713,-68.0497,384.9,102.7,282.2,0,999.0
DIVINER_03889,-15.4863,-144.121,393.1,82.3,310.7,0,999.0
DIVINER_03890,40.3837,-81.9118,375.2,104.9,270.3,0,999.0
DIVINER_03891,5.007,119.4427,391.1,105.4,285.7,0,999.0
DIVINER_03892,28.3901,172.9695,385.1,105.3,279.8,0,999.0
DIVINER_03893,-11.4467,-2.2151,388.2,90.1,298.1,0,999.0
DIVINER_03894,37.0394,-176.5079,384.8,92.9,291.9,0,999.0
DIVINER_03895,51.9154,-129.5839,369.1,91.3,277.8,0,999.0
DIVINER_03896,-56.5702,-64.051,368.1,103.3,264.8,0,999.0
DIVINER_03897,53.2688,28.2907,373.2,106.6,266.6,0,999.0
DIVINER_03898,6.4474,-152.9663,383.7,93.0,290.7,0,999.0
DIVINER_03899,55.1465,159.6086,379.0,113.2,265.9,0,999.0
DIVINER_03900,-10.9917,-48.5699,385.3,113.0,272.2,0,999.0
DIVINER_03901,-19.3535,148.5303,391.7,101.4,290.3,0,999.0
DIVINER_03902,66.4097,100.9878,361.6,103.7,257.9,0,999.0
DIVINER_03903,-39.8129,91.9574,384.2,83.2,301.0,0,999.0
DIVINER_03904,55.074,38.419,364.9,94.7,270.1,0,999.0
DIVINER_03905,-2.5567,45.6422,397.0,87.5,309.5,0,999.0
DIVINER_03906,2.2553,49.6812,395.6,90.9,304.7,0,999.0
DIVINER_03907,-30.6451,46.3397,381.7,105.1,276.5,0,999.0
DIVINER_03908,11.6868,19.3422,385.0,107.6,277.5,0,999.0
DIVINER_03909,-27.9662,175.109,387.6,108.0,279.6,0,999.0
DIVINER_03910,-73.7169,83.6246,353.6,102.4,251.2,0,999.0
DIVINER_03911,-36.4802,99.7007,382.3,105.2,277.1,0,999.0
DIVINER_03912,-78.9794,134.0866,353.6,84.1,269.5,0,999.0
DIVINER_03913,76.5368,-102.3697,358.0,87.1,270.9,0,999.0
DIVINER_03914,74.5196,-149.8305,357.5,97.9,259.5,0,999.0
DIVINER_03915,-16.7752,-6.158,384.3,106.0,278.3,0,999.0
DIVINER_03916,36.5393,5.0691,390.7,95.5,295.1,0,999.0
DIVINER_03917,-24.671,118.5054,390.3,86.4,303.9,0,999.0
DIVINER_03918,27.3749,-20.2379,378.1,93.1,285.0,0,999.0
DIVINER_03919,48.8688,25.5071,371.9,90.7,281.3,0,999.0
DIVINER_03920,71.481,9.7455,367.0,82.8,284.2,0,999.0
DIVINER_03921,-15.966,-166.247,393.3,122.2,271.1,0,999.0
DIVINER_03922,45.3277,41.4774,371.2,112.3,258.9,0,999.0
DIVINER_03923,-37.4514,118.0956,385.2,80.2,305.0,0,999.0
DIVINER_03924,78.4532,-123.2998,359.3,80.8,278.6,0,999.0
DIVINER_03925,-75.8769,33.9594,350.1,91.9,258.1,0,999.0
DIVINER_03926,16.5646,33.6998,386.3,85.1,301.2,0,999.0
DIVINER_03927,25.521,-120.8934,385.4,123.8,261.6,0,999.0
DIVINER_03928,30.0873,-135.5531,384.9,92.0,292.9,0,999.0
DIVINER_03929,-60.738,172.8187,362.9,103.6,259.3,0,999.0
DIVINER_03930,70.1648,-38.2611,359.8,94.9,264.8,0,999.0
DIVINER_03931,-51.0107,-98.1282,372.1,88.3,283.7,0,999.0
DIVINER_03932,19.6405,-118.3232,385.0,110.5,274.5,0,999.0
DIVINER_03933,-44.3718,60.3366,376.0,106.5,269.4,0,999.0
DIVINER_03934,-30.8454,39.4003,383.7,99.4,284.3,0,999.0
DIVINER_03935,7.4334,51.6788,391.2,123.8,267.4,0,999.0
DIVINER_03936,-13.2491,-148.3178,397.8,102.4,295.5,0,999.0
DIVINER_03937,-54.3639,141.6725,377.7,95.4,282.2,0,999.0
DIVINER_03938,-52.6502,-39.8641,380.9,119.2,261.7,0,999.0
DIVINER_03939,-13.0968,-67.187,386.6,104.0,282.5,0,999.0
DIVINER_03940,41.1653,-13.5499,375.1,116.3,258.8,0,999.0
DIVINER_03941,63.6743,-39.5762,371.7,99.6,272.1,0,999.0
DIVINER_03942,-66.5396,130.8877,365.8,69.9,296.0,0,999.0
DIVINER_03943,-17.1034,154.534,391.9,84.4,307.5,0,999.0
DIVINER_03944,-63.9607,-70.7568,363.1,110.8,252.3,0,999.0
DIVINER_03945,-77.3452,131.0169,362.0,94.1,267.9,0,999.0
DIVINER_03946,25.875,101.3483,385.1,102.5,282.6,0,999.0
DIVINER_03947,16.3919,155.0908,386.1,111.3,274.7,0,999.0
DIVINER_03948,-53.9169,-91.5299,371.7,101.8,269.9,0,999.0
DIVINER_03949,-42.5899,27.7053,381.9,91.4,290.5,0,999.0
DIVINER_03950,-76.2068,-81.1639,363.4,99.9,263.5,0,999.0
DIVINER_03951,53.5916,116.674,371.9,101.1,270.8,0,999.0
DIVINER_03952,75.9505,-178.0833,361.4,95.9,265.5,0,999.0
DIVINER_03953,-58.3265,23.3349,372.7,86.2,286.6,0,999.0
DIVINER_03954,-42.964,-57.8868,383.0,96.4,286.5,0,999.0
DIVINER_03955,58.9455,-63.8339,375.6,99.1,276.5,0,999.0
DIVINER_03956,68.2342,52.1663,373.9,85.6,288.3,0,999.0
DIVINER_03957,-12.8596,126.5344,386.7,90.8,295.9,0,999.0
DIVINER_03958,-71.9004,39.3103,369.7,92.8,276.9,0,999.0
DIVINER_03959,-73.6973,127.1423,361.8,81.4,280.4,0,999.0
DIVINER_03960,11.832,-84.745,383.7,101.3,282.4,0,999.0
DIVINER_03961,-17.1368,7.0207,385.0,102.4,282.6,0,999.0
DIVINER_03962,-75.4156,-17.8068,362.4,94.6,267.8,0,999.0
DIVINER_03963,13.3204,-175.8078,392.5,86.3,306.2,0,999.0
DIVINER_03964,-78.1916,20.4524,353.1,104.1,249.0,0,999.0
DIVINER_03965,45.9795,58.1488,374.0,105.5,268.5,0,999.0
DIVINER_03966,-30.9707,33.0892,381.6,101.0,280.6,0,999.0
DIVINER_03967,-73.5587,85.0608,357.0,100.4,256.6,0,999.0
DIVINER_03968,14.1364,25.6822,379.4,105.9,273.4,0,999.0
DIVINER_03969,-16.3705,-155.9699,377.3,99.0,278.2,0,999.0
DIVINER_03970,75.8081,-138.0796,357.9,90.8,267.1,0,999.0
DIVINER_03971,7.0718,34.7308,391.0,99.3,291.7,0,999.0
DIVINER_03972,-35.9617,-81.0075,385.7,96.1,289.6,0,999.0
DIVINER_03973,33.5102,-151.3278,376.5,99.3,277.2,0,999.0
DIVINER_03974,-36.5613,-25.343,375.4,108.8,266.6,0,999.0
DIVINER_03975,64.6789,19.5561,364.5,88.0,276.5,0,999.0
DIVINER_03976,-20.0445,-61.6514,387.6,101.8,285.8,0,999.0
DIVINER_03977,7.979,79.3561,394.7,87.5,307.2,0,999.0
DIVINER_03978,-71.9083,51.7574,366.0,90.8,275.2,0,999.0
DIVINER_03979,-11.8206,-60.1854,387.3,115.7,271.6,0,999.0
DIVINER_03980,53.1782,91.7541,375.8,104.6,271.2,0,999.0
DIVINER_03981,48.9038,53.5302,372.1,101.6,270.5,0,999.0
DIVINER_03982,-44.109,49.4803,379.1,83.4,295.7,0,999.0
DIVINER_03983,-43.8273,19.234,378.5,97.6,280.9,0,999.0
DIVINER_03984,50.7688,-175.8997,382.3,79.3,303.0,0,999.0
DIVINER_03985,68.8637,70.7426,366.9,100.4,266.5,0,999.0
DIVINER_03986,-64.7423,-44.625,363.2,87.5,275.7,0,999.0
DIVINER_03987,-7.9906,159.3395,385.8,105.6,280.2,0,999.0
DIVINER_03988,-26.0073,114.4745,384.3,101.6,282.7,0,999.0
DIVINER_03989,59.3102,31.57,362.6,87.8,274.8,0,999.0
DIVINER_03990,-66.636,-89.2145,364.7,103.8,260.9,0,999.0
DIVINER_03991,-46.2198,-106.6617,377.0,120.9,256.0,0,999.0
DIVINER_03992,40.3949,-57.4615,382.8,98.0,284.8,0,999.0
DIVINER_03993,-71.793,-8.4355,365.6,108.8,256.8,0,999.0
DIVINER_03994,-1.1943,-73.4164,390.5,79.0,311.5,0,999.0
DIVINER_03995,-9.2629,5.3746,381.3,104.7,276.7,0,999.0
DIVINER_03996,-26.4958,-120.4666,379.7,94.3,285.4,0,999.0
DIVINER_03997,-16.8684,171.9766,385.3,97.3,287.9,0,999.0
DIVINER_03998,4.7905,-141.1472,393.1,106.0,287.2,0,999.0
DIVINER_03999,-54.1812,155.4999,376.5,97.6,278.9,0,999.0
DIVINER_04000,11.5193,148.8881,387.9,83.8,304.1,0,999.0
DIVINER_04001,48.8692,9.1298,388.1,115.3,272.8,0,999.0
DIVINER_04002,41.6257,80.9677,387.7,85.5,302.2,0,999.0
DIVINER_04003,-55.376,-23.0226,378.9,91.6,287.3,0,999.0
DIVINER_04004,-56.1201,46.8124,375.8,101.3,274.5,0,999.0
DIVINER_04005,-37.0921,-57.3927,384.2,101.4,282.8,0,999.0
DIVINER_04006,-22.228,-71.5828,389.0,104.3,284.7,0,999.0
DIVINER_04007,-14.6471,28.1627,379.7,101.3,278.3,0,999.0
DIVINER_04008,28.7516,-0.6733,379.8,111.5,268.3,0,999.0
DIVINER_04009,-70.9311,28.6331,362.0,104.9,257.1,0,999.0
DIVINER_04010,-74.4524,-76.8022,361.4,88.1,273.2,0,999.0
DIVINER_04011,-17.2943,-47.8952,387.6,74.0,313.6,0,999.0
DIVINER_04012,31.5462,-149.7967,385.5,101.5,283.9,0,999.0
DIVINER_04013,-49.0503,-161.1805,365.7,114.7,251.0,0,999.0
DIVINER_04014,22.6407,-88.7554,389.4,87.5,302.0,0,999.0
DIVINER_04015,-38.4275,-153.2711,381.6,89.5,292.1,0,999.0
DIVINER_04016,61.7738,-142.6411,368.0,103.5,264.4,0,999.0
DIVINER_04017,63.3104,112.6542,372.6,104.8,267.8,0,999.0
DIVINER_04018,-32.434,-166.0055,378.5,111.2,267.3,0,999.0
DIVINER_04019,-43.201,57.2194,378.0,116.4,261.6,0,999.0
DIVINER_04020,-14.1914,-81.8792,390.2,102.4,287.8,0,999.0
DIVINER_04021,-41.5149,133.7564,375.7,90.7,285.0,0,999.0
DIVINER_04022,27.5814,-5.4028,375.4,91.0,284.4,0,999.0
DIVINER_04023,52.1703,-69.9925,368.8,94.6,274.2,0,999.0
DIVINER_04024,27.6947,6.35,385.1,110.3,274.8,0,999.0
DIVINER_04025,51.8961,-42.4951,373.4,95.0,278.4,0,999.0
DIVINER_04026,-16.4813,23.1484,388.3,109.6,278.6,0,999.0
DIVINER_04027,-54.9893,-138.7682,369.7,84.8,284.9,0,999.0
DIVINER_04028,38.0722,178.9166,374.9,102.9,272.1,0,999.0
DIVINER_04029,-22.3241,-26.7999,387.7,92.5,295.2,0,999.0
DIVINER_04030,27.4033,-54.637,384.7,105.2,279.5,0,999.0
DIVINER_04031,-36.697,75.6755,385.3,97.4,287.8,0,999.0
DIVINER_04032,-67.0033,-48.9962,361.9,108.0,253.9,0,999.0
DIVINER_04033,78.8131,119.9787,347.7,95.7,252.0,0,999.0
DIVINER_04034,-55.0078,-16.4625,359.9,99.7,260.2,0,999.0
DIVINER_04035,78.1474,79.041,356.2,108.1,248.1,0,999.0
DIVINER_04036,76.3648,-141.3168,360.1,99.0,261.1,0,999.0
DIVINER_04037,47.0109,124.6029,376.1,100.6,275.5,0,999.0
DIVINER_04038,25.5077,84.8585,383.3,107.6,275.7,0,999.0
DIVINER_04039,12.4491,-103.782,381.1,99.2,281.9,0,999.0
DIVINER_04040,58.5762,-127.697,361.4,84.2,277.3,0,999.0
DIVINER_04041,-33.6897,-66.1348,385.1,94.3,290.8,0,999.0
DIVINER_04042,-5.171,171.3854,388.7,80.8,307.9,0,999.0
DIVINER_04043,19.1024,-87.5406,386.0,97.5,288.5,0,999.0
DIVINER_04044,-14.2095,-15.7942,381.1,104.7,276.4,0,999.0
DIVINER_04045,-11.6022,-169.1927,384.4,101.2,283.1,0,999.0
DIVINER_04046,-27.1545,-36.9981,385.8,113.9,271.9,0,999.0
DIVINER_04047,10.2771,25.6752,390.8,112.8,278.0,0,999.0
DIVINER_04048,56.0919,163.1249,371.5,102.6,268.9,0,999.0
DIVINER_04049,-47.7555,6.025,383.8,76.1,307.7,0,999.0
DIVINER_04050,69.5093,114.8786,361.1,106.7,254.4,0,999.0
DIVINER_04051,30.254,16.966,391.0,92.3,298.7,0,999.0
DIVINER_04052,51.7237,-165.3174,375.9,108.8,267.1,0,999.0
DIVINER_04053,8.9905,-66.597,390.0,103.1,286.9,0,999.0
DIVINER_04054,44.7227,27.1978,383.1,106.6,276.5,0,999.0
DIVINER_04055,-77.4079,162.2138,355.6,105.0,250.6,0,999.0
DIVINER_04056,50.9409,129.2869,373.6,123.9,249.7,0,999.0
DIVINER_04057,-73.5778,-97.792,355.2,105.2,250.0,0,999.0
DIVINER_04058,62.3861,-100.7605,373.2,87.2,286.0,0,999.0
DIVINER_04059,78.714,-107.5777,359.5,110.7,248.8,0,999.0
DIVINER_04060,-32.9492,152.0996,389.1,95.7,293.4,0,999.0
DIVINER_04061,-46.349,126.9598,378.6,113.5,265.2,0,999.0
DIVINER_04062,42.4581,98.958,385.0,115.4,269.6,0,999.0
DIVINER_04063,-39.5158,-38.6154,377.1,106.2,270.9,0,999.0
DIVINER_04064,58.49,1.5771,375.8,87.2,288.6,0,999.0
DIVINER_04065,-63.5452,-12.8406,365.8,95.4,270.4,0,999.0
DIVINER_04066,-59.8472,-88.7767,370.1,113.4,256.7,0,999.0
DIVINER_04067,76.6642,1.8101,362.9,120.0,242.9,0,999.0
DIVINER_04068,27.8142,-169.0212,397.0,100.6,296.4,0,999.0
DIVINER_04069,55.502,-132.5483,376.8,97.3,279.5,0,999.0
DIVINER_04070,-28.1073,139.1723,389.9,88.2,301.7,0,999.0
DIVINER_04071,28.2374,90.6047,382.5,88.3,294.2,0,999.0
DIVINER_04072,15.0787,-27.7674,389.4,102.3,287.1,0,999.0
DIVINER_04073,16.504,6.1741,387.9,107.0,280.9,0,999.0
DIVINER_04074,29.2052,-46.8004,392.0,85.1,306.8,0,999.0
DIVINER_04075,12.0575,86.6808,388.4,108.3,280.1,0,999.0
DIVINER_04076,-11.35,102.3074,395.9,113.7,282.1,0,999.0
DIVINER_04077,-35.8524,94.7827,375.9,106.3,269.6,0,999.0
DIVINER_04078,42.973,80.1402,386.3,116.5,269.7,0,999.0
DIVINER_04079,-43.7964,-106.3784,374.6,103.6,271.0,0,999.0
DIVINER_04080,30.7767,-58.3308,388.6,103.7,285.0,0,999.0
DIVINER_04081,-42.6667,-10.8556,375.1,103.5,271.6,0,999.0
DIVINER_04082,20.0528,-60.9145,390.7,113.6,277.1,0,999.0
DIVINER_04083,39.5325,91.7785,376.0,105.4,270.7,0,999.0
DIVINER_04084,-45.0058,-61.4327,383.5,94.7,288.8,0,999.0
DIVINER_04085,-70.4091,-130.2364,367.6,104.2,263.4,0,999.0
DIVINER_04086,-59.0442,-36.3454,367.6,104.3,263.2,0,999.0
DIVINER_04087,16.9595,172.7692,391.2,97.9,293.3,0,999.0
DIVINER_04088,55.9114,-98.6827,377.2,110.2,266.9,0,999.0
DIVINER_04089,-72.8005,40.3771,357.2,100.9,256.3,0,999.0
DIVINER_04090,37.4642,-24.1297,376.6,107.1,269.5,0,999.0
DIVINER_04091,-25.389,-154.4312,380.8,105.1,275.7,0,999.0
DIVINER_04092,-3.4355,-4.3644,383.9,92.7,291.1,0,999.0
DIVINER_04093,68.6175,72.7792,359.2,90.2,269.0,0,999.0
DIVINER_04094,-26.8846,4.7592,390.3,92.8,297.5,0,999.0
DIVINER_04095,-5.5461,133.9582,392.6,99.2,293.4,0,999.0
DIVINER_04096,-77.8108,-75.9827,350.0,115.9,234.1,0,999.0
DIVINER_04097,-66.9442,-148.9503,363.1,99.5,263.6,0,999.0
DIVINER_04098,-38.6253,157.1636,375.5,103.7,271.7,0,999.0
DIVINER_04099,-75.5436,-43.8493,364.3,108.7,255.6,0,999.0
DIVINER_04100,21.0201,27.506,385.1,96.4,288.7,0,999.0
DIVINER_04101,-11.7763,105.1211,381.4,95.9,285.6,0,999.0
DIVINER_04102,7.7032,-63.2471,390.5,110.5,280.0,0,999.0
DIVINER_04103,-52.0565,77.8192,377.6,105.7,271.9,0,999.0
DIVINER_04104,-32.6509,-131.2492,378.9,94.4,284.6,0,999.0
DIVINER_04105,26.2119,-75.1343,384.6,95.9,288.7,0,999.0
DIVINER_04106,74.4484,-127.9042,356.2,100.9,255.4,0,999.0
DIVINER_04107,-71.9333,112.043,368.6,103.3,265.3,0,999.0
DIVINER_04108,62.4615,-99.8463,366.3,112.4,253.9,0,999.0
DIVINER_04109,12.301,78.2653,385.5,105.3,280.2,0,999.0
DIVINER_04110,10.2271,159.5874,389.1,90.2,298.9,0,999.0
DIVINER_04111,0.0446,9.998,389.0,92.1,296.8,0,999.0
DIVINER_04112,-68.8969,14.4105,367.8,103.1,264.7,0,999.0
DIVINER_04113,-65.6197,-14.0279,372.6,101.4,271.2,0,999.0
DIVINER_04114,16.1459,-62.6795,394.5,91.6,303.0,0,999.0
DIVINER_04115,-25.4466,-8.7642,384.2,110.5,273.7,0,999.0
DIVINER_04116,66.7629,37.0107,367.3,77.5,289.8,0,999.0
DIVINER_04117,-14.9455,174.957,396.1,103.4,292.7,0,999.0
DIVINER_04118,-57.075,157.5952,379.4,84.5,294.8,0,999.0
DIVINER_04119,34.355,130.3751,378.6,108.8,269.8,0,999.0
DIVINER_04120,-33.0635,140.087,386.5,97.4,289.1,0,999.0
DIVINER_04121,4.0752,-11.5743,392.0,107.5,284.5,0,999.0
DIVINER_04122,31.6532,56.68,388.7,96.1,292.6,0,999.0
DIVINER_04123,64.0423,142.224,373.7,113.3,260.5,0,999.0
DIVINER_04124,46.7506,-38.5377,372.2,81.3,290.9,0,999.0
DIVINER_04125,28.2178,166.2345,381.8,108.8,273.0,0,999.0
DIVINER_04126,28.7413,-30.317,389.6,93.9,295.7,0,999.0
DIVINER_04127,71.3479,36.3898,363.5,103.8,259.8,0,999.0
DIVINER_04128,-32.6681,75.5297,372.5,104.2,268.4,0,999.0
DIVINER_04129,-79.8221,162.2131,348.7,86.1,262.7,0,999.0
DIVINER_04130,-36.4873,-91.9381,385.5,110.0,275.5,0,999.0
DIVINER_04131,-45.1374,88.6072,382.4,103.9,278.5,0,999.0
DIVINER_04132,25.8935,7.4936,379.2,101.2,278.1,0,999.0
DIVINER_04133,21.3939,-83.3194,392.7,103.9,288.9,0,999.0
DIVINER_04134,14.9538,99.5785,387.7,101.3,286.4,0,999.0
DIVINER_04135,-77.401,18.8,353.6,108.3,245.3,0,999.0
DIVINER_04136,36.6045,57.9506,379.3,95.3,284.0,0,999.0
DIVINER_04137,-28.2351,-63.7556,379.1,108.4,270.8,0,999.0
DIVINER_04138,26.409,-6.7414,382.7,105.7,277.0,0,999.0
DIVINER_04139,9.0525,42.2475,380.2,98.3,281.9,0,999.0
DIVINER_04140,-25.1631,-34.2321,385.8,118.5,267.4,0,999.0
DIVINER_04141,-58.4678,-108.5859,373.9,104.5,269.3,0,999.0
DIVINER_04142,-64.893,166.1906,360.2,102.0,258.3,0,999.0
DIVINER_04143,53.0429,4.1283,374.1,105.7,268.4,0,999.0
DIVINER_04144,66.9436,84.2113,361.6,99.0,262.7,0,999.0
DIVINER_04145,23.9661,-32.023,389.9,112.0,277.9,0,999.0
DIVINER_04146,-63.4505,-52.1526,356.3,99.8,256.5,0,999.0
DIVINER_04147,-15.6756,-33.4209,392.1,108.2,283.9,0,999.0
DIVINER_04148,36.6303,-32.6892,373.0,89.3,283.7,0,999.0
DIVINER_04149,44.7713,15.9048,377.3,82.0,295.3,0,999.0
DIVINER_04150,-61.085,15.6492,365.8,104.0,261.8,0,999.0
DIVINER_04151,-79.9951,-1.0246,355.1,96.2,259.0,0,999.0
DIVINER_04152,33.9419,-131.4771,375.5,98.1,277.5,0,999.0
DIVINER_04153,-22.9446,-1.4128,395.1,76.6,318.6,0,999.0
DIVINER_04154,-39.283,-119.1226,374.5,117.0,257.5,0,999.0
DIVINER_04155,-77.9364,-134.5911,352.3,101.0,251.3,0,999.0
DIVINER_04156,6.4479,155.7525,398.7,113.3,285.4,0,999.0
DIVINER_04157,56.1841,37.782,373.9,86.1,287.8,0,999.0
DIVINER_04158,73.2211,57.4164,355.3,101.0,254.3,0,999.0
DIVINER_04159,10.5192,-35.3543,388.7,104.1,284.6,0,999.0
DIVINER_04160,2.3138,147.2331,388.8,101.3,287.4,0,999.0
DIVINER_04161,-66.391,49.655,357.6,102.3,255.2,0,999.0
DIVINER_04162,7.8196,96.9012,385.8,86.1,299.7,0,999.0
DIVINER_04163,-19.2033,-47.3175,387.6,103.2,284.5,0,999.0
DIVINER_04164,17.1416,165.6043,394.6,91.6,303.0,0,999.0
DIVINER_04165,-17.8038,115.3661,387.1,93.8,293.3,0,999.0
DIVINER_04166,-41.5521,127.4214,379.4,100.2,279.2,0,999.0
DIVINER_04167,-64.8056,-118.0101,363.0,96.5,266.5,0,999.0
DIVINER_04168,-29.613,-82.4532,390.3,97.1,293.2,0,999.0
DIVINER_04169,-64.5368,-77.1744,371.7,111.2,260.5,0,999.0
DIVINER_04170,-51.6965,-82.4727,378.7,98.4,280.3,0,999.0
DIVINER_04171,77.9738,127.9469,358.9,96.0,262.9,0,999.0
DIVINER_04172,-8.9434,-168.5215,381.5,98.8,282.8,0,999.0
DIVINER_04173,5.0995,-152.604,395.3,88.9,306.4,0,999.0
DIVINER_04174,59.779,-81.3906,370.4,101.6,268.8,0,999.0
DIVINER_04175,79.291,-108.0457,355.9,107.2,248.7,0,999.0
DIVINER_04176,13.2343,-96.5305,391.2,103.1,288.0,0,999.0
DIVINER_04177,49.9958,107.2595,376.8,100.4,276.5,0,999.0
DIVINER_04178,-27.6894,22.7256,380.1,106.0,274.1,0,999.0
DIVINER_04179,-31.081,-177.9226,382.7,94.5,288.2,0,999.0
DIVINER_04180,-15.5674,-25.4438,379.0,100.4,278.6,0,999.0
DIVINER_04181,27.6012,-33.1614,385.9,114.0,271.9,0,999.0
DIVINER_04182,29.1507,-138.9797,391.6,97.1,294.5,0,999.0
DIVINER_04183,-29.5617,63.411,375.8,106.1,269.7,0,999.0
DIVINER_04184,-58.6864,72.755,371.4,106.3,265.1,0,999.0
DIVINER_04185,21.1834,79.5216,390.6,92.4,298.2,0,999.0
DIVINER_04186,-59.4679,82.2495,374.4,106.9,267.5,0,999.0
DIVINER_04187,12.5588,-179.981,385.3,93.9,291.4,0,999.0
DIVINER_04188,30.9475,163.4115,378.8,104.3,274.5,0,999.0
DIVINER_04189,32.0978,113.1152,381.0,93.8,287.2,0,999.0
DIVINER_04190,40.5555,145.4334,386.3,102.8,283.5,0,999.0
DIVINER_04191,59.6575,-174.3684,361.7,101.3,260.4,0,999.0
DIVINER_04192,-0.0066,156.1892,383.9,101.1,282.8,0,999.0
DIVINER_04193,36.8399,111.5239,379.7,102.7,277.0,0,999.0
DIVINER_04194,19.0676,121.3989,382.9,94.7,288.2,0,999.0
DIVINER_04195,-50.1376,-146.4165,375.4,88.3,287.1,0,999.0
DIVINER_04196,-75.8897,85.9601,366.8,100.8,266.0,0,999.0
DIVINER_04197,-34.4734,165.57,377.0,111.0,265.9,0,999.0
DIVINER_04198,-9.1146,64.277,388.8,105.8,282.9,0,999.0
DIVINER_04199,18.737,25.4021,387.8,104.5,283.4,0,999.0
DIVINER_04200,55.9935,160.4267,370.7,94.9,275.8,0,999.0
DIVINER_04201,-48.6007,-20.5426,368.6,101.9,266.7,0,999.0
DIVINER_04202,-59.912,35.7457,366.9,91.7,275.2,0,999.0
DIVINER_04203,74.1568,-8.5182,357.7,95.8,262.0,0,999.0
DIVINER_04204,-62.7129,155.8246,371.5,103.6,267.9,0,999.0
DIVINER_04205,-3.4414,-152.6095,392.0,81.8,310.2,0,999.0
DIVINER_04206,13.6902,0.4031,381.1,117.3,263.8,0,999.0
DIVINER_04207,6.6199,67.3029,387.8,86.7,301.1,0,999.0
DIVINER_04208,-66.2349,105.0864,363.6,118.9,244.7,0,999.0
DIVINER_04209,-70.8757,29.8867,372.9,91.6,281.3,0,999.0
DIVINER_04210,-63.1227,147.2104,369.5,91.5,278.0,0,999.0
DIVINER_04211,13.694,159.1169,383.5,96.0,287.5,0,999.0
DIVINER_04212,7.0952,-156.8451,385.8,95.6,290.2,0,999.0
DIVINER_04213,-42.6015,-35.1466,377.6,93.9,283.6,0,999.0
DIVINER_04214,22.0439,-171.5548,388.9,96.3,292.6,0,999.0
DIVINER_04215,51.2108,-61.41,377.5,100.9,276.6,0,999.0
DIVINER_04216,-73.3474,13.2726,362.5,91.0,271.4,0,999.0
DIVINER_04217,-0.2992,147.8862,389.0,108.4,280.5,0,999.0
DIVINER_04218,30.2897,124.7596,383.9,114.1,269.7,0,999.0
DIVINER_04219,-39.6301,-134.1001,380.2,80.6,299.6,0,999.0
DIVINER_04220,-30.7567,-146.5091,375.5,118.6,256.9,0,999.0
DIVINER_04221,18.1821,32.1362,387.7,107.7,280.0,0,999.0
DIVINER_04222,63.6696,11.5625,364.9,102.6,262.3,0,999.0
DIVINER_04223,49.5879,-84.104,367.7,94.3,273.4,0,999.0
DIVINER_04224,13.3008,143.8031,401.0,101.7,299.4,0,999.0
DIVINER_04225,36.8355,153.8519,383.6,109.0,274.6,0,999.0
DIVINER_04226,-21.6284,-35.0599,387.2,126.1,261.2,0,999.0
DIVINER_04227,22.5545,140.5089,385.1,121.9,263.2,0,999.0
DIVINER_04228,-5.4109,-41.7784,393.5,84.7,308.8,0,999.0
DIVINER_04229,-49.6102,85.2541,370.1,97.9,272.2,0,999.0
DIVINER_04230,32.2781,-8.6608,382.3,100.8,281.5,0,999.0
DIVINER_04231,9.0343,-135.8701,384.7,113.4,271.3,0,999.0
DIVINER_04232,-22.6205,154.0563,390.5,99.2,291.4,0,999.0
DIVINER_04233,65.8143,-16.5252,362.3,92.4,269.8,0,999.0
DIVINER_04234,-76.6505,84.4153,364.7,100.5,264.2,0,999.0
DIVINER_04235,-29.4763,-47.8174,384.3,96.1,288.2,0,999.0
DIVINER_04236,-70.899,-173.2029,367.0,109.9,257.1,0,999.0
DIVINER_04237,42.6444,-143.8091,381.4,123.9,257.5,0,999.0
DIVINER_04238,32.3372,-1.361,389.1,109.1,280.0,0,999.0
DIVINER_04239,-26.9836,68.3872,381.0,109.5,271.5,0,999.0
DIVINER_04240,28.1061,-59.4953,389.8,112.4,277.5,0,999.0
DIVINER_04241,-16.65,70.3758,379.0,104.5,274.5,0,999.0
DIVINER_04242,41.0006,71.5088,380.4,96.0,284.4,0,999.0
DIVINER_04243,-7.3306,73.4169,386.9,97.0,289.9,0,999.0
DIVINER_04244,-14.0352,-2.6921,381.8,111.0,270.8,0,999.0
DIVINER_04245,69.5568,149.359,359.5,102.9,256.6,0,999.0
DIVINER_04246,-39.8593,-3.8893,377.5,90.2,287.3,0,999.0
DIVINER_04247,-60.7284,-17.9045,368.6,113.1,255.5,0,999.0
DIVINER_04248,13.5269,-108.2229,386.3,92.3,294.0,0,999.0
DIVINER_04249,75.0915,-69.2442,360.7,88.7,272.0,0,999.0
DIVINER_04250,-19.5457,-164.7596,383.5,91.2,292.3,0,999.0
DIVINER_04251,-70.0741,48.0727,361.2,103.1,258.2,0,999.0
DIVINER_04252,-25.7112,-90.5271,384.6,109.7,274.9,0,999.0
DIVINER_04253,0.9491,-70.5041,390.9,102.5,288.4,0,999.0
DIVINER_04254,-54.0923,97.4932,377.7,94.4,283.3,0,999.0
DIVINER_04255,25.2964,-62.2004,390.4,91.9,298.5,0,999.0
DIVINER_04256,79.6399,-92.8095,358.4,107.7,250.7,0,999.0
DIVINER_04257,-7.7217,-119.1392,391.8,99.1,292.7,0,999.0
DIVINER_04258,-23.2434,98.949,388.3,103.4,284.9,0,999.0
DIVINER_04259,-15.8873,-133.3057,386.9,98.6,288.3,0,999.0
DIVINER_04260,-61.5766,-16.6486,373.5,103.0,270.5,0,999.0
DIVINER_04261,61.3238,2.4948,364.6,103.9,260.7,0,999.0
DIVINER_04262,-13.6279,67.4604,378.6,124.3,254.4,0,999.0
DIVINER_04263,-18.0361,47.9821,382.8,104.0,278.8,0,999.0
DIVINER_04264,25.5504,111.8594,393.1,96.1,297.0,0,999.0
DIVINER_04265,-9.2747,-163.8895,388.0,101.8,286.2,0,999.0
DIVINER_04266,23.7174,-73.2813,388.0,90.5,297.5,0,999.0
DIVINER_04267,-70.1686,-79.1517,362.2,90.4,271.8,0,999.0
DIVINER_04268,50.1957,-127.4339,378.4,112.5,265.9,0,999.0
DIVINER_04269,70.4806,-75.8958,363.7,103.0,260.7,0,999.0
DIVINER_04270,23.8025,-68.4845,386.3,111.2,275.1,0,999.0
DIVINER_04271,72.7305,7.8784,364.9,83.8,281.2,0,999.0
DIVINER_04272,-55.7708,58.9336,370.2,90.2,279.9,0,999.0
DIVINER_04273,-3.6134,-42.8038,391.8,103.0,288.8,0,999.0
DIVINER_04274,16.2891,79.0093,387.5,91.8,295.8,0,999.0
DIVINER_04275,13.0779,-58.9805,388.4,85.8,302.7,0,999.0
DIVINER_04276,-15.7661,-75.4979,384.4,89.2,295.2,0,999.0
DIVINER_04277,-25.9065,14.8277,384.9,96.8,288.1,0,999.0
DIVINER_04278,-59.7082,-171.4621,367.5,104.1,263.3,0,999.0
DIVINER_04279,-17.3212,-151.2759,393.8,117.2,276.7,0,999.0
DIVINER_04280,-53.9743,-29.531,365.1,89.5,275.6,0,999.0
DIVINER_04281,37.4985,159.4486,386.2,90.0,296.2,0,999.0
DIVINER_04282,-46.5871,79.7442,368.8,85.5,283.3,0,999.0
DIVINER_04283,-70.6296,-148.2744,366.0,105.7,260.2,0,999.0
DIVINER_04284,8.3786,124.6745,385.4,101.2,284.1,0,999.0
DIVINER_04285,15.2368,83.6283,391.4,90.4,301.1,0,999.0
DIVINER_04286,59.5061,39.9407,369.7,91.7,278.0,0,999.0
DIVINER_04287,12.3171,115.3055,381.9,98.8,283.2,0,999.0
DIVINER_04288,-24.7231,-34.5205,393.1,99.3,293.8,0,999.0
DIVINER_04289,48.4819,-100.2596,380.4,89.6,290.8,0,999.0
DIVINER_04290,6.4446,4.3284,392.3,101.8,290.5,0,999.0
DIVINER_04291,-67.3152,17.583,362.2,86.2,276.0,0,999.0
DIVINER_04292,10.5361,13.7975,393.4,100.5,292.9,0,999.0
DIVINER_04293,65.283,23.4266,360.3,98.2,262.1,0,999.0
DIVINER_04294,-16.59,161.5338,377.2,104.0,273.2,0,999.0
DIVINER_04295,-32.5879,144.8084,375.9,112.1,263.8,0,999.0
DIVINER_04296,-57.0449,135.2581,367.1,96.3,270.9,0,999.0
DIVINER_04297,-55.7687,108.5101,368.7,100.0,268.7,0,999.0
DIVINER_04298,-10.7566,159.6341,387.1,80.2,306.9,0,999.0
DIVINER_04299,15.3088,-144.5419,386.6,119.7,266.9,0,999.0
DIVINER_04300,-67.1015,-84.5556,362.3,81.4,280.9,0,999.0
DIVINER_04301,70.331,-1.7799,352.9,99.2,253.7,0,999.0
DIVINER_04302,40.8214,124.7524,381.2,74.5,306.7,0,999.0
DIVINER_04303,13.8598,1.8597,387.5,91.7,295.8,0,999.0
DIVINER_04304,52.5502,89.2925,370.8,117.4,253.5,0,999.0
DIVINER_04305,-67.1701,-129.9744,372.5,111.4,261.1,0,999.0
DIVINER_04306,-3.7058,-89.131,388.7,109.9,278.9,0,999.0
DIVINER_04307,20.8149,83.4394,387.7,98.1,289.6,0,999.0
DIVINER_04308,52.5845,-120.6958,378.3,116.5,261.8,0,999.0
DIVINER_04309,45.3551,-53.5119,370.7,102.6,268.1,0,999.0
DIVINER_04310,-35.6689,-84.6481,382.4,106.9,275.5,0,999.0
DIVINER_04311,70.5408,-54.0498,367.3,126.5,240.8,0,999.0
DIVINER_04312,-60.1047,74.9967,369.5,110.9,258.6,0,999.0
DIVINER_04313,60.0214,-47.575,363.5,99.3,264.1,0,999.0
DIVINER_04314,75.3504,19.8948,357.7,105.1,252.6,0,999.0
DIVINER_04315,-51.6554,-144.0245,375.8,114.0,261.7,0,999.0
DIVINER_04316,35.5306,109.8064,372.0,106.2,265.8,0,999.0
DIVINER_04317,-73.5543,-46.8401,354.6,107.8,246.7,0,999.0
DIVINER_04318,-15.1323,53.4723,398.5,112.9,285.6,0,999.0
DIVINER_04319,2.6053,81.1403,392.4,125.3,267.1,0,999.0
DIVINER_04320,12.9032,-104.5221,396.4,90.7,305.8,0,999.0
DIVINER_04321,69.75,138.483,368.2,107.0,261.2,0,999.0
DIVINER_04322,27.5601,41.8407,387.4,104.6,282.8,0,999.0
DIVINER_04323,-2.9955,-25.6589,388.4,96.1,292.3,0,999.0
DIVINER_04324,49.548,-114.3593,377.9,93.5,284.3,0,999.0
DIVINER_04325,72.0853,159.2283,369.6,116.5,253.0,0,999.0
DIVINER_04326,-76.4694,91.8246,363.5,89.8,273.7,0,999.0
DIVINER_04327,77.2034,-105.1112,359.7,85.9,273.8,0,999.0
DIVINER_04328,-66.2189,-58.4241,365.3,94.4,270.9,0,999.0
DIVINER_04329,50.3019,111.4827,378.0,82.2,295.9,0,999.0
DIVINER_04330,-35.1464,70.444,380.0,91.5,288.5,0,999.0
DIVINER_04331,-58.8513,95.6823,373.2,89.5,283.7,0,999.0
DIVINER_04332,-9.6231,-21.1676,385.9,100.9,285.1,0,999.0
DIVINER_04333,23.0331,77.9315,385.0,114.5,270.6,0,999.0
DIVINER_04334,-19.0477,-40.8623,382.7,94.1,288.6,0,999.0
DIVINER_04335,-71.2695,-103.9453,360.6,108.7,252.0,0,999.0
DIVINER_04336,15.9138,47.7637,385.0,107.5,277.5,0,999.0
DIVINER_04337,64.3845,171.365,375.8,77.8,298.0,0,999.0
DIVINER_04338,-18.6855,-68.1837,383.4,94.5,288.9,0,999.0
DIVINER_04339,-45.3868,-14.0509,380.0,96.2,283.8,0,999.0
DIVINER_04340,-9.1876,62.6405,384.8,103.8,280.9,0,999.0
DIVINER_04341,-72.262,14.9423,362.4,105.7,256.7,0,999.0
DIVINER_04342,51.278,123.634,376.5,103.3,273.2,0,999.0
DIVINER_04343,52.2145,94.2274,365.3,91.1,274.2,0,999.0
DIVINER_04344,14.0801,-159.013,381.8,93.7,288.1,0,999.0
DIVINER_04345,-23.5035,179.4316,381.9,85.0,296.9,0,999.0
DIVINER_04346,47.9653,90.8649,370.3,100.7,269.6,0,999.0
DIVINER_04347,8.7499,131.0052,390.0,96.3,293.6,0,999.0
DIVINER_04348,52.1492,54.4312,375.8,105.3,270.4,0,999.0
DIVINER_04349,21.0334,128.2626,382.0,107.0,275.1,0,999.0
DIVINER_04350,45.5049,-139.5421,378.7,96.7,282.0,0,999.0
DIVINER_04351,15.7701,-54.8144,386.4,102.8,283.6,0,999.0
DIVINER_04352,-13.7374,135.5115,388.4,97.8,290.5,0,999.0
DIVINER_04353,73.2713,-107.4041,358.4,88.9,269.5,0,999.0
DIVINER_04354,6.5782,-151.8328,392.2,92.0,300.2,0,999.0
DIVINER_04355,16.8143,103.7228,396.5,77.3,319.2,0,999.0
DIVINER_04356,-44.722,120.775,382.3,96.0,286.3,0,999.0
DIVINER_04357,20.1041,-121.4452,394.5,94.1,300.5,0,999.0
DIVINER_04358,11.4572,127.5646,382.2,89.0,293.1,0,999.0
DIVINER_04359,-50.4259,67.2364,372.1,108.2,263.9,0,999.0
DIVINER_04360,-70.4661,7.2298,366.2,105.3,260.9,0,999.0
DIVINER_04361,16.6975,118.8901,395.9,105.5,290.3,0,999.0
DIVINER_04362,42.1908,-29.0703,382.9,106.9,276.0,0,999.0
DIVINER_04363,3.7442,-110.1622,384.8,100.0,284.8,0,999.0
DIVINER_04364,-43.7164,-77.453,376.7,99.9,276.9,0,999.0
DIVINER_04365,26.6435,1.859,387.4,108.3,279.1,0,999.0
DIVINER_04366,-67.1831,11.2791,364.7,106.7,258.0,0,999.0
DIVINER_04367,-9.3066,110.0091,385.5,110.3,275.2,0,999.0
DIVINER_04368,-53.8613,104.887,372.1,99.6,272.6,0,999.0
DIVINER_04369,-50.4866,29.292,375.4,90.1,285.2,0,999.0
DIVINER_04370,-47.633,101.0828,371.5,102.4,269.2,0,999.0
DIVINER_04371,-18.1269,-110.9616,392.9,94.2,298.7,0,999.0
DIVINER_04372,-71.816,-161.9768,360.3,106.5,253.7,0,999.0
DIVINER_04373,-16.353,134.5082,388.0,102.9,285.1,0,999.0
DIVINER_04374,1.8732,-152.8004,395.2,100.5,294.6,0,999.0
DIVINER_04375,-2.6729,-91.1922,389.3,96.1,293.3,0,999.0
DIVINER_04376,-18.7545,70.3148,392.8,110.0,282.8,0,999.0
DIVINER_04377,54.2635,-32.5987,368.2,109.2,259.0,0,999.0
DIVINER_04378,-56.7477,135.473,374.1,94.4,279.7,0,999.0
DIVINER_04379,0.9115,-72.7273,394.2,87.7,306.5,0,999.0
DIVINER_04380,-70.0734,-175.7263,359.5,101.8,257.7,0,999.0
DIVINER_04381,-68.6151,-71.764,363.7,111.9,251.8,0,999.0
DIVINER_04382,11.8185,28.107,388.4,87.4,301.0,0,999.0
DIVINER_04383,10.5629,-44.6622,390.4,104.7,285.7,0,999.0
DIVINER_04384,60.4854,12.5542,372.1,91.8,280.3,0,999.0
DIVINER_04385,9.2598,135.5753,384.9,89.8,295.1,0,999.0
DIVINER_04386,73.5666,148.4946,361.0,109.3,251.7,0,999.0
DIVINER_04387,-72.2088,-84.2493,370.2,106.5,263.7,0,999.0
DIVINER_04388,-64.3188,-13.6294,372.6,98.5,274.1,0,999.0
DIVINER_04389,-72.9495,17.6918,365.7,107.9,257.8,0,999.0
DIVINER_04390,-50.3557,161.6805,374.6,106.8,267.7,0,999.0
DIVINER_04391,6.6032,179.5022,400.4,85.1,315.2,0,999.0
DIVINER_04392,23.2915,-95.2534,391.9,100.8,291.0,0,999.0
DIVINER_04393,-72.7064,81.7128,362.1,114.1,247.9,0,999.0
DIVINER_04394,71.3553,-43.9088,363.9,104.7,259.2,0,999.0
DIVINER_04395,54.7465,-177.081,370.8,73.8,297.0,0,999.0
DIVINER_04396,-32.542,-176.6691,385.7,89.3,296.4,0,999.0
DIVINER_04397,-67.65,-14.1962,368.2,110.0,258.2,0,999.0
DIVINER_04398,-52.8181,-4.1994,377.7,94.4,283.3,0,999.0
DIVINER_04399,-59.6889,-171.8749,369.3,111.2,258.1,0,999.0
DIVINER_04400,-60.2746,67.2939,362.5,120.5,242.0,0,999.0
DIVINER_04401,2.9699,-74.1588,391.2,97.6,293.5,0,999.0
DIVINER_04402,-40.6644,21.5615,383.9,93.8,290.1,0,999.0
DIVINER_04403,-22.6976,-71.6691,382.0,89.9,292.1,0,999.0
DIVINER_04404,78.3209,-119.8316,357.6,107.6,250.1,0,999.0
DIVINER_04405,29.4903,-33.4175,391.5,94.0,297.6,0,999.0
DIVINER_04406,71.8369,-96.3816,356.5,96.0,260.5,0,999.0
DIVINER_04407,-57.191,12.5284,370.3,88.9,281.3,0,999.0
DIVINER_04408,-18.8577,-108.4217,395.3,95.7,299.6,0,999.0
DIVINER_04409,8.7571,3.0262,390.3,92.9,297.4,0,999.0
DIVINER_04410,-67.7187,-123.3437,362.5,80.2,282.4,0,999.0
DIVINER_04411,-79.33,61.5509,357.4,91.6,265.8,0,999.0
DIVINER_04412,27.2695,91.4176,389.7,107.5,282.2,0,999.0
DIVINER_04413,22.6911,-140.2581,385.9,113.5,272.4,0,999.0
DIVINER_04414,-14.2738,-11.5911,391.8,98.9,292.8,0,999.0
DIVINER_04415,-1.6569,-154.4862,391.2,100.3,290.8,0,999.0
DIVINER_04416,-13.5291,35.3457,390.5,102.9,287.6,0,999.0
DIVINER_04417,-76.1592,-84.8145,362.9,119.6,243.3,0,999.0
DIVINER_04418,-26.3405,9.9448,384.4,89.9,294.5,0,999.0
DIVINER_04419,-51.6668,6.286,370.1,87.4,282.7,0,999.0
DIVINER_04420,-64.2521,152.7676,369.7,99.5,270.3,0,999.0
DIVINER_04421,73.0753,17.67,361.0,103.9,257.0,0,999.0
DIVINER_04422,15.8976,29.8795,386.2,99.7,286.6,0,999.0
DIVINER_04423,36.585,-35.4049,384.8,86.4,298.4,0,999.0
DIVINER_04424,-29.5418,161.6687,391.2,108.8,282.3,0,999.0
DIVINER_04425,-17.0965,99.7869,387.5,98.6,288.8,0,999.0
DIVINER_04426,-42.0922,-77.2541,379.7,105.5,274.2,0,999.0
DIVINER_04427,-64.4855,123.9155,361.3,115.5,245.8,0,999.0
DIVINER_04428,-51.3549,-24.3373,373.9,85.4,288.5,0,999.0
DIVINER_04429,47.6022,118.3202,378.1,82.8,295.3,0,999.0
DIVINER_04430,28.4073,116.2397,385.1,105.7,279.4,0,999.0
DIVINER_04431,7.5086,-112.0067,387.8,79.7,308.2,0,999.0
DIVINER_04432,-3.9856,72.4108,393.5,96.0,297.5,0,999.0
DIVINER_04433,67.5895,-75.3685,365.5,94.3,271.3,0,999.0
DIVINER_04434,-68.3624,-72.9026,377.7,103.6,274.1,0,999.0
DIVINER_04435,-35.1039,-73.3147,383.8,93.3,290.4,0,999.0
DIVINER_04436,-24.0099,81.2046,372.8,104.9,267.9,0,999.0
DIVINER_04437,45.1881,-97.2626,372.6,89.3,283.3,0,999.0
DIVINER_04438,78.8023,-179.6739,360.4,87.6,272.8,0,999.0
DIVINER_04439,-41.4927,77.4853,376.7,100.2,276.6,0,999.0
DIVINER_04440,59.8892,-118.3735,367.2,101.1,266.1,0,999.0
DIVINER_04441,52.8996,-142.3863,367.9,103.0,265.0,0,999.0
DIVINER_04442,-44.0548,-94.4942,376.4,114.8,261.6,0,999.0
DIVINER_04443,-16.1068,-43.2358,389.4,112.8,276.6,0,999.0
DIVINER_04444,-14.4523,-8.6737,390.7,104.5,286.1,0,999.0
DIVINER_04445,76.5153,-163.9548,354.2,108.1,246.1,0,999.0
DIVINER_04446,-51.0573,169.4064,379.2,102.6,276.5,0,999.0
DIVINER_04447,47.8653,77.7827,370.9,111.8,259.1,0,999.0
DIVINER_04448,-26.5292,-63.6501,388.0,103.6,284.3,0,999.0
DIVINER_04449,36.9393,-65.269,383.7,94.5,289.2,0,999.0
DIVINER_04450,-12.7982,-18.5247,384.3,92.5,291.9,0,999.0
DIVINER_04451,12.5376,45.4481,383.8,111.5,272.3,0,999.0
DIVINER_04452,53.2179,-127.3057,375.9,98.2,277.7,0,999.0
DIVINER_04453,48.6665,-111.9853,373.6,119.2,254.5,0,999.0
DIVINER_04454,58.6277,129.3964,369.9,89.0,280.9,0,999.0
DIVINER_04455,-70.4612,-87.7482,366.8,112.5,254.3,0,999.0
DIVINER_04456,30.7281,-43.1298,386.8,95.7,291.0,0,999.0
DIVINER_04457,-57.602,133.6579,366.9,104.1,262.8,0,999.0
DIVINER_04458,-13.469,58.7332,388.6,87.0,301.6,0,999.0
DIVINER_04459,7.7741,-56.9837,385.0,81.6,303.3,0,999.0
DIVINER_04460,-15.5617,66.1318,392.9,114.8,278.1,0,999.0
DIVINER_04461,3.1379,-172.914,397.6,95.6,302.0,0,999.0
DIVINER_04462,79.4442,84.8314,353.1,109.9,243.2,0,999.0
DIVINER_04463,-58.3652,-4.6742,370.8,93.4,277.4,0,999.0
DIVINER_04464,28.073,112.7456,389.9,109.9,280.0,0,999.0
DIVINER_04465,-16.6398,163.6696,388.4,95.7,292.7,0,999.0
DIVINER_04466,-58.7184,153.2839,373.6,87.9,285.7,0,999.0
DIVINER_04467,-54.6021,147.3354,373.4,106.5,267.0,0,999.0
DIVINER_04468,71.8837,4.3812,357.2,109.4,247.7,0,999.0
DIVINER_04469,60.7362,-50.3488,370.1,106.4,263.7,0,999.0
DIVINER_04470,65.1267,-12.5873,372.5,98.6,273.9,0,999.0
DIVINER_04471,78.6452,68.3626,359.4,82.5,276.9,0,999.0
DIVINER_04472,-46.6695,138.2392,385.6,89.3,296.3,0,999.0
DIVINER_04473,-23.1297,-105.4849,377.9,93.0,284.9,0,999.0
DIVINER_04474,27.075,150.5495,387.5,97.4,290.1,0,999.0
DIVINER_04475,-2.5916,113.4649,386.7,111.3,275.4,0,999.0
DIVINER_04476,-13.0577,172.3882,384.6,98.8,285.8,0,999.0
DIVINER_04477,-22.7502,136.8906,393.6,78.9,314.6,0,999.0
DIVINER_04478,15.0049,-79.2226,387.4,74.1,313.3,0,999.0
DIVINER_04479,12.0949,-141.8559,387.4,93.1,294.3,0,999.0
DIVINER_04480,-54.1667,-139.5932,375.1,94.9,280.3,0,999.0
DIVINER_04481,-4.5216,-75.1596,379.1,103.6,275.6,0,999.0
DIVINER_04482,8.5555,41.1061,396.3,85.5,310.9,0,999.0
DIVINER_04483,11.2459,109.5553,398.8,86.2,312.6,0,999.0
DIVINER_04484,-46.3828,143.7301,382.2,104.5,277.6,0,999.0
DIVINER_04485,38.7634,44.5512,383.2,113.3,269.9,0,999.0
DIVINER_04486,-75.9681,-177.9727,358.6,80.4,278.3,0,999.0
DIVINER_04487,-23.2269,-112.926,381.4,92.3,289.1,0,999.0
DIVINER_04488,44.834,-144.0986,384.3,111.1,273.2,0,999.0
DIVINER_04489,10.2229,-49.2032,393.9,109.3,284.6,0,999.0
DIVINER_04490,-38.214,0.4864,383.7,90.7,292.9,0,999.0
DIVINER_04491,31.1925,-164.377,385.9,111.6,274.3,0,999.0
DIVINER_04492,10.7826,-54.5479,390.8,100.4,290.3,0,999.0
DIVINER_04493,47.399,-115.4953,374.4,106.6,267.8,0,999.0
DIVINER_04494,37.604,52.9453,394.2,93.0,301.2,0,999.0
DIVINER_04495,17.6173,-12.8619,386.7,102.9,283.8,0,999.0
DIVINER_04496,-1.8916,-1.6856,387.8,88.3,299.5,0,999.0
DIVINER_04497,-58.6909,-26.031,376.4,94.5,281.9,0,999.0
DIVINER_04498,-38.1867,164.1671,381.3,97.0,284.3,0,999.0
DIVINER_04499,-12.9441,-102.6954,388.9,101.4,287.5,0,999.0
DIVINER_04500,15.8879,5.9991,395.5,124.1,271.5,0,999.0
DIVINER_04501,2.1933,84.9663,393.4,125.6,267.8,0,999.0
DIVINER_04502,-33.8905,20.464,386.9,96.1,290.7,0,999.0
DIVINER_04503,-78.9657,154.4475,350.6,114.8,235.8,0,999.0
DIVINER_04504,-0.6017,-43.9314,392.0,88.9,303.1,0,999.0
DIVINER_04505,-34.2998,-13.0767,378.0,104.0,274.0,0,999.0
DIVINER_04506,37.5373,-148.132,379.4,93.1,286.3,0,999.0
DIVINER_04507,-76.1686,39.2397,360.4,95.5,265.0,0,999.0
DIVINER_04508,13.5724,-76.2437,388.7,126.6,262.1,0,999.0
DIVINER_04509,70.6359,-122.2887,366.5,96.1,270.4,0,999.0
DIVINER_04510,-52.0945,16.0313,378.4,93.5,284.9,0,999.0
DIVINER_04511,-4.5361,11.6317,394.1,90.0,304.1,0,999.0
DIVINER_04512,-65.3725,-152.6862,359.9,92.3,267.6,0,999.0
DIVINER_04513,20.1091,71.3576,399.4,85.8,313.6,0,999.0
DIVINER_04514,8.0851,44.558,389.5,102.2,287.3,0,999.0
DIVINER_04515,-14.8215,-111.9538,394.7,102.0,292.7,0,999.0
DIVINER_04516,3.4203,-11.0034,377.4,103.4,274.0,0,999.0
DIVINER_04517,63.4519,79.3162,366.6,99.9,266.7,0,999.0
DIVINER_04518,-48.5929,10.5969,369.2,94.3,274.8,0,999.0
DIVINER_04519,-76.3897,-37.6239,355.1,93.4,261.7,0,999.0
DIVINER_04520,57.8664,-63.9582,371.5,101.6,269.9,0,999.0
DIVINER_04521,12.3387,39.7418,387.4,99.5,287.9,0,999.0
DIVINER_04522,62.5054,158.0791,375.0,93.6,281.4,0,999.0
DIVINER_04523,15.5112,61.8281,397.4,97.1,300.3,0,999.0
DIVINER_04524,49.6258,-153.0915,371.1,115.4,255.7,0,999.0
DIVINER_04525,-11.2523,-14.1534,386.8,119.7,267.1,0,999.0
DIVINER_04526,39.9776,140.6967,375.5,97.8,277.7,0,999.0
DIVINER_04527,66.0866,-145.9935,372.0,92.7,279.3,0,999.0
DIVINER_04528,11.5397,175.9953,390.0,99.6,290.4,0,999.0
DIVINER_04529,-51.0744,161.665,375.3,111.4,263.9,0,999.0
DIVINER_04530,-36.9924,-151.8212,383.5,99.6,283.9,0,999.0
DIVINER_04531,-48.2169,156.0288,375.1,103.6,271.5,0,999.0
DIVINER_04532,-40.5029,-49.2723,376.1,93.4,282.7,0,999.0
DIVINER_04533,-30.9735,124.0953,384.6,88.3,296.2,0,999.0
DIVINER_04534,8.8214,-29.382,388.2,107.6,280.6,0,999.0
DIVINER_04535,14.0787,-21.2922,390.5,101.9,288.6,0,999.0
DIVINER_04536,-11.76,48.3275,381.0,106.6,274.4,0,999.0
DIVINER_04537,18.4673,98.8119,388.9,82.9,306.0,0,999.0
DIVINER_04538,-66.948,-167.8359,362.2,118.3,243.9,0,999.0
DIVINER_04539,-65.9539,33.5362,367.1,102.5,264.5,0,999.0
DIVINER_04540,-52.5073,-112.7761,378.9,81.9,296.9,0,999.0
DIVINER_04541,2.8924,-55.4582,387.2,109.9,277.3,0,999.0
DIVINER_04542,-45.7609,-54.7313,383.9,96.3,287.6,0,999.0
DIVINER_04543,-34.6745,-11.1383,374.2,100.3,273.9,0,999.0
DIVINER_04544,-15.9499,-59.7109,396.2,95.2,301.0,0,999.0
DIVINER_04545,49.8986,-141.35,382.0,99.0,282.9,0,999.0
DIVINER_04546,-77.7821,-127.5737,354.0,99.5,254.5,0,999.0
DIVINER_04547,23.9006,-167.9623,382.2,83.3,298.9,0,999.0
DIVINER_04548,27.0202,-10.7103,378.2,108.7,269.5,0,999.0
DIVINER_04549,47.7849,163.6012,381.5,101.1,280.4,0,999.0
DIVINER_04550,69.2405,-138.3569,362.5,104.5,258.1,0,999.0
DIVINER_04551,-76.7779,160.6552,357.1,108.2,249.0,0,999.0
DIVINER_04552,-55.3946,84.0101,367.1,101.2,265.9,0,999.0
DIVINER_04553,61.7874,49.4996,378.0,103.3,274.7,0,999.0
DIVINER_04554,-6.637,52.3,384.9,85.3,299.6,0,999.0
DIVINER_04555,10.3345,117.622,389.5,91.7,297.8,0,999.0
DIVINER_04556,26.0844,-141.5088,387.0,100.9,286.2,0,999.0
DIVINER_04557,28.6507,1.7116,383.1,101.9,281.3,0,999.0
DIVINER_04558,69.0785,70.9528,361.3,104.0,257.3,0,999.0
DIVINER_04559,79.5119,31.2554,355.4,114.1,241.4,0,999.0
DIVINER_04560,35.2252,119.8005,385.5,99.1,286.4,0,999.0
DIVINER_04561,-34.0446,-153.9822,381.4,103.6,277.8,0,999.0
DIVINER_04562,60.7604,68.6524,377.7,100.6,277.1,0,999.0
DIVINER_04563,-72.1247,12.25,358.4,97.5,260.9,0,999.0
DIVINER_04564,-43.0271,-43.5021,383.0,97.9,285.1,0,999.0
DIVINER_04565,63.5817,-57.501,359.0,92.2,266.9,0,999.0
DIVINER_04566,-39.0094,43.4997,377.2,98.8,278.4,0,999.0
DIVINER_04567,-44.6958,140.7583,374.4,97.8,276.5,0,999.0
DIVINER_04568,-57.9,-1.3767,365.7,98.5,267.3,0,999.0
DIVINER_04569,57.4579,116.9003,372.9,82.6,290.4,0,999.0
DIVINER_04570,0.0093,-35.2237,389.4,99.0,290.4,0,999.0
DIVINER_04571,27.9829,-143.138,373.9,91.2,282.7,0,999.0
DIVINER_04572,-41.7494,-157.8579,389.8,99.4,290.4,0,999.0
DIVINER_04573,41.2865,-161.5196,380.9,89.1,291.9,0,999.0
DIVINER_04574,41.6009,-43.1459,379.9,100.5,279.4,0,999.0
DIVINER_04575,-29.9843,-58.5944,391.2,97.0,294.2,0,999.0
DIVINER_04576,-14.2908,78.4573,393.7,93.7,300.0,0,999.0
DIVINER_04577,-46.4496,87.4157,376.1,102.9,273.2,0,999.0
DIVINER_04578,76.2498,-161.6926,349.7,103.8,246.0,0,999.0
DIVINER_04579,23.2964,-100.3956,389.6,99.5,290.1,0,999.0
DIVINER_04580,69.527,-81.2657,359.2,105.7,253.5,0,999.0
DIVINER_04581,-31.4583,17.1403,390.3,95.9,294.5,0,999.0
DIVINER_04582,45.1025,-127.9745,374.4,104.0,270.4,0,999.0
DIVINER_04583,42.5374,-131.7812,377.2,99.6,277.6,0,999.0
DIVINER_04584,30.6649,159.764,377.7,90.0,287.7,0,999.0
DIVINER_04585,74.5022,109.513,354.4,92.0,262.4,0,999.0
DIVINER_04586,-17.0311,-114.9642,387.7,111.7,276.0,0,999.0
DIVINER_04587,-59.0852,-33.6356,369.5,115.8,253.8,0,999.0
DIVINER_04588,27.4734,-51.9761,383.1,107.1,276.0,0,999.0
DIVINER_04589,36.6896,104.7615,392.3,94.2,298.2,0,999.0
DIVINER_04590,12.0097,3.6766,392.1,114.3,277.9,0,999.0
DIVINER_04591,-46.9091,-133.9741,377.4,106.1,271.3,0,999.0
DIVINER_04592,0.713,86.0371,376.2,103.4,272.9,0,999.0
DIVINER_04593,-30.0496,-37.1203,388.8,118.4,270.3,0,999.0
DIVINER_04594,-11.6054,-85.3473,404.2,91.4,312.8,0,999.0
DIVINER_04595,23.235,-44.8205,385.8,107.7,278.1,0,999.0
DIVINER_04596,39.2344,-0.8076,376.9,91.9,285.1,0,999.0
DIVINER_04597,-42.844,-56.4784,380.1,93.9,286.2,0,999.0
DIVINER_04598,-15.1479,-92.9139,381.5,126.0,255.4,0,999.0
DIVINER_04599,-36.9341,-36.5393,384.3,105.0,279.3,0,999.0
DIVINER_04600,-48.2189,-173.0978,384.2,118.5,265.7,0,999.0
DIVINER_04601,45.342,98.0992,374.8,105.4,269.3,0,999.0
DIVINER_04602,65.4804,-118.4598,363.4,104.0,259.4,0,999.0
DIVINER_04603,-20.7629,-164.1943,387.0,93.7,293.3,0,999.0
DIVINER_04604,40.2046,55.3315,378.0,109.8,268.3,0,999.0
DIVINER_04605,63.5192,98.617,360.3,100.3,260.0,0,999.0
DIVINER_04606,55.3799,112.9785,370.8,100.8,270.0,0,999.0
DIVINER_04607,-50.7499,-2.3367,372.4,97.4,275.0,0,999.0
DIVINER_04608,73.0067,-106.0675,368.5,99.0,269.5,0,999.0
DIVINER_04609,-19.7318,85.402,393.4,100.2,293.2,0,999.0
DIVINER_04610,-25.7215,71.8967,393.0,101.2,291.8,0,999.0
DIVINER_04611,-70.011,-91.3425,367.7,99.5,268.2,0,999.0
DIVINER_04612,-2.2122,145.2268,391.0,84.4,306.6,0,999.0
DIVINER_04613,-62.5578,-142.4263,364.1,105.4,258.6,0,999.0
DIVINER_04614,-40.2336,173.7678,387.2,98.8,288.4,0,999.0
DIVINER_04615,-29.2892,129.6892,386.6,66.8,319.8,0,999.0
DIVINER_04616,49.4122,67.6435,369.8,84.1,285.7,0,999.0
DIVINER_04617,60.0782,157.95,365.4,95.3,270.1,0,999.0
DIVINER_04618,-31.6054,80.032,377.7,112.8,265.0,0,999.0
DIVINER_04619,57.3917,-111.4355,361.3,106.1,255.2,0,999.0
DIVINER_04620,57.1569,-20.8238,373.6,93.1,280.5,0,999.0
DIVINER_04621,42.3442,-154.2589,373.4,98.1,275.3,0,999.0
DIVINER_04622,-56.5288,-39.7233,368.3,111.0,257.2,0,999.0
DIVINER_04623,30.4517,86.9771,384.7,93.8,290.8,0,999.0
DIVINER_04624,71.2039,-40.8804,361.9,89.1,272.8,0,999.0
DIVINER_04625,29.2065,-61.0941,381.3,108.8,272.5,0,999.0
DIVINER_04626,-26.9413,34.3281,393.3,111.2,282.1,0,999.0
DIVINER_04627,0.0927,133.9936,382.4,94.0,288.4,0,999.0
DIVINER_04628,23.316,-162.8701,379.3,104.9,274.4,0,999.0
DIVINER_04629,1.6913,-41.2306,392.3,99.6,292.7,0,999.0
DIVINER_04630,-60.8075,-123.0333,366.4,94.1,272.3,0,999.0
DIVINER_04631,-30.0698,70.3275,381.3,111.7,269.6,0,999.0
DIVINER_04632,48.3834,-141.9392,371.2,93.4,277.8,0,999.0
DIVINER_04633,57.8269,59.3308,373.0,107.6,265.4,0,999.0
DIVINER_04634,-58.032,-76.9749,372.3,100.7,271.6,0,999.0
DIVINER_04635,72.3819,-108.3899,362.7,98.3,264.4,0,999.0
DIVINER_04636,-27.3884,157.0869,382.6,94.4,288.2,0,999.0
DIVINER_04637,25.9702,-173.3312,382.2,90.1,292.1,0,999.0
DIVINER_04638,40.292,-22.4002,379.7,97.5,282.2,0,999.0
DIVINER_04639,49.9114,-172.2143,380.6,94.9,285.7,0,999.0
DIVINER_04640,71.32,-5.9065,370.7,100.9,269.7,0,999.0
DIVINER_04641,-29.9329,0.3771,390.2,88.0,302.2,0,999.0
DIVINER_04642,57.361,-64.2015,374.1,98.5,275.6,0,999.0
DIVINER_04643,-58.9301,-132.4218,375.6,104.1,271.5,0,999.0
DIVINER_04644,32.8065,-44.5005,377.7,93.3,284.4,0,999.0
DIVINER_04645,38.7164,62.0147,377.6,107.4,270.2,0,999.0
DIVINER_04646,28.4357,101.6625,387.8,108.5,279.3,0,999.0
DIVINER_04647,-39.6296,11.0702,380.2,87.9,292.3,0,999.0
DIVINER_04648,59.6869,32.3404,371.9,92.4,279.5,0,999.0
DIVINER_04649,-52.9826,-107.7781,379.0,86.6,292.4,0,999.0
DIVINER_04650,-71.4184,-76.5611,366.9,104.2,262.6,0,999.0
DIVINER_04651,34.7944,-121.7176,377.4,101.3,276.1,0,999.0
DIVINER_04652,-3.9239,-90.2537,390.0,84.0,306.0,0,999.0
DIVINER_04653,55.8557,-99.0408,367.8,93.5,274.4,0,999.0
DIVINER_04654,-18.6565,7.0016,384.0,103.1,280.9,0,999.0
DIVINER_04655,-53.0754,22.568,365.5,101.1,264.3,0,999.0
DIVINER_04656,53.8308,160.1811,374.3,112.1,262.2,0,999.0
DIVINER_04657,7.8255,-109.5946,380.7,88.5,292.2,0,999.0
DIVINER_04658,-49.7287,51.0033,377.8,99.9,277.9,0,999.0
DIVINER_04659,35.2614,114.2133,389.5,90.0,299.5,0,999.0
DIVINER_04660,1.7782,21.6869,392.6,101.1,291.5,0,999.0
DIVINER_04661,16.6901,-88.1987,388.6,98.2,290.4,0,999.0
DIVINER_04662,-6.2563,-85.4819,397.4,102.7,294.7,0,999.0
DIVINER_04663,52.5934,-165.8689,375.9,95.9,280.0,0,999.0
DIVINER_04664,52.73,-70.0401,369.9,107.6,262.3,0,999.0
DIVINER_04665,33.5022,88.0573,384.0,92.9,291.1,0,999.0
DIVINER_04666,-63.1358,-162.8936,377.9,89.8,288.0,0,999.0
DIVINER_04667,54.2166,-101.0537,367.9,102.3,265.7,0,999.0
DIVINER_04668,27.3621,74.2437,378.6,118.5,260.1,0,999.0
DIVINER_04669,31.5239,101.7546,387.2,84.8,302.4,0,999.0
DIVINER_04670,-21.9227,-16.0854,386.0,88.6,297.4,0,999.0
DIVINER_04671,60.6847,71.3068,366.9,102.3,264.6,0,999.0
DIVINER_04672,36.0595,-40.3372,376.0,111.3,264.8,0,999.0
DIVINER_04673,-61.9855,-122.4312,359.0,103.1,256.0,0,999.0
DIVINER_04674,-14.7555,-36.6662,381.4,93.9,287.5,0,999.0
DIVINER_04675,61.8209,28.7884,377.0,104.2,272.8,0,999.0
DIVINER_04676,-72.4485,161.2992,362.0,105.2,256.9,0,999.0
DIVINER_04677,73.8267,-155.2497,351.3,93.2,258.1,0,999.0
DIVINER_04678,28.666,2.6619,391.0,108.2,282.8,0,999.0
DIVINER_04679,21.0202,-61.5889,393.5,99.7,293.9,0,999.0
DIVINER_04680,-36.7105,2.9922,388.2,82.5,305.7,0,999.0
DIVINER_04681,-40.1933,-171.3688,378.4,98.7,279.8,0,999.0
DIVINER_04682,70.7293,-67.3109,361.9,94.3,267.5,0,999.0
DIVINER_04683,-32.2764,115.1525,384.5,113.0,271.5,0,999.0
DIVINER_04684,44.0808,19.419,385.7,86.7,299.0,0,999.0
DIVINER_04685,-17.1005,-17.7903,385.5,95.2,290.3,0,999.0
DIVINER_04686,-57.7193,-77.211,367.6,102.6,265.0,0,999.0
DIVINER_04687,-78.2856,-72.7047,361.6,124.2,237.4,0,999.0
DIVINER_04688,7.0812,-42.0835,395.7,119.5,276.2,0,999.0
DIVINER_04689,76.1246,120.8055,359.3,99.5,259.8,0,999.0
DIVINER_04690,-20.9382,168.1968,390.7,103.5,287.2,0,999.0
DIVINER_04691,-22.8492,-22.0841,387.4,106.0,281.4,0,999.0
DIVINER_04692,-24.9453,-38.393,385.0,89.9,295.1,0,999.0
DIVINER_04693,3.287,124.7583,385.8,100.1,285.7,0,999.0
DIVINER_04694,-9.4936,-26.3141,383.7,113.6,270.1,0,999.0
DIVINER_04695,60.7863,18.7265,366.4,101.4,265.0,0,999.0
DIVINER_04696,0.8833,-96.861,385.1,119.5,265.6,0,999.0
DIVINER_04697,1.2413,87.6609,391.4,95.5,295.9,0,999.0
DIVINER_04698,-57.8605,11.5158,377.4,99.1,278.3,0,999.0
DIVINER_04699,77.2383,111.2524,359.9,99.2,260.7,0,999.0
DIVINER_04700,-40.0043,101.0638,376.0,87.0,289.0,0,999.0
DIVINER_04701,-68.2617,-102.5983,369.1,111.1,258.0,0,999.0
DIVINER_04702,26.1034,77.6288,387.4,96.7,290.7,0,999.0
DIVINER_04703,15.2586,108.0196,391.1,102.6,288.5,0,999.0
DIVINER_04704,-13.5767,-55.4014,386.3,94.0,292.3,0,999.0
DIVINER_04705,-12.4492,-117.8607,394.7,117.3,277.5,0,999.0
DIVINER_04706,45.6102,-179.0524,383.6,112.3,271.3,0,999.0
DIVINER_04707,-48.686,-17.6747,375.5,100.6,274.9,0,999.0
DIVINER_04708,51.2405,-53.1242,378.6,87.8,290.9,0,999.0
DIVINER_04709,23.7995,19.7675,392.1,107.4,284.7,0,999.0
DIVINER_04710,-12.9648,-112.3052,386.7,110.8,275.8,0,999.0
DIVINER_04711,-6.7154,129.4796,389.3,90.7,298.6,0,999.0
DIVINER_04712,-38.9364,-87.2081,381.5,98.6,282.9,0,999.0
DIVINER_04713,40.3383,-98.4853,375.0,100.8,274.2,0,999.0
DIVINER_04714,2.06,-6.9429,392.2,110.9,281.3,0,999.0
DIVINER_04715,-28.6633,-0.4136,390.2,98.5,291.7,0,999.0
DIVINER_04716,15.368,-102.5693,387.9,109.6,278.2,0,999.0
DIVINER_04717,79.3175,-82.1301,359.1,92.3,266.8,0,999.0
DIVINER_04718,-10.358,-118.9061,396.3,89.4,306.9,0,999.0
DIVINER_04719,67.3106,78.6457,363.4,118.3,245.1,0,999.0
DIVINER_04720,-24.7973,97.2321,388.1,86.9,301.2,0,999.0
DIVINER_04721,-71.2428,-13.5617,360.0,92.5,267.5,0,999.0
DIVINER_04722,-47.3213,77.0713,374.1,107.8,266.3,0,999.0
DIVINER_04723,-13.0088,84.9367,390.7,94.7,296.0,0,999.0
DIVINER_04724,-44.8584,-130.2208,379.6,94.4,285.1,0,999.0
DIVINER_04725,-79.9637,167.8241,359.7,98.0,261.7,0,999.0
DIVINER_04726,66.4002,115.5715,366.4,78.4,288.0,0,999.0
DIVINER_04727,55.0207,-106.386,375.3,111.2,264.1,0,999.0
DIVINER_04728,38.7668,-112.9806,389.5,101.8,287.8,0,999.0
DIVINER_04729,-53.1497,-134.762,379.3,91.9,287.4,0,999.0
DIVINER_04730,-60.7418,-130.1837,371.2,82.8,288.4,0,999.0
DIVINER_04731,-69.1832,89.3382,366.7,86.3,280.4,0,999.0
DIVINER_04732,35.8447,-10.9245,380.9,84.1,296.9,0,999.0
DIVINER_04733,68.6093,101.8563,363.8,102.3,261.5,0,999.0
DIVINER_04734,-11.1143,88.6518,391.7,102.4,289.3,0,999.0
DIVINER_04735,-60.9375,37.6606,369.9,106.1,263.7,0,999.0
DIVINER_04736,1.9829,67.092,393.9,107.3,286.6,0,999.0
DIVINER_04737,-24.1869,-173.3919,392.8,106.3,286.5,0,999.0
DIVINER_04738,-20.028,-67.76,387.1,115.4,271.7,0,999.0
DIVINER_04739,19.4129,49.616,377.7,112.0,265.7,0,999.0
DIVINER_04740,34.9949,-176.6358,392.9,109.6,283.4,0,999.0
DIVINER_04741,-62.3034,-168.1283,365.3,102.4,263.0,0,999.0
DIVINER_04742,-74.3056,126.6797,361.8,107.2,254.6,0,999.0
DIVINER_04743,79.0928,66.249,361.2,95.9,265.3,0,999.0
DIVINER_04744,-42.7635,-84.4669,386.4,97.8,288.6,0,999.0
DIVINER_04745,-71.3871,67.6666,371.8,117.2,254.6,0,999.0
DIVINER_04746,-49.6199,105.2844,374.1,94.4,279.7,0,999.0
DIVINER_04747,-73.7667,-69.5541,367.1,93.7,273.4,0,999.0
DIVINER_04748,-17.3103,-167.0265,389.2,96.4,292.8,0,999.0
DIVINER_04749,48.3843,155.8005,390.3,94.5,295.8,0,999.0
DIVINER_04750,-25.4009,-55.7353,391.6,95.4,296.3,0,999.0
DIVINER_04751,-8.9307,-141.6666,388.6,102.4,286.2,0,999.0
DIVINER_04752,28.0939,-2.9315,381.3,102.8,278.6,0,999.0
DIVINER_04753,1.4231,96.6484,376.9,109.1,267.7,0,999.0
DIVINER_04754,57.8313,-100.207,374.7,121.9,252.8,0,999.0
DIVINER_04755,58.5657,-82.9836,375.9,96.3,279.6,0,999.0
DIVINER_04756,-78.4143,-92.6226,361.8,99.3,262.4,0,999.0
DIVINER_04757,44.4874,177.0023,366.8,81.6,285.1,0,999.0
DIVINER_04758,-6.2826,-108.9347,383.5,87.1,296.4,0,999.0
DIVINER_04759,78.2145,27.1873,360.6,98.5,262.0,0,999.0
DIVINER_04760,-2.6829,153.0953,398.9,104.6,294.2,0,999.0
DIVINER_04761,77.9034,-127.1172,358.1,104.9,253.2,0,999.0
DIVINER_04762,40.7311,169.5075,385.8,106.2,279.6,0,999.0
DIVINER_04763,-40.2232,161.0918,375.4,112.6,262.8,0,999.0
DIVINER_04764,6.1432,138.4459,390.8,117.1,273.7,0,999.0
DIVINER_04765,78.7417,-102.7597,356.4,97.6,258.9,0,999.0
DIVINER_04766,57.2049,48.2598,377.6,92.0,285.6,0,999.0
DIVINER_04767,-64.4213,93.9209,364.6,106.5,258.0,0,999.0
DIVINER_04768,33.0195,174.9701,391.9,109.3,282.6,0,999.0
DIVINER_04769,-24.7073,-115.0474,384.8,101.4,283.4,0,999.0
DIVINER_04770,-78.8828,95.7693,352.4,98.2,254.2,0,999.0
DIVINER_04771,-15.443,-58.0316,383.4,95.0,288.4,0,999.0
DIVINER_04772,-42.4393,-116.7745,376.4,99.6,276.8,0,999.0
DIVINER_04773,51.0191,-28.3043,377.0,106.9,270.1,0,999.0
DIVINER_04774,-26.0271,105.7809,382.9,93.3,289.6,0,999.0
DIVINER_04775,52.4038,-12.6541,370.3,92.0,278.3,0,999.0
DIVINER_04776,-79.9043,13.5083,361.5,106.0,255.5,0,999.0
DIVINER_04777,-30.7489,178.2574,368.3,91.5,276.8,0,999.0
DIVINER_04778,-41.4136,-36.3207,377.8,101.5,276.3,0,999.0
DIVINER_04779,-42.6292,41.5443,372.8,101.0,271.8,0,999.0
DIVINER_04780,-69.0901,-48.5121,359.9,100.0,259.9,0,999.0
DIVINER_04781,-50.0601,-38.5972,376.9,93.6,283.3,0,999.0
DIVINER_04782,8.8879,70.4307,388.5,117.3,271.2,0,999.0
DIVINER_04783,-33.3822,157.6393,381.9,104.0,277.9,0,999.0
DIVINER_04784,-13.2168,15.2492,394.9,94.9,300.0,0,999.0
DIVINER_04785,-19.7013,96.624,387.6,103.3,284.3,0,999.0
DIVINER_04786,60.1448,-147.8856,378.9,118.3,260.6,0,999.0
DIVINER_04787,64.8478,-103.9831,370.6,100.9,269.7,0,999.0
DIVINER_04788,-1.1269,0.7674,385.2,115.3,269.8,0,999.0
DIVINER_04789,-27.175,-172.7958,395.3,88.5,306.7,0,999.0
DIVINER_04790,-62.9119,-88.9722,369.6,91.5,278.1,0,999.0
DIVINER_04791,72.5445,6.2645,371.4,78.6,292.8,0,999.0
DIVINER_04792,-70.3637,-174.614,362.1,119.8,242.4,0,999.0
DIVINER_04793,-32.376,-84.7633,385.1,83.0,302.2,0,999.0
DIVINER_04794,-32.3094,5.0511,386.0,101.7,284.2,0,999.0
DIVINER_04795,-28.7358,26.3337,384.2,117.4,266.9,0,999.0
DIVINER_04796,-53.7141,153.2706,380.0,109.7,270.3,0,999.0
DIVINER_04797,45.3058,52.3244,387.8,103.8,284.0,0,999.0
DIVINER_04798,-60.4003,-30.6951,358.3,112.8,245.5,0,999.0
DIVINER_04799,21.5851,154.9264,391.3,93.3,298.0,0,999.0
DIVINER_04800,-60.1846,102.5579,365.4,105.2,260.2,0,999.0
DIVINER_04801,-68.7143,-107.9968,351.6,98.9,252.7,0,999.0
DIVINER_04802,65.5087,-132.8967,369.2,98.7,270.5,0,999.0
DIVINER_04803,-49.5794,63.2922,378.5,101.9,276.6,0,999.0
DIVINER_04804,51.4,21.5579,378.4,111.8,266.6,0,999.0
DIVINER_04805,7.1409,104.2825,391.5,115.7,275.9,0,999.0
DIVINER_04806,-67.543,85.9698,369.7,97.3,272.3,0,999.0
DIVINER_04807,72.8717,45.0762,358.8,89.1,269.7,0,999.0
DIVINER_04808,-40.4862,175.0976,381.7,91.8,289.9,0,999.0
DIVINER_04809,57.5433,12.0923,375.0,119.5,255.5,0,999.0
DIVINER_04810,-52.9904,-139.2819,380.8,114.8,266.0,0,999.0
DIVINER_04811,56.6309,118.1785,372.2,89.1,283.1,0,999.0
DIVINER_04812,-77.8834,-89.3328,357.3,116.6,240.7,0,999.0
DIVINER_04813,1.8849,99.8288,389.7,92.9,296.8,0,999.0
DIVINER_04814,43.1108,164.5586,373.2,106.6,266.6,0,999.0
DIVINER_04815,69.5673,70.8464,367.8,92.9,274.9,0,999.0
DIVINER_04816,65.4723,34.5709,359.3,121.6,237.7,0,999.0
DIVINER_04817,51.14,-14.261,377.1,94.3,282.8,0,999.0
DIVINER_04818,62.1106,-48.8124,369.1,89.5,279.6,0,999.0
DIVINER_04819,-48.1249,-52.9183,368.9,95.4,273.5,0,999.0
DIVINER_04820,-34.5305,49.0942,375.5,126.3,249.2,0,999.0
DIVINER_04821,-33.765,90.4583,379.0,102.6,276.4,0,999.0
DIVINER_04822,-19.6714,64.2661,385.9,89.7,296.2,0,999.0
DIVINER_04823,-17.0687,-108.5724,395.6,92.1,303.5,0,999.0
DIVINER_04824,7.1289,-2.1646,389.1,82.5,306.6,0,999.0
DIVINER_04825,-54.4192,104.9904,376.0,105.4,270.6,0,999.0
DIVINER_04826,30.5995,-8.7465,390.8,87.5,303.3,0,999.0
DIVINER_04827,-53.1894,13.1844,379.3,111.1,268.3,0,999.0
DIVINER_04828,-30.3506,97.609,384.5,107.9,276.6,0,999.0
DIVINER_04829,0.5352,58.0555,386.5,99.0,287.5,0,999.0
DIVINER_04830,47.4305,-32.6358,379.6,112.4,267.2,0,999.0
DIVINER_04831,38.3151,142.3486,378.0,109.3,268.7,0,999.0
DIVINER_04832,23.2855,-121.4759,395.8,101.6,294.2,0,999.0
DIVINER_04833,-55.0763,178.3859,377.2,92.3,284.9,0,999.0
DIVINER_04834,7.5273,-137.2131,390.7,104.1,286.6,0,999.0
DIVINER_04835,-66.0086,-174.618,368.8,104.1,264.8,0,999.0
DIVINER_04836,-19.6219,140.4068,388.6,104.9,283.7,0,999.0
DIVINER_04837,-13.8374,-91.8167,387.0,100.8,286.2,0,999.0
DIVINER_04838,-73.6302,82.6919,363.8,103.3,260.5,0,999.0
DIVINER_04839,-36.1619,111.9655,381.1,103.0,278.1,0,999.0
DIVINER_04840,72.9039,129.2351,371.4,113.6,257.8,0,999.0
DIVINER_04841,72.5812,176.9739,358.5,87.3,271.3,0,999.0
DIVINER_04842,-23.6277,-74.1457,389.2,90.0,299.2,0,999.0
DIVINER_04843,-73.104,75.6876,357.7,100.8,257.0,0,999.0
DIVINER_04844,-51.3448,-138.4561,371.0,92.4,278.6,0,999.0
DIVINER_04845,-17.2452,-33.5487,379.3,102.1,277.2,0,999.0
DIVINER_04846,71.6448,125.2698,364.7,88.9,275.8,0,999.0
DIVINER_04847,-57.4081,-47.6431,368.9,90.4,278.4,0,999.0
DIVINER_04848,42.1625,32.7943,385.1,120.6,264.5,0,999.0
DIVINER_04849,-62.6108,1.3584,370.5,97.7,272.8,0,999.0
DIVINER_04850,77.0012,52.5426,359.7,88.3,271.5,0,999.0
DIVINER_04851,-18.9414,170.242,380.8,98.9,281.9,0,999.0
DIVINER_04852,44.0375,-159.9352,381.7,110.4,271.3,0,999.0
DIVINER_04853,-25.1854,26.6261,382.9,112.1,270.8,0,999.0
DIVINER_04854,20.427,130.6904,380.3,85.4,294.9,0,999.0
DIVINER_04855,-49.2774,-6.7022,378.2,92.3,285.9,0,999.0
DIVINER_04856,-56.6366,-151.7302,365.7,102.2,263.5,0,999.0
DIVINER_04857,70.0903,21.7942,353.2,99.7,253.5,0,999.0
DIVINER_04858,66.8236,-60.4534,372.2,84.0,288.2,0,999.0
DIVINER_04859,61.995,-124.221,366.0,85.6,280.4,0,999.0
DIVINER_04860,20.0694,125.6524,378.8,89.3,289.5,0,999.0
DIVINER_04861,49.3229,7.7758,371.3,82.3,289.0,0,999.0
DIVINER_04862,-68.9541,155.9795,360.8,95.4,265.3,0,999.0
DIVINER_04863,-26.4338,110.1659,391.5,111.9,279.6,0,999.0
DIVINER_04864,-29.8075,69.4698,376.4,93.3,283.1,0,999.0
DIVINER_04865,21.7033,-178.1908,380.5,110.8,269.6,0,999.0
DIVINER_04866,-23.0468,-25.9836,391.7,100.3,291.4,0,999.0
DIVINER_04867,-56.2389,-108.9049,370.0,98.2,271.8,0,999.0
DIVINER_04868,15.4347,147.8872,389.7,83.3,306.4,0,999.0
DIVINER_04869,50.3014,-117.1498,373.1,111.7,261.4,0,999.0
DIVINER_04870,-18.8602,-77.0184,398.0,101.2,296.8,0,999.0
DIVINER_04871,-58.837,6.0612,364.3,84.0,280.2,0,999.0
DIVINER_04872,-48.5299,-85.1891,377.9,103.8,274.1,0,999.0
DIVINER_04873,-42.0027,-104.4487,387.2,94.1,293.1,0,999.0
DIVINER_04874,-32.0164,35.6758,382.0,100.6,281.4,0,999.0
DIVINER_04875,22.8472,-147.9854,383.1,102.4,280.7,0,999.0
DIVINER_04876,16.1513,-159.0596,392.3,112.2,280.1,0,999.0
DIVINER_04877,31.3728,-45.9917,389.2,88.7,300.4,0,999.0
DIVINER_04878,-21.9997,79.4392,383.1,105.7,277.4,0,999.0
DIVINER_04879,51.8396,19.7304,382.0,113.3,268.7,0,999.0
DIVINER_04880,-47.346,-27.7645,377.4,125.2,252.2,0,999.0
DIVINER_04881,-4.9535,23.6706,392.4,110.5,281.9,0,999.0
DIVINER_04882,48.1502,-48.4375,384.1,103.6,280.5,0,999.0
DIVINER_04883,-51.1746,157.0127,378.9,102.8,276.2,0,999.0
DIVINER_04884,-62.4219,-160.2342,368.5,115.5,253.0,0,999.0
DIVINER_04885,61.3894,62.4209,365.8,97.1,268.7,0,999.0
DIVINER_04886,-25.1313,140.8618,399.8,108.0,291.8,0,999.0
DIVINER_04887,29.4192,109.3985,380.9,121.9,259.0,0,999.0
DIVINER_04888,-75.9442,-113.7452,361.3,98.9,262.4,0,999.0
DIVINER_04889,30.4075,-73.4665,387.0,79.9,307.2,0,999.0
DIVINER_04890,-29.4238,78.1373,387.6,91.4,296.2,0,999.0
DIVINER_04891,-71.0815,-149.6626,373.6,102.9,270.7,0,999.0
DIVINER_04892,17.57,112.2702,388.4,91.6,296.7,0,999.0
DIVINER_04893,-41.4714,78.8065,379.5,96.5,283.0,0,999.0
DIVINER_04894,-18.1108,82.6584,395.8,97.0,298.7,0,999.0
DIVINER_04895,-67.1071,-143.9131,364.9,105.6,259.3,0,999.0
DIVINER_04896,-56.4539,78.3938,376.5,90.5,285.9,0,999.0
DIVINER_04897,-32.3236,64.7345,384.8,94.2,290.6,0,999.0
DIVINER_04898,-65.6385,119.1321,371.1,114.1,257.0,0,999.0
DIVINER_04899,65.7322,-165.0255,370.1,95.2,274.9,0,999.0
DIVINER_04900,-79.0325,-171.6802,355.6,107.3,248.3,0,999.0
DIVINER_04901,-2.5824,-45.7174,380.7,100.1,280.6,0,999.0
DIVINER_04902,-60.2804,-126.4362,361.5,99.8,261.7,0,999.0
DIVINER_04903,-30.7713,21.0184,375.2,107.4,267.8,0,999.0
DIVINER_04904,68.1695,150.2456,364.4,81.4,283.0,0,999.0
DIVINER_04905,-54.1289,-39.0673,361.7,104.4,257.2,0,999.0
DIVINER_04906,74.5332,124.1821,359.9,105.5,254.3,0,999.0
DIVINER_04907,-47.0729,-179.9133,377.9,108.5,269.4,0,999.0
DIVINER_04908,38.6506,-119.3347,385.5,96.2,289.3,0,999.0
DIVINER_04909,7.4684,-169.0475,392.2,100.0,292.2,0,999.0
DIVINER_04910,61.5166,-61.867,373.6,75.5,298.1,0,999.0
DIVINER_04911,8.6389,146.9483,391.6,93.3,298.3,0,999.0
DIVINER_04912,5.5295,-145.0972,388.2,101.8,286.4,0,999.0
DIVINER_04913,-48.7267,38.3075,375.9,114.7,261.1,0,999.0
DIVINER_04914,-53.4033,-17.4615,369.6,118.5,251.1,0,999.0
DIVINER_04915,66.6383,157.8486,367.0,96.6,270.4,0,999.0
DIVINER_04916,-27.5459,-135.8931,377.5,108.7,268.8,0,999.0
DIVINER_04917,-20.4668,-103.67,392.8,98.5,294.3,0,999.0
DIVINER_04918,41.5718,-169.3649,375.1,83.8,291.3,0,999.0
DIVINER_04919,-25.7882,-23.7833,386.8,106.1,280.7,0,999.0
DIVINER_04920,72.33,-79.9802,363.7,118.3,245.4,0,999.0
DIVINER_04921,38.0684,133.1661,387.3,96.2,291.1,0,999.0
DIVINER_04922,15.5887,37.7787,380.1,90.9,289.2,0,999.0
DIVINER_04923,60.9432,41.0727,367.8,100.7,267.1,0,999.0
DIVINER_04924,-72.0631,11.4879,365.1,98.8,266.3,0,999.0
DIVINER_04925,-38.87,-146.9339,389.9,126.1,263.8,0,999.0
DIVINER_04926,-5.5942,-19.7933,389.6,110.1,279.6,0,999.0
DIVINER_04927,-43.6834,179.8219,376.0,101.3,274.7,0,999.0
DIVINER_04928,39.0248,120.6825,391.2,71.0,320.2,0,999.0
DIVINER_04929,67.0733,141.6453,369.6,98.6,271.0,0,999.0
DIVINER_04930,-12.1968,116.3615,396.0,118.5,277.4,0,999.0
DIVINER_04931,-25.2588,-142.905,380.1,100.8,279.3,0,999.0
DIVINER_04932,73.8481,-98.1186,363.7,108.2,255.5,0,999.0
DIVINER_04933,-8.8236,-178.8762,384.1,103.9,280.2,0,999.0
DIVINER_04934,-1.7523,-70.7364,383.5,95.1,288.3,0,999.0
DIVINER_04935,-23.736,-140.9013,389.5,116.9,272.6,0,999.0
DIVINER_04936,65.5278,-9.7944,369.8,101.9,267.9,0,999.0
DIVINER_04937,11.0329,63.7659,386.9,92.9,293.9,0,999.0
DIVINER_04938,41.9479,134.8219,386.9,100.2,286.7,0,999.0
DIVINER_04939,49.8891,89.7182,373.9,114.3,259.7,0,999.0
DIVINER_04940,-25.3042,157.8908,384.8,85.2,299.6,0,999.0
DIVINER_04941,-10.6089,-160.5966,389.1,102.7,286.4,0,999.0
DIVINER_04942,55.7555,-175.6153,371.3,100.7,270.6,0,999.0
DIVINER_04943,-21.8791,58.0817,393.5,84.6,308.9,0,999.0
DIVINER_04944,47.0296,-75.8331,372.1,107.7,264.4,0,999.0
DIVINER_04945,70.5588,-88.7396,359.5,102.6,257.0,0,999.0
DIVINER_04946,19.7137,-60.8806,381.7,108.8,272.9,0,999.0
DIVINER_04947,38.6604,-82.8734,390.7,111.4,279.3,0,999.0
DIVINER_04948,48.8156,4.1171,374.7,99.4,275.3,0,999.0
DIVINER_04949,55.2063,-21.5466,369.0,94.4,274.5,0,999.0
DIVINER_04950,-16.7915,4.4743,386.9,85.8,301.1,0,999.0
DIVINER_04951,-71.7978,62.1769,366.7,93.6,273.2,0,999.0
DIVINER_04952,-15.6998,-40.633,391.8,100.1,291.7,0,999.0
DIVINER_04953,27.801,-89.5292,382.5,90.4,292.1,0,999.0
DIVINER_04954,-7.9439,-120.1678,387.6,105.8,281.8,0,999.0
DIVINER_04955,39.8341,-54.1893,373.4,91.0,282.5,0,999.0
DIVINER_04956,-22.8828,87.0503,387.5,82.4,305.2,0,999.0
DIVINER_04957,21.5591,92.4138,393.6,94.2,299.4,0,999.0
DIVINER_04958,-50.1728,60.0859,372.7,101.8,270.9,0,999.0
DIVINER_04959,39.8991,-95.7499,383.9,87.4,296.5,0,999.0
DIVINER_04960,7.3114,31.711,386.8,91.1,295.6,0,999.0
DIVINER_04961,-47.3497,25.4483,371.6,93.7,277.9,0,999.0
DIVINER_04962,-33.2942,-5.6642,386.8,95.0,291.8,0,999.0
DIVINER_04963,39.7774,17.9924,392.5,103.0,289.5,0,999.0
DIVINER_04964,-2.7838,-2.9554,392.7,106.4,286.3,0,999.0
DIVINER_04965,-45.435,23.5643,376.0,95.3,280.7,0,999.0
DIVINER_04966,74.7634,77.5821,358.8,89.6,269.2,0,999.0
DIVINER_04967,34.42,-140.5339,392.5,101.4,291.2,0,999.0
DIVINER_04968,73.1416,89.8653,363.1,105.2,258.0,0,999.0
DIVINER_04969,-11.6632,-131.081,385.3,116.1,269.2,0,999.0
DIVINER_04970,-3.9839,-156.0139,389.6,111.5,278.1,0,999.0
DIVINER_04971,63.6728,171.3887,368.8,87.4,281.4,0,999.0
DIVINER_04972,4.0079,164.517,392.2,98.6,293.7,0,999.0
DIVINER_04973,33.1646,-158.2428,391.0,104.6,286.5,0,999.0
DIVINER_04974,-39.6523,-20.4288,387.2,91.5,295.7,0,999.0
DIVINER_04975,-8.5238,-112.9518,390.5,96.5,294.1,0,999.0
DIVINER_04976,-60.248,-5.2758,369.6,106.7,262.9,0,999.0
DIVINER_04977,-47.0432,118.8638,379.2,102.5,276.7,0,999.0
DIVINER_04978,-79.8491,162.2202,354.0,100.0,254.0,0,999.0
DIVINER_04979,-73.7176,48.331,366.1,93.5,272.7,0,999.0
DIVINER_04980,76.3654,-52.594,358.4,85.5,272.9,0,999.0
DIVINER_04981,-41.2234,37.1972,382.5,96.9,285.7,0,999.0
DIVINER_04982,26.1297,-67.6795,394.5,99.1,295.4,0,999.0
DIVINER_04983,54.256,147.5365,376.1,85.3,290.8,0,999.0
DIVINER_04984,8.1057,133.3442,390.8,100.5,290.3,0,999.0
DIVINER_04985,-55.4969,20.9634,370.1,103.9,266.2,0,999.0
DIVINER_04986,36.4986,-63.0724,381.8,93.1,288.7,0,999.0
DIVINER_04987,16.0402,-74.3797,382.8,104.0,278.7,0,999.0
DIVINER_04988,37.0001,-167.9695,384.6,102.8,281.9,0,999.0
DIVINER_04989,43.1595,113.6955,368.5,97.0,271.6,0,999.0
DIVINER_04990,76.0657,-17.862,364.5,95.8,268.6,0,999.0
DIVINER_04991,11.7701,-62.9521,392.8,96.7,296.1,0,999.0
DIVINER_04992,-25.3374,-10.4003,386.6,91.4,295.2,0,999.0
DIVINER_04993,23.7543,114.7457,383.9,103.4,280.5,0,999.0
DIVINER_04994,-69.0495,-135.1389,364.2,91.5,272.7,0,999.0
DIVINER_04995,63.5836,128.7562,358.9,92.2,266.7,0,999.0
DIVINER_04996,-60.899,143.1032,373.6,105.0,268.6,0,999.0
DIVINER_04997,-27.5451,160.8148,384.6,97.6,287.1,0,999.0
DIVINER_04998,50.5193,-36.9043,383.0,100.6,282.4,0,999.0
DIVINER_04999,15.57,-101.8295,390.5,82.9,307.6,0,999.0
