sample_id,latitude_deg,longitude_deg,lend_epithermal_cps,neutron_suppression_index,weh_wt_pct,weh_ppm,water_ice_probability,is_cold_trap
LEND_00000,-86.2546,-38.2912,3.65,0.214,0.58,580,0.212,0
LEND_00001,-80.4929,-9.5632,2.71,0.416,4.88,4880,0.98,1
LEND_00002,-82.6801,127.6371,3.91,0.159,1.37,1370,0.329,0
LEND_00003,-84.0134,-57.5984,3.67,0.21,1.97,1970,0.463,0
LEND_00004,-88.4398,133.0739,4.09,0.12,1.94,1940,0.413,0
LEND_00005,-88.4401,-148.2716,3.76,0.192,0.49,490,0.185,0
LEND_00006,-89.4192,99.6474,3.91,0.16,0.58,580,0.185,0
LEND_00007,-81.3382,125.1171,3.66,0.213,1.23,1230,0.33,0
LEND_00008,-83.9888,-114.5456,3.53,0.241,1.0,1000,0.302,0
LEND_00009,-82.9193,-25.0752,3.62,0.221,1.64,1640,0.409,0
LEND_00010,-89.7942,-120.4201,3.53,0.24,1.24,1240,0.346,0
LEND_00011,-80.3009,74.3775,3.83,0.177,0.34,340,0.15,0
LEND_00012,-81.6756,12.7252,3.91,0.159,0.84,840,0.232,0
LEND_00013,-87.8766,48.7164,3.53,0.241,2.01,2010,0.486,0
LEND_00014,-88.1818,-109.2647,3.56,0.234,1.27,1270,0.348,0
LEND_00015,-88.166,-103.7715,3.84,0.174,1.82,1820,0.418,0
LEND_00016,-86.9576,-165.061,4.06,0.127,1.06,1060,0.256,0
LEND_00017,-84.7524,-64.0557,3.94,0.153,1.59,1590,0.365,0
LEND_00018,-85.6805,21.5081,3.57,0.232,0.62,620,0.229,0
LEND_00019,-87.0877,128.8566,4.12,0.114,1.7,1700,0.366,0
LEND_00020,-83.8815,60.0939,4.14,0.109,1.79,1790,0.38,0
LEND_00021,-88.6051,-23.2573,3.73,0.198,0.47,470,0.185,0
LEND_00022,-87.0786,163.1232,3.93,0.155,0.65,650,0.195,0
LEND_00023,-86.3364,78.9283,3.84,0.173,1.18,1180,0.301,0
LEND_00024,-85.4393,154.8595,4.16,0.106,1.51,1510,0.327,0
LEND_00025,-82.1482,9.9317,3.86,0.171,1.51,1510,0.36,0
LEND_00026,-88.0033,-86.7945,4.17,0.103,1.57,1570,0.337,0
LEND_00027,-84.8577,-160.9824,3.64,0.217,1.66,1660,0.41,0
LEND_00028,-84.0759,81.3905,3.74,0.195,1.26,1260,0.327,0
LEND_00029,-89.5355,-136.3309,4.05,0.13,1.39,1390,0.318,0
LEND_00030,-83.9246,-71.001,4.05,0.129,0.32,320,0.123,0
LEND_00031,-88.2948,11.6895,4.01,0.137,0.62,620,0.181,0
LEND_00032,-89.3495,23.19,4.1,0.118,1.25,1250,0.286,0
LEND_00033,-80.5111,36.21,3.99,0.142,1.72,1720,0.384,0
LEND_00034,-80.3437,-120.1481,3.95,0.152,1.84,1840,0.41,0
LEND_00035,-81.916,-43.2945,3.82,0.178,1.68,1680,0.395,0
LEND_00036,-86.9539,42.1899,3.83,0.177,1.22,1220,0.31,0
LEND_00037,-89.0233,169.1348,3.78,0.186,0.83,830,0.244,0
LEND_00038,-83.1577,81.9472,3.93,0.154,1.14,1140,0.284,0
LEND_00039,-85.5985,152.1374,3.78,0.186,0.32,320,0.151,0
LEND_00040,-88.7796,94.3963,3.6,0.225,1.44,1440,0.374,0
LEND_00041,-85.0482,33.0181,3.57,0.231,0.44,440,0.196,0
LEND_00042,-89.6561,-110.8716,4.15,0.108,0.58,580,0.16,0
LEND_00043,-80.9068,60.0068,3.52,0.244,1.49,1490,0.393,0
LEND_00044,-87.4122,44.4166,3.57,0.231,0.33,330,0.176,0
LEND_00045,-83.3748,36.8889,3.81,0.18,1.39,1390,0.343,0
LEND_00046,-86.8829,-3.6771,3.68,0.208,1.51,1510,0.378,0
LEND_00047,-84.7993,10.3164,3.78,0.186,1.8,1800,0.42,0
LEND_00048,-84.5329,-59.6007,3.58,0.23,0.43,430,0.193,0
LEND_00049,-88.1515,6.9526,3.59,0.228,0.31,310,0.17,0
LEND_00050,-80.3042,-108.8799,4.06,0.127,1.76,1760,0.383,0
LEND_00051,-82.2487,109.8628,2.75,0.409,4.07,4070,0.944,1
LEND_00052,-80.605,-113.1203,3.57,0.232,1.99,1990,0.478,0
LEND_00053,-81.0517,-149.4121,3.97,0.147,0.65,650,0.192,0
LEND_00054,-84.021,-22.9514,3.93,0.156,1.41,1410,0.334,0
LEND_00055,-80.7813,56.9907,4.0,0.14,0.51,510,0.163,0
LEND_00056,-89.1151,-22.4219,3.83,0.176,1.07,1070,0.282,0
LEND_00057,-88.0402,-80.3685,3.69,0.207,1.98,1980,0.463,0
LEND_00058,-89.5477,20.9416,3.96,0.147,1.46,1460,0.339,0
LEND_00059,-86.7467,-55.0792,3.76,0.191,1.61,1610,0.388,0
LEND_00060,-86.1132,155.8324,3.65,0.214,0.73,730,0.24,0
LEND_00061,-87.2865,152.1523,2.93,0.37,5.2,5200,0.98,1
LEND_00062,-81.7126,0.8539,4.03,0.132,1.48,1480,0.335,0
LEND_00063,-86.4325,-61.9618,3.83,0.176,0.5,500,0.179,0
LEND_00064,-87.1907,85.3677,3.71,0.202,0.33,330,0.161,0
LEND_00065,-84.573,-166.7833,4.08,0.122,0.33,330,0.121,0
LEND_00066,-88.5908,-9.0832,4.12,0.115,0.4,400,0.13,0
LEND_00067,-81.978,-58.9236,3.8,0.182,2.03,2030,0.46,0
LEND_00068,-89.2545,151.3929,3.76,0.191,0.98,980,0.274,0
LEND_00069,-80.1311,-175.6789,3.93,0.155,0.87,870,0.236,0
LEND_00070,-82.2776,19.0134,3.54,0.239,1.09,1090,0.317,0
LEND_00071,-88.0128,86.6389,3.98,0.143,1.08,1080,0.268,0
LEND_00072,-89.9448,-5.3935,4.05,0.13,0.75,750,0.201,0
LEND_00073,-81.8454,-149.2549,3.78,0.187,0.47,470,0.179,0
LEND_00074,-82.9314,170.0861,3.62,0.221,0.51,510,0.203,0
LEND_00075,-82.7099,6.4838,3.52,0.243,1.44,1440,0.383,0
LEND_00076,-82.2873,41.107,3.95,0.151,1.05,1050,0.267,0
LEND_00077,-89.2596,-94.8205,3.69,0.207,2.01,2010,0.469,0
LEND_00078,-86.4153,-5.9407,3.82,0.177,1.18,1180,0.303,0
LEND_00079,-88.8413,-25.5062,3.77,0.189,1.26,1260,0.324,0
LEND_00080,-81.369,-153.0375,3.62,0.221,2.06,2060,0.485,0
LEND_00081,-83.767,-141.7823,3.86,0.171,1.25,1250,0.313,0
LEND_00082,-86.691,121.4901,3.82,0.178,1.25,1250,0.316,0
LEND_00083,-89.3644,-93.6648,3.94,0.153,0.99,990,0.257,0
LEND_00084,-86.8902,-109.815,3.68,0.209,1.65,1650,0.405,0
LEND_00085,-86.7482,1.7681,3.65,0.215,1.05,1050,0.298,0
LEND_00086,-82.7039,96.749,4.07,0.125,1.42,1420,0.321,0
LEND_00087,-83.6244,-157.6993,3.99,0.142,1.15,1150,0.28,0
LEND_00088,-81.1279,27.6509,4.04,0.131,1.3,1300,0.302,0
LEND_00089,-85.2779,-137.0842,3.59,0.229,1.87,1870,0.454,0
LEND_00090,-88.8041,-166.874,3.66,0.214,1.09,1090,0.305,0
LEND_00091,-82.8676,-161.0122,3.21,0.309,5.59,5590,0.98,1
LEND_00092,-82.3921,120.2991,4.1,0.118,1.38,1380,0.31,0
LEND_00093,-84.3872,-137.5299,4.12,0.113,2.08,2080,0.435,0
LEND_00094,-82.2903,-163.7455,4.08,0.122,1.62,1620,0.356,0
LEND_00095,-85.062,-22.356,3.53,0.241,0.89,890,0.282,0
LEND_00096,-84.7727,123.8376,4.07,0.124,2.13,2130,0.449,0
LEND_00097,-85.7246,-85.533,4.13,0.112,0.95,950,0.229,0
LEND_00098,-89.7458,-28.1835,3.54,0.239,2.17,2170,0.514,0
LEND_00099,-88.9211,-165.6279,3.79,0.185,0.66,660,0.212,0
LEND_00100,-89.6857,-18.3317,3.88,0.167,2.2,2200,0.483,0
LEND_00101,-83.6359,27.9407,3.16,0.32,5.39,5390,0.98,1
LEND_00102,-86.8564,25.5265,3.86,0.17,1.66,1660,0.387,0
LEND_00103,-84.9143,-60.3264,4.12,0.114,1.71,1710,0.368,0
LEND_00104,-80.9243,-66.4081,4.11,0.117,1.59,1590,0.347,0
LEND_00105,-87.5071,-141.6155,4.16,0.106,1.78,1780,0.377,0
LEND_00106,-85.8962,-47.9526,3.84,0.174,1.2,1200,0.305,0
LEND_00107,-82.4445,-144.1819,3.79,0.186,0.4,400,0.165,0
LEND_00108,-87.712,95.9745,3.97,0.147,0.98,980,0.252,0
LEND_00109,-89.2302,167.8587,3.79,0.185,1.52,1520,0.369,0
LEND_00110,-87.1025,169.2268,3.53,0.241,1.53,1530,0.399,0
LEND_00111,-88.3878,131.4256,4.0,0.139,0.67,670,0.191,0
LEND_00112,-80.703,36.2852,3.7,0.205,0.78,780,0.244,0
LEND_00113,-81.9188,72.3117,3.53,0.24,1.22,1220,0.342,0
LEND_00114,-83.666,-77.3259,3.51,0.244,1.68,1680,0.428,0
LEND_00115,-81.2854,47.0774,4.15,0.107,1.92,1920,0.403,0
LEND_00116,-81.9633,-15.9662,3.68,0.209,0.46,460,0.188,0
LEND_00117,-88.1343,-6.4738,3.81,0.18,2.06,2060,0.464,0
LEND_00118,-81.0744,92.7996,4.17,0.104,2.06,2060,0.427,0
LEND_00119,-84.6066,-78.5094,3.06,0.341,4.29,4290,0.95,1
LEND_00120,-81.9256,-65.5057,3.56,0.235,1.26,1260,0.347,0
LEND_00121,-81.0391,152.871,3.89,0.164,1.42,1420,0.34,0
LEND_00122,-86.82,-159.7593,3.56,0.234,1.35,1350,0.362,0
LEND_00123,-88.8995,-5.1717,3.57,0.233,1.47,1470,0.384,0
LEND_00124,-87.7206,148.6083,4.1,0.119,1.26,1260,0.289,0
LEND_00125,-85.7289,39.7307,2.85,0.386,4.33,4330,0.98,1
LEND_00126,-81.8199,16.7065,3.98,0.145,0.48,480,0.16,0
LEND_00127,-81.3927,-90.0921,3.86,0.171,0.7,700,0.213,0
LEND_00128,-89.9305,-56.4208,3.66,0.214,1.71,1710,0.418,0
LEND_00129,-84.8925,126.7374,3.86,0.169,0.76,760,0.223,0
LEND_00130,-85.8259,21.3185,3.55,0.237,1.88,1880,0.46,0
LEND_00131,-87.7789,5.3072,3.74,0.195,1.07,1070,0.292,0
LEND_00132,-88.8013,-144.1513,3.87,0.169,1.09,1090,0.282,0
LEND_00133,-86.6238,-174.2299,3.66,0.213,1.95,1950,0.461,0
LEND_00134,-80.5709,166.9267,2.77,0.404,3.88,3880,0.907,1
LEND_00135,-86.768,-44.285,3.54,0.24,0.66,660,0.24,0
LEND_00136,-84.8121,37.1567,3.84,0.174,2.17,2170,0.482,0
LEND_00137,-82.9698,-151.3026,4.0,0.14,1.33,1330,0.312,0
LEND_00138,-86.3637,65.9211,3.8,0.183,0.66,660,0.211,0
LEND_00139,-80.2822,155.724,4.11,0.116,0.62,620,0.171,0
LEND_00140,-80.3755,27.2395,3.94,0.152,1.94,1940,0.429,0
LEND_00141,-87.4822,-134.5985,4.17,0.103,1.44,1440,0.313,0
LEND_00142,-85.0275,29.4197,3.7,0.205,0.52,520,0.197,0
LEND_00143,-86.9912,95.885,4.16,0.106,1.99,1990,0.415,0
LEND_00144,-87.1516,-33.69,3.92,0.156,1.14,1140,0.285,0
LEND_00145,-89.6311,136.7416,4.02,0.135,2.18,2180,0.464,0
LEND_00146,-83.9044,53.5259,4.13,0.112,0.84,840,0.208,0
LEND_00147,-84.9732,143.7296,3.89,0.164,1.3,1300,0.319,0
LEND_00148,-89.4852,44.4619,4.1,0.118,0.63,630,0.173,0
LEND_00149,-87.2135,-132.7363,3.88,0.166,1.14,1140,0.29,0
LEND_00150,-80.9173,-68.511,3.92,0.157,0.64,640,0.195,0
LEND_00151,-87.6044,-107.3538,3.81,0.18,0.88,880,0.25,0
LEND_00152,-88.5511,147.1775,3.6,0.225,0.81,810,0.26,0
LEND_00153,-85.1055,93.744,3.89,0.164,0.84,840,0.235,0
LEND_00154,-80.1435,63.5034,4.18,0.1,2.14,2140,0.439,0
LEND_00155,-87.5794,-71.6521,4.05,0.129,0.37,370,0.132,0
LEND_00156,-83.2786,-113.7439,4.02,0.135,1.24,1240,0.293,0
LEND_00157,-82.3838,92.3224,3.95,0.15,1.5,1500,0.348,0
LEND_00158,-87.6236,-9.3031,3.74,0.195,1.56,1560,0.381,0
LEND_00159,-82.7178,-98.7158,3.62,0.222,1.73,1730,0.425,0
LEND_00160,-86.3222,41.9839,3.66,0.214,1.75,1750,0.425,0
LEND_00161,-83.6769,-165.4798,3.5,0.246,2.12,2120,0.509,0
LEND_00162,-83.6647,-62.5787,3.97,0.146,1.74,1740,0.389,0
LEND_00163,-84.6423,-11.3195,4.07,0.125,1.87,1870,0.403,0
LEND_00164,-89.0971,-126.735,3.69,0.207,1.31,1310,0.342,0
LEND_00165,-81.647,174.4756,3.56,0.233,1.55,1550,0.399,0
LEND_00166,-86.7922,-104.7249,3.74,0.197,1.21,1210,0.318,0
LEND_00167,-88.1348,-133.0729,3.7,0.203,0.83,830,0.253,0
LEND_00168,-89.5922,-106.7274,3.82,0.179,0.9,900,0.253,0
LEND_00169,-84.0911,96.862,3.68,0.208,0.99,990,0.284,0
LEND_00170,-83.2244,-26.818,3.74,0.196,0.95,950,0.271,0
LEND_00171,-89.8341,23.5497,4.14,0.111,1.31,1310,0.294,0
LEND_00172,-84.8791,-172.4367,3.73,0.197,0.77,770,0.238,0
LEND_00173,-87.735,-167.6047,4.05,0.129,1.28,1280,0.297,0
LEND_00174,-83.5483,-19.5028,3.94,0.153,2.04,2040,0.447,0
LEND_00175,-88.2563,113.9959,3.74,0.196,1.07,1070,0.293,0
LEND_00176,-83.0906,138.686,4.07,0.124,0.72,720,0.193,0
LEND_00177,-86.1326,-148.7856,3.92,0.158,0.96,960,0.253,0
LEND_00178,-80.6327,13.8107,3.51,0.246,1.97,1970,0.481,0
LEND_00179,-88.6248,148.7627,3.55,0.237,2.09,2090,0.498,0
LEND_00180,-86.5893,-40.3298,4.03,0.134,1.98,1980,0.427,0
LEND_00181,-88.8653,118.6437,3.81,0.18,0.85,850,0.245,0
LEND_00182,-80.7531,-131.8696,3.78,0.186,1.04,1040,0.282,0
LEND_00183,-81.2266,156.742,3.6,0.225,2.15,2150,0.504,0
LEND_00184,-87.4206,90.5124,3.61,0.224,0.92,920,0.279,0
LEND_00185,-83.4002,158.8804,4.06,0.127,0.56,560,0.165,0
LEND_00186,-81.8278,63.5822,4.08,0.123,0.84,840,0.214,0
LEND_00187,-84.448,-49.1746,3.89,0.163,2.13,2130,0.469,0
LEND_00188,-84.7035,157.7452,3.71,0.203,1.09,1090,0.3,0
LEND_00189,-87.5815,-80.796,4.15,0.107,2.07,2070,0.43,0
LEND_00190,-89.069,-60.4179,2.92,0.373,3.94,3940,0.903,1
LEND_00191,-81.0278,72.291,4.06,0.127,1.76,1760,0.384,0
LEND_00192,-80.9958,95.5139,3.5,0.247,0.48,480,0.211,0
LEND_00193,-83.669,154.5853,3.82,0.18,0.68,680,0.213,0
LEND_00194,-86.6097,-106.2711,4.11,0.116,1.47,1470,0.325,0
LEND_00195,-86.5079,107.2793,3.74,0.196,1.13,1130,0.304,0
LEND_00196,-82.7404,85.8766,4.01,0.138,1.57,1570,0.354,0
LEND_00197,-81.0289,-157.034,3.96,0.148,2.15,2150,0.465,0
LEND_00198,-81.1291,-40.5997,3.61,0.224,0.4,400,0.185,0
LEND_00199,-82.2012,-78.2044,4.04,0.131,0.66,660,0.185,0
LEND_00200,-83.5797,-70.3834,3.58,0.23,1.52,1520,0.392,0
LEND_00201,-89.1586,173.8609,4.01,0.138,2.0,2000,0.433,0
LEND_00202,-88.3837,51.3999,4.19,0.098,1.82,1820,0.38,0
LEND_00203,-81.0145,78.3634,4.17,0.103,1.18,1180,0.266,0
LEND_00204,-83.9357,171.5823,4.06,0.127,1.72,1720,0.376,0
LEND_00205,-89.908,-44.2074,3.87,0.167,0.7,700,0.211,0
LEND_00206,-88.9853,108.6625,3.97,0.146,0.33,330,0.133,0
LEND_00207,-83.365,-23.5689,4.01,0.138,1.38,1380,0.32,0
LEND_00208,-89.9494,133.0321,3.51,0.246,1.85,1850,0.459,0
LEND_00209,-88.3919,-114.9633,3.57,0.232,1.12,1120,0.32,0
LEND_00210,-84.5127,161.167,3.92,0.157,1.38,1380,0.33,0
LEND_00211,-83.081,-101.2422,3.5,0.246,1.1,1100,0.323,0
LEND_00212,-83.4804,-62.5606,4.14,0.11,1.28,1280,0.288,0
LEND_00213,-87.7573,92.2292,3.84,0.174,1.98,1980,0.447,0
LEND_00214,-82.8782,-38.2481,3.68,0.209,1.21,1210,0.324,0
LEND_00215,-87.6275,38.9561,3.78,0.188,0.31,310,0.15,0
LEND_00216,-86.746,-19.9535,4.1,0.119,1.82,1820,0.391,0
LEND_00217,-82.5351,87.2532,4.15,0.108,1.47,1470,0.321,0
LEND_00218,-83.5037,-97.8007,3.58,0.23,1.69,1690,0.422,0
LEND_00219,-81.5078,-158.9551,4.04,0.13,2.01,2010,0.431,0
LEND_00220,-83.4239,-72.0254,3.9,0.16,0.84,840,0.233,0
LEND_00221,-84.3169,-9.2489,3.91,0.159,1.26,1260,0.309,0
LEND_00222,-89.0633,-119.5128,4.05,0.13,1.44,1440,0.327,0
LEND_00223,-86.3228,-52.273,3.66,0.214,0.96,960,0.281,0
LEND_00224,-87.348,-36.0061,3.87,0.167,1.91,1910,0.431,0
LEND_00225,-87.5601,-159.3389,3.72,0.199,1.63,1630,0.396,0
LEND_00226,-80.2699,29.9906,3.57,0.233,1.69,1690,0.424,0
LEND_00227,-86.069,138.3636,3.57,0.231,1.84,1840,0.45,0
LEND_00228,-81.0795,-125.3726,3.6,0.227,0.79,790,0.257,0
LEND_00229,-83.6886,35.2109,3.93,0.155,1.72,1720,0.39,0
LEND_00230,-82.0519,59.3061,3.57,0.231,1.77,1770,0.438,0
LEND_00231,-84.9736,-29.0395,3.9,0.161,1.9,1900,0.426,0
LEND_00232,-84.231,72.3951,3.91,0.159,1.23,1230,0.303,0
LEND_00233,-85.0748,-32.1366,4.13,0.111,1.26,1260,0.285,0
LEND_00234,-88.0476,1.6694,3.94,0.153,0.49,490,0.166,0
LEND_00235,-82.7755,-177.3529,4.19,0.099,1.92,1920,0.399,0
LEND_00236,-87.1923,69.0192,3.52,0.243,1.31,1310,0.36,0
LEND_00237,-89.7568,58.0834,3.99,0.141,1.43,1430,0.331,0
LEND_00238,-83.5453,-166.1757,3.52,0.243,0.53,530,0.218,0
LEND_00239,-88.2289,-47.43,4.01,0.138,1.44,1440,0.331,0
LEND_00240,-80.5954,172.4515,3.77,0.189,0.38,380,0.164,0
LEND_00241,-80.4607,-28.5348,3.93,0.155,2.05,2050,0.45,0
LEND_00242,-80.8514,0.7003,3.72,0.201,1.94,1940,0.453,0
LEND_00243,-86.2984,147.5749,3.61,0.223,0.67,670,0.233,0
LEND_00244,-89.8454,78.2143,4.01,0.138,1.43,1430,0.329,0
LEND_00245,-80.7168,29.5452,4.13,0.111,1.45,1450,0.319,0
LEND_00246,-85.7182,107.2097,3.63,0.22,1.83,1830,0.443,0
LEND_00247,-80.3335,131.1719,4.14,0.109,1.74,1740,0.371,0
LEND_00248,-80.3638,-15.5203,3.6,0.226,2.19,2190,0.511,0
LEND_00249,-81.4699,-8.961,4.01,0.137,0.97,970,0.245,0
LEND_00250,-87.0555,-41.0217,4.17,0.103,0.54,540,0.15,0
LEND_00251,-86.149,168.0142,3.6,0.225,1.39,1390,0.365,0
LEND_00252,-81.4886,70.9799,3.8,0.182,1.75,1750,0.409,0
LEND_00253,-86.8308,-150.0397,3.74,0.197,0.84,840,0.251,0
LEND_00254,-88.3051,130.6655,3.77,0.189,0.75,750,0.231,0
LEND_00255,-84.432,-6.9984,4.03,0.134,1.82,1820,0.398,0
LEND_00256,-80.6385,-155.2486,3.96,0.148,1.73,1730,0.388,0
LEND_00257,-83.0397,17.8982,4.18,0.101,0.69,690,0.176,0
LEND_00258,-84.2994,-29.8209,3.63,0.219,1.95,1950,0.464,0
LEND_00259,-89.0282,135.9898,3.88,0.166,0.56,560,0.185,0
LEND_00260,-83.8499,-106.5619,3.81,0.18,0.51,510,0.183,0
LEND_00261,-80.0995,117.5273,4.14,0.109,0.97,970,0.231,0
LEND_00262,-88.5992,20.7679,3.51,0.246,1.98,1980,0.483,0
LEND_00263,-84.8167,-160.3403,4.19,0.098,1.62,1620,0.344,0
LEND_00264,-81.2263,169.8643,3.84,0.175,1.05,1050,0.278,0
LEND_00265,-82.5923,4.5415,3.94,0.153,0.6,600,0.186,0
LEND_00266,-83.0298,-75.2843,3.75,0.193,1.66,1660,0.398,0
LEND_00267,-82.9752,-11.0135,4.1,0.119,1.44,1440,0.321,0
LEND_00268,-86.4051,128.8288,3.89,0.163,2.18,2180,0.478,0
LEND_00269,-87.0641,-70.2349,3.96,0.148,1.75,1750,0.392,0
LEND_00270,-81.9064,-110.6365,3.95,0.15,0.49,490,0.164,0
LEND_00271,-81.8989,-133.5344,3.75,0.193,1.68,1680,0.402,0
LEND_00272,-81.3293,-72.7706,3.55,0.236,0.79,790,0.262,0
LEND_00273,-80.8676,100.8173,2.9,0.377,4.14,4140,0.941,1
LEND_00274,-84.8866,-10.2145,3.7,0.204,0.34,340,0.164,0
LEND_00275,-84.9848,-98.1066,4.09,0.12,0.75,750,0.196,0
LEND_00276,-82.017,-120.1734,3.93,0.156,1.25,1250,0.305,0
LEND_00277,-83.5004,-60.2174,3.75,0.194,0.45,450,0.179,0
LEND_00278,-82.9803,158.3728,3.92,0.158,0.95,950,0.252,0
LEND_00279,-82.0421,-56.5104,3.95,0.15,1.24,1240,0.301,0
LEND_00280,-81.0999,175.7247,3.99,0.141,1.15,1150,0.28,0
LEND_00281,-86.62,-5.317,4.08,0.124,1.18,1180,0.276,0
LEND_00282,-86.2442,-115.501,3.61,0.223,1.97,1970,0.47,0
LEND_00283,-89.0602,140.8104,4.16,0.105,1.26,1260,0.282,0
LEND_00284,-84.2172,-14.2721,3.79,0.185,2.09,2090,0.473,0
LEND_00285,-89.6406,75.4817,4.1,0.118,0.58,580,0.164,0
LEND_00286,-85.344,174.1362,3.65,0.214,0.83,830,0.258,0
LEND_00287,-84.5736,-161.9369,3.52,0.243,1.55,1550,0.403,0
LEND_00288,-87.1346,-145.19,3.9,0.161,0.84,840,0.233,0
LEND_00289,-84.0917,79.3644,3.73,0.198,0.96,960,0.274,0
LEND_00290,-89.695,-78.543,3.2,0.311,5.69,5690,0.98,1
LEND_00291,-89.6265,-113.6515,3.57,0.232,1.32,1320,0.356,0
LEND_00292,-81.774,-165.8297,2.89,0.378,5.46,5460,0.98,1
LEND_00293,-86.3981,-172.1352,3.53,0.241,1.78,1780,0.444,0
LEND_00294,-88.7294,98.8148,3.65,0.215,0.43,430,0.186,0
LEND_00295,-84.7776,-131.604,3.91,0.16,1.37,1370,0.329,0
LEND_00296,-82.3001,-11.6206,3.85,0.171,0.49,490,0.175,0
LEND_00297,-87.8418,38.1229,3.14,0.325,5.72,5720,0.98,1
LEND_00298,-83.7711,-25.7934,3.56,0.234,0.42,420,0.193,0
LEND_00299,-89.1465,-170.2416,3.66,0.212,2.01,2010,0.472,0
LEND_00300,-89.4832,102.0605,3.63,0.22,0.39,390,0.181,0
LEND_00301,-84.6865,-176.2152,4.02,0.135,1.28,1280,0.3,0
LEND_00302,-84.5936,94.2804,4.05,0.13,0.73,730,0.198,0
LEND_00303,-83.6257,141.5896,4.04,0.13,1.03,1030,0.252,0
LEND_00304,-82.7391,-24.1776,4.18,0.101,1.24,1240,0.276,0
LEND_00305,-80.2415,12.7953,4.12,0.114,1.16,1160,0.268,0
LEND_00306,-84.837,-8.286,3.85,0.172,1.72,1720,0.399,0
LEND_00307,-86.7704,-39.8849,2.78,0.402,5.04,5040,0.98,1
LEND_00308,-82.0481,139.4728,4.14,0.109,0.87,870,0.213,0
LEND_00309,-87.2917,141.8161,3.93,0.155,0.35,350,0.141,0
LEND_00310,-85.6103,-59.1061,3.71,0.203,2.0,2000,0.465,0
LEND_00311,-89.2154,41.4251,3.9,0.162,2.16,2160,0.474,0
LEND_00312,-89.7465,153.6867,4.19,0.098,1.12,1120,0.253,0
LEND_00313,-80.3735,166.3411,4.09,0.119,1.17,1170,0.272,0
LEND_00314,-81.6402,3.2253,3.7,0.205,0.57,570,0.206,0
LEND_00315,-83.0403,-16.9831,4.17,0.104,1.2,1200,0.27,0
LEND_00316,-85.9105,-79.67,4.19,0.1,0.88,880,0.21,0
LEND_00317,-88.2671,165.1939,3.66,0.213,2.19,2190,0.504,0
LEND_00318,-88.4356,-128.5869,4.13,0.112,0.65,650,0.174,0
LEND_00319,-87.4976,28.7386,4.12,0.114,1.02,1020,0.243,0
LEND_00320,-84.5077,-78.2819,3.53,0.241,1.47,1470,0.388,0
LEND_00321,-82.854,-79.557,3.97,0.146,0.96,960,0.248,0
LEND_00322,-83.398,-34.2113,3.71,0.201,1.2,1200,0.319,0
LEND_00323,-87.2007,179.5655,3.97,0.146,2.15,2150,0.464,0
LEND_00324,-80.4513,-160.2121,4.14,0.11,1.27,1270,0.286,0
LEND_00325,-82.621,28.2751,3.85,0.172,2.03,2030,0.455,0
LEND_00326,-84.4565,-150.274,3.79,0.185,0.38,380,0.162,0
LEND_00327,-83.8828,-124.3725,4.15,0.109,0.53,530,0.151,0
LEND_00328,-85.804,-21.7573,4.18,0.101,2.09,2090,0.43,0
LEND_00329,-87.5227,3.7656,3.54,0.238,0.54,540,0.217,0
LEND_00330,-86.4403,-86.8347,4.15,0.108,1.7,1700,0.363,0
LEND_00331,-82.4215,-66.0754,3.56,0.235,1.15,1150,0.327,0
LEND_00332,-89.8561,-148.6919,3.74,0.197,1.07,1070,0.293,0
LEND_00333,-88.8393,-70.8409,4.03,0.133,1.55,1550,0.348,0
LEND_00334,-89.54,167.961,3.11,0.331,4.17,4170,0.924,1
LEND_00335,-89.5927,160.0947,4.01,0.138,2.07,2070,0.445,0
LEND_00336,-81.4454,-59.4438,3.53,0.241,0.79,790,0.264,0
LEND_00337,-82.9634,25.5074,3.59,0.227,1.63,1630,0.41,0
LEND_00338,-85.2583,147.4543,4.16,0.106,0.95,950,0.226,0
LEND_00339,-89.0217,-177.7738,3.56,0.235,1.66,1660,0.419,0
LEND_00340,-85.0838,111.8461,3.55,0.235,0.57,570,0.221,0
LEND_00341,-85.2653,161.413,4.08,0.122,1.17,1170,0.273,0
LEND_00342,-88.268,-147.1227,3.95,0.151,0.65,650,0.194,0
LEND_00343,-85.6615,-121.8788,3.75,0.194,0.94,940,0.268,0
LEND_00344,-86.015,165.8687,3.62,0.222,1.66,1660,0.413,0
LEND_00345,-83.8415,13.5145,4.12,0.114,0.74,740,0.192,0
LEND_00346,-83.6491,-174.8892,2.84,0.389,4.01,4010,0.923,1
LEND_00347,-89.547,-87.2525,3.53,0.24,1.24,1240,0.345,0
LEND_00348,-86.2539,-18.0203,3.89,0.164,0.47,470,0.167,0
LEND_00349,-83.7414,69.4472,3.68,0.208,1.03,1030,0.291,0
LEND_00350,-84.9686,83.9377,4.08,0.122,1.95,1950,0.416,0
LEND_00351,-81.4351,178.3517,3.74,0.195,2.18,2180,0.494,0
LEND_00352,-83.4131,-76.496,4.0,0.14,1.0,1000,0.252,0
LEND_00353,-88.3707,13.7592,3.88,0.166,0.4,400,0.156,0
LEND_00354,-89.2943,11.9965,3.88,0.166,0.55,550,0.183,0
LEND_00355,-83.5758,-33.9677,4.1,0.118,1.8,1800,0.386,0
LEND_00356,-89.7349,-119.1017,3.83,0.176,1.55,1550,0.37,0
LEND_00357,-84.1422,171.8844,4.09,0.12,0.84,840,0.213,0
LEND_00358,-80.5977,127.1942,3.75,0.193,1.04,1040,0.285,0
LEND_00359,-84.2453,-0.6001,3.62,0.221,1.84,1840,0.445,0
LEND_00360,-86.1183,37.1684,3.82,0.179,1.08,1080,0.286,0
LEND_00361,-83.5671,-98.186,3.85,0.172,1.74,1740,0.403,0
LEND_00362,-85.4175,15.7633,3.83,0.175,0.86,860,0.244,0
LEND_00363,-84.5438,70.1892,4.07,0.126,1.68,1680,0.368,0
LEND_00364,-80.5854,5.4601,3.9,0.162,1.19,1190,0.298,0
LEND_00365,-86.139,176.5027,4.12,0.114,1.34,1340,0.3,0
LEND_00366,-80.3881,40.083,3.86,0.17,1.44,1440,0.347,0
LEND_00367,-80.9465,-46.4495,3.66,0.213,1.16,1160,0.318,0
LEND_00368,-88.0421,97.9747,2.74,0.41,3.93,3930,0.92,1
LEND_00369,-89.3064,-118.6335,4.11,0.117,0.8,800,0.204,0
LEND_00370,-88.9922,-41.5743,3.54,0.239,2.17,2170,0.514,0
LEND_00371,-89.8178,-55.0948,3.58,0.23,2.02,2020,0.482,0
LEND_00372,-89.0556,-24.5494,3.54,0.238,1.3,1300,0.355,0
LEND_00373,-83.1699,101.4407,3.8,0.184,0.37,370,0.159,0
LEND_00374,-89.2881,-5.6977,3.87,0.167,0.62,620,0.196,0
LEND_00375,-86.8102,105.8452,3.51,0.244,1.92,1920,0.471,0
LEND_00376,-81.5512,27.536,3.86,0.17,2.07,2070,0.461,0
LEND_00377,-89.7673,-56.855,3.78,0.188,0.61,610,0.205,0
LEND_00378,-81.8553,111.5923,4.04,0.131,1.7,1700,0.375,0
LEND_00379,-87.1815,-94.2157,4.08,0.122,1.48,1480,0.33,0
LEND_00380,-88.8184,-99.2221,3.98,0.144,0.88,880,0.232,0
LEND_00381,-83.0326,1.6211,3.83,0.176,1.13,1130,0.293,0
LEND_00382,-83.7106,-86.0943,3.65,0.215,1.59,1590,0.396,0
LEND_00383,-81.2253,-176.7287,4.09,0.12,0.49,490,0.149,0
LEND_00384,-82.6493,53.3871,3.74,0.196,0.66,660,0.218,0
LEND_00385,-81.9652,3.9938,3.75,0.194,0.36,360,0.162,0
LEND_00386,-87.1797,-19.6136,4.14,0.109,2.01,2010,0.42,0
LEND_00387,-88.2256,168.1087,4.18,0.1,1.39,1390,0.303,0
LEND_00388,-82.4939,25.6317,4.13,0.112,1.29,1290,0.291,0
LEND_00389,-81.9317,130.8354,4.2,0.097,1.64,1640,0.347,0
LEND_00390,-80.0949,-129.7979,4.11,0.117,2.18,2180,0.455,0
LEND_00391,-85.8738,24.9143,3.99,0.141,0.63,630,0.185,0
LEND_00392,-86.2798,132.4727,3.71,0.203,0.55,550,0.202,0
LEND_00393,-82.2359,29.9181,4.17,0.104,0.86,860,0.208,0
LEND_00394,-86.592,78.4851,4.11,0.115,2.02,2020,0.425,0
LEND_00395,-80.6924,-46.0643,3.67,0.211,1.08,1080,0.302,0
LEND_00396,-81.4159,-146.7182,3.84,0.174,1.81,1810,0.416,0
LEND_00397,-85.7101,-15.1559,2.83,0.392,5.39,5390,0.98,1
LEND_00398,-82.4913,-37.9874,4.17,0.104,1.24,1240,0.277,0
LEND_00399,-82.4546,132.1417,3.9,0.161,0.54,540,0.179,0
LEND_00400,-88.9688,-92.1617,3.67,0.21,1.08,1080,0.302,0
LEND_00401,-80.9745,168.0243,3.7,0.203,0.8,800,0.247,0
LEND_00402,-84.9475,164.9297,4.19,0.1,1.34,1340,0.293,0
LEND_00403,-81.7354,-90.8526,3.93,0.155,1.78,1780,0.401,0
LEND_00404,-86.7995,-54.7013,3.79,0.184,2.08,2080,0.47,0
LEND_00405,-81.0448,142.4001,3.85,0.172,0.84,840,0.239,0
LEND_00406,-86.108,167.984,3.57,0.232,1.71,1710,0.427,0
LEND_00407,-89.8916,-20.3619,3.55,0.236,1.98,1980,0.478,0
LEND_00408,-80.9462,-64.4411,3.91,0.158,0.54,540,0.177,0
LEND_00409,-89.0871,9.3938,3.86,0.17,1.41,1410,0.341,0
LEND_00410,-86.8069,67.5969,3.75,0.193,1.46,1460,0.362,0
LEND_00411,-80.4994,-81.5492,3.9,0.162,0.82,820,0.23,0
LEND_00412,-80.4939,85.1303,3.55,0.236,0.34,340,0.18,0
LEND_00413,-84.2656,-161.4034,4.16,0.105,0.79,790,0.196,0
LEND_00414,-83.6816,-162.254,3.71,0.203,1.41,1410,0.358,0
LEND_00415,-85.5155,-40.9364,3.55,0.237,0.67,670,0.24,0
LEND_00416,-87.0679,-52.7497,3.62,0.222,0.85,850,0.265,0
LEND_00417,-86.7134,-66.372,3.57,0.233,1.65,1650,0.416,0
LEND_00418,-83.2748,-3.2329,3.63,0.22,1.06,1060,0.303,0
LEND_00419,-82.4763,-64.5359,3.79,0.185,0.42,420,0.169,0
LEND_00420,-82.0842,-110.7871,3.21,0.309,4.13,4130,0.905,1
LEND_00421,-82.1038,-68.591,3.69,0.206,2.2,2200,0.503,0
LEND_00422,-89.0879,170.9655,3.81,0.182,0.8,800,0.236,0
LEND_00423,-85.0558,-31.9992,4.15,0.107,0.8,800,0.199,0
LEND_00424,-89.4244,-19.9034,3.71,0.203,0.62,620,0.214,0
LEND_00425,-84.5047,27.5562,4.06,0.128,0.82,820,0.213,0
LEND_00426,-85.5847,174.0027,3.61,0.224,1.39,1390,0.365,0
LEND_00427,-81.123,-93.0235,3.62,0.22,2.13,2130,0.498,0
LEND_00428,-86.4908,65.2616,3.82,0.179,1.45,1450,0.353,0
LEND_00429,-88.8293,77.7545,3.11,0.33,3.83,3830,0.862,1
LEND_00430,-88.5701,38.6368,4.13,0.111,1.04,1040,0.245,0
LEND_00431,-82.3849,-148.1118,3.54,0.24,0.35,350,0.183,0
LEND_00432,-83.8178,63.674,3.92,0.157,0.3,300,0.133,0
LEND_00433,-88.9888,-156.9259,3.19,0.314,4.22,4220,0.924,1
LEND_00434,-89.1589,34.6114,3.55,0.237,1.23,1230,0.342,0
LEND_00435,-82.9903,86.2492,4.01,0.137,0.36,360,0.134,0
LEND_00436,-89.2724,-104.0508,3.83,0.177,0.84,840,0.241,0
LEND_00437,-81.7814,122.9839,4.01,0.138,0.98,980,0.247,0
LEND_00438,-82.9376,-169.0726,4.08,0.123,1.79,1790,0.387,0
LEND_00439,-89.1865,123.7726,3.73,0.199,1.13,1130,0.305,0
LEND_00440,-89.1516,-14.2815,3.84,0.174,1.8,1800,0.414,0
LEND_00441,-80.1336,-101.6683,3.68,0.208,1.5,1500,0.377,0
LEND_00442,-86.2573,-131.8399,3.64,0.217,0.36,360,0.174,0
LEND_00443,-86.2936,163.1906,3.5,0.247,2.14,2140,0.513,0
LEND_00444,-81.872,-153.8404,3.14,0.324,4.61,4610,0.98,1
LEND_00445,-80.5275,-108.3264,3.81,0.181,0.82,820,0.24,0
LEND_00446,-80.14,-54.784,3.51,0.245,1.84,1840,0.457,0
LEND_00447,-82.4662,43.2845,3.51,0.246,0.66,660,0.243,0
LEND_00448,-86.2374,16.1284,3.7,0.204,1.06,1060,0.295,0
LEND_00449,-89.165,-134.7683,3.51,0.245,1.94,1940,0.475,0
LEND_00450,-82.2285,-75.6979,3.76,0.191,1.51,1510,0.37,0
LEND_00451,-84.416,-94.0494,3.54,0.238,0.87,870,0.277,0
LEND_00452,-85.7578,-103.1246,3.53,0.241,1.52,1520,0.397,0
LEND_00453,-80.9365,-31.988,3.97,0.147,1.84,1840,0.408,0
LEND_00454,-88.888,73.4513,4.13,0.111,1.07,1070,0.25,0
LEND_00455,-85.0737,-101.7169,3.79,0.186,1.39,1390,0.346,0
LEND_00456,-89.8865,-47.9956,4.09,0.121,2.18,2180,0.457,0
LEND_00457,-85.3134,-39.2697,3.52,0.243,2.13,2130,0.509,0
LEND_00458,-89.437,171.5244,4.04,0.13,1.27,1270,0.296,0
LEND_00459,-88.8118,163.6799,3.54,0.238,0.48,480,0.206,0
LEND_00460,-88.8247,108.0495,4.09,0.121,1.63,1630,0.357,0
LEND_00461,-83.5079,-93.0028,4.12,0.114,0.81,810,0.205,0
LEND_00462,-82.5396,-155.5066,4.05,0.129,1.57,1570,0.35,0
LEND_00463,-84.1663,-65.9145,4.07,0.124,0.97,970,0.238,0
LEND_00464,-80.3783,-83.954,3.89,0.163,1.67,1670,0.385,0
LEND_00465,-86.2513,2.1333,3.69,0.207,1.0,1000,0.286,0
LEND_00466,-87.1429,99.982,3.95,0.15,2.09,2090,0.455,0
LEND_00467,-81.314,128.9963,3.81,0.181,0.56,560,0.192,0
LEND_00468,-87.764,124.1511,3.5,0.247,0.43,430,0.201,0
LEND_00469,-80.3678,-50.5168,3.83,0.176,1.78,1780,0.411,0
LEND_00470,-89.8785,67.4044,3.96,0.149,1.06,1060,0.267,0
LEND_00471,-80.3012,-67.3797,3.51,0.245,1.18,1180,0.337,0
LEND_00472,-89.5684,-158.074,3.93,0.154,2.07,2070,0.453,0
LEND_00473,-81.0886,72.5635,3.96,0.149,1.42,1420,0.333,0
LEND_00474,-84.723,-176.4621,3.61,0.224,1.55,1550,0.394,0
LEND_00475,-80.0704,-32.6943,3.8,0.182,0.34,340,0.153,0
LEND_00476,-89.262,-61.4235,4.18,0.102,1.57,1570,0.337,0
LEND_00477,-84.4615,69.6159,4.12,0.114,1.04,1040,0.246,0
LEND_00478,-80.307,95.8484,3.79,0.185,1.17,1170,0.305,0
LEND_00479,-84.769,-70.5259,3.74,0.195,1.84,1840,0.432,0
LEND_00480,-83.706,112.1857,3.59,0.229,1.3,1300,0.351,0
LEND_00481,-83.0425,-74.19,3.52,0.242,2.18,2180,0.517,0
LEND_00482,-85.4546,-19.3225,3.71,0.203,1.81,1810,0.43,0
LEND_00483,-83.7244,81.7267,4.16,0.106,1.68,1680,0.358,0
LEND_00484,-84.1569,69.4513,4.17,0.103,1.42,1420,0.31,0
LEND_00485,-80.9884,175.4527,4.07,0.125,1.08,1080,0.259,0
LEND_00486,-89.5455,-98.942,3.75,0.194,0.4,400,0.17,0
LEND_00487,-87.1904,58.4344,3.6,0.226,0.34,340,0.175,0
LEND_00488,-80.4959,39.4855,3.92,0.158,0.39,390,0.15,0
LEND_00489,-81.0974,149.4354,3.95,0.15,2.12,2120,0.46,0
LEND_00490,-85.4434,-123.7096,3.01,0.352,4.85,4850,0.98,1
LEND_00491,-83.7987,90.6473,3.98,0.143,1.63,1630,0.368,0
LEND_00492,-87.2262,24.5767,4.02,0.135,1.43,1430,0.327,0
LEND_00493,-88.1188,-81.1203,4.05,0.129,1.39,1390,0.317,0
LEND_00494,-85.363,-9.2034,3.85,0.172,1.4,1400,0.34,0
LEND_00495,-86.4665,-59.8404,4.05,0.128,0.87,870,0.222,0
LEND_00496,-84.1634,28.5528,3.52,0.243,1.98,1980,0.482,0
LEND_00497,-89.2227,140.0402,3.98,0.145,2.05,2050,0.445,0
LEND_00498,-80.2561,24.9498,3.66,0.212,1.52,1520,0.382,0
LEND_00499,-80.1379,47.4201,3.69,0.207,1.94,1940,0.456,0
LEND_00500,-83.0184,6.7492,3.56,0.234,0.41,410,0.191,0
LEND_00501,-84.639,-161.5804,3.63,0.218,0.49,490,0.198,0
LEND_00502,-86.9047,-96.1709,3.14,0.325,4.52,4520,0.98,1
LEND_00503,-81.862,-2.8794,3.79,0.185,1.91,1910,0.44,0
LEND_00504,-83.1527,-68.3153,4.15,0.108,0.9,900,0.217,0
LEND_00505,-88.3738,-114.5651,3.61,0.223,1.34,1340,0.355,0
LEND_00506,-80.8907,1.4878,3.64,0.217,0.32,320,0.166,0
LEND_00507,-81.7746,-63.7885,3.89,0.163,2.17,2170,0.476,0
LEND_00508,-80.502,-87.0812,3.74,0.195,1.76,1760,0.417,0
LEND_00509,-82.7428,-12.9652,3.95,0.15,0.99,990,0.255,0
LEND_00510,-83.8658,-132.0177,3.8,0.184,2.17,2170,0.486,0
LEND_00511,-85.8176,153.9885,4.07,0.125,0.48,480,0.15,0
LEND_00512,-80.6727,132.3728,3.8,0.182,1.18,1180,0.306,0
LEND_00513,-81.3394,74.7434,3.9,0.161,0.41,410,0.155,0
LEND_00514,-89.5478,-141.763,3.72,0.199,0.94,940,0.27,0
LEND_00515,-89.7363,99.3158,3.99,0.141,0.72,720,0.202,0
LEND_00516,-86.2354,110.8646,3.96,0.149,0.9,900,0.238,0
LEND_00517,-81.8945,96.3953,3.78,0.188,2.1,2100,0.476,0
LEND_00518,-80.1272,-138.9723,3.69,0.206,1.11,1110,0.305,0
LEND_00519,-88.4958,51.8069,3.93,0.155,0.92,920,0.245,0
LEND_00520,-84.0587,120.3569,4.16,0.105,1.52,1520,0.329,0
LEND_00521,-86.1911,27.8472,3.59,0.227,1.6,1600,0.405,0
LEND_00522,-80.3009,52.7067,4.06,0.127,2.17,2170,0.458,0
LEND_00523,-81.5788,-14.9891,3.88,0.166,1.34,1340,0.326,0
LEND_00524,-81.6167,10.3346,3.87,0.168,1.73,1730,0.399,0
LEND_00525,-85.3131,-167.6243,4.17,0.103,1.03,1030,0.239,0
LEND_00526,-85.8518,50.0267,3.92,0.156,0.62,620,0.191,0
LEND_00527,-87.2659,-150.679,4.08,0.122,1.12,1120,0.265,0
LEND_00528,-89.4362,-23.3947,3.86,0.17,1.1,1100,0.285,0
LEND_00529,-81.3528,-74.6442,3.67,0.21,1.1,1100,0.305,0
LEND_00530,-81.871,16.3541,3.99,0.143,1.62,1620,0.366,0
LEND_00531,-80.0028,-131.9701,4.15,0.108,1.07,1070,0.249,0
LEND_00532,-80.0336,68.9916,4.09,0.121,2.11,2110,0.444,0
LEND_00533,-84.4457,106.2042,3.64,0.217,2.17,2170,0.503,0
LEND_00534,-82.3101,-121.1924,3.72,0.2,1.29,1290,0.334,0
LEND_00535,-80.5523,-142.4473,3.86,0.17,1.36,1360,0.332,0
LEND_00536,-81.5035,-127.6144,3.9,0.161,1.07,1070,0.275,0
LEND_00537,-87.5265,135.7659,3.64,0.218,0.98,980,0.287,0
LEND_00538,-85.4946,10.1481,3.66,0.213,2.17,2170,0.501,0
LEND_00539,-88.7084,-11.786,4.03,0.133,0.38,380,0.136,0
LEND_00540,-80.4595,-141.5837,4.01,0.137,1.08,1080,0.265,0
LEND_00541,-83.9383,53.8402,4.09,0.121,0.59,590,0.168,0
LEND_00542,-87.7136,132.4799,4.15,0.107,1.68,1680,0.359,0
LEND_00543,-83.283,118.1469,3.72,0.201,0.67,670,0.222,0
LEND_00544,-83.8187,45.3797,4.1,0.118,1.98,1980,0.419,0
LEND_00545,-86.4184,-152.8997,3.97,0.147,1.01,1010,0.257,0
LEND_00546,-88.8644,-139.5371,4.17,0.103,2.04,2040,0.422,0
LEND_00547,-83.2843,-162.2488,3.69,0.206,2.17,2170,0.498,0
LEND_00548,-84.7969,-87.3075,3.69,0.207,1.77,1770,0.425,0
LEND_00549,-82.2768,-131.1619,3.99,0.141,1.48,1480,0.34,0
LEND_00550,-84.7984,-86.3827,4.15,0.108,0.58,580,0.159,0
LEND_00551,-81.4782,-41.3791,4.08,0.123,2.07,2070,0.438,0
LEND_00552,-84.4809,159.4738,4.01,0.138,1.78,1780,0.393,0
LEND_00553,-84.3906,39.7354,3.77,0.189,0.85,850,0.249,0
LEND_00554,-81.2335,120.5906,4.0,0.139,1.19,1190,0.286,0
LEND_00555,-85.9652,75.7265,4.06,0.127,0.43,430,0.142,0
LEND_00556,-88.6598,-139.4989,4.03,0.134,1.55,1550,0.349,0
LEND_00557,-89.7122,84.9313,3.97,0.145,0.54,540,0.171,0
LEND_00558,-82.4486,-80.9644,3.53,0.24,1.54,1540,0.4,0
LEND_00559,-83.7969,50.0788,3.96,0.148,1.58,1580,0.361,0
LEND_00560,-82.9592,-57.2537,3.83,0.175,0.92,920,0.255,0
LEND_00561,-87.8704,179.162,4.17,0.103,2.1,2100,0.433,0
LEND_00562,-88.6363,-85.1215,3.93,0.156,1.78,1780,0.402,0
LEND_00563,-89.8546,-79.513,3.93,0.156,1.24,1240,0.303,0
LEND_00564,-86.4941,155.042,4.2,0.098,2.05,2050,0.422,0
LEND_00565,-84.1008,-171.128,3.57,0.233,1.93,1930,0.468,0
LEND_00566,-86.0776,70.808,2.8,0.397,5.62,5620,0.98,1
LEND_00567,-85.6253,81.1175,3.96,0.149,0.59,590,0.182,0
LEND_00568,-80.9584,121.0963,3.72,0.2,1.24,1240,0.325,0
LEND_00569,-86.5174,170.7982,3.74,0.195,1.94,1940,0.45,0
LEND_00570,-84.8601,171.2167,4.12,0.113,1.46,1460,0.322,0
LEND_00571,-82.1635,-156.5004,3.91,0.16,1.34,1340,0.324,0
LEND_00572,-86.0346,115.8622,3.57,0.232,2.11,2110,0.5,0
LEND_00573,-83.7791,52.6716,3.72,0.201,0.33,330,0.16,0
LEND_00574,-81.3764,53.0432,3.55,0.236,0.32,320,0.176,0
LEND_00575,-80.5048,-133.794,3.89,0.164,2.0,2000,0.445,0
LEND_00576,-88.5293,54.0674,3.62,0.221,0.37,370,0.178,0
LEND_00577,-80.7341,173.6937,3.08,0.338,5.49,5490,0.98,1
LEND_00578,-85.0788,148.2547,3.9,0.16,2.06,2060,0.455,0
LEND_00579,-87.4176,-21.913,3.54,0.238,1.61,1610,0.412,0
LEND_00580,-85.4086,-165.6187,3.71,0.202,1.53,1530,0.379,0
LEND_00581,-80.1997,-49.5743,3.93,0.155,1.55,1550,0.359,0
LEND_00582,-85.0738,117.5005,3.73,0.197,0.9,900,0.262,0
LEND_00583,-86.7125,72.5397,3.86,0.17,1.31,1310,0.323,0
LEND_00584,-83.666,-14.6363,4.14,0.11,1.5,1500,0.328,0
LEND_00585,-87.5985,-160.1634,3.75,0.195,0.88,880,0.257,0
LEND_00586,-89.2414,-26.3179,3.74,0.197,1.81,1810,0.427,0
LEND_00587,-88.7112,-11.151,4.07,0.124,0.91,910,0.227,0
LEND_00588,-88.7195,154.28,3.72,0.199,0.44,440,0.18,0
LEND_00589,-88.481,50.791,3.55,0.236,0.68,680,0.241,0
LEND_00590,-88.6117,-67.805,3.63,0.22,1.08,1080,0.306,0
LEND_00591,-83.5913,9.1146,4.16,0.104,2.03,2030,0.421,0
LEND_00592,-88.1812,-156.2201,4.15,0.107,1.09,1090,0.252,0
LEND_00593,-86.5433,170.1246,3.66,0.213,0.47,470,0.192,0
LEND_00594,-81.0321,-50.3784,3.89,0.164,0.67,670,0.204,0
LEND_00595,-85.2604,-7.9678,3.6,0.227,1.33,1330,0.355,0
LEND_00596,-83.3244,-52.0978,3.97,0.146,0.64,640,0.189,0
LEND_00597,-88.2768,65.7042,3.63,0.219,0.42,420,0.186,0
LEND_00598,-88.0771,58.4036,3.53,0.24,1.66,1660,0.422,0
LEND_00599,-89.5913,77.516,4.08,0.123,1.79,1790,0.387,0
LEND_00600,-88.3106,-83.4684,2.9,0.376,5.4,5400,0.98,1
LEND_00601,-87.2141,-66.3593,3.58,0.231,1.9,1900,0.461,0
LEND_00602,-88.2299,-134.9096,4.08,0.122,1.02,1020,0.246,0
LEND_00603,-89.113,55.9836,4.03,0.133,1.7,1700,0.375,0
LEND_00604,-88.7936,-165.673,3.98,0.144,1.41,1410,0.329,0
LEND_00605,-85.3922,35.1656,4.14,0.11,0.34,340,0.117,0
LEND_00606,-87.9367,133.0905,3.84,0.174,1.06,1060,0.28,0
LEND_00607,-86.3573,140.6996,3.59,0.228,0.4,400,0.187,0
LEND_00608,-84.9658,-18.3464,3.54,0.238,0.46,460,0.203,0
LEND_00609,-83.0961,-14.6507,3.72,0.199,0.41,410,0.174,0
LEND_00610,-89.6069,-152.2911,3.56,0.234,2.13,2130,0.504,0
LEND_00611,-82.0059,61.4754,3.87,0.167,1.9,1900,0.429,0
LEND_00612,-83.721,115.6534,3.51,0.245,1.13,1130,0.328,0
LEND_00613,-89.1824,-91.9242,3.81,0.181,0.77,770,0.23,0
LEND_00614,-81.2642,-28.3317,3.62,0.22,0.44,440,0.19,0
LEND_00615,-80.7913,121.9822,3.76,0.192,1.12,1120,0.3,0
LEND_00616,-89.3892,135.7634,3.97,0.146,1.44,1440,0.335,0
LEND_00617,-87.2312,-92.4552,3.75,0.194,1.81,1810,0.426,0
LEND_00618,-81.938,18.2054,3.74,0.196,0.4,400,0.171,0
LEND_00619,-82.5174,-110.7025,4.19,0.098,1.09,1090,0.247,0
LEND_00620,-88.1548,-143.3236,4.0,0.139,2.16,2160,0.462,0
LEND_00621,-87.9065,148.0034,3.01,0.352,5.25,5250,0.98,1
LEND_00622,-86.2953,115.3827,3.91,0.16,1.06,1060,0.273,0
LEND_00623,-85.1548,93.6126,3.93,0.154,0.82,820,0.226,0
LEND_00624,-83.8175,-162.4441,3.52,0.244,0.55,550,0.222,0
LEND_00625,-86.3109,123.7424,3.56,0.235,1.89,1890,0.461,0
LEND_00626,-85.3747,-22.3041,3.95,0.15,1.62,1620,0.369,0
LEND_00627,-82.5253,-56.7378,3.76,0.192,1.08,1080,0.293,0
LEND_00628,-89.6332,16.7315,3.54,0.239,1.0,1000,0.301,0
LEND_00629,-87.4756,-147.1128,3.71,0.203,1.87,1870,0.441,0
LEND_00630,-82.8665,92.3928,3.59,0.228,0.47,470,0.199,0
LEND_00631,-81.0479,29.6766,4.14,0.109,0.58,580,0.16,0
LEND_00632,-84.8832,-112.8276,3.64,0.217,2.02,2020,0.476,0
LEND_00633,-84.6789,-112.2364,3.6,0.226,1.85,1850,0.449,0
LEND_00634,-88.9283,-113.6705,3.94,0.153,1.77,1770,0.398,0
LEND_00635,-85.5259,-159.4791,3.87,0.169,1.49,1490,0.355,0
LEND_00636,-84.6738,31.6074,3.9,0.161,0.86,860,0.237,0
LEND_00637,-87.5753,122.5253,3.81,0.182,2.08,2080,0.469,0
LEND_00638,-87.3076,-173.7006,3.83,0.177,1.23,1230,0.312,0
LEND_00639,-86.2272,-162.3583,4.05,0.13,0.83,830,0.216,0
LEND_00640,-89.7993,26.1973,3.65,0.214,0.99,990,0.287,0
LEND_00641,-86.7792,115.0184,3.78,0.188,0.33,330,0.154,0
LEND_00642,-87.8855,-62.374,4.17,0.103,0.78,780,0.193,0
LEND_00643,-86.725,-54.1388,3.63,0.219,0.66,660,0.229,0
LEND_00644,-88.8024,34.6847,3.71,0.203,0.56,560,0.203,0
LEND_00645,-81.0947,-81.2834,3.63,0.218,0.36,360,0.175,0
LEND_00646,-84.0641,-170.421,3.51,0.244,0.73,730,0.255,0
LEND_00647,-83.209,84.6823,3.69,0.207,0.5,500,0.194,0
LEND_00648,-82.1083,45.234,3.53,0.24,0.39,390,0.191,0
LEND_00649,-85.0156,29.0722,3.61,0.224,0.56,560,0.214,0
LEND_00650,-89.1308,87.0063,2.81,0.397,3.87,3870,0.902,1
LEND_00651,-84.6289,63.0831,3.51,0.244,1.09,1090,0.32,0
LEND_00652,-84.1316,-105.8825,4.03,0.134,1.41,1410,0.323,0
LEND_00653,-82.5456,-53.1068,4.06,0.128,0.91,910,0.229,0
LEND_00654,-85.6834,-134.6003,3.79,0.185,0.57,570,0.196,0
LEND_00655,-88.7242,-133.2515,3.03,0.348,5.63,5630,0.98,1
LEND_00656,-87.1622,63.4305,3.98,0.145,1.28,1280,0.305,0
LEND_00657,-86.3692,129.096,4.02,0.135,1.71,1710,0.379,0
LEND_00658,-83.5408,166.5837,3.19,0.314,3.72,3720,0.833,1
LEND_00659,-84.2922,46.205,4.09,0.121,0.84,840,0.213,0
LEND_00660,-86.439,-113.7235,4.16,0.105,1.36,1360,0.3,0
LEND_00661,-80.1348,-141.9659,3.67,0.212,1.44,1440,0.368,0
LEND_00662,-83.9423,112.6263,3.98,0.144,0.97,970,0.248,0
LEND_00663,-87.6277,28.3523,4.02,0.135,1.57,1570,0.353,0
LEND_00664,-88.9822,42.5826,3.71,0.201,1.8,1800,0.428,0
LEND_00665,-88.4714,101.3264,3.83,0.176,0.99,990,0.268,0
LEND_00666,-87.5404,73.1798,3.57,0.233,0.33,330,0.176,0
LEND_00667,-88.3932,120.405,3.62,0.221,0.96,960,0.285,0
LEND_00668,-88.1343,-159.763,3.54,0.238,0.52,520,0.214,0
LEND_00669,-87.149,89.1074,3.89,0.163,0.6,600,0.191,0
LEND_00670,-88.2663,126.307,3.94,0.153,1.0,1000,0.258,0
LEND_00671,-81.0323,-76.9914,4.14,0.109,0.69,690,0.18,0
LEND_00672,-89.1977,50.561,3.88,0.166,2.08,2080,0.461,0
LEND_00673,-84.7549,-66.9017,3.68,0.208,1.54,1540,0.384,0
LEND_00674,-85.896,164.8696,3.54,0.238,1.28,1280,0.352,0
LEND_00675,-80.1762,-167.9675,4.12,0.114,0.32,320,0.115,0
LEND_00676,-88.8796,28.7254,3.84,0.175,0.5,500,0.179,0
LEND_00677,-86.0214,-120.0587,4.02,0.136,1.8,1800,0.395,0
LEND_00678,-80.3053,76.3993,3.51,0.245,1.04,1040,0.312,0
LEND_00679,-81.3449,-116.6795,3.84,0.174,0.39,390,0.158,0
LEND_00680,-81.8293,-95.262,3.73,0.198,1.87,1870,0.439,0
LEND_00681,-87.421,-2.0265,3.52,0.243,0.88,880,0.281,0
LEND_00682,-88.2911,149.3406,4.04,0.131,1.03,1030,0.253,0
LEND_00683,-83.3136,-103.7828,3.86,0.17,2.15,2150,0.476,0
LEND_00684,-80.7062,-128.0736,3.73,0.197,0.33,330,0.159,0
LEND_00685,-84.4324,93.2317,4.06,0.126,1.67,1670,0.367,0
LEND_00686,-84.2839,0.223,3.81,0.18,2.1,2100,0.472,0
LEND_00687,-87.2002,148.2426,3.5,0.247,0.42,420,0.2,0
LEND_00688,-82.3051,-127.2188,4.16,0.105,1.95,1950,0.407,0
LEND_00689,-88.1296,52.534,3.68,0.209,1.09,1090,0.303,0
LEND_00690,-86.7632,-96.1635,4.08,0.122,1.97,1970,0.419,0
LEND_00691,-85.7456,-123.5662,4.07,0.124,0.89,890,0.224,0
LEND_00692,-84.9239,66.0346,3.61,0.223,2.17,2170,0.506,0
LEND_00693,-87.5759,33.7265,3.83,0.176,1.53,1530,0.366,0
LEND_00694,-88.8516,91.7379,3.53,0.241,1.49,1490,0.392,0
LEND_00695,-83.8938,-68.5935,3.75,0.194,1.83,1830,0.43,0
LEND_00696,-87.1137,-18.7302,4.01,0.137,1.13,1130,0.274,0
LEND_00697,-84.1876,-34.0302,3.67,0.212,0.79,790,0.249,0
LEND_00698,-88.4564,174.2722,3.58,0.23,0.8,800,0.26,0
LEND_00699,-85.1886,-74.7904,3.85,0.171,0.93,930,0.255,0
LEND_00700,-84.6741,-73.8658,3.88,0.166,1.47,1470,0.351,0
LEND_00701,-89.4818,-52.3626,3.97,0.146,1.89,1890,0.416,0
LEND_00702,-86.634,23.2539,4.03,0.133,1.25,1250,0.294,0
LEND_00703,-88.6559,-89.1638,3.99,0.143,1.07,1070,0.266,0
LEND_00704,-89.3663,149.5044,4.09,0.12,1.81,1810,0.389,0
LEND_00705,-80.1004,-84.3532,3.66,0.214,0.85,850,0.261,0
LEND_00706,-86.7765,142.4937,3.9,0.162,1.61,1610,0.373,0
LEND_00707,-81.9013,-142.749,3.75,0.193,0.5,500,0.187,0
LEND_00708,-87.4536,56.3626,4.17,0.102,0.52,520,0.146,0
LEND_00709,-83.185,146.5148,3.81,0.181,1.52,1520,0.367,0
LEND_00710,-82.3977,-119.2502,4.17,0.103,0.46,460,0.135,0
LEND_00711,-84.0436,168.5977,4.04,0.132,0.59,590,0.173,0
LEND_00712,-85.2842,-16.962,4.0,0.139,1.49,1490,0.34,0
LEND_00713,-85.8816,160.4574,3.84,0.173,1.13,1130,0.292,0
LEND_00714,-86.5113,63.6552,3.81,0.181,1.37,1370,0.339,0
LEND_00715,-80.7047,-71.4287,3.87,0.168,2.16,2160,0.477,0
LEND_00716,-81.6938,-112.2111,3.71,0.203,1.5,1500,0.374,0
LEND_00717,-80.3497,-70.6554,4.13,0.111,1.42,1420,0.314,0
LEND_00718,-88.757,-146.5137,4.06,0.128,1.02,1020,0.249,0
LEND_00719,-82.6913,-128.2075,4.06,0.127,1.5,1500,0.336,0
LEND_00720,-80.6166,-142.3222,3.8,0.182,0.32,320,0.149,0
LEND_00721,-88.1877,-27.7403,3.55,0.237,1.36,1360,0.366,0
LEND_00722,-89.335,106.4082,3.98,0.144,0.43,430,0.15,0
LEND_00723,-82.5888,-129.1019,3.76,0.191,0.72,720,0.226,0
LEND_00724,-84.2553,-133.0846,4.11,0.116,1.37,1370,0.307,0
LEND_00725,-81.5817,51.6344,4.05,0.13,1.57,1570,0.35,0
LEND_00726,-88.6023,-109.0141,3.6,0.225,1.03,1030,0.3,0
LEND_00727,-82.0473,-144.8604,3.92,0.157,1.1,1100,0.278,0
LEND_00728,-87.9837,-119.9345,3.01,0.353,5.45,5450,0.98,1
LEND_00729,-88.3634,152.5433,3.9,0.162,1.74,1740,0.397,0
LEND_00730,-88.3573,115.7297,3.86,0.17,0.33,330,0.145,0
LEND_00731,-81.8543,-52.5368,3.66,0.213,1.15,1150,0.316,0
LEND_00732,-83.348,56.0955,3.67,0.212,0.33,330,0.166,0
LEND_00733,-84.7693,13.4192,4.04,0.132,0.91,910,0.231,0
LEND_00734,-86.4117,63.7647,3.51,0.244,1.29,1290,0.357,0
LEND_00735,-81.228,65.7616,4.05,0.13,0.45,450,0.147,0
LEND_00736,-86.0755,46.3442,3.87,0.168,1.22,1220,0.306,0
LEND_00737,-81.834,-84.2035,3.02,0.35,4.31,4310,0.959,1
LEND_00738,-85.6087,-165.9577,4.2,0.097,1.6,1600,0.339,0
LEND_00739,-86.2306,-15.996,3.96,0.147,1.79,1790,0.399,0
LEND_00740,-85.3732,140.7506,3.79,0.185,1.4,1400,0.347,0
LEND_00741,-86.9862,25.019,3.83,0.176,2.0,2000,0.452,0
LEND_00742,-82.5239,119.6608,3.64,0.217,0.58,580,0.214,0
LEND_00743,-84.9728,176.9848,3.57,0.232,1.15,1150,0.325,0
LEND_00744,-87.6779,-121.0982,3.91,0.16,1.43,1430,0.34,0
LEND_00745,-81.0043,69.04,4.06,0.126,1.96,1960,0.419,0
LEND_00746,-86.1611,62.7457,3.68,0.208,0.89,890,0.266,0
LEND_00747,-84.5645,172.784,3.79,0.184,0.3,300,0.147,0
LEND_00748,-80.9353,174.8163,3.89,0.164,2.15,2150,0.473,0
LEND_00749,-83.7576,67.2043,4.14,0.111,0.35,350,0.119,0
LEND_00750,-88.831,-92.2987,3.6,0.226,0.59,590,0.22,0
LEND_00751,-80.6017,107.4801,3.67,0.212,1.1,1100,0.306,0
LEND_00752,-83.7229,-141.4695,4.14,0.109,1.24,1240,0.28,0
LEND_00753,-86.6509,101.0517,3.53,0.241,1.89,1890,0.464,0
LEND_00754,-88.6073,147.6706,3.96,0.149,1.15,1150,0.283,0
LEND_00755,-82.0597,-42.18,3.95,0.151,1.34,1340,0.319,0
LEND_00756,-83.7993,47.0287,3.77,0.19,0.68,680,0.218,0
LEND_00757,-84.6654,-25.1486,3.83,0.177,1.38,1380,0.339,0
LEND_00758,-81.0611,-22.4046,4.1,0.119,0.96,960,0.234,0
LEND_00759,-82.114,-68.2665,3.62,0.222,0.49,490,0.2,0
LEND_00760,-88.4833,94.3667,3.66,0.212,2.1,2100,0.488,0
LEND_00761,-86.8828,157.0236,3.86,0.17,0.46,460,0.169,0
LEND_00762,-87.5151,158.6703,3.79,0.186,1.59,1590,0.382,0
LEND_00763,-82.5605,-117.0787,3.9,0.161,2.03,2030,0.45,0
LEND_00764,-89.6647,134.9077,4.14,0.109,0.64,640,0.171,0
LEND_00765,-84.3011,85.4753,4.14,0.109,0.75,750,0.191,0
LEND_00766,-82.3754,-88.9785,3.66,0.213,1.11,1110,0.308,0
LEND_00767,-81.2323,-155.7775,3.71,0.202,0.86,860,0.257,0
LEND_00768,-86.5792,-83.521,3.61,0.223,1.74,1740,0.428,0
LEND_00769,-81.7874,148.395,4.15,0.108,0.94,940,0.225,0
LEND_00770,-88.8937,47.9443,3.78,0.187,2.17,2170,0.488,0
LEND_00771,-81.5355,79.5797,2.97,0.361,4.14,4140,0.933,1
LEND_00772,-88.7251,-87.4252,4.06,0.126,2.0,2000,0.427,0
LEND_00773,-86.0271,78.9797,3.86,0.17,0.42,420,0.161,0
LEND_00774,-82.027,-169.8763,3.58,0.229,0.63,630,0.229,0
LEND_00775,-88.5008,-44.8843,3.81,0.181,0.62,620,0.203,0
LEND_00776,-87.7075,45.6312,3.94,0.152,1.58,1580,0.363,0
LEND_00777,-82.7775,-127.4052,4.0,0.139,0.32,320,0.128,0
LEND_00778,-82.7996,116.2813,3.95,0.15,1.83,1830,0.408,0
LEND_00779,-83.5885,-95.3887,3.58,0.229,1.34,1340,0.358,0
LEND_00780,-83.0605,54.8212,3.11,0.332,4.25,4250,0.939,1
LEND_00781,-84.5728,-34.129,4.01,0.137,1.32,1320,0.308,0
LEND_00782,-87.482,34.5757,4.12,0.115,1.32,1320,0.297,0
LEND_00783,-86.543,-141.3178,3.53,0.24,0.68,680,0.244,0
LEND_00784,-88.184,-173.9114,3.53,0.241,0.84,840,0.273,0
LEND_00785,-80.9155,147.4432,3.95,0.15,1.23,1230,0.299,0
LEND_00786,-84.1661,-82.9332,2.72,0.414,5.46,5460,0.98,1
LEND_00787,-85.9915,115.0837,3.61,0.224,0.82,820,0.261,0
LEND_00788,-85.3799,179.7661,3.88,0.165,1.83,1830,0.415,0
LEND_00789,-80.5272,-103.8847,4.18,0.101,1.84,1840,0.385,0
LEND_00790,-88.4665,-84.5385,3.94,0.152,0.82,820,0.225,0
LEND_00791,-84.1377,58.6295,3.81,0.18,1.36,1360,0.337,0
LEND_00792,-84.9411,167.5615,4.08,0.123,0.96,960,0.236,0
LEND_00793,-83.8855,149.6932,3.65,0.215,0.66,660,0.228,0
LEND_00794,-89.8189,1.0352,3.79,0.185,1.83,1830,0.425,0
LEND_00795,-81.2788,106.2397,3.87,0.168,2.18,2180,0.48,0
LEND_00796,-80.6788,-131.1315,3.85,0.171,1.37,1370,0.335,0
LEND_00797,-84.3487,171.8777,4.14,0.109,2.04,2040,0.425,0
LEND_00798,-83.0335,167.1672,3.7,0.203,1.52,1520,0.378,0
LEND_00799,-80.775,-121.0576,3.54,0.239,1.37,1370,0.368,0
LEND_00800,-82.9276,-72.2077,4.14,0.109,1.21,1210,0.275,0
LEND_00801,-88.4746,-143.9442,3.65,0.215,0.75,750,0.244,0
LEND_00802,-84.2371,-82.1817,3.77,0.19,0.46,460,0.179,0
LEND_00803,-83.9328,113.7441,3.87,0.167,1.14,1140,0.291,0
LEND_00804,-85.7587,-43.8064,4.18,0.1,1.37,1370,0.299,0
LEND_00805,-82.6356,-148.1771,3.87,0.167,1.27,1270,0.314,0
LEND_00806,-80.6563,-56.7988,3.81,0.18,1.62,1620,0.385,0
LEND_00807,-80.7443,173.298,3.91,0.159,0.66,660,0.2,0
LEND_00808,-85.4916,46.6861,4.18,0.101,0.97,970,0.227,0
LEND_00809,-88.8676,-30.1821,4.07,0.124,1.09,1090,0.26,0
LEND_00810,-80.1516,-120.0461,3.62,0.222,0.65,650,0.229,0
LEND_00811,-81.611,175.0236,4.06,0.126,2.02,2020,0.43,0
LEND_00812,-88.7534,115.5056,4.09,0.121,1.59,1590,0.349,0
LEND_00813,-80.7916,-78.6682,3.98,0.143,0.47,470,0.157,0
LEND_00814,-81.301,-154.7753,3.96,0.148,1.65,1650,0.374,0
LEND_00815,-84.8116,-159.6148,2.9,0.376,5.77,5770,0.98,1
LEND_00816,-84.0872,-136.6639,3.95,0.151,1.3,1300,0.312,0
LEND_00817,-86.01,29.0767,4.02,0.136,2.18,2180,0.465,0
LEND_00818,-89.4524,154.3548,3.59,0.229,1.47,1470,0.382,0
LEND_00819,-86.648,-1.1724,3.68,0.209,2.0,2000,0.468,0
LEND_00820,-81.9715,123.4604,3.64,0.218,2.04,2040,0.48,0
LEND_00821,-89.9537,-19.4808,4.09,0.121,0.49,490,0.149,0
LEND_00822,-86.665,75.0901,2.91,0.375,4.47,4470,0.98,1
LEND_00823,-86.0183,83.4742,3.82,0.179,1.13,1130,0.295,0
LEND_00824,-84.626,-117.3731,4.08,0.123,1.76,1760,0.381,0
LEND_00825,-80.8014,-49.9622,4.0,0.139,1.87,1870,0.41,0
LEND_00826,-86.5365,49.4288,2.86,0.385,5.77,5770,0.98,1
LEND_00827,-86.5305,-154.5492,3.55,0.236,1.15,1150,0.327,0
LEND_00828,-82.625,-49.8455,3.86,0.171,1.72,1720,0.398,0
LEND_00829,-85.4778,12.5278,3.99,0.141,1.67,1670,0.374,0
LEND_00830,-87.754,178.6408,3.65,0.216,0.9,900,0.272,0
LEND_00831,-85.4756,-9.1679,3.73,0.198,0.62,620,0.212,0
LEND_00832,-88.5914,113.7804,3.79,0.184,1.48,1480,0.361,0
LEND_00833,-88.2361,-24.4558,4.06,0.128,1.59,1590,0.353,0
LEND_00834,-85.0163,106.7007,3.85,0.173,1.38,1380,0.337,0
LEND_00835,-85.8107,34.3493,3.85,0.173,0.71,710,0.216,0
LEND_00836,-80.8515,139.1744,3.8,0.182,0.83,830,0.242,0
LEND_00837,-86.3761,-32.0607,3.66,0.213,1.65,1650,0.406,0
LEND_00838,-84.1941,37.5496,4.15,0.108,2.13,2130,0.441,0
LEND_00839,-83.6774,46.8067,3.72,0.199,2.1,2100,0.482,0
LEND_00840,-89.8691,-29.7421,3.9,0.162,1.29,1290,0.315,0
LEND_00841,-83.3646,-128.0477,3.6,0.225,1.98,1980,0.472,0
LEND_00842,-88.2196,-146.3186,3.8,0.182,0.36,360,0.156,0
LEND_00843,-80.3893,-173.9982,4.13,0.111,1.94,1940,0.408,0
LEND_00844,-88.5134,134.4723,4.2,0.097,1.2,1200,0.267,0
LEND_00845,-85.8538,-94.869,3.75,0.193,1.78,1780,0.42,0
LEND_00846,-89.1465,-103.8576,3.61,0.224,0.31,310,0.168,0
LEND_00847,-80.0313,84.9727,3.72,0.2,1.95,1950,0.455,0
LEND_00848,-84.978,-64.7942,3.73,0.198,1.43,1430,0.359,0
LEND_00849,-84.0461,2.1761,3.95,0.15,0.76,760,0.213,0
LEND_00850,-89.3292,-121.496,3.85,0.173,0.96,960,0.261,0
LEND_00851,-82.5004,165.5085,4.04,0.132,0.68,680,0.189,0
LEND_00852,-87.9009,126.5693,3.99,0.142,1.11,1110,0.273,0
LEND_00853,-81.0195,130.9643,3.68,0.209,0.93,930,0.274,0
LEND_00854,-87.9486,-33.5615,4.05,0.129,1.32,1320,0.305,0
LEND_00855,-88.0931,94.45,4.09,0.12,1.85,1850,0.396,0
LEND_00856,-89.6345,-128.2046,3.92,0.157,2.17,2170,0.473,0
LEND_00857,-85.2793,-176.8972,4.15,0.108,0.78,780,0.196,0
LEND_00858,-84.3516,-172.8097,4.05,0.129,0.5,500,0.156,0
LEND_00859,-89.3429,31.1766,3.92,0.158,1.05,1050,0.27,0
LEND_00860,-82.2447,-16.0578,4.13,0.111,0.57,570,0.159,0
LEND_00861,-85.4671,6.4855,3.92,0.157,1.89,1890,0.422,0
LEND_00862,-84.7561,-177.3133,3.86,0.169,1.25,1250,0.312,0
LEND_00863,-85.5924,-27.8328,3.75,0.194,1.48,1480,0.366,0
LEND_00864,-85.9924,78.5045,2.93,0.369,3.54,3540,0.828,1
LEND_00865,-84.4036,-20.6303,3.59,0.229,1.72,1720,0.427,0
LEND_00866,-88.4476,83.5989,3.83,0.176,2.15,2150,0.479,0
LEND_00867,-88.1807,-96.1132,3.88,0.166,1.22,1220,0.305,0
LEND_00868,-81.3821,112.7311,3.1,0.333,5.0,5000,0.98,1
LEND_00869,-80.5388,31.8352,3.96,0.149,0.37,370,0.142,0
LEND_00870,-86.2669,-104.1253,3.85,0.171,0.37,370,0.153,0
LEND_00871,-87.2926,-94.7806,3.68,0.209,2.12,2120,0.49,0
LEND_00872,-83.56,46.091,4.1,0.118,1.63,1630,0.356,0
LEND_00873,-85.9127,118.7783,3.96,0.148,0.66,660,0.194,0
LEND_00874,-89.7461,-30.374,4.1,0.118,0.99,990,0.239,0
LEND_00875,-88.4385,-87.0118,3.69,0.206,1.26,1260,0.332,0
LEND_00876,-82.8403,132.1242,3.95,0.151,1.64,1640,0.374,0
LEND_00877,-83.4108,60.9366,4.0,0.14,1.9,1900,0.415,0
LEND_00878,-89.729,-18.6892,3.77,0.19,0.46,460,0.178,0
LEND_00879,-87.7803,-4.3559,4.07,0.125,1.55,1550,0.344,0
LEND_00880,-87.6893,-106.4677,3.5,0.247,1.21,1210,0.343,0
LEND_00881,-83.2811,45.6489,3.92,0.158,1.44,1440,0.341,0
LEND_00882,-89.8029,-50.8527,3.93,0.155,1.27,1270,0.308,0
LEND_00883,-88.9589,178.4323,3.87,0.167,1.16,1160,0.294,0
LEND_00884,-82.0008,-7.1339,3.94,0.152,0.69,690,0.202,0
LEND_00885,-88.2146,-5.0812,3.62,0.222,1.2,1200,0.329,0
LEND_00886,-83.4725,23.7066,3.98,0.144,0.66,660,0.192,0
LEND_00887,-87.6182,150.0322,2.81,0.397,4.73,4730,0.98,1
LEND_00888,-89.0056,108.2945,3.82,0.179,1.01,1010,0.273,0
LEND_00889,-87.5683,-17.5932,3.73,0.197,0.35,350,0.162,0
LEND_00890,-82.7773,78.7317,3.83,0.176,1.37,1370,0.337,0
LEND_00891,-81.443,31.0448,3.94,0.154,0.44,440,0.157,0
LEND_00892,-81.6978,-2.7479,4.09,0.121,1.13,1130,0.266,0
LEND_00893,-86.0282,-110.7663,3.84,0.175,2.16,2160,0.48,0
LEND_00894,-83.3191,-12.9829,3.73,0.199,0.32,320,0.158,0
LEND_00895,-87.9502,-91.5053,3.84,0.174,1.0,1000,0.269,0
LEND_00896,-87.0685,149.3432,3.98,0.144,1.58,1580,0.359,0
LEND_00897,-81.0366,-59.2535,3.74,0.195,0.6,600,0.207,0
LEND_00898,-89.87,162.815,3.79,0.185,1.37,1370,0.342,0
LEND_00899,-89.1449,11.8999,3.89,0.163,0.79,790,0.225,0
LEND_00900,-87.9211,47.356,3.71,0.203,0.72,720,0.232,0
LEND_00901,-89.7347,15.4586,3.65,0.216,2.0,2000,0.472,0
LEND_00902,-88.1856,-133.423,3.6,0.226,0.69,690,0.239,0
LEND_00903,-84.1696,-44.7044,3.75,0.194,1.02,1020,0.283,0
LEND_00904,-85.7858,-144.3074,3.53,0.24,0.62,620,0.233,0
LEND_00905,-81.0733,44.2635,3.91,0.159,0.84,840,0.232,0
LEND_00906,-81.8256,-19.1253,3.62,0.221,0.86,860,0.267,0
LEND_00907,-86.5818,100.0746,3.76,0.19,0.92,920,0.263,0
LEND_00908,-87.4058,-100.6306,3.69,0.207,1.52,1520,0.38,0
LEND_00909,-86.2031,-120.7562,3.94,0.152,1.71,1710,0.387,0
LEND_00910,-84.0971,-33.7204,4.1,0.119,1.27,1270,0.291,0
LEND_00911,-87.3194,153.5707,3.94,0.152,1.46,1460,0.341,0
LEND_00912,-83.7585,75.7519,3.88,0.166,1.85,1850,0.419,0
LEND_00913,-85.9059,-29.1875,3.97,0.147,2.2,2200,0.473,0
LEND_00914,-84.4795,6.218,3.52,0.243,1.17,1170,0.334,0
LEND_00915,-85.6387,-149.6833,3.59,0.229,2.08,2080,0.493,0
LEND_00916,-87.0553,174.4473,3.57,0.233,1.23,1230,0.34,0
LEND_00917,-80.5155,59.9066,3.57,0.233,1.79,1790,0.442,0
LEND_00918,-82.3639,-77.2545,3.68,0.208,1.39,1390,0.357,0
LEND_00919,-88.5989,30.891,3.87,0.167,1.98,1980,0.444,0
LEND_00920,-81.3153,-140.5863,3.58,0.23,1.15,1150,0.324,0
LEND_00921,-85.1257,167.7012,4.15,0.107,1.62,1620,0.348,0
LEND_00922,-81.0545,-117.0774,4.1,0.119,1.19,1190,0.276,0
LEND_00923,-82.0014,53.2909,4.18,0.101,1.93,1930,0.401,0
LEND_00924,-85.7479,-91.6364,3.14,0.326,4.39,4390,0.961,1
LEND_00925,-89.7753,78.3221,4.1,0.119,0.76,760,0.198,0
LEND_00926,-87.3132,99.6557,4.06,0.126,1.2,1200,0.281,0
LEND_00927,-84.5837,62.4311,2.82,0.394,4.89,4890,0.98,1
LEND_00928,-83.6652,41.2198,3.87,0.168,0.57,570,0.188,0
LEND_00929,-87.4211,141.2889,4.05,0.129,2.07,2070,0.441,0
LEND_00930,-88.6064,-151.6944,3.54,0.24,1.33,1330,0.362,0
LEND_00931,-81.6507,-60.8707,3.55,0.236,1.05,1050,0.309,0
LEND_00932,-80.156,-90.6165,3.58,0.229,1.58,1580,0.402,0
LEND_00933,-84.7431,175.685,3.19,0.314,5.77,5770,0.98,1
LEND_00934,-88.2832,-39.8197,3.54,0.238,0.85,850,0.274,0
LEND_00935,-87.2769,83.7406,3.57,0.232,0.73,730,0.249,0
LEND_00936,-89.8161,66.5011,4.15,0.107,1.42,1420,0.312,0
LEND_00937,-80.857,-103.6508,3.58,0.231,0.66,660,0.236,0
LEND_00938,-88.8225,-93.9608,4.11,0.116,0.56,560,0.16,0
LEND_00939,-84.2348,-78.7376,4.05,0.128,0.9,900,0.228,0
LEND_00940,-87.2594,-31.9942,3.53,0.241,1.94,1940,0.473,0
LEND_00941,-84.4582,-95.643,3.52,0.244,0.37,370,0.189,0
LEND_00942,-83.4858,-172.9255,3.87,0.167,1.88,1880,0.425,0
LEND_00943,-81.7026,136.5815,4.2,0.097,1.48,1480,0.318,0
LEND_00944,-87.9358,167.6195,4.12,0.115,0.38,380,0.127,0
LEND_00945,-89.89,-57.0347,3.72,0.201,1.44,1440,0.362,0
LEND_00946,-88.6311,-58.1375,3.15,0.322,3.58,3580,0.812,1
LEND_00947,-80.9998,-177.4469,3.77,0.189,1.9,1900,0.44,0
LEND_00948,-81.2611,64.8902,3.0,0.355,5.02,5020,0.98,1
LEND_00949,-84.0259,117.1584,3.74,0.196,0.84,840,0.251,0
LEND_00950,-83.9948,-127.221,3.6,0.225,1.79,1790,0.438,0
LEND_00951,-83.3496,-122.5201,4.02,0.135,0.89,890,0.229,0
LEND_00952,-88.2463,104.43,3.82,0.178,0.86,860,0.246,0
LEND_00953,-80.8559,41.8647,3.55,0.236,0.67,670,0.24,0
LEND_00954,-85.8123,-163.8502,4.05,0.128,1.59,1590,0.353,0
LEND_00955,-86.1686,44.1169,3.91,0.159,0.8,800,0.225,0
LEND_00956,-84.8108,-68.7896,3.84,0.174,1.18,1180,0.301,0
LEND_00957,-89.5303,-47.2589,2.72,0.414,3.85,3850,0.907,1
LEND_00958,-88.3372,97.1033,3.85,0.171,1.8,1800,0.413,0
LEND_00959,-82.6197,111.9367,3.95,0.15,1.93,1930,0.426,0
LEND_00960,-89.172,-35.8716,4.11,0.117,0.61,610,0.169,0
LEND_00961,-83.9685,160.9751,3.93,0.155,1.42,1420,0.336,0
LEND_00962,-87.5465,-33.6734,3.96,0.148,2.04,2040,0.445,0
LEND_00963,-86.107,97.861,3.93,0.155,0.38,380,0.147,0
LEND_00964,-87.1131,-5.8042,3.87,0.167,1.81,1810,0.413,0
LEND_00965,-86.4433,143.1116,3.62,0.221,0.77,770,0.251,0
LEND_00966,-82.8095,146.794,3.73,0.197,1.57,1570,0.384,0
LEND_00967,-87.0288,-148.5299,3.99,0.143,1.66,1660,0.373,0
LEND_00968,-84.336,157.1376,3.8,0.183,2.06,2060,0.466,0
LEND_00969,-85.2395,117.1925,3.78,0.186,1.27,1270,0.324,0
LEND_00970,-83.3633,104.8719,4.03,0.133,1.91,1910,0.414,0
LEND_00971,-80.6317,-107.6719,3.5,0.246,0.39,390,0.194,0
LEND_00972,-82.6743,109.8429,3.98,0.145,1.1,1100,0.273,0
LEND_00973,-87.8506,126.0478,3.84,0.174,1.14,1140,0.294,0
LEND_00974,-89.6882,-75.9059,3.76,0.191,1.32,1320,0.335,0
LEND_00975,-87.3774,162.8136,3.74,0.196,1.21,1210,0.318,0
LEND_00976,-84.0492,-162.0503,3.62,0.221,2.14,2140,0.5,0
LEND_00977,-89.4857,-126.0327,3.73,0.197,0.45,450,0.18,0
LEND_00978,-85.0363,13.5292,3.77,0.188,0.8,800,0.24,0
LEND_00979,-84.0316,27.2853,3.81,0.181,2.14,2140,0.48,0
LEND_00980,-86.6576,52.254,3.97,0.146,1.15,1150,0.282,0
LEND_00981,-82.2909,-173.8911,3.82,0.179,1.39,1390,0.342,0
LEND_00982,-88.934,165.732,4.06,0.127,0.45,450,0.146,0
LEND_00983,-89.2486,-163.9483,3.95,0.151,0.84,840,0.228,0
LEND_00984,-82.7181,-128.4977,3.63,0.219,0.38,380,0.178,0
LEND_00985,-85.0451,-174.9548,3.23,0.306,4.69,4690,0.98,1
LEND_00986,-83.116,24.069,3.56,0.235,1.5,1500,0.39,0
LEND_00987,-85.6517,155.6161,4.16,0.105,1.75,1750,0.371,0
LEND_00988,-87.536,59.741,4.12,0.114,1.95,1950,0.411,0
LEND_00989,-81.809,116.1567,3.56,0.235,0.78,780,0.259,0
LEND_00990,-82.0058,-175.2188,3.9,0.161,0.93,930,0.25,0
LEND_00991,-83.053,15.1255,4.17,0.103,1.38,1380,0.302,0
LEND_00992,-87.2785,-14.5573,4.02,0.135,0.46,460,0.151,0
LEND_00993,-84.0977,-0.3715,3.84,0.173,1.83,1830,0.419,0
LEND_00994,-86.3903,-154.0033,3.67,0.211,1.22,1220,0.327,0
LEND_00995,-89.0842,66.3967,3.7,0.205,2.13,2130,0.49,0
LEND_00996,-80.8269,1.1593,4.02,0.136,0.52,520,0.163,0
LEND_00997,-88.6318,95.4536,4.05,0.13,0.55,550,0.165,0
LEND_00998,-80.4976,-5.2954,3.87,0.168,0.96,960,0.258,0
LEND_00999,-85.5399,-126.2226,3.58,0.229,0.69,690,0.24,0
LEND_01000,-88.1487,53.3725,4.15,0.107,1.62,1620,0.348,0
LEND_01001,-84.581,-117.9409,4.09,0.12,2.1,2100,0.442,0
LEND_01002,-81.2705,134.062,3.6,0.226,0.47,470,0.199,0
LEND_01003,-82.6778,40.7218,3.54,0.239,0.76,760,0.258,0
LEND_01004,-81.9344,-123.4066,3.88,0.167,0.75,750,0.22,0
LEND_01005,-83.4122,166.4417,3.7,0.205,1.27,1270,0.333,0
LEND_01006,-83.0772,6.6116,3.7,0.205,1.16,1160,0.313,0
LEND_01007,-81.508,-153.7566,3.56,0.234,1.68,1680,0.423,0
LEND_01008,-87.5033,45.6598,4.17,0.104,1.69,1690,0.359,0
LEND_01009,-85.1058,-88.8484,4.08,0.122,1.39,1390,0.314,0
LEND_01010,-87.7879,109.3296,3.58,0.23,1.42,1420,0.373,0
LEND_01011,-80.1233,114.4159,4.11,0.115,1.9,1900,0.403,0
LEND_01012,-80.5594,172.421,3.98,0.145,1.05,1050,0.263,0
LEND_01013,-89.6057,0.673,3.73,0.198,0.32,320,0.157,0
LEND_01014,-82.9442,-16.2155,4.11,0.116,0.7,700,0.185,0
LEND_01015,-80.7475,91.2512,3.92,0.157,0.37,370,0.146,0
LEND_01016,-88.1942,-132.3106,4.09,0.12,1.05,1050,0.251,0
LEND_01017,-84.3205,16.8896,3.83,0.177,0.98,980,0.267,0
LEND_01018,-80.8451,16.6491,3.85,0.172,0.49,490,0.175,0
LEND_01019,-89.6605,-147.7897,3.7,0.204,1.73,1730,0.416,0
LEND_01020,-83.0258,-29.5257,3.77,0.189,1.35,1350,0.34,0
LEND_01021,-87.0265,127.1825,3.9,0.162,0.73,730,0.214,0
LEND_01022,-80.756,128.2153,4.16,0.105,1.74,1740,0.369,0
LEND_01023,-80.2894,-144.2744,3.92,0.157,1.57,1570,0.364,0
LEND_01024,-80.5573,-147.3405,3.6,0.225,0.66,660,0.233,0
LEND_01025,-85.2579,-85.4296,3.5,0.246,2.17,2170,0.518,0
LEND_01026,-81.3796,134.9158,4.1,0.119,0.64,640,0.176,0
LEND_01027,-81.5545,-133.5951,3.76,0.192,1.77,1770,0.418,0
LEND_01028,-86.809,79.1988,3.72,0.2,2.14,2140,0.489,0
LEND_01029,-81.7108,-143.5804,4.06,0.127,1.68,1680,0.369,0
LEND_01030,-89.6299,44.3296,4.16,0.105,1.56,1560,0.336,0
LEND_01031,-84.0373,-51.8158,4.02,0.135,2.02,2020,0.435,0
LEND_01032,-87.6999,104.009,3.62,0.221,0.81,810,0.258,0
LEND_01033,-88.7943,-95.8714,3.77,0.188,0.83,830,0.245,0
LEND_01034,-89.2305,50.1127,4.03,0.133,1.52,1520,0.343,0
LEND_01035,-83.0371,-95.1543,4.13,0.111,1.98,1980,0.415,0
LEND_01036,-86.6013,76.9177,4.2,0.097,1.47,1470,0.316,0
LEND_01037,-82.7523,134.5241,3.86,0.17,2.16,2160,0.478,0
LEND_01038,-89.3464,-134.3514,4.08,0.123,0.72,720,0.193,0
LEND_01039,-86.8471,131.9744,3.53,0.24,1.87,1870,0.46,0
LEND_01040,-84.6051,33.6871,3.7,0.204,2.06,2060,0.477,0
LEND_01041,-82.0928,-134.2402,3.76,0.191,1.11,1110,0.298,0
LEND_01042,-86.8125,-26.0849,4.18,0.1,2.13,2130,0.438,0
LEND_01043,-83.7411,-122.0903,2.98,0.36,5.48,5480,0.98,1
LEND_01044,-81.1402,72.1252,3.72,0.201,2.11,2110,0.484,0
LEND_01045,-83.8414,93.1925,4.15,0.107,2.02,2020,0.421,0
LEND_01046,-87.6704,-141.9133,3.71,0.201,0.43,430,0.179,0
LEND_01047,-89.756,2.2103,3.66,0.213,1.29,1290,0.341,0
LEND_01048,-81.299,113.265,4.01,0.137,1.3,1300,0.305,0
LEND_01049,-89.7873,157.0187,4.02,0.135,0.41,410,0.142,0
LEND_01050,-81.253,4.8664,3.83,0.176,0.38,380,0.157,0
LEND_01051,-84.7106,162.1005,4.16,0.105,0.31,310,0.109,0
LEND_01052,-80.6093,12.848,3.64,0.217,1.3,1300,0.345,0
LEND_01053,-82.0122,-38.0914,4.14,0.11,1.18,1180,0.269,0
LEND_01054,-80.0207,125.3531,4.03,0.134,2.09,2090,0.447,0
LEND_01055,-86.4929,-2.5262,3.76,0.192,0.95,950,0.269,0
LEND_01056,-82.3281,-10.1151,4.06,0.126,1.55,1550,0.345,0
LEND_01057,-85.9807,-3.4875,3.59,0.227,0.31,310,0.17,0
LEND_01058,-85.2012,124.8426,3.59,0.228,1.56,1560,0.397,0
LEND_01059,-83.7249,119.499,4.15,0.107,2.04,2040,0.425,0
LEND_01060,-81.2632,-34.7328,3.57,0.233,0.97,970,0.293,0
LEND_01061,-80.1592,-60.0121,3.5,0.247,0.9,900,0.287,0
LEND_01062,-82.3173,-2.9059,3.77,0.189,1.49,1490,0.365,0
LEND_01063,-85.8223,26.1981,3.57,0.232,0.92,920,0.283,0
LEND_01064,-85.7864,-94.1986,4.1,0.117,1.06,1060,0.251,0
LEND_01065,-82.6242,105.8238,4.15,0.108,0.82,820,0.203,0
LEND_01066,-87.6122,-4.8662,3.84,0.175,0.96,960,0.262,0
LEND_01067,-88.8953,-59.7436,3.8,0.183,1.59,1590,0.381,0
LEND_01068,-86.4538,-141.5444,3.88,0.166,2.05,2050,0.456,0
LEND_01069,-87.1276,-94.0157,3.66,0.213,1.41,1410,0.363,0
LEND_01070,-87.0369,161.7412,3.71,0.202,0.32,320,0.159,0
LEND_01071,-87.6639,-70.1641,3.57,0.232,0.8,800,0.262,0
LEND_01072,-89.5791,-119.2107,3.81,0.18,2.11,2110,0.474,0
LEND_01073,-89.8213,-14.1578,3.93,0.155,2.03,2030,0.447,0
LEND_01074,-80.1228,-69.4484,4.15,0.107,0.52,520,0.148,0
LEND_01075,-85.7223,-167.3427,4.02,0.136,2.03,2030,0.437,0
LEND_01076,-86.1567,-63.6677,4.01,0.138,2.13,2130,0.457,0
LEND_01077,-83.2035,15.8791,3.72,0.201,0.92,920,0.268,0
LEND_01078,-87.8175,18.6165,4.12,0.114,1.63,1630,0.353,0
LEND_01079,-80.5004,-51.6388,4.16,0.105,1.36,1360,0.3,0
LEND_01080,-82.1365,-18.971,4.15,0.107,0.94,940,0.224,0
LEND_01081,-89.1059,167.5865,3.53,0.241,0.59,590,0.228,0
LEND_01082,-85.8242,-44.1545,3.92,0.156,1.0,1000,0.26,0
LEND_01083,-81.2088,-87.0383,3.95,0.15,2.06,2060,0.45,0
LEND_01084,-80.5527,-92.3519,3.71,0.203,1.84,1840,0.436,0
LEND_01085,-85.326,-15.2047,4.19,0.098,0.93,930,0.218,0
LEND_01086,-83.8659,93.4273,3.7,0.203,1.34,1340,0.345,0
LEND_01087,-88.3297,-105.8443,3.65,0.215,1.07,1070,0.302,0
LEND_01088,-80.0883,75.3466,3.84,0.174,1.19,1190,0.304,0
LEND_01089,-87.6833,-172.3861,3.73,0.199,1.75,1750,0.418,0
LEND_01090,-80.5727,-29.1841,4.15,0.108,1.33,1330,0.296,0
LEND_01091,-83.5035,99.3114,3.81,0.181,0.64,640,0.207,0
LEND_01092,-83.9226,-58.0561,2.91,0.374,4.55,4550,0.98,1
LEND_01093,-84.8731,22.9454,3.94,0.153,1.38,1380,0.327,0
LEND_01094,-87.6933,-106.2075,3.56,0.235,1.62,1620,0.412,0
LEND_01095,-88.2347,87.1183,4.03,0.133,1.27,1270,0.298,0
LEND_01096,-87.7951,-161.1795,4.04,0.132,1.48,1480,0.335,0
LEND_01097,-88.1356,126.9154,3.83,0.176,1.8,1800,0.415,0
LEND_01098,-82.2042,-108.6493,4.17,0.103,1.34,1340,0.295,0
LEND_01099,-86.4987,134.7833,3.91,0.16,2.16,2160,0.473,0
LEND_01100,-89.4216,-53.0895,3.99,0.143,0.75,750,0.208,0
LEND_01101,-80.309,80.1661,4.15,0.108,2.05,2050,0.427,0
LEND_01102,-81.1621,-65.0789,3.97,0.147,0.77,770,0.214,0
LEND_01103,-80.7225,146.1282,3.8,0.182,1.31,1310,0.329,0
LEND_01104,-80.0509,-134.4106,3.52,0.244,1.17,1170,0.335,0
LEND_01105,-88.261,-115.7329,4.01,0.138,1.01,1010,0.252,0
LEND_01106,-86.0376,-2.5092,4.18,0.102,2.13,2130,0.438,0
LEND_01107,-82.4176,-150.5022,3.83,0.177,0.82,820,0.237,0
LEND_01108,-83.0398,-109.4471,3.74,0.196,1.58,1580,0.385,0
LEND_01109,-88.461,159.7559,3.86,0.169,1.83,1830,0.417,0
LEND_01110,-81.8417,171.5363,4.01,0.138,0.67,670,0.191,0
LEND_01111,-87.7556,-44.5466,3.5,0.247,2.15,2150,0.515,0
LEND_01112,-87.7618,152.383,4.12,0.114,1.34,1340,0.301,0
LEND_01113,-84.6303,16.1369,4.12,0.114,2.04,2040,0.428,0
LEND_01114,-84.0706,-82.8927,3.88,0.166,1.56,1560,0.367,0
LEND_01115,-84.1991,72.8635,3.59,0.229,1.53,1530,0.393,0
LEND_01116,-89.0851,57.2047,3.97,0.146,0.96,960,0.248,0
LEND_01117,-81.2254,176.0851,3.6,0.227,1.76,1760,0.433,0
LEND_01118,-87.344,-84.583,3.86,0.171,0.36,360,0.151,0
LEND_01119,-88.7049,61.9414,3.57,0.233,1.36,1360,0.364,0
LEND_01120,-81.1125,-161.2714,3.91,0.159,0.36,360,0.145,0
LEND_01121,-80.4435,-139.0874,3.72,0.199,0.88,880,0.26,0
LEND_01122,-81.3787,-178.5894,4.08,0.122,0.48,480,0.148,0
LEND_01123,-81.9048,179.8058,4.06,0.127,2.03,2030,0.433,0
LEND_01124,-83.4476,108.8185,4.2,0.097,1.49,1490,0.319,0
LEND_01125,-84.4914,103.2203,3.68,0.209,1.57,1570,0.39,0
LEND_01126,-89.1301,3.5014,3.54,0.238,1.92,1920,0.468,0
LEND_01127,-85.9155,-71.9759,3.81,0.181,1.69,1690,0.398,0
LEND_01128,-86.2731,-125.5449,3.56,0.235,0.54,540,0.216,0
LEND_01129,-87.4025,-77.5171,3.62,0.22,1.47,1470,0.377,0
LEND_01130,-82.7658,-44.6504,3.92,0.157,2.16,2160,0.471,0
LEND_01131,-85.0412,92.2716,3.91,0.158,0.71,710,0.208,0
LEND_01132,-89.1895,14.2782,3.53,0.241,1.48,1480,0.389,0
LEND_01133,-87.7982,-152.1059,3.81,0.181,1.37,1370,0.339,0
LEND_01134,-83.1674,-173.5096,3.87,0.167,1.04,1040,0.273,0
LEND_01135,-89.2387,-143.1604,3.69,0.207,2.11,2110,0.487,0
LEND_01136,-81.4879,-32.2205,4.11,0.116,0.98,980,0.236,0
LEND_01137,-85.0485,155.9495,3.61,0.223,0.48,480,0.199,0
LEND_01138,-85.1941,49.4649,3.68,0.209,2.13,2130,0.492,0
LEND_01139,-84.0759,108.6573,3.61,0.224,1.69,1690,0.419,0
LEND_01140,-81.7532,-12.1051,3.58,0.23,0.95,950,0.288,0
LEND_01141,-86.5219,-49.8002,2.88,0.381,3.93,3930,0.905,1
LEND_01142,-83.2198,-140.9759,3.69,0.205,2.06,2060,0.477,0
LEND_01143,-84.3427,135.3359,3.12,0.33,5.42,5420,0.98,1
LEND_01144,-87.3297,101.9376,3.8,0.183,1.32,1320,0.331,0
LEND_01145,-81.2137,-119.4775,3.95,0.152,0.71,710,0.205,0
LEND_01146,-82.0257,4.4138,4.15,0.108,2.19,2190,0.452,0
LEND_01147,-83.4155,-4.5451,4.09,0.12,1.76,1760,0.38,0
LEND_01148,-81.4942,45.033,3.55,0.237,1.38,1380,0.369,0
LEND_01149,-81.3271,160.6273,3.24,0.304,4.0,4000,0.879,1
LEND_01150,-82.9164,28.7177,3.82,0.179,2.04,2040,0.461,0
LEND_01151,-81.6299,14.4782,3.75,0.195,2.13,2130,0.485,0
LEND_01152,-83.0253,-161.8837,3.97,0.146,1.79,1790,0.399,0
LEND_01153,-83.1986,-157.3533,4.17,0.104,1.91,1910,0.399,0
LEND_01154,-83.8139,-112.5552,3.57,0.233,1.06,1060,0.309,0
LEND_01155,-82.4728,-168.3105,3.14,0.324,3.58,3580,0.813,1
LEND_01156,-88.4139,87.607,3.64,0.217,1.84,1840,0.443,0
LEND_01157,-81.1913,80.3989,3.77,0.19,1.74,1740,0.411,0
LEND_01158,-81.2816,-131.0198,4.11,0.116,2.01,2010,0.423,0
LEND_01159,-89.7075,120.9884,3.88,0.165,0.55,550,0.183,0
LEND_01160,-81.7418,-124.277,3.55,0.237,1.61,1610,0.411,0
LEND_01161,-88.7113,-71.5768,3.86,0.171,1.53,1530,0.364,0
LEND_01162,-86.6488,-90.3683,4.05,0.128,1.82,1820,0.395,0
LEND_01163,-82.5649,-45.9694,3.87,0.168,0.35,350,0.147,0
LEND_01164,-88.3924,-88.321,3.62,0.222,1.87,1870,0.451,0
LEND_01165,-81.8203,-3.9777,3.81,0.18,0.92,920,0.257,0
LEND_01166,-81.6787,-33.3332,4.15,0.108,1.61,1610,0.347,0
LEND_01167,-84.9253,175.165,3.96,0.148,1.47,1470,0.341,0
LEND_01168,-89.9361,-159.8665,4.01,0.137,1.14,1140,0.276,0
LEND_01169,-87.1296,-128.8147,4.05,0.129,1.72,1720,0.377,0
LEND_01170,-83.8307,-160.9827,3.56,0.234,2.13,2130,0.504,0
LEND_01171,-80.1881,45.3028,3.91,0.16,0.91,910,0.245,0
LEND_01172,-83.6819,-160.3767,3.76,0.191,1.72,1720,0.408,0
LEND_01173,-87.402,121.1183,3.6,0.226,0.9,900,0.277,0
LEND_01174,-83.6599,4.2979,3.64,0.217,1.91,1910,0.456,0
LEND_01175,-84.6001,9.7227,4.05,0.13,1.13,1130,0.27,0
LEND_01176,-82.2015,22.174,3.61,0.223,1.15,1150,0.321,0
LEND_01177,-88.9302,-118.5071,3.72,0.2,1.77,1770,0.422,0
LEND_01178,-82.3897,-108.8315,3.7,0.204,1.24,1240,0.328,0
LEND_01179,-84.5873,-65.2258,3.53,0.24,0.81,810,0.267,0
LEND_01180,-80.3701,33.6587,3.82,0.178,2.19,2190,0.487,0
LEND_01181,-86.5813,-104.3576,4.04,0.132,1.48,1480,0.335,0
LEND_01182,-83.6738,-138.1206,3.52,0.244,1.53,1530,0.4,0
LEND_01183,-80.6797,169.2421,3.58,0.23,1.53,1530,0.393,0
LEND_01184,-88.9749,-172.0865,4.0,0.139,1.98,1980,0.429,0
LEND_01185,-80.6277,108.9711,3.92,0.158,0.65,650,0.197,0
LEND_01186,-83.1211,103.6927,4.0,0.14,0.41,410,0.144,0
LEND_01187,-89.3216,-73.0029,3.66,0.213,1.03,1030,0.294,0
LEND_01188,-86.9904,-131.1744,4.06,0.126,1.37,1370,0.312,0
LEND_01189,-82.9183,-127.5737,3.84,0.175,0.84,840,0.24,0
LEND_01190,-89.3265,71.0754,3.93,0.155,1.61,1610,0.37,0
LEND_01191,-84.1783,51.4104,3.56,0.233,0.44,440,0.197,0
LEND_01192,-86.5412,101.7884,3.64,0.216,1.8,1800,0.435,0
LEND_01193,-83.7908,157.4932,4.04,0.131,1.66,1660,0.367,0
LEND_01194,-89.5426,69.0939,3.66,0.214,0.71,710,0.236,0
LEND_01195,-81.2846,-123.8934,3.56,0.233,0.87,870,0.275,0
LEND_01196,-80.2651,-92.3607,3.92,0.157,1.83,1830,0.411,0
LEND_01197,-80.3112,123.1897,3.88,0.165,1.77,1770,0.404,0
LEND_01198,-82.5035,-104.6498,3.93,0.156,1.85,1850,0.414,0
LEND_01199,-88.6991,-153.892,3.93,0.154,0.91,910,0.243,0
LEND_01200,-82.4174,73.1808,3.85,0.172,2.14,2140,0.475,0
LEND_01201,-89.7541,-35.0905,3.85,0.173,1.66,1660,0.388,0
LEND_01202,-89.7788,151.2144,4.15,0.108,0.42,420,0.13,0
LEND_01203,-86.7639,54.0918,3.87,0.167,1.21,1210,0.303,0
LEND_01204,-85.1136,-147.4492,3.93,0.154,1.56,1560,0.361,0
LEND_01205,-82.2959,161.2284,3.69,0.207,0.62,620,0.216,0
LEND_01206,-83.167,-86.9194,4.11,0.116,2.01,2010,0.424,0
LEND_01207,-85.541,-58.6035,3.52,0.244,1.73,1730,0.436,0
LEND_01208,-87.2637,-35.1863,3.89,0.163,0.45,450,0.164,0
LEND_01209,-80.0288,-161.5593,3.77,0.19,2.04,2040,0.466,0
LEND_01210,-85.7382,-1.2544,3.92,0.156,1.07,1070,0.273,0
LEND_01211,-85.4861,-135.6053,3.75,0.193,1.16,1160,0.307,0
LEND_01212,-88.3638,-35.6507,4.0,0.139,1.79,1790,0.395,0
LEND_01213,-82.0519,-53.7445,3.51,0.244,1.52,1520,0.398,0
LEND_01214,-83.0632,98.2224,3.78,0.186,1.13,1130,0.299,0
LEND_01215,-87.7923,109.1414,2.76,0.407,5.49,5490,0.98,1
LEND_01216,-89.1762,-124.7714,3.68,0.21,1.28,1280,0.338,0
LEND_01217,-83.195,-48.0416,3.54,0.239,1.4,1400,0.374,0
LEND_01218,-83.4549,-45.5929,3.85,0.173,1.5,1500,0.359,0
LEND_01219,-87.2674,-125.4922,4.18,0.1,1.45,1450,0.314,0
LEND_01220,-80.4914,107.4433,3.54,0.238,1.47,1470,0.386,0
LEND_01221,-88.4894,74.6022,3.55,0.237,1.2,1200,0.337,0
LEND_01222,-85.6767,-111.4626,3.92,0.158,1.37,1370,0.328,0
LEND_01223,-80.5638,-47.9801,3.68,0.21,0.85,850,0.259,0
LEND_01224,-85.8027,-141.9102,3.79,0.186,0.6,600,0.202,0
LEND_01225,-83.6147,46.1544,4.08,0.122,1.45,1450,0.325,0
LEND_01226,-86.0241,-136.3061,3.64,0.217,0.39,390,0.18,0
LEND_01227,-87.2578,174.9363,4.0,0.139,0.42,420,0.146,0
LEND_01228,-80.1602,101.0455,3.85,0.171,0.77,770,0.226,0
LEND_01229,-85.9067,-39.5141,4.13,0.111,0.67,670,0.177,0
LEND_01230,-81.059,28.283,4.18,0.101,1.01,1010,0.234,0
LEND_01231,-87.7005,148.0831,3.84,0.174,1.01,1010,0.271,0
LEND_01232,-87.869,19.4757,2.97,0.362,5.68,5680,0.98,1
LEND_01233,-89.6887,-117.1805,3.08,0.337,4.9,4900,0.98,1
LEND_01234,-83.4833,-43.6668,3.72,0.199,0.31,310,0.156,0
LEND_01235,-86.3147,123.5322,3.66,0.213,0.97,970,0.283,0
LEND_01236,-81.3564,51.9167,4.18,0.102,1.81,1810,0.38,0
LEND_01237,-85.2679,54.2608,3.8,0.182,0.81,810,0.238,0
LEND_01238,-80.3181,132.0557,3.5,0.247,1.52,1520,0.4,0
LEND_01239,-88.1447,141.8303,4.09,0.121,0.49,490,0.15,0
LEND_01240,-81.3138,151.1253,3.92,0.157,0.32,320,0.137,0
LEND_01241,-82.234,-145.8543,3.62,0.222,1.25,1250,0.338,0
LEND_01242,-82.2908,15.8854,3.52,0.243,1.18,1180,0.336,0
LEND_01243,-81.5522,86.5834,3.7,0.203,0.66,660,0.222,0
LEND_01244,-82.3898,92.4937,4.15,0.108,0.84,840,0.207,0
LEND_01245,-83.7378,38.4178,4.15,0.107,0.36,360,0.119,0
LEND_01246,-88.6876,-119.9566,3.72,0.2,1.82,1820,0.431,0
LEND_01247,-89.6747,107.0714,4.09,0.121,0.87,870,0.219,0
LEND_01248,-80.7915,79.2401,3.81,0.181,0.72,720,0.221,0
LEND_01249,-83.8335,-148.9911,3.96,0.149,1.83,1830,0.407,0
LEND_01250,-82.0346,-13.0285,3.73,0.197,0.37,370,0.166,0
LEND_01251,-85.1848,-117.3681,3.86,0.17,0.84,840,0.238,0
LEND_01252,-88.8269,-58.5083,3.71,0.203,0.8,800,0.247,0
LEND_01253,-88.7481,-173.4908,3.54,0.238,0.8,800,0.265,0
LEND_01254,-83.1443,-35.8812,3.6,0.226,0.32,320,0.171,0
LEND_01255,-85.6969,17.9557,3.7,0.204,2.08,2080,0.48,0
LEND_01256,-87.9948,43.0497,4.18,0.1,1.94,1940,0.403,0
LEND_01257,-85.0841,58.8565,2.86,0.384,4.81,4810,0.98,1
LEND_01258,-89.3579,121.0649,4.08,0.123,1.15,1150,0.27,0
LEND_01259,-84.1803,-102.4334,3.66,0.212,1.3,1300,0.343,0
LEND_01260,-87.3101,-136.6265,3.81,0.181,1.21,1210,0.31,0
LEND_01261,-82.0244,126.5534,3.81,0.181,1.78,1780,0.414,0
LEND_01262,-86.8964,-123.6194,3.77,0.189,1.23,1230,0.318,0
LEND_01263,-85.4478,170.9136,3.53,0.241,0.66,660,0.24,0
LEND_01264,-89.8838,123.3138,3.87,0.167,0.52,520,0.178,0
LEND_01265,-89.2755,0.3156,3.55,0.236,2.04,2040,0.489,0
LEND_01266,-86.0751,173.3117,4.06,0.127,0.39,390,0.134,0
LEND_01267,-85.2006,-144.9444,3.98,0.143,2.01,2010,0.437,0
LEND_01268,-83.9998,-70.8963,3.75,0.194,1.61,1610,0.39,0
LEND_01269,-87.0834,49.7608,3.95,0.15,1.07,1070,0.269,0
LEND_01270,-83.0502,-53.9975,3.66,0.212,0.66,660,0.226,0
LEND_01271,-81.3988,154.2141,3.69,0.207,0.89,890,0.266,0
LEND_01272,-82.2015,-156.3746,3.72,0.2,1.31,1310,0.338,0
LEND_01273,-89.6038,17.7883,4.06,0.127,1.55,1550,0.345,0
LEND_01274,-85.1949,32.7119,3.65,0.216,1.61,1610,0.401,0
LEND_01275,-88.9507,54.9821,3.89,0.163,1.15,1150,0.29,0
LEND_01276,-87.5795,-87.9602,3.64,0.217,1.01,1010,0.292,0
LEND_01277,-80.1334,-48.7561,3.7,0.204,1.76,1760,0.422,0
LEND_01278,-88.575,123.725,3.66,0.212,2.06,2060,0.48,0
LEND_01279,-85.0111,-109.8206,2.93,0.371,5.01,5010,0.98,1
LEND_01280,-83.8184,117.6724,3.87,0.168,1.35,1350,0.329,0
LEND_01281,-82.9754,22.556,4.0,0.139,0.45,450,0.151,0
LEND_01282,-84.4035,94.3875,3.65,0.214,0.44,440,0.187,0
LEND_01283,-89.9023,76.8987,3.51,0.246,1.07,1070,0.318,0
LEND_01284,-86.7354,-105.2959,3.98,0.145,1.69,1690,0.38,0
LEND_01285,-84.8229,24.7726,3.58,0.23,1.24,1240,0.34,0
LEND_01286,-89.1213,132.3803,3.67,0.21,1.49,1490,0.376,0
LEND_01287,-86.4937,-24.4382,3.71,0.201,1.9,1900,0.446,0
LEND_01288,-89.668,167.9727,4.02,0.135,0.38,380,0.137,0
LEND_01289,-89.2142,-17.2026,3.94,0.153,2.06,2060,0.451,0
LEND_01290,-86.0308,-128.5972,3.63,0.22,0.93,930,0.279,0
LEND_01291,-88.6728,-39.8035,3.92,0.157,0.39,390,0.15,0
LEND_01292,-84.3246,162.6129,4.0,0.141,1.89,1890,0.414,0
LEND_01293,-83.1054,-64.9005,3.77,0.189,2.07,2070,0.471,0
LEND_01294,-81.9941,132.5153,3.67,0.21,1.76,1760,0.425,0
LEND_01295,-87.9985,137.2502,2.91,0.373,4.49,4490,0.98,1
LEND_01296,-88.3252,-53.9329,3.93,0.155,1.96,1960,0.434,0
LEND_01297,-88.9543,-150.0272,3.55,0.236,1.29,1290,0.352,0
LEND_01298,-83.6357,80.8408,3.97,0.147,1.59,1590,0.363,0
LEND_01299,-82.9352,-67.8556,3.84,0.174,0.84,840,0.24,0
LEND_01300,-89.6841,101.8525,4.03,0.134,0.77,770,0.207,0
LEND_01301,-80.6379,-20.6443,3.63,0.219,1.46,1460,0.375,0
LEND_01302,-89.4803,-5.304,3.68,0.208,1.7,1700,0.413,0
LEND_01303,-84.587,100.0474,3.88,0.166,1.05,1050,0.274,0
LEND_01304,-82.9094,-42.3492,3.84,0.175,1.06,1060,0.28,0
LEND_01305,-81.2903,-20.4742,3.77,0.189,2.11,2110,0.478,0
LEND_01306,-82.8591,-44.5714,4.02,0.135,1.29,1290,0.302,0
LEND_01307,-81.9827,-47.7574,3.9,0.162,2.17,2170,0.476,0
LEND_01308,-86.6055,9.3408,4.0,0.14,1.94,1940,0.423,0
LEND_01309,-81.8517,111.1678,3.61,0.224,1.52,1520,0.388,0
LEND_01310,-89.1989,-49.7634,4.01,0.138,0.32,320,0.127,0
LEND_01311,-81.0518,8.7317,3.82,0.178,0.86,860,0.245,0
LEND_01312,-84.5241,61.4618,3.52,0.242,1.09,1090,0.319,0
LEND_01313,-81.827,-83.0018,3.66,0.212,1.54,1540,0.386,0
LEND_01314,-85.4768,-80.0918,3.52,0.243,1.05,1050,0.313,0
LEND_01315,-83.5642,156.0287,3.82,0.179,1.87,1870,0.429,0
LEND_01316,-84.736,80.4724,3.73,0.198,1.56,1560,0.383,0
LEND_01317,-82.6841,27.7872,4.19,0.099,0.96,960,0.224,0
LEND_01318,-89.1837,53.1792,4.11,0.117,1.79,1790,0.384,0
LEND_01319,-89.3965,-169.4522,4.08,0.123,0.88,880,0.222,0
LEND_01320,-87.529,42.5171,3.85,0.172,0.42,420,0.162,0
LEND_01321,-88.4046,3.4232,4.06,0.126,0.63,630,0.177,0
LEND_01322,-81.2822,16.4699,3.69,0.207,0.31,310,0.16,0
LEND_01323,-87.8079,-50.6074,3.89,0.163,1.88,1880,0.423,0
LEND_01324,-80.2413,-150.6694,3.78,0.188,1.49,1490,0.365,0
LEND_01325,-86.631,-110.3979,3.62,0.222,1.38,1380,0.362,0
LEND_01326,-88.1788,162.2681,2.8,0.399,4.96,4960,0.98,1
LEND_01327,-82.103,-32.8682,3.89,0.163,1.54,1540,0.362,0
LEND_01328,-83.4129,-11.9941,3.57,0.233,1.37,1370,0.365,0
LEND_01329,-85.018,-161.0245,4.0,0.139,1.9,1900,0.415,0
LEND_01330,-84.4464,-166.4762,4.15,0.109,1.14,1140,0.262,0
LEND_01331,-82.808,78.1853,3.61,0.223,1.83,1830,0.444,0
LEND_01332,-87.7155,13.7141,3.83,0.176,1.79,1790,0.414,0
LEND_01333,-80.0367,3.1342,4.02,0.136,0.68,680,0.192,0
LEND_01334,-80.2521,-92.4752,3.7,0.204,1.16,1160,0.313,0
LEND_01335,-83.4967,88.1103,4.14,0.109,1.89,1890,0.398,0
LEND_01336,-88.0046,-119.4348,4.12,0.114,1.88,1880,0.399,0
LEND_01337,-83.1977,-111.6235,3.57,0.232,0.35,350,0.179,0
LEND_01338,-89.278,-14.1436,3.52,0.243,0.72,720,0.253,0
LEND_01339,-89.6935,-76.9392,4.18,0.1,1.11,1110,0.252,0
LEND_01340,-87.4232,-90.9133,4.17,0.103,0.39,390,0.123,0
LEND_01341,-85.3738,52.2856,3.8,0.184,0.8,800,0.237,0
LEND_01342,-81.3173,54.3498,3.54,0.24,0.79,790,0.263,0
LEND_01343,-82.7283,116.8261,3.93,0.154,0.71,710,0.206,0
LEND_01344,-82.5729,-29.6249,3.71,0.203,1.05,1050,0.292,0
LEND_01345,-85.7451,-153.6894,4.16,0.106,1.84,1840,0.388,0
LEND_01346,-86.5407,-81.4801,4.06,0.128,0.76,760,0.202,0
LEND_01347,-86.2896,172.802,3.95,0.15,1.41,1410,0.331,0
LEND_01348,-80.1235,34.6531,3.7,0.204,1.36,1360,0.35,0
LEND_01349,-89.5989,75.5054,3.99,0.142,1.85,1850,0.407,0
LEND_01350,-81.3297,-177.3512,3.7,0.204,1.05,1050,0.293,0
LEND_01351,-84.2132,6.5541,3.53,0.242,0.72,720,0.252,0
LEND_01352,-85.6138,-166.4897,3.86,0.171,1.99,1990,0.447,0
LEND_01353,-82.7474,24.9229,3.84,0.174,1.88,1880,0.429,0
LEND_01354,-85.1333,151.4775,4.03,0.132,1.48,1480,0.335,0
LEND_01355,-81.2658,168.6309,4.11,0.117,0.48,480,0.146,0
LEND_01356,-80.993,14.599,3.75,0.194,0.33,330,0.157,0
LEND_01357,-85.7828,-15.0463,3.81,0.18,0.65,650,0.208,0
LEND_01358,-87.2317,160.2062,2.86,0.384,5.29,5290,0.98,1
LEND_01359,-84.0765,62.4995,3.73,0.199,0.56,560,0.201,0
LEND_01360,-80.8764,-156.6363,4.02,0.135,0.8,800,0.213,0
LEND_01361,-87.8934,-12.3388,3.87,0.169,0.94,940,0.255,0
LEND_01362,-83.7703,-93.5118,4.14,0.11,1.73,1730,0.369,0
LEND_01363,-83.6844,-10.8704,3.96,0.149,1.65,1650,0.375,0
LEND_01364,-82.6689,-16.0324,3.65,0.215,0.5,500,0.199,0
LEND_01365,-88.6843,29.5721,3.62,0.223,2.16,2160,0.504,0
LEND_01366,-82.8418,-51.5626,3.76,0.191,1.73,1730,0.41,0
LEND_01367,-80.9097,-120.8626,3.74,0.195,0.61,610,0.208,0
LEND_01368,-88.2032,1.339,3.78,0.186,0.54,540,0.191,0
LEND_01369,-87.6246,118.873,3.63,0.22,0.47,470,0.195,0
LEND_01370,-80.286,59.0444,4.18,0.1,1.69,1690,0.357,0
LEND_01371,-88.1902,-58.1876,3.6,0.225,0.75,750,0.249,0
LEND_01372,-81.4561,156.7883,3.96,0.149,0.44,440,0.155,0
LEND_01373,-85.0772,148.3947,3.51,0.245,1.1,1100,0.323,0
LEND_01374,-87.5277,-104.6346,3.78,0.186,1.65,1650,0.393,0
LEND_01375,-81.2925,-165.8097,3.72,0.201,0.88,880,0.26,0
LEND_01376,-85.5469,86.8711,3.77,0.19,1.22,1220,0.317,0
LEND_01377,-84.8518,117.9397,3.85,0.172,0.67,670,0.208,0
LEND_01378,-86.4077,168.4312,3.92,0.157,1.12,1120,0.282,0
LEND_01379,-84.0705,140.3411,3.91,0.159,0.98,980,0.258,0
LEND_01380,-88.3648,36.1925,3.94,0.152,1.12,1120,0.28,0
LEND_01381,-86.0892,10.8188,4.09,0.12,1.18,1180,0.275,0
LEND_01382,-80.3059,-169.9772,4.12,0.114,0.48,480,0.144,0
LEND_01383,-87.4187,-91.2037,4.02,0.136,0.48,480,0.155,0
LEND_01384,-83.4326,-14.5387,3.56,0.235,0.8,800,0.263,0
LEND_01385,-86.7481,46.2614,4.17,0.103,0.52,520,0.146,0
LEND_01386,-82.2653,20.6107,4.16,0.105,0.78,780,0.194,0
LEND_01387,-88.6913,87.349,4.0,0.14,0.35,350,0.134,0
LEND_01388,-80.3018,-79.2839,3.86,0.169,0.97,970,0.261,0
LEND_01389,-85.4621,23.3829,3.68,0.21,0.71,710,0.234,0
LEND_01390,-87.6395,-148.2688,4.03,0.133,2.0,2000,0.43,0
LEND_01391,-89.265,-31.0804,4.11,0.115,1.93,1930,0.408,0
LEND_01392,-88.3024,90.0579,3.97,0.147,0.87,870,0.232,0
LEND_01393,-84.8023,69.6243,3.94,0.153,1.2,1200,0.294,0
LEND_01394,-86.63,176.6314,3.64,0.218,2.12,2120,0.495,0
LEND_01395,-81.7112,-79.9592,3.75,0.193,1.3,1300,0.333,0
LEND_01396,-85.6911,-0.6519,4.01,0.138,1.91,1910,0.416,0
LEND_01397,-87.5129,-61.3691,3.51,0.245,1.87,1870,0.462,0
LEND_01398,-83.8286,-21.3829,3.95,0.151,2.09,2090,0.455,0
LEND_01399,-82.9322,128.502,4.04,0.132,0.88,880,0.226,0
LEND_01400,-88.3296,66.3153,3.73,0.197,0.38,380,0.168,0
LEND_01401,-88.3238,137.6788,3.55,0.236,0.5,500,0.209,0
LEND_01402,-89.6333,-106.736,4.07,0.124,1.39,1390,0.315,0
LEND_01403,-82.636,134.41,3.6,0.226,1.31,1310,0.351,0
LEND_01404,-83.362,-158.4856,3.76,0.191,0.87,870,0.254,0
LEND_01405,-85.2537,139.8957,4.0,0.141,0.77,770,0.21,0
LEND_01406,-81.5583,-61.5334,4.07,0.124,1.65,1650,0.362,0
LEND_01407,-81.9433,-66.7485,4.1,0.117,0.95,950,0.231,0
LEND_01408,-84.1465,4.3519,3.87,0.167,1.45,1450,0.347,0
LEND_01409,-81.3173,158.6485,3.83,0.176,1.65,1650,0.388,0
LEND_01410,-87.9416,-162.7987,4.09,0.12,1.12,1120,0.263,0
LEND_01411,-88.8808,-53.1968,3.89,0.163,0.67,670,0.203,0
LEND_01412,-87.3025,128.3659,3.91,0.16,1.94,1940,0.433,0
LEND_01413,-89.4291,-37.4204,3.8,0.182,0.48,480,0.178,0
LEND_01414,-84.6883,-108.3035,3.76,0.191,1.88,1880,0.437,0
LEND_01415,-80.6339,-27.0741,3.84,0.175,1.89,1890,0.431,0
LEND_01416,-89.6066,-41.2011,3.76,0.192,1.38,1380,0.347,0
LEND_01417,-88.7789,149.5498,3.74,0.196,1.5,1500,0.371,0
LEND_01418,-85.478,94.2964,4.2,0.098,0.98,980,0.227,0
LEND_01419,-80.6612,1.8416,3.74,0.197,1.9,1900,0.444,0
LEND_01420,-86.8384,175.8134,3.68,0.209,0.8,800,0.25,0
LEND_01421,-84.9277,-12.5001,3.75,0.194,1.36,1360,0.344,0
LEND_01422,-89.5843,-159.0344,3.91,0.158,0.3,300,0.134,0
LEND_01423,-88.5166,-85.5812,4.14,0.11,2.09,2090,0.435,0
LEND_01424,-80.1337,-23.0146,4.05,0.129,2.1,2100,0.446,0
LEND_01425,-80.3488,-123.5151,4.09,0.121,1.65,1650,0.36,0
LEND_01426,-89.9506,161.1234,4.1,0.118,1.1,1100,0.259,0
LEND_01427,-80.4819,96.0656,4.14,0.109,0.64,640,0.171,0
LEND_01428,-83.6088,-83.4166,3.66,0.212,1.24,1240,0.331,0
LEND_01429,-81.3208,32.6896,3.82,0.178,1.8,1800,0.416,0
LEND_01430,-85.4526,79.7217,3.77,0.189,1.45,1450,0.358,0
LEND_01431,-84.844,158.8604,3.77,0.19,1.3,1300,0.331,0
LEND_01432,-85.1115,137.3887,3.96,0.149,1.91,1910,0.422,0
LEND_01433,-83.3314,5.4692,3.78,0.187,0.89,890,0.255,0
LEND_01434,-88.6035,98.8749,3.93,0.155,1.93,1930,0.428,0
LEND_01435,-89.7003,22.3721,3.77,0.19,1.13,1130,0.3,0
LEND_01436,-86.9207,18.9734,3.72,0.2,0.3,300,0.155,0
LEND_01437,-82.9532,-138.6929,3.75,0.194,1.69,1690,0.404,0
LEND_01438,-87.9815,-134.5904,4.06,0.126,1.97,1970,0.421,0
LEND_01439,-83.2657,10.6321,3.92,0.157,1.22,1220,0.3,0
LEND_01440,-80.3009,-83.2098,4.18,0.101,1.16,1160,0.261,0
LEND_01441,-89.061,-172.4267,4.08,0.122,1.83,1830,0.394,0
LEND_01442,-83.274,80.2221,3.84,0.174,1.98,1980,0.447,0
LEND_01443,-85.5625,-168.3048,3.67,0.211,2.15,2150,0.496,0
LEND_01444,-81.3186,34.2997,3.97,0.146,0.96,960,0.247,0
LEND_01445,-88.2285,14.1098,4.01,0.138,1.43,1430,0.329,0
LEND_01446,-83.0737,168.7733,3.17,0.318,4.34,4340,0.948,1
LEND_01447,-81.6188,-5.6833,3.66,0.213,1.31,1310,0.345,0
LEND_01448,-80.5539,-157.1035,3.89,0.163,1.18,1180,0.296,0
LEND_01449,-83.1675,18.6077,3.68,0.209,1.39,1390,0.357,0
LEND_01450,-85.0283,122.7946,4.16,0.106,0.98,980,0.231,0
LEND_01451,-83.8215,178.8657,3.94,0.153,0.66,660,0.196,0
LEND_01452,-81.311,-25.0765,3.7,0.203,0.43,430,0.18,0
LEND_01453,-84.2939,-64.6925,3.23,0.305,3.87,3870,0.856,1
LEND_01454,-89.6961,146.3952,4.0,0.139,1.02,1020,0.255,0
LEND_01455,-80.6905,-111.1528,4.0,0.141,1.98,1980,0.43,0
LEND_01456,-83.1047,41.5544,3.92,0.157,0.72,720,0.21,0
LEND_01457,-83.2349,-33.9428,3.93,0.155,0.89,890,0.239,0
LEND_01458,-87.8432,-165.2103,3.92,0.156,2.14,2140,0.467,0
LEND_01459,-83.4111,-54.9761,3.75,0.193,1.36,1360,0.344,0
LEND_01460,-86.0614,-84.5177,4.16,0.106,0.96,960,0.228,0
LEND_01461,-83.4877,66.9928,3.84,0.175,1.94,1940,0.44,0
LEND_01462,-88.9341,161.5646,3.51,0.244,1.71,1710,0.433,0
LEND_01463,-83.4215,-83.503,3.74,0.195,1.39,1390,0.35,0
LEND_01464,-80.0059,112.1277,3.59,0.228,1.99,1990,0.476,0
LEND_01465,-89.5179,-160.0705,3.75,0.193,0.48,480,0.184,0
LEND_01466,-80.2283,13.7236,3.93,0.156,1.05,1050,0.269,0
LEND_01467,-85.9309,-154.602,3.52,0.244,1.84,1840,0.456,0
LEND_01468,-81.2925,156.2519,4.11,0.116,1.03,1030,0.245,0
LEND_01469,-82.1761,95.8865,3.93,0.155,2.06,2060,0.452,0
LEND_01470,-84.3298,56.862,3.71,0.203,0.59,590,0.209,0
LEND_01471,-82.6155,116.6027,3.72,0.2,0.94,940,0.271,0
LEND_01472,-81.2148,53.1071,3.83,0.177,1.11,1110,0.29,0
LEND_01473,-85.9586,168.82,3.67,0.21,1.61,1610,0.398,0
LEND_01474,-86.7297,77.0249,3.5,0.247,0.67,670,0.245,0
LEND_01475,-83.3241,152.8771,3.52,0.243,0.32,320,0.18,0
LEND_01476,-81.9215,6.1675,3.75,0.193,2.16,2160,0.489,0
LEND_01477,-82.3771,-137.8568,3.59,0.229,2.01,2010,0.48,0
LEND_01478,-82.0219,10.144,3.52,0.244,0.87,870,0.28,0
LEND_01479,-85.6442,-134.3258,4.1,0.118,1.22,1220,0.281,0
LEND_01480,-81.8217,33.2977,3.69,0.206,1.23,1230,0.327,0
LEND_01481,-88.7979,-6.3025,3.85,0.172,1.95,1950,0.44,0
LEND_01482,-84.5551,44.1271,3.63,0.22,1.43,1430,0.37,0
LEND_01483,-89.9424,-176.3831,3.53,0.24,1.87,1870,0.46,0
LEND_01484,-86.7541,-109.8574,4.02,0.135,2.03,2030,0.437,0
LEND_01485,-86.3354,-3.121,3.59,0.229,1.38,1380,0.365,0
LEND_01486,-86.0383,162.1813,3.52,0.243,0.84,840,0.274,0
LEND_01487,-83.0453,-41.9007,3.91,0.159,1.25,1250,0.307,0
LEND_01488,-86.1144,-27.2261,3.51,0.245,1.92,1920,0.472,0
LEND_01489,-85.5131,77.2906,3.81,0.182,1.41,1410,0.347,0
LEND_01490,-87.6246,37.3654,3.7,0.204,2.0,2000,0.466,0
LEND_01491,-86.2675,-72.3866,3.72,0.199,2.0,2000,0.463,0
LEND_01492,-87.7273,-32.1061,3.5,0.247,1.01,1010,0.307,0
LEND_01493,-89.268,-101.6281,4.18,0.102,1.15,1150,0.26,0
LEND_01494,-83.9655,167.7677,3.86,0.169,1.59,1590,0.374,0
LEND_01495,-83.3179,-132.9716,3.9,0.161,0.51,510,0.173,0
LEND_01496,-83.8051,-46.1388,3.97,0.147,1.18,1180,0.288,0
LEND_01497,-85.3651,-170.698,4.06,0.127,0.58,580,0.169,0
LEND_01498,-86.2021,-100.1594,3.93,0.156,1.91,1910,0.425,0
LEND_01499,-81.3667,100.9696,4.03,0.133,2.09,2090,0.446,0
LEND_01500,-84.8092,-107.5769,3.81,0.18,0.57,570,0.194,0
LEND_01501,-85.2082,-151.1772,3.76,0.191,1.57,1570,0.381,0
LEND_01502,-89.7436,-9.1969,4.08,0.123,1.51,1510,0.336,0
LEND_01503,-86.5875,-176.4111,4.11,0.117,1.74,1740,0.375,0
LEND_01504,-86.198,-149.4842,3.6,0.227,1.62,1620,0.408,0
LEND_01505,-86.0118,110.7453,3.88,0.166,0.71,710,0.212,0
LEND_01506,-84.1983,97.7304,3.98,0.144,0.85,850,0.227,0
LEND_01507,-84.664,149.45,3.56,0.235,0.61,610,0.228,0
LEND_01508,-83.9209,127.6256,4.15,0.107,2.05,2050,0.426,0
LEND_01509,-82.3512,65.9432,3.86,0.169,1.29,1290,0.319,0
LEND_01510,-81.8701,-161.1602,3.95,0.15,2.15,2150,0.466,0
LEND_01511,-82.8188,101.8255,3.62,0.22,1.15,1150,0.319,0
LEND_01512,-80.4448,124.3839,3.69,0.208,1.35,1350,0.349,0
LEND_01513,-89.8177,107.6696,3.58,0.229,1.8,1800,0.442,0
LEND_01514,-88.0422,3.0525,3.68,0.208,1.81,1810,0.433,0
LEND_01515,-89.9244,-96.1553,3.84,0.173,0.74,740,0.221,0
LEND_01516,-83.5253,124.3188,4.08,0.122,0.85,850,0.215,0
LEND_01517,-81.0197,81.7786,3.87,0.167,0.49,490,0.173,0
LEND_01518,-87.5652,173.074,3.67,0.211,1.83,1830,0.438,0
LEND_01519,-80.7297,-123.9507,3.53,0.241,1.81,1810,0.449,0
LEND_01520,-89.3973,-98.7608,3.94,0.154,0.45,450,0.159,0
LEND_01521,-80.6556,-103.7527,3.79,0.184,0.79,790,0.236,0
LEND_01522,-86.4838,105.3143,4.19,0.099,1.15,1150,0.259,0
LEND_01523,-88.9858,-112.7134,4.05,0.13,1.33,1330,0.307,0
LEND_01524,-85.1413,-156.0025,4.07,0.126,1.29,1290,0.297,0
LEND_01525,-87.4322,179.4819,3.51,0.245,2.17,2170,0.517,0
LEND_01526,-87.1513,-171.0658,4.04,0.13,1.75,1750,0.383,0
LEND_01527,-86.9271,120.6879,3.64,0.218,0.52,520,0.204,0
LEND_01528,-81.9697,-48.4679,3.91,0.159,0.86,860,0.236,0
LEND_01529,-84.6084,122.9816,3.81,0.18,0.96,960,0.265,0
LEND_01530,-86.8869,19.6634,2.99,0.357,4.41,4410,0.98,1
LEND_01531,-83.8967,144.5872,3.08,0.338,3.92,3920,0.882,1
LEND_01532,-82.8385,153.4295,3.82,0.179,0.99,990,0.269,0
LEND_01533,-87.2738,-176.7247,3.53,0.242,1.24,1240,0.346,0
LEND_01534,-85.8645,-152.8516,3.53,0.241,1.31,1310,0.359,0
LEND_01535,-88.7811,-89.8709,2.87,0.383,5.21,5210,0.98,1
LEND_01536,-88.1885,60.9535,4.17,0.104,0.91,910,0.217,0
LEND_01537,-83.1888,139.778,4.04,0.13,1.78,1780,0.389,0
LEND_01538,-88.1856,-14.4209,3.83,0.177,1.95,1950,0.443,0
LEND_01539,-84.7484,38.5103,3.54,0.239,0.37,370,0.187,0
LEND_01540,-82.9095,-112.1401,3.53,0.241,1.45,1450,0.384,0
LEND_01541,-88.9312,109.7881,3.61,0.224,1.5,1500,0.384,0
LEND_01542,-84.3269,168.2381,4.18,0.1,1.7,1700,0.359,0
LEND_01543,-87.4344,-83.3044,3.78,0.187,1.62,1620,0.388,0
LEND_01544,-80.3707,-1.8627,4.09,0.12,1.97,1970,0.418,0
LEND_01545,-85.1645,-148.9982,3.99,0.141,0.45,450,0.152,0
LEND_01546,-81.9401,21.2892,3.92,0.156,1.04,1040,0.267,0
LEND_01547,-84.4977,1.002,4.16,0.105,1.79,1790,0.378,0
LEND_01548,-89.5659,-128.0029,3.66,0.213,1.91,1910,0.454,0
LEND_01549,-83.6685,-20.8562,3.82,0.179,0.8,800,0.235,0
LEND_01550,-80.486,-59.7223,4.11,0.117,1.41,1410,0.315,0
LEND_01551,-83.9839,7.8591,3.89,0.164,0.64,640,0.198,0
LEND_01552,-81.8081,30.8356,3.67,0.21,1.92,1920,0.454,0
LEND_01553,-81.1579,-176.9416,3.65,0.216,1.69,1690,0.415,0
LEND_01554,-87.7192,93.9622,4.03,0.134,0.72,720,0.198,0
LEND_01555,-87.8796,76.6851,3.51,0.245,1.49,1490,0.394,0
LEND_01556,-83.8902,-48.1369,4.14,0.11,1.27,1270,0.286,0
LEND_01557,-85.8897,-160.9431,3.51,0.245,0.79,790,0.266,0
LEND_01558,-81.6014,91.7757,3.94,0.152,2.0,2000,0.44,0
LEND_01559,-80.9998,163.8631,3.92,0.156,0.58,580,0.184,0
LEND_01560,-86.4658,-93.5454,3.9,0.16,1.19,1190,0.296,0
LEND_01561,-87.6313,-63.5311,3.83,0.176,1.41,1410,0.344,0
LEND_01562,-82.1947,-113.8274,4.1,0.119,1.86,1860,0.398,0
LEND_01563,-87.2519,27.697,3.96,0.148,0.59,590,0.181,0
LEND_01564,-81.7739,-124.2571,4.05,0.13,1.46,1460,0.33,0
LEND_01565,-85.7626,-51.7702,3.58,0.23,0.31,310,0.171,0
LEND_01566,-83.3245,70.9247,3.53,0.24,1.86,1860,0.458,0
LEND_01567,-89.0446,21.6418,3.52,0.243,0.75,750,0.258,0
LEND_01568,-83.7614,-40.8735,3.6,0.225,1.67,1670,0.416,0
LEND_01569,-85.4823,-28.7101,3.97,0.147,1.44,1440,0.335,0
LEND_01570,-84.1339,22.3599,3.85,0.173,0.4,400,0.159,0
LEND_01571,-88.3199,-177.8887,4.03,0.134,0.65,650,0.185,0
LEND_01572,-82.6313,-151.7364,3.63,0.218,0.81,810,0.256,0
LEND_01573,-81.372,137.2529,3.76,0.192,1.98,1980,0.456,0
LEND_01574,-87.8326,-151.9636,4.12,0.114,1.21,1210,0.277,0
LEND_01575,-89.0429,74.4493,4.16,0.106,2.04,2040,0.424,0
LEND_01576,-89.7636,151.2137,4.15,0.109,0.39,390,0.125,0
LEND_01577,-83.5803,-82.5539,4.07,0.124,0.31,310,0.118,0
LEND_01578,-83.9291,-46.6231,3.98,0.144,2.1,2100,0.454,0
LEND_01579,-84.533,24.8117,4.14,0.11,1.68,1680,0.36,0
LEND_01580,-87.6805,137.4152,4.0,0.14,1.79,1790,0.395,0
LEND_01581,-86.0909,159.086,4.17,0.104,2.04,2040,0.423,0
LEND_01582,-84.0552,86.2428,3.52,0.244,2.17,2170,0.516,0
LEND_01583,-85.0323,-148.8169,4.15,0.109,0.49,490,0.143,0
LEND_01584,-80.1221,60.8955,3.89,0.164,0.6,600,0.191,0
LEND_01585,-88.6356,-32.2907,3.58,0.23,0.66,660,0.235,0
LEND_01586,-83.0486,-10.5476,3.65,0.215,1.85,1850,0.444,0
LEND_01587,-85.9568,-162.3066,4.1,0.119,0.98,980,0.238,0
LEND_01588,-85.718,-111.2176,3.85,0.171,1.43,1430,0.346,0
LEND_01589,-82.824,104.5849,4.19,0.099,1.92,1920,0.399,0
LEND_01590,-83.0756,-16.5748,3.58,0.23,1.6,1600,0.406,0
LEND_01591,-80.0874,-71.4016,3.79,0.185,0.42,420,0.169,0
LEND_01592,-88.7161,-41.7531,3.73,0.197,1.15,1150,0.308,0
LEND_01593,-88.9589,127.5838,3.86,0.17,0.43,430,0.163,0
LEND_01594,-82.7566,89.6396,3.94,0.152,1.21,1210,0.296,0
LEND_01595,-84.2161,-81.9665,3.96,0.148,0.72,720,0.205,0
LEND_01596,-87.2584,-137.6993,3.5,0.247,0.3,300,0.178,0
LEND_01597,-89.2058,-89.2806,3.56,0.234,1.84,1840,0.452,0
LEND_01598,-89.1434,151.4723,3.52,0.242,2.14,2140,0.51,0
LEND_01599,-81.0581,29.372,4.11,0.117,2.13,2130,0.446,0
LEND_01600,-88.0813,12.0529,3.72,0.2,0.87,870,0.258,0
LEND_01601,-86.7663,34.7017,3.76,0.192,1.87,1870,0.436,0
LEND_01602,-87.7334,-48.2298,3.82,0.18,1.59,1590,0.379,0
LEND_01603,-86.45,110.5585,4.09,0.119,1.82,1820,0.391,0
LEND_01604,-89.3058,8.383,3.51,0.245,1.91,1910,0.47,0
LEND_01605,-84.8094,-137.9708,3.58,0.229,2.16,2160,0.507,0
LEND_01606,-89.3239,-133.5366,2.71,0.417,5.14,5140,0.98,1
LEND_01607,-81.9964,13.2693,4.17,0.102,1.76,1760,0.371,0
LEND_01608,-87.6629,157.1653,3.95,0.151,1.69,1690,0.383,0
LEND_01609,-84.5999,-68.9932,3.68,0.208,0.85,850,0.259,0
LEND_01610,-81.1992,133.0348,3.86,0.169,1.05,1050,0.275,0
LEND_01611,-83.4912,95.0744,4.18,0.101,0.64,640,0.167,0
LEND_01612,-84.6704,-90.7875,3.87,0.168,2.04,2040,0.455,0
LEND_01613,-86.7567,-166.9173,3.76,0.191,1.97,1970,0.454,0
LEND_01614,-86.67,-143.335,3.77,0.19,1.47,1470,0.362,0
LEND_01615,-83.3051,82.2578,4.18,0.102,1.27,1270,0.282,0
LEND_01616,-80.0586,-108.1189,4.0,0.139,0.74,740,0.204,0
LEND_01617,-83.3816,-46.3425,3.98,0.144,1.8,1800,0.399,0
LEND_01618,-84.4222,0.6117,3.66,0.212,0.32,320,0.164,0
LEND_01619,-82.6935,81.1685,3.89,0.163,1.18,1180,0.296,0
LEND_01620,-85.3479,-139.2368,3.75,0.194,1.94,1940,0.45,0
LEND_01621,-89.3986,-33.7081,3.67,0.211,1.48,1480,0.375,0
LEND_01622,-84.377,-5.3738,4.13,0.112,1.51,1510,0.331,0
LEND_01623,-80.4237,14.6977,3.77,0.19,0.43,430,0.173,0
LEND_01624,-88.247,114.6098,3.7,0.205,0.84,840,0.255,0
LEND_01625,-83.1,-118.1958,4.15,0.107,1.58,1580,0.341,0
LEND_01626,-87.9907,110.8193,3.64,0.218,0.39,390,0.18,0
LEND_01627,-84.6417,69.4362,4.02,0.135,0.93,930,0.237,0
LEND_01628,-89.0332,20.1135,3.96,0.149,0.97,970,0.251,0
LEND_01629,-85.4963,71.83,4.14,0.109,1.25,1250,0.282,0
LEND_01630,-82.4384,-31.6736,4.08,0.122,0.99,990,0.241,0
LEND_01631,-86.5243,-130.1769,3.99,0.141,1.16,1160,0.281,0
LEND_01632,-83.3509,59.6755,3.72,0.2,1.34,1340,0.344,0
LEND_01633,-82.0455,8.882,3.85,0.173,0.54,540,0.185,0
LEND_01634,-80.7282,50.1749,4.16,0.105,0.64,640,0.169,0
LEND_01635,-87.6536,-58.3204,3.52,0.244,1.88,1880,0.464,0
LEND_01636,-86.0068,146.472,4.06,0.128,1.17,1170,0.277,0
LEND_01637,-88.4758,31.4532,3.68,0.209,0.97,970,0.281,0
LEND_01638,-80.0752,-149.2551,3.63,0.219,1.12,1120,0.313,0
LEND_01639,-80.73,-18.0706,3.66,0.212,0.63,630,0.221,0
LEND_01640,-84.6004,92.2882,3.54,0.238,0.76,760,0.257,0
LEND_01641,-81.5797,105.8884,4.19,0.098,1.28,1280,0.282,0
LEND_01642,-84.7904,-1.9451,2.76,0.406,5.44,5440,0.98,1
LEND_01643,-83.7641,142.1091,3.86,0.169,1.2,1200,0.303,0
LEND_01644,-89.1088,-83.6394,4.0,0.14,0.58,580,0.175,0
LEND_01645,-82.4473,-32.1845,3.89,0.164,0.6,600,0.191,0
LEND_01646,-88.7229,143.4949,4.07,0.125,1.03,1030,0.25,0
LEND_01647,-81.7393,142.6524,4.09,0.12,1.02,1020,0.246,0
LEND_01648,-82.1797,66.8566,3.66,0.212,1.98,1980,0.466,0
LEND_01649,-82.9126,129.233,3.82,0.178,0.36,360,0.155,0
LEND_01650,-89.6384,-148.0416,3.94,0.152,2.19,2190,0.474,0
LEND_01651,-86.9687,131.3982,4.18,0.1,2.12,2120,0.435,0
LEND_01652,-87.3689,-64.5768,3.98,0.145,1.33,1330,0.314,0
LEND_01653,-86.3986,-115.8007,4.13,0.112,1.67,1670,0.36,0
LEND_01654,-89.1236,-93.8269,4.09,0.12,2.08,2080,0.438,0
LEND_01655,-80.6304,-29.5313,3.91,0.16,0.78,780,0.222,0
LEND_01656,-84.462,-89.5709,4.13,0.113,0.9,900,0.22,0
LEND_01657,-86.9448,-64.5957,3.76,0.19,0.51,510,0.188,0
LEND_01658,-86.0302,-131.4077,3.77,0.19,1.37,1370,0.344,0
LEND_01659,-85.528,-73.3764,4.05,0.13,0.6,600,0.174,0
LEND_01660,-83.9941,26.0222,3.59,0.227,2.07,2070,0.49,0
LEND_01661,-84.8432,-20.9327,3.71,0.201,1.12,1120,0.304,0
LEND_01662,-80.8061,-55.1812,3.93,0.156,2.05,2050,0.451,0
LEND_01663,-85.0304,88.7228,3.79,0.184,0.69,690,0.217,0
LEND_01664,-80.0784,141.6636,4.16,0.106,1.62,1620,0.347,0
LEND_01665,-81.4858,92.4441,4.17,0.103,1.53,1530,0.33,0
LEND_01666,-87.9149,-60.4797,3.85,0.172,1.06,1060,0.279,0
LEND_01667,-80.694,87.9992,3.88,0.166,2.01,2010,0.449,0
LEND_01668,-88.8363,-125.2871,4.01,0.138,1.13,1130,0.275,0
LEND_01669,-81.8255,-133.0855,3.82,0.178,0.68,680,0.213,0
LEND_01670,-86.1938,-55.5743,3.63,0.219,2.16,2160,0.502,0
LEND_01671,-81.2203,110.7729,4.02,0.135,1.14,1140,0.275,0
LEND_01672,-81.3194,-91.3146,4.02,0.136,0.7,700,0.195,0
LEND_01673,-81.9407,-157.2288,3.67,0.21,0.99,990,0.285,0
LEND_01674,-82.0997,-132.5846,4.08,0.122,1.47,1470,0.328,0
LEND_01675,-86.9532,129.1482,3.93,0.155,1.27,1270,0.308,0
LEND_01676,-89.1908,48.162,3.67,0.212,1.51,1510,0.38,0
LEND_01677,-85.9702,-88.8476,3.96,0.149,1.56,1560,0.358,0
LEND_01678,-88.2648,19.9065,3.66,0.212,0.53,530,0.202,0
LEND_01679,-83.0505,9.9287,3.69,0.207,0.9,900,0.267,0
LEND_01680,-86.539,55.957,4.09,0.12,1.72,1720,0.373,0
LEND_01681,-80.2439,-96.0525,2.97,0.361,4.17,4170,0.939,1
LEND_01682,-83.5903,131.1851,3.68,0.209,0.47,470,0.19,0
LEND_01683,-81.7752,-68.6273,4.15,0.108,0.9,900,0.217,0
LEND_01684,-88.6748,69.8874,3.67,0.211,2.07,2070,0.482,0
LEND_01685,-81.3799,-174.1951,3.58,0.23,1.94,1940,0.468,0
LEND_01686,-80.7724,-45.8434,3.54,0.239,1.57,1570,0.405,0
LEND_01687,-85.1294,-53.3845,3.67,0.211,0.44,440,0.185,0
LEND_01688,-83.9375,15.6544,3.77,0.189,1.45,1450,0.358,0
LEND_01689,-82.3519,-153.8149,4.15,0.108,0.32,320,0.112,0
LEND_01690,-88.2516,104.4473,3.67,0.211,1.56,1560,0.389,0
LEND_01691,-84.9743,-101.5989,3.76,0.192,1.69,1690,0.403,0
LEND_01692,-86.0134,63.7336,3.16,0.32,4.72,4720,0.98,1
LEND_01693,-88.5363,109.1564,3.71,0.202,0.31,310,0.157,0
LEND_01694,-86.3247,22.2757,3.98,0.144,1.57,1570,0.358,0
LEND_01695,-89.3183,86.718,3.8,0.182,1.86,1860,0.429,0
LEND_01696,-89.7419,58.2697,3.64,0.218,1.41,1410,0.365,0
LEND_01697,-88.6483,-52.0093,4.01,0.137,1.65,1650,0.368,0
LEND_01698,-80.3688,111.1891,3.52,0.243,0.47,470,0.207,0
LEND_01699,-84.5047,-73.9075,3.7,0.203,1.66,1660,0.403,0
LEND_01700,-80.3418,25.6367,3.75,0.194,1.47,1470,0.364,0
LEND_01701,-85.675,88.3432,3.82,0.178,0.93,930,0.258,0
LEND_01702,-86.8818,-43.5759,3.98,0.145,1.6,1600,0.363,0
LEND_01703,-84.9386,-71.0037,3.82,0.178,1.53,1530,0.367,0
LEND_01704,-85.6049,-14.6354,3.92,0.158,1.44,1440,0.341,0
LEND_01705,-88.9434,114.4669,3.92,0.158,0.65,650,0.197,0
LEND_01706,-83.5917,154.7718,3.76,0.191,0.86,860,0.252,0
LEND_01707,-87.8396,16.23,4.15,0.107,2.18,2180,0.45,0
LEND_01708,-83.8041,58.1278,4.17,0.103,1.12,1120,0.255,0
LEND_01709,-83.498,145.1785,3.91,0.16,0.41,410,0.154,0
LEND_01710,-88.4798,-144.5231,3.55,0.237,2.01,2010,0.484,0
LEND_01711,-89.3865,-96.4517,3.84,0.173,0.63,630,0.201,0
LEND_01712,-82.1924,75.204,3.63,0.22,1.07,1070,0.304,0
LEND_01713,-85.402,116.548,3.84,0.175,0.83,830,0.238,0
LEND_01714,-89.4184,128.5305,3.63,0.219,2.13,2130,0.497,0
LEND_01715,-80.0513,-30.5614,3.99,0.141,1.02,1020,0.256,0
LEND_01716,-89.4222,-147.8376,3.56,0.235,1.65,1650,0.418,0
LEND_01717,-83.0496,-22.3987,3.06,0.343,5.59,5590,0.98,1
LEND_01718,-80.1632,-96.9355,3.64,0.218,0.38,380,0.178,0
LEND_01719,-87.6082,-75.1693,3.96,0.148,1.03,1030,0.261,0
LEND_01720,-88.5775,98.0163,4.14,0.109,1.04,1040,0.244,0
LEND_01721,-88.7862,-152.8102,3.67,0.21,2.18,2180,0.501,0
LEND_01722,-86.9672,117.9292,4.15,0.107,1.84,1840,0.388,0
LEND_01723,-88.9895,-26.0391,3.77,0.189,1.93,1930,0.445,0
LEND_01724,-83.0784,34.583,4.17,0.103,0.9,900,0.215,0
LEND_01725,-89.3771,-147.7252,4.18,0.101,0.93,930,0.22,0
LEND_01726,-84.9058,-58.5507,3.63,0.219,1.28,1280,0.342,0
LEND_01727,-80.033,-147.7077,4.08,0.122,1.5,1500,0.334,0
LEND_01728,-81.8603,166.1557,3.64,0.218,1.68,1680,0.415,0
LEND_01729,-83.8478,110.6142,3.66,0.213,1.86,1860,0.445,0
LEND_01730,-86.9375,-14.5322,3.56,0.235,1.96,1960,0.474,0
LEND_01731,-83.761,-99.5031,3.61,0.224,0.35,350,0.176,0
LEND_01732,-84.7296,156.0438,3.94,0.152,1.81,1810,0.405,0
LEND_01733,-85.7392,-55.9452,3.81,0.18,1.46,1460,0.355,0
LEND_01734,-88.6929,-122.0456,4.05,0.128,1.31,1310,0.302,0
LEND_01735,-81.134,22.7392,3.73,0.197,1.49,1490,0.37,0
LEND_01736,-85.5022,159.7587,4.18,0.101,1.98,1980,0.411,0
LEND_01737,-88.0538,-178.6211,3.53,0.24,1.34,1340,0.364,0
LEND_01738,-86.3224,-94.2751,3.54,0.238,0.61,610,0.23,0
LEND_01739,-85.8587,157.8412,3.99,0.142,1.13,1130,0.276,0
LEND_01740,-81.7246,-118.4091,4.12,0.114,2.06,2060,0.431,0
LEND_01741,-82.6639,-139.2324,4.06,0.128,1.85,1850,0.4,0
LEND_01742,-82.307,25.2674,3.84,0.174,0.69,690,0.212,0
LEND_01743,-89.8897,130.2638,3.69,0.207,1.66,1660,0.405,0
LEND_01744,-85.8385,-8.2405,3.51,0.245,0.79,790,0.266,0
LEND_01745,-85.1866,178.0431,3.86,0.171,0.96,960,0.26,0
LEND_01746,-89.8081,64.5018,3.83,0.176,1.19,1190,0.304,0
LEND_01747,-87.4019,-153.333,3.74,0.195,1.14,1140,0.305,0
LEND_01748,-82.3971,177.4196,3.9,0.16,0.36,360,0.146,0
LEND_01749,-88.6289,-33.1581,4.01,0.138,1.77,1770,0.391,0
LEND_01750,-84.6469,-76.5351,3.99,0.142,1.91,1910,0.418,0
LEND_01751,-87.848,20.8365,3.68,0.208,1.31,1310,0.342,0
LEND_01752,-89.8788,-70.4493,3.91,0.159,0.63,630,0.194,0
LEND_01753,-87.588,-148.8753,3.6,0.225,0.77,770,0.252,0
LEND_01754,-80.2413,-179.4858,3.59,0.229,0.54,540,0.213,0
LEND_01755,-81.9846,-18.15,4.05,0.129,0.62,620,0.177,0
LEND_01756,-80.4042,121.2708,3.99,0.143,1.97,1970,0.43,0
LEND_01757,-85.1215,26.0335,4.04,0.132,1.21,1210,0.286,0
LEND_01758,-88.9026,179.7146,3.61,0.224,0.51,510,0.205,0
LEND_01759,-84.5204,-76.7352,3.1,0.333,4.01,4010,0.895,1
LEND_01760,-85.4562,-79.0362,3.59,0.227,2.1,2100,0.495,0
LEND_01761,-81.5564,-122.4902,4.11,0.116,1.27,1270,0.289,0
LEND_01762,-89.0192,-120.9371,3.07,0.339,5.26,5260,0.98,1
LEND_01763,-85.1176,-77.3328,3.57,0.231,1.3,1300,0.352,0
LEND_01764,-88.4995,105.4224,3.7,0.204,0.51,510,0.195,0
LEND_01765,-86.7532,146.0724,3.63,0.22,2.14,2140,0.499,0
LEND_01766,-82.6264,171.0314,3.84,0.173,0.46,460,0.17,0
LEND_01767,-85.2398,-96.3757,4.16,0.104,1.63,1630,0.349,0
LEND_01768,-86.2411,137.2671,3.73,0.198,0.41,410,0.174,0
LEND_01769,-86.0552,-61.8282,3.93,0.155,1.14,1140,0.285,0
LEND_01770,-85.4055,-139.3774,4.12,0.113,2.01,2010,0.422,0
LEND_01771,-82.1498,133.209,3.94,0.152,1.76,1760,0.396,0
LEND_01772,-81.0792,48.998,3.75,0.193,0.94,940,0.267,0
LEND_01773,-80.4467,-120.6969,4.19,0.098,1.35,1350,0.295,0
LEND_01774,-82.131,-25.2607,3.63,0.219,0.61,610,0.22,0
LEND_01775,-86.8459,-76.5872,3.87,0.169,2.12,2120,0.47,0
LEND_01776,-83.1187,85.246,4.06,0.127,1.65,1650,0.364,0
LEND_01777,-85.624,-16.7702,3.5,0.247,1.01,1010,0.307,0
LEND_01778,-87.4533,176.1408,3.99,0.142,0.9,900,0.234,0
LEND_01779,-81.5913,-160.2918,3.69,0.207,0.75,750,0.24,0
LEND_01780,-89.6157,-52.1945,3.62,0.222,1.79,1790,0.436,0
LEND_01781,-80.9824,-6.5159,3.69,0.206,1.13,1130,0.308,0
LEND_01782,-85.3852,1.1281,4.18,0.102,0.93,930,0.22,0
LEND_01783,-83.628,-66.2631,4.12,0.113,2.02,2020,0.424,0
LEND_01784,-83.4065,82.5265,3.65,0.215,0.59,590,0.215,0
LEND_01785,-81.0488,134.9089,3.58,0.23,0.8,800,0.26,0
LEND_01786,-83.6333,157.9389,3.75,0.192,0.96,960,0.271,0
LEND_01787,-83.8607,109.8336,3.91,0.158,0.79,790,0.223,0
LEND_01788,-89.3335,126.2089,4.11,0.117,1.41,1410,0.315,0
LEND_01789,-84.8159,18.1963,4.18,0.102,1.44,1440,0.313,0
LEND_01790,-88.4983,117.3198,4.03,0.134,0.4,400,0.14,0
LEND_01791,-82.6257,-70.7386,3.92,0.157,0.57,570,0.182,0
LEND_01792,-84.8778,-36.5476,3.6,0.226,0.68,680,0.237,0
LEND_01793,-83.1977,-65.9113,3.55,0.236,0.43,430,0.196,0
LEND_01794,-89.5833,-11.7406,3.92,0.158,0.54,540,0.177,0
LEND_01795,-89.1521,-77.1913,3.88,0.166,0.76,760,0.221,0
LEND_01796,-82.8368,166.1801,4.09,0.12,0.96,960,0.235,0
LEND_01797,-89.2792,-67.3759,3.73,0.199,1.8,1800,0.427,0
LEND_01798,-89.2874,-144.704,3.53,0.241,0.71,710,0.25,0
LEND_01799,-89.8789,9.6542,3.8,0.184,1.57,1570,0.377,0
LEND_01800,-80.435,-159.4443,4.18,0.101,0.41,410,0.125,0
LEND_01801,-82.6249,-140.2045,4.06,0.128,1.55,1550,0.346,0
LEND_01802,-86.4675,-101.0198,3.52,0.242,1.81,1810,0.45,0
LEND_01803,-87.0346,-12.8339,4.11,0.116,1.45,1450,0.321,0
LEND_01804,-86.503,-24.0297,3.83,0.176,0.68,680,0.212,0
LEND_01805,-82.2535,107.8891,3.76,0.192,0.93,930,0.265,0
LEND_01806,-83.3863,86.2109,3.74,0.195,1.83,1830,0.43,0
LEND_01807,-88.148,-26.5254,3.92,0.158,1.12,1120,0.282,0
LEND_01808,-88.2589,-59.8665,3.87,0.167,0.78,780,0.226,0
LEND_01809,-89.016,-66.0712,3.96,0.148,2.07,2070,0.451,0
LEND_01810,-83.397,98.6382,3.9,0.161,1.51,1510,0.355,0
LEND_01811,-82.3563,-161.2539,2.98,0.359,4.06,4060,0.918,1
LEND_01812,-87.3495,-175.3842,3.06,0.342,4.95,4950,0.98,1
LEND_01813,-89.7906,106.396,4.09,0.121,0.94,940,0.231,0
LEND_01814,-89.1783,-8.2273,3.96,0.147,1.17,1170,0.286,0
LEND_01815,-80.3214,-132.8828,3.81,0.18,1.42,1420,0.348,0
LEND_01816,-87.0456,-95.1963,3.63,0.22,0.66,660,0.23,0
LEND_01817,-82.3078,155.7014,3.51,0.246,1.25,1250,0.35,0
LEND_01818,-83.7534,129.4211,3.72,0.2,1.6,1600,0.391,0
LEND_01819,-86.1806,75.5226,3.54,0.239,0.96,960,0.294,0
LEND_01820,-87.9431,-6.3989,3.84,0.175,1.61,1610,0.38,0
LEND_01821,-88.7861,7.3165,4.08,0.124,1.04,1040,0.251,0
LEND_01822,-83.8499,171.088,3.7,0.204,1.19,1190,0.319,0
LEND_01823,-82.2537,167.6774,4.09,0.12,0.56,560,0.162,0
LEND_01824,-83.561,-102.5031,3.99,0.141,1.54,1540,0.351,0
LEND_01825,-84.697,111.9976,3.59,0.228,0.73,730,0.247,0
LEND_01826,-89.5805,-108.9926,3.95,0.15,1.87,1870,0.415,0
LEND_01827,-80.3151,-103.1265,3.61,0.224,1.35,1350,0.358,0
LEND_01828,-82.0129,63.3935,3.96,0.149,1.36,1360,0.322,0
LEND_01829,-87.0718,-34.1996,3.6,0.226,2.03,2030,0.482,0
LEND_01830,-80.2003,155.356,3.77,0.188,0.62,620,0.207,0
LEND_01831,-83.9812,-147.9565,3.9,0.162,1.31,1310,0.319,0
LEND_01832,-84.1758,4.1492,3.54,0.24,1.03,1030,0.307,0
LEND_01833,-82.5193,150.6678,3.61,0.224,2.14,2140,0.501,0
LEND_01834,-81.8823,145.4809,3.72,0.199,1.81,1810,0.429,0
LEND_01835,-83.4352,-123.6495,3.82,0.178,1.74,1740,0.405,0
LEND_01836,-88.719,-48.0104,4.1,0.118,0.69,690,0.184,0
LEND_01837,-86.6173,42.8837,3.63,0.219,0.75,750,0.246,0
LEND_01838,-80.7192,-122.6178,3.2,0.313,5.08,5080,0.98,1
LEND_01839,-87.7538,168.488,3.83,0.176,1.51,1510,0.362,0
LEND_01840,-86.2783,149.3098,3.71,0.203,1.0,1000,0.283,0
LEND_01841,-85.6792,-119.8979,3.94,0.153,0.89,890,0.238,0
LEND_01842,-85.606,-136.384,3.68,0.209,1.51,1510,0.379,0
LEND_01843,-83.8706,-149.2529,4.04,0.131,1.87,1870,0.406,0
LEND_01844,-80.5692,147.3997,3.85,0.171,0.55,550,0.186,0
LEND_01845,-87.5931,-110.2954,3.56,0.234,2.05,2050,0.49,0
LEND_01846,-88.785,-30.1374,3.94,0.153,0.37,370,0.144,0
LEND_01847,-88.0253,-18.4135,3.9,0.162,0.48,480,0.168,0
LEND_01848,-81.1308,35.644,3.74,0.196,1.89,1890,0.442,0
LEND_01849,-83.5419,-154.1753,3.51,0.246,1.24,1240,0.348,0
LEND_01850,-87.1409,-98.3669,3.64,0.217,2.08,2080,0.487,0
LEND_01851,-81.8405,155.3365,3.78,0.186,1.18,1180,0.308,0
LEND_01852,-81.3863,147.0276,3.64,0.217,2.06,2060,0.483,0
LEND_01853,-81.5349,101.2646,3.9,0.16,0.76,760,0.218,0
LEND_01854,-80.8107,-173.0156,4.0,0.14,1.47,1470,0.337,0
LEND_01855,-87.4776,-62.2776,4.1,0.118,2.19,2190,0.457,0
LEND_01856,-82.4496,46.0651,3.95,0.15,1.01,1010,0.259,0
LEND_01857,-85.3946,-80.9315,3.98,0.144,0.3,300,0.126,0
LEND_01858,-81.58,147.4512,3.93,0.156,0.42,420,0.154,0
LEND_01859,-82.7151,48.2002,4.19,0.099,1.93,1930,0.4,0
LEND_01860,-82.2355,-154.1136,3.68,0.208,1.23,1230,0.328,0
LEND_01861,-83.4384,147.242,3.69,0.207,1.32,1320,0.344,0
LEND_01862,-88.2257,164.796,3.59,0.228,1.82,1820,0.445,0
LEND_01863,-84.5497,-152.0235,3.84,0.174,1.84,1840,0.422,0
LEND_01864,-80.1533,11.6497,3.57,0.233,1.21,1210,0.336,0
LEND_01865,-80.6261,-70.7889,3.69,0.207,1.93,1930,0.454,0
LEND_01866,-89.5683,-38.5779,2.75,0.408,5.72,5720,0.98,1
LEND_01867,-88.3519,-115.3256,4.17,0.103,1.58,1580,0.339,0
LEND_01868,-88.6827,28.106,4.17,0.102,0.36,360,0.117,0
LEND_01869,-82.7402,164.8726,2.86,0.384,3.64,3640,0.854,1
LEND_01870,-81.8221,1.1061,3.77,0.189,1.92,1920,0.443,0
LEND_01871,-87.8649,-150.1508,4.11,0.117,0.89,890,0.22,0
LEND_01872,-84.9415,43.2005,4.11,0.116,0.94,940,0.229,0
LEND_01873,-81.593,-57.5197,4.14,0.11,1.56,1560,0.339,0
LEND_01874,-82.672,128.1331,3.95,0.151,1.43,1430,0.335,0
LEND_01875,-84.5776,-23.5159,3.64,0.217,0.46,460,0.192,0
LEND_01876,-84.0965,-110.5777,3.56,0.234,1.75,1750,0.435,0
LEND_01877,-84.9164,-111.202,4.14,0.11,1.47,1470,0.322,0
LEND_01878,-87.0245,96.7551,3.54,0.239,1.93,1930,0.47,0
LEND_01879,-84.3498,-84.3885,3.71,0.203,1.32,1320,0.341,0
LEND_01880,-83.1111,96.204,2.86,0.385,4.21,4210,0.958,1
LEND_01881,-81.2668,-105.8806,3.52,0.244,1.01,1010,0.306,0
LEND_01882,-83.6371,-64.1929,4.13,0.111,0.31,310,0.112,0
LEND_01883,-82.3888,-12.4247,3.7,0.204,0.38,380,0.171,0
LEND_01884,-88.3993,159.5505,3.52,0.243,0.55,550,0.222,0
LEND_01885,-85.3844,155.4233,4.2,0.098,2.07,2070,0.425,0
LEND_01886,-89.9067,-105.5261,3.72,0.2,1.97,1970,0.458,0
LEND_01887,-87.5332,-51.0411,4.11,0.115,1.24,1240,0.283,0
LEND_01888,-82.7354,-126.2162,3.82,0.179,0.64,640,0.206,0
LEND_01889,-80.0819,3.5946,3.96,0.147,0.58,580,0.179,0
LEND_01890,-89.0082,-14.1903,3.67,0.211,0.79,790,0.249,0
LEND_01891,-85.9851,144.2737,3.85,0.172,2.03,2030,0.455,0
LEND_01892,-81.9993,154.8019,3.68,0.209,1.29,1290,0.339,0
LEND_01893,-87.9596,-41.9157,4.17,0.104,1.83,1830,0.385,0
LEND_01894,-84.4492,-2.9743,3.54,0.238,1.26,1260,0.348,0
LEND_01895,-82.6693,142.645,3.69,0.206,1.46,1460,0.368,0
LEND_01896,-83.8401,110.4148,4.13,0.113,1.46,1460,0.322,0
LEND_01897,-88.1198,-178.6837,3.12,0.33,4.94,4940,0.98,1
LEND_01898,-86.4462,-64.7786,3.92,0.157,1.15,1150,0.288,0
LEND_01899,-82.1621,-28.1613,3.96,0.149,1.94,1940,0.427,0
LEND_01900,-84.4577,-97.3021,3.55,0.237,1.23,1230,0.342,0
LEND_01901,-89.9477,-108.1542,3.51,0.245,1.13,1130,0.328,0
LEND_01902,-82.3901,-166.3976,4.16,0.106,1.3,1300,0.289,0
LEND_01903,-89.6469,51.6131,3.69,0.206,1.02,1020,0.289,0
LEND_01904,-82.5427,-85.4963,3.77,0.19,1.28,1280,0.328,0
LEND_01905,-87.9752,-161.155,3.98,0.145,0.56,560,0.174,0
LEND_01906,-80.4193,-96.8474,3.11,0.331,4.79,4790,0.98,1
LEND_01907,-86.3206,108.689,4.01,0.137,0.36,360,0.134,0
LEND_01908,-86.7307,126.5361,3.82,0.178,1.22,1220,0.311,0
LEND_01909,-88.5111,-6.0962,4.1,0.118,0.7,700,0.186,0
LEND_01910,-86.944,-30.2146,3.69,0.205,0.41,410,0.177,0
LEND_01911,-81.2335,172.0273,3.64,0.217,1.54,1540,0.388,0
LEND_01912,-80.0367,-107.7967,4.08,0.122,2.17,2170,0.456,0
LEND_01913,-86.3169,-102.4707,3.07,0.34,3.93,3930,0.885,1
LEND_01914,-85.5139,-74.9278,3.79,0.185,0.78,780,0.234,0
LEND_01915,-82.7793,-117.8074,4.06,0.128,1.24,1240,0.289,0
LEND_01916,-81.138,-43.4284,3.94,0.152,0.39,390,0.147,0
LEND_01917,-84.0696,147.9003,3.81,0.181,1.31,1310,0.329,0
LEND_01918,-86.0847,41.5252,3.67,0.21,0.49,490,0.194,0
LEND_01919,-85.8738,-31.6992,4.03,0.132,1.81,1810,0.395,0
LEND_01920,-83.0438,156.3879,2.89,0.378,5.39,5390,0.98,1
LEND_01921,-89.9678,-162.5529,4.15,0.108,0.32,320,0.112,0
LEND_01922,-83.8041,-104.3006,2.75,0.408,4.82,4820,0.98,1
LEND_01923,-86.4451,23.7199,4.06,0.126,2.09,2090,0.443,0
LEND_01924,-82.058,41.5989,3.8,0.183,0.46,460,0.175,0
LEND_01925,-89.0701,-165.7593,3.63,0.219,0.83,830,0.261,0
LEND_01926,-84.118,-34.906,3.78,0.187,1.71,1710,0.404,0
LEND_01927,-85.1903,53.6954,3.66,0.214,1.33,1330,0.349,0
LEND_01928,-83.5767,71.3054,3.6,0.227,2.1,2100,0.495,0
LEND_01929,-89.3515,49.7304,3.67,0.211,1.04,1040,0.295,0
LEND_01930,-84.2002,-64.5972,4.11,0.117,0.31,310,0.115,0
LEND_01931,-84.3852,-146.3328,3.57,0.231,0.34,340,0.177,0
LEND_01932,-84.3934,-26.2395,4.18,0.101,1.37,1370,0.3,0
LEND_01933,-83.9651,-133.6484,3.5,0.247,1.73,1730,0.438,0
LEND_01934,-83.2353,161.1445,3.96,0.148,1.8,1800,0.401,0
LEND_01935,-81.9501,-8.9385,4.1,0.118,2.03,2030,0.428,0
LEND_01936,-87.3018,-65.7867,4.15,0.107,0.74,740,0.188,0
LEND_01937,-81.7495,95.8695,3.6,0.226,1.7,1700,0.422,0
LEND_01938,-85.0174,-0.7385,3.99,0.142,1.87,1870,0.411,0
LEND_01939,-89.2294,-68.3878,3.58,0.231,1.89,1890,0.459,0
LEND_01940,-89.4145,112.3084,3.75,0.194,1.08,1080,0.293,0
LEND_01941,-86.6576,132.1748,4.01,0.137,1.49,1490,0.339,0
LEND_01942,-82.151,62.2829,3.74,0.195,1.35,1350,0.343,0
LEND_01943,-82.9232,-163.0928,3.72,0.2,1.44,1440,0.362,0
LEND_01944,-82.1139,23.8762,3.58,0.23,0.84,840,0.268,0
LEND_01945,-84.8273,94.7862,3.55,0.237,1.6,1600,0.41,0
LEND_01946,-85.598,-130.8589,3.58,0.23,1.65,1650,0.415,0
LEND_01947,-88.5255,-97.6785,4.11,0.116,0.67,670,0.18,0
LEND_01948,-86.7181,137.6982,3.51,0.246,1.14,1140,0.33,0
LEND_01949,-85.6598,-172.7562,3.99,0.143,1.1,1100,0.272,0
LEND_01950,-89.114,90.9818,4.04,0.132,1.72,1720,0.379,0
LEND_01951,-87.7939,-9.4416,3.9,0.162,1.57,1570,0.366,0
LEND_01952,-84.0177,-19.162,4.01,0.137,1.2,1200,0.287,0
LEND_01953,-82.6434,-177.4452,3.96,0.149,1.54,1540,0.355,0
LEND_01954,-80.0165,114.9834,3.82,0.179,0.8,800,0.235,0
LEND_01955,-80.6689,-50.463,3.77,0.19,0.74,740,0.229,0
LEND_01956,-83.5743,14.6756,4.16,0.106,0.76,760,0.191,0
LEND_01957,-85.7875,63.8282,4.18,0.101,0.36,360,0.116,0
LEND_01958,-83.6382,72.9466,3.96,0.149,1.61,1610,0.367,0
LEND_01959,-82.1435,164.1528,3.64,0.218,2.17,2170,0.503,0
LEND_01960,-88.8166,11.2824,3.81,0.18,0.89,890,0.252,0
LEND_01961,-85.901,-36.101,3.85,0.173,2.07,2070,0.463,0
LEND_01962,-81.602,163.3333,4.03,0.133,1.45,1450,0.33,0
LEND_01963,-86.1617,51.1597,3.97,0.147,0.73,730,0.206,0
LEND_01964,-84.2813,-72.6659,3.86,0.17,0.32,320,0.143,0
LEND_01965,-84.1223,-134.4729,3.98,0.145,1.68,1680,0.378,0
LEND_01966,-88.1552,123.3196,3.52,0.244,1.62,1620,0.416,0
LEND_01967,-86.3776,-49.6146,4.04,0.13,0.74,740,0.2,0
LEND_01968,-86.6549,57.7691,3.65,0.215,0.93,930,0.277,0
LEND_01969,-89.738,-10.5061,3.96,0.148,2.01,2010,0.44,0
LEND_01970,-89.7581,-108.3853,3.58,0.23,0.6,600,0.224,0
LEND_01971,-81.683,36.6072,3.58,0.23,1.89,1890,0.459,0
LEND_01972,-87.2693,-158.1541,3.52,0.242,0.62,620,0.234,0
LEND_01973,-84.8192,-31.1967,4.14,0.11,1.22,1220,0.277,0
LEND_01974,-87.0127,16.7814,3.92,0.156,1.25,1250,0.305,0
LEND_01975,-80.5932,-23.0231,3.75,0.193,1.2,1200,0.315,0
LEND_01976,-87.407,89.522,4.05,0.129,0.85,850,0.219,0
LEND_01977,-85.7034,118.053,3.94,0.153,0.78,780,0.218,0
LEND_01978,-81.2727,97.6475,3.93,0.154,1.69,1690,0.384,0
LEND_01979,-81.5807,-166.0273,3.08,0.339,3.51,3510,0.808,1
LEND_01980,-88.139,-110.1136,3.51,0.246,1.46,1460,0.389,0
LEND_01981,-81.9736,13.1787,3.68,0.208,1.91,1910,0.451,0
LEND_01982,-85.4181,156.5359,3.58,0.231,1.89,1890,0.459,0
LEND_01983,-85.1703,120.5844,3.96,0.148,0.62,620,0.187,0
LEND_01984,-88.6652,123.3124,3.67,0.21,1.54,1540,0.385,0
LEND_01985,-89.194,-70.8451,3.82,0.18,1.44,1440,0.352,0
LEND_01986,-82.7206,-25.3988,3.75,0.194,0.84,840,0.25,0
LEND_01987,-85.0354,-10.5459,3.6,0.226,1.04,1040,0.302,0
LEND_01988,-85.6315,-123.3462,4.17,0.103,0.84,840,0.204,0
LEND_01989,-82.7049,-168.8155,4.15,0.107,1.32,1320,0.293,0
LEND_01990,-82.3449,160.885,3.56,0.235,1.83,1830,0.45,0
LEND_01991,-88.4109,-93.3435,4.08,0.123,1.97,1970,0.42,0
LEND_01992,-83.8977,-93.6184,3.84,0.174,1.67,1670,0.391,0
LEND_01993,-88.6465,-149.9835,4.04,0.131,1.22,1220,0.287,0
LEND_01994,-82.4862,154.2628,3.61,0.225,2.12,2120,0.498,0
LEND_01995,-83.4304,28.7054,3.59,0.227,1.37,1370,0.363,0
LEND_01996,-80.4339,60.1333,4.12,0.113,1.21,1210,0.277,0
LEND_01997,-89.3104,148.1677,4.13,0.112,1.93,1930,0.407,0
LEND_01998,-89.4295,-55.5767,3.83,0.177,0.65,650,0.207,0
LEND_01999,-87.1781,43.7426,4.11,0.116,0.6,600,0.167,0
LEND_02000,-87.3829,-166.0322,3.97,0.147,1.79,1790,0.399,0
LEND_02001,-87.5302,-112.7619,3.63,0.219,1.95,1950,0.464,0
LEND_02002,-80.9375,119.2485,3.73,0.198,0.44,440,0.179,0
LEND_02003,-87.5045,96.0366,3.6,0.227,1.75,1750,0.432,0
LEND_02004,-87.2805,-53.7686,4.04,0.131,1.11,1110,0.267,0
LEND_02005,-82.406,-44.3482,4.19,0.099,1.64,1640,0.348,0
LEND_02006,-85.5026,12.0796,3.88,0.165,0.56,560,0.184,0
LEND_02007,-82.2329,-179.9132,3.96,0.149,2.15,2150,0.465,0
LEND_02008,-89.3463,-93.152,4.02,0.135,1.97,1970,0.426,0
LEND_02009,-85.1243,-105.0365,3.66,0.214,1.07,1070,0.301,0
LEND_02010,-89.6639,-89.8261,3.74,0.197,2.0,2000,0.462,0
LEND_02011,-89.3735,110.1261,3.79,0.185,2.0,2000,0.456,0
LEND_02012,-80.9356,-79.3174,3.92,0.158,1.18,1180,0.293,0
LEND_02013,-88.6075,-111.0523,4.1,0.119,2.1,2100,0.441,0
LEND_02014,-84.6758,1.5348,3.68,0.209,2.16,2160,0.497,0
LEND_02015,-85.889,131.6322,3.83,0.176,0.71,710,0.217,0
LEND_02016,-86.5266,-93.1141,4.03,0.134,0.43,430,0.145,0
LEND_02017,-81.0017,-151.727,3.56,0.234,0.93,930,0.286,0
LEND_02018,-89.7818,-51.6943,3.86,0.17,1.23,1230,0.309,0
LEND_02019,-83.3621,89.1547,3.6,0.226,0.48,480,0.2,0
LEND_02020,-80.3661,18.2486,3.88,0.166,0.57,570,0.187,0
LEND_02021,-84.3983,114.0456,4.04,0.132,2.15,2150,0.457,0
LEND_02022,-80.6318,165.4532,3.67,0.212,1.7,1700,0.415,0
LEND_02023,-89.4774,105.3585,4.09,0.119,1.96,1960,0.416,0
LEND_02024,-85.8121,37.3691,3.73,0.197,2.15,2150,0.489,0
LEND_02025,-87.3984,-2.397,3.63,0.219,1.02,1020,0.295,0
LEND_02026,-82.6918,-165.5751,3.83,0.177,1.61,1610,0.381,0
LEND_02027,-80.187,174.3559,4.11,0.115,0.65,650,0.176,0
LEND_02028,-87.4347,-41.9468,3.55,0.237,1.35,1350,0.364,0
LEND_02029,-83.4583,-125.1978,3.73,0.198,0.7,700,0.226,0
LEND_02030,-88.019,60.0152,3.96,0.149,0.6,600,0.184,0
LEND_02031,-84.3467,-77.6562,3.75,0.193,0.49,490,0.186,0
LEND_02032,-85.3607,30.8802,3.55,0.237,1.4,1400,0.373,0
LEND_02033,-80.2799,31.2364,3.73,0.197,2.1,2100,0.48,0
LEND_02034,-83.9147,-19.5373,4.07,0.124,0.53,530,0.158,0
LEND_02035,-86.5049,121.0027,4.18,0.102,1.25,1250,0.278,0
LEND_02036,-88.859,-84.6119,3.53,0.241,1.61,1610,0.413,0
LEND_02037,-88.4875,-18.4923,3.9,0.162,1.24,1240,0.306,0
LEND_02038,-87.7468,13.5692,3.57,0.231,2.03,2030,0.485,0
LEND_02039,-87.4903,58.9049,3.98,0.145,0.62,620,0.185,0
LEND_02040,-81.4938,102.2299,3.51,0.246,0.35,350,0.187,0
LEND_02041,-84.3878,-37.8694,3.51,0.245,1.03,1030,0.31,0
LEND_02042,-84.7661,52.5769,4.04,0.13,1.36,1360,0.312,0
LEND_02043,-88.8523,-125.7801,3.55,0.236,0.78,780,0.26,0
LEND_02044,-81.3986,155.7533,3.02,0.351,4.58,4580,0.98,1
LEND_02045,-82.7719,-42.0988,4.17,0.103,1.83,1830,0.384,0
LEND_02046,-89.3233,82.6277,4.19,0.099,0.66,660,0.169,0
LEND_02047,-82.9216,-172.6772,3.61,0.223,1.14,1140,0.319,0
LEND_02048,-84.5646,-106.1326,3.89,0.163,2.11,2110,0.465,0
LEND_02049,-89.1827,-4.6503,2.87,0.382,4.79,4790,0.98,1
LEND_02050,-85.417,136.1709,3.82,0.179,1.25,1250,0.317,0
LEND_02051,-85.153,9.8119,2.84,0.39,4.48,4480,0.98,1
LEND_02052,-88.3423,154.7534,4.03,0.134,1.29,1290,0.301,0
LEND_02053,-80.543,-5.8331,4.04,0.132,1.7,1700,0.375,0
LEND_02054,-81.5002,-3.4383,3.69,0.207,1.86,1860,0.442,0
LEND_02055,-83.3098,-136.8912,3.8,0.182,1.53,1530,0.369,0
LEND_02056,-85.377,108.9562,3.84,0.174,1.8,1800,0.414,0
LEND_02057,-85.8823,-91.0925,3.71,0.202,0.47,470,0.187,0
LEND_02058,-83.4903,143.8605,3.57,0.233,0.33,330,0.177,0
LEND_02059,-84.5457,147.8967,3.59,0.228,1.7,1700,0.423,0
LEND_02060,-89.3773,159.5916,3.63,0.22,0.8,800,0.256,0
LEND_02061,-84.875,7.283,3.64,0.217,1.97,1970,0.467,0
LEND_02062,-81.936,63.7538,3.67,0.211,1.32,1320,0.345,0
LEND_02063,-85.4076,100.2657,3.68,0.209,1.21,1210,0.324,0
LEND_02064,-89.4804,-132.8347,3.82,0.179,1.77,1770,0.411,0
LEND_02065,-82.1372,36.3446,3.86,0.171,1.71,1710,0.396,0
LEND_02066,-87.9864,-167.6528,2.95,0.365,4.27,4270,0.959,1
LEND_02067,-87.4138,-0.8762,4.14,0.111,1.61,1610,0.348,0
LEND_02068,-88.3529,-124.2566,3.89,0.164,1.28,1280,0.315,0
LEND_02069,-86.6978,-114.1477,4.05,0.129,2.06,2060,0.439,0
LEND_02070,-82.4325,-48.5829,4.15,0.108,1.99,1990,0.416,0
LEND_02071,-84.8061,-24.3226,3.61,0.223,0.93,930,0.28,0
LEND_02072,-87.9512,44.3421,3.8,0.183,1.83,1830,0.424,0
LEND_02073,-81.2217,-153.2058,3.8,0.182,1.99,1990,0.453,0
LEND_02074,-81.2042,1.329,3.75,0.194,1.47,1470,0.364,0
LEND_02075,-81.2942,-114.255,3.51,0.246,1.36,1360,0.37,0
LEND_02076,-87.612,26.6311,3.07,0.34,4.23,4230,0.939,1
LEND_02077,-85.4876,49.4657,3.58,0.231,0.61,610,0.226,0
LEND_02078,-80.1501,20.4153,4.2,0.097,0.47,470,0.134,0
LEND_02079,-82.2799,85.7864,4.04,0.131,1.86,1860,0.404,0
LEND_02080,-89.7283,-59.1807,3.91,0.16,1.39,1390,0.333,0
LEND_02081,-89.348,95.4384,3.61,0.224,0.53,530,0.208,0
LEND_02082,-85.3607,-24.2039,3.86,0.17,1.09,1090,0.283,0
LEND_02083,-80.9078,-5.6936,3.68,0.208,0.87,870,0.262,0
LEND_02084,-84.613,53.3168,3.68,0.209,1.96,1960,0.461,0
LEND_02085,-85.0219,-173.391,4.08,0.122,1.26,1260,0.29,0
LEND_02086,-88.9453,55.4379,3.77,0.19,1.4,1400,0.35,0
LEND_02087,-83.4322,42.6907,3.82,0.179,0.75,750,0.226,0
LEND_02088,-81.779,-68.455,4.09,0.12,1.82,1820,0.391,0
LEND_02089,-86.1958,-149.1141,3.56,0.234,2.07,2070,0.493,0
LEND_02090,-82.2439,-147.2632,3.92,0.158,1.81,1810,0.408,0
LEND_02091,-80.3552,152.3605,3.9,0.16,1.24,1240,0.306,0
LEND_02092,-87.9623,68.1406,3.8,0.183,1.89,1890,0.435,0
LEND_02093,-84.7667,-134.2431,4.08,0.122,0.66,660,0.181,0
LEND_02094,-87.1286,-51.5797,4.16,0.105,0.52,520,0.147,0
LEND_02095,-82.0715,33.2939,3.83,0.177,1.13,1130,0.294,0
LEND_02096,-84.2241,120.8058,3.82,0.179,0.64,640,0.206,0
LEND_02097,-83.6542,-164.2821,3.85,0.172,0.79,790,0.23,0
LEND_02098,-82.0209,-94.8121,4.01,0.138,1.41,1410,0.326,0
LEND_02099,-86.0403,140.3096,3.97,0.147,1.07,1070,0.268,0
LEND_02100,-80.8491,-176.7004,3.66,0.214,1.95,1950,0.461,0
LEND_02101,-84.6697,-107.4963,3.54,0.238,0.73,730,0.252,0
LEND_02102,-88.4205,165.2487,4.16,0.104,2.19,2190,0.45,0
LEND_02103,-83.041,40.8247,3.68,0.208,0.98,980,0.282,0
LEND_02104,-82.0674,-85.7983,3.95,0.151,1.28,1280,0.308,0
LEND_02105,-86.8324,-155.8832,4.08,0.123,0.55,550,0.161,0
LEND_02106,-81.4282,-169.8511,3.71,0.202,1.4,1400,0.356,0
LEND_02107,-80.9386,-91.8918,3.94,0.152,2.13,2130,0.463,0
LEND_02108,-87.231,137.3349,3.58,0.231,1.72,1720,0.428,0
LEND_02109,-80.1648,-30.2711,4.18,0.101,0.76,760,0.189,0
LEND_02110,-88.5929,79.32,3.54,0.239,1.14,1140,0.327,0
LEND_02111,-87.9798,150.5826,3.81,0.181,1.11,1110,0.292,0
LEND_02112,-88.1578,-33.1054,3.88,0.167,0.49,490,0.172,0
LEND_02113,-81.0601,-111.1401,4.05,0.128,1.98,1980,0.424,0
LEND_02114,-83.4571,6.1625,3.58,0.229,1.02,1020,0.3,0
LEND_02115,-88.479,146.9101,3.81,0.181,1.24,1240,0.316,0
LEND_02116,-85.5968,109.5748,3.71,0.202,0.85,850,0.256,0
LEND_02117,-83.847,-156.3013,3.72,0.2,0.59,590,0.207,0
LEND_02118,-89.1654,69.3262,4.05,0.13,2.01,2010,0.43,0
LEND_02119,-81.1758,25.8831,3.5,0.246,0.37,370,0.191,0
LEND_02120,-81.964,146.6867,4.02,0.135,1.06,1060,0.26,0
LEND_02121,-84.9479,-135.9067,4.07,0.125,1.69,1690,0.37,0
LEND_02122,-80.3287,12.253,4.13,0.112,0.89,890,0.218,0
LEND_02123,-85.8224,136.6066,3.94,0.153,1.15,1150,0.286,0
LEND_02124,-80.1589,-32.3914,3.73,0.197,1.37,1370,0.348,0
LEND_02125,-83.3208,-6.4818,3.8,0.183,2.19,2190,0.49,0
LEND_02126,-83.6533,-154.6342,4.18,0.101,1.74,1740,0.367,0
LEND_02127,-88.3405,-79.8683,4.12,0.115,2.14,2140,0.446,0
LEND_02128,-81.1807,-63.1776,3.82,0.178,1.62,1620,0.383,0
LEND_02129,-85.7251,160.2441,4.16,0.105,0.81,810,0.2,0
LEND_02130,-88.3777,-78.2398,4.08,0.123,0.85,850,0.216,0
LEND_02131,-89.8739,-14.0873,4.13,0.112,1.86,1860,0.394,0
LEND_02132,-84.4024,61.6696,3.98,0.144,1.11,1110,0.274,0
LEND_02133,-84.726,-121.614,4.1,0.118,1.0,1000,0.241,0
LEND_02134,-82.8065,-4.8807,4.12,0.113,2.1,2100,0.438,0
LEND_02135,-81.0974,85.8741,3.56,0.233,0.33,330,0.177,0
LEND_02136,-89.2059,132.0679,4.18,0.102,1.3,1300,0.287,0
LEND_02137,-82.685,45.4533,3.73,0.197,1.77,1770,0.42,0
LEND_02138,-88.1259,60.8593,3.81,0.181,1.7,1700,0.4,0
LEND_02139,-81.4182,-134.5379,4.05,0.128,1.0,1000,0.246,0
LEND_02140,-81.8094,160.4795,3.97,0.147,1.32,1320,0.314,0
LEND_02141,-84.5921,-132.2733,4.13,0.113,0.31,310,0.113,0
LEND_02142,-82.8976,98.8823,3.78,0.187,1.32,1320,0.334,0
LEND_02143,-86.8565,-84.6661,3.76,0.191,1.42,1420,0.354,0
LEND_02144,-85.2883,156.0935,3.52,0.243,1.96,1960,0.478,0
LEND_02145,-81.7836,79.1854,3.82,0.178,0.7,700,0.216,0
LEND_02146,-85.4073,91.3729,4.01,0.138,1.87,1870,0.409,0
LEND_02147,-86.422,-101.1387,3.71,0.202,1.66,1660,0.403,0
LEND_02148,-85.0579,-20.5056,3.82,0.178,1.57,1570,0.374,0
LEND_02149,-81.7175,42.4128,3.65,0.214,1.05,1050,0.298,0
LEND_02150,-86.6479,97.1905,4.04,0.131,1.0,1000,0.247,0
LEND_02151,-88.2624,-142.5746,3.54,0.238,1.64,1640,0.417,0
LEND_02152,-82.8799,166.4515,3.99,0.141,2.18,2180,0.467,0
LEND_02153,-81.7402,140.4794,3.77,0.19,1.07,1070,0.29,0
LEND_02154,-88.9936,-82.6745,3.53,0.241,2.05,2050,0.493,0
LEND_02155,-87.6013,116.1937,4.1,0.119,1.41,1410,0.316,0
LEND_02156,-88.5803,6.5966,3.84,0.174,1.95,1950,0.441,0
LEND_02157,-86.5206,-13.7497,3.92,0.157,0.71,710,0.208,0
LEND_02158,-85.4965,-66.8037,4.01,0.137,1.75,1750,0.387,0
LEND_02159,-82.5117,29.1487,3.96,0.149,1.89,1890,0.418,0
LEND_02160,-83.4885,82.7601,4.01,0.137,1.88,1880,0.41,0
LEND_02161,-83.7907,-32.0642,4.03,0.133,1.79,1790,0.392,0
LEND_02162,-86.4763,46.5189,3.91,0.159,0.88,880,0.239,0
LEND_02163,-81.5855,71.7527,3.76,0.192,1.29,1290,0.331,0
LEND_02164,-85.2871,76.0039,3.67,0.211,0.87,870,0.264,0
LEND_02165,-80.209,-161.2922,4.13,0.111,0.95,950,0.228,0
LEND_02166,-83.6586,129.5092,4.18,0.101,0.87,870,0.209,0
LEND_02167,-88.7374,-15.0288,3.75,0.193,0.84,840,0.249,0
LEND_02168,-83.2382,-85.5302,3.58,0.23,1.62,1620,0.41,0
LEND_02169,-86.749,-92.9648,3.66,0.214,1.54,1540,0.387,0
LEND_02170,-83.1367,-6.1149,3.97,0.146,0.69,690,0.199,0
LEND_02171,-89.3036,139.2594,3.62,0.221,1.61,1610,0.403,0
LEND_02172,-88.2512,-43.7949,4.05,0.13,0.85,850,0.219,0
LEND_02173,-81.4426,89.9013,4.15,0.108,0.68,680,0.178,0
LEND_02174,-87.7282,-145.1453,4.17,0.102,1.72,1720,0.364,0
LEND_02175,-81.6296,-8.6196,3.51,0.246,0.99,990,0.303,0
LEND_02176,-87.2072,177.007,4.17,0.103,1.38,1380,0.302,0
LEND_02177,-83.5712,97.3576,4.02,0.136,0.68,680,0.192,0
LEND_02178,-83.0585,-104.2097,3.56,0.235,1.47,1470,0.385,0
LEND_02179,-84.8735,0.5189,3.79,0.185,0.7,700,0.22,0
LEND_02180,-86.9469,-95.8951,3.99,0.142,0.62,620,0.184,0
LEND_02181,-87.8736,-32.5581,4.17,0.103,1.03,1030,0.239,0
LEND_02182,-89.6681,100.8302,3.61,0.223,1.8,1800,0.439,0
LEND_02183,-86.9605,97.6409,3.59,0.228,0.64,640,0.23,0
LEND_02184,-83.4684,-97.8839,3.83,0.176,0.52,520,0.183,0
LEND_02185,-80.617,152.0004,4.18,0.102,0.36,360,0.116,0
LEND_02186,-81.288,33.3245,4.18,0.101,1.09,1090,0.249,0
LEND_02187,-82.3394,-43.2273,3.66,0.213,0.84,840,0.259,0
LEND_02188,-82.1155,0.6968,3.72,0.199,0.86,860,0.256,0
LEND_02189,-83.3502,37.8257,4.14,0.111,2.17,2170,0.45,0
LEND_02190,-87.3971,21.5606,4.01,0.137,0.67,670,0.19,0
LEND_02191,-80.928,-4.8942,4.18,0.101,1.17,1170,0.263,0
LEND_02192,-83.2927,1.7758,4.13,0.113,2.17,2170,0.451,0
LEND_02193,-84.3956,-116.4917,3.65,0.215,0.36,360,0.173,0
LEND_02194,-88.8901,112.5838,4.03,0.133,1.62,1620,0.361,0
LEND_02195,-85.5294,15.0337,3.53,0.24,1.01,1010,0.304,0
LEND_02196,-85.3964,-132.8112,4.07,0.124,2.02,2020,0.429,0
LEND_02197,-81.3544,95.8166,3.92,0.157,2.03,2030,0.447,0
LEND_02198,-84.5335,155.6798,4.17,0.103,1.04,1040,0.241,0
LEND_02199,-86.196,161.0305,4.17,0.103,0.72,720,0.182,0
LEND_02200,-80.232,-47.1536,3.54,0.24,1.11,1110,0.322,0
LEND_02201,-88.8928,-131.2139,3.61,0.223,2.13,2130,0.499,0
LEND_02202,-85.7745,6.6239,3.84,0.174,0.83,830,0.238,0
LEND_02203,-89.5798,-139.4607,4.12,0.115,2.16,2160,0.45,0
LEND_02204,-82.601,156.2355,4.07,0.125,1.86,1860,0.401,0
LEND_02205,-80.8192,-113.9113,4.18,0.102,0.81,810,0.198,0
LEND_02206,-87.1996,-89.0043,3.93,0.154,1.8,1800,0.404,0
LEND_02207,-81.4166,-33.6109,3.68,0.209,0.39,390,0.175,0
LEND_02208,-87.0778,-42.0608,3.52,0.244,1.34,1340,0.365,0
LEND_02209,-80.8923,106.0786,3.66,0.214,0.98,980,0.285,0
LEND_02210,-82.4604,-15.7259,3.97,0.146,1.11,1110,0.275,0
LEND_02211,-81.9509,-118.5234,4.15,0.108,1.2,1200,0.272,0
LEND_02212,-89.8199,-83.8044,3.72,0.199,1.26,1260,0.329,0
LEND_02213,-80.3719,3.2808,4.11,0.115,1.55,1550,0.34,0
LEND_02214,-82.7333,-126.9166,3.78,0.188,1.62,1620,0.388,0
LEND_02215,-86.9525,40.196,3.72,0.201,2.15,2150,0.491,0
LEND_02216,-81.7061,23.669,3.86,0.171,1.75,1750,0.404,0
LEND_02217,-87.1848,77.2928,3.81,0.181,1.61,1610,0.383,0
LEND_02218,-81.2725,157.5737,4.14,0.11,1.05,1050,0.246,0
LEND_02219,-88.8742,148.4116,3.83,0.177,0.52,520,0.183,0
LEND_02220,-82.9631,160.5872,3.69,0.206,0.41,410,0.177,0
LEND_02221,-84.593,-91.9024,4.09,0.12,1.21,1210,0.28,0
LEND_02222,-89.0347,-132.6365,4.2,0.097,1.57,1570,0.334,0
LEND_02223,-87.5811,-71.1804,3.95,0.15,1.54,1540,0.355,0
LEND_02224,-89.876,142.2307,3.68,0.21,2.11,2110,0.488,0
LEND_02225,-85.3123,169.9393,3.67,0.211,1.03,1030,0.293,0
LEND_02226,-86.9873,129.357,3.54,0.239,1.49,1490,0.39,0
LEND_02227,-84.0164,-140.3936,3.55,0.236,1.99,1990,0.48,0
LEND_02228,-87.0276,161.0741,4.14,0.11,1.07,1070,0.249,0
LEND_02229,-87.0008,-27.5911,3.57,0.233,1.21,1210,0.336,0
LEND_02230,-82.5681,-176.6483,3.84,0.174,2.05,2050,0.46,0
LEND_02231,-89.5186,-20.7383,3.99,0.142,1.35,1350,0.317,0
LEND_02232,-80.9711,-163.4151,3.02,0.35,4.06,4060,0.913,1
LEND_02233,-81.4774,15.7961,3.62,0.222,2.08,2080,0.489,0
LEND_02234,-83.322,-58.1206,3.81,0.181,1.39,1390,0.343,0
LEND_02235,-84.0678,-9.5634,3.68,0.209,0.51,510,0.197,0
LEND_02236,-81.077,40.7413,3.68,0.209,1.86,1860,0.443,0
LEND_02237,-88.1467,132.7684,3.71,0.202,1.85,1850,0.437,0
LEND_02238,-89.2103,58.2846,3.91,0.159,0.52,520,0.174,0
LEND_02239,-87.6049,-23.7424,3.51,0.245,1.34,1340,0.366,0
LEND_02240,-82.0542,114.994,3.79,0.186,1.23,1230,0.317,0
LEND_02241,-89.6533,146.0096,3.63,0.219,1.91,1910,0.457,0
LEND_02242,-84.1719,-136.8864,4.18,0.102,0.82,820,0.2,0
LEND_02243,-80.0456,11.4959,3.91,0.16,1.11,1110,0.282,0
LEND_02244,-81.443,-77.5757,4.11,0.117,1.45,1450,0.322,0
LEND_02245,-84.7855,-163.058,3.64,0.218,1.28,1280,0.342,0
LEND_02246,-89.3636,60.6768,4.07,0.125,2.11,2110,0.446,0
LEND_02247,-81.6863,130.5975,3.79,0.185,2.13,2130,0.48,0
LEND_02248,-84.0102,-121.355,3.62,0.221,0.45,450,0.192,0
LEND_02249,-88.8507,112.4689,4.03,0.133,0.87,870,0.225,0
LEND_02250,-89.0614,127.2225,4.03,0.133,0.31,310,0.123,0
LEND_02251,-80.9037,149.1626,4.2,0.097,1.09,1090,0.247,0
LEND_02252,-83.308,-84.4974,4.05,0.13,1.56,1560,0.349,0
LEND_02253,-81.7071,145.4231,3.6,0.225,1.2,1200,0.331,0
LEND_02254,-81.2102,-64.5614,3.73,0.199,0.43,430,0.178,0
LEND_02255,-84.2823,18.8417,3.82,0.179,0.67,670,0.211,0
LEND_02256,-84.8255,-161.8173,3.59,0.228,0.63,630,0.229,0
LEND_02257,-85.6957,-164.2028,4.05,0.129,1.27,1270,0.295,0
LEND_02258,-86.8305,79.3344,3.87,0.168,1.59,1590,0.373,0
LEND_02259,-85.654,-19.9872,4.16,0.105,0.9,900,0.216,0
LEND_02260,-82.2612,-87.7347,3.91,0.159,0.55,550,0.179,0
LEND_02261,-83.9808,-111.4511,3.87,0.169,1.82,1820,0.415,0
LEND_02262,-81.0748,61.1833,3.55,0.237,1.93,1930,0.469,0
LEND_02263,-85.5662,-179.8554,3.6,0.225,0.83,830,0.263,0
LEND_02264,-83.9291,110.1208,4.09,0.119,1.1,1100,0.26,0
LEND_02265,-83.6869,-151.4701,4.19,0.098,0.46,460,0.133,0
LEND_02266,-84.083,-111.0637,3.79,0.185,0.73,730,0.225,0
LEND_02267,-82.9737,-40.9549,4.07,0.125,1.76,1760,0.383,0
LEND_02268,-87.6257,-5.4509,3.94,0.153,0.99,990,0.256,0
LEND_02269,-84.8764,-52.2018,4.17,0.103,1.45,1450,0.315,0
LEND_02270,-88.9578,-64.5436,3.67,0.211,2.1,2100,0.488,0
LEND_02271,-86.1549,167.0098,3.88,0.165,1.67,1670,0.386,0
LEND_02272,-85.1233,50.9687,3.79,0.186,1.16,1160,0.304,0
LEND_02273,-83.4778,-171.5641,3.88,0.166,1.0,1000,0.265,0
LEND_02274,-80.4947,-25.1367,3.69,0.207,0.66,660,0.223,0
LEND_02275,-83.9935,135.0031,3.85,0.172,1.74,1740,0.403,0
LEND_02276,-82.5641,-71.4758,3.94,0.153,0.51,510,0.169,0
LEND_02277,-84.9373,-145.9597,3.56,0.235,0.42,420,0.194,0
LEND_02278,-83.659,93.0185,4.02,0.135,0.5,500,0.159,0
LEND_02279,-89.2907,38.165,3.99,0.141,0.76,760,0.209,0
LEND_02280,-87.4561,25.3125,4.12,0.115,1.49,1490,0.328,0
LEND_02281,-86.3815,-160.7124,3.8,0.183,1.94,1940,0.444,0
LEND_02282,-85.2751,-129.4204,3.54,0.238,2.19,2190,0.517,0
LEND_02283,-89.5435,44.1178,3.82,0.178,1.69,1690,0.396,0
LEND_02284,-88.5998,-105.1834,3.6,0.227,0.58,580,0.219,0
LEND_02285,-87.2319,1.4652,3.95,0.15,0.83,830,0.226,0
LEND_02286,-80.2847,16.1574,3.53,0.24,0.55,550,0.22,0
LEND_02287,-86.6865,-77.9374,3.76,0.191,0.52,520,0.19,0
LEND_02288,-85.1796,161.4331,3.56,0.235,1.38,1380,0.368,0
LEND_02289,-88.039,123.2871,3.5,0.247,2.02,2020,0.491,0
LEND_02290,-83.8922,80.0545,4.17,0.103,1.6,1600,0.342,0
LEND_02291,-87.1932,-151.9222,4.2,0.097,1.82,1820,0.38,0
LEND_02292,-87.9301,-141.7932,3.89,0.164,1.27,1270,0.313,0
LEND_02293,-84.8343,-2.5987,3.67,0.211,1.2,1200,0.324,0
LEND_02294,-89.9449,-122.1432,4.14,0.11,2.08,2080,0.433,0
LEND_02295,-89.9234,172.1756,4.15,0.108,1.67,1670,0.358,0
LEND_02296,-87.8093,-122.9327,4.1,0.119,1.17,1170,0.272,0
LEND_02297,-89.6328,-4.5116,3.88,0.165,0.93,930,0.252,0
LEND_02298,-88.9197,-48.9164,3.55,0.236,0.48,480,0.205,0
LEND_02299,-86.6114,50.1791,3.56,0.234,1.86,1860,0.455,0
LEND_02300,-81.9741,-133.5469,4.13,0.112,0.62,620,0.169,0
LEND_02301,-84.2795,-25.0861,4.11,0.115,1.28,1280,0.29,0
LEND_02302,-84.8733,-81.1062,3.8,0.182,1.51,1510,0.366,0
LEND_02303,-87.0651,139.5905,3.73,0.198,1.71,1710,0.41,0
LEND_02304,-80.6825,-165.3891,3.95,0.15,0.46,460,0.159,0
LEND_02305,-86.0298,148.9419,4.06,0.126,0.32,320,0.121,0
LEND_02306,-89.1291,119.8779,4.01,0.137,1.64,1640,0.367,0
LEND_02307,-83.8293,-72.8745,3.93,0.155,1.16,1160,0.288,0
LEND_02308,-88.8616,104.1446,2.71,0.417,5.33,5330,0.98,1
LEND_02309,-86.5478,-168.7631,3.68,0.208,2.17,2170,0.498,0
LEND_02310,-84.9259,168.0716,4.01,0.138,1.8,1800,0.396,0
LEND_02311,-81.2578,9.5742,4.06,0.126,1.4,1400,0.318,0
LEND_02312,-85.0645,-70.8188,3.58,0.23,1.63,1630,0.411,0
LEND_02313,-82.9774,-49.47,3.63,0.219,0.59,590,0.217,0
LEND_02314,-80.0718,-156.0941,3.98,0.145,2.13,2130,0.46,0
LEND_02315,-88.6851,176.1658,3.77,0.189,2.19,2190,0.493,0
LEND_02316,-87.2527,-165.8549,3.89,0.163,1.53,1530,0.359,0
LEND_02317,-86.0542,55.7666,3.22,0.307,4.56,4560,0.98,1
LEND_02318,-85.7817,-20.6151,4.04,0.13,1.64,1640,0.363,0
LEND_02319,-85.8898,161.6098,4.06,0.126,1.56,1560,0.347,0
LEND_02320,-80.9239,-91.4401,3.7,0.205,1.13,1130,0.308,0
LEND_02321,-82.8597,11.5513,3.88,0.166,1.33,1330,0.325,0
LEND_02322,-83.9209,-6.3518,3.59,0.229,0.84,840,0.267,0
LEND_02323,-86.9063,73.0319,3.25,0.301,3.66,3660,0.816,1
LEND_02324,-81.7621,-155.5163,4.09,0.12,1.13,1130,0.265,0
LEND_02325,-80.4494,-110.2359,3.71,0.202,0.85,850,0.256,0
LEND_02326,-81.788,-102.7567,3.61,0.223,1.79,1790,0.437,0
LEND_02327,-89.9843,85.7343,3.55,0.237,1.08,1080,0.315,0
LEND_02328,-83.636,-111.9101,3.9,0.161,1.35,1350,0.326,0
LEND_02329,-89.4886,26.457,3.56,0.234,0.6,600,0.226,0
LEND_02330,-87.4239,-102.5122,3.98,0.145,1.2,1200,0.291,0
LEND_02331,-89.4048,130.185,3.97,0.145,1.75,1750,0.391,0
LEND_02332,-83.962,159.1868,2.74,0.411,4.05,4050,0.942,1
LEND_02333,-83.1341,6.6575,4.11,0.115,1.36,1360,0.305,0
LEND_02334,-88.8551,-53.1688,3.76,0.19,1.63,1630,0.392,0
LEND_02335,-86.1616,-95.7392,4.13,0.111,1.04,1040,0.245,0
LEND_02336,-85.4376,-162.0788,3.53,0.242,0.97,970,0.297,0
LEND_02337,-86.3095,-83.34,2.76,0.407,4.82,4820,0.98,1
LEND_02338,-88.7897,55.5249,3.79,0.185,1.41,1410,0.349,0
LEND_02339,-85.8105,12.1021,3.92,0.158,1.64,1640,0.377,0
LEND_02340,-82.4882,159.8549,3.52,0.242,1.4,1400,0.376,0
LEND_02341,-89.2899,-37.3402,3.9,0.162,0.84,840,0.234,0
LEND_02342,-89.1982,69.7908,3.72,0.201,0.8,800,0.246,0
LEND_02343,-86.4523,-3.8438,4.12,0.114,0.6,600,0.166,0
LEND_02344,-80.5827,4.5274,3.87,0.167,0.39,390,0.154,0
LEND_02345,-83.3143,-83.6012,3.91,0.159,1.11,1110,0.281,0
LEND_02346,-83.2133,-16.2177,4.16,0.105,0.6,600,0.162,0
LEND_02347,-86.3808,-10.5174,4.03,0.132,1.61,1610,0.359,0
LEND_02348,-84.0634,74.3913,3.81,0.181,2.13,2130,0.478,0
LEND_02349,-89.8987,158.6304,3.83,0.176,0.44,440,0.168,0
LEND_02350,-83.639,-61.4443,3.95,0.15,2.0,2000,0.439,0
LEND_02351,-80.8671,-164.8078,3.64,0.217,1.55,1550,0.39,0
LEND_02352,-83.8743,-1.3338,3.56,0.234,1.93,1930,0.468,0
LEND_02353,-81.263,16.0061,3.72,0.2,0.59,590,0.208,0
LEND_02354,-82.7603,-119.3614,4.04,0.13,2.02,2020,0.432,0
LEND_02355,-88.7944,93.7673,3.68,0.209,2.12,2120,0.49,0
LEND_02356,-80.9755,174.5745,3.59,0.228,2.02,2020,0.481,0
LEND_02357,-89.3356,160.4789,3.65,0.214,1.79,1790,0.433,0
LEND_02358,-84.6603,-109.0418,3.98,0.145,0.47,470,0.158,0
LEND_02359,-88.5786,135.1308,3.93,0.155,0.72,720,0.208,0
LEND_02360,-89.8829,73.6177,3.98,0.144,2.03,2030,0.441,0
LEND_02361,-85.7797,-16.6152,3.73,0.199,0.74,740,0.234,0
LEND_02362,-87.0496,14.62,4.13,0.112,0.96,960,0.23,0
LEND_02363,-85.14,125.8561,3.82,0.179,0.4,400,0.162,0
LEND_02364,-84.228,-7.1514,3.86,0.17,1.49,1490,0.356,0
LEND_02365,-89.5626,-45.6453,4.16,0.104,1.37,1370,0.301,0
LEND_02366,-88.77,-2.4309,4.19,0.1,2.13,2130,0.437,0
LEND_02367,-84.4136,28.4867,3.96,0.148,2.0,2000,0.437,0
LEND_02368,-86.5683,-111.932,4.16,0.105,1.26,1260,0.282,0
LEND_02369,-82.7083,144.3268,3.88,0.166,1.46,1460,0.348,0
LEND_02370,-83.4771,62.7073,3.72,0.201,1.09,1090,0.299,0
LEND_02371,-81.544,47.9768,3.72,0.2,0.55,550,0.2,0
LEND_02372,-83.0751,-144.1814,3.89,0.163,1.95,1950,0.436,0
LEND_02373,-85.7007,37.5026,3.92,0.156,1.34,1340,0.322,0
LEND_02374,-83.2703,-136.4542,3.81,0.181,1.11,1110,0.292,0
LEND_02375,-87.2462,-151.6688,4.12,0.114,0.43,430,0.135,0
LEND_02376,-86.9369,9.8319,3.8,0.183,1.56,1560,0.375,0
LEND_02377,-82.1101,-34.9972,3.69,0.206,1.06,1060,0.296,0
LEND_02378,-85.5358,31.9717,2.91,0.375,5.45,5450,0.98,1
LEND_02379,-82.0162,-147.88,3.03,0.347,3.89,3890,0.881,1
LEND_02380,-81.7758,-24.8461,4.08,0.123,0.65,650,0.18,0
LEND_02381,-81.4244,-117.0768,3.93,0.155,1.28,1280,0.31,0
LEND_02382,-80.8336,175.356,4.08,0.122,1.81,1810,0.39,0
LEND_02383,-85.6901,22.0141,4.07,0.125,1.91,1910,0.41,0
LEND_02384,-86.8113,67.4773,4.15,0.107,1.86,1860,0.392,0
LEND_02385,-84.178,-62.8494,3.77,0.189,2.0,2000,0.458,0
LEND_02386,-86.2883,-145.894,3.89,0.164,0.57,570,0.186,0
LEND_02387,-83.9893,171.3135,3.57,0.232,2.09,2090,0.496,0
LEND_02388,-82.9441,-76.9467,4.18,0.102,0.32,320,0.109,0
LEND_02389,-83.1159,-27.4291,4.19,0.099,0.79,790,0.193,0
LEND_02390,-86.2545,53.951,3.17,0.318,5.26,5260,0.98,1
LEND_02391,-88.3314,-171.109,3.82,0.179,2.1,2100,0.471,0
LEND_02392,-85.6947,111.6933,3.85,0.173,1.11,1110,0.288,0
LEND_02393,-88.5741,13.1681,3.8,0.182,0.9,900,0.255,0
LEND_02394,-81.099,-79.8418,3.71,0.203,0.62,620,0.214,0
LEND_02395,-86.5412,-157.8211,3.87,0.168,0.6,600,0.193,0
LEND_02396,-88.4554,-121.5006,3.54,0.239,1.47,1470,0.387,0
LEND_02397,-89.7455,142.2122,4.19,0.098,0.39,390,0.12,0
LEND_02398,-83.5418,66.9687,3.8,0.183,1.43,1430,0.352,0
LEND_02399,-83.631,-90.0354,4.15,0.108,1.77,1770,0.376,0
LEND_02400,-86.594,-156.3837,4.01,0.138,1.44,1440,0.331,0
LEND_02401,-89.2829,68.6215,3.7,0.204,1.87,1870,0.442,0
LEND_02402,-85.9037,26.0668,3.66,0.214,0.8,800,0.252,0
LEND_02403,-86.8878,-34.373,4.2,0.097,0.45,450,0.131,0
LEND_02404,-83.2288,-49.0999,4.04,0.131,1.67,1670,0.369,0
LEND_02405,-83.9422,-101.9469,3.67,0.21,1.87,1870,0.445,0
LEND_02406,-86.3541,61.0601,3.55,0.237,1.25,1250,0.346,0
LEND_02407,-87.8211,169.4405,3.99,0.142,1.86,1860,0.409,0
LEND_02408,-80.1196,-116.7425,3.71,0.202,1.17,1170,0.314,0
LEND_02409,-85.46,34.962,3.65,0.214,0.68,680,0.231,0
LEND_02410,-83.1173,-27.2934,4.01,0.137,1.2,1200,0.287,0
LEND_02411,-88.5945,-19.1921,3.98,0.145,0.71,710,0.202,0
LEND_02412,-85.1441,-88.507,3.84,0.175,1.2,1200,0.306,0
LEND_02413,-89.7246,117.0486,4.16,0.105,0.58,580,0.158,0
LEND_02414,-84.9454,-5.308,3.98,0.145,0.65,650,0.191,0
LEND_02415,-80.3598,15.6261,4.13,0.113,1.98,1980,0.416,0
LEND_02416,-86.1579,-70.2861,3.63,0.219,0.52,520,0.204,0
LEND_02417,-89.61,-114.549,3.71,0.203,0.73,730,0.234,0
LEND_02418,-89.6904,-149.0723,3.57,0.232,2.19,2190,0.514,0
LEND_02419,-86.1201,77.0829,3.71,0.201,1.39,1390,0.353,0
LEND_02420,-88.3998,-109.3557,4.18,0.101,1.41,1410,0.307,0
LEND_02421,-89.7665,68.4271,4.17,0.102,1.91,1910,0.398,0
LEND_02422,-82.4379,-39.4645,4.03,0.133,1.3,1300,0.303,0
LEND_02423,-85.4148,-30.3211,3.86,0.169,0.72,720,0.215,0
LEND_02424,-87.1076,-11.0961,4.05,0.13,1.1,1100,0.265,0
LEND_02425,-80.9992,-47.6249,3.89,0.164,1.73,1730,0.397,0
LEND_02426,-88.8386,-143.7768,3.5,0.247,1.96,1960,0.48,0
LEND_02427,-80.4408,-68.5325,3.85,0.172,0.82,820,0.235,0
LEND_02428,-86.8603,58.9444,3.92,0.157,0.8,800,0.224,0
LEND_02429,-81.116,59.6824,3.69,0.207,0.92,920,0.271,0
LEND_02430,-83.9706,-76.9592,3.64,0.217,1.43,1430,0.368,0
LEND_02431,-81.7329,-14.3631,3.69,0.206,0.83,830,0.254,0
LEND_02432,-80.1599,-110.359,3.94,0.153,2.0,2000,0.44,0
LEND_02433,-87.1159,-104.2661,3.6,0.225,2.16,2160,0.505,0
LEND_02434,-80.3886,-171.703,4.0,0.139,1.59,1590,0.359,0
LEND_02435,-86.1052,142.8288,3.8,0.184,2.14,2140,0.481,0
LEND_02436,-86.1449,-104.1456,3.75,0.194,0.85,850,0.252,0
LEND_02437,-86.5961,-98.0878,4.07,0.126,1.85,1850,0.399,0
LEND_02438,-84.5859,-79.3435,3.85,0.171,1.59,1590,0.375,0
LEND_02439,-88.4585,-134.1331,3.76,0.19,0.8,800,0.241,0
LEND_02440,-84.4629,50.1346,4.11,0.115,0.9,900,0.221,0
LEND_02441,-84.583,-152.9485,3.76,0.192,1.23,1230,0.32,0
LEND_02442,-82.381,-131.6871,4.1,0.118,1.8,1800,0.386,0
LEND_02443,-81.6635,52.1124,3.85,0.171,1.96,1960,0.442,0
LEND_02444,-85.5956,-57.7222,3.65,0.216,1.5,1500,0.381,0
LEND_02445,-86.9767,74.8612,3.93,0.155,1.67,1670,0.381,0
LEND_02446,-87.4067,20.6729,3.7,0.204,0.8,800,0.248,0
LEND_02447,-88.0538,-87.8324,3.6,0.225,1.71,1710,0.423,0
LEND_02448,-89.4235,54.2981,3.56,0.234,1.45,1450,0.381,0
LEND_02449,-86.5755,-138.1415,3.67,0.211,0.72,720,0.236,0
LEND_02450,-87.2975,13.1077,4.02,0.136,2.11,2110,0.452,0
LEND_02451,-80.3358,-22.6267,4.09,0.121,1.27,1270,0.291,0
LEND_02452,-84.4229,-83.5655,4.1,0.118,1.81,1810,0.388,0
LEND_02453,-86.5272,37.4418,3.69,0.207,1.3,1300,0.34,0
LEND_02454,-84.1953,133.6801,3.96,0.148,2.07,2070,0.45,0
LEND_02455,-88.608,179.6057,3.66,0.213,0.57,570,0.21,0
LEND_02456,-85.5596,38.7946,3.94,0.154,1.34,1340,0.32,0
LEND_02457,-83.7377,-34.3059,4.12,0.114,0.35,350,0.121,0
LEND_02458,-85.111,-98.9254,3.53,0.241,0.68,680,0.244,0
LEND_02459,-85.9822,-87.4454,4.19,0.099,0.83,830,0.2,0
LEND_02460,-80.0615,-7.3962,4.08,0.123,1.2,1200,0.28,0
LEND_02461,-81.1969,-47.78,4.03,0.133,1.86,1860,0.405,0
LEND_02462,-83.7659,148.9732,3.98,0.143,1.19,1190,0.288,0
LEND_02463,-84.3062,-47.4136,4.04,0.131,1.37,1370,0.315,0
LEND_02464,-83.7934,-45.5599,4.2,0.098,2.06,2060,0.423,0
LEND_02465,-87.9869,-41.9276,4.04,0.131,1.74,1740,0.382,0
LEND_02466,-86.0486,121.1833,3.75,0.194,0.4,400,0.17,0
LEND_02467,-89.6054,54.2838,3.93,0.155,0.64,640,0.194,0
LEND_02468,-85.2445,41.1008,3.74,0.197,0.37,370,0.166,0
LEND_02469,-84.5698,-59.7085,4.18,0.101,0.43,430,0.129,0
LEND_02470,-87.7225,114.4455,4.13,0.112,0.94,940,0.227,0
LEND_02471,-80.3597,-166.189,3.9,0.162,1.68,1680,0.386,0
LEND_02472,-80.9055,133.487,4.05,0.13,0.76,760,0.203,0
LEND_02473,-82.7786,4.59,4.14,0.11,1.05,1050,0.246,0
LEND_02474,-84.6661,-36.6299,3.67,0.211,1.05,1050,0.296,0
LEND_02475,-81.3003,-1.0198,3.91,0.16,1.42,1420,0.338,0
LEND_02476,-88.6935,60.2696,3.84,0.175,2.0,2000,0.451,0
LEND_02477,-82.0949,-175.4044,4.04,0.131,2.17,2170,0.46,0
LEND_02478,-88.7518,133.7587,3.77,0.19,1.45,1450,0.359,0
LEND_02479,-82.0579,-19.1738,4.0,0.141,1.26,1260,0.299,0
LEND_02480,-87.2423,-56.5321,3.78,0.187,1.6,1600,0.384,0
LEND_02481,-81.2291,-130.2316,3.58,0.231,1.57,1570,0.401,0
LEND_02482,-80.5596,-21.7925,3.57,0.231,1.3,1300,0.352,0
LEND_02483,-88.512,-1.3238,3.58,0.229,1.7,1700,0.424,0
LEND_02484,-85.3732,-34.6872,3.52,0.242,1.23,1230,0.345,0
LEND_02485,-80.1901,64.3176,3.87,0.167,2.19,2190,0.482,0
LEND_02486,-85.1659,-28.4772,3.97,0.146,0.39,390,0.144,0
LEND_02487,-81.3645,166.1103,3.59,0.228,1.14,1140,0.321,0
LEND_02488,-84.1127,35.7399,3.93,0.155,1.05,1050,0.269,0
LEND_02489,-86.2467,110.6921,3.92,0.157,1.76,1760,0.399,0
LEND_02490,-87.1422,-140.6319,3.6,0.225,0.66,660,0.233,0
LEND_02491,-87.9678,-36.9751,3.78,0.186,1.12,1120,0.297,0
LEND_02492,-82.382,-58.7348,4.03,0.134,1.63,1630,0.363,0
LEND_02493,-86.1346,25.0137,3.51,0.245,1.45,1450,0.386,0
LEND_02494,-84.8872,130.0009,3.6,0.225,1.34,1340,0.356,0
LEND_02495,-85.0767,-151.7982,4.2,0.097,1.13,1130,0.254,0
LEND_02496,-84.2272,-153.8731,4.01,0.137,1.73,1730,0.383,0
LEND_02497,-81.3442,126.1144,3.82,0.177,1.53,1530,0.367,0
LEND_02498,-80.1926,-103.374,3.94,0.153,1.96,1960,0.433,0
LEND_02499,-85.9242,60.7512,4.09,0.12,1.69,1690,0.367,0
LEND_02500,-81.7248,15.4361,4.09,0.121,0.57,570,0.164,0
LEND_02501,-82.3547,119.8417,3.73,0.198,1.48,1480,0.368,0
LEND_02502,-84.2647,-134.968,3.84,0.173,0.38,380,0.156,0
LEND_02503,-80.4395,-133.2781,3.95,0.151,1.04,1040,0.265,0
LEND_02504,-87.9953,20.4546,3.55,0.236,1.08,1080,0.315,0
LEND_02505,-88.9074,160.6963,4.16,0.105,1.92,1920,0.402,0
LEND_02506,-81.4604,-30.6008,3.8,0.182,0.64,640,0.207,0
LEND_02507,-85.6085,-62.3008,3.76,0.191,1.52,1520,0.372,0
LEND_02508,-81.5303,38.4082,4.13,0.111,0.67,670,0.177,0
LEND_02509,-81.0691,154.9615,3.58,0.23,2.1,2100,0.497,0
LEND_02510,-89.3754,121.294,3.53,0.241,1.31,1310,0.359,0
LEND_02511,-81.1654,178.3741,3.98,0.144,1.65,1650,0.372,0
LEND_02512,-85.5168,-171.8753,3.77,0.189,1.53,1530,0.373,0
LEND_02513,-84.8957,-139.3711,4.04,0.132,0.88,880,0.226,0
LEND_02514,-83.7341,39.4084,3.55,0.237,2.01,2010,0.484,0
LEND_02515,-80.7362,115.4075,3.77,0.19,1.49,1490,0.366,0
LEND_02516,-89.8088,-77.312,3.66,0.212,1.27,1270,0.337,0
LEND_02517,-85.2316,-93.884,4.02,0.136,1.3,1300,0.304,0
LEND_02518,-83.1228,103.3113,3.66,0.213,1.99,1990,0.468,0
LEND_02519,-82.7729,-159.7025,3.82,0.178,0.41,410,0.164,0
LEND_02520,-83.0747,-47.0222,4.07,0.124,1.04,1040,0.251,0
LEND_02521,-88.6556,2.0913,4.14,0.11,1.9,1900,0.4,0
LEND_02522,-87.006,21.7255,4.01,0.139,0.37,370,0.137,0
LEND_02523,-86.4128,82.3015,3.8,0.183,1.51,1510,0.366,0
LEND_02524,-81.9556,-52.2555,3.9,0.161,1.07,1070,0.275,0
LEND_02525,-87.2124,40.5664,3.98,0.143,0.69,690,0.197,0
LEND_02526,-87.893,30.7352,4.11,0.116,1.46,1460,0.323,0
LEND_02527,-80.4255,17.1418,4.12,0.114,1.88,1880,0.399,0
LEND_02528,-89.9114,50.574,4.15,0.107,1.19,1190,0.27,0
LEND_02529,-80.0218,-86.5983,4.07,0.125,0.58,580,0.168,0
LEND_02530,-83.2318,-149.5264,3.6,0.225,0.88,880,0.273,0
LEND_02531,-81.7153,-137.0622,4.02,0.135,2.16,2160,0.46,0
LEND_02532,-87.0538,-99.1503,4.07,0.125,0.51,510,0.155,0
LEND_02533,-89.8568,0.0713,4.11,0.115,0.61,610,0.168,0
LEND_02534,-82.6213,122.5594,4.15,0.108,2.18,2180,0.45,0
LEND_02535,-81.6586,72.4656,3.86,0.171,1.98,1980,0.445,0
LEND_02536,-82.5952,104.0546,3.96,0.149,1.64,1640,0.373,0
LEND_02537,-88.5715,-53.6488,3.51,0.246,0.59,590,0.23,0
LEND_02538,-82.4657,-34.3247,3.9,0.161,0.76,760,0.219,0
LEND_02539,-82.3108,-38.2745,3.83,0.176,0.64,640,0.204,0
LEND_02540,-83.4146,-110.9257,4.17,0.102,1.5,1500,0.324,0
LEND_02541,-82.3388,-157.962,4.13,0.112,1.06,1060,0.249,0
LEND_02542,-81.5408,32.7298,4.06,0.127,0.39,390,0.135,0
LEND_02543,-83.864,176.118,3.54,0.239,0.85,850,0.274,0
LEND_02544,-89.114,-119.9413,3.78,0.187,1.94,1940,0.446,0
LEND_02545,-85.1237,-163.1935,3.23,0.305,3.55,3550,0.798,1
LEND_02546,-89.2235,100.6314,2.77,0.403,5.4,5400,0.98,1
LEND_02547,-85.9246,-89.069,3.19,0.314,3.87,3870,0.861,1
LEND_02548,-85.9289,118.6718,4.12,0.114,1.98,1980,0.417,0
LEND_02549,-89.3399,73.4172,3.59,0.228,1.32,1320,0.354,0
LEND_02550,-86.5118,160.4425,3.54,0.24,1.24,1240,0.345,0
LEND_02551,-88.89,-32.7862,3.91,0.16,2.07,2070,0.456,0
LEND_02552,-81.9176,58.3091,4.16,0.105,0.32,320,0.111,0
LEND_02553,-80.5231,-12.6523,4.08,0.122,1.36,1360,0.308,0
LEND_02554,-89.2768,47.0119,2.95,0.367,3.75,3750,0.865,1
LEND_02555,-80.4488,-18.1444,4.03,0.134,0.42,420,0.143,0
LEND_02556,-84.7742,-112.0924,3.81,0.181,0.98,980,0.269,0
LEND_02557,-87.0043,2.8431,4.16,0.105,2.16,2160,0.445,0
LEND_02558,-89.2314,10.2903,3.8,0.183,0.7,700,0.219,0
LEND_02559,-84.9938,111.8174,3.75,0.195,1.31,1310,0.335,0
LEND_02560,-82.0548,84.7875,3.81,0.18,1.72,1720,0.403,0
LEND_02561,-82.9291,58.965,4.07,0.125,1.04,1040,0.251,0
LEND_02562,-89.4977,-139.1806,3.08,0.337,5.7,5700,0.98,1
LEND_02563,-89.271,79.4219,3.75,0.193,0.42,420,0.173,0
LEND_02564,-85.9713,0.1099,3.82,0.178,0.66,660,0.209,0
LEND_02565,-87.0471,141.8758,4.13,0.112,1.97,1970,0.414,0
LEND_02566,-87.6762,151.1535,3.53,0.24,1.85,1850,0.456,0
LEND_02567,-87.19,-160.1436,4.05,0.129,0.88,880,0.225,0
LEND_02568,-81.9652,115.431,3.82,0.179,1.03,1030,0.277,0
LEND_02569,-80.7077,-166.4289,3.76,0.191,1.14,1140,0.303,0
LEND_02570,-85.949,-47.8189,3.81,0.18,0.96,960,0.265,0
LEND_02571,-80.9389,15.228,3.79,0.184,1.54,1540,0.372,0
LEND_02572,-86.785,-126.6837,4.03,0.133,0.32,320,0.125,0
LEND_02573,-85.2356,88.673,4.15,0.108,1.97,1970,0.412,0
LEND_02574,-87.7397,-176.9923,3.21,0.311,4.86,4860,0.98,1
LEND_02575,-83.5952,-119.3043,4.08,0.122,1.96,1960,0.417,0
LEND_02576,-80.2102,29.0869,4.01,0.137,1.16,1160,0.279,0
LEND_02577,-83.9651,77.1795,3.73,0.198,1.78,1780,0.422,0
LEND_02578,-86.4219,149.9915,3.91,0.159,1.87,1870,0.419,0
LEND_02579,-83.5218,73.9788,3.97,0.147,0.87,870,0.232,0
LEND_02580,-88.7708,61.8405,3.52,0.244,1.52,1520,0.398,0
LEND_02581,-81.1134,-38.0372,3.78,0.188,1.45,1450,0.357,0
LEND_02582,-84.9692,-179.5376,4.19,0.098,1.2,1200,0.267,0
LEND_02583,-85.5065,-136.7427,3.95,0.151,1.19,1190,0.292,0
LEND_02584,-84.1414,12.4396,3.73,0.197,0.88,880,0.258,0
LEND_02585,-83.7522,63.0468,3.68,0.21,0.89,890,0.267,0
LEND_02586,-89.2822,-29.7186,3.65,0.216,1.34,1340,0.352,0
LEND_02587,-83.1738,83.0444,3.78,0.187,0.36,360,0.159,0
LEND_02588,-87.5807,7.8704,3.64,0.218,2.07,2070,0.485,0
LEND_02589,-82.8605,-153.2966,3.59,0.227,1.53,1530,0.392,0
LEND_02590,-81.7747,-110.8741,3.75,0.193,1.14,1140,0.304,0
LEND_02591,-81.9604,122.3994,3.92,0.156,0.42,420,0.154,0
LEND_02592,-84.475,80.9686,3.6,0.225,1.5,1500,0.385,0
LEND_02593,-84.7983,142.1143,3.53,0.241,0.33,330,0.18,0
LEND_02594,-88.5712,-137.6794,3.52,0.242,1.59,1590,0.41,0
LEND_02595,-82.2465,176.4801,2.72,0.414,4.04,4040,0.942,1
LEND_02596,-87.2859,-104.6136,3.63,0.219,1.55,1550,0.391,0
LEND_02597,-85.033,-175.7592,3.88,0.166,1.07,1070,0.278,0
LEND_02598,-87.1573,179.0723,3.82,0.179,1.56,1560,0.373,0
LEND_02599,-88.6617,-78.8134,3.73,0.198,0.56,560,0.201,0
LEND_02600,-83.7044,60.487,4.08,0.122,0.52,520,0.155,0
LEND_02601,-89.4567,-116.3944,3.85,0.171,0.77,770,0.226,0
LEND_02602,-82.5135,28.8823,3.56,0.234,1.08,1080,0.313,0
LEND_02603,-86.8241,145.4526,3.71,0.203,0.78,780,0.243,0
LEND_02604,-89.9987,-64.7348,4.18,0.101,0.46,460,0.134,0
LEND_02605,-84.8887,61.2914,4.18,0.1,0.92,920,0.217,0
LEND_02606,-89.5315,-112.3547,3.68,0.209,1.64,1640,0.403,0
LEND_02607,-87.2383,44.9263,3.62,0.222,1.41,1410,0.367,0
LEND_02608,-82.9302,-58.8779,3.85,0.173,2.13,2130,0.474,0
LEND_02609,-89.3731,-103.965,3.84,0.175,1.13,1130,0.293,0
LEND_02610,-81.6066,-67.2545,3.79,0.186,0.93,930,0.262,0
LEND_02611,-89.9618,-115.6172,3.87,0.168,1.62,1620,0.378,0
LEND_02612,-87.5318,144.6898,3.66,0.212,1.08,1080,0.303,0
LEND_02613,-82.591,-37.0127,3.58,0.23,1.47,1470,0.382,0
LEND_02614,-86.8373,-91.6995,3.9,0.161,2.1,2100,0.463,0
LEND_02615,-88.9811,-18.5732,4.15,0.107,1.25,1250,0.281,0
LEND_02616,-86.3977,-64.607,3.6,0.227,1.25,1250,0.341,0
LEND_02617,-87.2961,87.9909,3.99,0.141,1.77,1770,0.392,0
LEND_02618,-81.5729,169.6392,2.72,0.415,4.44,4440,0.98,1
LEND_02619,-86.8665,-22.3079,3.71,0.203,1.28,1280,0.334,0
LEND_02620,-82.1107,129.972,4.1,0.119,0.42,420,0.136,0
LEND_02621,-81.0813,23.7107,3.82,0.179,2.16,2160,0.482,0
LEND_02622,-85.6618,-123.3952,3.91,0.16,1.02,1020,0.265,0
LEND_02623,-80.9006,68.6242,3.81,0.181,0.9,900,0.254,0
LEND_02624,-86.2268,4.8364,3.56,0.235,2.16,2160,0.51,0
LEND_02625,-80.3592,54.2183,3.92,0.158,1.96,1960,0.435,0
LEND_02626,-89.1071,140.2875,3.79,0.184,0.93,930,0.261,0
LEND_02627,-83.1298,-21.4436,3.13,0.326,3.51,3510,0.801,1
LEND_02628,-85.0619,144.4239,3.92,0.158,1.67,1670,0.382,0
LEND_02629,-86.1235,90.2408,3.51,0.246,0.94,940,0.294,0
LEND_02630,-83.6729,-4.1022,2.99,0.357,5.09,5090,0.98,1
LEND_02631,-82.9614,37.16,4.05,0.13,2.16,2160,0.458,0
LEND_02632,-89.9564,-62.7908,3.53,0.242,1.37,1370,0.37,0
LEND_02633,-88.3305,174.095,3.95,0.15,1.75,1750,0.393,0
LEND_02634,-82.8695,60.2464,4.16,0.104,1.65,1650,0.352,0
LEND_02635,-83.3361,-164.2151,3.62,0.222,1.74,1740,0.427,0
LEND_02636,-80.3395,-62.4161,2.91,0.374,3.72,3720,0.863,1
LEND_02637,-82.3896,44.3932,3.05,0.345,3.85,3850,0.872,1
LEND_02638,-80.4923,-159.72,3.82,0.18,1.73,1730,0.404,0
LEND_02639,-82.9746,-171.4017,2.84,0.389,4.18,4180,0.954,1
LEND_02640,-87.0195,-17.9913,3.78,0.186,2.1,2100,0.475,0
LEND_02641,-88.9464,-60.2315,3.6,0.225,1.65,1650,0.412,0
LEND_02642,-82.1818,-22.2125,3.56,0.234,2.0,2000,0.481,0
LEND_02643,-83.5585,-85.4304,4.02,0.135,0.48,480,0.155,0
LEND_02644,-89.5181,-120.7016,3.67,0.211,0.54,540,0.204,0
LEND_02645,-86.3995,68.0916,4.09,0.12,0.6,600,0.169,0
LEND_02646,-80.432,5.2456,4.02,0.135,0.58,580,0.173,0
LEND_02647,-84.996,-107.9445,3.53,0.24,0.47,470,0.205,0
LEND_02648,-85.6727,-64.9478,3.64,0.217,0.53,530,0.205,0
LEND_02649,-85.423,33.0508,3.7,0.203,2.19,2190,0.5,0
LEND_02650,-87.9112,-153.9974,3.92,0.158,0.82,820,0.228,0
LEND_02651,-86.3129,-126.9169,4.07,0.125,1.21,1210,0.283,0
LEND_02652,-86.3019,-153.6316,3.54,0.238,1.86,1860,0.457,0
LEND_02653,-89.4764,112.4342,2.9,0.377,4.87,4870,0.98,1
LEND_02654,-82.3243,90.8673,3.76,0.191,0.9,900,0.259,0
LEND_02655,-85.835,91.1927,3.63,0.22,0.6,600,0.219,0
LEND_02656,-81.7782,77.8771,3.88,0.165,0.42,420,0.159,0
LEND_02657,-81.4965,60.9788,3.83,0.175,2.13,2130,0.475,0
LEND_02658,-87.8801,-8.2829,3.72,0.2,1.93,1930,0.451,0
LEND_02659,-83.4265,51.2201,3.86,0.17,1.97,1970,0.443,0
LEND_02660,-85.2772,-166.1898,3.75,0.194,1.95,1950,0.451,0
LEND_02661,-81.1984,43.7272,3.74,0.196,0.59,590,0.205,0
LEND_02662,-87.8426,100.036,3.69,0.207,1.79,1790,0.429,0
LEND_02663,-83.2219,0.129,3.88,0.166,1.68,1680,0.388,0
LEND_02664,-83.9225,-51.2952,3.81,0.18,2.06,2060,0.465,0
LEND_02665,-87.047,-80.1264,3.64,0.218,0.72,720,0.24,0
LEND_02666,-88.634,51.4087,3.51,0.245,1.09,1090,0.321,0
LEND_02667,-83.4836,69.4084,3.61,0.225,0.86,860,0.269,0
LEND_02668,-82.614,133.5483,3.53,0.241,0.79,790,0.264,0
LEND_02669,-86.8437,-56.7597,3.8,0.182,1.54,1540,0.371,0
LEND_02670,-83.5517,97.118,3.66,0.213,0.61,610,0.218,0
LEND_02671,-86.0487,22.0881,3.79,0.184,1.18,1180,0.307,0
LEND_02672,-82.8679,137.8211,3.73,0.198,1.53,1530,0.377,0
LEND_02673,-88.0078,10.0124,3.88,0.166,0.55,550,0.183,0
LEND_02674,-81.0978,6.3467,4.01,0.138,0.79,790,0.213,0
LEND_02675,-87.1259,28.0357,3.84,0.175,2.14,2140,0.477,0
LEND_02676,-86.3221,89.7535,3.54,0.238,1.81,1810,0.448,0
LEND_02677,-89.4191,167.2886,3.51,0.245,1.59,1590,0.411,0
LEND_02678,-88.8849,-153.5172,3.65,0.215,1.93,1930,0.459,0
LEND_02679,-84.8414,-160.7635,3.8,0.183,0.33,330,0.152,0
LEND_02680,-87.3241,157.5181,3.53,0.241,0.31,310,0.177,0
LEND_02681,-81.6452,10.7552,3.73,0.198,0.59,590,0.206,0
LEND_02682,-89.8531,41.3651,4.12,0.114,1.24,1240,0.282,0
LEND_02683,-86.2091,-6.3275,3.56,0.234,1.38,1380,0.368,0
LEND_02684,-86.6265,-146.2833,4.16,0.105,0.52,520,0.147,0
LEND_02685,-89.8067,96.5122,3.13,0.326,5.62,5620,0.98,1
LEND_02686,-88.7563,89.0009,4.08,0.122,1.87,1870,0.401,0
LEND_02687,-85.8636,-67.7868,4.1,0.117,1.18,1180,0.273,0
LEND_02688,-85.0714,-69.7539,2.83,0.392,5.42,5420,0.98,1
LEND_02689,-85.9571,121.6229,3.61,0.225,0.74,740,0.247,0
LEND_02690,-84.6906,-153.9514,3.59,0.227,1.53,1530,0.392,0
LEND_02691,-84.0487,137.1979,3.58,0.231,1.83,1830,0.448,0
LEND_02692,-89.9008,-87.6018,3.73,0.198,1.96,1960,0.455,0
LEND_02693,-85.359,33.4745,4.08,0.122,0.88,880,0.221,0
LEND_02694,-80.365,156.9579,3.68,0.209,0.67,670,0.227,0
LEND_02695,-84.8097,64.1241,2.89,0.38,5.78,5780,0.98,1
LEND_02696,-83.2246,-30.8053,3.97,0.146,1.57,1570,0.358,0
LEND_02697,-86.8814,68.2323,3.57,0.233,1.29,1290,0.351,0
LEND_02698,-82.2601,-56.1673,3.75,0.193,1.44,1440,0.358,0
LEND_02699,-82.2708,-80.187,3.71,0.203,0.34,340,0.163,0
LEND_02700,-84.787,178.806,4.09,0.12,1.04,1040,0.249,0
LEND_02701,-80.2399,90.2845,3.86,0.17,0.89,890,0.247,0
LEND_02702,-88.7445,52.0992,3.95,0.15,1.94,1940,0.428,0
LEND_02703,-89.8305,-52.0957,3.59,0.228,1.77,1770,0.436,0
LEND_02704,-82.2984,-162.3021,4.15,0.107,1.12,1120,0.257,0
LEND_02705,-81.9284,-168.8195,3.73,0.199,1.5,1500,0.372,0
LEND_02706,-88.7979,19.5053,3.99,0.141,0.39,390,0.141,0
LEND_02707,-87.3442,94.3318,4.17,0.104,1.51,1510,0.326,0
LEND_02708,-89.8245,13.4565,3.86,0.171,0.48,480,0.173,0
LEND_02709,-87.0669,122.6826,3.86,0.171,1.66,1660,0.387,0
LEND_02710,-82.2686,-167.9664,3.58,0.23,1.39,1390,0.368,0
LEND_02711,-84.8204,-47.9693,3.77,0.189,0.87,870,0.252,0
LEND_02712,-86.519,-94.6547,4.1,0.119,1.0,1000,0.241,0
LEND_02713,-86.2826,-18.9817,3.59,0.227,0.47,470,0.199,0
LEND_02714,-89.9865,-153.9445,4.14,0.109,0.91,910,0.22,0
LEND_02715,-87.002,163.4874,3.97,0.147,2.14,2140,0.463,0
LEND_02716,-83.5354,-99.6281,3.79,0.184,1.22,1220,0.314,0
LEND_02717,-80.2581,152.0308,3.88,0.165,1.2,1200,0.301,0
LEND_02718,-81.5294,-26.6785,3.61,0.225,1.5,1500,0.385,0
LEND_02719,-89.7641,174.7887,3.65,0.215,1.22,1220,0.329,0
LEND_02720,-81.0144,19.461,3.7,0.204,0.98,980,0.28,0
LEND_02721,-82.168,155.0998,2.74,0.41,4.71,4710,0.98,1
LEND_02722,-82.1962,-178.0744,4.14,0.109,1.5,1500,0.327,0
LEND_02723,-85.42,89.366,3.76,0.192,1.72,1720,0.409,0
LEND_02724,-86.0199,145.0982,3.87,0.168,2.05,2050,0.457,0
LEND_02725,-86.9708,-129.7006,3.61,0.223,0.31,310,0.168,0
LEND_02726,-89.3431,-145.3947,4.02,0.137,0.43,430,0.146,0
LEND_02727,-87.7176,-27.1539,3.89,0.163,2.01,2010,0.447,0
LEND_02728,-87.534,156.1244,3.81,0.181,1.5,1500,0.363,0
LEND_02729,-85.1592,15.2592,4.16,0.105,2.12,2120,0.438,0
LEND_02730,-82.5256,9.8843,4.12,0.113,1.12,1120,0.26,0
LEND_02731,-85.2619,-129.1946,3.96,0.148,1.09,1090,0.272,0
LEND_02732,-89.4216,-179.7158,4.15,0.109,0.95,950,0.227,0
LEND_02733,-80.4221,111.6504,3.9,0.162,0.57,570,0.185,0
LEND_02734,-80.5728,-148.4732,4.08,0.123,1.02,1020,0.247,0
LEND_02735,-82.1481,48.1859,3.79,0.186,0.33,330,0.153,0
LEND_02736,-80.0867,149.2619,3.56,0.234,1.27,1270,0.348,0
LEND_02737,-84.5552,-104.8853,4.2,0.098,1.91,1910,0.396,0
LEND_02738,-80.3723,59.4982,3.62,0.222,0.91,910,0.277,0
LEND_02739,-89.2439,-151.6685,3.68,0.209,0.48,480,0.192,0
LEND_02740,-86.3432,37.3519,3.61,0.223,2.15,2150,0.502,0
LEND_02741,-87.7462,-120.9846,3.74,0.197,0.55,550,0.198,0
LEND_02742,-88.0417,84.9433,3.7,0.204,1.3,1300,0.338,0
LEND_02743,-88.592,-71.5567,3.92,0.157,1.84,1840,0.413,0
LEND_02744,-83.7759,-13.1792,2.74,0.412,4.49,4490,0.98,1
LEND_02745,-82.1868,35.795,3.54,0.239,1.9,1900,0.465,0
LEND_02746,-84.217,-118.3416,4.04,0.13,1.36,1360,0.312,0
LEND_02747,-88.5304,86.9896,3.59,0.228,0.93,930,0.283,0
LEND_02748,-81.8888,-71.0495,3.51,0.244,1.94,1940,0.475,0
LEND_02749,-83.6405,58.4539,3.95,0.151,1.48,1480,0.345,0
LEND_02750,-86.1183,-123.0181,4.11,0.116,1.47,1470,0.325,0
LEND_02751,-83.2587,67.7224,3.62,0.221,1.26,1260,0.339,0
LEND_02752,-87.401,-133.8523,3.74,0.196,0.82,820,0.247,0
LEND_02753,-86.5481,-26.8717,3.62,0.222,0.88,880,0.271,0
LEND_02754,-80.8251,-91.0058,4.13,0.111,0.47,470,0.141,0
LEND_02755,-87.095,89.4151,3.69,0.207,0.76,760,0.241,0
LEND_02756,-85.3001,-85.6674,3.81,0.18,0.83,830,0.241,0
LEND_02757,-81.0986,137.4182,4.13,0.113,0.41,410,0.131,0
LEND_02758,-82.9228,141.0553,3.89,0.164,0.51,510,0.175,0
LEND_02759,-89.378,-109.2811,4.15,0.107,0.81,810,0.201,0
LEND_02760,-88.527,40.9845,4.15,0.108,1.59,1590,0.343,0
LEND_02761,-89.9216,-148.4216,3.82,0.178,0.65,650,0.207,0
LEND_02762,-83.6908,-39.0466,3.91,0.16,1.29,1290,0.314,0
LEND_02763,-85.5233,76.7958,3.66,0.213,1.27,1270,0.337,0
LEND_02764,-88.6573,57.3924,4.19,0.098,1.88,1880,0.391,0
LEND_02765,-80.4207,44.8922,3.69,0.205,1.46,1460,0.368,0
LEND_02766,-84.7034,-78.2853,4.05,0.129,2.04,2040,0.436,0
LEND_02767,-87.5811,-43.911,3.72,0.2,1.49,1490,0.371,0
LEND_02768,-84.994,-142.9394,3.72,0.2,0.35,350,0.164,0
LEND_02769,-83.2038,78.8482,3.57,0.232,1.02,1020,0.301,0
LEND_02770,-89.2376,1.4,3.89,0.163,1.63,1630,0.378,0
LEND_02771,-87.253,75.1556,3.67,0.21,1.2,1200,0.323,0
LEND_02772,-81.9303,-90.3803,3.6,0.225,1.1,1100,0.312,0
LEND_02773,-85.4034,-63.2022,3.66,0.213,1.58,1580,0.394,0
LEND_02774,-84.5342,-59.6825,3.68,0.21,0.84,840,0.257,0
LEND_02775,-85.6718,-170.7327,3.85,0.171,2.03,2030,0.455,0
LEND_02776,-89.561,-57.2228,3.77,0.189,1.08,1080,0.291,0
LEND_02777,-88.3425,109.1896,3.55,0.236,1.5,1500,0.391,0
LEND_02778,-85.5446,143.0275,3.88,0.167,2.17,2170,0.478,0
LEND_02779,-87.9081,6.5586,4.05,0.129,1.79,1790,0.39,0
LEND_02780,-89.5002,-16.0194,3.9,0.161,1.31,1310,0.319,0
LEND_02781,-81.5635,-168.9031,4.18,0.101,1.93,1930,0.401,0
LEND_02782,-80.1881,136.5136,3.57,0.232,1.36,1360,0.363,0
LEND_02783,-82.0686,-175.3163,4.07,0.124,1.14,1140,0.269,0
LEND_02784,-81.4622,160.11,3.85,0.171,1.96,1960,0.442,0
LEND_02785,-87.5802,-3.8822,3.87,0.169,0.35,350,0.148,0
LEND_02786,-80.3937,-56.9036,3.86,0.169,1.07,1070,0.279,0
LEND_02787,-88.0307,152.7186,3.73,0.198,0.95,950,0.272,0
LEND_02788,-80.4857,-171.2192,3.73,0.198,1.66,1660,0.401,0
LEND_02789,-80.0518,29.313,3.94,0.152,0.32,320,0.134,0
LEND_02790,-82.8828,17.6157,3.53,0.241,1.56,1560,0.404,0
LEND_02791,-80.1886,-101.0447,3.91,0.159,0.96,960,0.254,0
LEND_02792,-84.3046,-25.6005,4.01,0.138,0.49,490,0.158,0
LEND_02793,-87.4046,54.815,3.75,0.194,2.16,2160,0.49,0
LEND_02794,-85.63,81.7672,3.65,0.215,0.7,700,0.235,0
LEND_02795,-84.0644,-179.7419,3.65,0.215,0.96,960,0.282,0
LEND_02796,-89.2692,157.2672,3.56,0.235,0.69,690,0.243,0
LEND_02797,-83.7766,-120.7709,3.56,0.234,1.56,1560,0.401,0
LEND_02798,-80.1882,-95.911,3.62,0.222,1.79,1790,0.437,0
LEND_02799,-88.0989,-85.1496,3.51,0.244,1.94,1940,0.475,0
LEND_02800,-82.074,-166.3848,3.69,0.207,0.89,890,0.265,0
LEND_02801,-80.921,-135.7012,3.71,0.201,1.3,1300,0.337,0
LEND_02802,-80.563,175.086,4.2,0.097,1.56,1560,0.332,0
LEND_02803,-80.3986,-66.522,4.19,0.098,1.5,1500,0.322,0
LEND_02804,-84.7854,-138.4916,3.63,0.219,1.66,1660,0.411,0
LEND_02805,-80.2269,-141.4831,3.65,0.215,1.76,1760,0.428,0
LEND_02806,-82.4269,79.0056,2.86,0.384,5.36,5360,0.98,1
LEND_02807,-88.3833,127.6447,3.6,0.225,0.62,620,0.225,0
LEND_02808,-85.231,-87.4972,3.85,0.171,1.7,1700,0.395,0
LEND_02809,-82.8167,-172.4726,3.78,0.187,1.21,1210,0.314,0
LEND_02810,-87.5266,-99.6876,3.73,0.198,1.11,1110,0.301,0
LEND_02811,-83.5938,-159.6544,4.08,0.123,1.17,1170,0.274,0
LEND_02812,-83.334,-142.7778,4.08,0.123,1.01,1010,0.245,0
LEND_02813,-88.373,-24.6571,4.19,0.099,1.42,1420,0.307,0
LEND_02814,-84.3491,-97.2294,3.09,0.335,3.74,3740,0.847,1
LEND_02815,-82.2837,5.7405,4.12,0.114,1.51,1510,0.331,0
LEND_02816,-85.011,-88.7422,3.88,0.166,0.69,690,0.209,0
LEND_02817,-89.879,158.5934,3.91,0.158,1.74,1740,0.396,0
LEND_02818,-89.9096,146.1398,2.94,0.368,5.29,5290,0.98,1
LEND_02819,-86.4297,24.0502,4.16,0.105,1.4,1400,0.307,0
LEND_02820,-80.7381,-52.4074,4.01,0.138,1.0,1000,0.251,0
LEND_02821,-87.7132,-42.7871,3.74,0.195,0.33,330,0.157,0
LEND_02822,-83.6564,-31.7332,3.84,0.174,0.53,530,0.183,0
LEND_02823,-87.7792,81.9286,3.93,0.155,0.45,450,0.159,0
LEND_02824,-86.7833,-17.41,4.08,0.123,0.32,320,0.119,0
LEND_02825,-81.5196,128.4228,3.96,0.148,1.67,1670,0.378,0
LEND_02826,-82.7114,159.8741,3.76,0.192,2.12,2120,0.482,0
LEND_02827,-89.046,-59.0594,3.79,0.184,0.32,320,0.15,0
LEND_02828,-85.713,21.85,3.54,0.24,0.51,510,0.213,0
LEND_02829,-89.7083,-145.7796,4.15,0.108,1.94,1940,0.407,0
LEND_02830,-85.1911,-107.8311,3.56,0.234,1.61,1610,0.41,0
LEND_02831,-83.3757,-31.1523,3.91,0.16,1.07,1070,0.275,0
LEND_02832,-88.815,-105.767,4.11,0.116,2.19,2190,0.456,0
LEND_02833,-87.1112,135.5618,3.79,0.184,1.39,1390,0.345,0
LEND_02834,-86.0216,-123.0169,4.06,0.127,1.57,1570,0.349,0
LEND_02835,-80.8047,-15.9621,4.06,0.126,1.54,1540,0.343,0
LEND_02836,-80.0674,38.0517,3.54,0.238,0.72,720,0.25,0
LEND_02837,-89.5509,69.071,3.79,0.185,1.23,1230,0.316,0
LEND_02838,-82.3899,-42.095,3.98,0.143,0.71,710,0.201,0
LEND_02839,-86.2828,132.8757,3.8,0.184,1.27,1270,0.323,0
LEND_02840,-86.0754,24.5949,3.88,0.165,0.36,360,0.148,0
LEND_02841,-82.4574,-21.7772,3.92,0.158,1.03,1030,0.266,0
LEND_02842,-80.8157,-155.7934,3.61,0.225,1.01,1010,0.296,0
LEND_02843,-80.4907,-12.7118,3.79,0.185,0.85,850,0.247,0
LEND_02844,-84.2288,115.4649,3.52,0.243,0.45,450,0.203,0
LEND_02845,-86.4288,41.2348,3.6,0.225,1.76,1760,0.432,0
LEND_02846,-82.1245,119.5785,3.86,0.17,1.1,1100,0.285,0
LEND_02847,-87.49,-2.1558,3.9,0.161,1.85,1850,0.417,0
LEND_02848,-84.3593,-137.3538,3.6,0.225,1.89,1890,0.456,0
LEND_02849,-86.4142,-175.0897,4.03,0.134,0.71,710,0.196,0
LEND_02850,-83.4337,-70.841,3.76,0.191,1.1,1100,0.296,0
LEND_02851,-87.596,71.2766,4.14,0.109,1.67,1670,0.358,0
LEND_02852,-88.0841,104.4936,3.77,0.189,1.25,1250,0.322,0
LEND_02853,-80.8176,-73.529,3.6,0.225,1.92,1920,0.461,0
LEND_02854,-88.982,-1.5646,4.03,0.133,1.39,1390,0.319,0
LEND_02855,-84.9404,-28.3972,3.9,0.162,1.5,1500,0.354,0
LEND_02856,-87.7915,-32.2118,3.77,0.189,1.8,1800,0.422,0
LEND_02857,-89.6107,-96.7145,3.75,0.194,0.53,530,0.193,0
LEND_02858,-89.6398,-130.9064,3.61,0.225,1.41,1410,0.369,0
LEND_02859,-88.2478,-109.1921,3.74,0.196,0.46,460,0.182,0
LEND_02860,-81.3323,-160.0803,3.52,0.243,0.8,800,0.267,0
LEND_02861,-87.1752,-108.6729,3.85,0.172,0.7,700,0.213,0
LEND_02862,-80.4954,-176.6877,4.13,0.112,1.38,1380,0.307,0
LEND_02863,-84.1838,45.813,4.06,0.128,1.9,1900,0.409,0
LEND_02864,-85.6339,-66.1049,3.52,0.243,0.55,550,0.222,0
LEND_02865,-84.1991,170.3321,4.12,0.115,1.76,1760,0.377,0
LEND_02866,-84.833,-110.2619,3.82,0.179,0.57,570,0.193,0
LEND_02867,-82.4122,-55.5017,3.63,0.219,0.66,660,0.229,0
LEND_02868,-87.175,-51.1772,4.03,0.134,2.04,2040,0.438,0
LEND_02869,-86.4695,-176.9575,3.73,0.199,0.32,320,0.158,0
LEND_02870,-81.0591,122.1149,3.68,0.209,0.67,670,0.226,0
LEND_02871,-80.5354,-168.482,3.61,0.223,0.71,710,0.241,0
LEND_02872,-81.0744,158.4647,3.84,0.174,0.84,840,0.24,0
LEND_02873,-85.8055,141.1468,3.57,0.233,0.99,990,0.297,0
LEND_02874,-82.1963,12.7879,4.05,0.129,0.5,500,0.155,0
LEND_02875,-85.2366,15.6944,3.83,0.176,1.19,1190,0.305,0
LEND_02876,-85.0246,55.3601,3.17,0.319,4.31,4310,0.943,1
LEND_02877,-87.9532,-40.662,3.5,0.247,1.49,1490,0.394,0
LEND_02878,-84.0887,53.0,4.07,0.124,1.95,1950,0.417,0
LEND_02879,-88.1386,-163.8834,3.84,0.173,0.87,870,0.245,0
LEND_02880,-86.6844,-160.5429,3.81,0.181,1.34,1340,0.334,0
LEND_02881,-81.4497,-15.397,4.03,0.133,1.01,1010,0.25,0
LEND_02882,-87.9292,17.864,3.54,0.238,0.38,380,0.188,0
LEND_02883,-89.2884,139.6144,3.76,0.192,1.86,1860,0.434,0
LEND_02884,-89.3099,-142.3222,3.9,0.161,1.51,1510,0.355,0
LEND_02885,-80.5922,116.1533,3.82,0.178,0.3,300,0.144,0
LEND_02886,-84.9308,-104.383,3.63,0.22,0.77,770,0.25,0
LEND_02887,-85.9059,-38.1299,3.71,0.202,0.89,890,0.263,0
LEND_02888,-81.8912,-66.0231,3.71,0.202,1.84,1840,0.436,0
LEND_02889,-81.6417,-35.9441,4.19,0.098,1.75,1750,0.367,0
LEND_02890,-86.6781,-125.8216,3.73,0.198,1.05,1050,0.29,0
LEND_02891,-83.0638,1.2852,3.64,0.216,0.6,600,0.217,0
LEND_02892,-82.2888,108.5913,4.08,0.123,1.03,1030,0.249,0
LEND_02893,-83.4535,-21.0478,3.79,0.184,1.84,1840,0.427,0
LEND_02894,-88.484,-3.3791,3.81,0.18,1.16,1160,0.301,0
LEND_02895,-81.2412,125.5563,3.88,0.165,0.52,520,0.177,0
LEND_02896,-84.6091,74.1809,3.92,0.158,0.37,370,0.146,0
LEND_02897,-87.1753,-3.4364,3.91,0.158,0.93,930,0.248,0
LEND_02898,-85.7477,-87.2296,3.52,0.242,0.58,580,0.227,0
LEND_02899,-89.6243,138.5736,4.07,0.124,1.72,1720,0.375,0
LEND_02900,-88.7213,27.7273,3.64,0.218,0.83,830,0.26,0
LEND_02901,-82.3445,-100.3869,3.7,0.203,1.97,1970,0.46,0
LEND_02902,-89.9999,-83.1169,3.62,0.221,1.47,1470,0.378,0
LEND_02903,-85.8343,109.1279,4.04,0.132,1.05,1050,0.257,0
LEND_02904,-84.7749,-164.1076,3.91,0.159,1.46,1460,0.345,0
LEND_02905,-89.4537,177.1532,4.03,0.134,0.86,860,0.223,0
LEND_02906,-80.2692,-133.0734,3.96,0.149,0.57,570,0.178,0
LEND_02907,-87.7387,106.5847,3.57,0.232,2.13,2130,0.503,0
LEND_02908,-86.958,-37.8809,3.71,0.202,1.37,1370,0.35,0
LEND_02909,-86.9606,-2.8022,3.86,0.171,0.31,310,0.142,0
LEND_02910,-87.6958,137.0342,3.71,0.201,0.89,890,0.263,0
LEND_02911,-89.9853,-31.352,3.65,0.216,0.6,600,0.217,0
LEND_02912,-82.7066,13.4978,3.18,0.315,5.0,5000,0.98,1
LEND_02913,-80.3315,-162.2521,4.02,0.135,0.41,410,0.142,0
LEND_02914,-87.7571,-179.1549,3.74,0.195,0.77,770,0.238,0
LEND_02915,-83.3695,-91.872,4.04,0.132,1.6,1600,0.357,0
LEND_02916,-82.581,65.0099,3.94,0.153,1.86,1860,0.415,0
LEND_02917,-81.5157,-136.3446,3.5,0.247,0.96,960,0.298,0
LEND_02918,-85.7737,-139.0457,3.77,0.19,1.29,1290,0.33,0
LEND_02919,-86.9707,-32.0542,3.7,0.204,0.38,380,0.171,0
LEND_02920,-86.747,53.2213,3.65,0.215,0.47,470,0.193,0
LEND_02921,-82.8738,76.3459,3.68,0.209,1.35,1350,0.35,0
LEND_02922,-81.8322,-115.7578,4.16,0.105,1.9,1900,0.398,0
LEND_02923,-88.1839,-151.3483,3.84,0.174,0.47,470,0.173,0
LEND_02924,-86.2906,158.5429,4.09,0.12,1.1,1100,0.26,0
LEND_02925,-80.9806,-86.1601,3.65,0.215,2.14,2140,0.497,0
LEND_02926,-81.9331,127.2047,3.62,0.221,1.7,1700,0.42,0
LEND_02927,-80.1514,130.8569,4.12,0.114,0.68,680,0.18,0
LEND_02928,-82.4575,98.1081,3.85,0.173,0.84,840,0.239,0
LEND_02929,-86.068,-119.2199,4.13,0.113,2.1,2100,0.438,0
LEND_02930,-84.0936,115.8485,3.54,0.238,0.72,720,0.25,0
LEND_02931,-83.3899,96.9302,4.14,0.109,1.14,1140,0.262,0
LEND_02932,-89.2154,34.8203,3.79,0.185,0.98,980,0.271,0
LEND_02933,-84.555,-58.6073,3.61,0.224,1.23,1230,0.336,0
LEND_02934,-82.9068,-85.4969,3.98,0.144,0.75,750,0.209,0
LEND_02935,-88.3268,-136.1199,4.06,0.127,1.57,1570,0.349,0
LEND_02936,-82.1937,3.5125,3.53,0.24,0.75,750,0.256,0
LEND_02937,-84.1623,30.6939,4.19,0.099,1.44,1440,0.311,0
LEND_02938,-80.4778,-50.638,3.99,0.142,0.98,980,0.249,0
LEND_02939,-89.5758,-8.8707,3.72,0.199,0.78,780,0.241,0
LEND_02940,-87.3467,-49.1348,3.61,0.225,1.62,1620,0.407,0
LEND_02941,-83.9845,50.7622,3.77,0.188,2.13,2130,0.481,0
LEND_02942,-87.0344,144.4533,3.65,0.214,1.95,1950,0.462,0
LEND_02943,-82.8558,-120.9887,3.85,0.173,0.46,460,0.17,0
LEND_02944,-82.4099,-42.6928,4.05,0.13,1.16,1160,0.276,0
LEND_02945,-88.9748,-129.2873,3.96,0.148,1.62,1620,0.369,0
LEND_02946,-84.8615,44.9798,3.81,0.182,1.37,1370,0.34,0
LEND_02947,-84.9111,82.3934,3.58,0.229,1.68,1680,0.42,0
LEND_02948,-86.3072,155.4886,4.17,0.103,2.15,2150,0.443,0
LEND_02949,-80.6708,-79.6061,3.69,0.207,0.95,950,0.276,0
LEND_02950,-81.7249,162.076,3.69,0.205,1.76,1760,0.423,0
LEND_02951,-83.0279,-157.2254,3.95,0.15,0.48,480,0.162,0
LEND_02952,-82.8567,37.085,4.04,0.131,1.95,1950,0.42,0
LEND_02953,-85.3828,-159.4322,4.19,0.099,1.78,1780,0.373,0
LEND_02954,-80.7901,141.7587,4.18,0.101,1.29,1290,0.285,0
LEND_02955,-83.054,10.7313,4.14,0.11,1.86,1860,0.393,0
LEND_02956,-82.7102,60.9654,3.8,0.182,1.57,1570,0.376,0
LEND_02957,-81.3831,119.3666,3.62,0.222,1.35,1350,0.357,0
LEND_02958,-87.2593,-125.8882,3.91,0.159,2.1,2100,0.461,0
LEND_02959,-81.9293,-166.107,3.51,0.245,0.55,550,0.222,0
LEND_02960,-88.0476,136.3972,3.64,0.218,2.19,2190,0.507,0
LEND_02961,-86.5466,-66.624,3.5,0.247,0.59,590,0.231,0
LEND_02962,-86.6439,-133.5676,2.71,0.418,5.66,5660,0.98,1
LEND_02963,-80.2147,-11.354,3.83,0.176,0.74,740,0.222,0
LEND_02964,-81.4346,35.3902,3.78,0.188,0.82,820,0.243,0
LEND_02965,-82.9883,-168.8506,3.76,0.192,1.5,1500,0.369,0
LEND_02966,-82.7294,-81.0376,4.08,0.122,0.37,370,0.128,0
LEND_02967,-84.3793,-168.192,3.97,0.146,2.09,2090,0.453,0
LEND_02968,-80.5291,-28.6793,4.16,0.106,0.83,830,0.204,0
LEND_02969,-85.0374,142.236,3.81,0.18,0.82,820,0.239,0
LEND_02970,-86.1948,173.7549,3.69,0.206,1.94,1940,0.456,0
LEND_02971,-88.3696,49.3371,3.59,0.229,1.75,1750,0.433,0
LEND_02972,-82.1379,-121.8104,3.97,0.146,1.58,1580,0.36,0
LEND_02973,-82.6556,146.1058,2.76,0.406,5.7,5700,0.98,1
LEND_02974,-86.1564,5.8492,3.63,0.22,1.76,1760,0.43,0
LEND_02975,-89.7481,-124.6502,3.01,0.352,3.87,3870,0.88,1
LEND_02976,-81.61,151.8216,3.87,0.168,2.19,2190,0.482,0
LEND_02977,-89.8858,92.6889,3.6,0.226,1.58,1580,0.4,0
LEND_02978,-82.963,83.4139,3.95,0.151,1.89,1890,0.419,0
LEND_02979,-80.2974,75.3051,3.86,0.169,1.69,1690,0.392,0
LEND_02980,-85.6234,-107.8777,3.52,0.243,1.43,1430,0.382,0
LEND_02981,-87.6503,-104.0376,3.78,0.187,1.66,1660,0.395,0
LEND_02982,-82.9513,67.7855,4.05,0.129,1.44,1440,0.326,0
LEND_02983,-81.8287,-100.8998,3.89,0.164,0.4,400,0.155,0
LEND_02984,-84.5357,-22.0782,3.7,0.205,0.96,960,0.277,0
LEND_02985,-80.3296,101.5207,4.15,0.108,0.9,900,0.217,0
LEND_02986,-89.4833,102.2229,3.67,0.212,1.66,1660,0.408,0
LEND_02987,-84.952,-16.8258,3.68,0.209,1.39,1390,0.357,0
LEND_02988,-82.8155,105.1884,3.75,0.194,1.46,1460,0.362,0
LEND_02989,-81.3736,121.9038,4.13,0.113,1.91,1910,0.404,0
LEND_02990,-88.2074,55.7193,3.86,0.171,1.3,1300,0.322,0
LEND_02991,-82.0,-97.7667,3.98,0.145,0.71,710,0.201,0
LEND_02992,-84.4729,-81.3558,4.18,0.1,0.32,320,0.108,0
LEND_02993,-86.0345,-66.6572,4.05,0.129,0.6,600,0.174,0
LEND_02994,-88.6828,-137.9505,3.62,0.221,0.36,360,0.176,0
LEND_02995,-81.347,-81.6625,4.05,0.129,0.75,750,0.201,0
LEND_02996,-88.4273,-104.5731,4.02,0.135,1.51,1510,0.342,0
LEND_02997,-86.9021,-16.0817,3.66,0.212,0.59,590,0.213,0
LEND_02998,-87.0995,147.0375,3.73,0.198,0.46,460,0.183,0
LEND_02999,-81.2859,-142.3871,4.0,0.14,2.14,2140,0.459,0
LEND_03000,-83.273,79.2965,3.67,0.211,2.19,2190,0.504,0
LEND_03001,-82.0332,67.4219,3.65,0.216,1.51,1510,0.383,0
LEND_03002,-87.4953,-145.5285,3.99,0.141,0.51,510,0.163,0
LEND_03003,-83.7513,152.1261,4.12,0.115,1.86,1860,0.396,0
LEND_03004,-84.2825,24.65,3.55,0.236,1.32,1320,0.358,0
LEND_03005,-81.6717,-49.0588,3.81,0.18,0.65,650,0.208,0
LEND_03006,-80.9391,92.3539,3.93,0.156,1.39,1390,0.331,0
LEND_03007,-89.8784,-87.3484,3.97,0.146,0.37,370,0.14,0
LEND_03008,-83.2598,69.6635,4.2,0.097,2.15,2150,0.44,0
LEND_03009,-89.4816,-165.704,3.98,0.145,1.87,1870,0.412,0
LEND_03010,-84.5114,122.1869,3.93,0.154,0.8,800,0.222,0
LEND_03011,-87.1237,-18.6585,4.19,0.098,1.1,1100,0.249,0
LEND_03012,-86.9322,49.2094,3.54,0.238,1.05,1050,0.31,0
LEND_03013,-86.4704,-100.3544,3.55,0.236,1.94,1940,0.471,0
LEND_03014,-83.7871,63.7465,3.89,0.163,0.97,970,0.258,0
LEND_03015,-86.6595,98.0065,3.75,0.193,0.39,390,0.168,0
LEND_03016,-82.673,-9.6433,3.57,0.233,0.71,710,0.245,0
LEND_03017,-85.9547,42.3817,3.71,0.201,0.71,710,0.23,0
LEND_03018,-89.3165,-15.7227,3.97,0.146,2.1,2100,0.455,0
LEND_03019,-82.1624,141.8729,4.12,0.115,2.06,2060,0.432,0
LEND_03020,-87.1424,-0.7671,3.57,0.233,0.87,870,0.275,0
LEND_03021,-85.6723,123.0511,3.88,0.166,0.31,310,0.139,0
LEND_03022,-83.1456,108.4867,3.71,0.203,1.28,1280,0.334,0
LEND_03023,-86.6754,-32.2183,3.97,0.147,1.81,1810,0.403,0
LEND_03024,-89.4341,-97.1696,3.88,0.165,0.81,810,0.23,0
LEND_03025,-86.2608,-33.8104,4.15,0.108,1.13,1130,0.259,0
LEND_03026,-80.5555,117.4383,3.53,0.242,0.63,630,0.235,0
LEND_03027,-83.5827,-98.0523,3.83,0.177,0.92,920,0.256,0
LEND_03028,-83.2852,8.7971,3.63,0.218,1.74,1740,0.426,0
LEND_03029,-83.6772,110.1948,3.88,0.167,1.11,1110,0.285,0
LEND_03030,-88.0101,-52.7481,4.1,0.119,1.15,1150,0.268,0
LEND_03031,-85.8167,51.1955,4.14,0.11,1.8,1800,0.382,0
LEND_03032,-82.4906,-91.5726,3.78,0.187,1.75,1750,0.412,0
LEND_03033,-88.9863,-140.6594,4.07,0.125,0.66,660,0.183,0
LEND_03034,-87.2215,105.9783,3.7,0.205,1.09,1090,0.301,0
LEND_03035,-87.2368,-144.3713,3.5,0.246,1.91,1910,0.47,0
LEND_03036,-85.6798,-82.3027,4.1,0.119,1.17,1170,0.272,0
LEND_03037,-80.1963,127.8394,3.58,0.229,1.56,1560,0.398,0
LEND_03038,-89.325,-55.2711,3.51,0.245,0.88,880,0.282,0
LEND_03039,-84.813,170.2963,3.11,0.331,4.39,4390,0.964,1
LEND_03040,-88.2064,172.7044,3.77,0.19,0.61,610,0.206,0
LEND_03041,-80.2932,-83.4206,3.55,0.236,1.06,1060,0.311,0
LEND_03042,-88.867,-165.2478,4.07,0.125,0.97,970,0.239,0
LEND_03043,-85.964,73.8228,3.78,0.186,2.0,2000,0.457,0
LEND_03044,-82.6212,-17.6449,3.84,0.174,1.34,1340,0.33,0
LEND_03045,-82.9545,-143.729,3.69,0.207,1.49,1490,0.375,0
LEND_03046,-85.7727,74.7082,3.86,0.17,1.61,1610,0.378,0
LEND_03047,-86.5348,-168.777,4.04,0.132,1.31,1310,0.304,0
LEND_03048,-86.0239,133.2708,4.13,0.111,1.76,1760,0.375,0
LEND_03049,-87.3572,-130.0851,4.18,0.101,1.79,1790,0.376,0
LEND_03050,-87.9467,-134.1677,3.8,0.183,0.97,970,0.268,0
LEND_03051,-85.1696,-116.758,4.19,0.098,0.46,460,0.133,0
LEND_03052,-87.3147,165.6959,3.71,0.203,2.17,2170,0.496,0
LEND_03053,-87.1254,69.541,3.5,0.246,1.52,1520,0.399,0
LEND_03054,-83.4324,108.4938,4.04,0.132,1.65,1650,0.366,0
LEND_03055,-80.3146,-36.8514,3.62,0.22,1.74,1740,0.427,0
LEND_03056,-83.9636,-58.9274,3.54,0.239,1.46,1460,0.385,0
LEND_03057,-89.2302,-95.5858,4.15,0.108,1.19,1190,0.27,0
LEND_03058,-89.2442,-6.9667,4.05,0.128,2.17,2170,0.459,0
LEND_03059,-80.4858,18.6583,3.57,0.232,1.68,1680,0.421,0
LEND_03060,-87.0271,47.4389,4.04,0.13,1.91,1910,0.412,0
LEND_03061,-89.0793,-87.4373,3.16,0.32,4.74,4740,0.98,1
LEND_03062,-84.0096,161.5155,4.13,0.111,2.02,2020,0.423,0
LEND_03063,-83.7635,-118.8869,3.88,0.165,1.69,1690,0.39,0
LEND_03064,-83.515,167.6351,3.99,0.141,1.72,1720,0.383,0
LEND_03065,-87.326,-174.6518,4.03,0.133,0.47,470,0.152,0
LEND_03066,-89.8489,-6.7948,3.98,0.144,1.47,1470,0.339,0
LEND_03067,-80.3498,-59.9876,3.95,0.15,0.94,940,0.246,0
LEND_03068,-87.4911,-18.3156,3.88,0.165,1.57,1570,0.368,0
LEND_03069,-83.2397,25.4392,3.84,0.175,1.38,1380,0.338,0
LEND_03070,-82.9337,-23.1879,4.2,0.097,0.51,510,0.141,0
LEND_03071,-83.8999,-30.6551,3.74,0.196,1.31,1310,0.336,0
LEND_03072,-86.8709,83.7804,3.56,0.234,1.16,1160,0.328,0
LEND_03073,-87.289,66.9155,4.04,0.132,1.78,1780,0.39,0
LEND_03074,-84.0233,119.9777,3.65,0.215,1.26,1260,0.337,0
LEND_03075,-81.339,-90.0148,3.87,0.167,1.21,1210,0.304,0
LEND_03076,-80.5327,39.4303,3.57,0.233,1.67,1670,0.42,0
LEND_03077,-88.9409,30.6701,3.93,0.154,1.57,1570,0.362,0
LEND_03078,-88.4517,-46.8944,4.16,0.105,2.18,2180,0.449,0
LEND_03079,-80.5526,-5.0193,2.87,0.384,5.63,5630,0.98,1
LEND_03080,-82.6346,-67.0384,3.65,0.215,1.61,1610,0.4,0
LEND_03081,-81.1701,-128.936,4.18,0.101,0.62,620,0.163,0
LEND_03082,-87.9737,-103.0316,3.71,0.201,1.83,1830,0.433,0
LEND_03083,-84.1241,-142.0151,3.81,0.182,1.79,1790,0.416,0
LEND_03084,-82.9886,65.905,3.85,0.172,1.68,1680,0.392,0
LEND_03085,-83.1989,57.8619,4.19,0.098,0.53,530,0.145,0
LEND_03086,-85.9185,162.2183,3.55,0.237,2.18,2180,0.515,0
LEND_03087,-89.8461,82.6842,3.99,0.142,2.09,2090,0.451,0
LEND_03088,-84.1707,-161.2635,3.75,0.193,1.0,1000,0.278,0
LEND_03089,-87.469,138.3283,3.55,0.236,1.4,1400,0.372,0
LEND_03090,-85.4975,130.5631,3.21,0.309,4.97,4970,0.98,1
LEND_03091,-80.4242,-20.4047,3.91,0.159,1.24,1240,0.305,0
LEND_03092,-86.0096,30.9107,4.03,0.134,1.44,1440,0.329,0
LEND_03093,-81.602,171.3882,3.67,0.211,1.45,1450,0.369,0
LEND_03094,-88.1146,11.6296,4.03,0.133,1.53,1530,0.345,0
LEND_03095,-83.2754,145.9159,2.86,0.386,5.57,5570,0.98,1
LEND_03096,-80.2299,-150.106,3.21,0.31,3.59,3590,0.807,1
LEND_03097,-88.9811,-111.2213,3.9,0.161,1.33,1330,0.322,0
LEND_03098,-89.9168,-21.3282,4.18,0.101,1.96,1960,0.407,0
LEND_03099,-85.6642,30.5125,2.84,0.389,5.08,5080,0.98,1
LEND_03100,-89.0737,113.842,3.81,0.18,1.77,1770,0.412,0
LEND_03101,-82.5162,175.7744,3.97,0.147,1.09,1090,0.272,0
LEND_03102,-80.8545,-40.0135,4.05,0.129,1.79,1790,0.39,0
LEND_03103,-85.6598,-162.9304,3.52,0.244,1.04,1040,0.311,0
LEND_03104,-87.4129,108.4217,3.91,0.159,1.56,1560,0.363,0
LEND_03105,-85.656,37.5771,4.19,0.099,1.38,1380,0.3,0
LEND_03106,-82.7655,-108.5246,4.16,0.105,0.87,870,0.211,0
LEND_03107,-89.9095,-1.8618,4.08,0.122,1.16,1160,0.272,0
LEND_03108,-84.1055,87.2317,3.57,0.231,1.88,1880,0.457,0
LEND_03109,-83.8671,97.3482,4.2,0.098,2.03,2030,0.418,0
LEND_03110,-83.6231,-0.1374,3.93,0.156,0.69,690,0.203,0
LEND_03111,-87.5798,-70.1228,3.66,0.214,1.17,1170,0.32,0
LEND_03112,-82.8595,170.5473,3.97,0.146,1.12,1120,0.277,0
LEND_03113,-89.0861,58.8105,4.1,0.118,1.23,1230,0.283,0
LEND_03114,-88.0073,-33.0345,3.58,0.23,2.16,2160,0.508,0
LEND_03115,-81.2253,-79.0332,3.0,0.355,5.78,5780,0.98,1
LEND_03116,-82.6128,83.1971,4.14,0.109,1.88,1880,0.396,0
LEND_03117,-89.8625,-92.814,3.51,0.245,1.56,1560,0.406,0
LEND_03118,-87.5162,-118.1844,4.13,0.112,0.5,500,0.147,0
LEND_03119,-87.8559,10.7402,4.16,0.105,1.62,1620,0.347,0
LEND_03120,-87.2919,-75.6045,3.53,0.242,1.53,1530,0.399,0
LEND_03121,-87.5244,46.4059,3.71,0.203,1.74,1740,0.418,0
LEND_03122,-89.3747,-137.5421,3.76,0.191,0.44,440,0.176,0
LEND_03123,-85.4106,55.7788,3.74,0.195,0.76,760,0.236,0
LEND_03124,-82.6727,-78.0132,4.03,0.133,1.76,1760,0.387,0
LEND_03125,-83.9327,-179.9125,3.75,0.193,1.0,1000,0.279,0
LEND_03126,-83.2713,-134.303,4.17,0.103,2.03,2030,0.421,0
LEND_03127,-89.1885,156.1015,4.2,0.098,1.28,1280,0.281,0
LEND_03128,-80.4851,132.2477,3.72,0.2,0.3,300,0.154,0
LEND_03129,-81.6151,-95.9007,3.86,0.171,1.63,1630,0.382,0
LEND_03130,-81.9491,100.2139,3.89,0.163,1.28,1280,0.314,0
LEND_03131,-81.7702,39.0858,3.91,0.16,0.9,900,0.244,0
LEND_03132,-80.6729,169.5257,3.76,0.191,0.34,340,0.157,0
LEND_03133,-84.5575,-45.502,2.84,0.39,5.51,5510,0.98,1
LEND_03134,-87.9972,65.3258,3.54,0.239,0.61,610,0.23,0
LEND_03135,-83.8322,-157.1271,3.57,0.231,1.41,1410,0.372,0
LEND_03136,-82.5712,-37.351,4.13,0.112,1.76,1760,0.376,0
LEND_03137,-82.6208,166.9744,3.7,0.205,0.75,750,0.239,0
LEND_03138,-84.7855,14.0331,3.55,0.236,1.63,1630,0.414,0
LEND_03139,-89.3154,-76.3634,3.94,0.153,2.01,2010,0.442,0
LEND_03140,-86.2889,-136.7025,3.55,0.236,1.48,1480,0.387,0
LEND_03141,-80.7923,73.2702,3.55,0.237,1.77,1770,0.44,0
LEND_03142,-84.1555,52.1482,3.94,0.154,0.69,690,0.202,0
LEND_03143,-84.6167,-45.3821,3.91,0.158,0.44,440,0.159,0
LEND_03144,-87.3115,162.3389,3.53,0.241,0.99,990,0.301,0
LEND_03145,-86.3155,-172.007,3.82,0.178,1.65,1650,0.389,0
LEND_03146,-81.0465,-70.6594,3.81,0.182,1.6,1600,0.382,0
LEND_03147,-83.3354,151.585,3.88,0.165,2.11,2110,0.466,0
LEND_03148,-82.1261,-64.4632,4.02,0.136,1.5,1500,0.341,0
LEND_03149,-85.4565,-89.189,3.7,0.205,1.08,1080,0.299,0
LEND_03150,-83.6975,12.3193,3.8,0.182,1.81,1810,0.42,0
LEND_03151,-87.5162,116.5686,4.05,0.128,0.59,590,0.171,0
LEND_03152,-82.9454,-142.8672,4.15,0.108,1.84,1840,0.389,0
LEND_03153,-85.724,159.4875,2.87,0.384,5.11,5110,0.98,1
LEND_03154,-85.5745,106.2262,3.83,0.175,0.59,590,0.195,0
LEND_03155,-83.5068,-114.7499,3.86,0.169,0.61,610,0.195,0
LEND_03156,-80.6372,76.3229,3.87,0.168,2.17,2170,0.478,0
LEND_03157,-89.3599,-41.4149,4.11,0.117,1.48,1480,0.327,0
LEND_03158,-81.7526,-35.1739,4.09,0.121,0.63,630,0.175,0
LEND_03159,-87.0762,101.9844,3.72,0.2,0.81,810,0.247,0
LEND_03160,-85.5608,166.6025,3.61,0.223,1.01,1010,0.295,0
LEND_03161,-89.7809,-134.4039,3.77,0.19,0.41,410,0.17,0
LEND_03162,-86.9895,-28.5731,3.7,0.204,0.51,510,0.195,0
LEND_03163,-84.9737,-6.861,4.17,0.104,1.75,1750,0.37,0
LEND_03164,-89.4382,-44.5277,3.69,0.207,1.8,1800,0.431,0
LEND_03165,-85.089,-49.2519,3.63,0.22,2.18,2180,0.506,0
LEND_03166,-80.7289,-161.1833,4.13,0.112,0.43,430,0.134,0
LEND_03167,-88.9461,66.7939,3.56,0.234,1.99,1990,0.479,0
LEND_03168,-82.3556,-22.9628,3.68,0.208,0.9,900,0.268,0
LEND_03169,-85.9033,-109.8742,3.81,0.181,0.92,920,0.258,0
LEND_03170,-83.4483,113.7721,3.92,0.158,0.54,540,0.177,0
LEND_03171,-87.3976,108.9219,3.73,0.198,2.17,2170,0.494,0
LEND_03172,-88.4051,-4.899,3.85,0.173,2.16,2160,0.479,0
LEND_03173,-88.3954,-72.5578,3.64,0.217,1.94,1940,0.461,0
LEND_03174,-89.2951,49.7134,3.9,0.161,0.47,470,0.166,0
LEND_03175,-88.1435,-76.2652,3.79,0.186,1.9,1900,0.438,0
LEND_03176,-83.3578,-95.0371,4.09,0.119,1.51,1510,0.334,0
LEND_03177,-81.1831,82.9853,2.88,0.381,4.14,4140,0.943,1
LEND_03178,-81.8587,-165.4829,3.81,0.181,0.8,800,0.236,0
LEND_03179,-83.1487,-145.8834,3.91,0.158,1.61,1610,0.372,0
LEND_03180,-88.8957,-177.5563,3.59,0.229,1.83,1830,0.447,0
LEND_03181,-87.1081,-124.9405,3.61,0.224,1.91,1910,0.459,0
LEND_03182,-86.9019,-155.1636,4.05,0.128,1.33,1330,0.306,0
LEND_03183,-87.5004,178.4889,3.69,0.206,1.32,1320,0.343,0
LEND_03184,-84.8499,-76.0284,3.98,0.144,1.6,1600,0.363,0
LEND_03185,-84.6445,-126.2635,3.08,0.339,3.64,3640,0.831,1
LEND_03186,-86.4311,-93.2413,4.08,0.124,0.62,620,0.175,0
LEND_03187,-86.4621,157.0052,4.19,0.099,1.71,1710,0.36,0
LEND_03188,-81.7144,7.2577,3.76,0.191,0.95,950,0.268,0
LEND_03189,-82.1071,-48.6655,3.85,0.171,1.03,1030,0.273,0
LEND_03190,-86.922,134.4209,3.81,0.181,0.45,450,0.172,0
LEND_03191,-80.8621,-37.8035,4.13,0.113,1.42,1420,0.315,0
LEND_03192,-80.4718,-59.3969,3.51,0.246,0.48,480,0.21,0
LEND_03193,-86.7326,-105.3783,3.96,0.149,2.03,2030,0.444,0
LEND_03194,-86.4558,-43.9931,3.96,0.149,1.48,1480,0.344,0
LEND_03195,-84.9437,-65.9936,3.77,0.19,2.18,2180,0.491,0
LEND_03196,-80.5888,63.8294,3.65,0.214,0.77,770,0.247,0
LEND_03197,-81.2368,-75.7502,3.67,0.211,1.59,1590,0.395,0
LEND_03198,-88.9743,27.7919,4.06,0.127,2.13,2130,0.451,0
LEND_03199,-86.0727,-156.2788,3.55,0.237,0.87,870,0.277,0
LEND_03200,-84.4663,-111.1359,3.89,0.162,0.48,480,0.168,0
LEND_03201,-84.9687,-33.3341,3.71,0.201,1.5,1500,0.373,0
LEND_03202,-88.0614,157.3017,3.69,0.207,1.0,1000,0.286,0
LEND_03203,-81.4118,-44.1893,3.85,0.171,0.82,820,0.235,0
LEND_03204,-83.2306,59.0667,4.13,0.112,2.19,2190,0.454,0
LEND_03205,-81.6209,-88.1686,3.93,0.154,1.73,1730,0.392,0
LEND_03206,-81.4124,-134.2679,4.05,0.129,1.22,1220,0.286,0
LEND_03207,-82.5164,-158.9268,3.92,0.157,0.4,400,0.151,0
LEND_03208,-85.6079,-70.0511,3.99,0.142,0.66,660,0.191,0
LEND_03209,-83.8945,-123.242,3.8,0.182,0.87,870,0.249,0
LEND_03210,-88.3963,-117.3562,4.15,0.108,1.23,1230,0.278,0
LEND_03211,-83.2635,93.8734,3.85,0.172,1.24,1240,0.311,0
LEND_03212,-88.2075,-174.2983,3.89,0.164,0.35,350,0.146,0
LEND_03213,-83.0605,20.8116,3.87,0.168,2.09,2090,0.464,0
LEND_03214,-87.704,-43.3939,3.72,0.2,1.33,1330,0.342,0
LEND_03215,-88.8245,2.358,3.66,0.213,0.34,340,0.168,0
LEND_03216,-88.3472,22.6189,3.55,0.236,1.63,1630,0.414,0
LEND_03217,-89.9801,-67.1876,3.24,0.302,5.06,5060,0.98,1
LEND_03218,-82.8126,-73.7608,3.7,0.204,1.67,1670,0.406,0
LEND_03219,-82.676,84.0247,3.77,0.189,1.63,1630,0.391,0
LEND_03220,-84.8507,133.6597,4.14,0.109,2.17,2170,0.449,0
LEND_03221,-88.3864,-110.6706,3.9,0.162,0.95,950,0.254,0
LEND_03222,-89.1645,-144.8572,3.57,0.233,0.57,570,0.22,0
LEND_03223,-89.8087,143.2065,3.15,0.322,5.76,5760,0.98,1
LEND_03224,-88.3425,-54.0376,3.68,0.209,0.44,440,0.184,0
LEND_03225,-81.0914,18.4743,3.89,0.164,1.84,1840,0.417,0
LEND_03226,-87.5846,-50.5645,3.86,0.171,1.67,1670,0.389,0
LEND_03227,-86.4573,-134.7112,3.67,0.211,2.15,2150,0.497,0
LEND_03228,-88.9465,32.1594,3.58,0.23,0.89,890,0.277,0
LEND_03229,-87.7764,9.0507,3.65,0.216,1.83,1830,0.44,0
LEND_03230,-84.8078,-106.9223,3.57,0.233,0.48,480,0.204,0
LEND_03231,-83.9225,-17.3271,3.69,0.206,2.02,2020,0.47,0
LEND_03232,-87.5465,106.9011,4.2,0.097,0.4,400,0.121,0
LEND_03233,-89.4227,32.5534,3.78,0.187,1.8,1800,0.421,0
LEND_03234,-86.0897,-145.1098,4.1,0.117,0.88,880,0.219,0
LEND_03235,-87.658,17.2877,3.88,0.165,0.64,640,0.199,0
LEND_03236,-87.8045,72.9858,3.97,0.147,1.64,1640,0.372,0
LEND_03237,-80.4014,105.3732,3.61,0.224,2.0,2000,0.476,0
LEND_03238,-83.837,46.4823,3.69,0.206,1.75,1750,0.421,0
LEND_03239,-84.4312,-125.0431,3.86,0.17,0.89,890,0.247,0
LEND_03240,-85.8422,75.6624,4.12,0.115,0.97,970,0.234,0
LEND_03241,-85.7106,63.8431,3.53,0.241,0.66,660,0.24,0
LEND_03242,-84.5909,-171.2063,3.85,0.171,1.87,1870,0.426,0
LEND_03243,-83.0357,-31.7708,3.54,0.24,0.5,500,0.211,0
LEND_03244,-82.9785,-60.1379,3.82,0.179,2.02,2020,0.457,0
LEND_03245,-88.2831,60.9883,3.94,0.153,1.44,1440,0.338,0
LEND_03246,-84.9989,-102.1911,4.02,0.135,1.42,1420,0.326,0
LEND_03247,-85.8804,32.7139,3.6,0.226,1.89,1890,0.457,0
LEND_03248,-81.2947,148.7541,3.62,0.222,1.57,1570,0.397,0
LEND_03249,-83.6858,107.2089,3.83,0.177,0.88,880,0.248,0
LEND_03250,-84.675,151.7248,4.2,0.097,0.96,960,0.223,0
LEND_03251,-88.8461,172.2621,3.75,0.194,0.63,630,0.211,0
LEND_03252,-83.9436,-176.1588,3.8,0.183,1.18,1180,0.306,0
LEND_03253,-88.828,44.1869,3.8,0.182,0.51,510,0.184,0
LEND_03254,-86.6279,-31.3778,3.56,0.235,1.54,1540,0.398,0
LEND_03255,-88.5716,129.5476,4.04,0.131,0.62,620,0.178,0
LEND_03256,-83.0793,-89.3467,3.68,0.209,1.94,1940,0.457,0
LEND_03257,-87.9375,173.1706,3.99,0.141,1.63,1630,0.367,0
LEND_03258,-86.0814,40.9349,3.83,0.176,1.99,1990,0.45,0
LEND_03259,-81.0433,105.6735,3.93,0.155,0.47,470,0.163,0
LEND_03260,-87.9568,-149.1842,3.54,0.239,1.82,1820,0.451,0
LEND_03261,-84.9219,-113.9552,4.12,0.113,1.97,1970,0.415,0
LEND_03262,-85.8073,93.0253,3.67,0.211,0.38,380,0.174,0
LEND_03263,-89.8188,-172.0849,3.97,0.146,2.2,2200,0.473,0
LEND_03264,-82.0724,114.0761,4.06,0.127,0.87,870,0.222,0
LEND_03265,-89.3095,-174.9784,3.88,0.166,0.7,700,0.21,0
LEND_03266,-85.2574,56.5628,3.74,0.197,1.09,1090,0.296,0
LEND_03267,-84.3932,-48.5662,4.18,0.1,0.32,320,0.108,0
LEND_03268,-83.7157,40.1381,3.69,0.205,1.98,1980,0.463,0
LEND_03269,-83.1137,70.5713,4.16,0.105,0.81,810,0.2,0
LEND_03270,-87.4673,-56.7089,3.61,0.224,1.29,1290,0.346,0
LEND_03271,-89.9002,-141.1335,3.77,0.189,1.48,1480,0.363,0
LEND_03272,-82.7656,-154.9275,3.6,0.226,1.8,1800,0.441,0
LEND_03273,-84.6434,32.017,3.5,0.247,0.78,780,0.265,0
LEND_03274,-81.6388,7.4359,3.68,0.208,1.66,1660,0.406,0
LEND_03275,-81.7861,87.1924,3.56,0.234,0.52,520,0.212,0
LEND_03276,-81.5667,3.5048,4.19,0.099,1.64,1640,0.348,0
LEND_03277,-85.1491,-27.9195,4.03,0.133,2.05,2050,0.439,0
LEND_03278,-86.6637,-36.6886,3.5,0.247,0.46,460,0.207,0
LEND_03279,-82.0844,-170.4791,3.66,0.214,0.52,520,0.201,0
LEND_03280,-85.4871,-59.1994,3.97,0.146,1.36,1360,0.32,0
LEND_03281,-88.1656,171.3673,3.78,0.187,0.39,390,0.165,0
LEND_03282,-81.4503,134.48,4.08,0.122,0.66,660,0.181,0
LEND_03283,-81.1744,-61.4239,3.85,0.171,0.66,660,0.206,0
LEND_03284,-85.3369,31.6063,3.96,0.149,1.21,1210,0.294,0
LEND_03285,-89.243,125.0268,3.92,0.157,0.77,770,0.219,0
LEND_03286,-86.1217,-21.1412,3.95,0.151,1.2,1200,0.294,0
LEND_03287,-81.9646,-173.5352,3.66,0.213,1.29,1290,0.341,0
LEND_03288,-80.9823,-153.1762,3.76,0.191,1.69,1690,0.403,0
LEND_03289,-87.9653,3.7414,3.54,0.24,2.1,2100,0.502,0
LEND_03290,-89.3303,168.9982,3.91,0.159,1.26,1260,0.309,0
LEND_03291,-81.2265,69.5554,3.82,0.178,0.97,970,0.265,0
LEND_03292,-86.106,-154.4702,4.03,0.133,0.79,790,0.21,0
LEND_03293,-84.5824,-111.8301,3.64,0.216,1.51,1510,0.383,0
LEND_03294,-80.3193,97.6763,2.78,0.403,4.78,4780,0.98,1
LEND_03295,-89.3344,122.9183,3.63,0.22,1.75,1750,0.428,0
LEND_03296,-83.5168,42.3701,3.93,0.155,0.69,690,0.203,0
LEND_03297,-89.2589,51.9923,4.09,0.12,2.0,2000,0.423,0
LEND_03298,-86.2453,-169.7985,4.04,0.132,1.7,1700,0.375,0
LEND_03299,-81.9619,118.2709,4.16,0.105,0.54,540,0.151,0
LEND_03300,-85.6653,103.7791,4.18,0.101,1.65,1650,0.351,0
LEND_03301,-80.0282,-86.7473,4.04,0.131,0.85,850,0.22,0
LEND_03302,-84.4094,75.1236,3.7,0.204,1.23,1230,0.326,0
LEND_03303,-86.7884,-102.6523,3.65,0.214,0.87,870,0.265,0
LEND_03304,-87.7989,-165.4811,3.81,0.18,0.46,460,0.174,0
LEND_03305,-86.4948,-107.5908,4.2,0.098,1.76,1760,0.369,0
LEND_03306,-86.2747,-115.6936,3.79,0.185,1.87,1870,0.433,0
LEND_03307,-89.3129,-58.4107,3.64,0.217,0.74,740,0.243,0
LEND_03308,-86.3043,-29.3582,4.16,0.105,0.76,760,0.191,0
LEND_03309,-85.3576,3.074,3.77,0.189,1.12,1120,0.298,0
LEND_03310,-82.7726,-8.3686,3.98,0.143,1.84,1840,0.406,0
LEND_03311,-83.4327,-82.5571,4.05,0.129,0.45,450,0.146,0
LEND_03312,-82.9123,-169.4986,4.09,0.12,1.84,1840,0.395,0
LEND_03313,-89.9164,37.8366,4.07,0.124,2.05,2050,0.435,0
LEND_03314,-87.8233,-37.5319,4.09,0.121,1.37,1370,0.31,0
LEND_03315,-83.3832,-72.478,3.04,0.347,5.18,5180,0.98,1
LEND_03316,-85.1601,132.0988,3.78,0.187,0.81,810,0.241,0
LEND_03317,-89.9469,88.8276,3.97,0.147,0.51,510,0.166,0
LEND_03318,-81.9551,128.7956,4.09,0.121,0.79,790,0.204,0
LEND_03319,-82.2719,-1.8062,3.75,0.195,1.84,1840,0.432,0
LEND_03320,-84.5158,-132.8647,3.71,0.203,0.41,410,0.176,0
LEND_03321,-89.3354,70.6397,3.74,0.196,0.84,840,0.251,0
LEND_03322,-82.3348,-105.8134,3.89,0.164,1.28,1280,0.315,0
LEND_03323,-84.1629,-21.1573,3.54,0.239,1.96,1960,0.476,0
LEND_03324,-82.1804,-156.5997,4.05,0.13,0.77,770,0.205,0
LEND_03325,-82.4825,117.111,3.6,0.226,1.78,1780,0.437,0
LEND_03326,-81.97,-134.6614,3.59,0.227,1.41,1410,0.37,0
LEND_03327,-84.8199,145.1151,3.64,0.218,1.59,1590,0.398,0
LEND_03328,-88.5968,131.123,3.9,0.16,1.94,1940,0.433,0
LEND_03329,-83.2884,-12.7502,3.7,0.204,0.35,350,0.166,0
LEND_03330,-83.7953,87.9726,3.76,0.192,1.31,1310,0.334,0
LEND_03331,-82.5775,43.0002,4.15,0.107,1.72,1720,0.366,0
LEND_03332,-88.3012,109.1072,4.09,0.12,1.98,1980,0.42,0
LEND_03333,-88.0502,-24.5502,4.1,0.119,0.55,550,0.16,0
LEND_03334,-81.0959,102.8911,3.9,0.16,0.95,950,0.253,0
LEND_03335,-82.5002,-13.5155,4.11,0.117,0.45,450,0.14,0
LEND_03336,-80.9177,158.7477,3.22,0.308,5.28,5280,0.98,1
LEND_03337,-82.4128,-4.906,4.17,0.104,1.93,1930,0.403,0
LEND_03338,-84.0284,-13.4571,3.55,0.238,1.22,1220,0.341,0
LEND_03339,-83.4587,102.6259,3.52,0.243,0.34,340,0.183,0
LEND_03340,-81.1087,115.768,3.62,0.221,0.49,490,0.2,0
LEND_03341,-84.2119,19.6161,4.15,0.107,1.49,1490,0.325,0
LEND_03342,-83.6761,-115.2728,3.92,0.156,2.17,2170,0.473,0
LEND_03343,-88.4352,-11.607,3.8,0.183,1.89,1890,0.435,0
LEND_03344,-85.2608,168.5061,3.86,0.17,1.82,1820,0.416,0
LEND_03345,-82.836,91.075,4.08,0.122,1.09,1090,0.259,0
LEND_03346,-87.2906,112.0185,4.15,0.107,2.17,2170,0.448,0
LEND_03347,-87.9775,-168.1828,4.01,0.137,1.87,1870,0.409,0
LEND_03348,-86.8617,-11.5706,4.03,0.133,0.94,940,0.237,0
LEND_03349,-87.585,52.7836,3.72,0.199,1.72,1720,0.412,0
LEND_03350,-87.8509,118.8118,3.83,0.177,1.12,1120,0.292,0
LEND_03351,-85.7515,-162.2615,4.12,0.114,1.55,1550,0.339,0
LEND_03352,-80.9216,126.878,4.05,0.129,2.14,2140,0.454,0
LEND_03353,-84.9294,17.4243,3.98,0.144,0.77,770,0.212,0
LEND_03354,-88.1208,-108.967,3.55,0.237,1.81,1810,0.448,0
LEND_03355,-89.2303,-65.7881,3.53,0.241,1.42,1420,0.379,0
LEND_03356,-83.0384,-78.5054,3.59,0.228,2.1,2100,0.496,0
LEND_03357,-86.172,11.1093,3.91,0.16,0.56,560,0.182,0
LEND_03358,-81.7817,-161.3932,3.88,0.167,1.67,1670,0.387,0
LEND_03359,-83.4049,-122.927,4.16,0.105,0.37,370,0.12,0
LEND_03360,-82.0376,112.5695,3.99,0.143,0.77,770,0.211,0
LEND_03361,-87.2805,-132.2626,3.71,0.203,0.91,910,0.267,0
LEND_03362,-83.0764,-95.9773,3.61,0.223,1.12,1120,0.315,0
LEND_03363,-87.3594,-16.7866,4.09,0.119,2.13,2130,0.447,0
LEND_03364,-80.6093,6.1635,3.82,0.178,0.43,430,0.167,0
LEND_03365,-83.6363,94.8998,3.96,0.149,0.62,620,0.187,0
LEND_03366,-86.7549,-18.9603,2.77,0.405,3.81,3810,0.895,1
LEND_03367,-87.3049,104.3513,3.58,0.231,1.11,1110,0.317,0
LEND_03368,-88.0907,42.6047,3.54,0.239,0.42,420,0.196,0
LEND_03369,-83.0536,-139.2841,3.76,0.191,2.13,2130,0.483,0
LEND_03370,-87.8128,-123.7207,3.75,0.193,1.36,1360,0.344,0
LEND_03371,-84.047,-22.6679,2.78,0.402,4.46,4460,0.98,1
LEND_03372,-87.3536,-37.1198,3.94,0.152,1.77,1770,0.398,0
LEND_03373,-83.3803,87.6759,4.18,0.101,1.56,1560,0.334,0
LEND_03374,-81.8506,29.0654,4.1,0.118,2.02,2020,0.426,0
LEND_03375,-82.2197,-40.2721,3.85,0.173,2.01,2010,0.452,0
LEND_03376,-82.3915,-118.5263,3.85,0.172,0.54,540,0.184,0
LEND_03377,-88.1228,-98.3386,3.97,0.146,2.01,2010,0.438,0
LEND_03378,-89.1162,27.1804,3.58,0.23,1.3,1300,0.351,0
LEND_03379,-83.0105,-27.562,4.2,0.097,0.81,810,0.196,0
LEND_03380,-86.3165,5.3739,3.86,0.169,1.46,1460,0.35,0
LEND_03381,-85.6765,-118.5561,4.14,0.11,0.83,830,0.206,0
LEND_03382,-89.6885,58.6463,4.18,0.102,1.21,1210,0.271,0
LEND_03383,-87.4042,126.9139,3.91,0.16,1.85,1850,0.416,0
LEND_03384,-89.6632,-87.1418,3.57,0.232,0.36,360,0.181,0
LEND_03385,-81.2081,-3.0549,3.9,0.161,0.65,650,0.199,0
LEND_03386,-87.566,171.1898,3.92,0.157,2.12,2120,0.464,0
LEND_03387,-84.4266,-60.033,4.05,0.129,1.15,1150,0.273,0
LEND_03388,-89.6102,34.2167,3.53,0.24,0.88,880,0.28,0
LEND_03389,-83.3315,-147.5295,3.83,0.177,2.05,2050,0.461,0
LEND_03390,-86.7697,38.1654,4.15,0.108,2.03,2030,0.423,0
LEND_03391,-81.0208,-147.7326,4.19,0.098,0.38,380,0.118,0
LEND_03392,-81.1188,165.3248,3.63,0.219,0.99,990,0.289,0
LEND_03393,-86.7471,77.6386,4.11,0.116,2.03,2030,0.427,0
LEND_03394,-80.9904,103.7375,3.6,0.225,0.64,640,0.229,0
LEND_03395,-80.0384,73.4776,4.09,0.121,1.4,1400,0.315,0
LEND_03396,-81.7458,32.3025,3.69,0.206,0.91,910,0.268,0
LEND_03397,-81.5513,-18.0314,4.17,0.103,1.7,1700,0.361,0
LEND_03398,-87.5099,129.0144,3.99,0.143,0.6,600,0.18,0
LEND_03399,-84.233,164.4608,3.78,0.187,1.43,1430,0.354,0
LEND_03400,-89.3274,-0.347,3.7,0.205,0.3,300,0.157,0
LEND_03401,-89.0508,155.3526,3.66,0.212,0.78,780,0.248,0
LEND_03402,-80.0111,29.9998,3.98,0.145,0.61,610,0.183,0
LEND_03403,-86.7336,13.8183,4.13,0.112,0.7,700,0.184,0
LEND_03404,-82.5182,-16.3862,4.03,0.134,1.93,1930,0.418,0
LEND_03405,-81.9333,-104.6564,4.08,0.122,2.04,2040,0.432,0
LEND_03406,-81.4198,-178.6609,4.05,0.13,1.73,1730,0.379,0
LEND_03407,-80.0237,-93.0578,4.19,0.1,1.42,1420,0.308,0
LEND_03408,-87.585,3.5003,4.03,0.133,0.74,740,0.201,0
LEND_03409,-89.5965,-43.2144,3.65,0.216,0.82,820,0.257,0
LEND_03410,-85.8881,-18.5453,4.05,0.128,0.89,890,0.226,0
LEND_03411,-88.6992,173.0334,3.73,0.199,1.78,1780,0.423,0
LEND_03412,-89.7757,-53.9019,4.2,0.097,0.78,780,0.191,0
LEND_03413,-86.3957,-17.2141,3.76,0.191,2.15,2150,0.486,0
LEND_03414,-82.1626,-131.9344,3.7,0.203,1.81,1810,0.431,0
LEND_03415,-84.3382,-162.7352,3.67,0.211,2.2,2200,0.506,0
LEND_03416,-86.8722,99.1474,3.96,0.148,1.17,1170,0.287,0
LEND_03417,-83.4566,25.4459,3.58,0.231,1.42,1420,0.374,0
LEND_03418,-87.6798,93.8537,4.17,0.104,0.83,830,0.203,0
LEND_03419,-89.8562,-126.0494,3.71,0.203,1.45,1450,0.365,0
LEND_03420,-82.3565,25.8584,3.71,0.203,2.15,2150,0.492,0
LEND_03421,-83.7626,-88.6887,3.53,0.24,0.36,360,0.186,0
LEND_03422,-82.377,-97.8977,3.67,0.21,0.85,850,0.26,0
LEND_03423,-89.6106,-175.8506,3.79,0.184,0.83,830,0.243,0
LEND_03424,-81.6288,-133.0773,3.76,0.192,2.17,2170,0.49,0
LEND_03425,-83.8047,-68.6635,3.69,0.206,0.55,550,0.203,0
LEND_03426,-84.366,-137.9236,3.53,0.241,1.84,1840,0.455,0
LEND_03427,-83.7539,174.909,3.71,0.202,0.82,820,0.25,0
LEND_03428,-81.3557,-68.8922,4.04,0.13,1.94,1940,0.418,0
LEND_03429,-84.1306,-133.0834,3.81,0.181,1.23,1230,0.314,0
LEND_03430,-84.1905,-108.3304,3.7,0.204,0.76,760,0.24,0
LEND_03431,-80.0932,31.5732,3.71,0.201,1.65,1650,0.401,0
LEND_03432,-82.4327,-156.9443,3.89,0.164,1.9,1900,0.427,0
LEND_03433,-85.5771,130.4763,3.71,0.202,1.19,1190,0.317,0
LEND_03434,-82.926,166.1399,3.94,0.152,1.66,1660,0.378,0
LEND_03435,-86.1077,-91.1709,4.19,0.098,0.65,650,0.167,0
LEND_03436,-87.7112,-17.9657,3.53,0.241,2.08,2080,0.499,0
LEND_03437,-84.0315,-172.0316,3.62,0.222,0.48,480,0.198,0
LEND_03438,-80.7182,50.6557,3.63,0.22,0.72,720,0.241,0
LEND_03439,-80.7086,-30.9866,3.81,0.18,0.85,850,0.245,0
LEND_03440,-86.5809,-82.779,3.53,0.241,0.59,590,0.228,0
LEND_03441,-84.7232,-105.5386,3.83,0.175,1.07,1070,0.282,0
LEND_03442,-87.8836,55.4483,4.15,0.107,1.17,1170,0.266,0
LEND_03443,-80.0437,-30.1619,3.51,0.246,1.29,1290,0.357,0
LEND_03444,-80.1888,-115.3227,3.76,0.192,0.38,380,0.165,0
LEND_03445,-83.5049,68.0793,4.03,0.133,0.72,720,0.197,0
LEND_03446,-81.9559,23.426,3.61,0.224,1.83,1830,0.445,0
LEND_03447,-82.849,129.1219,3.55,0.236,1.84,1840,0.452,0
LEND_03448,-84.0684,-137.7087,3.94,0.152,0.93,930,0.245,0
LEND_03449,-89.4665,102.84,3.51,0.246,1.18,1180,0.337,0
LEND_03450,-85.4524,62.466,4.06,0.127,0.65,650,0.181,0
LEND_03451,-83.2521,-138.5961,3.55,0.237,1.86,1860,0.457,0
LEND_03452,-83.2247,70.1355,3.87,0.168,2.12,2120,0.47,0
LEND_03453,-86.2688,-21.043,4.02,0.136,0.85,850,0.222,0
LEND_03454,-80.5831,160.1945,3.67,0.211,1.79,1790,0.431,0
LEND_03455,-88.3264,-129.0199,3.57,0.232,0.97,970,0.292,0
LEND_03456,-84.9964,51.42,3.62,0.221,0.31,310,0.167,0
LEND_03457,-83.0912,-42.4872,4.1,0.119,1.44,1440,0.321,0
LEND_03458,-83.0286,164.4533,3.99,0.141,1.08,1080,0.267,0
LEND_03459,-83.5136,-61.209,2.71,0.417,4.13,4130,0.96,1
LEND_03460,-87.2471,166.3869,4.0,0.14,1.72,1720,0.382,0
LEND_03461,-88.4379,144.5349,4.0,0.141,2.1,2100,0.452,0
LEND_03462,-83.6406,-82.662,4.2,0.097,1.13,1130,0.254,0
LEND_03463,-84.007,109.275,3.77,0.188,1.22,1220,0.316,0
LEND_03464,-88.2064,178.4175,4.11,0.117,1.06,1060,0.251,0
LEND_03465,-82.9486,-89.0413,3.81,0.18,0.86,860,0.246,0
LEND_03466,-85.4483,-22.7602,4.13,0.112,1.51,1510,0.331,0
LEND_03467,-83.3224,7.2651,3.56,0.234,1.87,1870,0.457,0
LEND_03468,-81.6263,-73.8248,3.62,0.221,0.6,600,0.22,0
LEND_03469,-88.3027,-174.5047,4.09,0.119,2.17,2170,0.454,0
LEND_03470,-89.8086,-100.7535,4.07,0.124,1.6,1600,0.353,0
LEND_03471,-82.209,-78.5027,2.9,0.376,4.74,4740,0.98,1
LEND_03472,-83.903,-20.3041,3.92,0.157,2.2,2200,0.479,0
LEND_03473,-83.0036,-118.4031,3.77,0.19,1.26,1260,0.324,0
LEND_03474,-81.6185,134.3716,3.2,0.311,5.42,5420,0.98,1
LEND_03475,-81.9719,73.768,3.52,0.243,1.8,1800,0.449,0
LEND_03476,-80.3908,-149.3278,3.54,0.239,1.95,1950,0.474,0
LEND_03477,-84.6406,54.0333,3.92,0.158,0.61,610,0.19,0
LEND_03478,-85.115,55.3163,3.7,0.205,0.35,350,0.166,0
LEND_03479,-85.9811,164.2396,3.6,0.226,0.56,560,0.215,0
LEND_03480,-88.4631,-178.9125,4.16,0.106,0.92,920,0.22,0
LEND_03481,-84.2739,-90.7443,3.58,0.229,2.06,2060,0.489,0
LEND_03482,-87.2299,154.0049,3.97,0.146,0.3,300,0.127,0
LEND_03483,-80.7869,155.5682,4.13,0.113,1.83,1830,0.389,0
LEND_03484,-84.1681,79.4111,3.61,0.223,1.92,1920,0.46,0
LEND_03485,-84.0716,95.6748,3.65,0.215,1.84,1840,0.442,0
LEND_03486,-86.4508,-147.0661,3.9,0.161,0.46,460,0.164,0
LEND_03487,-89.4801,4.9953,3.86,0.171,1.59,1590,0.374,0
LEND_03488,-89.6826,-96.6301,3.86,0.169,2.11,2110,0.468,0
LEND_03489,-85.7666,-114.7615,3.89,0.164,0.53,530,0.178,0
LEND_03490,-89.1543,111.7092,4.16,0.104,0.36,360,0.118,0
LEND_03491,-83.9315,-131.3863,3.54,0.239,1.96,1960,0.476,0
LEND_03492,-81.1903,-11.2854,4.03,0.133,1.53,1530,0.345,0
LEND_03493,-81.1709,157.8882,3.66,0.212,1.53,1530,0.384,0
LEND_03494,-83.4095,-113.1005,3.76,0.191,2.13,2130,0.483,0
LEND_03495,-87.8877,172.0776,3.56,0.234,1.76,1760,0.437,0
LEND_03496,-81.37,177.9437,3.81,0.18,1.06,1060,0.283,0
LEND_03497,-81.1391,20.0222,4.06,0.126,1.13,1130,0.269,0
LEND_03498,-88.0335,-118.7486,3.57,0.232,0.57,570,0.22,0
LEND_03499,-82.6257,-66.2022,3.69,0.206,0.88,880,0.263,0
LEND_03500,-87.1348,-27.1826,3.76,0.191,1.15,1150,0.305,0
LEND_03501,-81.9736,-68.6433,3.57,0.232,0.8,800,0.261,0
LEND_03502,-80.0276,-78.9712,4.03,0.133,2.04,2040,0.437,0
LEND_03503,-89.6997,170.0027,4.05,0.129,0.32,320,0.123,0
LEND_03504,-81.0263,-124.7887,4.09,0.121,1.42,1420,0.319,0
LEND_03505,-83.7737,83.998,3.91,0.159,1.77,1770,0.402,0
LEND_03506,-80.2662,-179.8523,3.86,0.171,1.69,1690,0.393,0
LEND_03507,-85.3499,34.6258,3.68,0.208,1.52,1520,0.38,0
LEND_03508,-81.5261,149.7395,3.96,0.149,1.08,1080,0.271,0
LEND_03509,-89.3761,-76.3437,3.81,0.18,2.05,2050,0.463,0
LEND_03510,-86.6472,-113.2106,4.18,0.101,0.92,920,0.218,0
LEND_03511,-89.3298,54.6047,4.18,0.102,1.73,1730,0.365,0
LEND_03512,-80.2466,76.5365,4.13,0.111,2.06,2060,0.43,0
LEND_03513,-81.8303,67.691,3.75,0.193,0.54,540,0.195,0
LEND_03514,-81.4745,-65.0459,3.76,0.192,2.1,2100,0.478,0
LEND_03515,-80.6203,-89.2071,4.1,0.119,1.77,1770,0.381,0
LEND_03516,-89.149,164.1308,4.01,0.138,1.47,1470,0.336,0
LEND_03517,-86.144,152.3878,3.99,0.141,1.01,1010,0.254,0
LEND_03518,-89.2897,-15.366,3.7,0.205,2.02,2020,0.47,0
LEND_03519,-87.8921,124.6298,4.08,0.122,0.38,380,0.13,0
LEND_03520,-87.7063,-17.1635,3.91,0.16,1.12,1120,0.284,0
LEND_03521,-85.3089,-27.22,3.81,0.18,1.74,1740,0.406,0
LEND_03522,-87.3144,-123.5653,4.11,0.117,1.84,1840,0.393,0
LEND_03523,-88.9902,-26.4938,3.78,0.188,0.68,680,0.218,0
LEND_03524,-88.3251,13.4701,3.96,0.149,0.39,390,0.145,0
LEND_03525,-88.5272,-171.8984,3.83,0.177,1.83,1830,0.421,0
LEND_03526,-80.2692,-20.1193,3.91,0.158,1.1,1100,0.279,0
LEND_03527,-82.4071,101.2882,3.53,0.241,0.57,570,0.224,0
LEND_03528,-80.3224,64.8166,3.82,0.178,0.46,460,0.173,0
LEND_03529,-85.6026,48.6565,3.89,0.164,1.52,1520,0.358,0
LEND_03530,-87.2163,147.44,3.84,0.173,1.41,1410,0.343,0
LEND_03531,-82.0171,-173.5085,4.09,0.12,1.92,1920,0.409,0
LEND_03532,-86.7375,20.5371,3.72,0.2,0.36,360,0.166,0
LEND_03533,-87.0062,103.4456,4.12,0.114,1.95,1950,0.412,0
LEND_03534,-87.6749,14.8807,3.78,0.187,1.99,1990,0.455,0
LEND_03535,-88.7032,-63.3976,3.99,0.143,1.15,1150,0.28,0
LEND_03536,-87.4354,-130.9498,3.56,0.234,0.45,450,0.199,0
LEND_03537,-86.4468,139.5227,3.64,0.217,2.1,2100,0.49,0
LEND_03538,-83.2601,-10.5255,4.03,0.133,0.44,440,0.146,0
LEND_03539,-89.3744,136.1215,3.51,0.245,1.42,1420,0.381,0
LEND_03540,-87.8949,30.9068,4.18,0.102,1.24,1240,0.276,0
LEND_03541,-81.9098,62.7092,3.63,0.219,1.89,1890,0.453,0
LEND_03542,-88.5308,109.534,4.13,0.112,1.25,1250,0.283,0
LEND_03543,-86.5735,57.296,3.86,0.17,1.19,1190,0.301,0
LEND_03544,-81.3534,-36.7003,3.12,0.329,5.68,5680,0.98,1
LEND_03545,-88.4507,4.908,3.56,0.235,2.13,2130,0.505,0
LEND_03546,-89.1726,109.0964,3.76,0.192,1.34,1340,0.34,0
LEND_03547,-85.1546,-45.4859,3.61,0.224,1.16,1160,0.323,0
LEND_03548,-86.9758,-40.2763,3.87,0.168,1.88,1880,0.426,0
LEND_03549,-84.3659,-145.5516,3.19,0.313,4.25,4250,0.929,1
LEND_03550,-81.962,149.2504,4.0,0.14,0.91,910,0.236,0
LEND_03551,-88.6285,-147.2269,4.11,0.115,1.39,1390,0.31,0
LEND_03552,-84.193,53.3553,3.83,0.177,0.59,590,0.196,0
LEND_03553,-84.9449,-31.25,3.66,0.212,1.51,1510,0.381,0
LEND_03554,-88.5592,-33.977,3.73,0.197,1.88,1880,0.44,0
LEND_03555,-83.76,64.6387,4.09,0.12,0.66,660,0.18,0
LEND_03556,-87.2636,-155.8463,3.6,0.225,0.91,910,0.278,0
LEND_03557,-85.1217,33.7341,3.94,0.153,1.15,1150,0.286,0
LEND_03558,-89.1773,97.9314,3.51,0.245,1.91,1910,0.47,0
LEND_03559,-85.4042,118.1566,3.67,0.21,1.69,1690,0.412,0
LEND_03560,-86.9354,-118.6091,3.91,0.158,0.9,900,0.243,0
LEND_03561,-81.7762,143.0709,3.82,0.179,0.76,760,0.227,0
LEND_03562,-89.4302,56.2126,3.85,0.173,1.62,1620,0.381,0
LEND_03563,-85.8139,137.4677,3.96,0.148,1.21,1210,0.294,0
LEND_03564,-85.4157,-5.2989,3.66,0.212,1.43,1430,0.366,0
LEND_03565,-82.7499,15.132,3.7,0.205,1.53,1530,0.381,0
LEND_03566,-84.2571,150.8538,3.98,0.144,1.36,1360,0.319,0
LEND_03567,-83.3279,143.9674,3.88,0.166,1.46,1460,0.349,0
LEND_03568,-82.2295,-18.6621,3.51,0.245,1.99,1990,0.484,0
LEND_03569,-81.378,-81.2115,2.88,0.38,5.28,5280,0.98,1
LEND_03570,-86.8612,-38.4586,3.93,0.154,0.58,580,0.182,0
LEND_03571,-84.6198,-40.4048,3.56,0.235,1.41,1410,0.374,0
LEND_03572,-81.5989,-76.7279,4.02,0.135,1.13,1130,0.273,0
LEND_03573,-80.1055,-83.3113,3.87,0.169,0.84,840,0.237,0
LEND_03574,-81.1048,129.9827,3.64,0.216,1.5,1500,0.381,0
LEND_03575,-86.2853,-154.8497,3.89,0.163,1.27,1270,0.312,0
LEND_03576,-88.0483,63.94,3.92,0.158,1.77,1770,0.401,0
LEND_03577,-85.1061,-117.7848,4.14,0.109,0.48,480,0.142,0
LEND_03578,-82.5836,-55.9779,4.02,0.136,0.88,880,0.228,0
LEND_03579,-85.0743,-157.8445,3.71,0.202,0.35,350,0.165,0
LEND_03580,-85.1682,-82.8095,3.58,0.23,1.72,1720,0.427,0
LEND_03581,-81.6177,96.6316,4.1,0.119,2.03,2030,0.429,0
LEND_03582,-86.386,138.6055,4.09,0.12,1.42,1420,0.318,0
LEND_03583,-81.4021,-100.2502,3.62,0.221,1.47,1470,0.378,0
LEND_03584,-85.932,-13.1228,3.54,0.238,0.39,390,0.19,0
LEND_03585,-86.7177,-10.6833,4.0,0.14,1.26,1260,0.299,0
LEND_03586,-85.4601,134.4871,4.01,0.139,1.3,1300,0.306,0
LEND_03587,-82.3755,94.6077,3.62,0.221,0.37,370,0.178,0
LEND_03588,-88.74,4.7078,3.97,0.147,1.79,1790,0.399,0
LEND_03589,-88.0358,61.469,3.7,0.205,0.83,830,0.254,0
LEND_03590,-80.4856,125.0478,3.68,0.208,1.67,1670,0.408,0
LEND_03591,-88.2451,-176.566,3.73,0.198,1.07,1070,0.294,0
LEND_03592,-84.3227,-34.9596,3.86,0.169,2.19,2190,0.483,0
LEND_03593,-84.2069,146.6075,4.06,0.126,0.7,700,0.19,0
LEND_03594,-85.1038,86.5127,3.85,0.172,0.41,410,0.161,0
LEND_03595,-83.5525,15.4229,3.71,0.202,2.16,2160,0.494,0
LEND_03596,-87.7017,10.672,4.12,0.114,0.76,760,0.195,0
LEND_03597,-84.4734,-54.8028,3.54,0.239,1.51,1510,0.394,0
LEND_03598,-86.2783,7.3874,4.06,0.127,1.01,1010,0.247,0
LEND_03599,-83.3833,55.938,4.05,0.129,1.52,1520,0.341,0
LEND_03600,-88.5878,-29.3893,3.68,0.209,1.43,1430,0.365,0
LEND_03601,-84.2912,77.0951,3.64,0.217,1.64,1640,0.407,0
LEND_03602,-88.1473,130.0436,4.11,0.116,0.34,340,0.12,0
LEND_03603,-87.2136,-124.3135,3.89,0.163,1.89,1890,0.425,0
LEND_03604,-87.8129,-17.4431,3.11,0.33,4.79,4790,0.98,1
LEND_03605,-88.1716,-33.1128,4.12,0.113,1.29,1290,0.291,0
LEND_03606,-81.7429,67.4873,3.74,0.195,1.08,1080,0.294,0
LEND_03607,-87.1429,-90.0477,3.74,0.196,2.18,2180,0.494,0
LEND_03608,-80.7288,50.4903,3.95,0.15,1.82,1820,0.406,0
LEND_03609,-80.3007,135.8961,3.96,0.148,0.89,890,0.236,0
LEND_03610,-84.2874,-29.4726,3.75,0.194,1.79,1790,0.423,0
LEND_03611,-88.57,147.9657,3.6,0.226,1.13,1130,0.318,0
LEND_03612,-86.2545,177.5389,3.23,0.305,5.37,5370,0.98,1
LEND_03613,-82.0227,-141.8069,3.94,0.153,0.36,360,0.142,0
LEND_03614,-86.3261,-96.1009,4.1,0.118,0.98,980,0.237,0
LEND_03615,-89.1298,162.1367,3.84,0.174,1.12,1120,0.291,0
LEND_03616,-84.4322,164.998,3.95,0.15,1.71,1710,0.386,0
LEND_03617,-81.5488,-144.8254,3.54,0.239,0.65,650,0.238,0
LEND_03618,-82.0407,-174.6005,4.13,0.113,0.84,840,0.209,0
LEND_03619,-88.2488,-122.004,3.73,0.198,1.68,1680,0.404,0
LEND_03620,-83.2724,178.5646,3.94,0.152,0.45,450,0.158,0
LEND_03621,-87.795,-115.2001,4.14,0.109,0.68,680,0.178,0
LEND_03622,-87.8179,0.9171,4.07,0.125,1.73,1730,0.377,0
LEND_03623,-81.2593,125.4304,3.95,0.151,1.96,1960,0.432,0
LEND_03624,-87.5033,-172.6554,3.99,0.141,1.68,1680,0.376,0
LEND_03625,-87.3675,37.616,4.14,0.109,1.3,1300,0.291,0
LEND_03626,-89.9935,-80.2708,4.07,0.125,0.49,490,0.152,0
LEND_03627,-81.2933,130.4406,3.93,0.156,1.87,1870,0.418,0
LEND_03628,-82.0741,-77.954,3.96,0.148,0.54,540,0.172,0
LEND_03629,-83.7267,67.2321,3.6,0.225,1.03,1030,0.3,0
LEND_03630,-82.4973,62.7191,3.83,0.177,0.4,400,0.161,0
LEND_03631,-88.4795,-100.2623,3.71,0.202,1.65,1650,0.401,0
LEND_03632,-85.4168,-167.4723,3.8,0.182,1.26,1260,0.32,0
LEND_03633,-86.4878,-32.6702,3.96,0.148,2.02,2020,0.441,0
LEND_03634,-89.0622,-75.8905,3.6,0.225,0.56,560,0.214,0
LEND_03635,-85.1387,111.232,3.51,0.245,1.86,1860,0.461,0
LEND_03636,-80.7926,108.1311,3.78,0.188,1.27,1270,0.325,0
LEND_03637,-89.5994,-15.4714,3.73,0.199,1.0,1000,0.281,0
LEND_03638,-87.0854,38.3444,3.79,0.184,1.52,1520,0.368,0
LEND_03639,-87.9246,37.5334,4.15,0.107,1.8,1800,0.381,0
LEND_03640,-87.6185,117.7769,3.99,0.141,1.14,1140,0.278,0
LEND_03641,-80.9157,-26.9991,3.73,0.198,0.74,740,0.234,0
LEND_03642,-85.3193,-80.8392,3.63,0.22,2.04,2040,0.481,0
LEND_03643,-85.337,-84.5874,3.93,0.154,0.89,890,0.239,0
LEND_03644,-82.3942,13.0292,3.96,0.148,2.2,2200,0.474,0
LEND_03645,-88.4551,-18.3066,3.84,0.175,1.76,1760,0.407,0
LEND_03646,-85.1273,-21.5565,3.65,0.215,1.61,1610,0.4,0
LEND_03647,-85.7001,-147.1906,3.52,0.243,0.32,320,0.18,0
LEND_03648,-84.0309,78.6973,3.69,0.207,1.15,1150,0.313,0
LEND_03649,-80.0044,-103.0548,3.82,0.178,1.25,1250,0.317,0
LEND_03650,-82.3055,-109.0967,4.05,0.129,1.02,1020,0.25,0
LEND_03651,-86.0213,-31.407,4.1,0.119,0.58,580,0.165,0
LEND_03652,-81.7245,-97.9998,3.79,0.185,1.0,1000,0.274,0
LEND_03653,-88.2929,30.189,4.06,0.127,0.44,440,0.144,0
LEND_03654,-89.6954,-46.2732,4.2,0.098,0.85,850,0.203,0
LEND_03655,-87.9555,-18.3918,4.0,0.139,0.46,460,0.153,0
LEND_03656,-86.5959,13.381,4.01,0.138,1.73,1730,0.383,0
LEND_03657,-84.8942,-106.7272,4.14,0.11,1.58,1580,0.342,0
LEND_03658,-83.8487,-123.9294,3.74,0.196,2.09,2090,0.478,0
LEND_03659,-80.8939,136.9519,3.51,0.246,1.02,1020,0.308,0
LEND_03660,-84.9015,-23.8595,4.19,0.099,1.79,1790,0.375,0
LEND_03661,-84.9872,-31.6463,3.84,0.173,1.42,1420,0.345,0
LEND_03662,-89.4976,-167.1796,4.05,0.129,1.53,1530,0.343,0
LEND_03663,-89.6509,-0.7285,4.07,0.125,1.34,1340,0.306,0
LEND_03664,-84.4884,19.5011,3.78,0.187,1.78,1780,0.417,0
LEND_03665,-85.6182,21.1827,3.88,0.166,0.38,380,0.152,0
LEND_03666,-81.6082,74.5312,3.88,0.166,0.45,450,0.165,0
LEND_03667,-88.3932,-116.1065,3.65,0.214,0.48,480,0.194,0
LEND_03668,-89.7503,-89.1997,3.58,0.23,0.85,850,0.269,0
LEND_03669,-85.5096,111.863,3.88,0.165,1.42,1420,0.341,0
LEND_03670,-87.6252,160.9814,3.58,0.229,1.53,1530,0.393,0
LEND_03671,-89.5039,-131.0642,3.74,0.195,1.65,1650,0.398,0
LEND_03672,-82.754,-0.8462,3.63,0.219,0.83,830,0.261,0
LEND_03673,-88.8841,-102.8965,3.99,0.141,1.54,1540,0.35,0
LEND_03674,-83.9168,-158.3737,4.11,0.116,0.52,520,0.153,0
LEND_03675,-87.1895,-62.8188,3.9,0.16,0.32,320,0.138,0
LEND_03676,-88.265,-128.2725,3.79,0.186,1.62,1620,0.387,0
LEND_03677,-86.2025,75.5759,4.2,0.097,1.66,1660,0.35,0
LEND_03678,-81.9855,12.1411,3.51,0.244,1.48,1480,0.391,0
LEND_03679,-86.0791,-128.2196,3.71,0.201,0.79,790,0.244,0
LEND_03680,-82.4923,-176.673,3.7,0.205,2.06,2060,0.477,0
LEND_03681,-88.7451,110.9365,3.75,0.194,1.96,1960,0.453,0
LEND_03682,-82.2723,-116.57,3.66,0.213,1.28,1280,0.339,0
LEND_03683,-87.6307,38.238,3.68,0.208,2.18,2180,0.5,0
LEND_03684,-83.2261,-58.7081,3.68,0.209,0.87,870,0.262,0
LEND_03685,-84.3422,30.7749,3.85,0.171,1.23,1230,0.309,0
LEND_03686,-80.7086,-66.3647,3.77,0.188,2.06,2060,0.469,0
LEND_03687,-86.1268,-148.7018,3.95,0.151,1.18,1180,0.29,0
LEND_03688,-89.3383,-99.738,3.86,0.17,1.19,1190,0.301,0
LEND_03689,-89.8084,-112.2989,3.18,0.316,3.87,3870,0.862,1
LEND_03690,-81.7314,-25.913,4.07,0.125,0.7,700,0.19,0
LEND_03691,-84.7526,56.9822,3.83,0.176,0.6,600,0.197,0
LEND_03692,-82.2476,-85.0298,3.61,0.224,1.37,1370,0.361,0
LEND_03693,-87.6557,-175.6548,3.62,0.222,0.91,910,0.277,0
LEND_03694,-86.5492,6.8175,4.06,0.127,0.45,450,0.145,0
LEND_03695,-89.699,38.0734,3.99,0.141,1.27,1270,0.302,0
LEND_03696,-80.3851,166.6334,3.85,0.171,1.57,1570,0.371,0
LEND_03697,-83.3213,32.2095,3.71,0.201,1.7,1700,0.41,0
LEND_03698,-80.6679,-10.3779,3.82,0.178,1.89,1890,0.433,0
LEND_03699,-87.345,26.4246,3.95,0.151,1.22,1220,0.298,0
LEND_03700,-83.8854,154.0442,2.72,0.415,5.6,5600,0.98,1
LEND_03701,-83.215,118.2161,3.89,0.164,1.6,1600,0.373,0
LEND_03702,-86.8245,-63.7277,3.69,0.206,0.33,330,0.163,0
LEND_03703,-81.5189,-94.5884,3.53,0.241,1.5,1500,0.393,0
LEND_03704,-80.5284,-85.4519,3.62,0.221,1.07,1070,0.305,0
LEND_03705,-81.1514,1.5916,3.96,0.149,1.16,1160,0.286,0
LEND_03706,-82.6093,87.8578,3.61,0.223,0.86,860,0.268,0
LEND_03707,-87.2254,1.1589,3.84,0.175,0.54,540,0.186,0
LEND_03708,-87.1838,-155.5933,3.99,0.142,1.06,1060,0.264,0
LEND_03709,-80.3664,80.4891,3.72,0.201,0.89,890,0.262,0
LEND_03710,-89.8972,110.1492,3.97,0.147,2.12,2120,0.459,0
LEND_03711,-82.8395,-75.7808,3.91,0.16,2.09,2090,0.46,0
LEND_03712,-82.9375,59.0853,3.81,0.181,1.52,1520,0.367,0
LEND_03713,-83.7731,-26.4269,4.13,0.112,2.02,2020,0.423,0
LEND_03714,-80.0989,140.083,3.98,0.143,1.73,1730,0.386,0
LEND_03715,-86.8812,124.2812,3.75,0.193,0.96,960,0.271,0
LEND_03716,-86.6003,9.1555,4.06,0.126,1.45,1450,0.327,0
LEND_03717,-89.2106,68.942,4.02,0.136,0.72,720,0.199,0
LEND_03718,-85.572,138.0059,4.05,0.128,1.61,1610,0.357,0
LEND_03719,-87.3895,-1.5419,3.95,0.151,0.39,390,0.146,0
LEND_03720,-86.5661,-67.2297,3.77,0.19,1.88,1880,0.437,0
LEND_03721,-81.6543,91.3198,2.85,0.387,4.57,4570,0.98,1
LEND_03722,-80.6452,-100.7761,3.96,0.149,0.41,410,0.149,0
LEND_03723,-88.1427,-40.1288,3.59,0.228,1.96,1960,0.47,0
LEND_03724,-86.2749,131.6618,4.07,0.124,1.97,1970,0.42,0
LEND_03725,-80.7137,80.792,3.76,0.192,1.92,1920,0.445,0
LEND_03726,-89.3819,-34.628,3.94,0.152,1.77,1770,0.398,0
LEND_03727,-89.0764,-102.692,3.85,0.172,1.59,1590,0.375,0
LEND_03728,-88.3721,-51.8514,3.86,0.169,1.05,1050,0.275,0
LEND_03729,-84.0479,-77.7225,4.02,0.136,0.56,560,0.17,0
LEND_03730,-88.4953,-116.6079,3.94,0.153,0.85,850,0.231,0
LEND_03731,-80.3192,87.5998,3.68,0.21,0.96,960,0.279,0
LEND_03732,-85.5329,-89.2548,3.55,0.236,0.98,980,0.296,0
LEND_03733,-84.9848,-16.4997,2.7,0.419,4.02,4020,0.94,1
LEND_03734,-87.5334,-41.0906,4.12,0.114,0.7,700,0.184,0
LEND_03735,-85.2904,173.5479,2.93,0.369,4.16,4160,0.941,1
LEND_03736,-83.3809,-39.2068,3.72,0.201,1.66,1660,0.402,0
LEND_03737,-82.4882,-151.2063,3.7,0.205,0.31,310,0.159,0
LEND_03738,-82.4613,-147.6627,4.16,0.106,0.58,580,0.159,0
LEND_03739,-84.2211,32.6713,3.64,0.216,1.13,1130,0.314,0
LEND_03740,-80.9564,35.7709,3.62,0.222,0.58,580,0.217,0
LEND_03741,-81.8259,-29.2468,3.63,0.22,2.12,2120,0.495,0
LEND_03742,-82.4295,-24.5363,4.01,0.137,1.57,1570,0.354,0
LEND_03743,-89.4439,-160.5843,4.12,0.114,1.12,1120,0.26,0
LEND_03744,-89.9312,5.9567,3.1,0.334,5.79,5790,0.98,1
LEND_03745,-87.8755,1.7062,3.6,0.227,1.03,1030,0.301,0
LEND_03746,-83.3648,-126.1622,3.91,0.159,1.54,1540,0.36,0
LEND_03747,-85.888,-142.6178,3.65,0.216,2.14,2140,0.497,0
LEND_03748,-85.9759,-135.5139,3.54,0.238,1.2,1200,0.337,0
LEND_03749,-81.1541,-143.6298,4.12,0.114,1.62,1620,0.351,0
LEND_03750,63.2901,39.495,4.58,0.015,0.28,280,0.058,0
LEND_03751,65.468,-109.2662,4.7,0.0,0.3,300,0.055,0
LEND_03752,-29.7795,-89.4851,4.62,0.006,0.34,340,0.065,0
LEND_03753,30.5689,-117.514,4.74,0.0,0.33,330,0.06,0
LEND_03754,-36.5387,164.8207,4.71,0.0,0.24,240,0.044,0
LEND_03755,-49.5024,127.6623,4.4,0.054,0.27,270,0.076,0
LEND_03756,-50.4588,-97.0219,4.42,0.049,0.23,230,0.067,0
LEND_03757,-25.2628,-62.0761,4.33,0.068,0.2,200,0.07,0
LEND_03758,-11.2068,-104.4386,4.41,0.052,0.31,310,0.082,0
LEND_03759,52.9519,-2.9247,4.47,0.038,0.27,270,0.068,0
LEND_03760,-60.8174,-172.9402,4.31,0.072,0.31,310,0.092,0
LEND_03761,37.5881,61.6925,4.46,0.041,0.08,80,0.035,0
LEND_03762,5.0328,8.3369,4.69,0.0,0.22,220,0.04,0
LEND_03763,-33.9287,143.51,4.72,0.0,0.15,150,0.027,0
LEND_03764,-1.1489,-120.8186,4.3,0.074,0.2,200,0.074,0
LEND_03765,-32.0093,109.4793,4.3,0.075,0.23,230,0.079,0
LEND_03766,15.3731,105.106,4.37,0.06,0.3,300,0.084,0
LEND_03767,-10.585,-134.2148,4.74,0.0,0.06,60,0.011,0
LEND_03768,-53.6951,-36.5187,4.53,0.025,0.1,100,0.031,0
LEND_03769,-61.3467,-118.745,4.79,0.0,0.33,330,0.06,0
LEND_03770,7.4713,-88.3006,4.74,0.0,0.34,340,0.062,0
LEND_03771,64.3861,-85.2314,4.75,0.0,0.07,70,0.013,0
LEND_03772,-24.9668,20.2451,4.36,0.061,0.15,150,0.058,0
LEND_03773,37.28,-31.8921,4.54,0.024,0.05,50,0.021,0
LEND_03774,25.3858,161.1838,4.8,0.0,0.28,280,0.051,0
LEND_03775,69.0488,-134.5067,4.37,0.059,0.25,250,0.075,0
LEND_03776,51.357,170.5292,4.59,0.014,0.22,220,0.047,0
LEND_03777,10.6568,-96.9701,4.47,0.038,0.26,260,0.066,0
LEND_03778,25.1249,98.2346,4.49,0.034,0.21,210,0.055,0
LEND_03779,63.7418,-57.9708,4.75,0.0,0.12,120,0.022,0
LEND_03780,-16.077,-128.4907,4.59,0.012,0.28,280,0.057,0
LEND_03781,-27.7128,128.8401,4.68,0.0,0.28,280,0.051,0
LEND_03782,-78.2702,-68.8101,4.64,0.003,0.31,310,0.058,0
LEND_03783,52.2482,57.1879,4.56,0.018,0.34,340,0.071,0
LEND_03784,48.1569,23.9197,4.7,0.0,0.27,270,0.049,0
LEND_03785,-63.2873,-10.1677,4.79,0.0,0.07,70,0.013,0
LEND_03786,12.2972,-1.505,4.78,0.0,0.06,60,0.011,0
LEND_03787,-5.7629,83.6056,4.69,0.0,0.27,270,0.049,0
LEND_03788,-61.0065,-148.4018,4.54,0.023,0.07,70,0.024,0
LEND_03789,76.8909,60.545,4.38,0.058,0.14,140,0.054,0
LEND_03790,-45.6487,142.4924,4.32,0.07,0.09,90,0.052,0
LEND_03791,-69.2425,-159.1962,4.42,0.05,0.34,340,0.087,0
LEND_03792,15.1756,-129.3648,4.47,0.039,0.14,140,0.045,0
LEND_03793,38.2187,77.9875,4.36,0.061,0.07,70,0.043,0
LEND_03794,-74.809,-22.5786,4.41,0.051,0.33,330,0.086,0
LEND_03795,25.3948,-34.7225,4.34,0.066,0.23,230,0.075,0
LEND_03796,5.1667,-130.692,4.56,0.019,0.06,60,0.02,0
LEND_03797,-63.4776,2.4372,4.36,0.062,0.3,300,0.085,0
LEND_03798,-52.3962,-134.4437,4.67,0.0,0.1,100,0.018,0
LEND_03799,10.8759,-8.4166,4.47,0.04,0.29,290,0.072,0
LEND_03800,-32.5828,94.9015,4.64,0.003,0.23,230,0.043,0
LEND_03801,70.1305,-87.0248,4.74,0.0,0.1,100,0.018,0
LEND_03802,50.9984,-6.917,4.34,0.066,0.28,280,0.084,0
LEND_03803,77.3708,177.1257,4.79,0.0,0.19,190,0.035,0
LEND_03804,-38.4527,67.1942,4.62,0.006,0.24,240,0.047,0
LEND_03805,75.1558,122.8884,4.33,0.07,0.31,310,0.091,0
LEND_03806,-11.0026,-30.6549,4.46,0.042,0.13,130,0.044,0
LEND_03807,-24.397,96.4299,4.74,0.0,0.16,160,0.029,0
LEND_03808,-71.9441,-165.4167,4.6,0.011,0.35,350,0.069,0
LEND_03809,-71.5576,-135.752,4.44,0.044,0.2,200,0.059,0
LEND_03810,30.7218,-106.8946,4.77,0.0,0.22,220,0.04,0
LEND_03811,-6.7314,-35.2973,4.69,0.0,0.14,140,0.025,0
LEND_03812,-43.7565,124.4682,4.67,0.0,0.17,170,0.031,0
LEND_03813,18.2352,-55.3442,4.74,0.0,0.2,200,0.036,0
LEND_03814,-39.5427,55.6636,4.68,0.0,0.13,130,0.024,0
LEND_03815,12.4211,75.3531,4.44,0.044,0.12,120,0.044,0
LEND_03816,-22.5266,31.0256,4.59,0.012,0.23,230,0.048,0
LEND_03817,51.7684,-51.3929,4.72,0.0,0.11,110,0.02,0
LEND_03818,51.3114,27.7392,4.39,0.056,0.22,220,0.068,0
LEND_03819,-3.6239,-56.7844,4.38,0.058,0.26,260,0.076,0
LEND_03820,-23.8689,-149.8055,4.38,0.058,0.11,110,0.049,0
LEND_03821,-21.9904,177.4094,4.4,0.054,0.27,270,0.076,0
LEND_03822,48.9143,-134.2143,4.35,0.064,0.16,160,0.061,0
LEND_03823,-27.4913,-153.9546,4.72,0.0,0.35,350,0.064,0
LEND_03824,-46.5505,136.2711,4.71,0.0,0.34,340,0.062,0
LEND_03825,-66.4499,-71.3395,4.38,0.059,0.29,290,0.082,0
LEND_03826,-5.3291,54.1069,4.65,0.0,0.15,150,0.027,0
LEND_03827,-2.8589,-61.5579,4.61,0.008,0.33,330,0.064,0
LEND_03828,54.5454,-39.0765,4.44,0.046,0.35,350,0.086,0
LEND_03829,-44.6018,-85.6393,4.41,0.051,0.19,190,0.06,0
LEND_03830,-19.0414,-56.5042,4.43,0.048,0.23,230,0.066,0
LEND_03831,49.3449,-32.1479,4.67,0.0,0.05,50,0.009,0
LEND_03832,51.7798,79.3498,4.46,0.041,0.06,60,0.031,0
LEND_03833,-18.4622,4.153,4.44,0.045,0.2,200,0.059,0
LEND_03834,-6.5402,159.6835,4.31,0.073,0.23,230,0.078,0
LEND_03835,-31.4743,-164.9231,4.75,0.0,0.14,140,0.025,0
LEND_03836,69.2088,1.1046,4.68,0.0,0.08,80,0.015,0
LEND_03837,-61.017,30.3209,4.54,0.024,0.28,280,0.063,0
LEND_03838,69.3999,151.2709,4.77,0.0,0.18,180,0.033,0
LEND_03839,29.4186,-162.3029,4.45,0.044,0.24,240,0.065,0
LEND_03840,5.0515,26.4599,4.64,0.003,0.25,250,0.047,0
LEND_03841,-74.7746,127.3068,4.45,0.042,0.21,210,0.059,0
LEND_03842,-3.9046,-92.906,4.46,0.041,0.1,100,0.039,0
LEND_03843,-14.7603,135.4652,4.72,0.0,0.23,230,0.042,0
LEND_03844,-54.205,-173.1444,4.69,0.0,0.15,150,0.027,0
LEND_03845,25.0255,83.6837,4.45,0.044,0.3,300,0.076,0
LEND_03846,75.3841,155.9208,4.34,0.067,0.11,110,0.053,0
LEND_03847,9.9502,56.5912,4.48,0.037,0.14,140,0.044,0
LEND_03848,34.3605,-21.9495,4.68,0.0,0.18,180,0.033,0
LEND_03849,-69.0479,-163.8428,4.35,0.064,0.27,270,0.081,0
LEND_03850,-13.1733,151.241,4.64,0.003,0.27,270,0.051,0
LEND_03851,-61.3826,-10.6934,4.74,0.0,0.15,150,0.027,0
LEND_03852,18.0473,-169.5612,4.39,0.056,0.2,200,0.064,0
LEND_03853,70.1571,68.3356,4.73,0.0,0.12,120,0.022,0
LEND_03854,25.8844,-6.5386,4.33,0.07,0.28,280,0.086,0
LEND_03855,-67.7115,-135.2357,4.63,0.004,0.11,110,0.022,0
LEND_03856,-23.2534,-102.8621,4.7,0.0,0.3,300,0.055,0
LEND_03857,8.1061,-156.7834,4.52,0.027,0.33,330,0.074,0
LEND_03858,-15.4868,26.7457,4.4,0.053,0.35,350,0.09,0
LEND_03859,53.383,43.9306,4.76,0.0,0.31,310,0.056,0
LEND_03860,50.3474,2.0672,4.31,0.073,0.12,120,0.058,0
LEND_03861,17.893,114.1568,4.58,0.016,0.17,170,0.039,0
LEND_03862,-20.2467,129.9632,4.49,0.035,0.08,80,0.032,0
LEND_03863,-39.1462,41.6248,4.53,0.026,0.1,100,0.031,0
LEND_03864,-63.0601,-175.4077,4.57,0.018,0.06,60,0.02,0
LEND_03865,-23.2164,70.2827,4.57,0.018,0.24,240,0.053,0
LEND_03866,-13.8924,-29.5203,4.4,0.053,0.21,210,0.065,0
LEND_03867,28.1317,23.6007,4.64,0.002,0.33,330,0.061,0
LEND_03868,25.3056,53.669,4.31,0.073,0.19,190,0.071,0
LEND_03869,-68.7827,-53.9148,4.31,0.073,0.24,240,0.08,0
LEND_03870,-16.7585,150.1555,4.54,0.024,0.17,170,0.043,0
LEND_03871,-50.9154,-131.769,4.57,0.017,0.3,300,0.063,0
LEND_03872,-54.91,61.7443,4.44,0.046,0.33,330,0.083,0
LEND_03873,52.3683,-178.4306,4.58,0.016,0.18,180,0.041,0
LEND_03874,-73.2936,152.8744,4.56,0.02,0.07,70,0.023,0
LEND_03875,-12.9307,-139.4985,4.47,0.038,0.1,100,0.037,0
LEND_03876,-53.0874,-145.8417,4.63,0.005,0.27,270,0.052,0
LEND_03877,60.6928,-60.1173,4.78,0.0,0.15,150,0.027,0
LEND_03878,9.1265,-45.5161,4.55,0.022,0.29,290,0.064,0
LEND_03879,-42.9791,-102.852,4.69,0.0,0.27,270,0.049,0
LEND_03880,0.3884,30.6438,4.42,0.049,0.26,260,0.072,0
LEND_03881,37.0378,-20.5509,4.68,0.0,0.29,290,0.053,0
LEND_03882,73.2989,-167.6968,4.62,0.005,0.28,280,0.054,0
LEND_03883,-44.7286,-64.9253,4.62,0.006,0.24,240,0.047,0
LEND_03884,61.7891,111.7558,4.75,0.0,0.05,50,0.009,0
LEND_03885,69.4887,68.2926,4.42,0.05,0.2,200,0.061,0
LEND_03886,66.6273,80.9535,4.48,0.036,0.23,230,0.06,0
LEND_03887,21.6663,71.3221,4.34,0.066,0.34,340,0.095,0
LEND_03888,20.7713,-68.0497,4.66,0.0,0.25,250,0.045,0
LEND_03889,-15.4863,-144.121,4.72,0.0,0.22,220,0.04,0
LEND_03890,40.3837,-81.9118,4.5,0.032,0.21,210,0.054,0
LEND_03891,5.007,119.4427,4.48,0.037,0.08,80,0.033,0
LEND_03892,28.3901,172.9695,4.63,0.004,0.18,180,0.035,0
LEND_03893,-11.4467,-2.2151,4.34,0.067,0.09,90,0.05,0
LEND_03894,37.0394,-176.5079,4.45,0.044,0.07,70,0.035,0
LEND_03895,51.9154,-129.5839,4.48,0.036,0.15,150,0.045,0
LEND_03896,-56.5702,-64.051,4.56,0.02,0.24,240,0.053,0
LEND_03897,53.2688,28.2907,4.54,0.024,0.31,310,0.068,0
LEND_03898,6.4474,-152.9663,4.4,0.053,0.29,290,0.079,0
LEND_03899,55.1465,159.6086,4.57,0.017,0.14,140,0.034,0
LEND_03900,-10.9917,-48.5699,4.76,0.0,0.06,60,0.011,0
LEND_03901,-19.3535,148.5303,4.31,0.072,0.17,170,0.067,0
LEND_03902,66.4097,100.9878,4.64,0.002,0.14,140,0.027,0
LEND_03903,-39.8129,91.9574,4.61,0.008,0.16,160,0.033,0
LEND_03904,55.074,38.419,4.76,0.0,0.22,220,0.04,0
LEND_03905,-2.5567,45.6422,4.62,0.006,0.06,60,0.014,0
LEND_03906,2.2553,49.6812,4.61,0.008,0.16,160,0.033,0
LEND_03907,-30.6451,46.3397,4.68,0.0,0.22,220,0.04,0
LEND_03908,11.6868,19.3422,4.43,0.046,0.18,180,0.056,0
LEND_03909,-27.9662,175.109,4.6,0.011,0.25,250,0.051,0
LEND_03910,-73.7169,83.6246,4.56,0.019,0.11,110,0.03,0
LEND_03911,-36.4802,99.7007,4.52,0.028,0.1,100,0.032,0
LEND_03912,-78.9794,134.0866,4.34,0.067,0.14,140,0.059,0
LEND_03913,76.5368,-102.3697,4.45,0.044,0.08,80,0.036,0
LEND_03914,74.5196,-149.8305,4.44,0.045,0.12,120,0.044,0
LEND_03915,-16.7752,-6.158,4.66,0.0,0.08,80,0.015,0
LEND_03916,36.5393,5.0691,4.76,0.0,0.17,170,0.031,0
LEND_03917,-24.671,118.5054,4.42,0.05,0.26,260,0.072,0
LEND_03918,27.3749,-20.2379,4.34,0.067,0.14,140,0.059,0
LEND_03919,48.8688,25.5071,4.8,0.0,0.05,50,0.009,0
LEND_03920,71.481,9.7455,4.65,0.001,0.22,220,0.04,0
LEND_03921,-15.966,-166.247,4.74,0.0,0.26,260,0.047,0
LEND_03922,45.3277,41.4774,4.37,0.06,0.17,170,0.061,0
LEND_03923,-37.4514,118.0956,4.7,0.0,0.14,140,0.025,0
LEND_03924,78.4532,-123.2998,4.71,0.0,0.2,200,0.036,0
LEND_03925,-75.8769,33.9594,4.38,0.059,0.08,80,0.044,0
LEND_03926,16.5646,33.6998,4.38,0.058,0.24,240,0.073,0
LEND_03927,25.521,-120.8934,4.45,0.043,0.27,270,0.071,0
LEND_03928,30.0873,-135.5531,4.41,0.052,0.26,260,0.073,0
LEND_03929,-60.738,172.8187,4.79,0.0,0.15,150,0.027,0
LEND_03930,70.1648,-38.2611,4.48,0.036,0.3,300,0.073,0
LEND_03931,-51.0107,-98.1282,4.68,0.0,0.33,330,0.06,0
LEND_03932,19.6405,-118.3232,4.7,0.0,0.14,140,0.025,0
LEND_03933,-44.3718,60.3366,4.49,0.034,0.13,130,0.041,0
LEND_03934,-30.8454,39.4003,4.64,0.002,0.26,260,0.048,0
LEND_03935,7.4334,51.6788,4.35,0.064,0.26,260,0.079,0
LEND_03936,-13.2491,-148.3178,4.5,0.033,0.2,200,0.053,0
LEND_03937,-54.3639,141.6725,4.78,0.0,0.33,330,0.06,0
LEND_03938,-52.6502,-39.8641,4.38,0.057,0.09,90,0.045,0
LEND_03939,-13.0968,-67.187,4.49,0.034,0.19,190,0.051,0
LEND_03940,41.1653,-13.5499,4.7,0.0,0.06,60,0.011,0
LEND_03941,63.6743,-39.5762,4.63,0.004,0.07,70,0.015,0
LEND_03942,-66.5396,130.8877,4.62,0.007,0.07,70,0.016,0
LEND_03943,-17.1034,154.534,4.73,0.0,0.2,200,0.036,0
LEND_03944,-63.9607,-70.7568,4.31,0.072,0.23,230,0.078,0
LEND_03945,-77.3452,131.0169,4.69,0.0,0.05,50,0.009,0
LEND_03946,25.875,101.3483,4.74,0.0,0.24,240,0.044,0
LEND_03947,16.3919,155.0908,4.31,0.074,0.2,200,0.073,0
LEND_03948,-53.9169,-91.5299,4.58,0.015,0.12,120,0.029,0
LEND_03949,-42.5899,27.7053,4.47,0.038,0.05,50,0.028,0
LEND_03950,-76.2068,-81.1639,4.33,0.07,0.1,100,0.053,0
LEND_03951,53.5916,116.674,4.51,0.03,0.23,230,0.057,0
LEND_03952,75.9505,-178.0833,4.62,0.006,0.25,250,0.048,0
LEND_03953,-58.3265,23.3349,4.76,0.0,0.24,240,0.044,0
LEND_03954,-42.964,-57.8868,4.61,0.009,0.1,100,0.022,0
LEND_03955,58.9455,-63.8339,4.73,0.0,0.32,320,0.058,0
LEND_03956,68.2342,52.1663,4.36,0.062,0.17,170,0.062,0
LEND_03957,-12.8596,126.5344,4.41,0.053,0.28,280,0.077,0
LEND_03958,-71.9004,39.3103,4.79,0.0,0.1,100,0.018,0
LEND_03959,-73.6973,127.1423,4.74,0.0,0.19,190,0.035,0
LEND_03960,11.832,-84.745,4.42,0.05,0.21,210,0.063,0
LEND_03961,-17.1368,7.0207,4.61,0.008,0.28,280,0.055,0
LEND_03962,-75.4156,-17.8068,4.48,0.036,0.24,240,0.062,0
LEND_03963,13.3204,-175.8078,4.53,0.025,0.17,170,0.043,0
LEND_03964,-78.1916,20.4524,4.73,0.0,0.13,130,0.024,0
LEND_03965,45.9795,58.1488,4.67,0.0,0.34,340,0.062,0
LEND_03966,-30.9707,33.0892,4.42,0.05,0.14,140,0.05,0
LEND_03967,-73.5587,85.0608,4.46,0.041,0.09,90,0.037,0
LEND_03968,14.1364,25.6822,4.44,0.044,0.14,140,0.048,0
LEND_03969,-16.3705,-155.9699,4.69,0.0,0.15,150,0.027,0
LEND_03970,75.8081,-138.0796,4.55,0.023,0.09,90,0.028,0
LEND_03971,7.0718,34.7308,4.78,0.0,0.26,260,0.047,0
LEND_03972,-35.9617,-81.0075,4.71,0.0,0.24,240,0.044,0
LEND_03973,33.5102,-151.3278,4.41,0.053,0.14,140,0.052,0
LEND_03974,-36.5613,-25.343,4.69,0.0,0.35,350,0.064,0
LEND_03975,64.6789,19.5561,4.55,0.021,0.25,250,0.056,0
LEND_03976,-20.0445,-61.6514,4.43,0.048,0.26,260,0.071,0
LEND_03977,7.979,79.3561,4.48,0.036,0.22,220,0.058,0
LEND_03978,-71.9083,51.7574,4.79,0.0,0.22,220,0.04,0
LEND_03979,-11.8206,-60.1854,4.54,0.023,0.06,60,0.023,0
LEND_03980,53.1782,91.7541,4.66,0.0,0.28,280,0.051,0
LEND_03981,48.9038,53.5302,4.54,0.024,0.32,320,0.07,0
LEND_03982,-44.109,49.4803,4.49,0.035,0.09,90,0.034,0
LEND_03983,-43.8273,19.234,4.7,0.0,0.29,290,0.053,0
LEND_03984,50.7688,-175.8997,4.72,0.0,0.21,210,0.038,0
LEND_03985,68.8637,70.7426,4.34,0.068,0.14,140,0.059,0
LEND_03986,-64.7423,-44.625,4.44,0.045,0.33,330,0.083,0
LEND_03987,-7.9906,159.3395,4.55,0.021,0.06,60,0.021,0
LEND_03988,-26.0073,114.4745,4.46,0.041,0.13,130,0.044,0
LEND_03989,59.3102,31.57,4.69,0.0,0.32,320,0.058,0
LEND_03990,-66.636,-89.2145,4.36,0.063,0.19,190,0.066,0
LEND_03991,-46.2198,-106.6617,4.7,0.0,0.23,230,0.042,0
LEND_03992,40.3949,-57.4615,4.61,0.009,0.27,270,0.054,0
LEND_03993,-71.793,-8.4355,4.44,0.044,0.09,90,0.038,0
LEND_03994,-1.1943,-73.4164,4.47,0.038,0.11,110,0.039,0
LEND_03995,-9.2629,5.3746,4.39,0.056,0.35,350,0.091,0
LEND_03996,-26.4958,-120.4666,4.43,0.048,0.12,120,0.046,0
LEND_03997,-16.8684,171.9766,4.66,0.0,0.21,210,0.038,0
LEND_03998,4.7905,-141.1472,4.49,0.035,0.14,140,0.043,0
LEND_03999,-54.1812,155.4999,4.64,0.001,0.31,310,0.057,0
LEND_04000,11.5193,148.8881,4.56,0.02,0.34,340,0.072,0
LEND_04001,48.8692,9.1298,4.37,0.06,0.09,90,0.046,0
LEND_04002,41.6257,80.9677,4.55,0.022,0.23,230,0.053,0
LEND_04003,-55.376,-23.0226,4.68,0.0,0.29,290,0.053,0
LEND_04004,-56.1201,46.8124,4.45,0.043,0.3,300,0.076,0
LEND_04005,-37.0921,-57.3927,4.62,0.006,0.18,180,0.036,0
LEND_04006,-22.228,-71.5828,4.4,0.054,0.12,120,0.049,0
LEND_04007,-14.6471,28.1627,4.37,0.061,0.17,170,0.061,0
LEND_04008,28.7516,-0.6733,4.48,0.037,0.28,280,0.069,0
LEND_04009,-70.9311,28.6331,4.49,0.033,0.35,350,0.08,0
LEND_04010,-74.4524,-76.8022,4.68,0.0,0.22,220,0.04,0
LEND_04011,-17.2943,-47.8952,4.53,0.026,0.11,110,0.033,0
LEND_04012,31.5462,-149.7967,4.34,0.067,0.06,60,0.044,0
LEND_04013,-49.0503,-161.1805,4.62,0.007,0.33,330,0.064,0
LEND_04014,22.6407,-88.7554,4.53,0.025,0.19,190,0.047,0
LEND_04015,-38.4275,-153.2711,4.47,0.04,0.26,260,0.067,0
LEND_04016,61.7738,-142.6411,4.7,0.0,0.25,250,0.045,0
LEND_04017,63.3104,112.6542,4.38,0.059,0.32,320,0.088,0
LEND_04018,-32.434,-166.0055,4.76,0.0,0.13,130,0.024,0
LEND_04019,-43.201,57.2194,4.47,0.039,0.18,180,0.052,0
LEND_04020,-14.1914,-81.8792,4.53,0.026,0.32,320,0.071,0
LEND_04021,-41.5149,133.7564,4.76,0.0,0.23,230,0.042,0
LEND_04022,27.5814,-5.4028,4.68,0.0,0.07,70,0.013,0
LEND_04023,52.1703,-69.9925,4.34,0.067,0.11,110,0.054,0
LEND_04024,27.6947,6.35,4.59,0.013,0.12,120,0.028,0
LEND_04025,51.8961,-42.4951,4.46,0.042,0.35,350,0.085,0
LEND_04026,-16.4813,23.1484,4.55,0.021,0.12,120,0.032,0
LEND_04027,-54.9893,-138.7682,4.67,0.0,0.31,310,0.056,0
LEND_04028,38.0722,178.9166,4.55,0.022,0.07,70,0.024,0
LEND_04029,-22.3241,-26.7999,4.34,0.068,0.1,100,0.052,0
LEND_04030,27.4033,-54.637,4.56,0.018,0.31,310,0.066,0
LEND_04031,-36.697,75.6755,4.31,0.073,0.32,320,0.095,0
LEND_04032,-67.0033,-48.9962,4.47,0.038,0.1,100,0.037,0
LEND_04033,78.8131,119.9787,4.54,0.024,0.12,120,0.034,0
LEND_04034,-55.0078,-16.4625,4.62,0.006,0.21,210,0.041,0
LEND_04035,78.1474,79.041,4.55,0.021,0.07,70,0.023,0
LEND_04036,76.3648,-141.3168,4.38,0.059,0.33,330,0.089,0
LEND_04037,47.0109,124.6029,4.77,0.0,0.16,160,0.029,0
LEND_04038,25.5077,84.8585,4.63,0.005,0.2,200,0.039,0
LEND_04039,12.4491,-103.782,4.46,0.041,0.08,80,0.035,0
LEND_04040,58.5762,-127.697,4.78,0.0,0.06,60,0.011,0
LEND_04041,-33.6897,-66.1348,4.74,0.0,0.19,190,0.035,0
LEND_04042,-5.171,171.3854,4.37,0.06,0.09,90,0.046,0
LEND_04043,19.1024,-87.5406,4.63,0.005,0.24,240,0.046,0
LEND_04044,-14.2095,-15.7942,4.58,0.015,0.29,290,0.06,0
LEND_04045,-11.6022,-169.1927,4.4,0.055,0.06,60,0.038,0
LEND_04046,-27.1545,-36.9981,4.42,0.05,0.23,230,0.067,0
LEND_04047,10.2771,25.6752,4.58,0.015,0.29,290,0.06,0
LEND_04048,56.0919,163.1249,4.46,0.041,0.18,180,0.053,0
LEND_04049,-47.7555,6.025,4.72,0.0,0.34,340,0.062,0
LEND_04050,69.5093,114.8786,4.35,0.065,0.08,80,0.047,0
LEND_04051,30.254,16.966,4.76,0.0,0.15,150,0.027,0
LEND_04052,51.7237,-165.3174,4.72,0.0,0.12,120,0.022,0
LEND_04053,8.9905,-66.597,4.67,0.0,0.35,350,0.064,0
LEND_04054,44.7227,27.1978,4.43,0.047,0.14,140,0.049,0
LEND_04055,-77.4079,162.2138,4.66,0.0,0.17,170,0.031,0
LEND_04056,50.9409,129.2869,4.52,0.028,0.3,300,0.069,0
LEND_04057,-73.5778,-97.792,4.62,0.007,0.33,330,0.064,0
LEND_04058,62.3861,-100.7605,4.46,0.042,0.33,330,0.081,0
LEND_04059,78.714,-107.5777,4.72,0.0,0.22,220,0.04,0
LEND_04060,-32.9492,152.0996,4.32,0.071,0.25,250,0.081,0
LEND_04061,-46.349,126.9598,4.65,0.001,0.15,150,0.028,0
LEND_04062,42.4581,98.958,4.71,0.0,0.23,230,0.042,0
LEND_04063,-39.5158,-38.6154,4.62,0.006,0.14,140,0.028,0
LEND_04064,58.49,1.5771,4.4,0.055,0.27,270,0.076,0
LEND_04065,-63.5452,-12.8406,4.44,0.045,0.14,140,0.048,0
LEND_04066,-59.8472,-88.7767,4.56,0.02,0.31,310,0.066,0
LEND_04067,76.6642,1.8101,4.46,0.04,0.09,90,0.036,0
LEND_04068,27.8142,-169.0212,4.3,0.075,0.22,220,0.077,0
LEND_04069,55.502,-132.5483,4.32,0.071,0.21,210,0.074,0
LEND_04070,-28.1073,139.1723,4.68,0.0,0.13,130,0.024,0
LEND_04071,28.2374,90.6047,4.34,0.066,0.06,60,0.044,0
LEND_04072,15.0787,-27.7674,4.76,0.0,0.09,90,0.016,0
LEND_04073,16.504,6.1741,4.52,0.028,0.34,340,0.076,0
LEND_04074,29.2052,-46.8004,4.68,0.0,0.33,330,0.06,0
LEND_04075,12.0575,86.6808,4.36,0.062,0.09,90,0.047,0
LEND_04076,-11.35,102.3074,4.76,0.0,0.16,160,0.029,0
LEND_04077,-35.8524,94.7827,4.32,0.072,0.19,190,0.07,0
LEND_04078,42.973,80.1402,4.32,0.071,0.19,190,0.07,0
LEND_04079,-43.7964,-106.3784,4.33,0.069,0.14,140,0.06,0
LEND_04080,30.7767,-58.3308,4.35,0.064,0.32,320,0.09,0
LEND_04081,-42.6667,-10.8556,4.54,0.023,0.32,320,0.07,0
LEND_04082,20.0528,-60.9145,4.69,0.0,0.06,60,0.011,0
LEND_04083,39.5325,91.7785,4.44,0.045,0.25,250,0.068,0
LEND_04084,-45.0058,-61.4327,4.67,0.0,0.07,70,0.013,0
LEND_04085,-70.4091,-130.2364,4.69,0.0,0.23,230,0.042,0
LEND_04086,-59.0442,-36.3454,4.75,0.0,0.31,310,0.056,0
LEND_04087,16.9595,172.7692,4.37,0.059,0.24,240,0.073,0
LEND_04088,55.9114,-98.6827,4.37,0.061,0.19,190,0.065,0
LEND_04089,-72.8005,40.3771,4.36,0.062,0.34,340,0.093,0
LEND_04090,37.4642,-24.1297,4.48,0.037,0.27,270,0.067,0
LEND_04091,-25.389,-154.4312,4.54,0.023,0.12,120,0.033,0
LEND_04092,-3.4355,-4.3644,4.53,0.026,0.17,170,0.044,0
LEND_04093,68.6175,72.7792,4.43,0.048,0.28,280,0.075,0
LEND_04094,-26.8846,4.7592,4.61,0.008,0.06,60,0.015,0
LEND_04095,-5.5461,133.9582,4.47,0.039,0.07,70,0.032,0
LEND_04096,-77.8108,-75.9827,4.48,0.036,0.31,310,0.074,0
LEND_04097,-66.9442,-148.9503,4.35,0.064,0.06,60,0.043,0
LEND_04098,-38.6253,157.1636,4.6,0.012,0.25,250,0.051,0
LEND_04099,-75.5436,-43.8493,4.63,0.005,0.15,150,0.03,0
LEND_04100,21.0201,27.506,4.68,0.0,0.3,300,0.055,0
LEND_04101,-11.7763,105.1211,4.75,0.0,0.3,300,0.055,0
LEND_04102,7.7032,-63.2471,4.68,0.0,0.34,340,0.062,0
LEND_04103,-52.0565,77.8192,4.42,0.05,0.08,80,0.04,0
LEND_04104,-32.6509,-131.2492,4.42,0.05,0.18,180,0.058,0
LEND_04105,26.2119,-75.1343,4.76,0.0,0.22,220,0.04,0
LEND_04106,74.4484,-127.9042,4.7,0.0,0.32,320,0.058,0
LEND_04107,-71.9333,112.043,4.69,0.0,0.13,130,0.024,0
LEND_04108,62.4615,-99.8463,4.66,0.0,0.07,70,0.013,0
LEND_04109,12.301,78.2653,4.43,0.047,0.11,110,0.043,0
LEND_04110,10.2271,159.5874,4.72,0.0,0.2,200,0.036,0
LEND_04111,0.0446,9.998,4.37,0.06,0.25,250,0.075,0
LEND_04112,-68.8969,14.4105,4.48,0.038,0.26,260,0.066,0
LEND_04113,-65.6197,-14.0279,4.47,0.038,0.07,70,0.032,0
LEND_04114,16.1459,-62.6795,4.58,0.015,0.28,280,0.058,0
LEND_04115,-25.4466,-8.7642,4.53,0.025,0.25,250,0.058,0
LEND_04116,66.7629,37.0107,4.53,0.026,0.17,170,0.044,0
LEND_04117,-14.9455,174.957,4.58,0.016,0.22,220,0.048,0
LEND_04118,-57.075,157.5952,4.51,0.031,0.28,280,0.066,0
LEND_04119,34.355,130.3751,4.42,0.048,0.13,130,0.048,0
LEND_04120,-33.0635,140.087,4.63,0.004,0.33,330,0.062,0
LEND_04121,4.0752,-11.5743,4.7,0.0,0.09,90,0.016,0
LEND_04122,31.6532,56.68,4.54,0.024,0.32,320,0.07,0
LEND_04123,64.0423,142.224,4.62,0.005,0.27,270,0.052,0
LEND_04124,46.7506,-38.5377,4.57,0.018,0.25,250,0.054,0
LEND_04125,28.2178,166.2345,4.33,0.069,0.07,70,0.047,0
LEND_04126,28.7413,-30.317,4.51,0.03,0.33,330,0.075,0
LEND_04127,71.3479,36.3898,4.3,0.074,0.14,140,0.063,0
LEND_04128,-32.6681,75.5297,4.63,0.004,0.27,270,0.051,0
LEND_04129,-79.8221,162.2131,4.55,0.021,0.32,320,0.068,0
LEND_04130,-36.4873,-91.9381,4.36,0.062,0.12,120,0.053,0
LEND_04131,-45.1374,88.6072,4.57,0.017,0.32,320,0.067,0
LEND_04132,25.8935,7.4936,4.75,0.0,0.23,230,0.042,0
LEND_04133,21.3939,-83.3194,4.47,0.039,0.25,250,0.065,0
LEND_04134,14.9538,99.5785,4.79,0.0,0.32,320,0.058,0
LEND_04135,-77.401,18.8,4.78,0.0,0.21,210,0.038,0
LEND_04136,36.6045,57.9506,4.69,0.0,0.18,180,0.033,0
LEND_04137,-28.2351,-63.7556,4.71,0.0,0.24,240,0.044,0
LEND_04138,26.409,-6.7414,4.51,0.031,0.22,220,0.056,0
LEND_04139,9.0525,42.2475,4.5,0.032,0.07,70,0.029,0
LEND_04140,-25.1631,-34.2321,4.78,0.0,0.1,100,0.018,0
LEND_04141,-58.4678,-108.5859,4.48,0.036,0.05,50,0.027,0
LEND_04142,-64.893,166.1906,4.35,0.065,0.08,80,0.047,0
LEND_04143,53.0429,4.1283,4.38,0.059,0.27,270,0.079,0
LEND_04144,66.9436,84.2113,4.66,0.0,0.05,50,0.009,0
LEND_04145,23.9661,-32.023,4.49,0.034,0.14,140,0.042,0
LEND_04146,-63.4505,-52.1526,4.4,0.054,0.18,180,0.06,0
LEND_04147,-15.6756,-33.4209,4.71,0.0,0.33,330,0.06,0
LEND_04148,36.6303,-32.6892,4.54,0.023,0.15,150,0.039,0
LEND_04149,44.7713,15.9048,4.58,0.014,0.28,280,0.058,0
LEND_04150,-61.085,15.6492,4.38,0.059,0.17,170,0.06,0
LEND_04151,-79.9951,-1.0246,4.4,0.055,0.08,80,0.042,0
LEND_04152,33.9419,-131.4771,4.36,0.062,0.08,80,0.045,0
LEND_04153,-22.9446,-1.4128,4.56,0.02,0.18,180,0.043,0
LEND_04154,-39.283,-119.1226,4.69,0.0,0.07,70,0.013,0
LEND_04155,-77.9364,-134.5911,4.67,0.0,0.22,220,0.04,0
LEND_04156,6.4479,155.7525,4.43,0.047,0.2,200,0.06,0
LEND_04157,56.1841,37.782,4.73,0.0,0.26,260,0.047,0
LEND_04158,73.2211,57.4164,4.35,0.064,0.11,110,0.052,0
LEND_04159,10.5192,-35.3543,4.36,0.063,0.23,230,0.073,0
LEND_04160,2.3138,147.2331,4.72,0.0,0.1,100,0.018,0
LEND_04161,-66.391,49.655,4.42,0.049,0.27,270,0.074,0
LEND_04162,7.8196,96.9012,4.65,0.0,0.14,140,0.025,0
LEND_04163,-19.2033,-47.3175,4.3,0.074,0.23,230,0.079,0
LEND_04164,17.1416,165.6043,4.35,0.065,0.31,310,0.089,0
LEND_04165,-17.8038,115.3661,4.6,0.01,0.2,200,0.041,0
LEND_04166,-41.5521,127.4214,4.39,0.056,0.11,110,0.048,0
LEND_04167,-64.8056,-118.0101,4.31,0.072,0.32,320,0.094,0
LEND_04168,-29.613,-82.4532,4.53,0.025,0.16,160,0.042,0
LEND_04169,-64.5368,-77.1744,4.47,0.04,0.27,270,0.069,0
LEND_04170,-51.6965,-82.4727,4.7,0.0,0.15,150,0.027,0
LEND_04171,77.9738,127.9469,4.71,0.0,0.14,140,0.025,0
LEND_04172,-8.9434,-168.5215,4.61,0.009,0.24,240,0.048,0
LEND_04173,5.0995,-152.604,4.45,0.044,0.1,100,0.04,0
LEND_04174,59.779,-81.3906,4.53,0.026,0.31,310,0.069,0
LEND_04175,79.291,-108.0457,4.65,0.0,0.17,170,0.031,0
LEND_04176,13.2343,-96.5305,4.33,0.068,0.06,60,0.045,0
LEND_04177,49.9958,107.2595,4.47,0.04,0.14,140,0.045,0
LEND_04178,-27.6894,22.7256,4.71,0.0,0.29,290,0.053,0
LEND_04179,-31.081,-177.9226,4.5,0.032,0.31,310,0.072,0
LEND_04180,-15.5674,-25.4438,4.61,0.008,0.22,220,0.044,0
LEND_04181,27.6012,-33.1614,4.35,0.065,0.14,140,0.058,0
LEND_04182,29.1507,-138.9797,4.69,0.0,0.21,210,0.038,0
LEND_04183,-29.5617,63.411,4.35,0.064,0.3,300,0.087,0
LEND_04184,-58.6864,72.755,4.73,0.0,0.14,140,0.025,0
LEND_04185,21.1834,79.5216,4.35,0.064,0.17,170,0.063,0
LEND_04186,-59.4679,82.2495,4.75,0.0,0.21,210,0.038,0
LEND_04187,12.5588,-179.981,4.48,0.036,0.32,320,0.076,0
LEND_04188,30.9475,163.4115,4.61,0.008,0.22,220,0.044,0
LEND_04189,32.0978,113.1152,4.72,0.0,0.11,110,0.02,0
LEND_04190,40.5555,145.4334,4.31,0.074,0.08,80,0.052,0
LEND_04191,59.6575,-174.3684,4.43,0.047,0.08,80,0.038,0
LEND_04192,-0.0066,156.1892,4.75,0.0,0.34,340,0.062,0
LEND_04193,36.8399,111.5239,4.49,0.034,0.3,300,0.071,0
LEND_04194,19.0676,121.3989,4.65,0.0,0.28,280,0.051,0
LEND_04195,-50.1376,-146.4165,4.37,0.06,0.2,200,0.066,0
LEND_04196,-75.8897,85.9601,4.64,0.002,0.25,250,0.047,0
LEND_04197,-34.4734,165.57,4.34,0.067,0.09,90,0.05,0
LEND_04198,-9.1146,64.277,4.66,0.0,0.24,240,0.044,0
LEND_04199,18.737,25.4021,4.46,0.04,0.29,290,0.073,0
LEND_04200,55.9935,160.4267,4.53,0.025,0.07,70,0.025,0
LEND_04201,-48.6007,-20.5426,4.38,0.057,0.14,140,0.054,0
LEND_04202,-59.912,35.7457,4.61,0.008,0.08,80,0.018,0
LEND_04203,74.1568,-8.5182,4.47,0.039,0.13,130,0.043,0
LEND_04204,-62.7129,155.8246,4.49,0.034,0.28,280,0.068,0
LEND_04205,-3.4414,-152.6095,4.63,0.005,0.15,150,0.03,0
LEND_04206,13.6902,0.4031,4.39,0.056,0.26,260,0.075,0
LEND_04207,6.6199,67.3029,4.73,0.0,0.28,280,0.051,0
LEND_04208,-66.2349,105.0864,4.67,0.0,0.29,290,0.053,0
LEND_04209,-70.8757,29.8867,4.59,0.013,0.31,310,0.063,0
LEND_04210,-63.1227,147.2104,4.36,0.061,0.23,230,0.073,0
LEND_04211,13.694,159.1169,4.64,0.001,0.13,130,0.024,0
LEND_04212,7.0952,-156.8451,4.31,0.073,0.1,100,0.055,0
LEND_04213,-42.6015,-35.1466,4.7,0.0,0.2,200,0.036,0
LEND_04214,22.0439,-171.5548,4.45,0.043,0.08,80,0.036,0
LEND_04215,51.2108,-61.41,4.36,0.063,0.32,320,0.09,0
LEND_04216,-73.3474,13.2726,4.38,0.058,0.18,180,0.062,0
LEND_04217,-0.2992,147.8862,4.78,0.0,0.31,310,0.056,0
LEND_04218,30.2897,124.7596,4.69,0.0,0.26,260,0.047,0
LEND_04219,-39.6301,-134.1001,4.42,0.05,0.31,310,0.081,0
LEND_04220,-30.7567,-146.5091,4.78,0.0,0.32,320,0.058,0
LEND_04221,18.1821,32.1362,4.37,0.06,0.07,70,0.043,0
LEND_04222,63.6696,11.5625,4.67,0.0,0.27,270,0.049,0
LEND_04223,49.5879,-84.104,4.63,0.005,0.12,120,0.024,0
LEND_04224,13.3008,143.8031,4.71,0.0,0.35,350,0.064,0
LEND_04225,36.8355,153.8519,4.49,0.034,0.28,280,0.068,0
LEND_04226,-21.6284,-35.0599,4.5,0.032,0.05,50,0.025,0
LEND_04227,22.5545,140.5089,4.61,0.008,0.33,330,0.064,0
LEND_04228,-5.4109,-41.7784,4.5,0.032,0.14,140,0.042,0
LEND_04229,-49.6102,85.2541,4.32,0.071,0.17,170,0.066,0
LEND_04230,32.2781,-8.6608,4.66,0.0,0.23,230,0.042,0
LEND_04231,9.0343,-135.8701,4.62,0.006,0.32,320,0.061,0
LEND_04232,-22.6205,154.0563,4.51,0.03,0.33,330,0.075,0
LEND_04233,65.8143,-16.5252,4.45,0.043,0.22,220,0.061,0
LEND_04234,-76.6505,84.4153,4.46,0.041,0.15,150,0.048,0
LEND_04235,-29.4763,-47.8174,4.67,0.0,0.13,130,0.024,0
LEND_04236,-70.899,-173.2029,4.66,0.0,0.16,160,0.029,0
LEND_04237,42.6444,-143.8091,4.71,0.0,0.1,100,0.018,0
LEND_04238,32.3372,-1.361,4.68,0.0,0.25,250,0.045,0
LEND_04239,-26.9836,68.3872,4.68,0.0,0.21,210,0.038,0
LEND_04240,28.1061,-59.4953,4.43,0.048,0.28,280,0.075,0
LEND_04241,-16.65,70.3758,4.35,0.064,0.08,80,0.047,0
LEND_04242,41.0006,71.5088,4.68,0.0,0.17,170,0.031,0
LEND_04243,-7.3306,73.4169,4.35,0.065,0.12,120,0.054,0
LEND_04244,-14.0352,-2.6921,4.79,0.0,0.21,210,0.038,0
LEND_04245,69.5568,149.359,4.74,0.0,0.19,190,0.035,0
LEND_04246,-39.8593,-3.8893,4.57,0.018,0.18,180,0.042,0
LEND_04247,-60.7284,-17.9045,4.48,0.037,0.14,140,0.044,0
LEND_04248,13.5269,-108.2229,4.56,0.019,0.27,270,0.058,0
LEND_04249,75.0915,-69.2442,4.67,0.0,0.19,190,0.035,0
LEND_04250,-19.5457,-164.7596,4.68,0.0,0.11,110,0.02,0
LEND_04251,-70.0741,48.0727,4.34,0.067,0.21,210,0.072,0
LEND_04252,-25.7112,-90.5271,4.7,0.0,0.23,230,0.042,0
LEND_04253,0.9491,-70.5041,4.62,0.006,0.06,60,0.014,0
LEND_04254,-54.0923,97.4932,4.32,0.071,0.11,110,0.055,0
LEND_04255,25.2964,-62.2004,4.46,0.042,0.12,120,0.043,0
LEND_04256,79.6399,-92.8095,4.56,0.02,0.12,120,0.032,0
LEND_04257,-7.7217,-119.1392,4.39,0.055,0.12,120,0.049,0
LEND_04258,-23.2434,98.949,4.38,0.059,0.13,130,0.053,0
LEND_04259,-15.8873,-133.3057,4.31,0.074,0.13,130,0.061,0
LEND_04260,-61.5766,-16.6486,4.76,0.0,0.32,320,0.058,0
LEND_04261,61.3238,2.4948,4.33,0.069,0.15,150,0.062,0
LEND_04262,-13.6279,67.4604,4.48,0.036,0.15,150,0.045,0
LEND_04263,-18.0361,47.9821,4.4,0.053,0.13,130,0.05,0
LEND_04264,25.5504,111.8594,4.67,0.0,0.34,340,0.062,0
LEND_04265,-9.2747,-163.8895,4.65,0.0,0.21,210,0.038,0
LEND_04266,23.7174,-73.2813,4.7,0.0,0.23,230,0.042,0
LEND_04267,-70.1686,-79.1517,4.61,0.009,0.27,270,0.054,0
LEND_04268,50.1957,-127.4339,4.6,0.012,0.15,150,0.033,0
LEND_04269,70.4806,-75.8958,4.5,0.031,0.34,340,0.078,0
LEND_04270,23.8025,-68.4845,4.62,0.007,0.1,100,0.022,0
LEND_04271,72.7305,7.8784,4.36,0.063,0.19,190,0.066,0
LEND_04272,-55.7708,58.9336,4.64,0.002,0.09,90,0.017,0
LEND_04273,-3.6134,-42.8038,4.35,0.064,0.29,290,0.085,0
LEND_04274,16.2891,79.0093,4.73,0.0,0.08,80,0.015,0
LEND_04275,13.0779,-58.9805,4.55,0.021,0.22,220,0.05,0
LEND_04276,-15.7661,-75.4979,4.57,0.018,0.08,80,0.024,0
LEND_04277,-25.9065,14.8277,4.59,0.012,0.19,190,0.041,0
LEND_04278,-59.7082,-171.4621,4.69,0.0,0.13,130,0.024,0
LEND_04279,-17.3212,-151.2759,4.54,0.024,0.32,320,0.07,0
LEND_04280,-53.9743,-29.531,4.51,0.029,0.07,70,0.027,0
LEND_04281,37.4985,159.4486,4.44,0.044,0.24,240,0.066,0
LEND_04282,-46.5871,79.7442,4.36,0.062,0.26,260,0.078,0
LEND_04283,-70.6296,-148.2744,4.4,0.055,0.32,320,0.086,0
LEND_04284,8.3786,124.6745,4.3,0.075,0.31,310,0.094,0
LEND_04285,15.2368,83.6283,4.73,0.0,0.34,340,0.062,0
LEND_04286,59.5061,39.9407,4.68,0.0,0.13,130,0.024,0
LEND_04287,12.3171,115.3055,4.41,0.052,0.13,130,0.05,0
LEND_04288,-24.7231,-34.5205,4.3,0.075,0.17,170,0.068,0
LEND_04289,48.4819,-100.2596,4.55,0.022,0.21,210,0.049,0
LEND_04290,6.4446,4.3284,4.51,0.031,0.16,160,0.045,0
LEND_04291,-67.3152,17.583,4.69,0.0,0.27,270,0.049,0
LEND_04292,10.5361,13.7975,4.5,0.032,0.05,50,0.025,0
LEND_04293,65.283,23.4266,4.73,0.0,0.06,60,0.011,0
LEND_04294,-16.59,161.5338,4.35,0.065,0.26,260,0.08,0
LEND_04295,-32.5879,144.8084,4.48,0.036,0.31,310,0.074,0
LEND_04296,-57.0449,135.2581,4.77,0.0,0.28,280,0.051,0
LEND_04297,-55.7687,108.5101,4.31,0.074,0.09,90,0.053,0
LEND_04298,-10.7566,159.6341,4.5,0.033,0.33,330,0.077,0
LEND_04299,15.3088,-144.5419,4.43,0.047,0.21,210,0.062,0
LEND_04300,-67.1015,-84.5556,4.57,0.018,0.27,270,0.058,0
LEND_04301,70.331,-1.7799,4.44,0.045,0.11,110,0.043,0
LEND_04302,40.8214,124.7524,4.73,0.0,0.21,210,0.038,0
LEND_04303,13.8598,1.8597,4.77,0.0,0.15,150,0.027,0
LEND_04304,52.5502,89.2925,4.72,0.0,0.34,340,0.062,0
LEND_04305,-67.1701,-129.9744,4.5,0.032,0.19,190,0.051,0
LEND_04306,-3.7058,-89.131,4.79,0.0,0.28,280,0.051,0
LEND_04307,20.8149,83.4394,4.67,0.0,0.23,230,0.042,0
LEND_04308,52.5845,-120.6958,4.48,0.037,0.08,80,0.033,0
LEND_04309,45.3551,-53.5119,4.35,0.065,0.21,210,0.071,0
LEND_04310,-35.6689,-84.6481,4.63,0.004,0.21,210,0.04,0
LEND_04311,70.5408,-54.0498,4.66,0.0,0.26,260,0.047,0
LEND_04312,-60.1047,74.9967,4.36,0.062,0.15,150,0.058,0
LEND_04313,60.0214,-47.575,4.57,0.016,0.31,310,0.064,0
LEND_04314,75.3504,19.8948,4.79,0.0,0.24,240,0.044,0
LEND_04315,-51.6554,-144.0245,4.46,0.04,0.06,60,0.031,0
LEND_04316,35.5306,109.8064,4.45,0.043,0.26,260,0.069,0
LEND_04317,-73.5543,-46.8401,4.75,0.0,0.32,320,0.058,0
LEND_04318,-15.1323,53.4723,4.36,0.063,0.25,250,0.077,0
LEND_04319,2.6053,81.1403,4.77,0.0,0.16,160,0.029,0
LEND_04320,12.9032,-104.5221,4.69,0.0,0.23,230,0.042,0
LEND_04321,69.75,138.483,4.5,0.033,0.1,100,0.035,0
LEND_04322,27.5601,41.8407,4.34,0.066,0.23,230,0.075,0
LEND_04323,-2.9955,-25.6589,4.31,0.073,0.2,200,0.073,0
LEND_04324,49.548,-114.3593,4.49,0.035,0.06,60,0.028,0
LEND_04325,72.0853,159.2283,4.65,0.0,0.15,150,0.027,0
LEND_04326,-76.4694,91.8246,4.54,0.023,0.11,110,0.031,0
LEND_04327,77.2034,-105.1112,4.67,0.0,0.17,170,0.031,0
LEND_04328,-66.2189,-58.4241,4.64,0.003,0.12,120,0.023,0
LEND_04329,50.3019,111.4827,4.59,0.014,0.3,300,0.061,0
LEND_04330,-35.1464,70.444,4.78,0.0,0.26,260,0.047,0
LEND_04331,-58.8513,95.6823,4.66,0.0,0.27,270,0.049,0
LEND_04332,-9.6231,-21.1676,4.76,0.0,0.16,160,0.029,0
LEND_04333,23.0331,77.9315,4.42,0.049,0.05,50,0.034,0
LEND_04334,-19.0477,-40.8623,4.66,0.0,0.12,120,0.022,0
LEND_04335,-71.2695,-103.9453,4.6,0.011,0.28,280,0.056,0
LEND_04336,15.9138,47.7637,4.76,0.0,0.23,230,0.042,0
LEND_04337,64.3845,171.365,4.56,0.02,0.21,210,0.048,0
LEND_04338,-18.6855,-68.1837,4.44,0.045,0.13,130,0.046,0
LEND_04339,-45.3868,-14.0509,4.49,0.034,0.07,70,0.03,0
LEND_04340,-9.1876,62.6405,4.41,0.052,0.29,290,0.079,0
LEND_04341,-72.262,14.9423,4.41,0.052,0.06,60,0.037,0
LEND_04342,51.278,123.634,4.54,0.025,0.07,70,0.025,0
LEND_04343,52.2145,94.2274,4.75,0.0,0.14,140,0.025,0
LEND_04344,14.0801,-159.013,4.4,0.055,0.22,220,0.067,0
LEND_04345,-23.5035,179.4316,4.44,0.044,0.35,350,0.086,0
LEND_04346,47.9653,90.8649,4.73,0.0,0.08,80,0.015,0
LEND_04347,8.7499,131.0052,4.47,0.039,0.19,190,0.054,0
LEND_04348,52.1492,54.4312,4.78,0.0,0.23,230,0.042,0
LEND_04349,21.0334,128.2626,4.43,0.046,0.3,300,0.078,0
LEND_04350,45.5049,-139.5421,4.52,0.028,0.26,260,0.061,0
LEND_04351,15.7701,-54.8144,4.35,0.065,0.29,290,0.085,0
LEND_04352,-13.7374,135.5115,4.8,0.0,0.21,210,0.038,0
LEND_04353,73.2713,-107.4041,4.75,0.0,0.18,180,0.033,0
LEND_04354,6.5782,-151.8328,4.71,0.0,0.24,240,0.044,0
LEND_04355,16.8143,103.7228,4.38,0.058,0.32,320,0.087,0
LEND_04356,-44.722,120.775,4.78,0.0,0.22,220,0.04,0
LEND_04357,20.1041,-121.4452,4.76,0.0,0.23,230,0.042,0
LEND_04358,11.4572,127.5646,4.52,0.028,0.15,150,0.041,0
LEND_04359,-50.4259,67.2364,4.64,0.002,0.23,230,0.043,0
LEND_04360,-70.4661,7.2298,4.8,0.0,0.24,240,0.044,0
LEND_04361,16.6975,118.8901,4.5,0.031,0.28,280,0.067,0
LEND_04362,42.1908,-29.0703,4.36,0.063,0.22,220,0.072,0
LEND_04363,3.7442,-110.1622,4.73,0.0,0.11,110,0.02,0
LEND_04364,-43.7164,-77.453,4.54,0.024,0.22,220,0.052,0
LEND_04365,26.6435,1.859,4.79,0.0,0.14,140,0.025,0
LEND_04366,-67.1831,11.2791,4.58,0.016,0.08,80,0.023,0
LEND_04367,-9.3066,110.0091,4.31,0.072,0.3,300,0.091,0
LEND_04368,-53.8613,104.887,4.55,0.022,0.07,70,0.024,0
LEND_04369,-50.4866,29.292,4.66,0.0,0.24,240,0.044,0
LEND_04370,-47.633,101.0828,4.31,0.072,0.35,350,0.1,0
LEND_04371,-18.1269,-110.9616,4.51,0.031,0.08,80,0.03,0
LEND_04372,-71.816,-161.9768,4.38,0.059,0.12,120,0.051,0
LEND_04373,-16.353,134.5082,4.62,0.006,0.28,280,0.054,0
LEND_04374,1.8732,-152.8004,4.78,0.0,0.08,80,0.015,0
LEND_04375,-2.6729,-91.1922,4.61,0.008,0.3,300,0.059,0
LEND_04376,-18.7545,70.3148,4.65,0.001,0.05,50,0.009,0
LEND_04377,54.2635,-32.5987,4.5,0.033,0.32,320,0.074,0
LEND_04378,-56.7477,135.473,4.58,0.015,0.07,70,0.02,0
LEND_04379,0.9115,-72.7273,4.57,0.017,0.33,330,0.068,0
LEND_04380,-70.0734,-175.7263,4.68,0.0,0.31,310,0.056,0
LEND_04381,-68.6151,-71.764,4.73,0.0,0.21,210,0.038,0
LEND_04382,11.8185,28.107,4.63,0.004,0.28,280,0.053,0
LEND_04383,10.5629,-44.6622,4.79,0.0,0.07,70,0.013,0
LEND_04384,60.4854,12.5542,4.71,0.0,0.09,90,0.016,0
LEND_04385,9.2598,135.5753,4.36,0.062,0.16,160,0.06,0
LEND_04386,73.5666,148.4946,4.55,0.021,0.21,210,0.049,0
LEND_04387,-72.2088,-84.2493,4.75,0.0,0.31,310,0.056,0
LEND_04388,-64.3188,-13.6294,4.77,0.0,0.21,210,0.038,0
LEND_04389,-72.9495,17.6918,4.49,0.034,0.25,250,0.063,0
LEND_04390,-50.3557,161.6805,4.66,0.0,0.25,250,0.045,0
LEND_04391,6.6032,179.5022,4.51,0.031,0.31,310,0.072,0
LEND_04392,23.2915,-95.2534,4.36,0.062,0.28,280,0.082,0
LEND_04393,-72.7064,81.7128,4.74,0.0,0.34,340,0.062,0
LEND_04394,71.3553,-43.9088,4.77,0.0,0.06,60,0.011,0
LEND_04395,54.7465,-177.081,4.55,0.021,0.11,110,0.03,0
LEND_04396,-32.542,-176.6691,4.31,0.073,0.33,330,0.097,0
LEND_04397,-67.65,-14.1962,4.71,0.0,0.29,290,0.053,0
LEND_04398,-52.8181,-4.1994,4.54,0.024,0.13,130,0.036,0
LEND_04399,-59.6889,-171.8749,4.34,0.067,0.34,340,0.095,0
LEND_04400,-60.2746,67.2939,4.39,0.055,0.31,310,0.084,0
LEND_04401,2.9699,-74.1588,4.38,0.059,0.07,70,0.042,0
LEND_04402,-40.6644,21.5615,4.64,0.001,0.29,290,0.053,0
LEND_04403,-22.6976,-71.6691,4.45,0.043,0.29,290,0.074,0
LEND_04404,78.3209,-119.8316,4.36,0.062,0.12,120,0.053,0
LEND_04405,29.4903,-33.4175,4.76,0.0,0.25,250,0.045,0
LEND_04406,71.8369,-96.3816,4.78,0.0,0.34,340,0.062,0
LEND_04407,-57.191,12.5284,4.37,0.06,0.25,250,0.076,0
LEND_04408,-18.8577,-108.4217,4.42,0.051,0.29,290,0.078,0
LEND_04409,8.7571,3.0262,4.6,0.012,0.08,80,0.02,0
LEND_04410,-67.7187,-123.3437,4.38,0.059,0.27,270,0.079,0
LEND_04411,-79.33,61.5509,4.38,0.058,0.11,110,0.049,0
LEND_04412,27.2695,91.4176,4.47,0.039,0.07,70,0.032,0
LEND_04413,22.6911,-140.2581,4.77,0.0,0.22,220,0.04,0
LEND_04414,-14.2738,-11.5911,4.78,0.0,0.28,280,0.051,0
LEND_04415,-1.6569,-154.4862,4.72,0.0,0.21,210,0.038,0
LEND_04416,-13.5291,35.3457,4.65,0.0,0.33,330,0.06,0
LEND_04417,-76.1592,-84.8145,4.66,0.0,0.26,260,0.047,0
LEND_04418,-26.3405,9.9448,4.53,0.025,0.09,90,0.029,0
LEND_04419,-51.6668,6.286,4.57,0.018,0.33,330,0.069,0
LEND_04420,-64.2521,152.7676,4.62,0.007,0.1,100,0.022,0
LEND_04421,73.0753,17.67,4.67,0.0,0.28,280,0.051,0
LEND_04422,15.8976,29.8795,4.35,0.065,0.09,90,0.049,0
LEND_04423,36.585,-35.4049,4.41,0.051,0.35,350,0.089,0
LEND_04424,-29.5418,161.6687,4.78,0.0,0.15,150,0.027,0
LEND_04425,-17.0965,99.7869,4.47,0.039,0.2,200,0.056,0
LEND_04426,-42.0922,-77.2541,4.43,0.046,0.19,190,0.058,0
LEND_04427,-64.4855,123.9155,4.51,0.03,0.08,80,0.029,0
LEND_04428,-51.3549,-24.3373,4.45,0.044,0.2,200,0.058,0
LEND_04429,47.6022,118.3202,4.35,0.065,0.09,90,0.049,0
LEND_04430,28.4073,116.2397,4.4,0.053,0.29,290,0.079,0
LEND_04431,7.5086,-112.0067,4.62,0.006,0.34,340,0.065,0
LEND_04432,-3.9856,72.4108,4.41,0.051,0.29,290,0.078,0
LEND_04433,67.5895,-75.3685,4.62,0.006,0.18,180,0.036,0
LEND_04434,-68.3624,-72.9026,4.35,0.065,0.05,50,0.041,0
LEND_04435,-35.1039,-73.3147,4.32,0.071,0.06,60,0.046,0
LEND_04436,-24.0099,81.2046,4.73,0.0,0.2,200,0.036,0
LEND_04437,45.1881,-97.2626,4.68,0.0,0.25,250,0.045,0
LEND_04438,78.8023,-179.6739,4.63,0.004,0.3,300,0.056,0
LEND_04439,-41.4927,77.4853,4.32,0.072,0.23,230,0.078,0
LEND_04440,59.8892,-118.3735,4.42,0.05,0.34,340,0.087,0
LEND_04441,52.8996,-142.3863,4.71,0.0,0.2,200,0.036,0
LEND_04442,-44.0548,-94.4942,4.37,0.06,0.23,230,0.072,0
LEND_04443,-16.1068,-43.2358,4.71,0.0,0.12,120,0.022,0
LEND_04444,-14.4523,-8.6737,4.59,0.012,0.15,150,0.033,0
LEND_04445,76.5153,-163.9548,4.67,0.0,0.25,250,0.045,0
LEND_04446,-51.0573,169.4064,4.62,0.006,0.23,230,0.045,0
LEND_04447,47.8653,77.7827,4.51,0.03,0.16,160,0.044,0
LEND_04448,-26.5292,-63.6501,4.45,0.044,0.08,80,0.036,0
LEND_04449,36.9393,-65.269,4.64,0.003,0.15,150,0.029,0
LEND_04450,-12.7982,-18.5247,4.7,0.0,0.06,60,0.011,0
LEND_04451,12.5376,45.4481,4.32,0.07,0.22,220,0.075,0
LEND_04452,53.2179,-127.3057,4.49,0.034,0.15,150,0.044,0
LEND_04453,48.6665,-111.9853,4.48,0.038,0.16,160,0.048,0
LEND_04454,58.6277,129.3964,4.58,0.015,0.22,220,0.048,0
LEND_04455,-70.4612,-87.7482,4.36,0.063,0.22,220,0.072,0
LEND_04456,30.7281,-43.1298,4.77,0.0,0.23,230,0.042,0
LEND_04457,-57.602,133.6579,4.57,0.016,0.2,200,0.045,0
LEND_04458,-13.469,58.7332,4.76,0.0,0.2,200,0.036,0
LEND_04459,7.7741,-56.9837,4.71,0.0,0.3,300,0.055,0
LEND_04460,-15.5617,66.1318,4.4,0.055,0.19,190,0.062,0
LEND_04461,3.1379,-172.914,4.37,0.061,0.21,210,0.069,0
LEND_04462,79.4442,84.8314,4.73,0.0,0.35,350,0.064,0
LEND_04463,-58.3652,-4.6742,4.57,0.018,0.1,100,0.027,0
LEND_04464,28.073,112.7456,4.31,0.073,0.27,270,0.086,0
LEND_04465,-16.6398,163.6696,4.77,0.0,0.19,190,0.035,0
LEND_04466,-58.7184,153.2839,4.54,0.024,0.3,300,0.067,0
LEND_04467,-54.6021,147.3354,4.45,0.043,0.17,170,0.052,0
LEND_04468,71.8837,4.3812,4.56,0.02,0.14,140,0.035,0
LEND_04469,60.7362,-50.3488,4.71,0.0,0.11,110,0.02,0
LEND_04470,65.1267,-12.5873,4.36,0.063,0.31,310,0.088,0
LEND_04471,78.6452,68.3626,4.48,0.037,0.27,270,0.067,0
LEND_04472,-46.6695,138.2392,4.46,0.041,0.07,70,0.033,0
LEND_04473,-23.1297,-105.4849,4.72,0.0,0.26,260,0.047,0
LEND_04474,27.075,150.5495,4.69,0.0,0.06,60,0.011,0
LEND_04475,-2.5916,113.4649,4.5,0.032,0.1,100,0.034,0
LEND_04476,-13.0577,172.3882,4.63,0.004,0.23,230,0.044,0
LEND_04477,-22.7502,136.8906,4.5,0.033,0.19,190,0.051,0
LEND_04478,15.0049,-79.2226,4.59,0.014,0.3,300,0.061,0
LEND_04479,12.0949,-141.8559,4.8,0.0,0.23,230,0.042,0
LEND_04480,-54.1667,-139.5932,4.57,0.018,0.34,340,0.071,0
LEND_04481,-4.5216,-75.1596,4.79,0.0,0.31,310,0.056,0
LEND_04482,8.5555,41.1061,4.67,0.0,0.15,150,0.027,0
LEND_04483,11.2459,109.5553,4.36,0.062,0.3,300,0.086,0
LEND_04484,-46.3828,143.7301,4.7,0.0,0.31,310,0.056,0
LEND_04485,38.7634,44.5512,4.38,0.058,0.34,340,0.091,0
LEND_04486,-75.9681,-177.9727,4.57,0.018,0.05,50,0.018,0
LEND_04487,-23.2269,-112.926,4.61,0.009,0.31,310,0.061,0
LEND_04488,44.834,-144.0986,4.75,0.0,0.07,70,0.013,0
LEND_04489,10.2229,-49.2032,4.41,0.053,0.21,210,0.065,0
LEND_04490,-38.214,0.4864,4.74,0.0,0.17,170,0.031,0
LEND_04491,31.1925,-164.377,4.77,0.0,0.33,330,0.06,0
LEND_04492,10.7826,-54.5479,4.34,0.066,0.17,170,0.064,0
LEND_04493,47.399,-115.4953,4.74,0.0,0.23,230,0.042,0
LEND_04494,37.604,52.9453,4.43,0.047,0.26,260,0.071,0
LEND_04495,17.6173,-12.8619,4.34,0.067,0.06,60,0.044,0
LEND_04496,-1.8916,-1.6856,4.78,0.0,0.23,230,0.042,0
LEND_04497,-58.6909,-26.031,4.5,0.033,0.21,210,0.055,0
LEND_04498,-38.1867,164.1671,4.61,0.008,0.23,230,0.046,0
LEND_04499,-12.9441,-102.6954,4.58,0.016,0.07,70,0.021,0
LEND_04500,15.8879,5.9991,4.41,0.052,0.07,70,0.039,0
LEND_04501,2.1933,84.9663,4.63,0.003,0.1,100,0.02,0
LEND_04502,-33.8905,20.464,4.32,0.07,0.31,310,0.092,0
LEND_04503,-78.9657,154.4475,4.4,0.053,0.16,160,0.056,0
LEND_04504,-0.6017,-43.9314,4.77,0.0,0.18,180,0.033,0
LEND_04505,-34.2998,-13.0767,4.78,0.0,0.17,170,0.031,0
LEND_04506,37.5373,-148.132,4.54,0.023,0.26,260,0.059,0
LEND_04507,-76.1686,39.2397,4.38,0.057,0.13,130,0.052,0
LEND_04508,13.5724,-76.2437,4.51,0.03,0.07,70,0.028,0
LEND_04509,70.6359,-122.2887,4.74,0.0,0.16,160,0.029,0
LEND_04510,-52.0945,16.0313,4.34,0.068,0.27,270,0.083,0
LEND_04511,-4.5361,11.6317,4.36,0.062,0.32,320,0.089,0
LEND_04512,-65.3725,-152.6862,4.75,0.0,0.07,70,0.013,0
LEND_04513,20.1091,71.3576,4.51,0.031,0.29,290,0.068,0
LEND_04514,8.0851,44.558,4.34,0.066,0.07,70,0.046,0
LEND_04515,-14.8215,-111.9538,4.37,0.06,0.15,150,0.057,0
LEND_04516,3.4203,-11.0034,4.74,0.0,0.06,60,0.011,0
LEND_04517,63.4519,79.3162,4.55,0.023,0.32,320,0.069,0
LEND_04518,-48.5929,10.5969,4.38,0.058,0.26,260,0.076,0
LEND_04519,-76.3897,-37.6239,4.75,0.0,0.16,160,0.029,0
LEND_04520,57.8664,-63.9582,4.72,0.0,0.16,160,0.029,0
LEND_04521,12.3387,39.7418,4.31,0.073,0.24,240,0.08,0
LEND_04522,62.5054,158.0791,4.59,0.013,0.08,80,0.021,0
LEND_04523,15.5112,61.8281,4.42,0.049,0.09,90,0.041,0
LEND_04524,49.6258,-153.0915,4.57,0.018,0.3,300,0.064,0
LEND_04525,-11.2523,-14.1534,4.44,0.045,0.11,110,0.043,0
LEND_04526,39.9776,140.6967,4.46,0.041,0.27,270,0.07,0
LEND_04527,66.0866,-145.9935,4.6,0.011,0.12,120,0.027,0
LEND_04528,11.5397,175.9953,4.57,0.017,0.08,80,0.023,0
LEND_04529,-51.0744,161.665,4.5,0.033,0.32,320,0.075,0
LEND_04530,-36.9924,-151.8212,4.35,0.064,0.32,320,0.09,0
LEND_04531,-48.2169,156.0288,4.78,0.0,0.23,230,0.042,0
LEND_04532,-40.5029,-49.2723,4.39,0.056,0.19,190,0.063,0
LEND_04533,-30.9735,124.0953,4.62,0.007,0.22,220,0.044,0
LEND_04534,8.8214,-29.382,4.34,0.066,0.17,170,0.064,0
LEND_04535,14.0787,-21.2922,4.64,0.001,0.28,280,0.052,0
LEND_04536,-11.76,48.3275,4.35,0.065,0.28,280,0.083,0
LEND_04537,18.4673,98.8119,4.41,0.051,0.3,300,0.08,0
LEND_04538,-66.948,-167.8359,4.62,0.006,0.21,210,0.041,0
LEND_04539,-65.9539,33.5362,4.44,0.045,0.29,290,0.075,0
LEND_04540,-52.5073,-112.7761,4.57,0.018,0.1,100,0.027,0
LEND_04541,2.8924,-55.4582,4.36,0.062,0.06,60,0.042,0
LEND_04542,-45.7609,-54.7313,4.4,0.054,0.24,240,0.07,0
LEND_04543,-34.6745,-11.1383,4.67,0.0,0.08,80,0.015,0
LEND_04544,-15.9499,-59.7109,4.32,0.071,0.22,220,0.076,0
LEND_04545,49.8986,-141.35,4.36,0.063,0.27,270,0.081,0
LEND_04546,-77.7821,-127.5737,4.41,0.052,0.17,170,0.057,0
LEND_04547,23.9006,-167.9623,4.31,0.073,0.06,60,0.047,0
LEND_04548,27.0202,-10.7103,4.35,0.065,0.32,320,0.091,0
LEND_04549,47.7849,163.6012,4.44,0.045,0.06,60,0.033,0
LEND_04550,69.2405,-138.3569,4.35,0.065,0.32,320,0.091,0
LEND_04551,-76.7779,160.6552,4.73,0.0,0.07,70,0.013,0
LEND_04552,-55.3946,84.0101,4.33,0.068,0.27,270,0.083,0
LEND_04553,61.7874,49.4996,4.73,0.0,0.33,330,0.06,0
LEND_04554,-6.637,52.3,4.71,0.0,0.32,320,0.058,0
LEND_04555,10.3345,117.622,4.35,0.064,0.32,320,0.09,0
LEND_04556,26.0844,-141.5088,4.31,0.073,0.31,310,0.093,0
LEND_04557,28.6507,1.7116,4.32,0.07,0.2,200,0.071,0
LEND_04558,69.0785,70.9528,4.6,0.012,0.22,220,0.046,0
LEND_04559,79.5119,31.2554,4.64,0.003,0.24,240,0.045,0
LEND_04560,35.2252,119.8005,4.61,0.009,0.32,320,0.062,0
LEND_04561,-34.0446,-153.9822,4.57,0.017,0.3,300,0.063,0
LEND_04562,60.7604,68.6524,4.39,0.056,0.28,280,0.079,0
LEND_04563,-72.1247,12.25,4.72,0.0,0.25,250,0.045,0
LEND_04564,-43.0271,-43.5021,4.46,0.04,0.24,240,0.064,0
LEND_04565,63.5817,-57.501,4.79,0.0,0.33,330,0.06,0
LEND_04566,-39.0094,43.4997,4.49,0.034,0.11,110,0.037,0
LEND_04567,-44.6958,140.7583,4.43,0.047,0.11,110,0.043,0
LEND_04568,-57.9,-1.3767,4.75,0.0,0.34,340,0.062,0
LEND_04569,57.4579,116.9003,4.58,0.014,0.22,220,0.047,0
LEND_04570,0.0093,-35.2237,4.66,0.0,0.2,200,0.036,0
LEND_04571,27.9829,-143.138,4.5,0.031,0.31,310,0.072,0
LEND_04572,-41.7494,-157.8579,4.74,0.0,0.3,300,0.055,0
LEND_04573,41.2865,-161.5196,4.76,0.0,0.1,100,0.018,0
LEND_04574,41.6009,-43.1459,4.52,0.028,0.1,100,0.032,0
LEND_04575,-29.9843,-58.5944,4.42,0.049,0.29,290,0.077,0
LEND_04576,-14.2908,78.4573,4.62,0.006,0.29,290,0.056,0
LEND_04577,-46.4496,87.4157,4.78,0.0,0.12,120,0.022,0
LEND_04578,76.2498,-161.6926,4.61,0.008,0.3,300,0.059,0
LEND_04579,23.2964,-100.3956,4.78,0.0,0.19,190,0.035,0
LEND_04580,69.527,-81.2657,4.47,0.038,0.19,190,0.054,0
LEND_04581,-31.4583,17.1403,4.76,0.0,0.35,350,0.064,0
LEND_04582,45.1025,-127.9745,4.36,0.063,0.21,210,0.07,0
LEND_04583,42.5374,-131.7812,4.48,0.037,0.09,90,0.035,0
LEND_04584,30.6649,159.764,4.55,0.022,0.13,130,0.035,0
LEND_04585,74.5022,109.513,4.63,0.005,0.15,150,0.03,0
LEND_04586,-17.0311,-114.9642,4.45,0.044,0.34,340,0.084,0
LEND_04587,-59.0852,-33.6356,4.76,0.0,0.13,130,0.024,0
LEND_04588,27.4734,-51.9761,4.75,0.0,0.18,180,0.033,0
LEND_04589,36.6896,104.7615,4.7,0.0,0.27,270,0.049,0
LEND_04590,12.0097,3.6766,4.36,0.063,0.13,130,0.055,0
LEND_04591,-46.9091,-133.9741,4.34,0.067,0.26,260,0.081,0
LEND_04592,0.713,86.0371,4.55,0.022,0.11,110,0.031,0
LEND_04593,-30.0496,-37.1203,4.68,0.0,0.12,120,0.022,0
LEND_04594,-11.6054,-85.3473,4.36,0.062,0.35,350,0.095,0
LEND_04595,23.235,-44.8205,4.62,0.006,0.16,160,0.032,0
LEND_04596,39.2344,-0.8076,4.56,0.019,0.27,270,0.058,0
LEND_04597,-42.844,-56.4784,4.66,0.0,0.3,300,0.055,0
LEND_04598,-15.1479,-92.9139,4.52,0.028,0.15,150,0.041,0
LEND_04599,-36.9341,-36.5393,4.65,0.001,0.16,160,0.029,0
LEND_04600,-48.2189,-173.0978,4.38,0.058,0.28,280,0.08,0
LEND_04601,45.342,98.0992,4.41,0.052,0.23,230,0.068,0
LEND_04602,65.4804,-118.4598,4.75,0.0,0.16,160,0.029,0
LEND_04603,-20.7629,-164.1943,4.46,0.04,0.27,270,0.069,0
LEND_04604,40.2046,55.3315,4.79,0.0,0.31,310,0.056,0
LEND_04605,63.5192,98.617,4.32,0.07,0.12,120,0.057,0
LEND_04606,55.3799,112.9785,4.55,0.022,0.06,60,0.022,0
LEND_04607,-50.7499,-2.3367,4.46,0.04,0.13,130,0.044,0
LEND_04608,73.0067,-106.0675,4.8,0.0,0.25,250,0.045,0
LEND_04609,-19.7318,85.402,4.8,0.0,0.32,320,0.058,0
LEND_04610,-25.7215,71.8967,4.42,0.05,0.31,310,0.081,0
LEND_04611,-70.011,-91.3425,4.43,0.047,0.12,120,0.045,0
LEND_04612,-2.2122,145.2268,4.67,0.0,0.31,310,0.056,0
LEND_04613,-62.5578,-142.4263,4.74,0.0,0.29,290,0.053,0
LEND_04614,-40.2336,173.7678,4.63,0.004,0.27,270,0.051,0
LEND_04615,-29.2892,129.6892,4.73,0.0,0.26,260,0.047,0
LEND_04616,49.4122,67.6435,4.33,0.068,0.29,290,0.087,0
LEND_04617,60.0782,157.95,4.62,0.006,0.31,310,0.06,0
LEND_04618,-31.6054,80.032,4.65,0.0,0.3,300,0.055,0
LEND_04619,57.3917,-111.4355,4.4,0.055,0.09,90,0.044,0
LEND_04620,57.1569,-20.8238,4.69,0.0,0.27,270,0.049,0
LEND_04621,42.3442,-154.2589,4.77,0.0,0.3,300,0.055,0
LEND_04622,-56.5288,-39.7233,4.75,0.0,0.11,110,0.02,0
LEND_04623,30.4517,86.9771,4.42,0.049,0.11,110,0.044,0
LEND_04624,71.2039,-40.8804,4.46,0.04,0.29,290,0.073,0
LEND_04625,29.2065,-61.0941,4.55,0.022,0.15,150,0.038,0
LEND_04626,-26.9413,34.3281,4.38,0.058,0.17,170,0.06,0
LEND_04627,0.0927,133.9936,4.78,0.0,0.16,160,0.029,0
LEND_04628,23.316,-162.8701,4.38,0.058,0.11,110,0.049,0
LEND_04629,1.6913,-41.2306,4.68,0.0,0.33,330,0.06,0
LEND_04630,-60.8075,-123.0333,4.47,0.039,0.29,290,0.072,0
LEND_04631,-30.0698,70.3275,4.59,0.014,0.13,130,0.03,0
LEND_04632,48.3834,-141.9392,4.32,0.07,0.08,80,0.05,0
LEND_04633,57.8269,59.3308,4.4,0.053,0.16,160,0.056,0
LEND_04634,-58.032,-76.9749,4.52,0.027,0.17,170,0.045,0
LEND_04635,72.3819,-108.3899,4.64,0.002,0.05,50,0.01,0
LEND_04636,-27.3884,157.0869,4.69,0.0,0.32,320,0.058,0
LEND_04637,25.9702,-173.3312,4.32,0.072,0.31,310,0.092,0
LEND_04638,40.292,-22.4002,4.38,0.059,0.31,310,0.086,0
LEND_04639,49.9114,-172.2143,4.66,0.0,0.29,290,0.053,0
LEND_04640,71.32,-5.9065,4.71,0.0,0.27,270,0.049,0
LEND_04641,-29.9329,0.3771,4.42,0.05,0.24,240,0.069,0
LEND_04642,57.361,-64.2015,4.41,0.051,0.34,340,0.087,0
LEND_04643,-58.9301,-132.4218,4.34,0.066,0.26,260,0.08,0
LEND_04644,32.8065,-44.5005,4.38,0.059,0.24,240,0.073,0
LEND_04645,38.7164,62.0147,4.3,0.074,0.29,290,0.09,0
LEND_04646,28.4357,101.6625,4.59,0.012,0.12,120,0.028,0
LEND_04647,-39.6296,11.0702,4.75,0.0,0.34,340,0.062,0
LEND_04648,59.6869,32.3404,4.37,0.059,0.06,60,0.041,0
LEND_04649,-52.9826,-107.7781,4.68,0.0,0.24,240,0.044,0
LEND_04650,-71.4184,-76.5611,4.59,0.014,0.07,70,0.02,0
LEND_04651,34.7944,-121.7176,4.77,0.0,0.31,310,0.056,0
LEND_04652,-3.9239,-90.2537,4.7,0.0,0.34,340,0.062,0
LEND_04653,55.8557,-99.0408,4.73,0.0,0.17,170,0.031,0
LEND_04654,-18.6565,7.0016,4.62,0.007,0.31,310,0.06,0
LEND_04655,-53.0754,22.568,4.71,0.0,0.15,150,0.027,0
LEND_04656,53.8308,160.1811,4.48,0.038,0.1,100,0.037,0
LEND_04657,7.8255,-109.5946,4.4,0.053,0.13,130,0.05,0
LEND_04658,-49.7287,51.0033,4.76,0.0,0.14,140,0.025,0
LEND_04659,35.2614,114.2133,4.67,0.0,0.24,240,0.044,0
LEND_04660,1.7782,21.6869,4.35,0.066,0.29,290,0.085,0
LEND_04661,16.6901,-88.1987,4.73,0.0,0.11,110,0.02,0
LEND_04662,-6.2563,-85.4819,4.47,0.038,0.08,80,0.033,0
LEND_04663,52.5934,-165.8689,4.45,0.043,0.12,120,0.043,0
LEND_04664,52.73,-70.0401,4.61,0.008,0.14,140,0.03,0
LEND_04665,33.5022,88.0573,4.58,0.014,0.13,130,0.031,0
LEND_04666,-63.1358,-162.8936,4.57,0.017,0.12,120,0.031,0
LEND_04667,54.2166,-101.0537,4.43,0.048,0.19,190,0.058,0
LEND_04668,27.3621,74.2437,4.78,0.0,0.31,310,0.056,0
LEND_04669,31.5239,101.7546,4.78,0.0,0.08,80,0.015,0
LEND_04670,-21.9227,-16.0854,4.3,0.075,0.31,310,0.094,0
LEND_04671,60.6847,71.3068,4.47,0.039,0.2,200,0.056,0
LEND_04672,36.0595,-40.3372,4.32,0.07,0.25,250,0.081,0
LEND_04673,-61.9855,-122.4312,4.73,0.0,0.29,290,0.053,0
LEND_04674,-14.7555,-36.6662,4.74,0.0,0.14,140,0.025,0
LEND_04675,61.8209,28.7884,4.56,0.02,0.34,340,0.072,0
LEND_04676,-72.4485,161.2992,4.72,0.0,0.08,80,0.015,0
LEND_04677,73.8267,-155.2497,4.65,0.0,0.21,210,0.038,0
LEND_04678,28.666,2.6619,4.55,0.022,0.13,130,0.034,0
LEND_04679,21.0202,-61.5889,4.48,0.036,0.17,170,0.049,0
LEND_04680,-36.7105,2.9922,4.43,0.047,0.18,180,0.056,0
LEND_04681,-40.1933,-171.3688,4.43,0.047,0.32,320,0.082,0
LEND_04682,70.7293,-67.3109,4.58,0.015,0.18,180,0.04,0
LEND_04683,-32.2764,115.1525,4.38,0.057,0.26,260,0.076,0
LEND_04684,44.0808,19.419,4.39,0.056,0.34,340,0.09,0
LEND_04685,-17.1005,-17.7903,4.31,0.074,0.2,200,0.073,0
LEND_04686,-57.7193,-77.211,4.61,0.009,0.17,170,0.036,0
LEND_04687,-78.2856,-72.7047,4.8,0.0,0.34,340,0.062,0
LEND_04688,7.0812,-42.0835,4.74,0.0,0.3,300,0.055,0
LEND_04689,76.1246,120.8055,4.65,0.0,0.33,330,0.06,0
LEND_04690,-20.9382,168.1968,4.69,0.0,0.17,170,0.031,0
LEND_04691,-22.8492,-22.0841,4.51,0.03,0.26,260,0.062,0
LEND_04692,-24.9453,-38.393,4.45,0.043,0.12,120,0.043,0
LEND_04693,3.287,124.7583,4.48,0.036,0.31,310,0.074,0
LEND_04694,-9.4936,-26.3141,4.34,0.067,0.33,330,0.093,0
LEND_04695,60.7863,18.7265,4.62,0.007,0.13,130,0.027,0
LEND_04696,0.8833,-96.861,4.39,0.056,0.08,80,0.043,0
LEND_04697,1.2413,87.6609,4.68,0.0,0.11,110,0.02,0
LEND_04698,-57.8605,11.5158,4.39,0.055,0.24,240,0.071,0
LEND_04699,77.2383,111.2524,4.41,0.051,0.13,130,0.049,0
LEND_04700,-40.0043,101.0638,4.78,0.0,0.24,240,0.044,0
LEND_04701,-68.2617,-102.5983,4.35,0.064,0.16,160,0.061,0
LEND_04702,26.1034,77.6288,4.55,0.022,0.33,330,0.071,0
LEND_04703,15.2586,108.0196,4.33,0.069,0.19,190,0.069,0
LEND_04704,-13.5767,-55.4014,4.35,0.066,0.2,200,0.069,0
LEND_04705,-12.4492,-117.8607,4.62,0.007,0.15,150,0.031,0
LEND_04706,45.6102,-179.0524,4.62,0.007,0.07,70,0.016,0
LEND_04707,-48.686,-17.6747,4.4,0.055,0.2,200,0.064,0
LEND_04708,51.2405,-53.1242,4.74,0.0,0.28,280,0.051,0
LEND_04709,23.7995,19.7675,4.65,0.0,0.34,340,0.062,0
LEND_04710,-12.9648,-112.3052,4.45,0.043,0.07,70,0.034,0
LEND_04711,-6.7154,129.4796,4.42,0.049,0.29,290,0.077,0
LEND_04712,-38.9364,-87.2081,4.68,0.0,0.13,130,0.024,0
LEND_04713,40.3383,-98.4853,4.67,0.0,0.3,300,0.055,0
LEND_04714,2.06,-6.9429,4.37,0.059,0.15,150,0.057,0
LEND_04715,-28.6633,-0.4136,4.47,0.038,0.08,80,0.033,0
LEND_04716,15.368,-102.5693,4.41,0.052,0.23,230,0.068,0
LEND_04717,79.3175,-82.1301,4.45,0.044,0.32,320,0.08,0
LEND_04718,-10.358,-118.9061,4.44,0.044,0.1,100,0.04,0
LEND_04719,67.3106,78.6457,4.79,0.0,0.06,60,0.011,0
LEND_04720,-24.7973,97.2321,4.68,0.0,0.32,320,0.058,0
LEND_04721,-71.2428,-13.5617,4.69,0.0,0.26,260,0.047,0
LEND_04722,-47.3213,77.0713,4.44,0.045,0.29,290,0.075,0
LEND_04723,-13.0088,84.9367,4.3,0.075,0.07,70,0.05,0
LEND_04724,-44.8584,-130.2208,4.33,0.069,0.32,320,0.093,0
LEND_04725,-79.9637,167.8241,4.58,0.016,0.18,180,0.041,0
LEND_04726,66.4002,115.5715,4.44,0.045,0.32,320,0.08,0
LEND_04727,55.0207,-106.386,4.4,0.055,0.07,70,0.04,0
LEND_04728,38.7668,-112.9806,4.32,0.07,0.32,320,0.093,0
LEND_04729,-53.1497,-134.762,4.74,0.0,0.25,250,0.045,0
LEND_04730,-60.7418,-130.1837,4.6,0.011,0.22,220,0.045,0
LEND_04731,-69.1832,89.3382,4.35,0.064,0.07,70,0.045,0
LEND_04732,35.8447,-10.9245,4.68,0.0,0.26,260,0.047,0
LEND_04733,68.6093,101.8563,4.68,0.0,0.23,230,0.042,0
LEND_04734,-11.1143,88.6518,4.44,0.044,0.27,270,0.071,0
LEND_04735,-60.9375,37.6606,4.39,0.055,0.27,270,0.077,0
LEND_04736,1.9829,67.092,4.71,0.0,0.18,180,0.033,0
LEND_04737,-24.1869,-173.3919,4.46,0.04,0.11,110,0.04,0
LEND_04738,-20.028,-67.76,4.72,0.0,0.33,330,0.06,0
LEND_04739,19.4129,49.616,4.32,0.071,0.33,330,0.095,0
LEND_04740,34.9949,-176.6358,4.55,0.022,0.11,110,0.031,0
LEND_04741,-62.3034,-168.1283,4.39,0.056,0.24,240,0.072,0
LEND_04742,-74.3056,126.6797,4.64,0.003,0.11,110,0.022,0
LEND_04743,79.0928,66.249,4.8,0.0,0.31,310,0.056,0
LEND_04744,-42.7635,-84.4669,4.51,0.031,0.08,80,0.03,0
LEND_04745,-71.3871,67.6666,4.35,0.064,0.35,350,0.096,0
LEND_04746,-49.6199,105.2844,4.46,0.041,0.23,230,0.062,0
LEND_04747,-73.7667,-69.5541,4.75,0.0,0.06,60,0.011,0
LEND_04748,-17.3103,-167.0265,4.68,0.0,0.31,310,0.056,0
LEND_04749,48.3843,155.8005,4.42,0.05,0.26,260,0.072,0
LEND_04750,-25.4009,-55.7353,4.78,0.0,0.26,260,0.047,0
LEND_04751,-8.9307,-141.6666,4.61,0.008,0.13,130,0.028,0
LEND_04752,28.0939,-2.9315,4.38,0.057,0.15,150,0.056,0
LEND_04753,1.4231,96.6484,4.59,0.014,0.32,320,0.065,0
LEND_04754,57.8313,-100.207,4.53,0.027,0.24,240,0.057,0
LEND_04755,58.5657,-82.9836,4.71,0.0,0.06,60,0.011,0
LEND_04756,-78.4143,-92.6226,4.47,0.038,0.15,150,0.046,0
LEND_04757,44.4874,177.0023,4.74,0.0,0.23,230,0.042,0
LEND_04758,-6.2826,-108.9347,4.71,0.0,0.09,90,0.016,0
LEND_04759,78.2145,27.1873,4.64,0.003,0.08,80,0.016,0
LEND_04760,-2.6829,153.0953,4.43,0.047,0.07,70,0.036,0
LEND_04761,77.9034,-127.1172,4.79,0.0,0.24,240,0.044,0
LEND_04762,40.7311,169.5075,4.57,0.016,0.15,150,0.035,0
LEND_04763,-40.2232,161.0918,4.75,0.0,0.16,160,0.029,0
LEND_04764,6.1432,138.4459,4.41,0.052,0.07,70,0.039,0
LEND_04765,78.7417,-102.7597,4.79,0.0,0.27,270,0.049,0
LEND_04766,57.2049,48.2598,4.71,0.0,0.28,280,0.051,0
LEND_04767,-64.4213,93.9209,4.77,0.0,0.3,300,0.055,0
LEND_04768,33.0195,174.9701,4.41,0.052,0.25,250,0.072,0
LEND_04769,-24.7073,-115.0474,4.52,0.029,0.28,280,0.065,0
LEND_04770,-78.8828,95.7693,4.35,0.065,0.22,220,0.072,0
LEND_04771,-15.443,-58.0316,4.37,0.061,0.2,200,0.067,0
LEND_04772,-42.4393,-116.7745,4.44,0.045,0.13,130,0.046,0
LEND_04773,51.0191,-28.3043,4.78,0.0,0.07,70,0.013,0
LEND_04774,-26.0271,105.7809,4.63,0.004,0.14,140,0.027,0
LEND_04775,52.4038,-12.6541,4.46,0.041,0.26,260,0.068,0
LEND_04776,-79.9043,13.5083,4.78,0.0,0.33,330,0.06,0
LEND_04777,-30.7489,178.2574,4.67,0.0,0.13,130,0.024,0
LEND_04778,-41.4136,-36.3207,4.75,0.0,0.25,250,0.045,0
LEND_04779,-42.6292,41.5443,4.76,0.0,0.19,190,0.035,0
LEND_04780,-69.0901,-48.5121,4.68,0.0,0.24,240,0.044,0
LEND_04781,-50.0601,-38.5972,4.42,0.049,0.05,50,0.034,0
LEND_04782,8.8879,70.4307,4.8,0.0,0.09,90,0.016,0
LEND_04783,-33.3822,157.6393,4.46,0.04,0.12,120,0.042,0
LEND_04784,-13.2168,15.2492,4.64,0.003,0.32,320,0.06,0
LEND_04785,-19.7013,96.624,4.72,0.0,0.06,60,0.011,0
LEND_04786,60.1448,-147.8856,4.39,0.056,0.22,220,0.068,0
LEND_04787,64.8478,-103.9831,4.6,0.01,0.33,330,0.065,0
LEND_04788,-1.1269,0.7674,4.49,0.035,0.25,250,0.063,0
LEND_04789,-27.175,-172.7958,4.42,0.049,0.2,200,0.061,0
LEND_04790,-62.9119,-88.9722,4.31,0.074,0.17,170,0.068,0
LEND_04791,72.5445,6.2645,4.74,0.0,0.24,240,0.044,0
LEND_04792,-70.3637,-174.614,4.37,0.061,0.19,190,0.065,0
LEND_04793,-32.376,-84.7633,4.74,0.0,0.26,260,0.047,0
LEND_04794,-32.3094,5.0511,4.6,0.011,0.24,240,0.049,0
LEND_04795,-28.7358,26.3337,4.61,0.008,0.22,220,0.044,0
LEND_04796,-53.7141,153.2706,4.71,0.0,0.34,340,0.062,0
LEND_04797,45.3058,52.3244,4.55,0.02,0.3,300,0.065,0
LEND_04798,-60.4003,-30.6951,4.48,0.037,0.23,230,0.06,0
LEND_04799,21.5851,154.9264,4.37,0.06,0.21,210,0.068,0
LEND_04800,-60.1846,102.5579,4.59,0.014,0.27,270,0.056,0
LEND_04801,-68.7143,-107.9968,4.58,0.016,0.29,290,0.061,0
LEND_04802,65.5087,-132.8967,4.45,0.044,0.14,140,0.047,0
LEND_04803,-49.5794,63.2922,4.6,0.011,0.25,250,0.051,0
LEND_04804,51.4,21.5579,4.52,0.028,0.09,90,0.03,0
LEND_04805,7.1409,104.2825,4.7,0.0,0.18,180,0.033,0
LEND_04806,-67.543,85.9698,4.58,0.015,0.33,330,0.068,0
LEND_04807,72.8717,45.0762,4.77,0.0,0.15,150,0.027,0
LEND_04808,-40.4862,175.0976,4.56,0.02,0.1,100,0.028,0
LEND_04809,57.5433,12.0923,4.74,0.0,0.09,90,0.016,0
LEND_04810,-52.9904,-139.2819,4.56,0.019,0.17,170,0.041,0
LEND_04811,56.6309,118.1785,4.58,0.015,0.12,120,0.029,0
LEND_04812,-77.8834,-89.3328,4.48,0.036,0.18,180,0.051,0
LEND_04813,1.8849,99.8288,4.5,0.032,0.27,270,0.065,0
LEND_04814,43.1108,164.5586,4.77,0.0,0.32,320,0.058,0
LEND_04815,69.5673,70.8464,4.41,0.051,0.08,80,0.04,0
LEND_04816,65.4723,34.5709,4.36,0.062,0.28,280,0.082,0
LEND_04817,51.14,-14.261,4.72,0.0,0.08,80,0.015,0
LEND_04818,62.1106,-48.8124,4.59,0.013,0.16,160,0.036,0
LEND_04819,-48.1249,-52.9183,4.44,0.045,0.35,350,0.086,0
LEND_04820,-34.5305,49.0942,4.52,0.029,0.07,70,0.027,0
LEND_04821,-33.765,90.4583,4.56,0.019,0.06,60,0.02,0
LEND_04822,-19.6714,64.2661,4.6,0.012,0.15,150,0.033,0
LEND_04823,-17.0687,-108.5724,4.71,0.0,0.34,340,0.062,0
LEND_04824,7.1289,-2.1646,4.5,0.033,0.06,60,0.027,0
LEND_04825,-54.4192,104.9904,4.64,0.003,0.12,120,0.023,0
LEND_04826,30.5995,-8.7465,4.72,0.0,0.23,230,0.042,0
LEND_04827,-53.1894,13.1844,4.72,0.0,0.12,120,0.022,0
LEND_04828,-30.3506,97.609,4.43,0.048,0.07,70,0.037,0
LEND_04829,0.5352,58.0555,4.48,0.038,0.07,70,0.032,0
LEND_04830,47.4305,-32.6358,4.6,0.011,0.22,220,0.046,0
LEND_04831,38.3151,142.3486,4.74,0.0,0.22,220,0.04,0
LEND_04832,23.2855,-121.4759,4.7,0.0,0.26,260,0.047,0
LEND_04833,-55.0763,178.3859,4.59,0.012,0.09,90,0.023,0
LEND_04834,7.5273,-137.2131,4.79,0.0,0.2,200,0.036,0
LEND_04835,-66.0086,-174.618,4.52,0.028,0.23,230,0.056,0
LEND_04836,-19.6219,140.4068,4.72,0.0,0.12,120,0.022,0
LEND_04837,-13.8374,-91.8167,4.71,0.0,0.21,210,0.038,0
LEND_04838,-73.6302,82.6919,4.75,0.0,0.26,260,0.047,0
LEND_04839,-36.1619,111.9655,4.79,0.0,0.35,350,0.064,0
LEND_04840,72.9039,129.2351,4.55,0.022,0.23,230,0.053,0
LEND_04841,72.5812,176.9739,4.4,0.054,0.31,310,0.083,0
LEND_04842,-23.6277,-74.1457,4.53,0.026,0.3,300,0.067,0
LEND_04843,-73.104,75.6876,4.73,0.0,0.33,330,0.06,0
LEND_04844,-51.3448,-138.4561,4.72,0.0,0.27,270,0.049,0
LEND_04845,-17.2452,-33.5487,4.47,0.039,0.11,110,0.04,0
LEND_04846,71.6448,125.2698,4.32,0.07,0.14,140,0.061,0
LEND_04847,-57.4081,-47.6431,4.55,0.02,0.29,290,0.063,0
LEND_04848,42.1625,32.7943,4.54,0.024,0.21,210,0.05,0
LEND_04849,-62.6108,1.3584,4.34,0.066,0.13,130,0.057,0
LEND_04850,77.0012,52.5426,4.7,0.0,0.25,250,0.045,0
LEND_04851,-18.9414,170.242,4.44,0.045,0.32,320,0.081,0
LEND_04852,44.0375,-159.9352,4.62,0.006,0.16,160,0.032,0
LEND_04853,-25.1854,26.6261,4.35,0.064,0.23,230,0.074,0
LEND_04854,20.427,130.6904,4.73,0.0,0.22,220,0.04,0
LEND_04855,-49.2774,-6.7022,4.67,0.0,0.09,90,0.016,0
LEND_04856,-56.6366,-151.7302,4.49,0.034,0.08,80,0.031,0
LEND_04857,70.0903,21.7942,4.61,0.008,0.32,320,0.062,0
LEND_04858,66.8236,-60.4534,4.39,0.055,0.33,330,0.088,0
LEND_04859,61.995,-124.221,4.79,0.0,0.32,320,0.058,0
LEND_04860,20.0694,125.6524,4.7,0.0,0.17,170,0.031,0
LEND_04861,49.3229,7.7758,4.69,0.0,0.14,140,0.025,0
LEND_04862,-68.9541,155.9795,4.38,0.059,0.33,330,0.089,0
LEND_04863,-26.4338,110.1659,4.31,0.073,0.31,310,0.093,0
LEND_04864,-29.8075,69.4698,4.59,0.012,0.3,300,0.061,0
LEND_04865,21.7033,-178.1908,4.37,0.06,0.15,150,0.057,0
LEND_04866,-23.0468,-25.9836,4.69,0.0,0.24,240,0.044,0
LEND_04867,-56.2389,-108.9049,4.51,0.031,0.28,280,0.066,0
LEND_04868,15.4347,147.8872,4.47,0.039,0.22,220,0.059,0
LEND_04869,50.3014,-117.1498,4.34,0.067,0.23,230,0.075,0
LEND_04870,-18.8602,-77.0184,4.8,0.0,0.28,280,0.051,0
LEND_04871,-58.837,6.0612,4.78,0.0,0.28,280,0.051,0
LEND_04872,-48.5299,-85.1891,4.37,0.061,0.12,120,0.052,0
LEND_04873,-42.0027,-104.4487,4.47,0.039,0.17,170,0.051,0
LEND_04874,-32.0164,35.6758,4.5,0.033,0.28,280,0.068,0
LEND_04875,22.8472,-147.9854,4.45,0.043,0.13,130,0.045,0
LEND_04876,16.1513,-159.0596,4.77,0.0,0.32,320,0.058,0
LEND_04877,31.3728,-45.9917,4.66,0.0,0.3,300,0.055,0
LEND_04878,-21.9997,79.4392,4.78,0.0,0.32,320,0.058,0
LEND_04879,51.8396,19.7304,4.74,0.0,0.14,140,0.025,0
LEND_04880,-47.346,-27.7645,4.68,0.0,0.08,80,0.015,0
LEND_04881,-4.9535,23.6706,4.65,0.0,0.08,80,0.015,0
LEND_04882,48.1502,-48.4375,4.73,0.0,0.22,220,0.04,0
LEND_04883,-51.1746,157.0127,4.64,0.002,0.14,140,0.026,0
LEND_04884,-62.4219,-160.2342,4.39,0.055,0.13,130,0.051,0
LEND_04885,61.3894,62.4209,4.62,0.006,0.12,120,0.025,0
LEND_04886,-25.1313,140.8618,4.56,0.02,0.22,220,0.05,0
LEND_04887,29.4192,109.3985,4.79,0.0,0.21,210,0.038,0
LEND_04888,-75.9442,-113.7452,4.55,0.02,0.18,180,0.043,0
LEND_04889,30.4075,-73.4665,4.32,0.071,0.09,90,0.052,0
LEND_04890,-29.4238,78.1373,4.43,0.047,0.33,330,0.083,0
LEND_04891,-71.0815,-149.6626,4.76,0.0,0.18,180,0.033,0
LEND_04892,17.57,112.2702,4.78,0.0,0.09,90,0.016,0
LEND_04893,-41.4714,78.8065,4.66,0.0,0.06,60,0.011,0
LEND_04894,-18.1108,82.6584,4.33,0.069,0.1,100,0.053,0
LEND_04895,-67.1071,-143.9131,4.31,0.073,0.14,140,0.062,0
LEND_04896,-56.4539,78.3938,4.54,0.024,0.24,240,0.055,0
LEND_04897,-32.3236,64.7345,4.8,0.0,0.34,340,0.062,0
LEND_04898,-65.6385,119.1321,4.73,0.0,0.13,130,0.024,0
LEND_04899,65.7322,-165.0255,4.77,0.0,0.29,290,0.053,0
LEND_04900,-79.0325,-171.6802,4.61,0.008,0.32,320,0.062,0
LEND_04901,-2.5824,-45.7174,4.73,0.0,0.17,170,0.031,0
LEND_04902,-60.2804,-126.4362,4.46,0.041,0.13,130,0.044,0
LEND_04903,-30.7713,21.0184,4.31,0.072,0.2,200,0.073,0
LEND_04904,68.1695,150.2456,4.76,0.0,0.32,320,0.058,0
LEND_04905,-54.1289,-39.0673,4.41,0.052,0.05,50,0.035,0
LEND_04906,74.5332,124.1821,4.66,0.0,0.2,200,0.036,0
LEND_04907,-47.0729,-179.9133,4.63,0.004,0.28,280,0.053,0
LEND_04908,38.6506,-119.3347,4.38,0.058,0.23,230,0.071,0
LEND_04909,7.4684,-169.0475,4.4,0.054,0.2,200,0.063,0
LEND_04910,61.5166,-61.867,4.46,0.04,0.22,220,0.06,0
LEND_04911,8.6389,146.9483,4.68,0.0,0.24,240,0.044,0
LEND_04912,5.5295,-145.0972,4.32,0.071,0.25,250,0.081,0
LEND_04913,-48.7267,38.3075,4.5,0.031,0.16,160,0.045,0
LEND_04914,-53.4033,-17.4615,4.63,0.004,0.21,210,0.04,0
LEND_04915,66.6383,157.8486,4.39,0.057,0.13,130,0.052,0
LEND_04916,-27.5459,-135.8931,4.36,0.062,0.35,350,0.095,0
LEND_04917,-20.4668,-103.67,4.5,0.033,0.11,110,0.037,0
LEND_04918,41.5718,-169.3649,4.44,0.044,0.1,100,0.04,0
LEND_04919,-25.7882,-23.7833,4.62,0.005,0.13,130,0.026,0
LEND_04920,72.33,-79.9802,4.78,0.0,0.33,330,0.06,0
LEND_04921,38.0684,133.1661,4.3,0.075,0.25,250,0.083,0
LEND_04922,15.5887,37.7787,4.75,0.0,0.19,190,0.035,0
LEND_04923,60.9432,41.0727,4.52,0.029,0.33,330,0.074,0
LEND_04924,-72.0631,11.4879,4.63,0.004,0.32,320,0.06,0
LEND_04925,-38.87,-146.9339,4.73,0.0,0.17,170,0.031,0
LEND_04926,-5.5942,-19.7933,4.59,0.014,0.22,220,0.047,0
LEND_04927,-43.6834,179.8219,4.35,0.065,0.32,320,0.091,0
LEND_04928,39.0248,120.6825,4.37,0.06,0.15,150,0.057,0
LEND_04929,67.0733,141.6453,4.69,0.0,0.17,170,0.031,0
LEND_04930,-12.1968,116.3615,4.41,0.051,0.29,290,0.078,0
LEND_04931,-25.2588,-142.905,4.58,0.014,0.26,260,0.054,0
LEND_04932,73.8481,-98.1186,4.51,0.029,0.06,60,0.026,0
LEND_04933,-8.8236,-178.8762,4.45,0.043,0.09,90,0.038,0
LEND_04934,-1.7523,-70.7364,4.69,0.0,0.3,300,0.055,0
LEND_04935,-23.736,-140.9013,4.67,0.0,0.06,60,0.011,0
LEND_04936,65.5278,-9.7944,4.62,0.006,0.33,330,0.063,0
LEND_04937,11.0329,63.7659,4.49,0.035,0.13,130,0.041,0
LEND_04938,41.9479,134.8219,4.41,0.051,0.23,230,0.067,0
LEND_04939,49.8891,89.7182,4.56,0.02,0.22,220,0.05,0
LEND_04940,-25.3042,157.8908,4.71,0.0,0.17,170,0.031,0
LEND_04941,-10.6089,-160.5966,4.59,0.013,0.06,60,0.018,0
LEND_04942,55.7555,-175.6153,4.79,0.0,0.11,110,0.02,0
LEND_04943,-21.8791,58.0817,4.31,0.074,0.23,230,0.079,0
LEND_04944,47.0296,-75.8331,4.8,0.0,0.18,180,0.033,0
LEND_04945,70.5588,-88.7396,4.65,0.001,0.17,170,0.031,0
LEND_04946,19.7137,-60.8806,4.72,0.0,0.08,80,0.015,0
LEND_04947,38.6604,-82.8734,4.47,0.039,0.15,150,0.047,0
LEND_04948,48.8156,4.1171,4.55,0.021,0.21,210,0.048,0
LEND_04949,55.2063,-21.5466,4.7,0.0,0.07,70,0.013,0
LEND_04950,-16.7915,4.4743,4.68,0.0,0.07,70,0.013,0
LEND_04951,-71.7978,62.1769,4.47,0.039,0.2,200,0.056,0
LEND_04952,-15.6998,-40.633,4.46,0.04,0.22,220,0.06,0
LEND_04953,27.801,-89.5292,4.63,0.004,0.13,130,0.026,0
LEND_04954,-7.9439,-120.1678,4.77,0.0,0.15,150,0.027,0
LEND_04955,39.8341,-54.1893,4.52,0.028,0.29,290,0.067,0
LEND_04956,-22.8828,87.0503,4.48,0.037,0.31,310,0.075,0
LEND_04957,21.5591,92.4138,4.75,0.0,0.15,150,0.027,0
LEND_04958,-50.1728,60.0859,4.64,0.002,0.16,160,0.03,0
LEND_04959,39.8991,-95.7499,4.49,0.034,0.3,300,0.071,0
LEND_04960,7.3114,31.711,4.33,0.069,0.34,340,0.096,0
LEND_04961,-47.3497,25.4483,4.66,0.0,0.15,150,0.027,0
LEND_04962,-33.2942,-5.6642,4.48,0.037,0.29,290,0.071,0
LEND_04963,39.7774,17.9924,4.34,0.068,0.19,190,0.068,0
LEND_04964,-2.7838,-2.9554,4.61,0.009,0.13,130,0.028,0
LEND_04965,-45.435,23.5643,4.46,0.041,0.25,250,0.066,0
LEND_04966,74.7634,77.5821,4.47,0.039,0.19,190,0.054,0
LEND_04967,34.42,-140.5339,4.54,0.024,0.13,130,0.036,0
LEND_04968,73.1416,89.8653,4.66,0.0,0.08,80,0.015,0
LEND_04969,-11.6632,-131.081,4.44,0.046,0.31,310,0.079,0
LEND_04970,-3.9839,-156.0139,4.34,0.067,0.31,310,0.09,0
LEND_04971,63.6728,171.3887,4.51,0.03,0.07,70,0.028,0
LEND_04972,4.0079,164.517,4.33,0.069,0.25,250,0.08,0
LEND_04973,33.1646,-158.2428,4.65,0.0,0.1,100,0.018,0
LEND_04974,-39.6523,-20.4288,4.78,0.0,0.24,240,0.044,0
LEND_04975,-8.5238,-112.9518,4.63,0.004,0.32,320,0.06,0
LEND_04976,-60.248,-5.2758,4.44,0.046,0.13,130,0.046,0
LEND_04977,-47.0432,118.8638,4.39,0.056,0.15,150,0.055,0
LEND_04978,-79.8491,162.2202,4.42,0.05,0.29,290,0.078,0
LEND_04979,-73.7176,48.331,4.41,0.051,0.27,270,0.075,0
LEND_04980,76.3654,-52.594,4.46,0.042,0.17,170,0.052,0
LEND_04981,-41.2234,37.1972,4.35,0.065,0.3,300,0.087,0
LEND_04982,26.1297,-67.6795,4.75,0.0,0.33,330,0.06,0
LEND_04983,54.256,147.5365,4.74,0.0,0.19,190,0.035,0
LEND_04984,8.1057,133.3442,4.61,0.009,0.06,60,0.015,0
LEND_04985,-55.4969,20.9634,4.33,0.069,0.2,200,0.071,0
LEND_04986,36.4986,-63.0724,4.7,0.0,0.27,270,0.049,0
LEND_04987,16.0402,-74.3797,4.33,0.069,0.12,120,0.056,0
LEND_04988,37.0001,-167.9695,4.35,0.064,0.08,80,0.046,0
LEND_04989,43.1595,113.6955,4.46,0.04,0.14,140,0.046,0
LEND_04990,76.0657,-17.862,4.52,0.029,0.05,50,0.024,0
LEND_04991,11.7701,-62.9521,4.48,0.037,0.26,260,0.066,0
LEND_04992,-25.3374,-10.4003,4.38,0.058,0.09,90,0.045,0
LEND_04993,23.7543,114.7457,4.36,0.063,0.27,270,0.081,0
LEND_04994,-69.0495,-135.1389,4.73,0.0,0.12,120,0.022,0
LEND_04995,63.5836,128.7562,4.48,0.036,0.35,350,0.082,0
LEND_04996,-60.899,143.1032,4.41,0.052,0.21,210,0.064,0
LEND_04997,-27.5451,160.8148,4.54,0.023,0.06,60,0.022,0
LEND_04998,50.5193,-36.9043,4.32,0.071,0.28,280,0.087,0
LEND_04999,15.57,-101.8295,4.6,0.011,0.17,170,0.036,0
