sample_id,latitude_deg,longitude_deg,annual_illumination_pct,sunlight_hours_yr,max_continuous_sunlight_hrs,max_continuous_darkness_hrs,psr_flag,direct_earth_visibility_pct,solar_energy_yield_kwh_m2_yr
ILLUM_00000,-86.2546,-38.2912,79.1,6929,1333,196,0,72.0,9053
ILLUM_00001,-80.4929,-9.5632,0.0,0,0,8760,1,0.0,0
ILLUM_00002,-82.6801,127.6371,70.1,6141,1304,89,0,77.6,8023
ILLUM_00003,-84.0134,-57.5984,70.9,6211,1042,178,0,66.0,8115
ILLUM_00004,-88.4398,133.0739,67.6,5922,496,726,0,73.8,7737
ILLUM_00005,-88.4401,-148.2716,67.4,5904,597,410,0,62.5,7714
ILLUM_00006,-89.4192,99.6474,5.0,438,0,629,0,13.8,572
ILLUM_00007,-81.3382,125.1171,38.5,3373,361,497,0,50.2,4407
ILLUM_00008,-83.9888,-114.5456,77.8,6815,1120,121,0,68.6,8905
ILLUM_00009,-82.9193,-25.0752,84.1,7367,943,151,0,84.5,9626
ILLUM_00010,-89.7942,-120.4201,21.0,1840,564,446,0,13.2,2404
ILLUM_00011,-80.3009,74.3775,55.0,4818,424,384,0,64.7,6295
ILLUM_00012,-81.6756,12.7252,75.3,6596,935,194,0,78.6,8618
ILLUM_00013,-87.8766,48.7164,69.2,6062,592,685,0,79.0,7920
ILLUM_00014,-88.1818,-109.2647,55.8,4888,436,635,0,49.4,6387
ILLUM_00015,-88.166,-103.7715,5.0,438,0,432,0,0.0,572
ILLUM_00016,-86.9576,-165.061,63.2,5536,482,390,0,66.2,7234
ILLUM_00017,-84.7524,-64.0557,72.0,6307,1050,220,0,64.5,8241
ILLUM_00018,-85.6805,21.5081,64.3,5633,394,526,0,72.3,7359
ILLUM_00019,-87.0877,128.8566,69.1,6053,535,613,0,80.5,7909
ILLUM_00020,-83.8815,60.0939,40.6,3557,400,433,0,49.6,4647
ILLUM_00021,-88.6051,-23.2573,90.4,7919,1502,32,0,90.5,10347
ILLUM_00022,-87.0786,163.1232,73.6,6447,1323,131,0,76.1,8424
ILLUM_00023,-86.3364,78.9283,54.9,4809,424,597,0,64.8,6284
ILLUM_00024,-85.4393,154.8595,85.0,7446,1017,190,0,93.0,9729
ILLUM_00025,-82.1482,9.9317,83.6,7323,1308,215,0,88.0,9568
ILLUM_00026,-88.0033,-86.7945,73.1,6404,916,83,0,67.4,8367
ILLUM_00027,-84.8577,-160.9824,53.1,4652,615,719,0,50.3,6078
ILLUM_00028,-84.0759,81.3905,51.9,4546,591,735,0,60.0,5940
ILLUM_00029,-89.5355,-136.3309,28.0,2453,300,552,0,24.3,3205
ILLUM_00030,-83.9246,-71.001,23.6,2067,428,749,0,14.4,2701
ILLUM_00031,-88.2948,11.6895,48.0,4205,505,486,0,50.7,5494
ILLUM_00032,-89.3495,23.19,50.9,4459,596,590,0,58.8,5826
ILLUM_00033,-80.5111,36.21,20.6,1805,691,445,0,29.1,2358
ILLUM_00034,-80.3437,-120.1481,81.7,7157,1110,119,0,79.0,9351
ILLUM_00035,-81.916,-43.2945,52.7,4617,678,644,0,46.1,6032
ILLUM_00036,-86.9539,42.1899,48.0,4205,662,500,0,56.7,5494
ILLUM_00037,-89.0233,169.1348,38.8,3399,645,526,0,43.3,4441
ILLUM_00038,-83.1577,81.9472,9.5,832,0,532,0,15.4,1087
ILLUM_00039,-85.5985,152.1374,78.0,6833,1233,245,0,88.5,8927
ILLUM_00040,-88.7796,94.3963,31.9,2794,664,699,0,40.1,3651
ILLUM_00041,-85.0482,33.0181,55.1,4827,540,743,0,66.5,6306
ILLUM_00042,-89.6561,-110.8716,55.1,4827,559,412,0,48.4,6306
ILLUM_00043,-80.9068,60.0068,50.7,4441,469,601,0,64.2,5803
ILLUM_00044,-87.4122,44.4166,47.0,4117,557,700,0,56.9,5379
ILLUM_00045,-83.3748,36.8889,15.7,1375,0,457,0,23.2,1797
ILLUM_00046,-86.8829,-3.6771,24.5,2146,602,375,0,26.0,2804
ILLUM_00047,-84.7993,10.3164,49.0,4292,329,525,0,51.6,5608
ILLUM_00048,-84.5329,-59.6007,74.8,6552,926,226,0,66.4,8561
ILLUM_00049,-88.1515,6.9526,39.7,3478,585,378,0,42.2,4544
ILLUM_00050,-80.3042,-108.8799,19.5,1708,0,509,0,9.9,2232
ILLUM_00051,-82.2487,109.8628,0.0,0,0,8760,1,0.0,0
ILLUM_00052,-80.605,-113.1203,59.9,5247,556,592,0,53.8,6856
ILLUM_00053,-81.0517,-149.4121,41.0,3592,613,600,0,35.1,4693
ILLUM_00054,-84.021,-22.9514,16.6,1454,0,515,0,8.0,1900
ILLUM_00055,-80.7813,56.9907,66.0,5782,322,626,0,72.5,7554
ILLUM_00056,-89.1151,-22.4219,22.5,1971,531,632,0,15.9,2575
ILLUM_00057,-88.0402,-80.3685,48.5,4249,604,565,0,38.5,5551
ILLUM_00058,-89.5477,20.9416,30.6,2681,674,383,0,32.7,3502
ILLUM_00059,-86.7467,-55.0792,85.2,7464,1763,61,0,80.3,9752
ILLUM_00060,-86.1132,155.8324,21.0,1840,362,593,0,25.8,2404
ILLUM_00061,-87.2865,152.1523,0.0,0,0,8760,1,0.0,0
ILLUM_00062,-81.7126,0.8539,87.4,7656,1839,67,0,91.3,10003
ILLUM_00063,-86.4325,-61.9618,29.8,2610,350,418,0,21.5,3411
ILLUM_00064,-87.1907,85.3677,58.6,5133,489,466,0,71.2,6707
ILLUM_00065,-84.573,-166.7833,29.4,2575,539,422,0,27.8,3365
ILLUM_00066,-88.5908,-9.0832,7.5,657,0,650,0,8.9,858
ILLUM_00067,-81.978,-58.9236,57.0,4993,680,668,0,51.1,6524
ILLUM_00068,-89.2545,151.3929,87.4,7656,1722,61,0,91.8,10003
ILLUM_00069,-80.1311,-175.6789,42.3,3705,454,740,0,42.2,4841
ILLUM_00070,-82.2776,19.0134,60.6,5309,397,635,0,62.7,6936
ILLUM_00071,-88.0128,86.6389,55.1,4827,356,361,0,67.8,6306
ILLUM_00072,-89.9448,-5.3935,37.9,3320,469,625,0,38.5,4338
ILLUM_00073,-81.8454,-149.2549,57.3,5019,567,541,0,53.3,6558
ILLUM_00074,-82.9314,170.0861,23.6,2067,637,725,0,26.4,2701
ILLUM_00075,-82.7099,6.4838,32.2,2821,359,532,0,37.0,3685
ILLUM_00076,-82.2873,41.107,42.0,3679,363,617,0,48.6,4807
ILLUM_00077,-89.2596,-94.8205,77.9,6824,1175,81,0,72.1,8916
ILLUM_00078,-86.4153,-5.9407,32.2,2821,662,371,0,32.1,3685
ILLUM_00079,-88.8413,-25.5062,54.5,4774,489,587,0,56.0,6238
ILLUM_00080,-81.369,-153.0375,18.4,1612,0,525,0,15.7,2106
ILLUM_00081,-83.767,-141.7823,23.1,2024,543,650,0,17.8,2644
ILLUM_00082,-86.691,121.4901,61.1,5352,476,375,0,70.1,6993
ILLUM_00083,-89.3644,-93.6648,68.0,5957,458,458,0,62.4,7783
ILLUM_00084,-86.8902,-109.815,41.0,3592,341,716,0,34.5,4693
ILLUM_00085,-86.7482,1.7681,34.5,3022,319,456,0,32.1,3949
ILLUM_00086,-82.7039,96.749,88.1,7718,1663,68,0,96.4,10083
ILLUM_00087,-83.6244,-157.6993,13.6,1191,0,581,0,9.1,1557
ILLUM_00088,-81.1279,27.6509,69.2,6062,395,422,0,73.1,7920
ILLUM_00089,-85.2779,-137.0842,63.1,5528,319,546,0,58.8,7222
ILLUM_00090,-88.8041,-166.874,65.2,5712,315,351,0,63.3,7462
ILLUM_00091,-82.8676,-161.0122,0.0,0,0,8760,1,0.0,0
ILLUM_00092,-82.3921,120.2991,65.5,5738,574,377,0,77.8,7497
ILLUM_00093,-84.3872,-137.5299,28.3,2479,522,682,0,21.9,3239
ILLUM_00094,-82.2903,-163.7455,32.1,2812,312,530,0,30.8,3674
ILLUM_00095,-85.062,-22.356,36.9,3232,546,491,0,33.4,4223
ILLUM_00096,-84.7727,123.8376,5.0,438,0,456,0,11.2,572
ILLUM_00097,-85.7246,-85.533,81.6,7148,1200,86,0,76.8,9339
ILLUM_00098,-89.7458,-28.1835,6.8,596,0,580,0,2.3,778
ILLUM_00099,-88.9211,-165.6279,66.4,5817,538,730,0,64.0,7600
ILLUM_00100,-89.6857,-18.3317,69.2,6062,334,683,0,66.2,7920
ILLUM_00101,-83.6359,27.9407,0.0,0,0,8760,1,0.0,0
ILLUM_00102,-86.8564,25.5265,51.6,4520,693,547,0,56.9,5906
ILLUM_00103,-84.9143,-60.3264,68.5,6001,631,384,0,60.2,7840
ILLUM_00104,-80.9243,-66.4081,28.3,2479,579,625,0,19.6,3239
ILLUM_00105,-87.5071,-141.6155,70.7,6193,1071,236,0,64.6,8092
ILLUM_00106,-85.8962,-47.9526,28.9,2532,624,405,0,25.2,3308
ILLUM_00107,-82.4445,-144.1819,81.2,7113,1076,216,0,79.9,9294
ILLUM_00108,-87.712,95.9745,16.3,1428,0,352,0,25.5,1866
ILLUM_00109,-89.2302,167.8587,28.5,2497,397,673,0,32.1,3262
ILLUM_00110,-87.1025,169.2268,48.5,4249,615,744,0,49.3,5551
ILLUM_00111,-88.3878,131.4256,72.4,6342,1026,228,0,81.2,8287
ILLUM_00112,-80.703,36.2852,67.5,5913,310,710,0,77.1,7726
ILLUM_00113,-81.9188,72.3117,17.6,1542,0,410,0,29.5,2014
ILLUM_00114,-83.666,-77.3259,9.6,841,0,535,0,3.9,1099
ILLUM_00115,-81.2854,47.0774,29.5,2584,339,726,0,36.2,3376
ILLUM_00116,-81.9633,-15.9662,44.5,3898,507,378,0,43.2,5093
ILLUM_00117,-88.1343,-6.4738,51.7,4529,373,689,0,50.1,5917
ILLUM_00118,-81.0744,92.7996,40.2,3522,333,600,0,50.8,4601
ILLUM_00119,-84.6066,-78.5094,0.0,0,0,8760,1,0.0,0
ILLUM_00120,-81.9256,-65.5057,41.2,3609,378,436,0,31.5,4716
ILLUM_00121,-81.0391,152.871,87.3,7647,1788,58,0,94.5,9992
ILLUM_00122,-86.82,-159.7593,23.5,2059,394,646,0,21.3,2690
ILLUM_00123,-88.8995,-5.1717,58.0,5081,304,561,0,58.7,6638
ILLUM_00124,-87.7206,148.6083,58.2,5098,606,459,0,63.3,6661
ILLUM_00125,-85.7289,39.7307,0.0,0,0,8760,1,0.0,0
ILLUM_00126,-81.8199,16.7065,39.9,3495,357,474,0,42.0,4567
ILLUM_00127,-81.3927,-90.0921,33.9,2970,422,717,0,24.7,3880
ILLUM_00128,-89.9305,-56.4208,15.2,1332,0,527,0,8.1,1740
ILLUM_00129,-84.8925,126.7374,44.5,3898,302,710,0,53.4,5093
ILLUM_00130,-85.8259,21.3185,38.1,3338,322,740,0,40.4,4361
ILLUM_00131,-87.7789,5.3072,18.8,1647,0,591,0,17.9,2152
ILLUM_00132,-88.8013,-144.1513,42.4,3714,602,713,0,36.9,4853
ILLUM_00133,-86.6238,-174.2299,40.3,3530,587,450,0,39.1,4613
ILLUM_00134,-80.5709,166.9267,0.0,0,0,8760,1,0.0,0
ILLUM_00135,-86.768,-44.285,11.0,964,0,634,0,5.5,1259
ILLUM_00136,-84.8121,37.1567,60.8,5326,552,672,0,67.6,6959
ILLUM_00137,-82.9698,-151.3026,64.5,5650,335,708,0,62.3,7382
ILLUM_00138,-86.3637,65.9211,85.0,7446,1261,159,0,98.5,9729
ILLUM_00139,-80.2822,155.724,7.2,631,0,685,0,12.4,824
ILLUM_00140,-80.3755,27.2395,7.6,666,0,499,0,15.8,870
ILLUM_00141,-87.4822,-134.5985,5.0,438,0,690,0,0.0,572
ILLUM_00142,-85.0275,29.4197,53.3,4669,496,435,0,55.5,6100
ILLUM_00143,-86.9912,95.885,59.9,5247,686,486,0,69.1,6856
ILLUM_00144,-87.1516,-33.69,36.8,3224,550,692,0,32.8,4212
ILLUM_00145,-89.6311,136.7416,74.9,6561,904,127,0,82.7,8573
ILLUM_00146,-83.9044,53.5259,61.6,5396,678,550,0,73.3,7050
ILLUM_00147,-84.9732,143.7296,92.5,8103,1623,76,0,98.5,10587
ILLUM_00148,-89.4852,44.4619,13.3,1165,0,641,0,20.1,1522
ILLUM_00149,-87.2135,-132.7363,5.0,438,0,588,0,0.0,572
ILLUM_00150,-80.9173,-68.511,24.8,2172,585,610,0,16.8,2838
ILLUM_00151,-87.6044,-107.3538,5.0,438,0,567,0,0.0,572
ILLUM_00152,-88.5511,147.1775,88.0,7709,1601,50,0,94.0,10072
ILLUM_00153,-85.1055,93.744,28.0,2453,347,373,0,38.9,3205
ILLUM_00154,-80.1435,63.5034,47.9,4196,512,712,0,61.4,5482
ILLUM_00155,-87.5794,-71.6521,28.5,2497,600,619,0,20.7,3262
ILLUM_00156,-83.2786,-113.7439,21.2,1857,336,568,0,14.2,2426
ILLUM_00157,-82.3838,92.3224,11.1,972,0,361,0,24.5,1270
ILLUM_00158,-87.6236,-9.3031,28.1,2462,557,431,0,28.8,3216
ILLUM_00159,-82.7178,-98.7158,52.6,4608,313,649,0,48.6,6020
ILLUM_00160,-86.3222,41.9839,88.0,7709,1653,62,0,98.5,10072
ILLUM_00161,-83.6769,-165.4798,52.0,4555,413,415,0,50.5,5952
ILLUM_00162,-83.6647,-62.5787,50.2,4398,477,515,0,41.7,5746
ILLUM_00163,-84.6423,-11.3195,5.0,438,0,445,0,1.4,572
ILLUM_00164,-89.0971,-126.735,79.6,6973,986,231,0,71.8,9111
ILLUM_00165,-81.647,174.4756,6.5,569,0,662,0,5.2,744
ILLUM_00166,-86.7922,-104.7249,81.8,7166,1058,90,0,76.4,9362
ILLUM_00167,-88.1348,-133.0729,47.1,4126,662,565,0,43.9,5391
ILLUM_00168,-89.5922,-106.7274,15.7,1375,0,735,0,6.4,1797
ILLUM_00169,-84.0911,96.862,42.9,3758,629,730,0,52.8,4910
ILLUM_00170,-83.2244,-26.818,90.4,7919,1512,40,0,90.0,10347
ILLUM_00171,-89.8341,23.5497,28.7,2514,331,707,0,33.0,3285
ILLUM_00172,-84.8791,-172.4367,28.6,2505,535,587,0,24.3,3273
ILLUM_00173,-87.735,-167.6047,8.2,718,0,688,0,9.1,939
ILLUM_00174,-83.5483,-19.5028,55.2,4836,612,588,0,53.4,6318
ILLUM_00175,-88.2563,113.9959,10.3,902,0,495,0,17.6,1179
ILLUM_00176,-83.0906,138.686,70.5,6176,1406,155,0,79.4,8069
ILLUM_00177,-86.1326,-148.7856,85.9,7525,1840,39,0,82.1,9832
ILLUM_00178,-80.6327,13.8107,88.0,7709,1723,42,0,90.9,10072
ILLUM_00179,-88.6248,148.7627,9.4,823,0,593,0,15.4,1076
ILLUM_00180,-86.5893,-40.3298,49.5,4336,603,413,0,46.6,5666
ILLUM_00181,-88.8653,118.6437,8.8,771,0,565,0,18.0,1007
ILLUM_00182,-80.7531,-131.8696,50.7,4441,367,504,0,46.9,5803
ILLUM_00183,-81.2266,156.742,74.3,6509,1371,165,0,81.4,8504
ILLUM_00184,-87.4206,90.5124,50.6,4433,355,467,0,61.1,5791
ILLUM_00185,-83.4002,158.8804,81.0,7096,1164,113,0,86.4,9271
ILLUM_00186,-81.8278,63.5822,76.2,6675,1168,153,0,85.1,8721
ILLUM_00187,-84.448,-49.1746,26.0,2278,351,716,0,18.7,2976
ILLUM_00188,-84.7035,157.7452,56.7,4967,424,421,0,63.6,6490
ILLUM_00189,-87.5815,-80.796,5.0,438,0,594,0,0.0,572
ILLUM_00190,-89.069,-60.4179,0.0,0,0,8760,1,0.0,0
ILLUM_00191,-81.0278,72.291,22.5,1971,324,575,0,32.1,2575
ILLUM_00192,-80.9958,95.5139,86.3,7560,1724,66,0,98.5,9877
ILLUM_00193,-83.669,154.5853,38.2,3346,693,417,0,42.8,4372
ILLUM_00194,-86.6097,-106.2711,59.1,5177,635,392,0,52.5,6764
ILLUM_00195,-86.5079,107.2793,62.8,5501,687,718,0,79.1,7188
ILLUM_00196,-82.7404,85.8766,73.6,6447,1428,147,0,83.4,8424
ILLUM_00197,-81.0289,-157.034,69.4,6079,458,406,0,66.0,7943
ILLUM_00198,-81.1291,-40.5997,26.6,2330,550,467,0,21.0,3044
ILLUM_00199,-82.2012,-78.2044,61.7,5405,587,382,0,55.4,7062
ILLUM_00200,-83.5797,-70.3834,50.4,4415,451,626,0,42.7,5769
ILLUM_00201,-89.1586,173.8609,51.8,4538,614,718,0,57.8,5929
ILLUM_00202,-88.3837,51.3999,5.0,438,0,478,0,7.9,572
ILLUM_00203,-81.0145,78.3634,20.0,1752,0,351,0,34.3,2289
ILLUM_00204,-83.9357,171.5823,86.3,7560,1803,38,0,89.9,9877
ILLUM_00205,-89.908,-44.2074,25.4,2225,499,528,0,20.6,2907
ILLUM_00206,-88.9853,108.6625,40.2,3522,492,475,0,51.1,4601
ILLUM_00207,-83.365,-23.5689,15.0,1314,0,723,0,13.7,1717
ILLUM_00208,-89.9494,133.0321,15.8,1384,0,584,0,20.5,1808
ILLUM_00209,-88.3919,-114.9633,20.0,1752,0,423,0,10.8,2289
ILLUM_00210,-84.5127,161.167,49.8,4362,415,423,0,55.8,5700
ILLUM_00211,-83.081,-101.2422,84.7,7420,1114,135,0,77.5,9694
ILLUM_00212,-83.4804,-62.5606,33.4,2926,426,589,0,22.1,3823
ILLUM_00213,-87.7573,92.2292,28.0,2453,659,506,0,40.7,3205
ILLUM_00214,-82.8782,-38.2481,50.0,4380,352,490,0,47.4,5723
ILLUM_00215,-87.6275,38.9561,30.7,2689,692,581,0,40.2,3514
ILLUM_00216,-86.746,-19.9535,82.9,7262,1308,92,0,83.1,9488
ILLUM_00217,-82.5351,87.2532,37.9,3320,543,390,0,45.9,4338
ILLUM_00218,-83.5037,-97.8007,44.2,3872,583,565,0,36.7,5059
ILLUM_00219,-81.5078,-158.9551,48.5,4249,360,694,0,47.1,5551
ILLUM_00220,-83.4239,-72.0254,72.7,6369,1425,170,0,64.8,8321
ILLUM_00221,-84.3169,-9.2489,52.1,4564,374,682,0,52.0,5963
ILLUM_00222,-89.0633,-119.5128,24.1,2111,669,747,0,14.0,2758
ILLUM_00223,-86.3228,-52.273,13.1,1148,0,390,0,3.9,1499
ILLUM_00224,-87.348,-36.0061,87.4,7656,1836,34,0,83.2,10003
ILLUM_00225,-87.5601,-159.3389,73.7,6456,1250,103,0,72.6,8435
ILLUM_00226,-80.2699,29.9906,5.0,438,0,554,0,7.2,572
ILLUM_00227,-86.069,138.3636,74.4,6517,1162,138,0,84.7,8515
ILLUM_00228,-81.0795,-125.3726,52.9,4634,415,634,0,48.0,6055
ILLUM_00229,-83.6886,35.2109,47.2,4135,387,555,0,55.1,5402
ILLUM_00230,-82.0519,59.3061,5.0,438,0,728,0,9.8,572
ILLUM_00231,-84.9736,-29.0395,70.6,6185,1355,175,0,69.3,8080
ILLUM_00232,-84.231,72.3951,17.1,1498,0,692,0,28.3,1957
ILLUM_00233,-85.0748,-32.1366,67.7,5931,396,480,0,63.8,7749
ILLUM_00234,-88.0476,1.6694,5.0,438,0,665,0,1.8,572
ILLUM_00235,-82.7755,-177.3529,72.9,6386,936,247,0,75.2,8344
ILLUM_00236,-87.1923,69.0192,5.0,438,0,447,0,11.5,572
ILLUM_00237,-89.7568,58.0834,20.9,1831,492,628,0,30.9,2392
ILLUM_00238,-83.5453,-166.1757,26.9,2356,654,539,0,23.1,3079
ILLUM_00239,-88.2289,-47.43,15.0,1314,0,615,0,7.6,1717
ILLUM_00240,-80.5954,172.4515,46.5,4073,503,353,0,47.0,5322
ILLUM_00241,-80.4607,-28.5348,24.7,2164,601,388,0,22.2,2827
ILLUM_00242,-80.8514,0.7003,91.6,8024,1580,70,0,94.5,10484
ILLUM_00243,-86.2984,147.5749,49.9,4371,583,693,0,60.5,5711
ILLUM_00244,-89.8454,78.2143,55.1,4827,419,383,0,63.6,6306
ILLUM_00245,-80.7168,29.5452,25.0,2190,507,565,0,25.9,2861
ILLUM_00246,-85.7182,107.2097,37.2,3259,523,469,0,48.4,4258
ILLUM_00247,-80.3335,131.1719,12.2,1069,0,630,0,19.3,1396
ILLUM_00248,-80.3638,-15.5203,70.8,6202,1174,192,0,69.8,8103
ILLUM_00249,-81.4699,-8.961,28.0,2453,410,617,0,29.9,3205
ILLUM_00250,-87.0555,-41.0217,72.1,6316,1024,141,0,64.9,8252
ILLUM_00251,-86.149,168.0142,33.8,2961,468,711,0,37.4,3869
ILLUM_00252,-81.4886,70.9799,87.4,7656,1731,39,0,98.5,10003
ILLUM_00253,-86.8308,-150.0397,14.4,1261,0,742,0,11.3,1648
ILLUM_00254,-88.3051,130.6655,5.0,438,0,664,0,7.7,572
ILLUM_00255,-84.432,-6.9984,55.3,4844,310,491,0,55.3,6329
ILLUM_00256,-80.6385,-155.2486,88.4,7744,1769,47,0,86.3,10118
ILLUM_00257,-83.0397,17.8982,62.2,5449,517,636,0,64.5,7119
ILLUM_00258,-84.2994,-29.8209,11.6,1016,0,565,0,3.2,1328
ILLUM_00259,-89.0282,135.9898,53.8,4713,650,402,0,58.3,6158
ILLUM_00260,-83.8499,-106.5619,82.1,7192,1004,242,0,76.8,9397
ILLUM_00261,-80.0995,117.5273,5.0,438,0,743,0,9.5,572
ILLUM_00262,-88.5992,20.7679,17.0,1489,0,455,0,19.4,1946
ILLUM_00263,-84.8167,-160.3403,74.3,6509,1438,107,0,74.0,8504
ILLUM_00264,-81.2263,169.8643,83.3,7297,1429,169,0,86.7,9534
ILLUM_00265,-82.5923,4.5415,66.2,5799,431,416,0,68.0,7577
ILLUM_00266,-83.0298,-75.2843,90.7,7945,1846,63,0,84.5,10381
ILLUM_00267,-82.9752,-11.0135,10.9,955,0,681,0,6.7,1248
ILLUM_00268,-86.4051,128.8288,50.9,4459,441,704,0,59.6,5826
ILLUM_00269,-87.0641,-70.2349,63.0,5519,548,713,0,55.7,7211
ILLUM_00270,-81.9064,-110.6365,62.5,5475,641,595,0,57.4,7153
ILLUM_00271,-81.8989,-133.5344,75.7,6631,1247,105,0,68.1,8664
ILLUM_00272,-81.3293,-72.7706,85.0,7446,974,111,0,77.6,9729
ILLUM_00273,-80.8676,100.8173,0.0,0,0,8760,1,0.0,0
ILLUM_00274,-84.8866,-10.2145,5.0,438,0,526,0,2.3,572
ILLUM_00275,-84.9848,-98.1066,35.3,3092,579,500,0,24.5,4040
ILLUM_00276,-82.017,-120.1734,59.9,5247,381,745,0,55.2,6856
ILLUM_00277,-83.5004,-60.2174,15.3,1340,0,634,0,11.6,1751
ILLUM_00278,-82.9803,158.3728,73.5,6439,1359,168,0,80.6,8412
ILLUM_00279,-82.0421,-56.5104,21.0,1840,602,437,0,12.5,2404
ILLUM_00280,-81.0999,175.7247,5.0,438,0,408,0,1.7,572
ILLUM_00281,-86.62,-5.317,47.3,4143,570,658,0,47.3,5414
ILLUM_00282,-86.2442,-115.501,66.9,5860,517,673,0,60.0,7657
ILLUM_00283,-89.0602,140.8104,32.7,2865,559,706,0,39.5,3743
ILLUM_00284,-84.2172,-14.2721,75.0,6570,1050,88,0,68.7,8584
ILLUM_00285,-89.6406,75.4817,41.1,3600,431,378,0,51.3,4704
ILLUM_00286,-85.344,174.1362,15.0,1314,0,352,0,17.3,1717
ILLUM_00287,-84.5736,-161.9369,8.2,718,0,700,0,5.5,939
ILLUM_00288,-87.1346,-145.19,65.3,5720,490,438,0,61.8,7474
ILLUM_00289,-84.0917,79.3644,35.8,3136,382,716,0,46.5,4097
ILLUM_00290,-89.695,-78.543,0.0,0,0,8760,1,0.0,0
ILLUM_00291,-89.6265,-113.6515,51.6,4520,687,628,0,42.2,5906
ILLUM_00292,-81.774,-165.8297,0.0,0,0,8760,1,0.0,0
ILLUM_00293,-86.3981,-172.1352,30.7,2689,538,435,0,31.8,3514
ILLUM_00294,-88.7294,98.8148,14.2,1244,0,570,0,22.4,1625
ILLUM_00295,-84.7776,-131.604,51.1,4476,401,720,0,48.9,5849
ILLUM_00296,-82.3001,-11.6206,58.2,5098,643,426,0,53.3,6661
ILLUM_00297,-87.8418,38.1229,0.0,0,0,8760,1,0.0,0
ILLUM_00298,-83.7711,-25.7934,22.1,1936,425,459,0,14.8,2529
ILLUM_00299,-89.1465,-170.2416,25.9,2269,589,718,0,25.9,2964
ILLUM_00300,-89.4832,102.0605,9.5,832,0,594,0,19.0,1087
ILLUM_00301,-84.6865,-176.2152,26.1,2286,598,385,0,27.4,2987
ILLUM_00302,-84.5936,94.2804,40.5,3548,627,743,0,50.6,4635
ILLUM_00303,-83.6257,141.5896,89.2,7814,1587,51,0,97.8,10209
ILLUM_00304,-82.7391,-24.1776,59.5,5212,439,614,0,57.9,6810
ILLUM_00305,-80.2415,12.7953,71.5,6263,1337,237,0,76.6,8184
ILLUM_00306,-84.837,-8.286,30.3,2654,678,677,0,29.5,3468
ILLUM_00307,-86.7704,-39.8849,0.0,0,0,8760,1,0.0,0
ILLUM_00308,-82.0481,139.4728,26.4,2313,658,640,0,30.9,3022
ILLUM_00309,-87.2917,141.8161,23.9,2094,443,728,0,30.5,2735
ILLUM_00310,-85.6103,-59.1061,53.6,4695,348,380,0,46.8,6135
ILLUM_00311,-89.2154,41.4251,32.8,2873,305,468,0,39.1,3754
ILLUM_00312,-89.7465,153.6867,78.1,6842,1217,120,0,85.9,8939
ILLUM_00313,-80.3735,166.3411,91.0,7972,1831,69,0,96.3,10415
ILLUM_00314,-81.6402,3.2253,27.9,2444,568,615,0,33.2,3193
ILLUM_00315,-83.0403,-16.9831,65.4,5729,472,672,0,64.1,7485
ILLUM_00316,-85.9105,-79.67,61.1,5352,308,724,0,52.6,6993
ILLUM_00317,-88.2671,165.1939,16.9,1480,0,511,0,21.0,1934
ILLUM_00318,-88.4356,-128.5869,85.8,7516,1599,50,0,79.4,9820
ILLUM_00319,-87.4976,28.7386,18.7,1638,0,644,0,23.8,2140
ILLUM_00320,-84.5077,-78.2819,67.1,5878,459,567,0,60.2,7680
ILLUM_00321,-82.854,-79.557,33.8,2961,418,545,0,23.2,3869
ILLUM_00322,-83.398,-34.2113,33.6,2943,658,745,0,29.3,3846
ILLUM_00323,-87.2007,179.5655,40.0,3504,388,672,0,43.3,4578
ILLUM_00324,-80.4513,-160.2121,76.4,6693,1303,198,0,78.7,8744
ILLUM_00325,-82.621,28.2751,15.8,1384,0,726,0,18.1,1808
ILLUM_00326,-84.4565,-150.274,5.3,464,0,479,0,0.2,607
ILLUM_00327,-83.8828,-124.3725,37.4,3276,324,361,0,29.9,4281
ILLUM_00328,-85.804,-21.7573,5.1,447,0,664,0,1.6,584
ILLUM_00329,-87.5227,3.7656,66.0,5782,362,730,0,66.0,7554
ILLUM_00330,-86.4403,-86.8347,70.6,6185,1405,138,0,62.2,8080
ILLUM_00331,-82.4215,-66.0754,82.2,7201,1079,111,0,72.1,9408
ILLUM_00332,-89.8561,-148.6919,69.1,6053,624,729,0,65.5,7909
ILLUM_00333,-88.8393,-70.8409,79.4,6955,1089,108,0,77.6,9088
ILLUM_00334,-89.54,167.961,0.0,0,0,8760,1,0.0,0
ILLUM_00335,-89.5927,160.0947,87.2,7639,1510,35,0,92.3,9980
ILLUM_00336,-81.4454,-59.4438,16.8,1472,0,403,0,9.7,1923
ILLUM_00337,-82.9634,25.5074,45.7,4003,683,355,0,51.8,5231
ILLUM_00338,-85.2583,147.4543,91.3,7998,1699,57,0,98.5,10450
ILLUM_00339,-89.0217,-177.7738,60.6,5309,681,357,0,64.4,6936
ILLUM_00340,-85.0838,111.8461,83.0,7271,1384,96,0,92.8,9500
ILLUM_00341,-85.2653,161.413,5.0,438,0,643,0,6.1,572
ILLUM_00342,-88.268,-147.1227,78.9,6912,1384,212,0,77.4,9030
ILLUM_00343,-85.6615,-121.8788,73.1,6404,914,246,0,57.8,8367
ILLUM_00344,-86.015,165.8687,13.5,1183,0,708,0,18.7,1545
ILLUM_00345,-83.8415,13.5145,5.0,438,0,688,0,4.8,572
ILLUM_00346,-83.6491,-174.8892,0.0,0,0,8760,1,0.0,0
ILLUM_00347,-89.547,-87.2525,87.2,7639,1767,41,0,77.0,9980
ILLUM_00348,-86.2539,-18.0203,61.2,5361,433,718,0,60.4,7005
ILLUM_00349,-83.7414,69.4472,86.7,7595,1557,64,0,96.7,9923
ILLUM_00350,-84.9686,83.9377,39.4,3451,601,658,0,52.3,4510
ILLUM_00351,-81.4351,178.3517,83.4,7306,1387,123,0,89.3,9546
ILLUM_00352,-83.4131,-76.496,41.3,3618,465,726,0,34.3,4727
ILLUM_00353,-88.3707,13.7592,21.6,1892,688,702,0,21.8,2472
ILLUM_00354,-89.2943,11.9965,15.2,1332,0,445,0,16.5,1740
ILLUM_00355,-83.5758,-33.9677,88.7,7770,1692,77,0,88.8,10152
ILLUM_00356,-89.7349,-119.1017,26.0,2278,302,590,0,23.0,2976
ILLUM_00357,-84.1422,171.8844,14.2,1244,0,667,0,16.6,1625
ILLUM_00358,-80.5977,127.1942,5.0,438,0,658,0,8.8,572
ILLUM_00359,-84.2453,-0.6001,24.9,2181,492,698,0,27.0,2850
ILLUM_00360,-86.1183,37.1684,84.4,7393,1121,82,0,90.5,9660
ILLUM_00361,-83.5671,-98.186,49.6,4345,361,450,0,40.8,5677
ILLUM_00362,-85.4175,15.7633,62.0,5431,609,558,0,62.8,7096
ILLUM_00363,-84.5438,70.1892,84.0,7358,1297,213,0,97.0,9614
ILLUM_00364,-80.5854,5.4601,47.3,4143,352,731,0,49.7,5414
ILLUM_00365,-86.139,176.5027,76.2,6675,1030,135,0,80.2,8721
ILLUM_00366,-80.3881,40.083,31.9,2794,428,700,0,37.2,3651
ILLUM_00367,-80.9465,-46.4495,91.6,8024,1688,75,0,85.6,10484
ILLUM_00368,-88.0421,97.9747,0.0,0,0,8760,1,0.0,0
ILLUM_00369,-89.3064,-118.6335,68.4,5992,407,512,0,60.1,7829
ILLUM_00370,-88.9922,-41.5743,58.1,5090,591,619,0,56.1,6650
ILLUM_00371,-89.8178,-55.0948,15.9,1393,0,414,0,10.0,1820
ILLUM_00372,-89.0556,-24.5494,37.5,3285,674,718,0,32.8,4292
ILLUM_00373,-83.1699,101.4407,26.4,2313,349,398,0,39.5,3022
ILLUM_00374,-89.2881,-5.6977,8.0,701,0,513,0,8.0,916
ILLUM_00375,-86.8102,105.8452,55.6,4871,368,478,0,65.2,6364
ILLUM_00376,-81.5512,27.536,92.7,8121,1691,78,0,98.5,10610
ILLUM_00377,-89.7673,-56.855,52.5,4599,402,371,0,44.8,6009
ILLUM_00378,-81.8553,111.5923,52.0,4555,657,352,0,61.1,5952
ILLUM_00379,-87.1815,-94.2157,6.3,552,0,745,0,0.0,721
ILLUM_00380,-88.8184,-99.2221,10.4,911,0,584,0,3.4,1190
ILLUM_00381,-83.0326,1.6211,48.1,4214,532,663,0,49.0,5505
ILLUM_00382,-83.7106,-86.0943,93.0,8147,1734,63,0,83.6,10644
ILLUM_00383,-81.2253,-176.7287,82.6,7236,1294,155,0,82.7,9454
ILLUM_00384,-82.6493,53.3871,31.2,2733,457,607,0,40.3,3571
ILLUM_00385,-81.9652,3.9938,49.8,4362,557,731,0,52.3,5700
ILLUM_00386,-87.1797,-19.6136,52.8,4625,510,689,0,49.1,6043
ILLUM_00387,-88.2256,168.1087,63.8,5589,483,542,0,67.2,7302
ILLUM_00388,-82.4939,25.6317,65.8,5764,494,665,0,69.7,7531
ILLUM_00389,-81.9317,130.8354,73.3,6421,960,192,0,82.6,8390
ILLUM_00390,-80.0949,-129.7979,5.0,438,0,565,0,0.0,572
ILLUM_00391,-85.8738,24.9143,83.8,7341,1121,185,0,93.9,9591
ILLUM_00392,-86.2798,132.4727,6.0,526,0,451,0,14.0,687
ILLUM_00393,-82.2359,29.9181,41.6,3644,479,616,0,50.2,4761
ILLUM_00394,-86.592,78.4851,81.4,7131,1347,148,0,97.2,9317
ILLUM_00395,-80.6924,-46.0643,43.4,3802,534,529,0,39.1,4967
ILLUM_00396,-81.4159,-146.7182,7.3,639,0,712,0,0.6,836
ILLUM_00397,-85.7101,-15.1559,0.0,0,0,8760,1,0.0,0
ILLUM_00398,-82.4913,-37.9874,53.9,4722,330,540,0,48.8,6169
ILLUM_00399,-82.4546,132.1417,9.5,832,0,620,0,15.8,1087
ILLUM_00400,-88.9688,-92.1617,39.1,3425,422,419,0,30.3,4475
ILLUM_00401,-80.9745,168.0243,29.1,2549,562,389,0,33.3,3331
ILLUM_00402,-84.9475,164.9297,74.5,6526,1429,196,0,80.0,8527
ILLUM_00403,-81.7354,-90.8526,11.7,1025,0,463,0,0.5,1339
ILLUM_00404,-86.7995,-54.7013,63.1,5528,645,494,0,56.7,7222
ILLUM_00405,-81.0448,142.4001,32.5,2847,575,500,0,44.7,3720
ILLUM_00406,-86.108,167.984,53.7,4704,397,663,0,57.9,6146
ILLUM_00407,-89.8916,-20.3619,20.1,1761,305,572,0,16.0,2301
ILLUM_00408,-80.9462,-64.4411,56.8,4976,422,429,0,48.9,6501
ILLUM_00409,-89.0871,9.3938,60.3,5282,385,400,0,65.7,6902
ILLUM_00410,-86.8069,67.5969,5.0,438,0,662,0,15.9,572
ILLUM_00411,-80.4994,-81.5492,72.4,6342,1177,155,0,68.4,8287
ILLUM_00412,-80.4939,85.1303,80.8,7078,1333,160,0,91.8,9248
ILLUM_00413,-84.2656,-161.4034,7.1,622,0,522,0,2.8,813
ILLUM_00414,-83.6816,-162.254,55.5,4862,554,538,0,54.3,6352
ILLUM_00415,-85.5155,-40.9364,54.2,4748,340,617,0,49.9,6203
ILLUM_00416,-87.0679,-52.7497,5.0,438,0,550,0,0.0,572
ILLUM_00417,-86.7134,-66.372,32.3,2829,647,355,0,23.4,3697
ILLUM_00418,-83.2748,-3.2329,86.3,7560,1707,56,0,91.5,9877
ILLUM_00419,-82.4763,-64.5359,52.9,4634,664,451,0,43.7,6055
ILLUM_00420,-82.0842,-110.7871,0.0,0,0,8760,1,0.0,0
ILLUM_00421,-82.1038,-68.591,64.8,5676,434,597,0,54.9,7417
ILLUM_00422,-89.0879,170.9655,5.0,438,0,551,0,4.3,572
ILLUM_00423,-85.0558,-31.9992,6.1,534,0,581,0,2.1,698
ILLUM_00424,-89.4244,-19.9034,67.7,5931,622,512,0,65.2,7749
ILLUM_00425,-84.5047,27.5562,52.9,4634,699,396,0,57.3,6055
ILLUM_00426,-85.5847,174.0027,9.4,823,0,434,0,13.1,1076
ILLUM_00427,-81.123,-93.0235,56.7,4967,605,466,0,48.3,6490
ILLUM_00428,-86.4908,65.2616,75.5,6614,1250,209,0,86.1,8641
ILLUM_00429,-88.8293,77.7545,0.0,0,0,8760,1,0.0,0
ILLUM_00430,-88.5701,38.6368,22.1,1936,504,488,0,29.6,2529
ILLUM_00431,-82.3849,-148.1118,25.1,2199,586,675,0,19.2,2873
ILLUM_00432,-83.8178,63.674,87.6,7674,1574,40,0,98.5,10026
ILLUM_00433,-88.9888,-156.9259,0.0,0,0,8760,1,0.0,0
ILLUM_00434,-89.1589,34.6114,28.2,2470,558,520,0,35.9,3228
ILLUM_00435,-82.9903,86.2492,77.0,6745,1358,103,0,88.3,8813
ILLUM_00436,-89.2724,-104.0508,13.9,1218,0,412,0,5.7,1591
ILLUM_00437,-81.7814,122.9839,18.4,1612,0,672,0,27.1,2106
ILLUM_00438,-82.9376,-169.0726,14.6,1279,0,629,0,15.3,1671
ILLUM_00439,-89.1865,123.7726,10.3,902,0,706,0,16.6,1179
ILLUM_00440,-89.1516,-14.2815,77.4,6780,903,136,0,78.7,8859
ILLUM_00441,-80.1336,-101.6683,53.7,4704,562,684,0,45.2,6146
ILLUM_00442,-86.2573,-131.8399,23.8,2085,326,644,0,17.2,2724
ILLUM_00443,-86.2936,163.1906,77.1,6754,1027,86,0,83.5,8824
ILLUM_00444,-81.872,-153.8404,0.0,0,0,8760,1,0.0,0
ILLUM_00445,-80.5275,-108.3264,11.5,1007,0,666,0,0.1,1316
ILLUM_00446,-80.14,-54.784,59.9,5247,341,520,0,53.0,6856
ILLUM_00447,-82.4662,43.2845,63.3,5545,520,544,0,75.4,7245
ILLUM_00448,-86.2374,16.1284,62.4,5466,640,697,0,70.8,7142
ILLUM_00449,-89.165,-134.7683,66.2,5799,453,646,0,61.6,7577
ILLUM_00450,-82.2285,-75.6979,15.5,1358,0,396,0,6.4,1774
ILLUM_00451,-84.416,-94.0494,28.7,2514,575,471,0,20.0,3285
ILLUM_00452,-85.7578,-103.1246,81.0,7096,1039,159,0,70.5,9271
ILLUM_00453,-80.9365,-31.988,79.8,6990,1312,91,0,80.0,9133
ILLUM_00454,-88.888,73.4513,26.2,2295,386,423,0,36.1,2999
ILLUM_00455,-85.0737,-101.7169,5.0,438,0,727,0,0.0,572
ILLUM_00456,-89.8865,-47.9956,80.8,7078,1114,112,0,74.2,9248
ILLUM_00457,-85.3134,-39.2697,36.7,3215,629,534,0,29.5,4200
ILLUM_00458,-89.437,171.5244,30.7,2689,685,515,0,32.8,3514
ILLUM_00459,-88.8118,163.6799,32.6,2856,539,426,0,35.8,3731
ILLUM_00460,-88.8247,108.0495,37.8,3311,671,620,0,49.0,4326
ILLUM_00461,-83.5079,-93.0028,32.0,2803,427,362,0,25.9,3663
ILLUM_00462,-82.5396,-155.5066,53.1,4652,585,640,0,49.7,6078
ILLUM_00463,-84.1663,-65.9145,6.5,569,0,479,0,0.0,744
ILLUM_00464,-80.3783,-83.954,88.4,7744,1690,51,0,82.4,10118
ILLUM_00465,-86.2513,2.1333,87.4,7656,1524,77,0,89.3,10003
ILLUM_00466,-87.1429,99.982,87.4,7656,1759,52,0,98.5,10003
ILLUM_00467,-81.314,128.9963,79.9,6999,1164,114,0,91.3,9145
ILLUM_00468,-87.764,124.1511,61.6,5396,303,353,0,71.0,7050
ILLUM_00469,-80.3678,-50.5168,20.3,1778,584,459,0,13.3,2323
ILLUM_00470,-89.8785,67.4044,5.0,438,0,363,0,13.9,572
ILLUM_00471,-80.3012,-67.3797,11.7,1025,0,494,0,0.2,1339
ILLUM_00472,-89.5684,-158.074,30.9,2707,539,491,0,27.0,3537
ILLUM_00473,-81.0886,72.5635,47.3,4143,692,581,0,57.4,5414
ILLUM_00474,-84.723,-176.4621,90.1,7893,1706,78,0,93.7,10312
ILLUM_00475,-80.0704,-32.6943,38.8,3399,380,667,0,36.0,4441
ILLUM_00476,-89.262,-61.4235,49.5,4336,373,657,0,41.1,5666
ILLUM_00477,-84.4615,69.6159,61.1,5352,483,632,0,75.4,6993
ILLUM_00478,-80.307,95.8484,16.0,1402,0,690,0,27.1,1831
ILLUM_00479,-84.769,-70.5259,84.8,7428,1399,145,0,79.2,9706
ILLUM_00480,-83.706,112.1857,48.7,4266,380,384,0,59.5,5574
ILLUM_00481,-83.0425,-74.19,25.1,2199,522,444,0,16.6,2873
ILLUM_00482,-85.4546,-19.3225,86.8,7604,1585,53,0,85.5,9935
ILLUM_00483,-83.7244,81.7267,58.8,5151,488,526,0,69.3,6730
ILLUM_00484,-84.1569,69.4513,46.7,4091,500,540,0,55.3,5345
ILLUM_00485,-80.9884,175.4527,55.7,4879,490,360,0,55.9,6375
ILLUM_00486,-89.5455,-98.942,68.7,6018,469,600,0,61.2,7863
ILLUM_00487,-87.1904,58.4344,13.1,1148,0,599,0,23.2,1499
ILLUM_00488,-80.4959,39.4855,78.4,6868,1233,230,0,88.5,8973
ILLUM_00489,-81.0974,149.4354,88.1,7718,1589,55,0,96.2,10083
ILLUM_00490,-85.4434,-123.7096,0.0,0,0,8760,1,0.0,0
ILLUM_00491,-83.7987,90.6473,64.0,5606,537,730,0,74.8,7325
ILLUM_00492,-87.2262,24.5767,81.6,7148,901,80,0,85.8,9339
ILLUM_00493,-88.1188,-81.1203,31.6,2768,645,509,0,25.7,3617
ILLUM_00494,-85.363,-9.2034,91.9,8050,1683,71,0,92.7,10518
ILLUM_00495,-86.4665,-59.8404,66.1,5790,603,698,0,56.0,7565
ILLUM_00496,-84.1634,28.5528,36.3,3180,520,680,0,45.1,4155
ILLUM_00497,-89.2227,140.0402,65.6,5747,412,662,0,70.8,7508
ILLUM_00498,-80.2561,24.9498,46.5,4073,593,597,0,53.8,5322
ILLUM_00499,-80.1379,47.4201,9.1,797,0,738,0,18.0,1042
ILLUM_00500,-83.0184,6.7492,74.9,6561,1267,182,0,76.8,8573
ILLUM_00501,-84.639,-161.5804,53.2,4660,437,600,0,50.5,6089
ILLUM_00502,-86.9047,-96.1709,0.0,0,0,8760,1,0.0,0
ILLUM_00503,-81.862,-2.8794,12.8,1121,0,712,0,14.2,1465
ILLUM_00504,-83.1527,-68.3153,47.3,4143,394,675,0,41.9,5414
ILLUM_00505,-88.3738,-114.5651,70.8,6202,1312,192,0,63.7,8103
ILLUM_00506,-80.8907,1.4878,91.0,7972,1625,70,0,94.1,10415
ILLUM_00507,-81.7746,-63.7885,80.2,7026,1443,108,0,75.0,9179
ILLUM_00508,-80.502,-87.0812,79.4,6955,1290,154,0,72.1,9088
ILLUM_00509,-82.7428,-12.9652,23.4,2050,663,486,0,21.3,2678
ILLUM_00510,-83.8658,-132.0177,79.7,6982,1165,165,0,72.2,9122
ILLUM_00511,-85.8176,153.9885,16.0,1402,0,650,0,20.5,1831
ILLUM_00512,-80.6727,132.3728,18.0,1577,0,505,0,26.2,2060
ILLUM_00513,-81.3394,74.7434,8.5,745,0,505,0,20.1,973
ILLUM_00514,-89.5478,-141.763,77.8,6815,1398,168,0,75.3,8905
ILLUM_00515,-89.7363,99.3158,10.4,911,0,631,0,20.2,1190
ILLUM_00516,-86.2354,110.8646,13.3,1165,0,600,0,22.5,1522
ILLUM_00517,-81.8945,96.3953,22.3,1953,506,667,0,33.3,2552
ILLUM_00518,-80.1272,-138.9723,54.8,4800,304,545,0,47.8,6272
ILLUM_00519,-88.4958,51.8069,81.5,7139,1284,140,0,91.5,9328
ILLUM_00520,-84.0587,120.3569,37.7,3303,610,579,0,48.4,4315
ILLUM_00521,-86.1911,27.8472,49.2,4310,345,393,0,56.6,5631
ILLUM_00522,-80.3009,52.7067,14.0,1226,0,681,0,23.8,1602
ILLUM_00523,-81.5788,-14.9891,25.6,2243,549,566,0,22.7,2930
ILLUM_00524,-81.6167,10.3346,11.1,972,0,626,0,14.5,1270
ILLUM_00525,-85.3131,-167.6243,38.1,3338,466,385,0,36.8,4361
ILLUM_00526,-85.8518,50.0267,52.9,4634,617,419,0,63.7,6055
ILLUM_00527,-87.2659,-150.679,25.9,2269,496,530,0,22.1,2964
ILLUM_00528,-89.4362,-23.3947,78.1,6842,928,241,0,76.4,8939
ILLUM_00529,-81.3528,-74.6442,93.0,8147,1552,40,0,83.6,10644
ILLUM_00530,-81.871,16.3541,8.5,745,0,572,0,14.2,973
ILLUM_00531,-80.0028,-131.9701,5.0,438,0,464,0,0.0,572
ILLUM_00532,-80.0336,68.9916,71.5,6263,1174,160,0,84.4,8184
ILLUM_00533,-84.4457,106.2042,20.3,1778,687,443,0,27.7,2323
ILLUM_00534,-82.3101,-121.1924,31.3,2742,598,608,0,25.0,3582
ILLUM_00535,-80.5523,-142.4473,38.5,3373,337,561,0,31.4,4407
ILLUM_00536,-81.5035,-127.6144,85.2,7464,1694,48,0,79.2,9752
ILLUM_00537,-87.5265,135.7659,58.3,5107,310,605,0,69.6,6673
ILLUM_00538,-85.4946,10.1481,5.0,438,0,653,0,5.6,572
ILLUM_00539,-88.7084,-11.786,5.0,438,0,467,0,0.0,572
ILLUM_00540,-80.4595,-141.5837,19.6,1717,0,350,0,12.7,2243
ILLUM_00541,-83.9383,53.8402,29.0,2540,656,351,0,38.3,3319
ILLUM_00542,-87.7136,132.4799,50.0,4380,655,423,0,53.4,5723
ILLUM_00543,-83.283,118.1469,81.4,7131,1410,158,0,88.4,9317
ILLUM_00544,-83.8187,45.3797,29.8,2610,663,599,0,37.0,3411
ILLUM_00545,-86.4184,-152.8997,32.2,2821,447,443,0,31.2,3685
ILLUM_00546,-88.8644,-139.5371,28.5,2497,607,400,0,24.8,3262
ILLUM_00547,-83.2843,-162.2488,5.0,438,0,521,0,0.0,572
ILLUM_00548,-84.7969,-87.3075,88.2,7726,1627,64,0,80.8,10095
ILLUM_00549,-82.2768,-131.1619,11.2,981,0,509,0,5.7,1282
ILLUM_00550,-84.7984,-86.3827,25.5,2234,399,533,0,17.3,2919
ILLUM_00551,-81.4782,-41.3791,8.0,701,0,655,0,5.7,916
ILLUM_00552,-84.4809,159.4738,41.1,3600,568,541,0,50.1,4704
ILLUM_00553,-84.3906,39.7354,86.3,7560,1836,69,0,94.9,9877
ILLUM_00554,-81.2335,120.5906,12.5,1095,0,515,0,18.2,1431
ILLUM_00555,-85.9652,75.7265,37.7,3303,677,468,0,51.6,4315
ILLUM_00556,-88.6598,-139.4989,5.0,438,0,475,0,0.0,572
ILLUM_00557,-89.7122,84.9313,71.3,6246,1245,138,0,83.2,8161
ILLUM_00558,-82.4486,-80.9644,60.1,5265,505,532,0,51.0,6879
ILLUM_00559,-83.7969,50.0788,63.7,5580,651,736,0,74.1,7291
ILLUM_00560,-82.9592,-57.2537,41.5,3635,411,394,0,36.5,4750
ILLUM_00561,-87.8704,179.162,85.2,7464,1532,69,0,86.4,9752
ILLUM_00562,-88.6363,-85.1215,34.0,2978,667,484,0,28.9,3891
ILLUM_00563,-89.8546,-79.513,48.3,4231,423,686,0,39.0,5528
ILLUM_00564,-86.4941,155.042,62.7,5493,458,504,0,70.3,7176
ILLUM_00565,-84.1008,-171.128,48.6,4257,615,579,0,47.9,5562
ILLUM_00566,-86.0776,70.808,0.0,0,0,8760,1,0.0,0
ILLUM_00567,-85.6253,81.1175,28.0,2453,473,372,0,40.0,3205
ILLUM_00568,-80.9584,121.0963,7.8,683,0,509,0,17.3,893
ILLUM_00569,-86.5174,170.7982,39.2,3434,517,351,0,42.7,4487
ILLUM_00570,-84.8601,171.2167,60.9,5335,481,552,0,59.4,6970
ILLUM_00571,-82.1635,-156.5004,10.7,937,0,511,0,7.3,1225
ILLUM_00572,-86.0346,115.8622,58.0,5081,393,538,0,68.9,6638
ILLUM_00573,-83.7791,52.6716,82.4,7218,1152,114,0,92.8,9431
ILLUM_00574,-81.3764,53.0432,33.9,2970,350,731,0,40.1,3880
ILLUM_00575,-80.5048,-133.794,19.3,1691,0,639,0,13.9,2209
ILLUM_00576,-88.5293,54.0674,84.2,7376,902,249,0,92.9,9637
ILLUM_00577,-80.7341,173.6937,0.0,0,0,8760,1,0.0,0
ILLUM_00578,-85.0788,148.2547,8.1,710,0,479,0,15.3,927
ILLUM_00579,-87.4176,-21.913,38.5,3373,493,590,0,35.0,4407
ILLUM_00580,-85.4086,-165.6187,64.8,5676,446,430,0,61.6,7417
ILLUM_00581,-80.1997,-49.5743,52.4,4590,465,506,0,47.0,5997
ILLUM_00582,-85.0738,117.5005,56.4,4941,675,559,0,67.6,6455
ILLUM_00583,-86.7125,72.5397,53.7,4704,533,587,0,63.4,6146
ILLUM_00584,-83.666,-14.6363,73.8,6465,1269,114,0,73.3,8447
ILLUM_00585,-87.5985,-160.1634,31.0,2716,633,366,0,27.0,3548
ILLUM_00586,-89.2414,-26.3179,62.3,5457,647,533,0,62.9,7131
ILLUM_00587,-88.7112,-11.151,89.6,7849,1648,68,0,92.2,10255
ILLUM_00588,-88.7195,154.28,35.9,3145,687,621,0,41.4,4109
ILLUM_00589,-88.481,50.791,74.1,6491,1033,124,0,82.9,8481
ILLUM_00590,-88.6117,-67.805,22.5,1971,666,620,0,14.1,2575
ILLUM_00591,-83.5913,9.1146,26.2,2295,644,450,0,28.4,2999
ILLUM_00592,-88.1812,-156.2201,87.7,7683,1589,73,0,84.8,10038
ILLUM_00593,-86.5433,170.1246,5.0,438,0,620,0,4.2,572
ILLUM_00594,-81.0321,-50.3784,21.3,1866,519,533,0,13.0,2438
ILLUM_00595,-85.2604,-7.9678,46.8,4100,657,431,0,44.5,5356
ILLUM_00596,-83.3244,-52.0978,36.5,3197,692,386,0,30.3,4178
ILLUM_00597,-88.2768,65.7042,56.5,4949,479,477,0,68.9,6467
ILLUM_00598,-88.0771,58.4036,19.6,1717,0,414,0,26.8,2243
ILLUM_00599,-89.5913,77.516,10.0,876,0,638,0,16.5,1145
ILLUM_00600,-88.3106,-83.4684,0.0,0,0,8760,1,0.0,0
ILLUM_00601,-87.2141,-66.3593,46.7,4091,460,654,0,40.7,5345
ILLUM_00602,-88.2299,-134.9096,52.0,4555,399,531,0,46.3,5952
ILLUM_00603,-89.113,55.9836,54.0,4730,614,498,0,65.4,6181
ILLUM_00604,-88.7936,-165.673,52.2,4573,568,459,0,49.6,5975
ILLUM_00605,-85.3922,35.1656,22.6,1980,378,454,0,29.1,2587
ILLUM_00606,-87.9367,133.0905,68.9,6036,488,376,0,79.9,7886
ILLUM_00607,-86.3573,140.6996,8.5,745,0,737,0,14.7,973
ILLUM_00608,-84.9658,-18.3464,17.0,1489,0,464,0,15.7,1946
ILLUM_00609,-83.0961,-14.6507,65.8,5764,653,576,0,67.7,7531
ILLUM_00610,-89.6069,-152.2911,27.4,2400,465,478,0,21.9,3136
ILLUM_00611,-82.0059,61.4754,46.2,4047,353,609,0,55.7,5288
ILLUM_00612,-83.721,115.6534,29.3,2567,458,373,0,40.1,3354
ILLUM_00613,-89.1824,-91.9242,49.4,4327,348,459,0,38.2,5654
ILLUM_00614,-81.2642,-28.3317,30.6,2681,449,506,0,28.2,3502
ILLUM_00615,-80.7913,121.9822,91.1,7980,1591,62,0,98.5,10427
ILLUM_00616,-89.3892,135.7634,33.8,2961,492,500,0,40.9,3869
ILLUM_00617,-87.2312,-92.4552,59.8,5238,347,562,0,49.6,6844
ILLUM_00618,-81.938,18.2054,83.0,7271,1002,88,0,87.5,9500
ILLUM_00619,-82.5174,-110.7025,57.9,5072,404,357,0,51.2,6627
ILLUM_00620,-88.1548,-143.3236,51.9,4546,580,663,0,47.8,5940
ILLUM_00621,-87.9065,148.0034,0.0,0,0,8760,1,0.0,0
ILLUM_00622,-86.2953,115.3827,45.3,3968,581,437,0,56.2,5185
ILLUM_00623,-85.1548,93.6126,74.2,6500,1125,236,0,86.7,8493
ILLUM_00624,-83.8175,-162.4441,5.5,482,0,439,0,1.8,630
ILLUM_00625,-86.3109,123.7424,80.5,7052,1204,132,0,92.4,9214
ILLUM_00626,-85.3747,-22.3041,56.1,4914,473,630,0,51.9,6421
ILLUM_00627,-82.5253,-56.7378,78.5,6877,1177,140,0,72.3,8985
ILLUM_00628,-89.6332,16.7315,5.0,438,0,522,0,3.9,572
ILLUM_00629,-87.4756,-147.1128,81.2,7113,902,166,0,77.2,9294
ILLUM_00630,-82.8665,92.3928,10.9,955,0,605,0,21.4,1248
ILLUM_00631,-81.0479,29.6766,65.8,5764,352,503,0,73.5,7531
ILLUM_00632,-84.8832,-112.8276,41.4,3627,520,507,0,30.4,4738
ILLUM_00633,-84.6789,-112.2364,62.4,5466,407,543,0,55.4,7142
ILLUM_00634,-88.9283,-113.6705,57.2,5011,638,729,0,50.5,6547
ILLUM_00635,-85.5259,-159.4791,17.0,1489,0,584,0,12.0,1946
ILLUM_00636,-84.6738,31.6074,48.6,4257,584,402,0,54.1,5562
ILLUM_00637,-87.5753,122.5253,27.2,2383,670,550,0,34.8,3113
ILLUM_00638,-87.3076,-173.7006,50.7,4441,375,516,0,52.1,5803
ILLUM_00639,-86.2272,-162.3583,68.7,6018,435,457,0,67.1,7863
ILLUM_00640,-89.7993,26.1973,5.0,438,0,744,0,12.1,572
ILLUM_00641,-86.7792,115.0184,43.9,3846,342,489,0,58.1,5025
ILLUM_00642,-87.8855,-62.374,55.9,4897,522,477,0,49.8,6398
ILLUM_00643,-86.725,-54.1388,27.4,2400,442,527,0,20.0,3136
ILLUM_00644,-88.8024,34.6847,93.0,8147,1609,36,0,96.2,10644
ILLUM_00645,-81.0947,-81.2834,50.6,4433,389,716,0,39.5,5791
ILLUM_00646,-84.0641,-170.421,14.7,1288,0,749,0,15.7,1682
ILLUM_00647,-83.209,84.6823,11.7,1025,0,526,0,20.2,1339
ILLUM_00648,-82.1083,45.234,47.4,4152,527,637,0,58.6,5425
ILLUM_00649,-85.0156,29.0722,37.8,3311,576,431,0,40.5,4326
ILLUM_00650,-89.1308,87.0063,0.0,0,0,8760,1,0.0,0
ILLUM_00651,-84.6289,63.0831,5.0,438,0,562,0,11.8,572
ILLUM_00652,-84.1316,-105.8825,54.5,4774,300,676,0,44.2,6238
ILLUM_00653,-82.5456,-53.1068,54.3,4757,478,738,0,48.9,6215
ILLUM_00654,-85.6834,-134.6003,16.6,1454,0,733,0,6.4,1900
ILLUM_00655,-88.7242,-133.2515,0.0,0,0,8760,1,0.0,0
ILLUM_00656,-87.1622,63.4305,89.8,7866,1772,40,0,98.5,10278
ILLUM_00657,-86.3692,129.096,90.7,7945,1540,67,0,98.5,10381
ILLUM_00658,-83.5408,166.5837,0.0,0,0,8760,1,0.0,0
ILLUM_00659,-84.2922,46.205,72.6,6360,1369,194,0,83.9,8309
ILLUM_00660,-86.439,-113.7235,15.7,1375,0,544,0,10.7,1797
ILLUM_00661,-80.1348,-141.9659,12.6,1104,0,730,0,8.7,1442
ILLUM_00662,-83.9423,112.6263,40.3,3530,307,499,0,51.5,4613
ILLUM_00663,-87.6277,28.3523,56.9,4984,645,591,0,63.6,6512
ILLUM_00664,-88.9822,42.5826,77.7,6807,979,99,0,87.6,8893
ILLUM_00665,-88.4714,101.3264,17.2,1507,0,710,0,31.8,1969
ILLUM_00666,-87.5404,73.1798,43.1,3776,640,527,0,55.1,4933
ILLUM_00667,-88.3932,120.405,60.0,5256,499,561,0,70.1,6867
ILLUM_00668,-88.1343,-159.763,40.7,3565,453,508,0,38.9,4658
ILLUM_00669,-87.149,89.1074,41.3,3618,421,746,0,53.1,4727
ILLUM_00670,-88.2663,126.307,19.9,1743,0,400,0,29.4,2278
ILLUM_00671,-81.0323,-76.9914,91.4,8007,1695,76,0,84.0,10461
ILLUM_00672,-89.1977,50.561,41.9,3670,439,638,0,52.9,4796
ILLUM_00673,-84.7549,-66.9017,48.8,4275,534,710,0,41.4,5585
ILLUM_00674,-85.896,164.8696,19.4,1699,0,369,0,23.4,2220
ILLUM_00675,-80.1762,-167.9675,45.1,3951,501,525,0,46.8,5162
ILLUM_00676,-88.8796,28.7254,23.3,2041,671,729,0,29.1,2667
ILLUM_00677,-86.0214,-120.0587,14.7,1288,0,421,0,10.6,1682
ILLUM_00678,-80.3053,76.3993,24.1,2111,563,579,0,35.9,2758
ILLUM_00679,-81.3449,-116.6795,5.0,438,0,679,0,0.0,572
ILLUM_00680,-81.8293,-95.262,53.6,4695,492,470,0,44.2,6135
ILLUM_00681,-87.421,-2.0265,35.9,3145,692,491,0,36.5,4109
ILLUM_00682,-88.2911,149.3406,83.6,7323,1050,245,0,90.5,9568
ILLUM_00683,-83.3136,-103.7828,5.0,438,0,528,0,0.0,572
ILLUM_00684,-80.7062,-128.0736,5.0,438,0,555,0,0.0,572
ILLUM_00685,-84.4324,93.2317,84.3,7385,1114,128,0,94.1,9649
ILLUM_00686,-84.2839,0.223,7.5,657,0,547,0,12.1,858
ILLUM_00687,-87.2002,148.2426,5.0,438,0,447,0,5.5,572
ILLUM_00688,-82.3051,-127.2188,12.2,1069,0,476,0,9.0,1396
ILLUM_00689,-88.1296,52.534,75.0,6570,1053,129,0,86.2,8584
ILLUM_00690,-86.7632,-96.1635,75.7,6631,1431,92,0,66.3,8664
ILLUM_00691,-85.7456,-123.5662,32.7,2865,612,697,0,24.0,3743
ILLUM_00692,-84.9239,66.0346,59.9,5247,484,643,0,72.6,6856
ILLUM_00693,-87.5759,33.7265,46.8,4100,455,492,0,53.7,5356
ILLUM_00694,-88.8516,91.7379,82.5,7227,970,149,0,95.9,9443
ILLUM_00695,-83.8938,-68.5935,6.9,604,0,577,0,0.0,790
ILLUM_00696,-87.1137,-18.7302,75.1,6579,1250,216,0,74.0,8596
ILLUM_00697,-84.1876,-34.0302,14.5,1270,0,585,0,10.6,1660
ILLUM_00698,-88.4564,174.2722,37.0,3241,625,576,0,38.2,4235
ILLUM_00699,-85.1886,-74.7904,18.9,1656,0,664,0,8.6,2163
ILLUM_00700,-84.6741,-73.8658,64.6,5659,500,586,0,57.1,7394
ILLUM_00701,-89.4818,-52.3626,64.1,5615,472,687,0,56.5,7337
ILLUM_00702,-86.634,23.2539,53.8,4713,442,659,0,56.0,6158
ILLUM_00703,-88.6559,-89.1638,60.4,5291,651,494,0,56.3,6913
ILLUM_00704,-89.3663,149.5044,61.6,5396,445,431,0,65.8,7050
ILLUM_00705,-80.1004,-84.3532,74.7,6544,1248,208,0,63.8,8550
ILLUM_00706,-86.7765,142.4937,23.0,2015,652,433,0,28.8,2632
ILLUM_00707,-81.9013,-142.749,39.0,3416,687,362,0,34.7,4464
ILLUM_00708,-87.4536,56.3626,10.9,955,0,464,0,22.7,1248
ILLUM_00709,-83.185,146.5148,39.8,3486,603,648,0,46.3,4555
ILLUM_00710,-82.3977,-119.2502,64.1,5615,382,613,0,57.9,7337
ILLUM_00711,-84.0436,168.5977,61.2,5361,347,584,0,67.7,7005
ILLUM_00712,-85.2842,-16.962,64.3,5633,631,472,0,64.5,7359
ILLUM_00713,-85.8816,160.4574,28.5,2497,595,559,0,32.7,3262
ILLUM_00714,-86.5113,63.6552,61.8,5414,486,548,0,71.9,7073
ILLUM_00715,-80.7047,-71.4287,31.9,2794,596,666,0,25.4,3651
ILLUM_00716,-81.6938,-112.2111,82.6,7236,1142,177,0,80.5,9454
ILLUM_00717,-80.3497,-70.6554,31.3,2742,619,528,0,23.2,3582
ILLUM_00718,-88.757,-146.5137,53.9,4722,503,733,0,51.8,6169
ILLUM_00719,-82.6913,-128.2075,68.5,6001,348,466,0,63.4,7840
ILLUM_00720,-80.6166,-142.3222,79.7,6982,1189,98,0,80.0,9122
ILLUM_00721,-88.1877,-27.7403,39.9,3495,482,704,0,36.9,4567
ILLUM_00722,-89.335,106.4082,34.1,2987,391,689,0,43.8,3903
ILLUM_00723,-82.5888,-129.1019,38.9,3408,570,450,0,33.1,4452
ILLUM_00724,-84.2553,-133.0846,30.1,2637,431,359,0,23.4,3445
ILLUM_00725,-81.5817,51.6344,59.9,5247,435,571,0,70.0,6856
ILLUM_00726,-88.6023,-109.0141,82.3,7209,1219,107,0,79.2,9420
ILLUM_00727,-82.0473,-144.8604,11.8,1034,0,630,0,6.2,1351
ILLUM_00728,-87.9837,-119.9345,0.0,0,0,8760,1,0.0,0
ILLUM_00729,-88.3634,152.5433,80.4,7043,954,172,0,89.9,9202
ILLUM_00730,-88.3573,115.7297,10.6,929,0,393,0,18.5,1213
ILLUM_00731,-81.8543,-52.5368,46.2,4047,530,595,0,39.0,5288
ILLUM_00732,-83.348,56.0955,78.8,6903,1050,172,0,90.5,9019
ILLUM_00733,-84.7693,13.4192,83.0,7271,1362,121,0,87.9,9500
ILLUM_00734,-86.4117,63.7647,47.9,4196,511,545,0,57.8,5482
ILLUM_00735,-81.228,65.7616,5.0,438,0,520,0,11.5,572
ILLUM_00736,-86.0755,46.3442,7.5,657,0,677,0,17.3,858
ILLUM_00737,-81.834,-84.2035,0.0,0,0,8760,1,0.0,0
ILLUM_00738,-85.6087,-165.9577,12.5,1095,0,463,0,9.3,1431
ILLUM_00739,-86.2306,-15.996,17.0,1489,0,504,0,11.4,1946
ILLUM_00740,-85.3732,140.7506,72.6,6360,1432,188,0,79.7,8309
ILLUM_00741,-86.9862,25.019,69.7,6106,577,660,0,75.5,7977
ILLUM_00742,-82.5239,119.6608,75.9,6649,1262,218,0,88.8,8687
ILLUM_00743,-84.9728,176.9848,11.3,990,0,564,0,10.6,1293
ILLUM_00744,-87.6779,-121.0982,17.6,1542,0,456,0,10.3,2014
ILLUM_00745,-81.0043,69.04,75.0,6570,1374,126,0,88.5,8584
ILLUM_00746,-86.1611,62.7457,68.1,5966,631,418,0,77.4,7794
ILLUM_00747,-84.5645,172.784,77.2,6763,1246,83,0,77.8,8836
ILLUM_00748,-80.9353,174.8163,93.0,8147,1828,58,0,94.9,10644
ILLUM_00749,-83.7576,67.2043,84.7,7420,1116,96,0,91.3,9694
ILLUM_00750,-88.831,-92.2987,46.6,4082,301,434,0,39.5,5334
ILLUM_00751,-80.6017,107.4801,27.8,2435,495,648,0,39.1,3182
ILLUM_00752,-83.7229,-141.4695,50.9,4459,681,423,0,47.9,5826
ILLUM_00753,-86.6509,101.0517,57.3,5019,358,626,0,70.5,6558
ILLUM_00754,-88.6073,147.6706,33.8,2961,356,490,0,37.2,3869
ILLUM_00755,-82.0597,-42.18,69.1,6053,499,457,0,66.5,7909
ILLUM_00756,-83.7993,47.0287,7.5,657,0,719,0,16.1,858
ILLUM_00757,-84.6654,-25.1486,74.6,6535,1207,229,0,69.8,8538
ILLUM_00758,-81.0611,-22.4046,5.0,438,0,507,0,0.0,572
ILLUM_00759,-82.114,-68.2665,44.0,3854,374,431,0,38.0,5036
ILLUM_00760,-88.4833,94.3667,79.5,6964,1377,145,0,91.8,9099
ILLUM_00761,-86.8828,157.0236,5.0,438,0,479,0,12.1,572
ILLUM_00762,-87.5151,158.6703,47.5,4161,654,663,0,52.8,5437
ILLUM_00763,-82.5605,-117.0787,14.9,1305,0,560,0,6.2,1705
ILLUM_00764,-89.6647,134.9077,83.1,7280,1038,230,0,92.1,9511
ILLUM_00765,-84.3011,85.4753,80.7,7069,1208,220,0,89.0,9236
ILLUM_00766,-82.3754,-88.9785,87.9,7700,1763,41,0,78.7,10061
ILLUM_00767,-81.2323,-155.7775,78.6,6885,1067,109,0,79.0,8996
ILLUM_00768,-86.5792,-83.521,68.3,5983,539,688,0,60.0,7817
ILLUM_00769,-81.7874,148.395,17.0,1489,0,374,0,22.8,1946
ILLUM_00770,-88.8937,47.9443,31.7,2777,575,662,0,36.2,3628
ILLUM_00771,-81.5355,79.5797,0.0,0,0,8760,1,0.0,0
ILLUM_00772,-88.7251,-87.4252,54.7,4792,337,611,0,46.0,6261
ILLUM_00773,-86.0271,78.9797,72.9,6386,1415,156,0,84.1,8344
ILLUM_00774,-82.027,-169.8763,18.9,1656,0,526,0,19.8,2163
ILLUM_00775,-88.5008,-44.8843,8.8,771,0,708,0,5.1,1007
ILLUM_00776,-87.7075,45.6312,44.2,3872,455,511,0,53.0,5059
ILLUM_00777,-82.7775,-127.4052,15.9,1393,0,743,0,7.1,1820
ILLUM_00778,-82.7996,116.2813,61.5,5387,546,638,0,74.9,7039
ILLUM_00779,-83.5885,-95.3887,53.0,4643,635,464,0,44.7,6066
ILLUM_00780,-83.0605,54.8212,0.0,0,0,8760,1,0.0,0
ILLUM_00781,-84.5728,-34.129,5.0,438,0,396,0,0.4,572
ILLUM_00782,-87.482,34.5757,89.7,7858,1771,63,0,97.3,10267
ILLUM_00783,-86.543,-141.3178,5.0,438,0,379,0,0.0,572
ILLUM_00784,-88.184,-173.9114,31.4,2751,394,560,0,29.9,3594
ILLUM_00785,-80.9155,147.4432,64.4,5641,544,664,0,69.9,7371
ILLUM_00786,-84.1661,-82.9332,0.0,0,0,8760,1,0.0,0
ILLUM_00787,-85.9915,115.0837,8.5,745,0,636,0,17.0,973
ILLUM_00788,-85.3799,179.7661,7.5,657,0,626,0,7.3,858
ILLUM_00789,-80.5272,-103.8847,48.6,4257,508,622,0,45.5,5562
ILLUM_00790,-88.4665,-84.5385,79.9,6999,1417,155,0,75.2,9145
ILLUM_00791,-84.1377,58.6295,49.9,4371,334,582,0,61.3,5711
ILLUM_00792,-84.9411,167.5615,55.9,4897,310,447,0,59.5,6398
ILLUM_00793,-83.8855,149.6932,32.5,2847,578,524,0,37.9,3720
ILLUM_00794,-89.8189,1.0352,5.0,438,0,625,0,2.0,572
ILLUM_00795,-81.2788,106.2397,5.0,438,0,621,0,11.7,572
ILLUM_00796,-80.6788,-131.1315,82.5,7227,1333,82,0,76.9,9443
ILLUM_00797,-84.3487,171.8777,10.5,920,0,398,0,11.2,1202
ILLUM_00798,-83.0335,167.1672,93.0,8147,1586,56,0,97.2,10644
ILLUM_00799,-80.775,-121.0576,16.0,1402,0,518,0,7.1,1831
ILLUM_00800,-82.9276,-72.2077,62.3,5457,379,409,0,54.6,7131
ILLUM_00801,-88.4746,-143.9442,88.7,7770,1642,66,0,84.3,10152
ILLUM_00802,-84.2371,-82.1817,35.1,3075,469,618,0,24.5,4017
ILLUM_00803,-83.9328,113.7441,71.0,6220,1200,181,0,78.9,8126
ILLUM_00804,-85.7587,-43.8064,30.3,2654,699,579,0,26.4,3468
ILLUM_00805,-82.6356,-148.1771,24.9,2181,405,434,0,23.7,2850
ILLUM_00806,-80.6563,-56.7988,19.1,1673,0,672,0,10.8,2186
ILLUM_00807,-80.7443,173.298,73.0,6395,979,215,0,79.2,8355
ILLUM_00808,-85.4916,46.6861,23.3,2041,629,619,0,31.7,2667
ILLUM_00809,-88.8676,-30.1821,29.8,2610,528,456,0,21.9,3411
ILLUM_00810,-80.1516,-120.0461,92.4,8094,1527,59,0,86.2,10576
ILLUM_00811,-81.611,175.0236,30.3,2654,655,595,0,32.0,3468
ILLUM_00812,-88.7534,115.5056,38.3,3355,603,450,0,49.2,4384
ILLUM_00813,-80.7916,-78.6682,93.0,8147,1713,78,0,84.3,10644
ILLUM_00814,-81.301,-154.7753,35.0,3066,477,457,0,30.8,4006
ILLUM_00815,-84.8116,-159.6148,0.0,0,0,8760,1,0.0,0
ILLUM_00816,-84.0872,-136.6639,79.5,6964,1231,93,0,71.8,9099
ILLUM_00817,-86.01,29.0767,29.2,2558,340,423,0,34.5,3342
ILLUM_00818,-89.4524,154.3548,20.8,1822,560,606,0,26.5,2381
ILLUM_00819,-86.648,-1.1724,35.0,3066,561,452,0,40.0,4006
ILLUM_00820,-81.9715,123.4604,65.1,5703,686,441,0,74.9,7451
ILLUM_00821,-89.9537,-19.4808,5.0,438,0,595,0,0.8,572
ILLUM_00822,-86.665,75.0901,0.0,0,0,8760,1,0.0,0
ILLUM_00823,-86.0183,83.4742,31.3,2742,374,560,0,42.8,3582
ILLUM_00824,-84.626,-117.3731,19.0,1664,0,443,0,14.4,2175
ILLUM_00825,-80.8014,-49.9622,65.6,5747,411,433,0,54.5,7508
ILLUM_00826,-86.5365,49.4288,0.0,0,0,8760,1,0.0,0
ILLUM_00827,-86.5305,-154.5492,57.5,5037,533,372,0,53.3,6581
ILLUM_00828,-82.625,-49.8455,46.2,4047,475,700,0,40.3,5288
ILLUM_00829,-85.4778,12.5278,14.6,1279,0,445,0,22.8,1671
ILLUM_00830,-87.754,178.6408,24.4,2137,347,721,0,25.6,2793
ILLUM_00831,-85.4756,-9.1679,16.0,1402,0,695,0,14.6,1831
ILLUM_00832,-88.5914,113.7804,5.0,438,0,611,0,14.5,572
ILLUM_00833,-88.2361,-24.4558,60.2,5274,531,510,0,54.7,6890
ILLUM_00834,-85.0163,106.7007,65.8,5764,687,357,0,73.5,7531
ILLUM_00835,-85.8107,34.3493,15.9,1393,0,668,0,21.4,1820
ILLUM_00836,-80.8515,139.1744,57.8,5063,397,473,0,65.0,6615
ILLUM_00837,-86.3761,-32.0607,88.5,7753,1650,53,0,88.0,10129
ILLUM_00838,-84.1941,37.5496,5.0,438,0,746,0,13.2,572
ILLUM_00839,-83.6774,46.8067,44.1,3863,581,384,0,53.9,5047
ILLUM_00840,-89.8691,-29.7421,71.8,6290,1334,87,0,64.7,8218
ILLUM_00841,-83.3646,-128.0477,5.0,438,0,661,0,0.0,572
ILLUM_00842,-88.2196,-146.3186,74.6,6535,917,146,0,68.4,8538
ILLUM_00843,-80.3893,-173.9982,89.2,7814,1607,69,0,92.0,10209
ILLUM_00844,-88.5134,134.4723,6.3,552,0,570,0,15.5,721
ILLUM_00845,-85.8538,-94.869,75.1,6579,1122,118,0,68.1,8596
ILLUM_00846,-89.1465,-103.8576,34.0,2978,509,467,0,26.3,3891
ILLUM_00847,-80.0313,84.9727,11.9,1042,0,511,0,23.7,1362
ILLUM_00848,-84.978,-64.7942,48.7,4266,590,459,0,37.8,5574
ILLUM_00849,-84.0461,2.1761,6.5,569,0,680,0,7.2,744
ILLUM_00850,-89.3292,-121.496,47.9,4196,647,441,0,41.1,5482
ILLUM_00851,-82.5004,165.5085,5.0,438,0,724,0,4.3,572
ILLUM_00852,-87.9009,126.5693,69.2,6062,388,549,0,77.2,7920
ILLUM_00853,-81.0195,130.9643,45.2,3960,634,501,0,53.9,5173
ILLUM_00854,-87.9486,-33.5615,43.1,3776,539,423,0,38.1,4933
ILLUM_00855,-88.0931,94.45,20.2,1770,668,668,0,28.6,2312
ILLUM_00856,-89.6345,-128.2046,31.3,2742,686,458,0,26.5,3582
ILLUM_00857,-85.2793,-176.8972,15.1,1323,0,577,0,16.7,1728
ILLUM_00858,-84.3516,-172.8097,68.2,5974,536,591,0,68.6,7806
ILLUM_00859,-89.3429,31.1766,17.0,1489,0,653,0,24.1,1946
ILLUM_00860,-82.2447,-16.0578,56.6,4958,395,689,0,55.8,6478
ILLUM_00861,-85.4671,6.4855,23.7,2076,481,596,0,27.7,2713
ILLUM_00862,-84.7561,-177.3133,59.0,5168,647,746,0,61.9,6753
ILLUM_00863,-85.5924,-27.8328,52.2,4573,525,351,0,46.7,5975
ILLUM_00864,-85.9924,78.5045,0.0,0,0,8760,1,0.0,0
ILLUM_00865,-84.4036,-20.6303,61.3,5370,437,612,0,60.4,7016
ILLUM_00866,-88.4476,83.5989,36.8,3224,669,454,0,49.4,4212
ILLUM_00867,-88.1807,-96.1132,74.2,6500,1314,106,0,68.1,8493
ILLUM_00868,-81.3821,112.7311,0.0,0,0,8760,1,0.0,0
ILLUM_00869,-80.5388,31.8352,47.4,4152,655,370,0,56.6,5425
ILLUM_00870,-86.2669,-104.1253,79.7,6982,1142,148,0,73.6,9122
ILLUM_00871,-87.2926,-94.7806,76.4,6693,990,183,0,68.8,8744
ILLUM_00872,-83.56,46.091,50.5,4424,623,649,0,57.7,5780
ILLUM_00873,-85.9127,118.7783,6.2,543,0,669,0,15.3,710
ILLUM_00874,-89.7461,-30.374,50.3,4406,669,376,0,48.7,5757
ILLUM_00875,-88.4385,-87.0118,31.8,2786,444,485,0,23.8,3640
ILLUM_00876,-82.8403,132.1242,48.8,4275,415,695,0,58.7,5585
ILLUM_00877,-83.4108,60.9366,58.5,5125,601,734,0,70.2,6696
ILLUM_00878,-89.729,-18.6892,58.9,5160,633,476,0,58.1,6741
ILLUM_00879,-87.7803,-4.3559,64.1,5615,309,628,0,63.2,7337
ILLUM_00880,-87.6893,-106.4677,64.2,5624,420,422,0,54.9,7348
ILLUM_00881,-83.2811,45.6489,13.3,1165,0,380,0,17.5,1522
ILLUM_00882,-89.8029,-50.8527,15.9,1393,0,740,0,10.5,1820
ILLUM_00883,-88.9589,178.4323,56.1,4914,518,358,0,60.2,6421
ILLUM_00884,-82.0008,-7.1339,37.0,3241,617,548,0,37.5,4235
ILLUM_00885,-88.2146,-5.0812,72.9,6386,1254,230,0,71.6,8344
ILLUM_00886,-83.4725,23.7066,7.3,639,0,721,0,15.9,836
ILLUM_00887,-87.6182,150.0322,0.0,0,0,8760,1,0.0,0
ILLUM_00888,-89.0056,108.2945,51.0,4468,323,551,0,62.5,5837
ILLUM_00889,-87.5683,-17.5932,47.6,4170,608,679,0,44.5,5448
ILLUM_00890,-82.7773,78.7317,25.5,2234,527,523,0,35.1,2919
ILLUM_00891,-81.443,31.0448,39.0,3416,588,566,0,43.9,4464
ILLUM_00892,-81.6978,-2.7479,5.0,438,0,582,0,2.8,572
ILLUM_00893,-86.0282,-110.7663,9.0,788,0,635,0,0.0,1030
ILLUM_00894,-83.3191,-12.9829,12.3,1077,0,560,0,6.8,1408
ILLUM_00895,-87.9502,-91.5053,55.0,4818,399,508,0,44.8,6295
ILLUM_00896,-87.0685,149.3432,78.9,6912,1267,226,0,87.2,9030
ILLUM_00897,-81.0366,-59.2535,23.3,2041,306,639,0,16.1,2667
ILLUM_00898,-89.87,162.815,5.4,473,0,569,0,6.2,618
ILLUM_00899,-89.1449,11.8999,67.9,5948,470,624,0,69.4,7771
ILLUM_00900,-87.9211,47.356,77.4,6780,953,183,0,88.6,8859
ILLUM_00901,-89.7347,15.4586,8.8,771,0,494,0,15.8,1007
ILLUM_00902,-88.1856,-133.423,32.0,2803,671,450,0,29.4,3663
ILLUM_00903,-84.1696,-44.7044,17.0,1489,0,440,0,8.0,1946
ILLUM_00904,-85.7858,-144.3074,12.6,1104,0,712,0,4.3,1442
ILLUM_00905,-81.0733,44.2635,60.0,5256,512,513,0,68.6,6867
ILLUM_00906,-81.8256,-19.1253,90.1,7893,1682,68,0,88.6,10312
ILLUM_00907,-86.5818,100.0746,66.3,5808,634,493,0,74.3,7588
ILLUM_00908,-87.4058,-100.6306,93.0,8147,1700,54,0,83.7,10644
ILLUM_00909,-86.2031,-120.7562,41.5,3635,559,372,0,32.7,4750
ILLUM_00910,-84.0971,-33.7204,83.0,7271,1342,165,0,79.7,9500
ILLUM_00911,-87.3194,153.5707,18.1,1586,0,544,0,23.9,2072
ILLUM_00912,-83.7585,75.7519,10.3,902,0,434,0,20.9,1179
ILLUM_00913,-85.9059,-29.1875,63.4,5554,521,693,0,61.9,7256
ILLUM_00914,-84.4795,6.218,35.7,3127,414,748,0,36.4,4086
ILLUM_00915,-85.6387,-149.6833,29.1,2549,482,416,0,25.1,3331
ILLUM_00916,-87.0553,174.4473,60.5,5300,546,648,0,64.7,6925
ILLUM_00917,-80.5155,59.9066,33.1,2900,328,741,0,40.3,3788
ILLUM_00918,-82.3639,-77.2545,54.1,4739,609,720,0,44.6,6192
ILLUM_00919,-88.5989,30.891,28.2,2470,478,447,0,33.6,3228
ILLUM_00920,-81.3153,-140.5863,72.2,6325,1202,114,0,68.1,8264
ILLUM_00921,-85.1257,167.7012,29.8,2610,577,581,0,31.8,3411
ILLUM_00922,-81.0545,-117.0774,48.8,4275,575,375,0,41.9,5585
ILLUM_00923,-82.0014,53.2909,7.7,675,0,544,0,10.2,881
ILLUM_00924,-85.7479,-91.6364,0.0,0,0,8760,1,0.0,0
ILLUM_00925,-89.7753,78.3221,55.7,4879,532,669,0,68.7,6375
ILLUM_00926,-87.3132,99.6557,17.3,1515,0,392,0,28.1,1980
ILLUM_00927,-84.5837,62.4311,0.0,0,0,8760,1,0.0,0
ILLUM_00928,-83.6652,41.2198,20.5,1796,672,584,0,31.5,2346
ILLUM_00929,-87.4211,141.2889,56.7,4967,513,667,0,61.0,6490
ILLUM_00930,-88.6064,-151.6944,50.4,4415,507,590,0,47.3,5769
ILLUM_00931,-81.6507,-60.8707,23.1,2024,621,744,0,17.3,2644
ILLUM_00932,-80.156,-90.6165,60.7,5317,361,467,0,55.9,6947
ILLUM_00933,-84.7431,175.685,0.0,0,0,8760,1,0.0,0
ILLUM_00934,-88.2832,-39.8197,5.0,438,0,397,0,0.0,572
ILLUM_00935,-87.2769,83.7406,39.4,3451,669,739,0,49.6,4510
ILLUM_00936,-89.8161,66.5011,57.0,4993,578,590,0,65.6,6524
ILLUM_00937,-80.857,-103.6508,56.0,4906,648,403,0,46.0,6409
ILLUM_00938,-88.8225,-93.9608,5.0,438,0,667,0,0.0,572
ILLUM_00939,-84.2348,-78.7376,17.3,1515,0,476,0,10.2,1980
ILLUM_00940,-87.2594,-31.9942,7.7,675,0,470,0,0.6,881
ILLUM_00941,-84.4582,-95.643,51.4,4503,360,703,0,44.1,5883
ILLUM_00942,-83.4858,-172.9255,56.8,4976,479,584,0,60.1,6501
ILLUM_00943,-81.7026,136.5815,12.0,1051,0,405,0,22.0,1373
ILLUM_00944,-87.9358,167.6195,32.7,2865,321,687,0,33.8,3743
ILLUM_00945,-89.89,-57.0347,32.3,2829,302,436,0,22.9,3697
ILLUM_00946,-88.6311,-58.1375,0.0,0,0,8760,1,0.0,0
ILLUM_00947,-80.9998,-177.4469,16.1,1410,0,733,0,18.0,1843
ILLUM_00948,-81.2611,64.8902,0.0,0,0,8760,1,0.0,0
ILLUM_00949,-84.0259,117.1584,72.1,6316,1091,115,0,83.3,8252
ILLUM_00950,-83.9948,-127.221,75.9,6649,1427,151,0,70.8,8687
ILLUM_00951,-83.3496,-122.5201,63.0,5519,470,578,0,54.9,7211
ILLUM_00952,-88.2463,104.43,26.7,2339,645,608,0,38.1,3056
ILLUM_00953,-80.8559,41.8647,77.2,6763,1092,176,0,84.9,8836
ILLUM_00954,-85.8123,-163.8502,69.3,6071,648,506,0,67.7,7932
ILLUM_00955,-86.1686,44.1169,62.3,5457,352,636,0,73.9,7131
ILLUM_00956,-84.8108,-68.7896,10.2,894,0,548,0,0.0,1167
ILLUM_00957,-89.5303,-47.2589,0.0,0,0,8760,1,0.0,0
ILLUM_00958,-88.3372,97.1033,61.1,5352,324,404,0,76.0,6993
ILLUM_00959,-82.6197,111.9367,84.5,7402,1392,203,0,98.5,9671
ILLUM_00960,-89.172,-35.8716,74.7,6544,1042,223,0,67.6,8550
ILLUM_00961,-83.9685,160.9751,77.3,6771,1240,89,0,82.2,8847
ILLUM_00962,-87.5465,-33.6734,51.5,4511,485,459,0,46.2,5894
ILLUM_00963,-86.107,97.861,29.0,2540,655,709,0,38.8,3319
ILLUM_00964,-87.1131,-5.8042,64.9,5685,365,630,0,63.4,7428
ILLUM_00965,-86.4433,143.1116,68.1,5966,506,725,0,73.6,7794
ILLUM_00966,-82.8095,146.794,60.7,5317,568,399,0,69.6,6947
ILLUM_00967,-87.0288,-148.5299,88.6,7761,1684,30,0,84.7,10141
ILLUM_00968,-84.336,157.1376,31.2,2733,305,665,0,38.8,3571
ILLUM_00969,-85.2395,117.1925,5.0,438,0,434,0,12.7,572
ILLUM_00970,-83.3633,104.8719,83.4,7306,1264,246,0,96.0,9546
ILLUM_00971,-80.6317,-107.6719,11.4,999,0,689,0,5.7,1305
ILLUM_00972,-82.6743,109.8429,62.9,5510,517,547,0,75.7,7199
ILLUM_00973,-87.8506,126.0478,76.4,6693,987,212,0,91.0,8744
ILLUM_00974,-89.6882,-75.9059,28.6,2505,536,522,0,19.8,3273
ILLUM_00975,-87.3774,162.8136,80.1,7017,1136,198,0,81.8,9168
ILLUM_00976,-84.0492,-162.0503,30.8,2698,561,449,0,28.5,3525
ILLUM_00977,-89.4857,-126.0327,73.5,6439,1074,243,0,67.4,8412
ILLUM_00978,-85.0363,13.5292,5.7,499,0,368,0,9.0,652
ILLUM_00979,-84.0316,27.2853,62.6,5484,447,605,0,66.8,7165
ILLUM_00980,-86.6576,52.254,62.5,5475,408,482,0,72.2,7153
ILLUM_00981,-82.2909,-173.8911,43.3,3793,347,586,0,45.6,4956
ILLUM_00982,-88.934,165.732,63.9,5598,454,471,0,67.7,7314
ILLUM_00983,-89.2486,-163.9483,88.5,7753,1560,71,0,84.9,10129
ILLUM_00984,-82.7181,-128.4977,65.0,5694,428,706,0,61.9,7440
ILLUM_00985,-85.0451,-174.9548,0.0,0,0,8760,1,0.0,0
ILLUM_00986,-83.116,24.069,41.3,3618,569,670,0,46.7,4727
ILLUM_00987,-85.6517,155.6161,48.2,4222,622,425,0,54.3,5517
ILLUM_00988,-87.536,59.741,25.2,2208,309,610,0,33.7,2884
ILLUM_00989,-81.809,116.1567,89.2,7814,1552,78,0,98.5,10209
ILLUM_00990,-82.0058,-175.2188,5.0,438,0,488,0,4.4,572
ILLUM_00991,-83.053,15.1255,33.3,2917,364,689,0,36.7,3811
ILLUM_00992,-87.2785,-14.5573,27.7,2427,477,634,0,25.8,3170
ILLUM_00993,-84.0977,-0.3715,41.0,3592,476,619,0,36.7,4693
ILLUM_00994,-86.3903,-154.0033,86.5,7577,1763,60,0,82.8,9900
ILLUM_00995,-89.0842,66.3967,31.0,2716,638,423,0,44.1,3548
ILLUM_00996,-80.8269,1.1593,82.8,7253,1009,140,0,87.3,9477
ILLUM_00997,-88.6318,95.4536,36.4,3189,325,598,0,50.2,4166
ILLUM_00998,-80.4976,-5.2954,82.3,7209,1313,168,0,80.3,9420
ILLUM_00999,-85.5399,-126.2226,46.1,4038,529,582,0,41.5,5276
ILLUM_01000,-88.1487,53.3725,30.0,2628,364,582,0,37.6,3434
ILLUM_01001,-84.581,-117.9409,42.5,3723,540,615,0,33.9,4864
ILLUM_01002,-81.2705,134.062,36.3,3180,695,388,0,47.5,4155
ILLUM_01003,-82.6778,40.7218,23.2,2032,591,409,0,31.2,2655
ILLUM_01004,-81.9344,-123.4066,26.3,2304,451,445,0,19.2,3010
ILLUM_01005,-83.4122,166.4417,14.1,1235,0,575,0,20.1,1614
ILLUM_01006,-83.0772,6.6116,34.7,3040,482,446,0,33.1,3972
ILLUM_01007,-81.508,-153.7566,58.1,5090,388,722,0,54.9,6650
ILLUM_01008,-87.5033,45.6598,38.9,3408,563,692,0,43.9,4452
ILLUM_01009,-85.1058,-88.8484,70.3,6158,1352,130,0,57.7,8046
ILLUM_01010,-87.7879,109.3296,91.6,8024,1630,52,0,98.5,10484
ILLUM_01011,-80.1233,114.4159,35.6,3119,550,571,0,44.9,4075
ILLUM_01012,-80.5594,172.421,41.2,3609,490,624,0,45.3,4716
ILLUM_01013,-89.6057,0.673,17.8,1559,0,371,0,15.7,2037
ILLUM_01014,-82.9442,-16.2155,36.2,3171,615,476,0,34.5,4143
ILLUM_01015,-80.7475,91.2512,66.4,5817,443,734,0,79.0,7600
ILLUM_01016,-88.1942,-132.3106,18.6,1629,0,511,0,13.3,2129
ILLUM_01017,-84.3205,16.8896,17.0,1489,0,729,0,20.2,1946
ILLUM_01018,-80.8451,16.6491,36.1,3162,528,375,0,38.6,4132
ILLUM_01019,-89.6605,-147.7897,76.1,6666,933,97,0,72.4,8710
ILLUM_01020,-83.0258,-29.5257,58.6,5133,331,525,0,54.3,6707
ILLUM_01021,-87.0265,127.1825,88.1,7718,1683,76,0,98.5,10083
ILLUM_01022,-80.756,128.2153,84.7,7420,1034,176,0,93.8,9694
ILLUM_01023,-80.2894,-144.2744,14.9,1305,0,441,0,8.5,1705
ILLUM_01024,-80.5573,-147.3405,6.4,561,0,642,0,0.0,733
ILLUM_01025,-85.2579,-85.4296,38.5,3373,353,736,0,27.9,4407
ILLUM_01026,-81.3796,134.9158,48.6,4257,319,505,0,56.7,5562
ILLUM_01027,-81.5545,-133.5951,48.5,4249,501,570,0,41.7,5551
ILLUM_01028,-86.809,79.1988,10.1,885,0,479,0,22.6,1156
ILLUM_01029,-81.7108,-143.5804,14.1,1235,0,651,0,5.9,1614
ILLUM_01030,-89.6299,44.3296,5.0,438,0,460,0,11.4,572
ILLUM_01031,-84.0373,-51.8158,78.5,6877,974,201,0,73.0,8985
ILLUM_01032,-87.6999,104.009,86.7,7595,1683,47,0,98.5,9923
ILLUM_01033,-88.7943,-95.8714,8.9,780,0,550,0,1.0,1019
ILLUM_01034,-89.2305,50.1127,18.1,1586,0,386,0,27.9,2072
ILLUM_01035,-83.0371,-95.1543,6.2,543,0,403,0,0.0,710
ILLUM_01036,-86.6013,76.9177,80.7,7069,1443,208,0,93.1,9236
ILLUM_01037,-82.7523,134.5241,90.3,7910,1813,45,0,98.2,10335
ILLUM_01038,-89.3464,-134.3514,24.2,2120,587,454,0,17.7,2770
ILLUM_01039,-86.8471,131.9744,29.4,2575,369,688,0,36.3,3365
ILLUM_01040,-84.6051,33.6871,34.5,3022,460,539,0,40.0,3949
ILLUM_01041,-82.0928,-134.2402,45.6,3995,302,502,0,40.6,5219
ILLUM_01042,-86.8125,-26.0849,65.6,5747,688,529,0,60.4,7508
ILLUM_01043,-83.7411,-122.0903,0.0,0,0,8760,1,0.0,0
ILLUM_01044,-81.1402,72.1252,89.6,7849,1788,55,0,98.5,10255
ILLUM_01045,-83.8414,93.1925,10.1,885,0,748,0,19.5,1156
ILLUM_01046,-87.6704,-141.9133,73.2,6412,1212,236,0,69.7,8378
ILLUM_01047,-89.756,2.2103,30.3,2654,668,405,0,32.2,3468
ILLUM_01048,-81.299,113.265,34.9,3057,680,463,0,45.1,3994
ILLUM_01049,-89.7873,157.0187,68.3,5983,312,375,0,71.2,7817
ILLUM_01050,-81.253,4.8664,88.2,7726,1516,72,0,89.1,10095
ILLUM_01051,-84.7106,162.1005,63.4,5554,422,502,0,71.1,7256
ILLUM_01052,-80.6093,12.848,72.3,6333,1135,227,0,75.9,8275
ILLUM_01053,-82.0122,-38.0914,64.5,5650,553,511,0,65.2,7382
ILLUM_01054,-80.0207,125.3531,28.8,2523,502,451,0,38.6,3296
ILLUM_01055,-86.4929,-2.5262,68.7,6018,463,710,0,71.5,7863
ILLUM_01056,-82.3281,-10.1151,73.7,6456,1022,118,0,72.8,8435
ILLUM_01057,-85.9807,-3.4875,47.2,4135,485,542,0,50.1,5402
ILLUM_01058,-85.2012,124.8426,46.6,4082,619,637,0,59.2,5334
ILLUM_01059,-83.7249,119.499,69.3,6071,421,605,0,80.9,7932
ILLUM_01060,-81.2632,-34.7328,75.6,6623,1164,162,0,71.9,8653
ILLUM_01061,-80.1592,-60.0121,27.7,2427,431,734,0,23.4,3170
ILLUM_01062,-82.3173,-2.9059,76.4,6693,1125,131,0,75.6,8744
ILLUM_01063,-85.8223,26.1981,74.9,6561,1073,219,0,81.8,8573
ILLUM_01064,-85.7864,-94.1986,21.7,1901,317,381,0,12.3,2484
ILLUM_01065,-82.6242,105.8238,68.5,6001,305,588,0,77.7,7840
ILLUM_01066,-87.6122,-4.8662,15.8,1384,0,738,0,16.9,1808
ILLUM_01067,-88.8953,-59.7436,11.6,1016,0,359,0,0.2,1328
ILLUM_01068,-86.4538,-141.5444,53.2,4660,342,712,0,48.4,6089
ILLUM_01069,-87.1276,-94.0157,85.6,7499,1547,35,0,76.3,9797
ILLUM_01070,-87.0369,161.7412,5.0,438,0,428,0,6.5,572
ILLUM_01071,-87.6639,-70.1641,77.8,6815,1245,84,0,69.1,8905
ILLUM_01072,-89.5791,-119.2107,47.0,4117,564,694,0,39.4,5379
ILLUM_01073,-89.8213,-14.1578,78.7,6894,1005,94,0,79.3,9008
ILLUM_01074,-80.1228,-69.4484,81.9,7174,1407,239,0,70.8,9374
ILLUM_01075,-85.7223,-167.3427,80.9,7087,1225,160,0,81.0,9259
ILLUM_01076,-86.1567,-63.6677,68.9,6036,572,589,0,64.1,7886
ILLUM_01077,-83.2035,15.8791,80.9,7087,1230,243,0,82.8,9259
ILLUM_01078,-87.8175,18.6165,15.7,1375,0,748,0,19.9,1797
ILLUM_01079,-80.5004,-51.6388,24.7,2164,569,354,0,21.0,2827
ILLUM_01080,-82.1365,-18.971,20.8,1822,338,509,0,19.8,2381
ILLUM_01081,-89.1059,167.5865,64.8,5676,419,445,0,72.7,7417
ILLUM_01082,-85.8242,-44.1545,12.7,1113,0,627,0,7.6,1454
ILLUM_01083,-81.2088,-87.0383,20.4,1787,539,361,0,7.3,2335
ILLUM_01084,-80.5527,-92.3519,82.2,7201,1059,123,0,73.5,9408
ILLUM_01085,-85.326,-15.2047,65.3,5720,490,680,0,64.4,7474
ILLUM_01086,-83.8659,93.4273,79.8,6990,1055,223,0,93.1,9133
ILLUM_01087,-88.3297,-105.8443,12.6,1104,0,584,0,3.6,1442
ILLUM_01088,-80.0883,75.3466,39.1,3425,646,458,0,47.6,4475
ILLUM_01089,-87.6833,-172.3861,22.5,1971,544,557,0,25.6,2575
ILLUM_01090,-80.5727,-29.1841,6.8,596,0,365,0,0.0,778
ILLUM_01091,-83.5035,99.3114,24.6,2155,513,656,0,36.9,2816
ILLUM_01092,-83.9226,-58.0561,0.0,0,0,8760,1,0.0,0
ILLUM_01093,-84.8731,22.9454,8.2,718,0,381,0,12.7,939
ILLUM_01094,-87.6933,-106.2075,52.0,4555,658,464,0,44.2,5952
ILLUM_01095,-88.2347,87.1183,34.1,2987,679,475,0,46.4,3903
ILLUM_01096,-87.7951,-161.1795,6.0,526,0,577,0,1.2,687
ILLUM_01097,-88.1356,126.9154,67.4,5904,479,578,0,74.9,7714
ILLUM_01098,-82.2042,-108.6493,69.4,6079,403,736,0,59.8,7943
ILLUM_01099,-86.4987,134.7833,77.4,6780,1217,190,0,86.4,8859
ILLUM_01100,-89.4216,-53.0895,43.7,3828,620,746,0,38.1,5002
ILLUM_01101,-80.309,80.1661,89.2,7814,1664,34,0,98.5,10209
ILLUM_01102,-81.1621,-65.0789,84.4,7393,1132,94,0,77.8,9660
ILLUM_01103,-80.7225,146.1282,49.0,4292,644,394,0,58.0,5608
ILLUM_01104,-80.0509,-134.4106,41.5,3635,456,373,0,35.1,4750
ILLUM_01105,-88.261,-115.7329,5.0,438,0,362,0,0.0,572
ILLUM_01106,-86.0376,-2.5092,65.4,5729,327,354,0,67.1,7485
ILLUM_01107,-82.4176,-150.5022,53.3,4669,510,430,0,48.7,6100
ILLUM_01108,-83.0398,-109.4471,85.4,7481,1832,73,0,79.6,9774
ILLUM_01109,-88.461,159.7559,56.7,4967,566,724,0,59.9,6490
ILLUM_01110,-81.8417,171.5363,90.5,7928,1678,77,0,95.8,10358
ILLUM_01111,-87.7556,-44.5466,78.2,6850,1037,215,0,74.1,8950
ILLUM_01112,-87.7618,152.383,89.2,7814,1585,58,0,95.2,10209
ILLUM_01113,-84.6303,16.1369,28.3,2479,604,511,0,33.9,3239
ILLUM_01114,-84.0706,-82.8927,14.7,1288,0,699,0,4.3,1682
ILLUM_01115,-84.1991,72.8635,75.8,6640,1408,167,0,85.3,8676
ILLUM_01116,-89.0851,57.2047,73.0,6395,1041,242,0,83.1,8355
ILLUM_01117,-81.2254,176.0851,21.3,1866,486,704,0,20.8,2438
ILLUM_01118,-87.344,-84.583,68.2,5974,695,428,0,62.7,7806
ILLUM_01119,-88.7049,61.9414,54.7,4792,432,632,0,64.1,6261
ILLUM_01120,-81.1125,-161.2714,9.2,806,0,536,0,7.2,1053
ILLUM_01121,-80.4435,-139.0874,47.2,4135,460,376,0,41.1,5402
ILLUM_01122,-81.3787,-178.5894,89.3,7823,1616,65,0,88.2,10221
ILLUM_01123,-81.9048,179.8058,40.9,3583,646,734,0,48.1,4681
ILLUM_01124,-83.4476,108.8185,71.7,6281,1378,199,0,84.4,8206
ILLUM_01125,-84.4914,103.2203,5.0,438,0,545,0,12.5,572
ILLUM_01126,-89.1301,3.5014,64.9,5685,521,603,0,69.8,7428
ILLUM_01127,-85.9155,-71.9759,86.6,7586,1661,45,0,80.4,9912
ILLUM_01128,-86.2731,-125.5449,47.9,4196,336,657,0,39.3,5482
ILLUM_01129,-87.4025,-77.5171,32.9,2882,505,436,0,22.3,3766
ILLUM_01130,-82.7658,-44.6504,61.4,5379,670,472,0,54.4,7028
ILLUM_01131,-85.0412,92.2716,85.9,7525,1820,76,0,97.0,9832
ILLUM_01132,-89.1895,14.2782,13.7,1200,0,604,0,19.3,1568
ILLUM_01133,-87.7982,-152.1059,38.9,3408,356,561,0,33.7,4452
ILLUM_01134,-83.1674,-173.5096,13.1,1148,0,570,0,13.7,1499
ILLUM_01135,-89.2387,-143.1604,46.8,4100,327,682,0,41.2,5356
ILLUM_01136,-81.4879,-32.2205,48.2,4222,441,633,0,46.0,5517
ILLUM_01137,-85.0485,155.9495,87.0,7621,1813,52,0,93.8,9958
ILLUM_01138,-85.1941,49.4649,38.0,3329,531,603,0,46.8,4349
ILLUM_01139,-84.0759,108.6573,53.1,4652,406,627,0,63.3,6078
ILLUM_01140,-81.7532,-12.1051,80.2,7026,1231,172,0,82.0,9179
ILLUM_01141,-86.5219,-49.8002,0.0,0,0,8760,1,0.0,0
ILLUM_01142,-83.2198,-140.9759,59.7,5230,463,741,0,57.7,6833
ILLUM_01143,-84.3427,135.3359,0.0,0,0,8760,1,0.0,0
ILLUM_01144,-87.3297,101.9376,29.1,2549,690,565,0,41.2,3331
ILLUM_01145,-81.2137,-119.4775,11.3,990,0,617,0,6.9,1293
ILLUM_01146,-82.0257,4.4138,46.4,4065,682,453,0,48.5,5311
ILLUM_01147,-83.4155,-4.5451,32.2,2821,603,498,0,33.1,3685
ILLUM_01148,-81.4942,45.033,22.8,1997,478,733,0,32.4,2610
ILLUM_01149,-81.3271,160.6273,0.0,0,0,8760,1,0.0,0
ILLUM_01150,-82.9164,28.7177,48.0,4205,375,516,0,52.5,5494
ILLUM_01151,-81.6299,14.4782,80.1,7017,1336,158,0,83.9,9168
ILLUM_01152,-83.0253,-161.8837,16.2,1419,0,667,0,15.4,1854
ILLUM_01153,-83.1986,-157.3533,85.8,7516,1749,33,0,85.4,9820
ILLUM_01154,-83.8139,-112.5552,72.3,6333,1262,117,0,66.2,8275
ILLUM_01155,-82.4728,-168.3105,0.0,0,0,8760,1,0.0,0
ILLUM_01156,-88.4139,87.607,36.6,3206,690,522,0,47.0,4189
ILLUM_01157,-81.1913,80.3989,45.6,3995,662,477,0,56.0,5219
ILLUM_01158,-81.2816,-131.0198,55.1,4827,361,684,0,48.8,6306
ILLUM_01159,-89.7075,120.9884,73.5,6439,1434,161,0,83.6,8412
ILLUM_01160,-81.7418,-124.277,76.3,6684,1225,152,0,72.4,8733
ILLUM_01161,-88.7113,-71.5768,5.4,473,0,515,0,0.0,618
ILLUM_01162,-86.6488,-90.3683,83.0,7271,1122,219,0,75.9,9500
ILLUM_01163,-82.5649,-45.9694,89.5,7840,1738,73,0,81.9,10244
ILLUM_01164,-88.3924,-88.321,57.2,5011,668,730,0,46.3,6547
ILLUM_01165,-81.8203,-3.9777,18.3,1603,0,465,0,17.0,2095
ILLUM_01166,-81.6787,-33.3332,79.7,6982,936,232,0,72.3,9122
ILLUM_01167,-84.9253,175.165,51.8,4538,409,693,0,53.0,5929
ILLUM_01168,-89.9361,-159.8665,76.9,6736,1237,116,0,74.2,8802
ILLUM_01169,-87.1296,-128.8147,78.3,6859,971,89,0,69.6,8962
ILLUM_01170,-83.8307,-160.9827,9.4,823,0,552,0,5.0,1076
ILLUM_01171,-80.1881,45.3028,59.4,5203,651,427,0,64.8,6799
ILLUM_01172,-83.6819,-160.3767,44.7,3916,420,377,0,42.5,5116
ILLUM_01173,-87.402,121.1183,86.2,7551,1524,69,0,98.4,9866
ILLUM_01174,-83.6599,4.2979,27.2,2383,640,579,0,28.9,3113
ILLUM_01175,-84.6001,9.7227,19.5,1708,0,639,0,21.3,2232
ILLUM_01176,-82.2015,22.174,81.2,7113,1266,197,0,89.0,9294
ILLUM_01177,-88.9302,-118.5071,12.3,1077,0,369,0,5.3,1408
ILLUM_01178,-82.3897,-108.8315,62.7,5493,340,456,0,55.8,7176
ILLUM_01179,-84.5873,-65.2258,25.6,2243,503,593,0,19.4,2930
ILLUM_01180,-80.3701,33.6587,51.3,4494,671,707,0,59.5,5872
ILLUM_01181,-86.5813,-104.3576,58.5,5125,348,572,0,48.9,6696
ILLUM_01182,-83.6738,-138.1206,40.2,3522,389,371,0,33.0,4601
ILLUM_01183,-80.6797,169.2421,87.4,7656,1625,31,0,94.5,10003
ILLUM_01184,-88.9749,-172.0865,12.8,1121,0,396,0,11.1,1465
ILLUM_01185,-80.6277,108.9711,36.1,3162,691,374,0,46.6,4132
ILLUM_01186,-83.1211,103.6927,41.9,3670,331,499,0,50.6,4796
ILLUM_01187,-89.3216,-73.0029,57.8,5063,478,451,0,50.4,6615
ILLUM_01188,-86.9904,-131.1744,35.2,3084,645,666,0,31.2,4029
ILLUM_01189,-82.9183,-127.5737,8.0,701,0,529,0,1.3,916
ILLUM_01190,-89.3265,71.0754,85.2,7464,1557,62,0,98.5,9752
ILLUM_01191,-84.1783,51.4104,34.0,2978,593,497,0,47.3,3891
ILLUM_01192,-86.5412,101.7884,31.6,2768,376,557,0,42.3,3617
ILLUM_01193,-83.7908,157.4932,42.4,3714,574,369,0,46.3,4853
ILLUM_01194,-89.5426,69.0939,20.4,1787,561,454,0,29.9,2335
ILLUM_01195,-81.2846,-123.8934,6.7,587,0,455,0,1.2,767
ILLUM_01196,-80.2651,-92.3607,11.0,964,0,707,0,4.1,1259
ILLUM_01197,-80.3112,123.1897,15.9,1393,0,522,0,24.2,1820
ILLUM_01198,-82.5035,-104.6498,21.7,1901,344,386,0,9.1,2484
ILLUM_01199,-88.6991,-153.892,41.4,3627,315,492,0,35.5,4738
ILLUM_01200,-82.4174,73.1808,57.1,5002,648,681,0,68.8,6535
ILLUM_01201,-89.7541,-35.0905,58.6,5133,509,486,0,54.0,6707
ILLUM_01202,-89.7788,151.2144,5.0,438,0,450,0,4.8,572
ILLUM_01203,-86.7639,54.0918,84.9,7437,984,144,0,95.6,9717
ILLUM_01204,-85.1136,-147.4492,73.4,6430,921,155,0,72.8,8401
ILLUM_01205,-82.2959,161.2284,83.5,7315,1134,155,0,94.8,9557
ILLUM_01206,-83.167,-86.9194,33.7,2952,661,469,0,24.2,3857
ILLUM_01207,-85.541,-58.6035,61.1,5352,667,467,0,54.6,6993
ILLUM_01208,-87.2637,-35.1863,12.1,1060,0,691,0,10.2,1385
ILLUM_01209,-80.0288,-161.5593,72.7,6369,1363,201,0,74.5,8321
ILLUM_01210,-85.7382,-1.2544,14.4,1261,0,588,0,15.1,1648
ILLUM_01211,-85.4861,-135.6053,29.1,2549,584,502,0,24.0,3331
ILLUM_01212,-88.3638,-35.6507,48.3,4231,648,551,0,40.8,5528
ILLUM_01213,-82.0519,-53.7445,57.8,5063,686,598,0,48.4,6615
ILLUM_01214,-83.0632,98.2224,50.1,4389,367,713,0,63.1,5734
ILLUM_01215,-87.7923,109.1414,0.0,0,0,8760,1,0.0,0
ILLUM_01216,-89.1762,-124.7714,42.2,3697,580,399,0,31.8,4830
ILLUM_01217,-83.195,-48.0416,86.0,7534,1663,72,0,80.2,9843
ILLUM_01218,-83.4549,-45.5929,78.8,6903,1387,175,0,75.7,9019
ILLUM_01219,-87.2674,-125.4922,54.9,4809,374,488,0,48.0,6284
ILLUM_01220,-80.4914,107.4433,48.7,4266,307,708,0,63.9,5574
ILLUM_01221,-88.4894,74.6022,9.2,806,0,688,0,20.3,1053
ILLUM_01222,-85.6767,-111.4626,19.1,1673,0,628,0,9.7,2186
ILLUM_01223,-80.5638,-47.9801,24.1,2111,513,437,0,16.6,2758
ILLUM_01224,-85.8027,-141.9102,44.3,3881,582,492,0,40.2,5070
ILLUM_01225,-83.6147,46.1544,67.8,5939,438,412,0,76.7,7760
ILLUM_01226,-86.0241,-136.3061,40.6,3557,454,497,0,36.9,4647
ILLUM_01227,-87.2578,174.9363,14.5,1270,0,694,0,12.9,1660
ILLUM_01228,-80.1602,101.0455,43.5,3811,679,597,0,51.6,4979
ILLUM_01229,-85.9067,-39.5141,16.5,1445,0,359,0,9.1,1889
ILLUM_01230,-81.059,28.283,68.9,6036,484,461,0,76.1,7886
ILLUM_01231,-87.7005,148.0831,13.8,1209,0,591,0,21.1,1579
ILLUM_01232,-87.869,19.4757,0.0,0,0,8760,1,0.0,0
ILLUM_01233,-89.6887,-117.1805,0.0,0,0,8760,1,0.0,0
ILLUM_01234,-83.4833,-43.6668,19.1,1673,0,398,0,14.8,2186
ILLUM_01235,-86.3147,123.5322,9.1,797,0,681,0,15.6,1042
ILLUM_01236,-81.3564,51.9167,51.2,4485,518,382,0,61.4,5860
ILLUM_01237,-85.2679,54.2608,5.0,438,0,436,0,13.3,572
ILLUM_01238,-80.3181,132.0557,56.3,4932,408,683,0,63.3,6444
ILLUM_01239,-88.1447,141.8303,68.1,5966,416,628,0,77.8,7794
ILLUM_01240,-81.3138,151.1253,30.7,2689,572,530,0,36.1,3514
ILLUM_01241,-82.234,-145.8543,47.7,4179,697,642,0,40.8,5459
ILLUM_01242,-82.2908,15.8854,88.3,7735,1521,40,0,91.0,10106
ILLUM_01243,-81.5522,86.5834,44.3,3881,405,570,0,54.7,5070
ILLUM_01244,-82.3898,92.4937,89.8,7866,1683,58,0,98.5,10278
ILLUM_01245,-83.7378,38.4178,13.5,1183,0,354,0,21.1,1545
ILLUM_01246,-88.6876,-119.9566,70.4,6167,1352,217,0,58.7,8058
ILLUM_01247,-89.6747,107.0714,62.3,5457,446,687,0,71.6,7131
ILLUM_01248,-80.7915,79.2401,80.2,7026,1006,143,0,92.7,9179
ILLUM_01249,-83.8335,-148.9911,6.0,526,0,554,0,3.6,687
ILLUM_01250,-82.0346,-13.0285,22.1,1936,575,617,0,24.4,2529
ILLUM_01251,-85.1848,-117.3681,14.7,1288,0,419,0,3.7,1682
ILLUM_01252,-88.8269,-58.5083,88.8,7779,1646,48,0,80.1,10164
ILLUM_01253,-88.7481,-173.4908,39.4,3451,471,706,0,39.4,4510
ILLUM_01254,-83.1443,-35.8812,83.4,7306,964,158,0,80.6,9546
ILLUM_01255,-85.6969,17.9557,29.5,2584,330,412,0,31.1,3376
ILLUM_01256,-87.9948,43.0497,8.7,762,0,440,0,18.8,996
ILLUM_01257,-85.0841,58.8565,0.0,0,0,8760,1,0.0,0
ILLUM_01258,-89.3579,121.0649,56.7,4967,636,598,0,65.3,6490
ILLUM_01259,-84.1803,-102.4334,75.7,6631,1096,110,0,70.5,8664
ILLUM_01260,-87.3101,-136.6265,37.2,3259,501,655,0,29.7,4258
ILLUM_01261,-82.0244,126.5534,83.3,7297,1401,90,0,94.9,9534
ILLUM_01262,-86.8964,-123.6194,19.9,1743,0,523,0,14.9,2278
ILLUM_01263,-85.4478,170.9136,65.7,5755,504,678,0,67.5,7520
ILLUM_01264,-89.8838,123.3138,65.8,5764,672,487,0,78.2,7531
ILLUM_01265,-89.2755,0.3156,22.7,1989,326,462,0,26.1,2598
ILLUM_01266,-86.0751,173.3117,5.0,438,0,584,0,3.7,572
ILLUM_01267,-85.2006,-144.9444,33.6,2943,556,654,0,29.0,3846
ILLUM_01268,-83.9998,-70.8963,6.2,543,0,363,0,0.0,710
ILLUM_01269,-87.0834,49.7608,82.7,7245,912,80,0,93.2,9465
ILLUM_01270,-83.0502,-53.9975,87.4,7656,1789,45,0,82.5,10003
ILLUM_01271,-81.3988,154.2141,63.9,5598,368,463,0,74.2,7314
ILLUM_01272,-82.2015,-156.3746,68.2,5974,669,496,0,65.0,7806
ILLUM_01273,-89.6038,17.7883,22.2,1945,493,591,0,25.9,2541
ILLUM_01274,-85.1949,32.7119,9.2,806,0,366,0,12.4,1053
ILLUM_01275,-88.9507,54.9821,75.7,6631,1149,108,0,84.4,8664
ILLUM_01276,-87.5795,-87.9602,52.4,4590,415,581,0,43.1,5997
ILLUM_01277,-80.1334,-48.7561,61.6,5396,416,719,0,57.2,7050
ILLUM_01278,-88.575,123.725,71.3,6246,1338,142,0,82.4,8161
ILLUM_01279,-85.0111,-109.8206,0.0,0,0,8760,1,0.0,0
ILLUM_01280,-83.8184,117.6724,13.3,1165,0,643,0,22.6,1522
ILLUM_01281,-82.9754,22.556,76.4,6693,1202,179,0,79.4,8744
ILLUM_01282,-84.4035,94.3875,44.6,3907,550,708,0,53.1,5105
ILLUM_01283,-89.9023,76.8987,76.0,6658,1027,161,0,88.3,8699
ILLUM_01284,-86.7354,-105.2959,40.7,3565,637,494,0,31.9,4658
ILLUM_01285,-84.8229,24.7726,18.5,1621,0,422,0,24.8,2117
ILLUM_01286,-89.1213,132.3803,15.6,1367,0,474,0,23.6,1785
ILLUM_01287,-86.4937,-24.4382,70.7,6193,1132,209,0,66.5,8092
ILLUM_01288,-89.668,167.9727,52.1,4564,502,658,0,56.7,5963
ILLUM_01289,-89.2142,-17.2026,36.7,3215,342,725,0,35.5,4200
ILLUM_01290,-86.0308,-128.5972,43.2,3784,406,495,0,38.9,4944
ILLUM_01291,-88.6728,-39.8035,49.7,4354,373,714,0,45.8,5688
ILLUM_01292,-84.3246,162.6129,23.4,2050,693,587,0,25.7,2678
ILLUM_01293,-83.1054,-64.9005,34.5,3022,655,578,0,26.9,3949
ILLUM_01294,-81.9941,132.5153,24.7,2164,500,484,0,35.2,2827
ILLUM_01295,-87.9985,137.2502,0.0,0,0,8760,1,0.0,0
ILLUM_01296,-88.3252,-53.9329,46.2,4047,376,676,0,39.5,5288
ILLUM_01297,-88.9543,-150.0272,18.3,1603,0,644,0,11.5,2095
ILLUM_01298,-83.6357,80.8408,36.1,3162,699,360,0,47.3,4132
ILLUM_01299,-82.9352,-67.8556,33.7,2952,318,474,0,27.4,3857
ILLUM_01300,-89.6841,101.8525,28.4,2488,631,615,0,37.0,3251
ILLUM_01301,-80.6379,-20.6443,90.4,7919,1694,41,0,91.3,10347
ILLUM_01302,-89.4803,-5.304,5.0,438,0,703,0,6.1,572
ILLUM_01303,-84.587,100.0474,57.4,5028,361,693,0,70.9,6570
ILLUM_01304,-82.9094,-42.3492,14.9,1305,0,425,0,9.8,1705
ILLUM_01305,-81.2903,-20.4742,73.9,6474,1257,235,0,76.3,8458
ILLUM_01306,-82.8591,-44.5714,81.1,7104,933,112,0,79.8,9282
ILLUM_01307,-81.9827,-47.7574,38.7,3390,554,459,0,30.7,4429
ILLUM_01308,-86.6055,9.3408,75.8,6640,1252,177,0,79.9,8676
ILLUM_01309,-81.8517,111.1678,22.8,1997,633,357,0,33.1,2610
ILLUM_01310,-89.1989,-49.7634,12.8,1121,0,525,0,5.7,1465
ILLUM_01311,-81.0518,8.7317,30.3,2654,305,370,0,31.5,3468
ILLUM_01312,-84.5241,61.4618,30.0,2628,381,557,0,41.2,3434
ILLUM_01313,-81.827,-83.0018,37.9,3320,433,446,0,27.8,4338
ILLUM_01314,-85.4768,-80.0918,34.7,3040,350,694,0,25.6,3972
ILLUM_01315,-83.5642,156.0287,36.1,3162,521,592,0,43.1,4132
ILLUM_01316,-84.736,80.4724,66.9,5860,567,452,0,77.3,7657
ILLUM_01317,-82.6841,27.7872,22.8,1997,669,611,0,28.0,2610
ILLUM_01318,-89.1837,53.1792,5.0,438,0,408,0,9.8,572
ILLUM_01319,-89.3965,-169.4522,43.4,3802,421,372,0,44.7,4967
ILLUM_01320,-87.529,42.5171,42.4,3714,431,678,0,49.3,4853
ILLUM_01321,-88.4046,3.4232,7.6,666,0,449,0,6.3,870
ILLUM_01322,-81.2822,16.4699,12.9,1130,0,467,0,15.5,1476
ILLUM_01323,-87.8079,-50.6074,48.9,4284,554,745,0,40.7,5597
ILLUM_01324,-80.2413,-150.6694,24.2,2120,529,576,0,17.4,2770
ILLUM_01325,-86.631,-110.3979,80.7,7069,1378,179,0,74.0,9236
ILLUM_01326,-88.1788,162.2681,0.0,0,0,8760,1,0.0,0
ILLUM_01327,-82.103,-32.8682,5.0,438,0,562,0,0.0,572
ILLUM_01328,-83.4129,-11.9941,39.1,3425,404,672,0,40.4,4475
ILLUM_01329,-85.018,-161.0245,93.0,8147,1838,64,0,90.4,10644
ILLUM_01330,-84.4464,-166.4762,61.4,5379,468,602,0,57.9,7028
ILLUM_01331,-82.808,78.1853,31.3,2742,434,410,0,43.4,3582
ILLUM_01332,-87.7155,13.7141,7.3,639,0,723,0,4.0,836
ILLUM_01333,-80.0367,3.1342,46.4,4065,570,565,0,46.6,5311
ILLUM_01334,-80.2521,-92.4752,18.8,1647,0,379,0,9.6,2152
ILLUM_01335,-83.4967,88.1103,55.8,4888,564,604,0,71.5,6387
ILLUM_01336,-88.0046,-119.4348,53.7,4704,615,632,0,46.7,6146
ILLUM_01337,-83.1977,-111.6235,25.4,2225,611,729,0,15.9,2907
ILLUM_01338,-89.278,-14.1436,7.0,613,0,379,0,4.1,801
ILLUM_01339,-89.6935,-76.9392,67.2,5887,640,705,0,62.0,7691
ILLUM_01340,-87.4232,-90.9133,52.8,4625,404,532,0,45.6,6043
ILLUM_01341,-85.3738,52.2856,79.3,6947,1141,119,0,87.9,9076
ILLUM_01342,-81.3173,54.3498,25.2,2208,306,642,0,32.8,2884
ILLUM_01343,-82.7283,116.8261,62.3,5457,323,591,0,70.9,7131
ILLUM_01344,-82.5729,-29.6249,11.2,981,0,569,0,6.3,1282
ILLUM_01345,-85.7451,-153.6894,26.9,2356,514,412,0,23.3,3079
ILLUM_01346,-86.5407,-81.4801,61.8,5414,619,673,0,52.5,7073
ILLUM_01347,-86.2896,172.802,76.6,6710,984,249,0,79.7,8767
ILLUM_01348,-80.1235,34.6531,26.6,2330,353,555,0,36.2,3044
ILLUM_01349,-89.5989,75.5054,76.9,6736,1048,99,0,85.6,8802
ILLUM_01350,-81.3297,-177.3512,64.5,5650,589,540,0,63.9,7382
ILLUM_01351,-84.2132,6.5541,33.1,2900,556,642,0,34.3,3788
ILLUM_01352,-85.6138,-166.4897,78.3,6859,970,234,0,80.9,8962
ILLUM_01353,-82.7474,24.9229,48.8,4275,663,464,0,52.6,5585
ILLUM_01354,-85.1333,151.4775,59.1,5177,336,380,0,66.4,6764
ILLUM_01355,-81.2658,168.6309,47.5,4161,585,555,0,49.1,5437
ILLUM_01356,-80.993,14.599,43.0,3767,413,502,0,45.5,4922
ILLUM_01357,-85.7828,-15.0463,77.8,6815,1018,115,0,78.0,8905
ILLUM_01358,-87.2317,160.2062,0.0,0,0,8760,1,0.0,0
ILLUM_01359,-84.0765,62.4995,5.0,438,0,523,0,12.3,572
ILLUM_01360,-80.8764,-156.6363,81.5,7139,1035,146,0,79.6,9328
ILLUM_01361,-87.8934,-12.3388,79.6,6973,1313,109,0,76.2,9111
ILLUM_01362,-83.7703,-93.5118,34.9,3057,657,476,0,24.8,3994
ILLUM_01363,-83.6844,-10.8704,19.0,1664,0,734,0,15.7,2175
ILLUM_01364,-82.6689,-16.0324,62.6,5484,548,492,0,61.4,7165
ILLUM_01365,-88.6843,29.5721,7.2,631,0,370,0,12.4,824
ILLUM_01366,-82.8418,-51.5626,36.8,3224,499,635,0,32.4,4212
ILLUM_01367,-80.9097,-120.8626,7.6,666,0,604,0,0.0,870
ILLUM_01368,-88.2032,1.339,56.7,4967,575,360,0,57.0,6490
ILLUM_01369,-87.6246,118.873,5.0,438,0,463,0,11.3,572
ILLUM_01370,-80.286,59.0444,56.3,4932,307,567,0,68.4,6444
ILLUM_01371,-88.1902,-58.1876,63.1,5528,645,486,0,55.5,7222
ILLUM_01372,-81.4561,156.7883,46.7,4091,355,418,0,50.2,5345
ILLUM_01373,-85.0772,148.3947,20.2,1770,360,396,0,21.9,2312
ILLUM_01374,-87.5277,-104.6346,8.8,771,0,588,0,0.0,1007
ILLUM_01375,-81.2925,-165.8097,28.5,2497,573,511,0,27.3,3262
ILLUM_01376,-85.5469,86.8711,44.7,3916,396,382,0,54.2,5116
ILLUM_01377,-84.8518,117.9397,60.5,5300,614,727,0,69.8,6925
ILLUM_01378,-86.4077,168.4312,5.0,438,0,414,0,2.1,572
ILLUM_01379,-84.0705,140.3411,65.7,5755,397,528,0,73.9,7520
ILLUM_01380,-88.3648,36.1925,64.7,5668,554,728,0,73.6,7405
ILLUM_01381,-86.0892,10.8188,38.8,3399,510,661,0,44.1,4441
ILLUM_01382,-80.3059,-169.9772,31.5,2759,341,553,0,30.9,3605
ILLUM_01383,-87.4187,-91.2037,81.0,7096,1446,94,0,70.0,9271
ILLUM_01384,-83.4326,-14.5387,71.1,6228,928,164,0,72.0,8138
ILLUM_01385,-86.7481,46.2614,88.1,7718,1556,58,0,98.5,10083
ILLUM_01386,-82.2653,20.6107,32.4,2838,441,400,0,38.9,3708
ILLUM_01387,-88.6913,87.349,84.9,7437,1159,189,0,96.1,9717
ILLUM_01388,-80.3018,-79.2839,8.9,780,0,643,0,0.0,1019
ILLUM_01389,-85.4621,23.3829,40.6,3557,429,482,0,43.1,4647
ILLUM_01390,-87.6395,-148.2688,45.2,3960,595,405,0,39.0,5173
ILLUM_01391,-89.265,-31.0804,41.4,3627,349,686,0,36.7,4738
ILLUM_01392,-88.3024,90.0579,59.1,5177,362,438,0,69.4,6764
ILLUM_01393,-84.8023,69.6243,14.2,1244,0,657,0,25.5,1625
ILLUM_01394,-86.63,176.6314,81.5,7139,1235,172,0,82.9,9328
ILLUM_01395,-81.7112,-79.9592,50.8,4450,619,725,0,42.6,5814
ILLUM_01396,-85.6911,-0.6519,85.3,7472,1550,49,0,85.8,9763
ILLUM_01397,-87.5129,-61.3691,5.0,438,0,741,0,0.0,572
ILLUM_01398,-83.8286,-21.3829,57.3,5019,543,668,0,56.2,6558
ILLUM_01399,-82.9322,128.502,36.0,3154,384,370,0,47.0,4120
ILLUM_01400,-88.3296,66.3153,45.7,4003,413,586,0,57.1,5231
ILLUM_01401,-88.3238,137.6788,69.2,6062,415,448,0,77.4,7920
ILLUM_01402,-89.6333,-106.736,19.4,1699,0,710,0,12.0,2220
ILLUM_01403,-82.636,134.41,18.6,1629,0,455,0,26.6,2129
ILLUM_01404,-83.362,-158.4856,67.2,5887,371,727,0,63.1,7691
ILLUM_01405,-85.2537,139.8957,50.6,4433,437,655,0,56.0,5791
ILLUM_01406,-81.5583,-61.5334,22.6,1980,588,665,0,13.4,2587
ILLUM_01407,-81.9433,-66.7485,47.5,4161,316,649,0,36.8,5437
ILLUM_01408,-84.1465,4.3519,40.0,3504,670,566,0,44.4,4578
ILLUM_01409,-81.3173,158.6485,66.6,5834,579,607,0,69.3,7623
ILLUM_01410,-87.9416,-162.7987,5.0,438,0,457,0,0.0,572
ILLUM_01411,-88.8808,-53.1968,54.3,4757,533,710,0,47.7,6215
ILLUM_01412,-87.3025,128.3659,54.4,4765,541,703,0,65.4,6226
ILLUM_01413,-89.4291,-37.4204,70.4,6167,1254,192,0,64.7,8058
ILLUM_01414,-84.6883,-108.3035,79.1,6929,1027,228,0,75.0,9053
ILLUM_01415,-80.6339,-27.0741,37.2,3259,681,524,0,37.3,4258
ILLUM_01416,-89.6066,-41.2011,30.4,2663,380,553,0,26.0,3479
ILLUM_01417,-88.7789,149.5498,8.0,701,0,657,0,14.8,916
ILLUM_01418,-85.478,94.2964,30.0,2628,312,693,0,42.0,3434
ILLUM_01419,-80.6612,1.8416,5.0,438,0,483,0,6.8,572
ILLUM_01420,-86.8384,175.8134,75.6,6623,1051,118,0,77.0,8653
ILLUM_01421,-84.9277,-12.5001,74.5,6526,1318,186,0,74.5,8527
ILLUM_01422,-89.5843,-159.0344,41.7,3653,639,535,0,36.1,4773
ILLUM_01423,-88.5166,-85.5812,24.5,2146,690,450,0,14.7,2804
ILLUM_01424,-80.1337,-23.0146,12.7,1113,0,567,0,7.3,1454
ILLUM_01425,-80.3488,-123.5151,79.9,6999,1378,106,0,72.5,9145
ILLUM_01426,-89.9506,161.1234,79.4,6955,1403,185,0,86.6,9088
ILLUM_01427,-80.4819,96.0656,23.6,2067,416,523,0,35.2,2701
ILLUM_01428,-83.6088,-83.4166,59.5,5212,337,495,0,49.1,6810
ILLUM_01429,-81.3208,32.6896,20.4,1787,609,533,0,30.0,2335
ILLUM_01430,-85.4526,79.7217,21.8,1910,344,697,0,31.2,2495
ILLUM_01431,-84.844,158.8604,5.0,438,0,494,0,5.6,572
ILLUM_01432,-85.1115,137.3887,51.9,4546,485,637,0,61.6,5940
ILLUM_01433,-83.3314,5.4692,13.3,1165,0,425,0,15.2,1522
ILLUM_01434,-88.6035,98.8749,5.0,438,0,706,0,11.1,572
ILLUM_01435,-89.7003,22.3721,6.3,552,0,562,0,13.8,721
ILLUM_01436,-86.9207,18.9734,26.6,2330,375,735,0,33.1,3044
ILLUM_01437,-82.9532,-138.6929,58.0,5081,503,503,0,57.0,6638
ILLUM_01438,-87.9815,-134.5904,17.9,1568,0,516,0,12.1,2049
ILLUM_01439,-83.2657,10.6321,80.9,7087,1206,120,0,86.2,9259
ILLUM_01440,-80.3009,-83.2098,27.0,2365,511,449,0,17.5,3090
ILLUM_01441,-89.061,-172.4267,29.7,2602,437,383,0,30.1,3399
ILLUM_01442,-83.274,80.2221,21.1,1848,548,368,0,30.6,2415
ILLUM_01443,-85.5625,-168.3048,21.9,1918,537,667,0,22.1,2507
ILLUM_01444,-81.3186,34.2997,11.1,972,0,655,0,12.7,1270
ILLUM_01445,-88.2285,14.1098,28.5,2497,389,435,0,30.4,3262
ILLUM_01446,-83.0737,168.7733,0.0,0,0,8760,1,0.0,0
ILLUM_01447,-81.6188,-5.6833,64.9,5685,616,580,0,64.4,7428
ILLUM_01448,-80.5539,-157.1035,78.9,6912,1364,82,0,79.3,9030
ILLUM_01449,-83.1675,18.6077,9.2,806,0,431,0,13.2,1053
ILLUM_01450,-85.0283,122.7946,41.7,3653,502,720,0,51.7,4773
ILLUM_01451,-83.8215,178.8657,20.3,1778,314,693,0,22.0,2323
ILLUM_01452,-81.311,-25.0765,66.0,5782,303,606,0,64.3,7554
ILLUM_01453,-84.2939,-64.6925,0.0,0,0,8760,1,0.0,0
ILLUM_01454,-89.6961,146.3952,75.3,6596,1157,242,0,83.0,8618
ILLUM_01455,-80.6905,-111.1528,5.0,438,0,501,0,0.0,572
ILLUM_01456,-83.1047,41.5544,25.9,2269,522,581,0,36.7,2964
ILLUM_01457,-83.2349,-33.9428,5.0,438,0,401,0,0.0,572
ILLUM_01458,-87.8432,-165.2103,5.0,438,0,351,0,1.3,572
ILLUM_01459,-83.4111,-54.9761,10.6,929,0,538,0,0.0,1213
ILLUM_01460,-86.0614,-84.5177,29.6,2593,347,543,0,16.3,3388
ILLUM_01461,-83.4877,66.9928,30.1,2637,483,692,0,38.1,3445
ILLUM_01462,-88.9341,161.5646,36.3,3180,430,637,0,41.2,4155
ILLUM_01463,-83.4215,-83.503,38.3,3355,559,608,0,28.5,4384
ILLUM_01464,-80.0059,112.1277,73.9,6474,1265,132,0,82.5,8458
ILLUM_01465,-89.5179,-160.0705,16.8,1472,0,632,0,10.0,1923
ILLUM_01466,-80.2283,13.7236,12.3,1077,0,553,0,17.4,1408
ILLUM_01467,-85.9309,-154.602,58.4,5116,324,357,0,55.2,6684
ILLUM_01468,-81.2925,156.2519,52.2,4573,687,625,0,58.3,5975
ILLUM_01469,-82.1761,95.8865,15.4,1349,0,529,0,24.6,1763
ILLUM_01470,-84.3298,56.862,78.9,6912,1114,220,0,89.3,9030
ILLUM_01471,-82.6155,116.6027,28.4,2488,505,458,0,40.2,3251
ILLUM_01472,-81.2148,53.1071,34.7,3040,304,638,0,42.9,3972
ILLUM_01473,-85.9586,168.82,37.5,3285,605,660,0,41.9,4292
ILLUM_01474,-86.7297,77.0249,29.8,2610,477,552,0,40.4,3411
ILLUM_01475,-83.3241,152.8771,51.6,4520,614,678,0,57.5,5906
ILLUM_01476,-81.9215,6.1675,39.3,3443,648,447,0,38.0,4498
ILLUM_01477,-82.3771,-137.8568,24.6,2155,634,713,0,17.9,2816
ILLUM_01478,-82.0219,10.144,83.5,7315,1400,200,0,87.7,9557
ILLUM_01479,-85.6442,-134.3258,30.0,2628,380,696,0,22.1,3434
ILLUM_01480,-81.8217,33.2977,62.8,5501,430,428,0,71.8,7188
ILLUM_01481,-88.7979,-6.3025,32.3,2829,524,669,0,31.9,3697
ILLUM_01482,-84.5551,44.1271,41.5,3635,605,437,0,48.3,4750
ILLUM_01483,-89.9424,-176.3831,23.0,2015,609,706,0,21.8,2632
ILLUM_01484,-86.7541,-109.8574,68.5,6001,390,718,0,62.1,7840
ILLUM_01485,-86.3354,-3.121,68.9,6036,699,517,0,69.5,7886
ILLUM_01486,-86.0383,162.1813,5.0,438,0,535,0,5.2,572
ILLUM_01487,-83.0453,-41.9007,5.0,438,0,432,0,0.0,572
ILLUM_01488,-86.1144,-27.2261,84.1,7367,976,213,0,83.1,9626
ILLUM_01489,-85.5131,77.2906,81.6,7148,989,158,0,94.2,9339
ILLUM_01490,-87.6246,37.3654,51.5,4511,456,700,0,54.1,5894
ILLUM_01491,-86.2675,-72.3866,44.1,3863,380,699,0,37.3,5047
ILLUM_01492,-87.7273,-32.1061,75.8,6640,1174,190,0,71.9,8676
ILLUM_01493,-89.268,-101.6281,12.1,1060,0,458,0,3.4,1385
ILLUM_01494,-83.9655,167.7677,58.6,5133,695,664,0,64.2,6707
ILLUM_01495,-83.3179,-132.9716,45.4,3977,529,719,0,37.9,5196
ILLUM_01496,-83.8051,-46.1388,65.9,5773,456,608,0,63.4,7543
ILLUM_01497,-85.3651,-170.698,5.7,499,0,461,0,1.2,652
ILLUM_01498,-86.2021,-100.1594,52.7,4617,499,635,0,46.5,6032
ILLUM_01499,-81.3667,100.9696,50.2,4398,604,601,0,62.7,5746
ILLUM_01500,-84.8092,-107.5769,78.9,6912,1071,91,0,70.3,9030
ILLUM_01501,-85.2082,-151.1772,64.1,5615,467,447,0,59.5,7337
ILLUM_01502,-89.7436,-9.1969,81.9,7174,1355,86,0,82.0,9374
ILLUM_01503,-86.5875,-176.4111,81.0,7096,1113,155,0,83.7,9271
ILLUM_01504,-86.198,-149.4842,34.6,3031,642,426,0,33.7,3960
ILLUM_01505,-86.0118,110.7453,12.5,1095,0,630,0,22.4,1431
ILLUM_01506,-84.1983,97.7304,56.6,4958,439,518,0,69.8,6478
ILLUM_01507,-84.664,149.45,85.6,7499,1653,76,0,88.1,9797
ILLUM_01508,-83.9209,127.6256,7.2,631,0,667,0,15.0,824
ILLUM_01509,-82.3512,65.9432,49.0,4292,488,389,0,62.1,5608
ILLUM_01510,-81.8701,-161.1602,10.0,876,0,684,0,7.7,1145
ILLUM_01511,-82.8188,101.8255,5.0,438,0,352,0,12.4,572
ILLUM_01512,-80.4448,124.3839,65.2,5712,430,600,0,72.8,7462
ILLUM_01513,-89.8177,107.6696,62.5,5475,662,651,0,74.3,7153
ILLUM_01514,-88.0422,3.0525,55.3,4844,419,691,0,57.6,6329
ILLUM_01515,-89.9244,-96.1553,80.6,7061,1004,195,0,71.7,9225
ILLUM_01516,-83.5253,124.3188,5.6,491,0,674,0,15.9,641
ILLUM_01517,-81.0197,81.7786,10.4,911,0,646,0,19.9,1190
ILLUM_01518,-87.5652,173.074,80.5,7052,919,148,0,83.3,9214
ILLUM_01519,-80.7297,-123.9507,47.6,4170,462,506,0,39.5,5448
ILLUM_01520,-89.3973,-98.7608,25.2,2208,639,741,0,16.1,2884
ILLUM_01521,-80.6556,-103.7527,65.2,5712,621,703,0,60.4,7462
ILLUM_01522,-86.4838,105.3143,83.2,7288,1045,119,0,94.6,9523
ILLUM_01523,-88.9858,-112.7134,62.0,5431,558,630,0,56.3,7096
ILLUM_01524,-85.1413,-156.0025,76.7,6719,1413,81,0,71.2,8779
ILLUM_01525,-87.4322,179.4819,29.6,2593,670,604,0,26.9,3388
ILLUM_01526,-87.1513,-171.0658,24.4,2137,351,703,0,25.9,2793
ILLUM_01527,-86.9271,120.6879,78.2,6850,946,229,0,90.7,8950
ILLUM_01528,-81.9697,-48.4679,52.3,4581,606,447,0,50.9,5986
ILLUM_01529,-84.6084,122.9816,23.1,2024,600,498,0,30.6,2644
ILLUM_01530,-86.8869,19.6634,0.0,0,0,8760,1,0.0,0
ILLUM_01531,-83.8967,144.5872,0.0,0,0,8760,1,0.0,0
ILLUM_01532,-82.8385,153.4295,19.1,1673,0,472,0,25.2,2186
ILLUM_01533,-87.2738,-176.7247,57.4,5028,316,661,0,61.6,6570
ILLUM_01534,-85.8645,-152.8516,5.0,438,0,608,0,0.0,572
ILLUM_01535,-88.7811,-89.8709,0.0,0,0,8760,1,0.0,0
ILLUM_01536,-88.1885,60.9535,62.3,5457,593,560,0,72.8,7131
ILLUM_01537,-83.1888,139.778,11.8,1034,0,526,0,20.6,1351
ILLUM_01538,-88.1856,-14.4209,20.3,1778,360,651,0,18.6,2323
ILLUM_01539,-84.7484,38.5103,82.3,7209,1203,135,0,89.7,9420
ILLUM_01540,-82.9095,-112.1401,62.0,5431,375,724,0,54.8,7096
ILLUM_01541,-88.9312,109.7881,44.0,3854,567,683,0,56.8,5036
ILLUM_01542,-84.3269,168.2381,23.5,2059,445,417,0,22.1,2690
ILLUM_01543,-87.4344,-83.3044,28.6,2505,489,636,0,22.5,3273
ILLUM_01544,-80.3707,-1.8627,57.7,5055,305,651,0,54.2,6604
ILLUM_01545,-85.1645,-148.9982,14.2,1244,0,650,0,9.6,1625
ILLUM_01546,-81.9401,21.2892,46.4,4065,650,609,0,49.4,5311
ILLUM_01547,-84.4977,1.002,38.3,3355,549,474,0,39.0,4384
ILLUM_01548,-89.5659,-128.0029,42.3,3705,644,557,0,37.4,4841
ILLUM_01549,-83.6685,-20.8562,12.4,1086,0,661,0,6.5,1419
ILLUM_01550,-80.486,-59.7223,11.1,972,0,515,0,1.5,1270
ILLUM_01551,-83.9839,7.8591,89.0,7796,1691,62,0,93.0,10186
ILLUM_01552,-81.8081,30.8356,92.0,8059,1606,41,0,98.2,10530
ILLUM_01553,-81.1579,-176.9416,39.1,3425,354,566,0,40.0,4475
ILLUM_01554,-87.7192,93.9622,68.6,6009,476,644,0,84.9,7852
ILLUM_01555,-87.8796,76.6851,57.2,5011,535,460,0,72.0,6547
ILLUM_01556,-83.8902,-48.1369,10.8,946,0,422,0,3.7,1236
ILLUM_01557,-85.8897,-160.9431,26.8,2348,308,514,0,24.9,3067
ILLUM_01558,-81.6014,91.7757,28.8,2523,650,447,0,39.8,3296
ILLUM_01559,-80.9998,163.8631,54.4,4765,417,732,0,59.4,6226
ILLUM_01560,-86.4658,-93.5454,51.4,4503,593,389,0,45.1,5883
ILLUM_01561,-87.6313,-63.5311,82.7,7245,1146,181,0,78.8,9465
ILLUM_01562,-82.1947,-113.8274,71.4,6255,1306,218,0,65.9,8172
ILLUM_01563,-87.2519,27.697,80.8,7078,1280,122,0,86.0,9248
ILLUM_01564,-81.7739,-124.2571,80.8,7078,1203,104,0,76.4,9248
ILLUM_01565,-85.7626,-51.7702,76.2,6675,1119,110,0,68.3,8721
ILLUM_01566,-83.3245,70.9247,28.7,2514,444,616,0,41.1,3285
ILLUM_01567,-89.0446,21.6418,22.3,1953,480,555,0,24.1,2552
ILLUM_01568,-83.7614,-40.8735,51.9,4546,335,664,0,47.8,5940
ILLUM_01569,-85.4823,-28.7101,63.2,5536,335,601,0,60.7,7234
ILLUM_01570,-84.1339,22.3599,35.2,3084,696,357,0,40.5,4029
ILLUM_01571,-88.3199,-177.8887,79.6,6973,1064,159,0,80.2,9111
ILLUM_01572,-82.6313,-151.7364,89.4,7831,1812,55,0,86.5,10232
ILLUM_01573,-81.372,137.2529,52.9,4634,529,409,0,60.9,6055
ILLUM_01574,-87.8326,-151.9636,42.1,3688,510,605,0,38.7,4819
ILLUM_01575,-89.0429,74.4493,76.8,6728,1196,183,0,89.7,8790
ILLUM_01576,-89.7636,151.2137,5.0,438,0,615,0,7.1,572
ILLUM_01577,-83.5803,-82.5539,12.1,1060,0,412,0,2.3,1385
ILLUM_01578,-83.9291,-46.6231,79.4,6955,1419,182,0,73.1,9088
ILLUM_01579,-84.533,24.8117,68.1,5966,445,680,0,73.7,7794
ILLUM_01580,-87.6805,137.4152,37.6,3294,651,503,0,46.3,4303
ILLUM_01581,-86.0909,159.086,87.0,7621,1800,52,0,88.0,9958
ILLUM_01582,-84.0552,86.2428,35.0,3066,661,496,0,43.4,4006
ILLUM_01583,-85.0323,-148.8169,57.6,5046,346,495,0,55.0,6593
ILLUM_01584,-80.1221,60.8955,62.8,5501,323,527,0,69.0,7188
ILLUM_01585,-88.6356,-32.2907,18.9,1656,0,496,0,12.2,2163
ILLUM_01586,-83.0486,-10.5476,24.2,2120,392,580,0,25.2,2770
ILLUM_01587,-85.9568,-162.3066,86.5,7577,1771,37,0,84.0,9900
ILLUM_01588,-85.718,-111.2176,17.8,1559,0,620,0,8.1,2037
ILLUM_01589,-82.824,104.5849,16.4,1437,0,365,0,26.2,1877
ILLUM_01590,-83.0756,-16.5748,46.4,4065,467,496,0,42.7,5311
ILLUM_01591,-80.0874,-71.4016,9.2,806,0,693,0,0.0,1053
ILLUM_01592,-88.7161,-41.7531,78.7,6894,1177,223,0,78.3,9008
ILLUM_01593,-88.9589,127.5838,6.6,578,0,525,0,17.4,755
ILLUM_01594,-82.7566,89.6396,55.3,4844,556,357,0,68.6,6329
ILLUM_01595,-84.2161,-81.9665,35.4,3101,582,399,0,22.4,4052
ILLUM_01596,-87.2584,-137.6993,75.7,6631,1335,203,0,69.7,8664
ILLUM_01597,-89.2058,-89.2806,55.6,4871,327,437,0,46.0,6364
ILLUM_01598,-89.1434,151.4723,36.1,3162,553,741,0,41.7,4132
ILLUM_01599,-81.0581,29.372,89.2,7814,1635,39,0,98.4,10209
ILLUM_01600,-88.0813,12.0529,5.0,438,0,551,0,8.4,572
ILLUM_01601,-86.7663,34.7017,55.4,4853,517,496,0,60.6,6341
ILLUM_01602,-87.7334,-48.2298,93.0,8147,1546,64,0,86.6,10644
ILLUM_01603,-86.45,110.5585,65.3,5720,553,702,0,75.0,7474
ILLUM_01604,-89.3058,8.383,67.4,5904,688,507,0,71.7,7714
ILLUM_01605,-84.8094,-137.9708,5.0,438,0,410,0,0.0,572
ILLUM_01606,-89.3239,-133.5366,0.0,0,0,8760,1,0.0,0
ILLUM_01607,-81.9964,13.2693,5.0,438,0,742,0,5.7,572
ILLUM_01608,-87.6629,157.1653,91.4,8007,1715,30,0,98.1,10461
ILLUM_01609,-84.5999,-68.9932,89.5,7840,1688,54,0,83.7,10244
ILLUM_01610,-81.1992,133.0348,29.6,2593,666,726,0,39.1,3388
ILLUM_01611,-83.4912,95.0744,26.7,2339,356,455,0,37.6,3056
ILLUM_01612,-84.6704,-90.7875,10.3,902,0,669,0,3.9,1179
ILLUM_01613,-86.7567,-166.9173,31.7,2777,456,720,0,29.0,3628
ILLUM_01614,-86.67,-143.335,30.5,2672,636,459,0,29.2,3491
ILLUM_01615,-83.3051,82.2578,71.3,6246,981,121,0,81.0,8161
ILLUM_01616,-80.0586,-108.1189,79.1,6929,1260,119,0,72.8,9053
ILLUM_01617,-83.3816,-46.3425,68.8,6027,397,613,0,63.7,7874
ILLUM_01618,-84.4222,0.6117,60.9,5335,480,680,0,61.5,6970
ILLUM_01619,-82.6935,81.1685,70.3,6158,1176,209,0,82.6,8046
ILLUM_01620,-85.3479,-139.2368,66.8,5852,473,573,0,63.6,7646
ILLUM_01621,-89.3986,-33.7081,44.6,3907,436,522,0,39.6,5105
ILLUM_01622,-84.377,-5.3738,35.5,3110,535,478,0,31.0,4063
ILLUM_01623,-80.4237,14.6977,27.7,2427,302,595,0,29.4,3170
ILLUM_01624,-88.247,114.6098,61.3,5370,322,358,0,73.6,7016
ILLUM_01625,-83.1,-118.1958,88.0,7709,1503,31,0,82.3,10072
ILLUM_01626,-87.9907,110.8193,52.8,4625,337,505,0,64.5,6043
ILLUM_01627,-84.6417,69.4362,82.3,7209,1260,95,0,96.1,9420
ILLUM_01628,-89.0332,20.1135,5.0,438,0,701,0,4.8,572
ILLUM_01629,-85.4963,71.83,72.8,6377,1029,249,0,85.0,8332
ILLUM_01630,-82.4384,-31.6736,79.6,6973,1180,85,0,75.8,9111
ILLUM_01631,-86.5243,-130.1769,53.1,4652,345,559,0,52.3,6078
ILLUM_01632,-83.3509,59.6755,87.8,7691,1517,56,0,97.4,10049
ILLUM_01633,-82.0455,8.882,53.4,4678,610,461,0,57.6,6112
ILLUM_01634,-80.7282,50.1749,20.2,1770,692,553,0,30.5,2312
ILLUM_01635,-87.6536,-58.3204,17.3,1515,0,426,0,12.0,1980
ILLUM_01636,-86.0068,146.472,49.6,4345,356,424,0,58.3,5677
ILLUM_01637,-88.4758,31.4532,83.0,7271,968,88,0,91.3,9500
ILLUM_01638,-80.0752,-149.2551,8.5,745,0,393,0,1.8,973
ILLUM_01639,-80.73,-18.0706,55.0,4818,623,427,0,54.3,6295
ILLUM_01640,-84.6004,92.2882,73.2,6412,1041,213,0,83.1,8378
ILLUM_01641,-81.5797,105.8884,11.3,990,0,530,0,20.6,1293
ILLUM_01642,-84.7904,-1.9451,0.0,0,0,8760,1,0.0,0
ILLUM_01643,-83.7641,142.1091,32.9,2882,620,623,0,40.9,3766
ILLUM_01644,-89.1088,-83.6394,26.2,2295,567,538,0,16.1,2999
ILLUM_01645,-82.4473,-32.1845,20.8,1822,553,630,0,13.5,2381
ILLUM_01646,-88.7229,143.4949,19.6,1717,0,384,0,24.8,2243
ILLUM_01647,-81.7393,142.6524,11.7,1025,0,420,0,18.5,1339
ILLUM_01648,-82.1797,66.8566,55.5,4862,484,561,0,67.2,6352
ILLUM_01649,-82.9126,129.233,59.8,5238,392,632,0,73.1,6844
ILLUM_01650,-89.6384,-148.0416,64.5,5650,318,570,0,61.5,7382
ILLUM_01651,-86.9687,131.3982,47.4,4152,457,487,0,58.1,5425
ILLUM_01652,-87.3689,-64.5768,87.1,7630,1722,44,0,81.5,9969
ILLUM_01653,-86.3986,-115.8007,81.6,7148,1161,207,0,74.6,9339
ILLUM_01654,-89.1236,-93.8269,85.5,7490,1513,50,0,81.0,9786
ILLUM_01655,-80.6304,-29.5313,34.0,2978,532,595,0,32.0,3891
ILLUM_01656,-84.462,-89.5709,82.0,7183,1250,194,0,73.4,9385
ILLUM_01657,-86.9448,-64.5957,68.0,5957,581,685,0,63.4,7783
ILLUM_01658,-86.0302,-131.4077,31.4,2751,335,744,0,24.8,3594
ILLUM_01659,-85.528,-73.3764,7.1,622,0,672,0,0.5,813
ILLUM_01660,-83.9941,26.0222,64.2,5624,611,536,0,69.2,7348
ILLUM_01661,-84.8432,-20.9327,13.9,1218,0,487,0,9.4,1591
ILLUM_01662,-80.8061,-55.1812,29.6,2593,613,355,0,19.7,3388
ILLUM_01663,-85.0304,88.7228,48.8,4275,331,562,0,57.5,5585
ILLUM_01664,-80.0784,141.6636,63.4,5554,557,444,0,70.8,7256
ILLUM_01665,-81.4858,92.4441,82.2,7201,1278,186,0,98.0,9408
ILLUM_01666,-87.9149,-60.4797,54.9,4809,476,604,0,47.7,6284
ILLUM_01667,-80.694,87.9992,63.0,5519,382,637,0,73.8,7211
ILLUM_01668,-88.8363,-125.2871,28.9,2532,677,634,0,21.3,3308
ILLUM_01669,-81.8255,-133.0855,66.9,5860,610,727,0,58.0,7657
ILLUM_01670,-86.1938,-55.5743,43.1,3776,529,579,0,33.3,4933
ILLUM_01671,-81.2203,110.7729,79.3,6947,976,88,0,90.8,9076
ILLUM_01672,-81.3194,-91.3146,37.8,3311,504,447,0,27.3,4326
ILLUM_01673,-81.9407,-157.2288,40.4,3539,462,398,0,40.6,4624
ILLUM_01674,-82.0997,-132.5846,40.4,3539,539,493,0,33.7,4624
ILLUM_01675,-86.9532,129.1482,72.5,6351,1038,134,0,84.8,8298
ILLUM_01676,-89.1908,48.162,87.9,7700,1599,75,0,98.1,10061
ILLUM_01677,-85.9702,-88.8476,28.9,2532,565,618,0,21.1,3308
ILLUM_01678,-88.2648,19.9065,42.6,3732,605,561,0,48.5,4876
ILLUM_01679,-83.0505,9.9287,63.7,5580,443,737,0,68.8,7291
ILLUM_01680,-86.539,55.957,82.0,7183,1177,126,0,93.3,9385
ILLUM_01681,-80.2439,-96.0525,0.0,0,0,8760,1,0.0,0
ILLUM_01682,-83.5903,131.1851,11.3,990,0,473,0,17.9,1293
ILLUM_01683,-81.7752,-68.6273,33.6,2943,316,678,0,25.7,3846
ILLUM_01684,-88.6748,69.8874,50.8,4450,644,584,0,61.7,5814
ILLUM_01685,-81.3799,-174.1951,39.2,3434,684,681,0,38.7,4487
ILLUM_01686,-80.7724,-45.8434,17.8,1559,0,427,0,10.5,2037
ILLUM_01687,-85.1294,-53.3845,5.0,438,0,620,0,0.0,572
ILLUM_01688,-83.9375,15.6544,63.1,5528,670,738,0,68.0,7222
ILLUM_01689,-82.3519,-153.8149,92.3,8085,1799,44,0,89.9,10564
ILLUM_01690,-88.2516,104.4473,83.3,7297,1199,152,0,97.0,9534
ILLUM_01691,-84.9743,-101.5989,61.2,5361,446,677,0,55.1,7005
ILLUM_01692,-86.0134,63.7336,0.0,0,0,8760,1,0.0,0
ILLUM_01693,-88.5363,109.1564,24.1,2111,413,673,0,33.7,2758
ILLUM_01694,-86.3247,22.2757,57.0,4993,383,720,0,62.9,6524
ILLUM_01695,-89.3183,86.718,5.3,464,0,503,0,15.7,607
ILLUM_01696,-89.7419,58.2697,61.9,5422,577,424,0,75.7,7085
ILLUM_01697,-88.6483,-52.0093,89.9,7875,1546,31,0,84.3,10289
ILLUM_01698,-80.3688,111.1891,79.9,6999,1391,188,0,91.1,9145
ILLUM_01699,-84.5047,-73.9075,50.0,4380,471,605,0,41.2,5723
ILLUM_01700,-80.3418,25.6367,75.8,6640,1137,85,0,79.3,8676
ILLUM_01701,-85.675,88.3432,85.8,7516,1838,58,0,98.5,9820
ILLUM_01702,-86.8818,-43.5759,21.0,1840,444,691,0,13.6,2404
ILLUM_01703,-84.9386,-71.0037,74.0,6482,941,239,0,65.9,8470
ILLUM_01704,-85.6049,-14.6354,25.9,2269,550,533,0,23.1,2964
ILLUM_01705,-88.9434,114.4669,80.5,7052,989,165,0,92.4,9214
ILLUM_01706,-83.5917,154.7718,10.6,929,0,475,0,13.6,1213
ILLUM_01707,-87.8396,16.23,15.0,1314,0,672,0,19.7,1717
ILLUM_01708,-83.8041,58.1278,65.7,5755,650,480,0,77.0,7520
ILLUM_01709,-83.498,145.1785,15.8,1384,0,548,0,22.3,1808
ILLUM_01710,-88.4798,-144.5231,14.2,1244,0,478,0,9.2,1625
ILLUM_01711,-89.3865,-96.4517,52.1,4564,553,647,0,42.8,5963
ILLUM_01712,-82.1924,75.204,77.8,6815,1342,208,0,89.0,8905
ILLUM_01713,-85.402,116.548,25.4,2225,699,693,0,34.5,2907
ILLUM_01714,-89.4184,128.5305,80.4,7043,1449,101,0,87.7,9202
ILLUM_01715,-80.0513,-30.5614,74.3,6509,1178,204,0,71.7,8504
ILLUM_01716,-89.4222,-147.8376,55.7,4879,569,573,0,49.7,6375
ILLUM_01717,-83.0496,-22.3987,0.0,0,0,8760,1,0.0,0
ILLUM_01718,-80.1632,-96.9355,5.0,438,0,434,0,0.0,572
ILLUM_01719,-87.6082,-75.1693,33.8,2961,672,589,0,25.2,3869
ILLUM_01720,-88.5775,98.0163,21.7,1901,628,609,0,34.9,2484
ILLUM_01721,-88.7862,-152.8102,14.0,1226,0,366,0,9.7,1602
ILLUM_01722,-86.9672,117.9292,36.3,3180,683,426,0,45.9,4155
ILLUM_01723,-88.9895,-26.0391,34.0,2978,684,704,0,29.3,3891
ILLUM_01724,-83.0784,34.583,68.4,5992,564,360,0,74.9,7829
ILLUM_01725,-89.3771,-147.7252,52.8,4625,324,645,0,51.5,6043
ILLUM_01726,-84.9058,-58.5507,86.9,7612,1630,35,0,78.2,9946
ILLUM_01727,-80.033,-147.7077,12.5,1095,0,501,0,8.5,1431
ILLUM_01728,-81.8603,166.1557,5.0,438,0,449,0,8.1,572
ILLUM_01729,-83.8478,110.6142,50.4,4415,357,639,0,60.1,5769
ILLUM_01730,-86.9375,-14.5322,5.0,438,0,485,0,0.0,572
ILLUM_01731,-83.761,-99.5031,71.9,6298,1353,85,0,65.0,8229
ILLUM_01732,-84.7296,156.0438,46.7,4091,671,559,0,52.1,5345
ILLUM_01733,-85.7392,-55.9452,47.0,4117,392,740,0,38.1,5379
ILLUM_01734,-88.6929,-122.0456,31.7,2777,426,667,0,26.0,3628
ILLUM_01735,-81.134,22.7392,29.1,2549,473,395,0,39.5,3331
ILLUM_01736,-85.5022,159.7587,41.0,3592,317,563,0,44.4,4693
ILLUM_01737,-88.0538,-178.6211,5.0,438,0,548,0,1.3,572
ILLUM_01738,-86.3224,-94.2751,5.0,438,0,476,0,0.0,572
ILLUM_01739,-85.8587,157.8412,46.7,4091,451,731,0,51.8,5345
ILLUM_01740,-81.7246,-118.4091,12.9,1130,0,362,0,5.5,1476
ILLUM_01741,-82.6639,-139.2324,72.3,6333,1312,234,0,67.5,8275
ILLUM_01742,-82.307,25.2674,21.3,1866,538,585,0,30.3,2438
ILLUM_01743,-89.8897,130.2638,6.5,569,0,607,0,16.9,744
ILLUM_01744,-85.8385,-8.2405,22.7,1989,598,378,0,20.9,2598
ILLUM_01745,-85.1866,178.0431,32.8,2873,307,696,0,34.3,3754
ILLUM_01746,-89.8081,64.5018,6.3,552,0,687,0,12.4,721
ILLUM_01747,-87.4019,-153.333,14.3,1253,0,351,0,9.0,1637
ILLUM_01748,-82.3971,177.4196,28.0,2453,432,545,0,31.2,3205
ILLUM_01749,-88.6289,-33.1581,30.2,2646,635,666,0,24.0,3457
ILLUM_01750,-84.6469,-76.5351,77.5,6789,1160,133,0,66.3,8870
ILLUM_01751,-87.848,20.8365,77.9,6824,1191,208,0,83.7,8916
ILLUM_01752,-89.8788,-70.4493,18.7,1638,0,449,0,9.0,2140
ILLUM_01753,-87.588,-148.8753,13.1,1148,0,408,0,6.6,1499
ILLUM_01754,-80.2413,-179.4858,58.3,5107,492,653,0,60.2,6673
ILLUM_01755,-81.9846,-18.15,70.2,6150,1014,170,0,73.3,8035
ILLUM_01756,-80.4042,121.2708,90.3,7910,1786,61,0,98.5,10335
ILLUM_01757,-85.1215,26.0335,5.0,438,0,691,0,5.0,572
ILLUM_01758,-88.9026,179.7146,41.2,3609,351,586,0,39.3,4716
ILLUM_01759,-84.5204,-76.7352,0.0,0,0,8760,1,0.0,0
ILLUM_01760,-85.4562,-79.0362,74.5,6526,1087,112,0,68.9,8527
ILLUM_01761,-81.5564,-122.4902,5.0,438,0,671,0,0.0,572
ILLUM_01762,-89.0192,-120.9371,0.0,0,0,8760,1,0.0,0
ILLUM_01763,-85.1176,-77.3328,27.8,2435,541,571,0,17.7,3182
ILLUM_01764,-88.4995,105.4224,5.0,438,0,627,0,16.7,572
ILLUM_01765,-86.7532,146.0724,47.1,4126,482,691,0,52.0,5391
ILLUM_01766,-82.6264,171.0314,16.4,1437,0,501,0,16.6,1877
ILLUM_01767,-85.2398,-96.3757,70.0,6132,458,696,0,60.1,8012
ILLUM_01768,-86.2411,137.2671,67.9,5948,590,552,0,77.2,7771
ILLUM_01769,-86.0552,-61.8282,73.4,6430,1361,158,0,71.2,8401
ILLUM_01770,-85.4055,-139.3774,38.1,3338,612,727,0,29.4,4361
ILLUM_01771,-82.1498,133.209,5.0,438,0,568,0,8.6,572
ILLUM_01772,-81.0792,48.998,25.5,2234,585,492,0,32.2,2919
ILLUM_01773,-80.4467,-120.6969,43.5,3811,678,717,0,35.8,4979
ILLUM_01774,-82.131,-25.2607,66.5,5825,551,494,0,61.7,7611
ILLUM_01775,-86.8459,-76.5872,35.2,3084,508,644,0,26.6,4029
ILLUM_01776,-83.1187,85.246,49.7,4354,504,550,0,60.9,5688
ILLUM_01777,-85.624,-16.7702,48.9,4284,657,436,0,46.9,5597
ILLUM_01778,-87.4533,176.1408,16.1,1410,0,353,0,16.3,1843
ILLUM_01779,-81.5913,-160.2918,55.2,4836,690,364,0,55.8,6318
ILLUM_01780,-89.6157,-52.1945,44.4,3889,692,520,0,33.8,5082
ILLUM_01781,-80.9824,-6.5159,74.6,6535,1206,80,0,75.6,8538
ILLUM_01782,-85.3852,1.1281,65.0,5694,457,611,0,65.8,7440
ILLUM_01783,-83.628,-66.2631,13.3,1165,0,670,0,1.4,1522
ILLUM_01784,-83.4065,82.5265,45.2,3960,577,691,0,56.3,5173
ILLUM_01785,-81.0488,134.9089,63.0,5519,617,379,0,73.8,7211
ILLUM_01786,-83.6333,157.9389,6.0,526,0,663,0,12.0,687
ILLUM_01787,-83.8607,109.8336,72.4,6342,1197,113,0,84.7,8287
ILLUM_01788,-89.3335,126.2089,21.2,1857,565,574,0,29.2,2426
ILLUM_01789,-84.8159,18.1963,47.4,4152,585,405,0,50.9,5425
ILLUM_01790,-88.4983,117.3198,89.3,7823,1780,52,0,98.2,10221
ILLUM_01791,-82.6257,-70.7386,49.8,4362,690,651,0,44.8,5700
ILLUM_01792,-84.8778,-36.5476,39.7,3478,442,734,0,34.3,4544
ILLUM_01793,-83.1977,-65.9113,5.0,438,0,594,0,0.0,572
ILLUM_01794,-89.5833,-11.7406,13.5,1183,0,745,0,10.6,1545
ILLUM_01795,-89.1521,-77.1913,48.7,4266,646,718,0,45.2,5574
ILLUM_01796,-82.8368,166.1801,44.9,3933,558,416,0,49.3,5139
ILLUM_01797,-89.2792,-67.3759,35.3,3092,398,474,0,25.3,4040
ILLUM_01798,-89.2874,-144.704,83.8,7341,1289,222,0,81.9,9591
ILLUM_01799,-89.8789,9.6542,28.4,2488,679,350,0,33.3,3251
ILLUM_01800,-80.435,-159.4443,50.8,4450,509,624,0,47.5,5814
ILLUM_01801,-82.6249,-140.2045,53.2,4660,643,687,0,47.6,6089
ILLUM_01802,-86.4675,-101.0198,49.3,4319,568,586,0,40.3,5643
ILLUM_01803,-87.0346,-12.8339,42.9,3758,343,721,0,43.1,4910
ILLUM_01804,-86.503,-24.0297,28.5,2497,549,444,0,27.9,3262
ILLUM_01805,-82.2535,107.8891,86.0,7534,1623,47,0,95.8,9843
ILLUM_01806,-83.3863,86.2109,48.4,4240,630,526,0,52.8,5540
ILLUM_01807,-88.148,-26.5254,45.6,3995,444,532,0,45.7,5219
ILLUM_01808,-88.2589,-59.8665,62.8,5501,607,563,0,53.7,7188
ILLUM_01809,-89.016,-66.0712,5.9,517,0,673,0,0.0,675
ILLUM_01810,-83.397,98.6382,72.9,6386,981,148,0,84.1,8344
ILLUM_01811,-82.3563,-161.2539,0.0,0,0,8760,1,0.0,0
ILLUM_01812,-87.3495,-175.3842,0.0,0,0,8760,1,0.0,0
ILLUM_01813,-89.7906,106.396,69.8,6114,589,418,0,82.9,7989
ILLUM_01814,-89.1783,-8.2273,79.7,6982,1415,120,0,81.6,9122
ILLUM_01815,-80.3214,-132.8828,36.4,3189,457,520,0,29.9,4166
ILLUM_01816,-87.0456,-95.1963,76.2,6675,1347,122,0,67.1,8721
ILLUM_01817,-82.3078,155.7014,26.6,2330,328,662,0,28.7,3044
ILLUM_01818,-83.7534,129.4211,62.1,5440,475,653,0,70.5,7108
ILLUM_01819,-86.1806,75.5226,10.0,876,0,655,0,19.4,1145
ILLUM_01820,-87.9431,-6.3989,5.0,438,0,741,0,0.8,572
ILLUM_01821,-88.7861,7.3165,9.9,867,0,533,0,10.4,1133
ILLUM_01822,-83.8499,171.088,28.1,2462,607,459,0,31.9,3216
ILLUM_01823,-82.2537,167.6774,5.0,438,0,566,0,5.1,572
ILLUM_01824,-83.561,-102.5031,57.9,5072,637,465,0,50.1,6627
ILLUM_01825,-84.697,111.9976,27.3,2391,384,458,0,39.3,3125
ILLUM_01826,-89.5805,-108.9926,71.2,6237,1023,185,0,60.5,8149
ILLUM_01827,-80.3151,-103.1265,5.0,438,0,390,0,0.0,572
ILLUM_01828,-82.0129,63.3935,19.3,1691,0,436,0,29.5,2209
ILLUM_01829,-87.0718,-34.1996,34.6,3031,395,442,0,33.1,3960
ILLUM_01830,-80.2003,155.356,35.1,3075,572,574,0,40.5,4017
ILLUM_01831,-83.9812,-147.9565,13.0,1139,0,664,0,7.1,1488
ILLUM_01832,-84.1758,4.1492,90.1,7893,1713,71,0,95.2,10312
ILLUM_01833,-82.5193,150.6678,22.7,1989,314,623,0,31.9,2598
ILLUM_01834,-81.8823,145.4809,65.9,5773,511,676,0,74.2,7543
ILLUM_01835,-83.4352,-123.6495,20.0,1752,0,573,0,12.6,2289
ILLUM_01836,-88.719,-48.0104,80.7,7069,1413,139,0,76.0,9236
ILLUM_01837,-86.6173,42.8837,39.0,3416,638,729,0,43.6,4464
ILLUM_01838,-80.7192,-122.6178,0.0,0,0,8760,1,0.0,0
ILLUM_01839,-87.7538,168.488,32.1,2812,625,463,0,34.5,3674
ILLUM_01840,-86.2783,149.3098,5.0,438,0,711,0,5.9,572
ILLUM_01841,-85.6792,-119.8979,48.5,4249,676,622,0,40.4,5551
ILLUM_01842,-85.606,-136.384,47.7,4179,475,656,0,43.0,5459
ILLUM_01843,-83.8706,-149.2529,9.2,806,0,635,0,6.3,1053
ILLUM_01844,-80.5692,147.3997,26.7,2339,418,415,0,27.7,3056
ILLUM_01845,-87.5931,-110.2954,72.2,6325,1442,206,0,65.1,8264
ILLUM_01846,-88.785,-30.1374,5.0,438,0,523,0,0.0,572
ILLUM_01847,-88.0253,-18.4135,45.4,3977,581,627,0,43.3,5196
ILLUM_01848,-81.1308,35.644,47.5,4161,668,381,0,56.2,5437
ILLUM_01849,-83.5419,-154.1753,64.1,5615,697,590,0,61.1,7337
ILLUM_01850,-87.1409,-98.3669,5.0,438,0,485,0,0.0,572
ILLUM_01851,-81.8405,155.3365,55.6,4871,433,412,0,59.8,6364
ILLUM_01852,-81.3863,147.0276,5.0,438,0,378,0,5.7,572
ILLUM_01853,-81.5349,101.2646,26.8,2348,526,558,0,35.0,3067
ILLUM_01854,-80.8107,-173.0156,47.3,4143,333,389,0,46.3,5414
ILLUM_01855,-87.4776,-62.2776,85.1,7455,1703,45,0,77.7,9740
ILLUM_01856,-82.4496,46.0651,10.1,885,0,351,0,19.2,1156
ILLUM_01857,-85.3946,-80.9315,15.8,1384,0,605,0,6.2,1808
ILLUM_01858,-81.58,147.4512,63.4,5554,584,654,0,69.0,7256
ILLUM_01859,-82.7151,48.2002,34.9,3057,508,589,0,43.1,3994
ILLUM_01860,-82.2355,-154.1136,55.0,4818,381,590,0,54.9,6295
ILLUM_01861,-83.4384,147.242,93.0,8147,1653,48,0,98.5,10644
ILLUM_01862,-88.2257,164.796,92.8,8129,1579,73,0,96.4,10621
ILLUM_01863,-84.5497,-152.0235,29.7,2602,654,583,0,28.9,3399
ILLUM_01864,-80.1533,11.6497,46.9,4108,436,695,0,49.9,5368
ILLUM_01865,-80.6261,-70.7889,85.3,7472,1724,46,0,76.5,9763
ILLUM_01866,-89.5683,-38.5779,0.0,0,0,8760,1,0.0,0
ILLUM_01867,-88.3519,-115.3256,39.2,3434,305,400,0,33.9,4487
ILLUM_01868,-88.6827,28.106,32.8,2873,645,547,0,40.6,3754
ILLUM_01869,-82.7402,164.8726,0.0,0,0,8760,1,0.0,0
ILLUM_01870,-81.8221,1.1061,93.0,8147,1541,34,0,94.6,10644
ILLUM_01871,-87.8649,-150.1508,65.7,5755,373,552,0,64.7,7520
ILLUM_01872,-84.9415,43.2005,33.8,2961,614,684,0,43.8,3869
ILLUM_01873,-81.593,-57.5197,76.1,6666,1125,166,0,70.3,8710
ILLUM_01874,-82.672,128.1331,46.7,4091,526,585,0,54.4,5345
ILLUM_01875,-84.5776,-23.5159,84.2,7376,1028,163,0,78.9,9637
ILLUM_01876,-84.0965,-110.5777,24.8,2172,580,440,0,15.9,2838
ILLUM_01877,-84.9164,-111.202,19.3,1691,0,379,0,11.9,2209
ILLUM_01878,-87.0245,96.7551,21.3,1866,493,548,0,33.4,2438
ILLUM_01879,-84.3498,-84.3885,52.6,4608,639,578,0,41.2,6020
ILLUM_01880,-83.1111,96.204,0.0,0,0,8760,1,0.0,0
ILLUM_01881,-81.2668,-105.8806,14.0,1226,0,429,0,4.4,1602
ILLUM_01882,-83.6371,-64.1929,93.0,8147,1510,63,0,85.5,10644
ILLUM_01883,-82.3888,-12.4247,83.0,7271,1354,201,0,83.4,9500
ILLUM_01884,-88.3993,159.5505,56.6,4958,691,433,0,63.8,6478
ILLUM_01885,-85.3844,155.4233,83.5,7315,1212,188,0,88.9,9557
ILLUM_01886,-89.9067,-105.5261,86.7,7595,1836,60,0,79.2,9923
ILLUM_01887,-87.5332,-51.0411,63.5,5563,547,689,0,56.5,7268
ILLUM_01888,-82.7354,-126.2162,49.1,4301,597,675,0,41.2,5620
ILLUM_01889,-80.0819,3.5946,82.6,7236,1186,227,0,84.4,9454
ILLUM_01890,-89.0082,-14.1903,53.1,4652,404,453,0,51.5,6078
ILLUM_01891,-85.9851,144.2737,13.1,1148,0,497,0,17.9,1499
ILLUM_01892,-81.9993,154.8019,36.6,3206,509,546,0,39.1,4189
ILLUM_01893,-87.9596,-41.9157,39.7,3478,394,658,0,35.7,4544
ILLUM_01894,-84.4492,-2.9743,86.0,7534,1768,35,0,88.3,9843
ILLUM_01895,-82.6693,142.645,62.6,5484,643,479,0,68.7,7165
ILLUM_01896,-83.8401,110.4148,80.8,7078,1411,218,0,92.5,9248
ILLUM_01897,-88.1198,-178.6837,0.0,0,0,8760,1,0.0,0
ILLUM_01898,-86.4462,-64.7786,29.3,2567,502,645,0,20.4,3354
ILLUM_01899,-82.1621,-28.1613,65.5,5738,351,727,0,63.6,7497
ILLUM_01900,-84.4577,-97.3021,22.3,1953,492,485,0,8.6,2552
ILLUM_01901,-89.9477,-108.1542,39.7,3478,439,494,0,29.3,4544
ILLUM_01902,-82.3901,-166.3976,76.9,6736,1412,80,0,74.2,8802
ILLUM_01903,-89.6469,51.6131,56.7,4967,419,448,0,66.0,6490
ILLUM_01904,-82.5427,-85.4963,77.0,6745,922,82,0,68.4,8813
ILLUM_01905,-87.9752,-161.155,22.9,2006,663,734,0,21.0,2621
ILLUM_01906,-80.4193,-96.8474,0.0,0,0,8760,1,0.0,0
ILLUM_01907,-86.3206,108.689,16.9,1480,0,413,0,28.7,1934
ILLUM_01908,-86.7307,126.5361,54.7,4792,451,385,0,59.8,6261
ILLUM_01909,-88.5111,-6.0962,40.9,3583,517,428,0,40.1,4681
ILLUM_01910,-86.944,-30.2146,48.8,4275,378,526,0,47.8,5585
ILLUM_01911,-81.2335,172.0273,14.5,1270,0,430,0,14.3,1660
ILLUM_01912,-80.0367,-107.7967,38.7,3390,551,554,0,24.8,4429
ILLUM_01913,-86.3169,-102.4707,0.0,0,0,8760,1,0.0,0
ILLUM_01914,-85.5139,-74.9278,52.9,4634,674,456,0,43.4,6055
ILLUM_01915,-82.7793,-117.8074,48.5,4249,640,589,0,43.3,5551
ILLUM_01916,-81.138,-43.4284,49.6,4345,418,481,0,41.7,5677
ILLUM_01917,-84.0696,147.9003,83.0,7271,1021,203,0,95.0,9500
ILLUM_01918,-86.0847,41.5252,86.6,7586,1754,74,0,95.4,9912
ILLUM_01919,-85.8738,-31.6992,34.2,2996,603,459,0,29.0,3914
ILLUM_01920,-83.0438,156.3879,0.0,0,0,8760,1,0.0,0
ILLUM_01921,-89.9678,-162.5529,52.2,4573,509,486,0,49.7,5975
ILLUM_01922,-83.8041,-104.3006,0.0,0,0,8760,1,0.0,0
ILLUM_01923,-86.4451,23.7199,31.5,2759,497,652,0,32.8,3605
ILLUM_01924,-82.058,41.5989,18.5,1621,0,749,0,28.6,2117
ILLUM_01925,-89.0701,-165.7593,22.5,1971,584,583,0,18.8,2575
ILLUM_01926,-84.118,-34.906,58.9,5160,456,514,0,54.9,6741
ILLUM_01927,-85.1903,53.6954,38.1,3338,520,456,0,44.6,4361
ILLUM_01928,-83.5767,71.3054,18.5,1621,0,616,0,25.7,2117
ILLUM_01929,-89.3515,49.7304,81.6,7148,1206,186,0,91.9,9339
ILLUM_01930,-84.2002,-64.5972,80.8,7078,1147,224,0,74.0,9248
ILLUM_01931,-84.3852,-146.3328,81.6,7148,1193,122,0,76.4,9339
ILLUM_01932,-84.3934,-26.2395,37.2,3259,331,628,0,32.7,4258
ILLUM_01933,-83.9651,-133.6484,5.0,438,0,524,0,0.0,572
ILLUM_01934,-83.2353,161.1445,8.2,718,0,667,0,13.4,939
ILLUM_01935,-81.9501,-8.9385,26.3,2304,480,681,0,24.7,3010
ILLUM_01936,-87.3018,-65.7867,18.1,1586,0,388,0,11.8,2072
ILLUM_01937,-81.7495,95.8695,82.1,7192,1261,120,0,93.0,9397
ILLUM_01938,-85.0174,-0.7385,93.0,8147,1679,44,0,93.6,10644
ILLUM_01939,-89.2294,-68.3878,73.9,6474,1203,248,0,68.3,8458
ILLUM_01940,-89.4145,112.3084,66.7,5843,671,684,0,78.6,7634
ILLUM_01941,-86.6576,132.1748,53.2,4660,478,641,0,63.3,6089
ILLUM_01942,-82.151,62.2829,73.3,6421,1022,228,0,82.0,8390
ILLUM_01943,-82.9232,-163.0928,87.7,7683,1600,48,0,87.1,10038
ILLUM_01944,-82.1139,23.8762,54.9,4809,517,693,0,61.2,6284
ILLUM_01945,-84.8273,94.7862,15.6,1367,0,508,0,24.7,1785
ILLUM_01946,-85.598,-130.8589,14.2,1244,0,517,0,8.0,1625
ILLUM_01947,-88.5255,-97.6785,53.6,4695,668,409,0,45.6,6135
ILLUM_01948,-86.7181,137.6982,28.6,2505,559,746,0,38.4,3273
ILLUM_01949,-85.6598,-172.7562,85.9,7525,1529,64,0,85.2,9832
ILLUM_01950,-89.114,90.9818,54.4,4765,604,584,0,68.1,6226
ILLUM_01951,-87.7939,-9.4416,65.4,5729,543,386,0,62.6,7485
ILLUM_01952,-84.0177,-19.162,5.0,438,0,600,0,0.0,572
ILLUM_01953,-82.6434,-177.4452,45.8,4012,445,410,0,46.9,5242
ILLUM_01954,-80.0165,114.9834,39.9,3495,601,495,0,50.0,4567
ILLUM_01955,-80.6689,-50.463,68.7,6018,411,659,0,59.3,7863
ILLUM_01956,-83.5743,14.6756,32.7,2865,570,727,0,38.9,3743
ILLUM_01957,-85.7875,63.8282,87.8,7691,1849,79,0,98.5,10049
ILLUM_01958,-83.6382,72.9466,63.9,5598,450,428,0,73.2,7314
ILLUM_01959,-82.1435,164.1528,59.2,5186,640,514,0,65.4,6776
ILLUM_01960,-88.8166,11.2824,83.6,7323,1068,84,0,89.3,9568
ILLUM_01961,-85.901,-36.101,91.2,7989,1766,65,0,88.7,10438
ILLUM_01962,-81.602,163.3333,20.5,1796,680,417,0,21.7,2346
ILLUM_01963,-86.1617,51.1597,76.6,6710,1358,82,0,84.8,8767
ILLUM_01964,-84.2813,-72.6659,14.7,1288,0,559,0,5.9,1682
ILLUM_01965,-84.1223,-134.4729,43.1,3776,580,701,0,36.3,4933
ILLUM_01966,-88.1552,123.3196,10.0,876,0,436,0,17.9,1145
ILLUM_01967,-86.3776,-49.6146,55.7,4879,519,411,0,51.6,6375
ILLUM_01968,-86.6549,57.7691,41.5,3635,440,428,0,53.0,4750
ILLUM_01969,-89.738,-10.5061,54.1,4739,353,585,0,57.9,6192
ILLUM_01970,-89.7581,-108.3853,65.7,5755,326,612,0,54.9,7520
ILLUM_01971,-81.683,36.6072,56.0,4906,307,717,0,64.8,6409
ILLUM_01972,-87.2693,-158.1541,27.2,2383,470,508,0,24.2,3113
ILLUM_01973,-84.8192,-31.1967,78.5,6877,1159,110,0,74.3,8985
ILLUM_01974,-87.0127,16.7814,49.1,4301,497,701,0,55.3,5620
ILLUM_01975,-80.5932,-23.0231,43.6,3819,376,389,0,42.6,4990
ILLUM_01976,-87.407,89.522,89.5,7840,1675,47,0,98.5,10244
ILLUM_01977,-85.7034,118.053,20.4,1787,482,688,0,35.8,2335
ILLUM_01978,-81.2727,97.6475,48.7,4266,491,527,0,60.1,5574
ILLUM_01979,-81.5807,-166.0273,0.0,0,0,8760,1,0.0,0
ILLUM_01980,-88.139,-110.1136,10.5,920,0,742,0,2.5,1202
ILLUM_01981,-81.9736,13.1787,31.8,2786,536,542,0,35.9,3640
ILLUM_01982,-85.4181,156.5359,73.4,6430,1000,97,0,80.1,8401
ILLUM_01983,-85.1703,120.5844,22.5,1971,318,485,0,31.1,2575
ILLUM_01984,-88.6652,123.3124,47.4,4152,364,644,0,55.2,5425
ILLUM_01985,-89.194,-70.8451,56.7,4967,623,509,0,50.5,6490
ILLUM_01986,-82.7206,-25.3988,63.0,5519,621,613,0,59.5,7211
ILLUM_01987,-85.0354,-10.5459,67.2,5887,535,490,0,67.4,7691
ILLUM_01988,-85.6315,-123.3462,80.7,7069,971,91,0,73.9,9236
ILLUM_01989,-82.7049,-168.8155,37.2,3259,588,543,0,35.4,4258
ILLUM_01990,-82.3449,160.885,63.4,5554,535,714,0,70.4,7256
ILLUM_01991,-88.4109,-93.3435,66.7,5843,536,353,0,59.6,7634
ILLUM_01992,-83.8977,-93.6184,28.7,2514,690,628,0,18.5,3285
ILLUM_01993,-88.6465,-149.9835,89.3,7823,1752,33,0,87.0,10221
ILLUM_01994,-82.4862,154.2628,81.6,7148,1039,168,0,86.5,9339
ILLUM_01995,-83.4304,28.7054,26.4,2313,304,443,0,32.3,3022
ILLUM_01996,-80.4339,60.1333,64.5,5650,436,535,0,72.8,7382
ILLUM_01997,-89.3104,148.1677,62.5,5475,696,678,0,73.5,7153
ILLUM_01998,-89.4295,-55.5767,40.6,3557,537,624,0,32.7,4647
ILLUM_01999,-87.1781,43.7426,77.3,6771,1139,116,0,89.0,8847
ILLUM_02000,-87.3829,-166.0322,66.1,5790,345,372,0,63.2,7565
ILLUM_02001,-87.5302,-112.7619,60.6,5309,363,552,0,53.3,6936
ILLUM_02002,-80.9375,119.2485,19.7,1726,0,362,0,29.7,2255
ILLUM_02003,-87.5045,96.0366,36.1,3162,328,677,0,48.7,4132
ILLUM_02004,-87.2805,-53.7686,41.5,3635,317,715,0,33.2,4750
ILLUM_02005,-82.406,-44.3482,69.0,6044,457,624,0,62.7,7897
ILLUM_02006,-85.5026,12.0796,56.6,4958,501,354,0,60.8,6478
ILLUM_02007,-82.2329,-179.9132,9.3,815,0,725,0,8.1,1064
ILLUM_02008,-89.3463,-93.152,28.9,2532,475,747,0,19.2,3308
ILLUM_02009,-85.1243,-105.0365,43.9,3846,564,499,0,35.3,5025
ILLUM_02010,-89.6639,-89.8261,69.7,6106,512,610,0,60.0,7977
ILLUM_02011,-89.3735,110.1261,72.4,6342,1242,188,0,80.0,8287
ILLUM_02012,-80.9356,-79.3174,45.9,4021,532,631,0,36.8,5253
ILLUM_02013,-88.6075,-111.0523,11.4,999,0,466,0,1.8,1305
ILLUM_02014,-84.6758,1.5348,28.9,2532,517,429,0,28.1,3308
ILLUM_02015,-85.889,131.6322,21.7,1901,338,474,0,31.7,2484
ILLUM_02016,-86.5266,-93.1141,71.9,6298,941,105,0,64.2,8229
ILLUM_02017,-81.0017,-151.727,15.9,1393,0,654,0,12.4,1820
ILLUM_02018,-89.7818,-51.6943,43.6,3819,547,489,0,36.3,4990
ILLUM_02019,-83.3621,89.1547,62.5,5475,607,701,0,73.7,7153
ILLUM_02020,-80.3661,18.2486,92.8,8129,1720,37,0,94.8,10621
ILLUM_02021,-84.3983,114.0456,93.0,8147,1711,69,0,98.5,10644
ILLUM_02022,-80.6318,165.4532,85.1,7455,1647,51,0,93.0,9740
ILLUM_02023,-89.4774,105.3585,67.2,5887,533,473,0,77.9,7691
ILLUM_02024,-85.8121,37.3691,70.5,6176,1303,192,0,77.0,8069
ILLUM_02025,-87.3984,-2.397,70.4,6167,1430,97,0,71.7,8058
ILLUM_02026,-82.6918,-165.5751,78.8,6903,1377,202,0,79.5,9019
ILLUM_02027,-80.187,174.3559,90.8,7954,1774,45,0,91.4,10392
ILLUM_02028,-87.4347,-41.9468,41.9,3670,548,708,0,35.7,4796
ILLUM_02029,-83.4583,-125.1978,36.4,3189,361,442,0,31.4,4166
ILLUM_02030,-88.019,60.0152,44.5,3898,699,630,0,52.4,5093
ILLUM_02031,-84.3467,-77.6562,62.0,5431,439,576,0,52.9,7096
ILLUM_02032,-85.3607,30.8802,70.4,6167,1197,215,0,78.8,8058
ILLUM_02033,-80.2799,31.2364,79.0,6920,1155,122,0,87.9,9042
ILLUM_02034,-83.9147,-19.5373,40.6,3557,309,624,0,40.0,4647
ILLUM_02035,-86.5049,121.0027,36.0,3154,354,628,0,43.1,4120
ILLUM_02036,-88.859,-84.6119,92.1,8068,1833,53,0,83.5,10541
ILLUM_02037,-88.4875,-18.4923,23.4,2050,388,432,0,18.9,2678
ILLUM_02038,-87.7468,13.5692,20.9,1831,303,445,0,23.4,2392
ILLUM_02039,-87.4903,58.9049,64.8,5676,552,554,0,76.5,7417
ILLUM_02040,-81.4938,102.2299,15.0,1314,0,395,0,26.8,1717
ILLUM_02041,-84.3878,-37.8694,39.1,3425,322,495,0,31.8,4475
ILLUM_02042,-84.7661,52.5769,27.9,2444,400,538,0,35.7,3193
ILLUM_02043,-88.8523,-125.7801,15.1,1323,0,420,0,7.9,1728
ILLUM_02044,-81.3986,155.7533,0.0,0,0,8760,1,0.0,0
ILLUM_02045,-82.7719,-42.0988,36.5,3197,559,565,0,28.8,4178
ILLUM_02046,-89.3233,82.6277,43.9,3846,684,470,0,53.8,5025
ILLUM_02047,-82.9216,-172.6772,17.9,1568,0,366,0,17.3,2049
ILLUM_02048,-84.5646,-106.1326,70.9,6211,1080,153,0,63.3,8115
ILLUM_02049,-89.1827,-4.6503,0.0,0,0,8760,1,0.0,0
ILLUM_02050,-85.417,136.1709,31.7,2777,612,639,0,39.5,3628
ILLUM_02051,-85.153,9.8119,0.0,0,0,8760,1,0.0,0
ILLUM_02052,-88.3423,154.7534,40.1,3513,411,741,0,45.5,4590
ILLUM_02053,-80.543,-5.8331,41.8,3662,506,399,0,43.0,4784
ILLUM_02054,-81.5002,-3.4383,46.3,4056,546,724,0,49.7,5299
ILLUM_02055,-83.3098,-136.8912,91.4,8007,1551,64,0,85.1,10461
ILLUM_02056,-85.377,108.9562,84.8,7428,1073,234,0,95.4,9706
ILLUM_02057,-85.8823,-91.0925,55.8,4888,573,519,0,47.9,6387
ILLUM_02058,-83.4903,143.8605,5.0,438,0,443,0,9.6,572
ILLUM_02059,-84.5457,147.8967,53.9,4722,355,562,0,63.5,6169
ILLUM_02060,-89.3773,159.5916,10.4,911,0,384,0,12.0,1190
ILLUM_02061,-84.875,7.283,68.2,5974,681,408,0,68.8,7806
ILLUM_02062,-81.936,63.7538,35.9,3145,691,489,0,46.0,4109
ILLUM_02063,-85.4076,100.2657,78.1,6842,1003,243,0,89.4,8939
ILLUM_02064,-89.4804,-132.8347,85.2,7464,1657,44,0,82.2,9752
ILLUM_02065,-82.1372,36.3446,38.8,3399,675,570,0,45.6,4441
ILLUM_02066,-87.9864,-167.6528,0.0,0,0,8760,1,0.0,0
ILLUM_02067,-87.4138,-0.8762,53.2,4660,595,714,0,55.9,6089
ILLUM_02068,-88.3529,-124.2566,17.7,1551,0,645,0,10.5,2026
ILLUM_02069,-86.6978,-114.1477,84.9,7437,1020,208,0,79.0,9717
ILLUM_02070,-82.4325,-48.5829,39.8,3486,496,634,0,33.6,4555
ILLUM_02071,-84.8061,-24.3226,17.5,1533,0,725,0,11.7,2003
ILLUM_02072,-87.9512,44.3421,66.3,5808,382,477,0,79.4,7588
ILLUM_02073,-81.2217,-153.2058,19.2,1682,0,493,0,16.3,2198
ILLUM_02074,-81.2042,1.329,14.5,1270,0,605,0,13.9,1660
ILLUM_02075,-81.2942,-114.255,52.5,4599,654,651,0,44.4,6009
ILLUM_02076,-87.612,26.6311,0.0,0,0,8760,1,0.0,0
ILLUM_02077,-85.4876,49.4657,56.9,4984,401,542,0,61.7,6512
ILLUM_02078,-80.1501,20.4153,66.1,5790,539,634,0,65.9,7565
ILLUM_02079,-82.2799,85.7864,10.7,937,0,401,0,20.9,1225
ILLUM_02080,-89.7283,-59.1807,42.0,3679,458,389,0,36.6,4807
ILLUM_02081,-89.348,95.4384,32.5,2847,502,355,0,43.9,3720
ILLUM_02082,-85.3607,-24.2039,87.8,7691,1821,30,0,88.4,10049
ILLUM_02083,-80.9078,-5.6936,5.4,473,0,514,0,3.7,618
ILLUM_02084,-84.613,53.3168,28.7,2514,341,612,0,36.4,3285
ILLUM_02085,-85.0219,-173.391,89.1,7805,1547,57,0,88.3,10198
ILLUM_02086,-88.9453,55.4379,91.8,8042,1799,52,0,98.5,10507
ILLUM_02087,-83.4322,42.6907,76.8,6728,913,104,0,85.1,8790
ILLUM_02088,-81.779,-68.455,5.0,438,0,585,0,0.0,572
ILLUM_02089,-86.1958,-149.1141,49.5,4336,447,491,0,48.2,5666
ILLUM_02090,-82.2439,-147.2632,33.0,2891,415,684,0,32.6,3777
ILLUM_02091,-80.3552,152.3605,74.8,6552,930,246,0,81.3,8561
ILLUM_02092,-87.9623,68.1406,6.8,596,0,745,0,14.5,778
ILLUM_02093,-84.7667,-134.2431,20.5,1796,480,526,0,11.6,2346
ILLUM_02094,-87.1286,-51.5797,46.9,4108,599,545,0,38.6,5368
ILLUM_02095,-82.0715,33.2939,13.8,1209,0,591,0,20.5,1579
ILLUM_02096,-84.2241,120.8058,67.8,5939,450,585,0,74.4,7760
ILLUM_02097,-83.6542,-164.2821,74.0,6482,1058,84,0,75.3,8470
ILLUM_02098,-82.0209,-94.8121,63.2,5536,357,562,0,57.0,7234
ILLUM_02099,-86.0403,140.3096,42.3,3705,496,735,0,48.2,4841
ILLUM_02100,-80.8491,-176.7004,84.1,7367,1429,200,0,82.9,9626
ILLUM_02101,-84.6697,-107.4963,16.3,1428,0,434,0,3.5,1866
ILLUM_02102,-88.4205,165.2487,26.1,2286,391,662,0,27.3,2987
ILLUM_02103,-83.041,40.8247,46.8,4100,400,491,0,53.0,5356
ILLUM_02104,-82.0674,-85.7983,7.3,639,0,671,0,0.0,836
ILLUM_02105,-86.8324,-155.8832,8.3,727,0,424,0,5.0,950
ILLUM_02106,-81.4282,-169.8511,35.2,3084,691,514,0,36.0,4029
ILLUM_02107,-80.9386,-91.8918,87.9,7700,1728,49,0,79.7,10061
ILLUM_02108,-87.231,137.3349,80.6,7061,1217,98,0,93.1,9225
ILLUM_02109,-80.1648,-30.2711,42.5,3723,369,689,0,39.2,4864
ILLUM_02110,-88.5929,79.32,12.1,1060,0,576,0,23.3,1385
ILLUM_02111,-87.9798,150.5826,17.6,1542,0,632,0,21.8,2014
ILLUM_02112,-88.1578,-33.1054,35.4,3101,329,526,0,30.4,4052
ILLUM_02113,-81.0601,-111.1401,22.4,1962,508,420,0,10.6,2564
ILLUM_02114,-83.4571,6.1625,9.3,815,0,606,0,9.0,1064
ILLUM_02115,-88.479,146.9101,61.0,5344,622,618,0,69.5,6982
ILLUM_02116,-85.5968,109.5748,55.1,4827,382,643,0,64.7,6306
ILLUM_02117,-83.847,-156.3013,23.5,2059,515,705,0,23.7,2690
ILLUM_02118,-89.1654,69.3262,73.5,6439,1314,175,0,83.4,8412
ILLUM_02119,-81.1758,25.8831,70.3,6158,935,234,0,78.1,8046
ILLUM_02120,-81.964,146.6867,44.2,3872,334,432,0,52.1,5059
ILLUM_02121,-84.9479,-135.9067,11.6,1016,0,720,0,2.2,1328
ILLUM_02122,-80.3287,12.253,85.7,7507,1694,62,0,89.4,9809
ILLUM_02123,-85.8224,136.6066,61.5,5387,305,356,0,70.4,7039
ILLUM_02124,-80.1589,-32.3914,24.9,2181,546,712,0,18.1,2850
ILLUM_02125,-83.3208,-6.4818,59.4,5203,392,497,0,56.9,6799
ILLUM_02126,-83.6533,-154.6342,35.5,3110,578,393,0,34.2,4063
ILLUM_02127,-88.3405,-79.8683,57.3,5019,614,362,0,50.5,6558
ILLUM_02128,-81.1807,-63.1776,45.5,3986,489,644,0,36.1,5208
ILLUM_02129,-85.7251,160.2441,45.5,3986,656,369,0,49.5,5208
ILLUM_02130,-88.3777,-78.2398,64.3,5633,331,354,0,60.1,7359
ILLUM_02131,-89.8739,-14.0873,60.3,5282,556,461,0,55.9,6902
ILLUM_02132,-84.4024,61.6696,6.4,561,0,401,0,16.4,733
ILLUM_02133,-84.726,-121.614,5.0,438,0,719,0,0.0,572
ILLUM_02134,-82.8065,-4.8807,28.2,2470,327,745,0,28.1,3228
ILLUM_02135,-81.0974,85.8741,41.6,3644,669,734,0,50.8,4761
ILLUM_02136,-89.2059,132.0679,27.7,2427,498,421,0,33.6,3170
ILLUM_02137,-82.685,45.4533,60.4,5291,328,526,0,69.0,6913
ILLUM_02138,-88.1259,60.8593,23.1,2024,446,371,0,27.3,2644
ILLUM_02139,-81.4182,-134.5379,70.8,6202,966,227,0,59.8,8103
ILLUM_02140,-81.8094,160.4795,72.4,6342,1347,90,0,76.8,8287
ILLUM_02141,-84.5921,-132.2733,11.4,999,0,380,0,4.4,1305
ILLUM_02142,-82.8976,98.8823,59.5,5212,672,734,0,71.7,6810
ILLUM_02143,-86.8565,-84.6661,88.6,7761,1808,68,0,81.4,10141
ILLUM_02144,-85.2883,156.0935,20.8,1822,660,607,0,22.4,2381
ILLUM_02145,-81.7836,79.1854,84.8,7428,1054,185,0,96.2,9706
ILLUM_02146,-85.4073,91.3729,57.8,5063,352,698,0,67.6,6615
ILLUM_02147,-86.422,-101.1387,56.1,4914,499,734,0,46.3,6421
ILLUM_02148,-85.0579,-20.5056,6.0,526,0,647,0,1.4,687
ILLUM_02149,-81.7175,42.4128,71.4,6255,1028,246,0,77.8,8172
ILLUM_02150,-86.6479,97.1905,45.9,4021,306,640,0,55.4,5253
ILLUM_02151,-88.2624,-142.5746,67.7,5931,647,458,0,62.4,7749
ILLUM_02152,-82.8799,166.4515,78.5,6877,1151,245,0,79.2,8985
ILLUM_02153,-81.7402,140.4794,45.8,4012,645,740,0,56.1,5242
ILLUM_02154,-88.9936,-82.6745,25.0,2190,398,628,0,15.1,2861
ILLUM_02155,-87.6013,116.1937,12.0,1051,0,372,0,22.4,1373
ILLUM_02156,-88.5803,6.5966,16.7,1463,0,584,0,16.4,1911
ILLUM_02157,-86.5206,-13.7497,76.9,6736,955,151,0,80.0,8802
ILLUM_02158,-85.4965,-66.8037,11.9,1042,0,624,0,2.5,1362
ILLUM_02159,-82.5117,29.1487,36.5,3197,652,428,0,41.4,4178
ILLUM_02160,-83.4885,82.7601,33.4,2926,439,421,0,41.7,3823
ILLUM_02161,-83.7907,-32.0642,79.2,6938,953,80,0,76.9,9065
ILLUM_02162,-86.4763,46.5189,49.8,4362,607,581,0,52.6,5700
ILLUM_02163,-81.5855,71.7527,91.0,7972,1738,38,0,98.5,10415
ILLUM_02164,-85.2871,76.0039,65.9,5773,508,548,0,79.7,7543
ILLUM_02165,-80.209,-161.2922,79.9,6999,1116,195,0,77.6,9145
ILLUM_02166,-83.6586,129.5092,8.9,780,0,476,0,17.1,1019
ILLUM_02167,-88.7374,-15.0288,27.1,2374,558,662,0,21.5,3102
ILLUM_02168,-83.2382,-85.5302,9.3,815,0,613,0,2.9,1064
ILLUM_02169,-86.749,-92.9648,43.0,3767,395,449,0,34.1,4922
ILLUM_02170,-83.1367,-6.1149,68.1,5966,618,363,0,67.2,7794
ILLUM_02171,-89.3036,139.2594,14.3,1253,0,699,0,22.6,1637
ILLUM_02172,-88.2512,-43.7949,9.3,815,0,528,0,5.4,1064
ILLUM_02173,-81.4426,89.9013,59.7,5230,385,358,0,68.4,6833
ILLUM_02174,-87.7282,-145.1453,19.6,1717,0,490,0,16.2,2243
ILLUM_02175,-81.6296,-8.6196,46.4,4065,670,553,0,44.0,5311
ILLUM_02176,-87.2072,177.007,5.0,438,0,543,0,5.4,572
ILLUM_02177,-83.5712,97.3576,62.3,5457,351,387,0,74.6,7131
ILLUM_02178,-83.0585,-104.2097,51.6,4520,395,370,0,41.7,5906
ILLUM_02179,-84.8735,0.5189,60.6,5309,560,506,0,61.6,6936
ILLUM_02180,-86.9469,-95.8951,23.6,2067,655,433,0,16.2,2701
ILLUM_02181,-87.8736,-32.5581,26.8,2348,614,733,0,21.1,3067
ILLUM_02182,-89.6681,100.8302,69.8,6114,580,527,0,86.0,7989
ILLUM_02183,-86.9605,97.6409,64.1,5615,635,541,0,78.2,7337
ILLUM_02184,-83.4684,-97.8839,57.1,5002,643,733,0,45.2,6535
ILLUM_02185,-80.617,152.0004,57.8,5063,313,614,0,64.4,6615
ILLUM_02186,-81.288,33.3245,10.1,885,0,620,0,14.4,1156
ILLUM_02187,-82.3394,-43.2273,80.6,7061,1040,224,0,74.5,9225
ILLUM_02188,-82.1155,0.6968,70.5,6176,1248,90,0,73.3,8069
ILLUM_02189,-83.3502,37.8257,54.9,4809,518,608,0,62.2,6284
ILLUM_02190,-87.3971,21.5606,82.6,7236,1434,149,0,90.9,9454
ILLUM_02191,-80.928,-4.8942,15.9,1393,0,371,0,15.2,1820
ILLUM_02192,-83.2927,1.7758,62.5,5475,509,644,0,65.5,7153
ILLUM_02193,-84.3956,-116.4917,93.0,8147,1522,40,0,82.5,10644
ILLUM_02194,-88.8901,112.5838,27.3,2391,497,361,0,38.7,3125
ILLUM_02195,-85.5294,15.0337,5.0,438,0,383,0,4.0,572
ILLUM_02196,-85.3964,-132.8112,67.4,5904,578,650,0,62.5,7714
ILLUM_02197,-81.3544,95.8166,5.0,438,0,702,0,10.6,572
ILLUM_02198,-84.5335,155.6798,78.0,6833,1408,242,0,87.0,8927
ILLUM_02199,-86.196,161.0305,5.0,438,0,655,0,8.6,572
ILLUM_02200,-80.232,-47.1536,61.6,5396,636,704,0,54.7,7050
ILLUM_02201,-88.8928,-131.2139,35.4,3101,523,505,0,28.3,4052
ILLUM_02202,-85.7745,6.6239,19.8,1734,0,644,0,20.5,2266
ILLUM_02203,-89.5798,-139.4607,81.4,7131,1192,196,0,78.8,9317
ILLUM_02204,-82.601,156.2355,68.3,5983,635,524,0,74.9,7817
ILLUM_02205,-80.8192,-113.9113,31.5,2759,575,361,0,23.2,3605
ILLUM_02206,-87.1996,-89.0043,27.8,2435,558,392,0,17.0,3182
ILLUM_02207,-81.4166,-33.6109,70.9,6211,908,197,0,64.4,8115
ILLUM_02208,-87.0778,-42.0608,73.7,6456,1103,163,0,72.8,8435
ILLUM_02209,-80.8923,106.0786,65.6,5747,462,544,0,77.6,7508
ILLUM_02210,-82.4604,-15.7259,57.9,5072,423,623,0,58.1,6627
ILLUM_02211,-81.9509,-118.5234,19.5,1708,0,460,0,12.9,2232
ILLUM_02212,-89.8199,-83.8044,79.4,6955,1084,149,0,71.1,9088
ILLUM_02213,-80.3719,3.2808,69.4,6079,303,615,0,71.8,7943
ILLUM_02214,-82.7333,-126.9166,45.6,3995,558,609,0,41.1,5219
ILLUM_02215,-86.9525,40.196,45.0,3942,407,706,0,55.1,5150
ILLUM_02216,-81.7061,23.669,53.6,4695,572,617,0,58.1,6135
ILLUM_02217,-87.1848,77.2928,74.4,6517,904,237,0,88.4,8515
ILLUM_02218,-81.2725,157.5737,67.3,5895,490,528,0,74.3,7703
ILLUM_02219,-88.8742,148.4116,81.0,7096,1074,133,0,86.6,9271
ILLUM_02220,-82.9631,160.5872,47.3,4143,469,494,0,51.5,5414
ILLUM_02221,-84.593,-91.9024,60.9,5335,397,700,0,49.3,6970
ILLUM_02222,-89.0347,-132.6365,78.8,6903,1352,183,0,73.8,9019
ILLUM_02223,-87.5811,-71.1804,26.0,2278,323,378,0,12.6,2976
ILLUM_02224,-89.876,142.2307,40.7,3565,464,699,0,48.3,4658
ILLUM_02225,-85.3123,169.9393,59.8,5238,557,524,0,60.7,6844
ILLUM_02226,-86.9873,129.357,83.0,7271,1167,101,0,94.7,9500
ILLUM_02227,-84.0164,-140.3936,5.0,438,0,706,0,0.0,572
ILLUM_02228,-87.0276,161.0741,23.0,2015,693,511,0,23.4,2632
ILLUM_02229,-87.0008,-27.5911,20.3,1778,570,580,0,17.6,2323
ILLUM_02230,-82.5681,-176.6483,29.8,2610,336,378,0,30.4,3411
ILLUM_02231,-89.5186,-20.7383,24.7,2164,613,470,0,23.2,2827
ILLUM_02232,-80.9711,-163.4151,0.0,0,0,8760,1,0.0,0
ILLUM_02233,-81.4774,15.7961,79.5,6964,1084,222,0,86.9,9099
ILLUM_02234,-83.322,-58.1206,61.5,5387,553,696,0,52.0,7039
ILLUM_02235,-84.0678,-9.5634,22.8,1997,611,493,0,21.3,2610
ILLUM_02236,-81.077,40.7413,80.3,7034,1199,99,0,88.6,9191
ILLUM_02237,-88.1467,132.7684,58.3,5107,312,552,0,67.4,6673
ILLUM_02238,-89.2103,58.2846,22.8,1997,462,747,0,29.3,2610
ILLUM_02239,-87.6049,-23.7424,33.0,2891,463,618,0,30.3,3777
ILLUM_02240,-82.0542,114.994,71.6,6272,1142,136,0,84.1,8195
ILLUM_02241,-89.6533,146.0096,69.4,6079,648,374,0,75.8,7943
ILLUM_02242,-84.1719,-136.8864,53.2,4660,323,581,0,47.9,6089
ILLUM_02243,-80.0456,11.4959,17.3,1515,0,585,0,15.7,1980
ILLUM_02244,-81.443,-77.5757,76.1,6666,1111,143,0,66.5,8710
ILLUM_02245,-84.7855,-163.058,29.1,2549,373,588,0,26.3,3331
ILLUM_02246,-89.3636,60.6768,74.2,6500,1409,170,0,82.0,8493
ILLUM_02247,-81.6863,130.5975,57.0,4993,442,417,0,69.1,6524
ILLUM_02248,-84.0102,-121.355,25.6,2243,302,590,0,16.6,2930
ILLUM_02249,-88.8507,112.4689,19.8,1734,0,568,0,29.4,2266
ILLUM_02250,-89.0614,127.2225,11.7,1025,0,467,0,20.4,1339
ILLUM_02251,-80.9037,149.1626,21.8,1910,329,421,0,28.1,2495
ILLUM_02252,-83.308,-84.4974,16.8,1472,0,596,0,5.0,1923
ILLUM_02253,-81.7071,145.4231,53.4,4678,578,421,0,64.3,6112
ILLUM_02254,-81.2102,-64.5614,56.3,4932,619,634,0,47.9,6444
ILLUM_02255,-84.2823,18.8417,51.4,4503,699,352,0,58.9,5883
ILLUM_02256,-84.8255,-161.8173,58.9,5160,419,626,0,57.9,6741
ILLUM_02257,-85.6957,-164.2028,75.3,6596,1427,208,0,74.7,8618
ILLUM_02258,-86.8305,79.3344,87.7,7683,1757,67,0,96.6,10038
ILLUM_02259,-85.654,-19.9872,20.2,1770,656,525,0,18.5,2312
ILLUM_02260,-82.2612,-87.7347,54.5,4774,379,701,0,45.8,6238
ILLUM_02261,-83.9808,-111.4511,5.0,438,0,629,0,0.0,572
ILLUM_02262,-81.0748,61.1833,12.1,1060,0,607,0,20.2,1385
ILLUM_02263,-85.5662,-179.8554,57.9,5072,673,583,0,62.1,6627
ILLUM_02264,-83.9291,110.1208,41.5,3635,408,352,0,55.6,4750
ILLUM_02265,-83.6869,-151.4701,67.1,5878,355,503,0,67.3,7680
ILLUM_02266,-84.083,-111.0637,38.8,3399,520,351,0,31.1,4441
ILLUM_02267,-82.9737,-40.9549,11.3,990,0,382,0,5.6,1293
ILLUM_02268,-87.6257,-5.4509,82.9,7262,917,92,0,81.9,9488
ILLUM_02269,-84.8764,-52.2018,10.7,937,0,695,0,0.0,1225
ILLUM_02270,-88.9578,-64.5436,20.5,1796,489,447,0,8.9,2346
ILLUM_02271,-86.1549,167.0098,27.9,2444,456,387,0,28.6,3193
ILLUM_02272,-85.1233,50.9687,93.0,8147,1739,34,0,98.5,10644
ILLUM_02273,-83.4778,-171.5641,39.5,3460,425,555,0,38.1,4521
ILLUM_02274,-80.4947,-25.1367,47.3,4143,427,572,0,43.4,5414
ILLUM_02275,-83.9935,135.0031,74.9,6561,1275,216,0,80.2,8573
ILLUM_02276,-82.5641,-71.4758,56.6,4958,382,487,0,51.0,6478
ILLUM_02277,-84.9373,-145.9597,79.7,6982,993,141,0,74.3,9122
ILLUM_02278,-83.659,93.0185,44.9,3933,501,471,0,56.2,5139
ILLUM_02279,-89.2907,38.165,92.6,8112,1814,48,0,98.5,10599
ILLUM_02280,-87.4561,25.3125,76.1,6666,1361,157,0,80.0,8710
ILLUM_02281,-86.3815,-160.7124,36.8,3224,444,587,0,34.8,4212
ILLUM_02282,-85.2751,-129.4204,32.9,2882,481,538,0,28.5,3766
ILLUM_02283,-89.5435,44.1178,88.7,7770,1816,77,0,95.3,10152
ILLUM_02284,-88.5998,-105.1834,62.4,5466,459,361,0,55.4,7142
ILLUM_02285,-87.2319,1.4652,57.7,5055,699,557,0,59.3,6604
ILLUM_02286,-80.2847,16.1574,67.9,5948,606,486,0,74.8,7771
ILLUM_02287,-86.6865,-77.9374,51.2,4485,671,616,0,43.5,5860
ILLUM_02288,-85.1796,161.4331,16.8,1472,0,498,0,18.3,1923
ILLUM_02289,-88.039,123.2871,30.3,2654,578,553,0,38.7,3468
ILLUM_02290,-83.8922,80.0545,50.1,4389,443,545,0,62.9,5734
ILLUM_02291,-87.1932,-151.9222,5.0,438,0,631,0,0.0,572
ILLUM_02292,-87.9301,-141.7932,41.8,3662,365,496,0,35.4,4784
ILLUM_02293,-84.8343,-2.5987,69.1,6053,659,622,0,71.3,7909
ILLUM_02294,-89.9449,-122.1432,15.5,1358,0,600,0,7.1,1774
ILLUM_02295,-89.9234,172.1756,5.7,499,0,521,0,7.5,652
ILLUM_02296,-87.8093,-122.9327,76.5,6701,1340,135,0,71.0,8756
ILLUM_02297,-89.6328,-4.5116,58.3,5107,414,478,0,57.9,6673
ILLUM_02298,-88.9197,-48.9164,14.6,1279,0,589,0,9.2,1671
ILLUM_02299,-86.6114,50.1791,74.9,6561,1020,208,0,84.3,8573
ILLUM_02300,-81.9741,-133.5469,61.7,5405,588,549,0,55.3,7062
ILLUM_02301,-84.2795,-25.0861,33.6,2943,304,699,0,27.5,3846
ILLUM_02302,-84.8733,-81.1062,34.9,3057,611,470,0,25.9,3994
ILLUM_02303,-87.0651,139.5905,12.0,1051,0,464,0,21.3,1373
ILLUM_02304,-80.6825,-165.3891,78.6,6885,1015,238,0,76.8,8996
ILLUM_02305,-86.0298,148.9419,45.3,3968,537,501,0,53.5,5185
ILLUM_02306,-89.1291,119.8779,50.2,4398,358,520,0,61.6,5746
ILLUM_02307,-83.8293,-72.8745,80.7,7069,1147,218,0,74.4,9236
ILLUM_02308,-88.8616,104.1446,0.0,0,0,8760,1,0.0,0
ILLUM_02309,-86.5478,-168.7631,8.8,771,0,443,0,4.4,1007
ILLUM_02310,-84.9259,168.0716,16.2,1419,0,465,0,17.4,1854
ILLUM_02311,-81.2578,9.5742,5.0,438,0,584,0,4.5,572
ILLUM_02312,-85.0645,-70.8188,63.9,5598,657,614,0,53.1,7314
ILLUM_02313,-82.9774,-49.47,60.8,5326,337,567,0,52.6,6959
ILLUM_02314,-80.0718,-156.0941,20.3,1778,530,509,0,16.0,2323
ILLUM_02315,-88.6851,176.1658,9.2,806,0,568,0,14.9,1053
ILLUM_02316,-87.2527,-165.8549,11.8,1034,0,360,0,11.4,1351
ILLUM_02317,-86.0542,55.7666,0.0,0,0,8760,1,0.0,0
ILLUM_02318,-85.7817,-20.6151,67.5,5913,682,578,0,62.4,7726
ILLUM_02319,-85.8898,161.6098,56.8,4976,562,623,0,58.8,6501
ILLUM_02320,-80.9239,-91.4401,27.9,2444,593,357,0,20.6,3193
ILLUM_02321,-82.8597,11.5513,36.7,3215,508,632,0,43.1,4200
ILLUM_02322,-83.9209,-6.3518,7.9,692,0,559,0,7.4,904
ILLUM_02323,-86.9063,73.0319,0.0,0,0,8760,1,0.0,0
ILLUM_02324,-81.7621,-155.5163,67.4,5904,606,351,0,67.6,7714
ILLUM_02325,-80.4494,-110.2359,55.7,4879,663,430,0,49.7,6375
ILLUM_02326,-81.788,-102.7567,58.6,5133,402,651,0,46.1,6707
ILLUM_02327,-89.9843,85.7343,45.9,4021,698,547,0,57.9,5253
ILLUM_02328,-83.636,-111.9101,23.2,2032,443,738,0,15.2,2655
ILLUM_02329,-89.4886,26.457,26.6,2330,396,489,0,26.0,3044
ILLUM_02330,-87.4239,-102.5122,50.2,4398,566,521,0,42.4,5746
ILLUM_02331,-89.4048,130.185,5.0,438,0,704,0,14.3,572
ILLUM_02332,-83.962,159.1868,0.0,0,0,8760,1,0.0,0
ILLUM_02333,-83.1341,6.6575,52.5,4599,391,507,0,54.4,6009
ILLUM_02334,-88.8551,-53.1688,84.1,7367,1127,154,0,79.4,9626
ILLUM_02335,-86.1616,-95.7392,84.3,7385,1324,204,0,76.9,9649
ILLUM_02336,-85.4376,-162.0788,5.0,438,0,385,0,0.0,572
ILLUM_02337,-86.3095,-83.34,0.0,0,0,8760,1,0.0,0
ILLUM_02338,-88.7897,55.5249,55.4,4853,649,637,0,63.6,6341
ILLUM_02339,-85.8105,12.1021,76.6,6710,1222,222,0,82.7,8767
ILLUM_02340,-82.4882,159.8549,87.9,7700,1738,47,0,94.1,10061
ILLUM_02341,-89.2899,-37.3402,81.2,7113,982,162,0,75.7,9294
ILLUM_02342,-89.1982,69.7908,64.8,5676,632,420,0,73.8,7417
ILLUM_02343,-86.4523,-3.8438,15.3,1340,0,701,0,18.4,1751
ILLUM_02344,-80.5827,4.5274,5.0,438,0,494,0,7.7,572
ILLUM_02345,-83.3143,-83.6012,5.3,464,0,509,0,0.0,607
ILLUM_02346,-83.2133,-16.2177,55.3,4844,476,363,0,55.4,6329
ILLUM_02347,-86.3808,-10.5174,5.0,438,0,490,0,1.6,572
ILLUM_02348,-84.0634,74.3913,68.8,6027,508,477,0,79.9,7874
ILLUM_02349,-89.8987,158.6304,67.5,5913,318,566,0,71.3,7726
ILLUM_02350,-83.639,-61.4443,6.9,604,0,617,0,0.0,790
ILLUM_02351,-80.8671,-164.8078,80.0,7008,1297,167,0,83.5,9156
ILLUM_02352,-83.8743,-1.3338,47.2,4135,608,493,0,49.4,5402
ILLUM_02353,-81.263,16.0061,81.3,7122,1319,192,0,88.7,9305
ILLUM_02354,-82.7603,-119.3614,84.5,7402,1342,136,0,76.9,9671
ILLUM_02355,-88.7944,93.7673,22.3,1953,556,373,0,28.7,2552
ILLUM_02356,-80.9755,174.5745,35.8,3136,346,392,0,37.1,4097
ILLUM_02357,-89.3356,160.4789,13.3,1165,0,472,0,16.1,1522
ILLUM_02358,-84.6603,-109.0418,73.3,6421,1207,111,0,64.2,8390
ILLUM_02359,-88.5786,135.1308,49.3,4319,452,460,0,54.9,5643
ILLUM_02360,-89.8829,73.6177,84.8,7428,1446,188,0,97.8,9706
ILLUM_02361,-85.7797,-16.6152,19.2,1682,0,508,0,16.9,2198
ILLUM_02362,-87.0496,14.62,65.6,5747,693,358,0,67.9,7508
ILLUM_02363,-85.14,125.8561,89.6,7849,1593,66,0,98.5,10255
ILLUM_02364,-84.228,-7.1514,58.5,5125,691,384,0,62.0,6696
ILLUM_02365,-89.5626,-45.6453,5.4,473,0,357,0,0.0,618
ILLUM_02366,-88.77,-2.4309,56.9,4984,661,680,0,55.5,6512
ILLUM_02367,-84.4136,28.4867,16.9,1480,0,494,0,21.9,1934
ILLUM_02368,-86.5683,-111.932,5.0,438,0,429,0,0.0,572
ILLUM_02369,-82.7083,144.3268,33.0,2891,411,369,0,37.7,3777
ILLUM_02370,-83.4771,62.7073,25.7,2251,496,597,0,34.2,2941
ILLUM_02371,-81.544,47.9768,71.4,6255,1085,226,0,82.4,8172
ILLUM_02372,-83.0751,-144.1814,34.2,2996,417,371,0,29.6,3914
ILLUM_02373,-85.7007,37.5026,65.8,5764,374,718,0,75.7,7531
ILLUM_02374,-83.2703,-136.4542,5.0,438,0,420,0,0.0,572
ILLUM_02375,-87.2462,-151.6688,5.0,438,0,558,0,0.0,572
ILLUM_02376,-86.9369,9.8319,5.0,438,0,426,0,4.5,572
ILLUM_02377,-82.1101,-34.9972,18.3,1603,0,720,0,15.1,2095
ILLUM_02378,-85.5358,31.9717,0.0,0,0,8760,1,0.0,0
ILLUM_02379,-82.0162,-147.88,0.0,0,0,8760,1,0.0,0
ILLUM_02380,-81.7758,-24.8461,93.0,8147,1514,73,0,89.5,10644
ILLUM_02381,-81.4244,-117.0768,30.2,2646,502,508,0,24.8,3457
ILLUM_02382,-80.8336,175.356,5.0,438,0,690,0,6.1,572
ILLUM_02383,-85.6901,22.0141,18.5,1621,0,490,0,22.3,2117
ILLUM_02384,-86.8113,67.4773,82.4,7218,1258,190,0,94.5,9431
ILLUM_02385,-84.178,-62.8494,67.2,5887,688,602,0,57.5,7691
ILLUM_02386,-86.2883,-145.894,72.9,6386,1063,139,0,69.5,8344
ILLUM_02387,-83.9893,171.3135,12.9,1130,0,487,0,13.3,1476
ILLUM_02388,-82.9441,-76.9467,10.3,902,0,748,0,3.1,1179
ILLUM_02389,-83.1159,-27.4291,10.9,955,0,472,0,6.1,1248
ILLUM_02390,-86.2545,53.951,0.0,0,0,8760,1,0.0,0
ILLUM_02391,-88.3314,-171.109,17.4,1524,0,426,0,18.4,1992
ILLUM_02392,-85.6947,111.6933,60.4,5291,643,384,0,70.4,6913
ILLUM_02393,-88.5741,13.1681,50.5,4424,512,659,0,51.3,5780
ILLUM_02394,-81.099,-79.8418,49.2,4310,336,507,0,41.9,5631
ILLUM_02395,-86.5412,-157.8211,18.9,1656,0,717,0,14.8,2163
ILLUM_02396,-88.4554,-121.5006,58.3,5107,525,523,0,51.8,6673
ILLUM_02397,-89.7455,142.2122,5.0,438,0,584,0,10.2,572
ILLUM_02398,-83.5418,66.9687,93.0,8147,1690,70,0,98.5,10644
ILLUM_02399,-83.631,-90.0354,5.4,473,0,548,0,0.0,618
ILLUM_02400,-86.594,-156.3837,7.1,622,0,526,0,0.8,813
ILLUM_02401,-89.2829,68.6215,28.5,2497,546,557,0,40.2,3262
ILLUM_02402,-85.9037,26.0668,74.2,6500,1062,172,0,83.4,8493
ILLUM_02403,-86.8878,-34.373,19.8,1734,0,483,0,18.8,2266
ILLUM_02404,-83.2288,-49.0999,44.9,3933,556,735,0,37.3,5139
ILLUM_02405,-83.9422,-101.9469,5.0,438,0,726,0,0.0,572
ILLUM_02406,-86.3541,61.0601,9.4,823,0,352,0,16.2,1076
ILLUM_02407,-87.8211,169.4405,54.2,4748,517,658,0,59.6,6203
ILLUM_02408,-80.1196,-116.7425,18.9,1656,0,359,0,9.5,2163
ILLUM_02409,-85.46,34.962,60.7,5317,646,373,0,71.7,6947
ILLUM_02410,-83.1173,-27.2934,73.7,6456,1384,238,0,70.0,8435
ILLUM_02411,-88.5945,-19.1921,79.4,6955,1212,188,0,77.5,9088
ILLUM_02412,-85.1441,-88.507,10.2,894,0,627,0,2.7,1167
ILLUM_02413,-89.7246,117.0486,42.5,3723,325,666,0,52.2,4864
ILLUM_02414,-84.9454,-5.308,91.7,8033,1567,62,0,89.0,10495
ILLUM_02415,-80.3598,15.6261,72.8,6377,1379,155,0,76.0,8332
ILLUM_02416,-86.1579,-70.2861,16.7,1463,0,609,0,1.7,1911
ILLUM_02417,-89.61,-114.549,46.8,4100,538,528,0,38.6,5356
ILLUM_02418,-89.6904,-149.0723,86.5,7577,1616,39,0,82.5,9900
ILLUM_02419,-86.1201,77.0829,39.8,3486,329,644,0,51.6,4555
ILLUM_02420,-88.3998,-109.3557,78.0,6833,1308,166,0,70.1,8927
ILLUM_02421,-89.7665,68.4271,43.9,3846,304,550,0,56.4,5025
ILLUM_02422,-82.4379,-39.4645,11.7,1025,0,379,0,3.8,1339
ILLUM_02423,-85.4148,-30.3211,12.1,1060,0,594,0,9.0,1385
ILLUM_02424,-87.1076,-11.0961,7.6,666,0,698,0,2.5,870
ILLUM_02425,-80.9992,-47.6249,15.4,1349,0,516,0,11.2,1763
ILLUM_02426,-88.8386,-143.7768,82.0,7183,1337,81,0,79.0,9385
ILLUM_02427,-80.4408,-68.5325,59.6,5221,518,374,0,52.5,6821
ILLUM_02428,-86.8603,58.9444,66.1,5790,441,598,0,78.8,7565
ILLUM_02429,-81.116,59.6824,58.0,5081,596,407,0,67.7,6638
ILLUM_02430,-83.9706,-76.9592,34.7,3040,553,578,0,27.0,3972
ILLUM_02431,-81.7329,-14.3631,22.9,2006,372,513,0,18.1,2621
ILLUM_02432,-80.1599,-110.359,84.0,7358,1058,85,0,78.6,9614
ILLUM_02433,-87.1159,-104.2661,48.5,4249,516,455,0,39.2,5551
ILLUM_02434,-80.3886,-171.703,44.3,3881,421,651,0,44.3,5070
ILLUM_02435,-86.1052,142.8288,91.7,8033,1772,43,0,98.5,10495
ILLUM_02436,-86.1449,-104.1456,35.7,3127,523,626,0,26.8,4086
ILLUM_02437,-86.5961,-98.0878,80.4,7043,901,159,0,71.2,9202
ILLUM_02438,-84.5859,-79.3435,76.0,6658,1234,159,0,72.1,8699
ILLUM_02439,-88.4585,-134.1331,21.6,1892,543,644,0,14.9,2472
ILLUM_02440,-84.4629,50.1346,7.1,622,0,448,0,16.7,813
ILLUM_02441,-84.583,-152.9485,88.7,7770,1641,37,0,88.1,10152
ILLUM_02442,-82.381,-131.6871,39.9,3495,313,380,0,33.0,4567
ILLUM_02443,-81.6635,52.1124,5.0,438,0,737,0,8.1,572
ILLUM_02444,-85.5956,-57.7222,49.3,4319,580,672,0,39.0,5643
ILLUM_02445,-86.9767,74.8612,56.1,4914,647,746,0,68.5,6421
ILLUM_02446,-87.4067,20.6729,66.1,5790,539,728,0,77.3,7565
ILLUM_02447,-88.0538,-87.8324,87.4,7656,1731,56,0,79.6,10003
ILLUM_02448,-89.4235,54.2981,81.0,7096,1129,145,0,95.1,9271
ILLUM_02449,-86.5755,-138.1415,87.8,7691,1844,36,0,82.6,10049
ILLUM_02450,-87.2975,13.1077,5.0,438,0,585,0,5.3,572
ILLUM_02451,-80.3358,-22.6267,66.5,5825,697,436,0,63.8,7611
ILLUM_02452,-84.4229,-83.5655,19.2,1682,0,710,0,11.5,2198
ILLUM_02453,-86.5272,37.4418,15.0,1314,0,591,0,23.9,1717
ILLUM_02454,-84.1953,133.6801,71.7,6281,1213,222,0,83.3,8206
ILLUM_02455,-88.608,179.6057,39.4,3451,318,490,0,39.7,4510
ILLUM_02456,-85.5596,38.7946,82.1,7192,976,135,0,93.3,9397
ILLUM_02457,-83.7377,-34.3059,5.0,438,0,447,0,0.0,572
ILLUM_02458,-85.111,-98.9254,77.8,6815,1195,144,0,66.3,8905
ILLUM_02459,-85.9822,-87.4454,16.0,1402,0,666,0,3.0,1831
ILLUM_02460,-80.0615,-7.3962,13.1,1148,0,700,0,15.5,1499
ILLUM_02461,-81.1969,-47.78,41.5,3635,610,421,0,37.9,4750
ILLUM_02462,-83.7659,148.9732,37.6,3294,484,735,0,42.7,4303
ILLUM_02463,-84.3062,-47.4136,42.8,3749,499,617,0,38.8,4899
ILLUM_02464,-83.7934,-45.5599,88.2,7726,1505,71,0,82.2,10095
ILLUM_02465,-87.9869,-41.9276,57.4,5028,432,574,0,55.8,6570
ILLUM_02466,-86.0486,121.1833,26.7,2339,342,699,0,36.1,3056
ILLUM_02467,-89.6054,54.2838,17.9,1568,0,646,0,24.5,2049
ILLUM_02468,-85.2445,41.1008,35.8,3136,316,470,0,46.5,4097
ILLUM_02469,-84.5698,-59.7085,41.5,3635,388,719,0,34.3,4750
ILLUM_02470,-87.7225,114.4455,55.4,4853,473,685,0,66.2,6341
ILLUM_02471,-80.3597,-166.189,25.8,2260,460,600,0,22.9,2953
ILLUM_02472,-80.9055,133.487,69.7,6106,624,509,0,80.2,7977
ILLUM_02473,-82.7786,4.59,6.3,552,0,735,0,10.2,721
ILLUM_02474,-84.6661,-36.6299,46.8,4100,341,671,0,47.3,5356
ILLUM_02475,-81.3003,-1.0198,60.3,5282,698,497,0,59.1,6902
ILLUM_02476,-88.6935,60.2696,20.8,1822,490,406,0,28.3,2381
ILLUM_02477,-82.0949,-175.4044,76.4,6693,1126,224,0,77.7,8744
ILLUM_02478,-88.7518,133.7587,56.8,4976,470,435,0,65.7,6501
ILLUM_02479,-82.0579,-19.1738,60.6,5309,381,525,0,58.1,6936
ILLUM_02480,-87.2423,-56.5321,48.0,4205,589,560,0,38.9,5494
ILLUM_02481,-81.2291,-130.2316,80.1,7017,1272,215,0,78.8,9168
ILLUM_02482,-80.5596,-21.7925,60.6,5309,673,416,0,62.2,6936
ILLUM_02483,-88.512,-1.3238,31.5,2759,368,655,0,36.0,3605
ILLUM_02484,-85.3732,-34.6872,21.4,1875,319,601,0,17.0,2449
ILLUM_02485,-80.1901,64.3176,6.9,604,0,639,0,15.8,790
ILLUM_02486,-85.1659,-28.4772,17.3,1515,0,454,0,10.9,1980
ILLUM_02487,-81.3645,166.1103,86.0,7534,1698,31,0,96.7,9843
ILLUM_02488,-84.1127,35.7399,35.0,3066,596,418,0,44.5,4006
ILLUM_02489,-86.2467,110.6921,83.4,7306,952,235,0,94.7,9546
ILLUM_02490,-87.1422,-140.6319,16.3,1428,0,672,0,9.9,1866
ILLUM_02491,-87.9678,-36.9751,38.9,3408,501,437,0,34.4,4452
ILLUM_02492,-82.382,-58.7348,86.6,7586,1648,36,0,82.7,9912
ILLUM_02493,-86.1346,25.0137,7.0,613,0,511,0,12.9,801
ILLUM_02494,-84.8872,130.0009,54.7,4792,602,464,0,64.1,6261
ILLUM_02495,-85.0767,-151.7982,81.6,7148,1414,94,0,82.6,9339
ILLUM_02496,-84.2272,-153.8731,86.1,7542,1695,34,0,85.8,9855
ILLUM_02497,-81.3442,126.1144,75.5,6614,1365,235,0,88.4,8641
ILLUM_02498,-80.1926,-103.374,80.2,7026,1393,244,0,71.6,9179
ILLUM_02499,-85.9242,60.7512,58.5,5125,561,524,0,70.7,6696
ILLUM_02500,-81.7248,15.4361,17.8,1559,0,718,0,23.6,2037
ILLUM_02501,-82.3547,119.8417,66.6,5834,408,703,0,78.1,7623
ILLUM_02502,-84.2647,-134.968,92.0,8059,1596,46,0,85.9,10530
ILLUM_02503,-80.4395,-133.2781,48.6,4257,636,660,0,42.7,5562
ILLUM_02504,-87.9953,20.4546,26.3,2304,399,673,0,28.3,3010
ILLUM_02505,-88.9074,160.6963,54.9,4809,406,622,0,57.8,6284
ILLUM_02506,-81.4604,-30.6008,62.4,5466,644,631,0,60.5,7142
ILLUM_02507,-85.6085,-62.3008,19.5,1708,0,700,0,10.9,2232
ILLUM_02508,-81.5303,38.4082,68.7,6018,632,708,0,74.5,7863
ILLUM_02509,-81.0691,154.9615,53.4,4678,587,706,0,60.0,6112
ILLUM_02510,-89.3754,121.294,57.1,5002,330,709,0,66.7,6535
ILLUM_02511,-81.1654,178.3741,26.5,2321,506,510,0,29.4,3033
ILLUM_02512,-85.5168,-171.8753,13.9,1218,0,541,0,13.3,1591
ILLUM_02513,-84.8957,-139.3711,57.2,5011,326,487,0,52.7,6547
ILLUM_02514,-83.7341,39.4084,55.5,4862,428,705,0,62.0,6352
ILLUM_02515,-80.7362,115.4075,30.5,2672,449,459,0,41.1,3491
ILLUM_02516,-89.8088,-77.312,27.8,2435,691,400,0,18.4,3182
ILLUM_02517,-85.2316,-93.884,32.9,2882,624,639,0,23.0,3766
ILLUM_02518,-83.1228,103.3113,43.7,3828,579,747,0,56.3,5002
ILLUM_02519,-82.7729,-159.7025,89.4,7831,1702,78,0,89.1,10232
ILLUM_02520,-83.0747,-47.0222,71.6,6272,1317,207,0,65.2,8195
ILLUM_02521,-88.6556,2.0913,82.5,7227,1187,238,0,81.3,9443
ILLUM_02522,-87.006,21.7255,44.3,3881,559,397,0,51.7,5070
ILLUM_02523,-86.4128,82.3015,49.7,4354,363,377,0,59.9,5688
ILLUM_02524,-81.9556,-52.2555,21.3,1866,506,725,0,11.5,2438
ILLUM_02525,-87.2124,40.5664,66.9,5860,615,585,0,75.0,7657
ILLUM_02526,-87.893,30.7352,37.2,3259,692,727,0,45.2,4258
ILLUM_02527,-80.4255,17.1418,68.6,6009,341,425,0,73.5,7852
ILLUM_02528,-89.9114,50.574,35.9,3145,608,670,0,46.6,4109
ILLUM_02529,-80.0218,-86.5983,9.0,788,0,409,0,0.3,1030
ILLUM_02530,-83.2318,-149.5264,16.8,1472,0,574,0,11.4,1923
ILLUM_02531,-81.7153,-137.0622,74.9,6561,1315,99,0,70.3,8573
ILLUM_02532,-87.0538,-99.1503,24.3,2129,697,401,0,14.7,2781
ILLUM_02533,-89.8568,0.0713,22.1,1936,606,450,0,25.1,2529
ILLUM_02534,-82.6213,122.5594,84.7,7420,1253,221,0,96.7,9694
ILLUM_02535,-81.6586,72.4656,62.1,5440,364,648,0,72.0,7108
ILLUM_02536,-82.5952,104.0546,7.2,631,0,569,0,20.6,824
ILLUM_02537,-88.5715,-53.6488,10.6,929,0,599,0,5.6,1213
ILLUM_02538,-82.4657,-34.3247,24.6,2155,682,561,0,20.2,2816
ILLUM_02539,-82.3108,-38.2745,53.9,4722,323,391,0,50.2,6169
ILLUM_02540,-83.4146,-110.9257,71.2,6237,947,135,0,62.2,8149
ILLUM_02541,-82.3388,-157.962,20.6,1805,339,674,0,22.3,2358
ILLUM_02542,-81.5408,32.7298,80.4,7043,921,156,0,88.1,9202
ILLUM_02543,-83.864,176.118,12.8,1121,0,459,0,11.0,1465
ILLUM_02544,-89.114,-119.9413,19.9,1743,0,466,0,11.1,2278
ILLUM_02545,-85.1237,-163.1935,0.0,0,0,8760,1,0.0,0
ILLUM_02546,-89.2235,100.6314,0.0,0,0,8760,1,0.0,0
ILLUM_02547,-85.9246,-89.069,0.0,0,0,8760,1,0.0,0
ILLUM_02548,-85.9289,118.6718,60.2,5274,454,728,0,75.6,6890
ILLUM_02549,-89.3399,73.4172,8.4,736,0,535,0,16.5,961
ILLUM_02550,-86.5118,160.4425,43.1,3776,522,580,0,49.3,4933
ILLUM_02551,-88.89,-32.7862,51.7,4529,319,651,0,43.9,5917
ILLUM_02552,-81.9176,58.3091,87.7,7683,1766,67,0,97.1,10038
ILLUM_02553,-80.5231,-12.6523,43.2,3784,419,622,0,37.8,4944
ILLUM_02554,-89.2768,47.0119,0.0,0,0,8760,1,0.0,0
ILLUM_02555,-80.4488,-18.1444,13.0,1139,0,673,0,7.6,1488
ILLUM_02556,-84.7742,-112.0924,57.5,5037,485,571,0,51.5,6581
ILLUM_02557,-87.0043,2.8431,20.2,1770,531,589,0,20.5,2312
ILLUM_02558,-89.2314,10.2903,7.5,657,0,635,0,9.2,858
ILLUM_02559,-84.9938,111.8174,93.0,8147,1578,57,0,98.5,10644
ILLUM_02560,-82.0548,84.7875,26.6,2330,601,410,0,35.6,3044
ILLUM_02561,-82.9291,58.965,12.1,1060,0,542,0,22.0,1385
ILLUM_02562,-89.4977,-139.1806,0.0,0,0,8760,1,0.0,0
ILLUM_02563,-89.271,79.4219,75.8,6640,1315,134,0,87.9,8676
ILLUM_02564,-85.9713,0.1099,7.3,639,0,389,0,6.1,836
ILLUM_02565,-87.0471,141.8758,10.3,902,0,666,0,16.2,1179
ILLUM_02566,-87.6762,151.1535,7.9,692,0,726,0,13.4,904
ILLUM_02567,-87.19,-160.1436,5.0,438,0,646,0,1.1,572
ILLUM_02568,-81.9652,115.431,61.4,5379,679,551,0,71.7,7028
ILLUM_02569,-80.7077,-166.4289,53.1,4652,513,437,0,53.5,6078
ILLUM_02570,-85.949,-47.8189,58.8,5151,443,519,0,55.6,6730
ILLUM_02571,-80.9389,15.228,48.4,4240,664,539,0,50.7,5540
ILLUM_02572,-86.785,-126.6837,74.4,6517,1372,197,0,69.6,8515
ILLUM_02573,-85.2356,88.673,47.0,4117,554,429,0,61.9,5379
ILLUM_02574,-87.7397,-176.9923,0.0,0,0,8760,1,0.0,0
ILLUM_02575,-83.5952,-119.3043,44.6,3907,453,387,0,37.4,5105
ILLUM_02576,-80.2102,29.0869,73.0,6395,1407,129,0,80.0,8355
ILLUM_02577,-83.9651,77.1795,37.6,3294,626,526,0,48.4,4303
ILLUM_02578,-86.4219,149.9915,38.2,3346,411,583,0,46.3,4372
ILLUM_02579,-83.5218,73.9788,77.7,6807,1034,242,0,90.3,8893
ILLUM_02580,-88.7708,61.8405,12.0,1051,0,582,0,19.0,1373
ILLUM_02581,-81.1134,-38.0372,54.0,4730,338,704,0,47.5,6181
ILLUM_02582,-84.9692,-179.5376,66.5,5825,474,571,0,68.9,7611
ILLUM_02583,-85.5065,-136.7427,70.6,6185,1233,124,0,64.4,8080
ILLUM_02584,-84.1414,12.4396,54.9,4809,400,706,0,58.3,6284
ILLUM_02585,-83.7522,63.0468,40.8,3574,525,488,0,51.5,4670
ILLUM_02586,-89.2822,-29.7186,26.6,2330,456,353,0,19.8,3044
ILLUM_02587,-83.1738,83.0444,82.3,7209,1294,213,0,96.3,9420
ILLUM_02588,-87.5807,7.8704,34.8,3048,575,410,0,36.5,3983
ILLUM_02589,-82.8605,-153.2966,70.6,6185,1081,124,0,71.4,8080
ILLUM_02590,-81.7747,-110.8741,5.0,438,0,720,0,0.0,572
ILLUM_02591,-81.9604,122.3994,20.2,1770,678,552,0,30.5,2312
ILLUM_02592,-84.475,80.9686,31.2,2733,489,361,0,42.7,3571
ILLUM_02593,-84.7983,142.1143,61.5,5387,477,654,0,69.9,7039
ILLUM_02594,-88.5712,-137.6794,25.1,2199,575,460,0,23.6,2873
ILLUM_02595,-82.2465,176.4801,0.0,0,0,8760,1,0.0,0
ILLUM_02596,-87.2859,-104.6136,17.7,1551,0,596,0,6.8,2026
ILLUM_02597,-85.033,-175.7592,24.2,2120,447,567,0,23.9,2770
ILLUM_02598,-87.1573,179.0723,19.2,1682,0,639,0,16.9,2198
ILLUM_02599,-88.6617,-78.8134,16.1,1410,0,542,0,9.5,1843
ILLUM_02600,-83.7044,60.487,72.8,6377,1314,105,0,81.8,8332
ILLUM_02601,-89.4567,-116.3944,39.0,3416,450,501,0,30.2,4464
ILLUM_02602,-82.5135,28.8823,39.8,3486,688,383,0,43.3,4555
ILLUM_02603,-86.8241,145.4526,89.2,7814,1819,68,0,97.5,10209
ILLUM_02604,-89.9987,-64.7348,41.5,3635,646,365,0,33.4,4750
ILLUM_02605,-84.8887,61.2914,84.1,7367,992,84,0,96.9,9626
ILLUM_02606,-89.5315,-112.3547,27.1,2374,461,621,0,19.2,3102
ILLUM_02607,-87.2383,44.9263,36.1,3162,390,721,0,45.1,4132
ILLUM_02608,-82.9302,-58.8779,34.0,2978,563,720,0,29.1,3891
ILLUM_02609,-89.3731,-103.965,50.8,4450,425,433,0,42.2,5814
ILLUM_02610,-81.6066,-67.2545,55.9,4897,415,491,0,46.3,6398
ILLUM_02611,-89.9618,-115.6172,25.3,2216,654,471,0,14.6,2896
ILLUM_02612,-87.5318,144.6898,71.8,6290,1092,228,0,81.2,8218
ILLUM_02613,-82.591,-37.0127,45.9,4021,436,539,0,41.2,5253
ILLUM_02614,-86.8373,-91.6995,5.0,438,0,567,0,0.0,572
ILLUM_02615,-88.9811,-18.5732,57.6,5046,486,538,0,53.0,6593
ILLUM_02616,-86.3977,-64.607,77.4,6780,1320,160,0,66.8,8859
ILLUM_02617,-87.2961,87.9909,20.6,1805,332,566,0,33.8,2358
ILLUM_02618,-81.5729,169.6392,0.0,0,0,8760,1,0.0,0
ILLUM_02619,-86.8665,-22.3079,75.7,6631,1147,150,0,72.9,8664
ILLUM_02620,-82.1107,129.972,89.9,7875,1808,55,0,98.5,10289
ILLUM_02621,-81.0813,23.7107,5.0,438,0,654,0,11.3,572
ILLUM_02622,-85.6618,-123.3952,88.2,7726,1821,59,0,80.8,10095
ILLUM_02623,-80.9006,68.6242,35.7,3127,595,558,0,43.4,4086
ILLUM_02624,-86.2268,4.8364,86.0,7534,1702,66,0,90.3,9843
ILLUM_02625,-80.3592,54.2183,62.4,5466,658,406,0,69.8,7142
ILLUM_02626,-89.1071,140.2875,82.4,7218,1383,136,0,91.0,9431
ILLUM_02627,-83.1298,-21.4436,0.0,0,0,8760,1,0.0,0
ILLUM_02628,-85.0619,144.4239,5.4,473,0,517,0,8.5,618
ILLUM_02629,-86.1235,90.2408,6.0,526,0,633,0,16.2,687
ILLUM_02630,-83.6729,-4.1022,0.0,0,0,8760,1,0.0,0
ILLUM_02631,-82.9614,37.16,10.6,929,0,523,0,18.4,1213
ILLUM_02632,-89.9564,-62.7908,39.4,3451,624,559,0,34.9,4510
ILLUM_02633,-88.3305,174.095,88.8,7779,1637,78,0,91.7,10164
ILLUM_02634,-82.8695,60.2464,24.3,2129,464,381,0,36.7,2781
ILLUM_02635,-83.3361,-164.2151,49.4,4327,344,436,0,43.7,5654
ILLUM_02636,-80.3395,-62.4161,0.0,0,0,8760,1,0.0,0
ILLUM_02637,-82.3896,44.3932,0.0,0,0,8760,1,0.0,0
ILLUM_02638,-80.4923,-159.72,23.3,2041,585,503,0,14.9,2667
ILLUM_02639,-82.9746,-171.4017,0.0,0,0,8760,1,0.0,0
ILLUM_02640,-87.0195,-17.9913,78.7,6894,960,116,0,78.5,9008
ILLUM_02641,-88.9464,-60.2315,74.2,6500,960,234,0,68.4,8493
ILLUM_02642,-82.1818,-22.2125,72.9,6386,919,165,0,71.2,8344
ILLUM_02643,-83.5585,-85.4304,70.7,6193,955,206,0,63.3,8092
ILLUM_02644,-89.5181,-120.7016,43.4,3802,380,428,0,35.0,4967
ILLUM_02645,-86.3995,68.0916,65.4,5729,478,381,0,78.5,7485
ILLUM_02646,-80.432,5.2456,36.1,3162,698,535,0,37.7,4132
ILLUM_02647,-84.996,-107.9445,8.2,718,0,413,0,0.1,939
ILLUM_02648,-85.6727,-64.9478,36.5,3197,396,682,0,28.3,4178
ILLUM_02649,-85.423,33.0508,12.5,1095,0,732,0,20.5,1431
ILLUM_02650,-87.9112,-153.9974,34.4,3013,459,582,0,32.7,3937
ILLUM_02651,-86.3129,-126.9169,31.8,2786,306,505,0,20.3,3640
ILLUM_02652,-86.3019,-153.6316,53.6,4695,594,720,0,52.5,6135
ILLUM_02653,-89.4764,112.4342,0.0,0,0,8760,1,0.0,0
ILLUM_02654,-82.3243,90.8673,64.2,5624,502,557,0,77.0,7348
ILLUM_02655,-85.835,91.1927,45.3,3968,608,724,0,58.7,5185
ILLUM_02656,-81.7782,77.8771,85.2,7464,1609,32,0,97.1,9752
ILLUM_02657,-81.4965,60.9788,6.7,587,0,557,0,17.4,767
ILLUM_02658,-87.8801,-8.2829,64.6,5659,677,650,0,63.9,7394
ILLUM_02659,-83.4265,51.2201,61.9,5422,486,490,0,71.7,7085
ILLUM_02660,-85.2772,-166.1898,90.6,7937,1535,70,0,87.9,10370
ILLUM_02661,-81.1984,43.7272,31.8,2786,327,552,0,42.2,3640
ILLUM_02662,-87.8426,100.036,28.8,2523,643,696,0,38.9,3296
ILLUM_02663,-83.2219,0.129,16.7,1463,0,557,0,16.4,1911
ILLUM_02664,-83.9225,-51.2952,22.5,1971,509,742,0,17.4,2575
ILLUM_02665,-87.047,-80.1264,45.1,3951,495,682,0,37.8,5162
ILLUM_02666,-88.634,51.4087,74.6,6535,1423,156,0,87.4,8538
ILLUM_02667,-83.4836,69.4084,23.2,2032,514,660,0,36.4,2655
ILLUM_02668,-82.614,133.5483,14.4,1261,0,600,0,22.2,1648
ILLUM_02669,-86.8437,-56.7597,26.8,2348,414,724,0,17.5,3067
ILLUM_02670,-83.5517,97.118,9.1,797,0,711,0,19.5,1042
ILLUM_02671,-86.0487,22.0881,85.5,7490,1635,46,0,91.8,9786
ILLUM_02672,-82.8679,137.8211,78.1,6842,961,154,0,89.6,8939
ILLUM_02673,-88.0078,10.0124,24.3,2129,498,665,0,31.0,2781
ILLUM_02674,-81.0978,6.3467,23.5,2059,316,647,0,24.6,2690
ILLUM_02675,-87.1259,28.0357,82.4,7218,1059,231,0,90.7,9431
ILLUM_02676,-86.3221,89.7535,5.0,438,0,399,0,10.2,572
ILLUM_02677,-89.4191,167.2886,54.5,4774,325,416,0,59.3,6238
ILLUM_02678,-88.8849,-153.5172,85.2,7464,1583,70,0,82.6,9752
ILLUM_02679,-84.8414,-160.7635,47.8,4187,325,482,0,45.0,5471
ILLUM_02680,-87.3241,157.5181,5.0,438,0,702,0,4.1,572
ILLUM_02681,-81.6452,10.7552,18.9,1656,0,731,0,22.7,2163
ILLUM_02682,-89.8531,41.3651,86.5,7577,1549,61,0,94.2,9900
ILLUM_02683,-86.2091,-6.3275,5.0,438,0,495,0,0.5,572
ILLUM_02684,-86.6265,-146.2833,34.8,3048,378,417,0,32.0,3983
ILLUM_02685,-89.8067,96.5122,0.0,0,0,8760,1,0.0,0
ILLUM_02686,-88.7563,89.0009,77.9,6824,1395,202,0,89.6,8916
ILLUM_02687,-85.8636,-67.7868,45.9,4021,455,627,0,36.1,5253
ILLUM_02688,-85.0714,-69.7539,0.0,0,0,8760,1,0.0,0
ILLUM_02689,-85.9571,121.6229,55.8,4888,555,439,0,65.5,6387
ILLUM_02690,-84.6906,-153.9514,25.7,2251,333,606,0,20.7,2941
ILLUM_02691,-84.0487,137.1979,28.4,2488,657,419,0,31.0,3251
ILLUM_02692,-89.9008,-87.6018,75.3,6596,1028,234,0,66.7,8618
ILLUM_02693,-85.359,33.4745,14.6,1279,0,572,0,20.2,1671
ILLUM_02694,-80.365,156.9579,5.0,438,0,656,0,4.4,572
ILLUM_02695,-84.8097,64.1241,0.0,0,0,8760,1,0.0,0
ILLUM_02696,-83.2246,-30.8053,42.7,3741,373,423,0,41.5,4887
ILLUM_02697,-86.8814,68.2323,65.6,5747,303,538,0,76.3,7508
ILLUM_02698,-82.2601,-56.1673,74.3,6509,945,111,0,65.9,8504
ILLUM_02699,-82.2708,-80.187,64.9,5685,320,658,0,53.2,7428
ILLUM_02700,-84.787,178.806,58.0,5081,619,708,0,59.7,6638
ILLUM_02701,-80.2399,90.2845,60.7,5317,453,639,0,73.2,6947
ILLUM_02702,-88.7445,52.0992,25.4,2225,657,563,0,33.7,2907
ILLUM_02703,-89.8305,-52.0957,34.1,2987,543,691,0,28.4,3903
ILLUM_02704,-82.2984,-162.3021,60.2,5274,368,484,0,55.5,6890
ILLUM_02705,-81.9284,-168.8195,7.0,613,0,388,0,4.3,801
ILLUM_02706,-88.7979,19.5053,27.2,2383,398,642,0,31.4,3113
ILLUM_02707,-87.3442,94.3318,39.8,3486,331,412,0,48.6,4555
ILLUM_02708,-89.8245,13.4565,47.0,4117,372,620,0,53.0,5379
ILLUM_02709,-87.0669,122.6826,40.9,3583,532,560,0,54.6,4681
ILLUM_02710,-82.2686,-167.9664,67.3,5895,698,423,0,66.1,7703
ILLUM_02711,-84.8204,-47.9693,45.9,4021,477,706,0,37.5,5253
ILLUM_02712,-86.519,-94.6547,83.3,7297,1285,88,0,75.9,9534
ILLUM_02713,-86.2826,-18.9817,33.8,2961,403,450,0,32.9,3869
ILLUM_02714,-89.9865,-153.9445,46.7,4091,334,539,0,45.5,5345
ILLUM_02715,-87.002,163.4874,5.0,438,0,463,0,3.1,572
ILLUM_02716,-83.5354,-99.6281,30.0,2628,609,673,0,19.6,3434
ILLUM_02717,-80.2581,152.0308,81.8,7166,1211,147,0,87.0,9362
ILLUM_02718,-81.5294,-26.6785,32.7,2865,641,410,0,27.2,3743
ILLUM_02719,-89.7641,174.7887,23.4,2050,411,630,0,25.0,2678
ILLUM_02720,-81.0144,19.461,48.0,4205,498,505,0,55.0,5494
ILLUM_02721,-82.168,155.0998,0.0,0,0,8760,1,0.0,0
ILLUM_02722,-82.1962,-178.0744,50.4,4415,639,559,0,50.2,5769
ILLUM_02723,-85.42,89.366,26.0,2278,400,589,0,38.8,2976
ILLUM_02724,-86.0199,145.0982,35.2,3084,382,640,0,42.1,4029
ILLUM_02725,-86.9708,-129.7006,71.2,6237,1035,216,0,67.5,8149
ILLUM_02726,-89.3431,-145.3947,59.8,5238,653,583,0,57.2,6844
ILLUM_02727,-87.7176,-27.1539,39.0,3416,590,595,0,37.8,4464
ILLUM_02728,-87.534,156.1244,53.5,4687,455,516,0,58.9,6123
ILLUM_02729,-85.1592,15.2592,68.0,5957,398,664,0,75.5,7783
ILLUM_02730,-82.5256,9.8843,67.5,5913,552,414,0,72.6,7726
ILLUM_02731,-85.2619,-129.1946,18.8,1647,0,716,0,9.9,2152
ILLUM_02732,-89.4216,-179.7158,29.9,2619,539,478,0,28.5,3422
ILLUM_02733,-80.4221,111.6504,33.6,2943,412,469,0,42.4,3846
ILLUM_02734,-80.5728,-148.4732,20.2,1770,678,582,0,12.6,2312
ILLUM_02735,-82.1481,48.1859,5.0,438,0,650,0,8.6,572
ILLUM_02736,-80.0867,149.2619,15.9,1393,0,368,0,21.6,1820
ILLUM_02737,-84.5552,-104.8853,74.9,6561,1302,146,0,67.1,8573
ILLUM_02738,-80.3723,59.4982,54.4,4765,643,550,0,60.5,6226
ILLUM_02739,-89.2439,-151.6685,31.1,2724,368,619,0,27.7,3560
ILLUM_02740,-86.3432,37.3519,57.9,5072,503,416,0,63.9,6627
ILLUM_02741,-87.7462,-120.9846,71.8,6290,1296,88,0,61.7,8218
ILLUM_02742,-88.0417,84.9433,33.0,2891,392,582,0,43.6,3777
ILLUM_02743,-88.592,-71.5567,42.2,3697,357,465,0,34.8,4830
ILLUM_02744,-83.7759,-13.1792,0.0,0,0,8760,1,0.0,0
ILLUM_02745,-82.1868,35.795,51.8,4538,561,674,0,62.6,5929
ILLUM_02746,-84.217,-118.3416,32.0,2803,475,564,0,25.1,3663
ILLUM_02747,-88.5304,86.9896,37.3,3267,307,355,0,51.2,4269
ILLUM_02748,-81.8888,-71.0495,40.7,3565,369,433,0,30.7,4658
ILLUM_02749,-83.6405,58.4539,55.4,4853,354,395,0,68.6,6341
ILLUM_02750,-86.1183,-123.0181,53.7,4704,649,391,0,46.0,6146
ILLUM_02751,-83.2587,67.7224,41.3,3618,360,549,0,49.4,4727
ILLUM_02752,-87.401,-133.8523,5.0,438,0,538,0,0.0,572
ILLUM_02753,-86.5481,-26.8717,56.5,4949,638,380,0,54.5,6467
ILLUM_02754,-80.8251,-91.0058,82.9,7262,1241,183,0,73.6,9488
ILLUM_02755,-87.095,89.4151,71.2,6237,909,117,0,83.1,8149
ILLUM_02756,-85.3001,-85.6674,89.9,7875,1582,71,0,83.3,10289
ILLUM_02757,-81.0986,137.4182,12.1,1060,0,637,0,20.0,1385
ILLUM_02758,-82.9228,141.0553,21.5,1883,665,403,0,27.4,2461
ILLUM_02759,-89.378,-109.2811,46.8,4100,406,478,0,41.8,5356
ILLUM_02760,-88.527,40.9845,20.8,1822,451,738,0,29.0,2381
ILLUM_02761,-89.9216,-148.4216,5.0,438,0,711,0,0.0,572
ILLUM_02762,-83.6908,-39.0466,36.2,3171,583,726,0,31.9,4143
ILLUM_02763,-85.5233,76.7958,24.0,2102,333,482,0,37.1,2747
ILLUM_02764,-88.6573,57.3924,22.6,1980,612,357,0,33.5,2587
ILLUM_02765,-80.4207,44.8922,88.5,7753,1716,52,0,97.6,10129
ILLUM_02766,-84.7034,-78.2853,23.0,2015,581,668,0,12.9,2632
ILLUM_02767,-87.5811,-43.911,14.1,1235,0,359,0,5.4,1614
ILLUM_02768,-84.994,-142.9394,13.2,1156,0,587,0,5.9,1511
ILLUM_02769,-83.2038,78.8482,76.1,6666,1089,179,0,86.4,8710
ILLUM_02770,-89.2376,1.4,62.3,5457,505,645,0,68.2,7131
ILLUM_02771,-87.253,75.1556,13.5,1183,0,451,0,22.0,1545
ILLUM_02772,-81.9303,-90.3803,19.3,1691,0,582,0,10.9,2209
ILLUM_02773,-85.4034,-63.2022,66.2,5799,645,685,0,62.1,7577
ILLUM_02774,-84.5342,-59.6825,26.5,2321,531,661,0,17.5,3033
ILLUM_02775,-85.6718,-170.7327,91.2,7989,1584,58,0,91.6,10438
ILLUM_02776,-89.561,-57.2228,51.8,4538,663,405,0,42.9,5929
ILLUM_02777,-88.3425,109.1896,16.7,1463,0,350,0,27.7,1911
ILLUM_02778,-85.5446,143.0275,79.4,6955,901,124,0,87.6,9088
ILLUM_02779,-87.9081,6.5586,25.9,2269,357,657,0,31.5,2964
ILLUM_02780,-89.5002,-16.0194,30.6,2681,695,559,0,24.7,3502
ILLUM_02781,-81.5635,-168.9031,27.6,2418,641,411,0,29.2,3159
ILLUM_02782,-80.1881,136.5136,69.4,6079,351,580,0,79.9,7943
ILLUM_02783,-82.0686,-175.3163,14.0,1226,0,457,0,15.6,1602
ILLUM_02784,-81.4622,160.11,35.7,3127,564,519,0,39.7,4086
ILLUM_02785,-87.5802,-3.8822,5.0,438,0,524,0,2.3,572
ILLUM_02786,-80.3937,-56.9036,78.6,6885,1014,122,0,70.2,8996
ILLUM_02787,-88.0307,152.7186,32.1,2812,370,708,0,37.0,3674
ILLUM_02788,-80.4857,-171.2192,20.0,1752,0,642,0,22.0,2289
ILLUM_02789,-80.0518,29.313,55.2,4836,445,488,0,60.0,6318
ILLUM_02790,-82.8828,17.6157,67.0,5869,364,544,0,70.0,7668
ILLUM_02791,-80.1886,-101.0447,73.7,6456,1033,249,0,67.4,8435
ILLUM_02792,-84.3046,-25.6005,29.9,2619,378,609,0,28.7,3422
ILLUM_02793,-87.4046,54.815,75.9,6649,1412,172,0,85.3,8687
ILLUM_02794,-85.63,81.7672,44.3,3881,692,379,0,54.1,5070
ILLUM_02795,-84.0644,-179.7419,7.3,639,0,428,0,9.6,836
ILLUM_02796,-89.2692,157.2672,80.1,7017,1023,196,0,84.3,9168
ILLUM_02797,-83.7766,-120.7709,49.5,4336,471,535,0,43.4,5666
ILLUM_02798,-80.1882,-95.911,58.1,5090,438,509,0,47.3,6650
ILLUM_02799,-88.0989,-85.1496,83.6,7323,1431,178,0,79.1,9568
ILLUM_02800,-82.074,-166.3848,50.3,4406,504,462,0,50.8,5757
ILLUM_02801,-80.921,-135.7012,5.0,438,0,648,0,0.0,572
ILLUM_02802,-80.563,175.086,78.5,6877,1213,141,0,83.6,8985
ILLUM_02803,-80.3986,-66.522,26.3,2304,449,579,0,17.9,3010
ILLUM_02804,-84.7854,-138.4916,45.7,4003,609,388,0,41.0,5231
ILLUM_02805,-80.2269,-141.4831,18.5,1621,0,744,0,13.2,2117
ILLUM_02806,-82.4269,79.0056,0.0,0,0,8760,1,0.0,0
ILLUM_02807,-88.3833,127.6447,60.9,5335,366,504,0,73.1,6970
ILLUM_02808,-85.231,-87.4972,39.7,3478,481,629,0,30.8,4544
ILLUM_02809,-82.8167,-172.4726,57.8,5063,426,642,0,58.3,6615
ILLUM_02810,-87.5266,-99.6876,74.2,6500,929,111,0,68.4,8493
ILLUM_02811,-83.5938,-159.6544,34.0,2978,435,637,0,28.9,3891
ILLUM_02812,-83.334,-142.7778,53.2,4660,323,402,0,47.9,6089
ILLUM_02813,-88.373,-24.6571,73.4,6430,1124,119,0,69.7,8401
ILLUM_02814,-84.3491,-97.2294,0.0,0,0,8760,1,0.0,0
ILLUM_02815,-82.2837,5.7405,45.3,3968,529,533,0,52.3,5185
ILLUM_02816,-85.011,-88.7422,39.0,3416,408,559,0,26.4,4464
ILLUM_02817,-89.879,158.5934,38.0,3329,487,506,0,42.4,4349
ILLUM_02818,-89.9096,146.1398,0.0,0,0,8760,1,0.0,0
ILLUM_02819,-86.4297,24.0502,32.9,2882,441,534,0,37.2,3766
ILLUM_02820,-80.7381,-52.4074,65.5,5738,345,444,0,58.5,7497
ILLUM_02821,-87.7132,-42.7871,9.5,832,0,363,0,5.1,1087
ILLUM_02822,-83.6564,-31.7332,87.4,7656,1528,55,0,86.6,10003
ILLUM_02823,-87.7792,81.9286,70.0,6132,538,539,0,83.9,8012
ILLUM_02824,-86.7833,-17.41,28.7,2514,440,435,0,25.3,3285
ILLUM_02825,-81.5196,128.4228,5.0,438,0,400,0,11.9,572
ILLUM_02826,-82.7114,159.8741,62.7,5493,699,362,0,71.0,7176
ILLUM_02827,-89.046,-59.0594,66.6,5834,328,603,0,61.2,7623
ILLUM_02828,-85.713,21.85,88.6,7761,1523,58,0,95.3,10141
ILLUM_02829,-89.7083,-145.7796,23.4,2050,380,454,0,18.5,2678
ILLUM_02830,-85.1911,-107.8311,6.7,587,0,481,0,0.0,767
ILLUM_02831,-83.3757,-31.1523,85.6,7499,1780,59,0,81.8,9797
ILLUM_02832,-88.815,-105.767,26.3,2304,587,481,0,14.9,3010
ILLUM_02833,-87.1112,135.5618,66.8,5852,345,507,0,75.5,7646
ILLUM_02834,-86.0216,-123.0169,7.9,692,0,659,0,0.0,904
ILLUM_02835,-80.8047,-15.9621,71.5,6263,1040,196,0,69.5,8184
ILLUM_02836,-80.0674,38.0517,9.8,858,0,538,0,18.2,1122
ILLUM_02837,-89.5509,69.071,62.6,5484,624,628,0,75.4,7165
ILLUM_02838,-82.3899,-42.095,47.4,4152,422,576,0,43.9,5425
ILLUM_02839,-86.2828,132.8757,88.0,7709,1535,54,0,98.1,10072
ILLUM_02840,-86.0754,24.5949,5.0,438,0,665,0,7.7,572
ILLUM_02841,-82.4574,-21.7772,28.2,2470,397,405,0,24.0,3228
ILLUM_02842,-80.8157,-155.7934,6.1,534,0,449,0,2.5,698
ILLUM_02843,-80.4907,-12.7118,81.8,7166,1369,203,0,81.3,9362
ILLUM_02844,-84.2288,115.4649,52.6,4608,429,639,0,65.4,6020
ILLUM_02845,-86.4288,41.2348,50.0,4380,648,579,0,57.4,5723
ILLUM_02846,-82.1245,119.5785,11.2,981,0,518,0,21.2,1282
ILLUM_02847,-87.49,-2.1558,44.1,3863,628,644,0,46.1,5047
ILLUM_02848,-84.3593,-137.3538,35.6,3119,327,563,0,31.1,4075
ILLUM_02849,-86.4142,-175.0897,32.2,2821,460,647,0,29.1,3685
ILLUM_02850,-83.4337,-70.841,69.1,6053,578,671,0,63.9,7909
ILLUM_02851,-87.596,71.2766,7.0,613,0,497,0,15.3,801
ILLUM_02852,-88.0841,104.4936,59.7,5230,674,619,0,71.1,6833
ILLUM_02853,-80.8176,-73.529,73.4,6430,1052,191,0,68.6,8401
ILLUM_02854,-88.982,-1.5646,83.3,7297,1230,98,0,85.9,9534
ILLUM_02855,-84.9404,-28.3972,64.3,5633,345,642,0,66.1,7359
ILLUM_02856,-87.7915,-32.2118,29.6,2593,682,721,0,21.5,3388
ILLUM_02857,-89.6107,-96.7145,54.8,4800,344,361,0,47.1,6272
ILLUM_02858,-89.6398,-130.9064,15.3,1340,0,741,0,5.9,1751
ILLUM_02859,-88.2478,-109.1921,13.5,1183,0,495,0,1.7,1545
ILLUM_02860,-81.3323,-160.0803,57.9,5072,606,461,0,57.3,6627
ILLUM_02861,-87.1752,-108.6729,78.8,6903,1068,208,0,71.4,9019
ILLUM_02862,-80.4954,-176.6877,6.6,578,0,560,0,5.8,755
ILLUM_02863,-84.1838,45.813,13.6,1191,0,742,0,17.2,1557
ILLUM_02864,-85.6339,-66.1049,51.9,4546,334,692,0,44.6,5940
ILLUM_02865,-84.1991,170.3321,20.1,1761,698,379,0,22.4,2301
ILLUM_02866,-84.833,-110.2619,53.8,4713,355,691,0,48.7,6158
ILLUM_02867,-82.4122,-55.5017,18.1,1586,0,664,0,12.1,2072
ILLUM_02868,-87.175,-51.1772,9.8,858,0,404,0,3.3,1122
ILLUM_02869,-86.4695,-176.9575,53.1,4652,475,547,0,51.3,6078
ILLUM_02870,-81.0591,122.1149,83.5,7315,1274,231,0,90.4,9557
ILLUM_02871,-80.5354,-168.482,64.4,5641,447,747,0,63.1,7371
ILLUM_02872,-81.0744,158.4647,76.4,6693,1433,161,0,81.4,8744
ILLUM_02873,-85.8055,141.1468,26.0,2278,361,651,0,31.6,2976
ILLUM_02874,-82.1963,12.7879,80.6,7061,1296,172,0,86.4,9225
ILLUM_02875,-85.2366,15.6944,37.7,3303,313,548,0,38.5,4315
ILLUM_02876,-85.0246,55.3601,0.0,0,0,8760,1,0.0,0
ILLUM_02877,-87.9532,-40.662,42.7,3741,477,707,0,38.2,4887
ILLUM_02878,-84.0887,53.0,26.1,2286,508,647,0,33.4,2987
ILLUM_02879,-88.1386,-163.8834,23.1,2024,368,368,0,21.9,2644
ILLUM_02880,-86.6844,-160.5429,57.4,5028,698,522,0,50.6,6570
ILLUM_02881,-81.4497,-15.397,8.6,753,0,659,0,4.9,984
ILLUM_02882,-87.9292,17.864,88.0,7709,1818,71,0,91.4,10072
ILLUM_02883,-89.2884,139.6144,23.6,2067,582,616,0,32.3,2701
ILLUM_02884,-89.3099,-142.3222,33.0,2891,681,476,0,25.8,3777
ILLUM_02885,-80.5922,116.1533,23.2,2032,616,458,0,31.1,2655
ILLUM_02886,-84.9308,-104.383,5.0,438,0,697,0,0.0,572
ILLUM_02887,-85.9059,-38.1299,59.7,5230,486,480,0,59.6,6833
ILLUM_02888,-81.8912,-66.0231,53.1,4652,535,743,0,47.0,6078
ILLUM_02889,-81.6417,-35.9441,75.6,6623,1382,112,0,71.0,8653
ILLUM_02890,-86.6781,-125.8216,5.0,438,0,600,0,0.0,572
ILLUM_02891,-83.0638,1.2852,85.8,7516,1524,39,0,88.4,9820
ILLUM_02892,-82.2888,108.5913,27.6,2418,532,728,0,40.9,3159
ILLUM_02893,-83.4535,-21.0478,84.9,7437,1079,90,0,83.2,9717
ILLUM_02894,-88.484,-3.3791,10.5,920,0,674,0,9.6,1202
ILLUM_02895,-81.2412,125.5563,68.8,6027,564,501,0,78.8,7874
ILLUM_02896,-84.6091,74.1809,53.5,4687,662,521,0,64.7,6123
ILLUM_02897,-87.1753,-3.4364,35.0,3066,665,503,0,33.4,4006
ILLUM_02898,-85.7477,-87.2296,7.0,613,0,676,0,0.0,801
ILLUM_02899,-89.6243,138.5736,53.4,4678,359,681,0,64.1,6112
ILLUM_02900,-88.7213,27.7273,5.3,464,0,534,0,7.2,607
ILLUM_02901,-82.3445,-100.3869,49.1,4301,554,585,0,37.8,5620
ILLUM_02902,-89.9999,-83.1169,55.8,4888,405,641,0,47.5,6387
ILLUM_02903,-85.8343,109.1279,69.5,6088,623,366,0,79.0,7955
ILLUM_02904,-84.7749,-164.1076,88.7,7770,1610,56,0,91.4,10152
ILLUM_02905,-89.4537,177.1532,23.8,2085,699,623,0,25.2,2724
ILLUM_02906,-80.2692,-133.0734,26.4,2313,535,445,0,23.3,3022
ILLUM_02907,-87.7387,106.5847,33.8,2961,651,671,0,42.0,3869
ILLUM_02908,-86.958,-37.8809,64.7,5668,331,462,0,63.4,7405
ILLUM_02909,-86.9606,-2.8022,85.4,7481,1659,68,0,88.0,9774
ILLUM_02910,-87.6958,137.0342,90.6,7937,1571,46,0,98.5,10370
ILLUM_02911,-89.9853,-31.352,89.1,7805,1521,38,0,84.6,10198
ILLUM_02912,-82.7066,13.4978,0.0,0,0,8760,1,0.0,0
ILLUM_02913,-80.3315,-162.2521,93.0,8147,1682,52,0,91.1,10644
ILLUM_02914,-87.7571,-179.1549,36.4,3189,404,487,0,35.6,4166
ILLUM_02915,-83.3695,-91.872,90.3,7910,1545,43,0,80.1,10335
ILLUM_02916,-82.581,65.0099,66.9,5860,353,569,0,81.4,7657
ILLUM_02917,-81.5157,-136.3446,14.6,1279,0,501,0,9.1,1671
ILLUM_02918,-85.7737,-139.0457,5.1,447,0,475,0,0.0,584
ILLUM_02919,-86.9707,-32.0542,23.0,2015,698,595,0,15.1,2632
ILLUM_02920,-86.747,53.2213,71.0,6220,1211,159,0,82.0,8126
ILLUM_02921,-82.8738,76.3459,62.4,5466,559,540,0,69.7,7142
ILLUM_02922,-81.8322,-115.7578,21.5,1883,336,511,0,12.3,2461
ILLUM_02923,-88.1839,-151.3483,67.2,5887,595,473,0,65.7,7691
ILLUM_02924,-86.2906,158.5429,10.8,946,0,526,0,17.1,1236
ILLUM_02925,-80.9806,-86.1601,77.5,6789,1337,139,0,68.1,8870
ILLUM_02926,-81.9331,127.2047,72.2,6325,1226,141,0,83.4,8264
ILLUM_02927,-80.1514,130.8569,89.4,7831,1835,47,0,98.5,10232
ILLUM_02928,-82.4575,98.1081,14.2,1244,0,524,0,24.2,1625
ILLUM_02929,-86.068,-119.2199,84.3,7385,918,191,0,77.4,9649
ILLUM_02930,-84.0936,115.8485,35.4,3101,534,522,0,41.4,4052
ILLUM_02931,-83.3899,96.9302,39.3,3443,608,582,0,49.5,4498
ILLUM_02932,-89.2154,34.8203,42.1,3688,445,486,0,50.2,4819
ILLUM_02933,-84.555,-58.6073,56.5,4949,594,582,0,51.0,6467
ILLUM_02934,-82.9068,-85.4969,93.0,8147,1590,62,0,84.5,10644
ILLUM_02935,-88.3268,-136.1199,54.5,4774,628,488,0,50.1,6238
ILLUM_02936,-82.1937,3.5125,86.9,7612,1780,30,0,88.7,9946
ILLUM_02937,-84.1623,30.6939,24.0,2102,570,718,0,29.3,2747
ILLUM_02938,-80.4778,-50.638,37.7,3303,372,373,0,30.1,4315
ILLUM_02939,-89.5758,-8.8707,49.5,4336,658,606,0,46.4,5666
ILLUM_02940,-87.3467,-49.1348,30.4,2663,574,576,0,23.1,3479
ILLUM_02941,-83.9845,50.7622,92.0,8059,1724,56,0,98.5,10530
ILLUM_02942,-87.0344,144.4533,67.7,5931,384,690,0,74.8,7749
ILLUM_02943,-82.8558,-120.9887,43.4,3802,490,588,0,36.9,4967
ILLUM_02944,-82.4099,-42.6928,70.5,6176,1228,103,0,64.6,8069
ILLUM_02945,-88.9748,-129.2873,41.9,3670,581,609,0,36.7,4796
ILLUM_02946,-84.8615,44.9798,5.0,438,0,574,0,8.7,572
ILLUM_02947,-84.9111,82.3934,51.4,4503,545,449,0,61.5,5883
ILLUM_02948,-86.3072,155.4886,58.8,5151,559,407,0,63.5,6730
ILLUM_02949,-80.6708,-79.6061,91.5,8015,1511,77,0,83.4,10473
ILLUM_02950,-81.7249,162.076,5.0,438,0,594,0,7.0,572
ILLUM_02951,-83.0279,-157.2254,47.2,4135,428,740,0,44.8,5402
ILLUM_02952,-82.8567,37.085,6.9,604,0,734,0,15.4,790
ILLUM_02953,-85.3828,-159.4322,10.1,885,0,426,0,10.6,1156
ILLUM_02954,-80.7901,141.7587,58.2,5098,380,567,0,64.2,6661
ILLUM_02955,-83.054,10.7313,23.2,2032,418,553,0,23.9,2655
ILLUM_02956,-82.7102,60.9654,68.8,6027,512,728,0,79.9,7874
ILLUM_02957,-81.3831,119.3666,50.5,4424,668,485,0,57.6,5780
ILLUM_02958,-87.2593,-125.8882,21.2,1857,406,466,0,12.6,2426
ILLUM_02959,-81.9293,-166.107,46.4,4065,436,409,0,44.5,5311
ILLUM_02960,-88.0476,136.3972,5.0,438,0,603,0,7.0,572
ILLUM_02961,-86.5466,-66.624,77.3,6771,952,93,0,72.8,8847
ILLUM_02962,-86.6439,-133.5676,0.0,0,0,8760,1,0.0,0
ILLUM_02963,-80.2147,-11.354,5.0,438,0,358,0,0.0,572
ILLUM_02964,-81.4346,35.3902,55.8,4888,347,422,0,63.9,6387
ILLUM_02965,-82.9883,-168.8506,89.9,7875,1798,50,0,90.6,10289
ILLUM_02966,-82.7294,-81.0376,79.1,6929,934,164,0,71.4,9053
ILLUM_02967,-84.3793,-168.192,21.2,1857,344,366,0,21.9,2426
ILLUM_02968,-80.5291,-28.6793,18.3,1603,0,356,0,13.9,2095
ILLUM_02969,-85.0374,142.236,56.3,4932,613,452,0,65.6,6444
ILLUM_02970,-86.1948,173.7549,78.5,6877,1219,189,0,79.2,8985
ILLUM_02971,-88.3696,49.3371,35.0,3066,302,749,0,42.0,4006
ILLUM_02972,-82.1379,-121.8104,40.7,3565,517,697,0,32.6,4658
ILLUM_02973,-82.6556,146.1058,0.0,0,0,8760,1,0.0,0
ILLUM_02974,-86.1564,5.8492,14.4,1261,0,627,0,15.5,1648
ILLUM_02975,-89.7481,-124.6502,0.0,0,0,8760,1,0.0,0
ILLUM_02976,-81.61,151.8216,8.8,771,0,748,0,14.5,1007
ILLUM_02977,-89.8858,92.6889,15.5,1358,0,621,0,29.2,1774
ILLUM_02978,-82.963,83.4139,23.1,2024,342,621,0,32.2,2644
ILLUM_02979,-80.2974,75.3051,42.1,3688,559,643,0,51.8,4819
ILLUM_02980,-85.6234,-107.8777,5.0,438,0,691,0,0.0,572
ILLUM_02981,-87.6503,-104.0376,44.7,3916,536,698,0,37.8,5116
ILLUM_02982,-82.9513,67.7855,87.8,7691,1595,64,0,97.5,10049
ILLUM_02983,-81.8287,-100.8998,5.0,438,0,437,0,0.0,572
ILLUM_02984,-84.5357,-22.0782,58.9,5160,604,710,0,56.2,6741
ILLUM_02985,-80.3296,101.5207,76.5,6701,1257,227,0,89.2,8756
ILLUM_02986,-89.4833,102.2229,28.2,2470,640,534,0,39.5,3228
ILLUM_02987,-84.952,-16.8258,11.4,999,0,387,0,9.6,1305
ILLUM_02988,-82.8155,105.1884,5.0,438,0,372,0,13.8,572
ILLUM_02989,-81.3736,121.9038,58.9,5160,365,438,0,69.7,6741
ILLUM_02990,-88.2074,55.7193,51.7,4529,525,385,0,60.7,5917
ILLUM_02991,-82.0,-97.7667,23.0,2015,580,447,0,11.9,2632
ILLUM_02992,-84.4729,-81.3558,79.8,6990,1432,210,0,69.1,9133
ILLUM_02993,-86.0345,-66.6572,66.2,5799,429,702,0,60.7,7577
ILLUM_02994,-88.6828,-137.9505,24.1,2111,553,454,0,19.6,2758
ILLUM_02995,-81.347,-81.6625,71.4,6255,1014,195,0,61.7,8172
ILLUM_02996,-88.4273,-104.5731,20.8,1822,447,737,0,13.6,2381
ILLUM_02997,-86.9021,-16.0817,60.1,5265,378,466,0,61.4,6879
ILLUM_02998,-87.0995,147.0375,9.1,797,0,641,0,16.7,1042
ILLUM_02999,-81.2859,-142.3871,63.7,5580,619,561,0,59.7,7291
ILLUM_03000,-83.273,79.2965,25.4,2225,668,731,0,32.5,2907
ILLUM_03001,-82.0332,67.4219,52.7,4617,693,659,0,63.6,6032
ILLUM_03002,-87.4953,-145.5285,16.5,1445,0,428,0,10.7,1889
ILLUM_03003,-83.7513,152.1261,64.8,5676,423,409,0,73.6,7417
ILLUM_03004,-84.2825,24.65,7.8,683,0,491,0,10.0,893
ILLUM_03005,-81.6717,-49.0588,17.0,1489,0,732,0,8.2,1946
ILLUM_03006,-80.9391,92.3539,16.1,1410,0,409,0,27.5,1843
ILLUM_03007,-89.8784,-87.3484,5.0,438,0,665,0,0.0,572
ILLUM_03008,-83.2598,69.6635,70.8,6202,1149,136,0,80.2,8103
ILLUM_03009,-89.4816,-165.704,90.3,7910,1701,57,0,90.7,10335
ILLUM_03010,-84.5114,122.1869,70.7,6193,1398,156,0,82.4,8092
ILLUM_03011,-87.1237,-18.6585,78.9,6912,1011,143,0,78.6,9030
ILLUM_03012,-86.9322,49.2094,5.0,438,0,542,0,8.1,572
ILLUM_03013,-86.4704,-100.3544,12.4,1086,0,451,0,1.4,1419
ILLUM_03014,-83.7871,63.7465,52.4,4590,661,565,0,62.1,5997
ILLUM_03015,-86.6595,98.0065,91.0,7972,1753,66,0,98.5,10415
ILLUM_03016,-82.673,-9.6433,60.6,5309,537,474,0,61.1,6936
ILLUM_03017,-85.9547,42.3817,34.9,3057,356,691,0,42.3,3994
ILLUM_03018,-89.3165,-15.7227,12.7,1113,0,353,0,11.2,1454
ILLUM_03019,-82.1624,141.8729,13.6,1191,0,719,0,20.7,1557
ILLUM_03020,-87.1424,-0.7671,36.4,3189,381,566,0,34.3,4166
ILLUM_03021,-85.6723,123.0511,66.1,5790,349,556,0,76.2,7565
ILLUM_03022,-83.1456,108.4867,5.0,438,0,453,0,12.5,572
ILLUM_03023,-86.6754,-32.2183,77.5,6789,1240,231,0,75.6,8870
ILLUM_03024,-89.4341,-97.1696,82.7,7245,1228,187,0,79.5,9465
ILLUM_03025,-86.2608,-33.8104,86.4,7569,1758,43,0,78.9,9889
ILLUM_03026,-80.5555,117.4383,88.8,7779,1694,70,0,95.6,10164
ILLUM_03027,-83.5827,-98.0523,5.0,438,0,538,0,0.0,572
ILLUM_03028,-83.2852,8.7971,88.4,7744,1765,38,0,94.4,10118
ILLUM_03029,-83.6772,110.1948,39.4,3451,670,571,0,44.2,4510
ILLUM_03030,-88.0101,-52.7481,77.6,6798,1262,97,0,74.6,8882
ILLUM_03031,-85.8167,51.1955,18.1,1586,0,698,0,25.5,2072
ILLUM_03032,-82.4906,-91.5726,37.9,3320,699,603,0,32.4,4338
ILLUM_03033,-88.9863,-140.6594,5.0,438,0,610,0,0.0,572
ILLUM_03034,-87.2215,105.9783,5.0,438,0,687,0,13.4,572
ILLUM_03035,-87.2368,-144.3713,88.0,7709,1765,76,0,83.8,10072
ILLUM_03036,-85.6798,-82.3027,75.2,6588,915,115,0,67.1,8607
ILLUM_03037,-80.1963,127.8394,52.0,4555,454,600,0,58.2,5952
ILLUM_03038,-89.325,-55.2711,48.5,4249,563,607,0,41.7,5551
ILLUM_03039,-84.813,170.2963,0.0,0,0,8760,1,0.0,0
ILLUM_03040,-88.2064,172.7044,30.0,2628,532,602,0,33.7,3434
ILLUM_03041,-80.2932,-83.4206,73.1,6404,1285,155,0,62.4,8367
ILLUM_03042,-88.867,-165.2478,47.6,4170,502,509,0,43.5,5448
ILLUM_03043,-85.964,73.8228,58.5,5125,432,627,0,70.2,6696
ILLUM_03044,-82.6212,-17.6449,90.0,7884,1666,72,0,88.6,10301
ILLUM_03045,-82.9545,-143.729,42.2,3697,637,551,0,38.9,4830
ILLUM_03046,-85.7727,74.7082,38.3,3355,603,553,0,49.4,4384
ILLUM_03047,-86.5348,-168.777,85.3,7472,1716,57,0,84.1,9763
ILLUM_03048,-86.0239,133.2708,84.5,7402,1352,208,0,93.0,9671
ILLUM_03049,-87.3572,-130.0851,88.3,7735,1784,68,0,86.6,10106
ILLUM_03050,-87.9467,-134.1677,48.7,4266,579,360,0,45.2,5574
ILLUM_03051,-85.1696,-116.758,30.7,2689,500,395,0,23.8,3514
ILLUM_03052,-87.3147,165.6959,22.7,1989,505,420,0,25.3,2598
ILLUM_03053,-87.1254,69.541,5.0,438,0,732,0,12.6,572
ILLUM_03054,-83.4324,108.4938,64.4,5641,436,747,0,78.5,7371
ILLUM_03055,-80.3146,-36.8514,16.3,1428,0,599,0,16.2,1866
ILLUM_03056,-83.9636,-58.9274,60.3,5282,677,389,0,49.1,6902
ILLUM_03057,-89.2302,-95.5858,85.2,7464,1654,66,0,77.1,9752
ILLUM_03058,-89.2442,-6.9667,85.0,7446,1112,148,0,89.1,9729
ILLUM_03059,-80.4858,18.6583,5.0,438,0,675,0,3.6,572
ILLUM_03060,-87.0271,47.4389,32.3,2829,436,395,0,37.5,3697
ILLUM_03061,-89.0793,-87.4373,0.0,0,0,8760,1,0.0,0
ILLUM_03062,-84.0096,161.5155,50.9,4459,360,641,0,54.1,5826
ILLUM_03063,-83.7635,-118.8869,77.3,6771,1205,180,0,68.0,8847
ILLUM_03064,-83.515,167.6351,80.1,7017,1167,176,0,83.2,9168
ILLUM_03065,-87.326,-174.6518,42.2,3697,610,426,0,41.1,4830
ILLUM_03066,-89.8489,-6.7948,30.1,2637,663,624,0,32.9,3445
ILLUM_03067,-80.3498,-59.9876,36.7,3215,580,499,0,34.6,4200
ILLUM_03068,-87.4911,-18.3156,62.1,5440,426,361,0,58.9,7108
ILLUM_03069,-83.2397,25.4392,33.5,2935,498,637,0,39.2,3834
ILLUM_03070,-82.9337,-23.1879,70.8,6202,1167,226,0,69.7,8103
ILLUM_03071,-83.8999,-30.6551,85.6,7499,1738,74,0,80.8,9797
ILLUM_03072,-86.8709,83.7804,24.2,2120,542,558,0,36.8,2770
ILLUM_03073,-87.289,66.9155,89.2,7814,1601,67,0,98.5,10209
ILLUM_03074,-84.0233,119.9777,57.7,5055,339,361,0,67.8,6604
ILLUM_03075,-81.339,-90.0148,82.6,7236,1420,189,0,73.4,9454
ILLUM_03076,-80.5327,39.4303,10.3,902,0,395,0,16.2,1179
ILLUM_03077,-88.9409,30.6701,23.9,2094,335,685,0,29.0,2735
ILLUM_03078,-88.4517,-46.8944,28.9,2532,552,418,0,23.2,3308
ILLUM_03079,-80.5526,-5.0193,0.0,0,0,8760,1,0.0,0
ILLUM_03080,-82.6346,-67.0384,16.6,1454,0,598,0,7.1,1900
ILLUM_03081,-81.1701,-128.936,79.3,6947,1353,152,0,74.7,9076
ILLUM_03082,-87.9737,-103.0316,37.1,3250,467,631,0,30.0,4246
ILLUM_03083,-84.1241,-142.0151,91.7,8033,1543,77,0,85.3,10495
ILLUM_03084,-82.9886,65.905,52.6,4608,512,576,0,64.6,6020
ILLUM_03085,-83.1989,57.8619,11.9,1042,0,395,0,21.6,1362
ILLUM_03086,-85.9185,162.2183,52.9,4634,595,731,0,54.9,6055
ILLUM_03087,-89.8461,82.6842,90.5,7928,1837,51,0,98.5,10358
ILLUM_03088,-84.1707,-161.2635,52.9,4634,600,455,0,50.5,6055
ILLUM_03089,-87.469,138.3283,5.0,438,0,413,0,6.8,572
ILLUM_03090,-85.4975,130.5631,0.0,0,0,8760,1,0.0,0
ILLUM_03091,-80.4242,-20.4047,21.0,1840,333,714,0,18.8,2404
ILLUM_03092,-86.0096,30.9107,61.4,5379,389,474,0,70.5,7028
ILLUM_03093,-81.602,171.3882,48.9,4284,314,724,0,50.4,5597
ILLUM_03094,-88.1146,11.6296,32.3,2829,369,599,0,32.9,3697
ILLUM_03095,-83.2754,145.9159,0.0,0,0,8760,1,0.0,0
ILLUM_03096,-80.2299,-150.106,0.0,0,0,8760,1,0.0,0
ILLUM_03097,-88.9811,-111.2213,80.4,7043,965,105,0,77.3,9202
ILLUM_03098,-89.9168,-21.3282,49.0,4292,429,362,0,45.1,5608
ILLUM_03099,-85.6642,30.5125,0.0,0,0,8760,1,0.0,0
ILLUM_03100,-89.0737,113.842,8.3,727,0,657,0,18.9,950
ILLUM_03101,-82.5162,175.7744,15.8,1384,0,510,0,15.6,1808
ILLUM_03102,-80.8545,-40.0135,48.8,4275,481,706,0,43.2,5585
ILLUM_03103,-85.6598,-162.9304,30.5,2672,424,673,0,26.3,3491
ILLUM_03104,-87.4129,108.4217,5.0,438,0,734,0,13.5,572
ILLUM_03105,-85.656,37.5771,41.6,3644,685,560,0,49.3,4761
ILLUM_03106,-82.7655,-108.5246,68.3,5983,533,538,0,61.4,7817
ILLUM_03107,-89.9095,-1.8618,83.7,7332,1252,136,0,84.4,9580
ILLUM_03108,-84.1055,87.2317,51.5,4511,327,595,0,65.6,5894
ILLUM_03109,-83.8671,97.3482,65.9,5773,514,716,0,78.6,7543
ILLUM_03110,-83.6231,-0.1374,29.3,2567,402,680,0,34.6,3354
ILLUM_03111,-87.5798,-70.1228,46.7,4091,464,563,0,37.7,5345
ILLUM_03112,-82.8595,170.5473,68.8,6027,358,514,0,71.0,7874
ILLUM_03113,-89.0861,58.8105,65.8,5764,343,544,0,77.7,7531
ILLUM_03114,-88.0073,-33.0345,37.1,3250,439,430,0,34.9,4246
ILLUM_03115,-81.2253,-79.0332,0.0,0,0,8760,1,0.0,0
ILLUM_03116,-82.6128,83.1971,84.0,7358,1011,85,0,97.7,9614
ILLUM_03117,-89.8625,-92.814,59.7,5230,593,384,0,50.1,6833
ILLUM_03118,-87.5162,-118.1844,59.4,5203,330,585,0,52.2,6799
ILLUM_03119,-87.8559,10.7402,71.5,6263,1281,132,0,76.4,8184
ILLUM_03120,-87.2919,-75.6045,11.8,1034,0,552,0,1.3,1351
ILLUM_03121,-87.5244,46.4059,48.4,4240,525,490,0,56.9,5540
ILLUM_03122,-89.3747,-137.5421,91.7,8033,1769,48,0,84.4,10495
ILLUM_03123,-85.4106,55.7788,32.0,2803,390,500,0,42.6,3663
ILLUM_03124,-82.6727,-78.0132,24.6,2155,618,618,0,18.2,2816
ILLUM_03125,-83.9327,-179.9125,55.6,4871,667,397,0,57.1,6364
ILLUM_03126,-83.2713,-134.303,21.4,1875,546,399,0,13.8,2449
ILLUM_03127,-89.1885,156.1015,51.0,4468,636,458,0,56.9,5837
ILLUM_03128,-80.4851,132.2477,18.0,1577,0,427,0,22.2,2060
ILLUM_03129,-81.6151,-95.9007,56.1,4914,458,401,0,45.1,6421
ILLUM_03130,-81.9491,100.2139,54.7,4792,330,703,0,67.1,6261
ILLUM_03131,-81.7702,39.0858,38.8,3399,485,721,0,46.1,4441
ILLUM_03132,-80.6729,169.5257,31.8,2786,640,581,0,38.2,3640
ILLUM_03133,-84.5575,-45.502,0.0,0,0,8760,1,0.0,0
ILLUM_03134,-87.9972,65.3258,29.2,2558,523,569,0,40.5,3342
ILLUM_03135,-83.8322,-157.1271,46.5,4073,567,376,0,43.5,5322
ILLUM_03136,-82.5712,-37.351,22.4,1962,342,515,0,17.5,2564
ILLUM_03137,-82.6208,166.9744,69.4,6079,348,426,0,76.6,7943
ILLUM_03138,-84.7855,14.0331,67.3,5895,662,672,0,69.8,7703
ILLUM_03139,-89.3154,-76.3634,22.8,1997,595,452,0,15.9,2610
ILLUM_03140,-86.2889,-136.7025,8.0,701,0,707,0,2.4,916
ILLUM_03141,-80.7923,73.2702,5.0,438,0,546,0,9.6,572
ILLUM_03142,-84.1555,52.1482,53.3,4669,529,664,0,64.6,6100
ILLUM_03143,-84.6167,-45.3821,22.5,1971,314,685,0,13.0,2575
ILLUM_03144,-87.3115,162.3389,5.0,438,0,508,0,4.2,572
ILLUM_03145,-86.3155,-172.007,30.9,2707,567,435,0,32.7,3537
ILLUM_03146,-81.0465,-70.6594,89.1,7805,1632,34,0,82.0,10198
ILLUM_03147,-83.3354,151.585,67.1,5878,666,674,0,70.3,7680
ILLUM_03148,-82.1261,-64.4632,79.3,6947,1301,104,0,72.5,9076
ILLUM_03149,-85.4565,-89.189,15.4,1349,0,684,0,3.8,1763
ILLUM_03150,-83.6975,12.3193,5.0,438,0,575,0,9.1,572
ILLUM_03151,-87.5162,116.5686,5.0,438,0,620,0,10.0,572
ILLUM_03152,-82.9454,-142.8672,87.8,7691,1826,69,0,84.8,10049
ILLUM_03153,-85.724,159.4875,0.0,0,0,8760,1,0.0,0
ILLUM_03154,-85.5745,106.2262,39.3,3443,321,495,0,53.3,4498
ILLUM_03155,-83.5068,-114.7499,36.0,3154,534,359,0,28.4,4120
ILLUM_03156,-80.6372,76.3229,70.7,6193,1380,187,0,79.1,8092
ILLUM_03157,-89.3599,-41.4149,29.1,2549,324,477,0,22.8,3331
ILLUM_03158,-81.7526,-35.1739,48.2,4222,544,507,0,45.1,5517
ILLUM_03159,-87.0762,101.9844,88.0,7709,1672,69,0,98.5,10072
ILLUM_03160,-85.5608,166.6025,40.3,3530,545,662,0,44.5,4613
ILLUM_03161,-89.7809,-134.4039,50.1,4389,336,523,0,45.2,5734
ILLUM_03162,-86.9895,-28.5731,47.3,4143,612,352,0,43.0,5414
ILLUM_03163,-84.9737,-6.861,73.8,6465,943,130,0,75.1,8447
ILLUM_03164,-89.4382,-44.5277,25.9,2269,625,418,0,18.3,2964
ILLUM_03165,-85.089,-49.2519,17.3,1515,0,447,0,8.6,1980
ILLUM_03166,-80.7289,-161.1833,69.6,6097,508,730,0,68.4,7966
ILLUM_03167,-88.9461,66.7939,38.3,3355,303,660,0,48.7,4384
ILLUM_03168,-82.3556,-22.9628,84.6,7411,1216,80,0,82.9,9683
ILLUM_03169,-85.9033,-109.8742,56.1,4914,471,411,0,51.8,6421
ILLUM_03170,-83.4483,113.7721,53.6,4695,629,356,0,62.8,6135
ILLUM_03171,-87.3976,108.9219,9.9,867,0,556,0,16.2,1133
ILLUM_03172,-88.4051,-4.899,67.7,5931,529,624,0,68.5,7749
ILLUM_03173,-88.3954,-72.5578,61.9,5422,445,723,0,55.6,7085
ILLUM_03174,-89.2951,49.7134,59.2,5186,574,624,0,68.4,6776
ILLUM_03175,-88.1435,-76.2652,23.9,2094,641,430,0,15.7,2735
ILLUM_03176,-83.3578,-95.0371,87.6,7674,1515,36,0,80.0,10026
ILLUM_03177,-81.1831,82.9853,0.0,0,0,8760,1,0.0,0
ILLUM_03178,-81.8587,-165.4829,9.8,858,0,456,0,12.0,1122
ILLUM_03179,-83.1487,-145.8834,91.5,8015,1682,39,0,88.2,10473
ILLUM_03180,-88.8957,-177.5563,73.5,6439,1439,188,0,70.5,8412
ILLUM_03181,-87.1081,-124.9405,35.7,3127,336,629,0,31.2,4086
ILLUM_03182,-86.9019,-155.1636,88.8,7779,1756,66,0,84.7,10164
ILLUM_03183,-87.5004,178.4889,9.2,806,0,539,0,8.9,1053
ILLUM_03184,-84.8499,-76.0284,6.3,552,0,632,0,0.0,721
ILLUM_03185,-84.6445,-126.2635,0.0,0,0,8760,1,0.0,0
ILLUM_03186,-86.4311,-93.2413,17.0,1489,0,466,0,6.9,1946
ILLUM_03187,-86.4621,157.0052,85.6,7499,1595,30,0,91.0,9797
ILLUM_03188,-81.7144,7.2577,74.7,6544,1294,160,0,81.1,8550
ILLUM_03189,-82.1071,-48.6655,30.2,2646,492,534,0,21.6,3457
ILLUM_03190,-86.922,134.4209,81.2,7113,1323,141,0,91.6,9294
ILLUM_03191,-80.8621,-37.8035,5.0,438,0,734,0,0.0,572
ILLUM_03192,-80.4718,-59.3969,52.2,4573,682,574,0,43.5,5975
ILLUM_03193,-86.7326,-105.3783,88.3,7735,1797,68,0,79.2,10106
ILLUM_03194,-86.4558,-43.9931,77.1,6754,1105,105,0,74.3,8824
ILLUM_03195,-84.9437,-65.9936,37.0,3241,577,695,0,24.7,4235
ILLUM_03196,-80.5888,63.8294,15.1,1323,0,708,0,26.3,1728
ILLUM_03197,-81.2368,-75.7502,21.3,1866,353,544,0,10.3,2438
ILLUM_03198,-88.9743,27.7919,46.6,4082,464,353,0,53.5,5334
ILLUM_03199,-86.0727,-156.2788,55.3,4844,546,482,0,52.7,6329
ILLUM_03200,-84.4663,-111.1359,5.0,438,0,730,0,0.0,572
ILLUM_03201,-84.9687,-33.3341,39.2,3434,637,570,0,33.8,4487
ILLUM_03202,-88.0614,157.3017,78.9,6912,949,145,0,82.7,9030
ILLUM_03203,-81.4118,-44.1893,39.9,3495,311,360,0,35.2,4567
ILLUM_03204,-83.2306,59.0667,13.9,1218,0,480,0,24.6,1591
ILLUM_03205,-81.6209,-88.1686,84.2,7376,909,189,0,80.7,9637
ILLUM_03206,-81.4124,-134.2679,25.0,2190,619,635,0,18.1,2861
ILLUM_03207,-82.5164,-158.9268,73.5,6439,1152,141,0,72.3,8412
ILLUM_03208,-85.6079,-70.0511,18.1,1586,0,571,0,9.0,2072
ILLUM_03209,-83.8945,-123.242,38.9,3408,526,443,0,31.8,4452
ILLUM_03210,-88.3963,-117.3562,46.9,4108,602,494,0,37.7,5368
ILLUM_03211,-83.2635,93.8734,45.3,3968,519,516,0,57.5,5185
ILLUM_03212,-88.2075,-174.2983,48.5,4249,559,429,0,48.1,5551
ILLUM_03213,-83.0605,20.8116,20.7,1813,393,638,0,24.9,2369
ILLUM_03214,-87.704,-43.3939,45.8,4012,612,716,0,42.1,5242
ILLUM_03215,-88.8245,2.358,43.2,3784,676,415,0,46.2,4944
ILLUM_03216,-88.3472,22.6189,21.1,1848,541,482,0,23.7,2415
ILLUM_03217,-89.9801,-67.1876,0.0,0,0,8760,1,0.0,0
ILLUM_03218,-82.8126,-73.7608,81.5,7139,1246,174,0,72.6,9328
ILLUM_03219,-82.676,84.0247,81.8,7166,958,239,0,94.3,9362
ILLUM_03220,-84.8507,133.6597,58.9,5160,695,509,0,72.4,6741
ILLUM_03221,-88.3864,-110.6706,11.5,1007,0,491,0,5.8,1316
ILLUM_03222,-89.1645,-144.8572,52.0,4555,698,727,0,48.2,5952
ILLUM_03223,-89.8087,143.2065,0.0,0,0,8760,1,0.0,0
ILLUM_03224,-88.3425,-54.0376,5.9,517,0,482,0,0.0,675
ILLUM_03225,-81.0914,18.4743,44.2,3872,517,523,0,50.3,5059
ILLUM_03226,-87.5846,-50.5645,36.1,3162,450,533,0,29.9,4132
ILLUM_03227,-86.4573,-134.7112,23.1,2024,667,665,0,13.0,2644
ILLUM_03228,-88.9465,32.1594,37.0,3241,310,432,0,41.3,4235
ILLUM_03229,-87.7764,9.0507,91.7,8033,1688,32,0,95.0,10495
ILLUM_03230,-84.8078,-106.9223,67.3,5895,683,612,0,59.1,7703
ILLUM_03231,-83.9225,-17.3271,26.2,2295,600,746,0,25.5,2999
ILLUM_03232,-87.5465,106.9011,57.5,5037,338,464,0,67.1,6581
ILLUM_03233,-89.4227,32.5534,23.2,2032,378,502,0,28.8,2655
ILLUM_03234,-86.0897,-145.1098,56.2,4923,451,461,0,52.3,6432
ILLUM_03235,-87.658,17.2877,84.2,7376,937,120,0,88.1,9637
ILLUM_03236,-87.8045,72.9858,52.8,4625,652,380,0,62.5,6043
ILLUM_03237,-80.4014,105.3732,65.9,5773,663,569,0,79.3,7543
ILLUM_03238,-83.837,46.4823,43.8,3837,303,620,0,50.3,5013
ILLUM_03239,-84.4312,-125.0431,48.3,4231,492,446,0,41.6,5528
ILLUM_03240,-85.8422,75.6624,64.5,5650,401,360,0,75.7,7382
ILLUM_03241,-85.7106,63.8431,72.5,6351,1249,207,0,86.2,8298
ILLUM_03242,-84.5909,-171.2063,58.4,5116,694,614,0,61.1,6684
ILLUM_03243,-83.0357,-31.7708,87.5,7665,1733,40,0,87.6,10015
ILLUM_03244,-82.9785,-60.1379,80.6,7061,1405,117,0,69.2,9225
ILLUM_03245,-88.2831,60.9883,76.4,6693,1394,85,0,82.6,8744
ILLUM_03246,-84.9989,-102.1911,74.8,6552,1436,93,0,70.5,8561
ILLUM_03247,-85.8804,32.7139,23.0,2015,647,617,0,32.1,2632
ILLUM_03248,-81.2947,148.7541,38.9,3408,669,693,0,46.2,4452
ILLUM_03249,-83.6858,107.2089,54.4,4765,351,422,0,63.2,6226
ILLUM_03250,-84.675,151.7248,44.0,3854,561,489,0,48.7,5036
ILLUM_03251,-88.8461,172.2621,82.7,7245,1348,147,0,81.9,9465
ILLUM_03252,-83.9436,-176.1588,5.0,438,0,386,0,1.9,572
ILLUM_03253,-88.828,44.1869,18.0,1577,0,482,0,26.8,2060
ILLUM_03254,-86.6279,-31.3778,81.7,7157,1009,155,0,78.6,9351
ILLUM_03255,-88.5716,129.5476,5.1,447,0,534,0,13.3,584
ILLUM_03256,-83.0793,-89.3467,20.9,1831,588,592,0,11.6,2392
ILLUM_03257,-87.9375,173.1706,32.7,2865,636,497,0,34.6,3743
ILLUM_03258,-86.0814,40.9349,73.7,6456,1364,148,0,77.9,8435
ILLUM_03259,-81.0433,105.6735,52.1,4564,695,581,0,62.8,5963
ILLUM_03260,-87.9568,-149.1842,86.2,7551,1523,72,0,85.6,9866
ILLUM_03261,-84.9219,-113.9552,20.5,1796,333,731,0,12.5,2346
ILLUM_03262,-85.8073,93.0253,82.1,7192,1299,82,0,92.8,9397
ILLUM_03263,-89.8188,-172.0849,27.4,2400,322,685,0,25.5,3136
ILLUM_03264,-82.0724,114.0761,23.8,2085,401,482,0,32.5,2724
ILLUM_03265,-89.3095,-174.9784,42.7,3741,368,467,0,46.5,4887
ILLUM_03266,-85.2574,56.5628,5.0,438,0,520,0,15.1,572
ILLUM_03267,-84.3932,-48.5662,35.3,3092,678,686,0,29.0,4040
ILLUM_03268,-83.7157,40.1381,33.8,2961,330,531,0,40.2,3869
ILLUM_03269,-83.1137,70.5713,13.1,1148,0,667,0,24.6,1499
ILLUM_03270,-87.4673,-56.7089,82.6,7236,971,182,0,73.4,9454
ILLUM_03271,-89.9002,-141.1335,36.8,3224,597,507,0,30.4,4212
ILLUM_03272,-82.7656,-154.9275,89.8,7866,1502,63,0,89.0,10278
ILLUM_03273,-84.6434,32.017,88.8,7779,1758,46,0,90.8,10164
ILLUM_03274,-81.6388,7.4359,17.1,1498,0,488,0,19.8,1957
ILLUM_03275,-81.7861,87.1924,46.0,4030,414,549,0,58.0,5265
ILLUM_03276,-81.5667,3.5048,54.8,4800,524,656,0,57.8,6272
ILLUM_03277,-85.1491,-27.9195,75.8,6640,1387,221,0,73.1,8676
ILLUM_03278,-86.6637,-36.6886,79.8,6990,1440,95,0,78.2,9133
ILLUM_03279,-82.0844,-170.4791,59.2,5186,334,380,0,57.6,6776
ILLUM_03280,-85.4871,-59.1994,5.0,438,0,461,0,0.0,572
ILLUM_03281,-88.1656,171.3673,45.9,4021,432,350,0,47.2,5253
ILLUM_03282,-81.4503,134.48,80.9,7087,1446,220,0,91.2,9259
ILLUM_03283,-81.1744,-61.4239,65.2,5712,530,697,0,59.1,7462
ILLUM_03284,-85.3369,31.6063,81.7,7157,1196,236,0,87.9,9351
ILLUM_03285,-89.243,125.0268,62.8,5501,699,656,0,72.2,7188
ILLUM_03286,-86.1217,-21.1412,5.0,438,0,698,0,0.6,572
ILLUM_03287,-81.9646,-173.5352,85.5,7490,1506,31,0,90.8,9786
ILLUM_03288,-80.9823,-153.1762,84.1,7367,989,140,0,82.7,9626
ILLUM_03289,-87.9653,3.7414,12.8,1121,0,618,0,12.7,1465
ILLUM_03290,-89.3303,168.9982,11.4,999,0,685,0,12.6,1305
ILLUM_03291,-81.2265,69.5554,46.8,4100,418,728,0,60.6,5356
ILLUM_03292,-86.106,-154.4702,71.7,6281,1444,110,0,67.6,8206
ILLUM_03293,-84.5824,-111.8301,39.1,3425,471,425,0,27.0,4475
ILLUM_03294,-80.3193,97.6763,0.0,0,0,8760,1,0.0,0
ILLUM_03295,-89.3344,122.9183,46.8,4100,416,462,0,56.9,5356
ILLUM_03296,-83.5168,42.3701,30.2,2646,597,556,0,38.8,3457
ILLUM_03297,-89.2589,51.9923,31.8,2786,489,644,0,41.3,3640
ILLUM_03298,-86.2453,-169.7985,62.1,5440,671,624,0,59.5,7108
ILLUM_03299,-81.9619,118.2709,80.4,7043,1085,225,0,92.9,9202
ILLUM_03300,-85.6653,103.7791,52.2,4573,455,666,0,62.8,5975
ILLUM_03301,-80.0282,-86.7473,63.1,5528,596,445,0,55.3,7222
ILLUM_03302,-84.4094,75.1236,61.4,5379,684,738,0,72.4,7028
ILLUM_03303,-86.7884,-102.6523,50.4,4415,315,406,0,42.6,5769
ILLUM_03304,-87.7989,-165.4811,30.4,2663,687,396,0,27.0,3479
ILLUM_03305,-86.4948,-107.5908,37.0,3241,609,684,0,26.4,4235
ILLUM_03306,-86.2747,-115.6936,30.0,2628,328,509,0,21.0,3434
ILLUM_03307,-89.3129,-58.4107,84.4,7393,1313,241,0,78.6,9660
ILLUM_03308,-86.3043,-29.3582,78.0,6833,1250,122,0,73.6,8927
ILLUM_03309,-85.3576,3.074,52.1,4564,537,384,0,55.6,5963
ILLUM_03310,-82.7726,-8.3686,85.2,7464,1803,35,0,85.2,9752
ILLUM_03311,-83.4327,-82.5571,81.0,7096,1308,243,0,74.3,9271
ILLUM_03312,-82.9123,-169.4986,86.2,7551,1682,67,0,86.3,9866
ILLUM_03313,-89.9164,37.8366,18.6,1629,0,373,0,27.2,2129
ILLUM_03314,-87.8233,-37.5319,68.7,6018,569,389,0,62.1,7863
ILLUM_03315,-83.3832,-72.478,0.0,0,0,8760,1,0.0,0
ILLUM_03316,-85.1601,132.0988,67.6,5922,471,683,0,77.1,7737
ILLUM_03317,-89.9469,88.8276,21.4,1875,470,598,0,35.0,2449
ILLUM_03318,-81.9551,128.7956,66.6,5834,428,731,0,73.8,7623
ILLUM_03319,-82.2719,-1.8062,41.0,3592,673,541,0,38.6,4693
ILLUM_03320,-84.5158,-132.8647,74.8,6552,1323,175,0,71.9,8561
ILLUM_03321,-89.3354,70.6397,74.2,6500,1089,163,0,85.0,8493
ILLUM_03322,-82.3348,-105.8134,19.0,1664,0,469,0,10.5,2175
ILLUM_03323,-84.1629,-21.1573,18.0,1577,0,593,0,13.9,2060
ILLUM_03324,-82.1804,-156.5997,69.5,6088,548,487,0,64.2,7955
ILLUM_03325,-82.4825,117.111,51.7,4529,378,605,0,61.2,5917
ILLUM_03326,-81.97,-134.6614,50.0,4380,519,466,0,45.8,5723
ILLUM_03327,-84.8199,145.1151,68.2,5974,386,351,0,77.2,7806
ILLUM_03328,-88.5968,131.123,78.4,6868,1069,184,0,88.8,8973
ILLUM_03329,-83.2884,-12.7502,20.6,1805,416,687,0,20.5,2358
ILLUM_03330,-83.7953,87.9726,52.9,4634,444,542,0,62.8,6055
ILLUM_03331,-82.5775,43.0002,78.4,6868,1256,80,0,85.6,8973
ILLUM_03332,-88.3012,109.1072,83.3,7297,1139,83,0,92.4,9534
ILLUM_03333,-88.0502,-24.5502,25.7,2251,535,730,0,23.1,2941
ILLUM_03334,-81.0959,102.8911,11.9,1042,0,702,0,19.6,1362
ILLUM_03335,-82.5002,-13.5155,24.9,2181,473,412,0,19.8,2850
ILLUM_03336,-80.9177,158.7477,0.0,0,0,8760,1,0.0,0
ILLUM_03337,-82.4128,-4.906,41.8,3662,607,694,0,43.1,4784
ILLUM_03338,-84.0284,-13.4571,38.5,3373,396,628,0,37.4,4407
ILLUM_03339,-83.4587,102.6259,5.0,438,0,412,0,11.0,572
ILLUM_03340,-81.1087,115.768,7.4,648,0,563,0,13.9,847
ILLUM_03341,-84.2119,19.6161,58.4,5116,400,382,0,66.9,6684
ILLUM_03342,-83.6761,-115.2728,53.2,4660,660,524,0,47.0,6089
ILLUM_03343,-88.4352,-11.607,55.5,4862,348,368,0,52.7,6352
ILLUM_03344,-85.2608,168.5061,8.5,745,0,628,0,12.5,973
ILLUM_03345,-82.836,91.075,34.2,2996,388,459,0,43.4,3914
ILLUM_03346,-87.2906,112.0185,76.3,6684,1290,92,0,86.4,8733
ILLUM_03347,-87.9775,-168.1828,17.7,1551,0,353,0,14.6,2026
ILLUM_03348,-86.8617,-11.5706,83.2,7288,1195,121,0,81.8,9523
ILLUM_03349,-87.585,52.7836,10.4,911,0,433,0,19.5,1190
ILLUM_03350,-87.8509,118.8118,15.1,1323,0,591,0,24.8,1728
ILLUM_03351,-85.7515,-162.2615,43.5,3811,390,477,0,42.3,4979
ILLUM_03352,-80.9216,126.878,87.9,7700,1568,76,0,97.8,10061
ILLUM_03353,-84.9294,17.4243,26.2,2295,585,530,0,34.3,2999
ILLUM_03354,-88.1208,-108.967,61.9,5422,442,461,0,53.1,7085
ILLUM_03355,-89.2303,-65.7881,57.9,5072,511,748,0,46.8,6627
ILLUM_03356,-83.0384,-78.5054,14.2,1244,0,470,0,4.4,1625
ILLUM_03357,-86.172,11.1093,22.7,1989,589,622,0,25.5,2598
ILLUM_03358,-81.7817,-161.3932,86.2,7551,1720,67,0,85.2,9866
ILLUM_03359,-83.4049,-122.927,18.2,1594,0,363,0,9.2,2083
ILLUM_03360,-82.0376,112.5695,66.6,5834,593,459,0,75.3,7623
ILLUM_03361,-87.2805,-132.2626,89.1,7805,1775,56,0,84.2,10198
ILLUM_03362,-83.0764,-95.9773,10.7,937,0,379,0,1.4,1225
ILLUM_03363,-87.3594,-16.7866,34.2,2996,606,371,0,35.0,3914
ILLUM_03364,-80.6093,6.1635,20.8,1822,485,688,0,22.3,2381
ILLUM_03365,-83.6363,94.8998,18.1,1586,0,451,0,31.0,2072
ILLUM_03366,-86.7549,-18.9603,0.0,0,0,8760,1,0.0,0
ILLUM_03367,-87.3049,104.3513,61.8,5414,324,421,0,71.4,7073
ILLUM_03368,-88.0907,42.6047,71.1,6228,1157,82,0,77.7,8138
ILLUM_03369,-83.0536,-139.2841,63.5,5563,669,465,0,57.8,7268
ILLUM_03370,-87.8128,-123.7207,88.0,7709,1814,75,0,79.5,10072
ILLUM_03371,-84.047,-22.6679,0.0,0,0,8760,1,0.0,0
ILLUM_03372,-87.3536,-37.1198,32.8,2873,582,463,0,24.4,3754
ILLUM_03373,-83.3803,87.6759,30.2,2646,663,377,0,42.7,3457
ILLUM_03374,-81.8506,29.0654,22.1,1936,449,531,0,26.9,2529
ILLUM_03375,-82.2197,-40.2721,11.8,1034,0,535,0,7.0,1351
ILLUM_03376,-82.3915,-118.5263,45.6,3995,371,690,0,37.5,5219
ILLUM_03377,-88.1228,-98.3386,77.2,6763,1072,107,0,69.4,8836
ILLUM_03378,-89.1162,27.1804,90.6,7937,1750,30,0,95.2,10370
ILLUM_03379,-83.0105,-27.562,16.9,1480,0,531,0,7.7,1934
ILLUM_03380,-86.3165,5.3739,77.9,6824,1128,95,0,79.1,8916
ILLUM_03381,-85.6765,-118.5561,76.0,6658,1149,168,0,69.6,8699
ILLUM_03382,-89.6885,58.6463,39.0,3416,500,493,0,45.5,4464
ILLUM_03383,-87.4042,126.9139,6.8,596,0,555,0,18.4,778
ILLUM_03384,-89.6632,-87.1418,90.4,7919,1570,73,0,84.1,10347
ILLUM_03385,-81.2081,-3.0549,60.2,5274,623,700,0,61.7,6890
ILLUM_03386,-87.566,171.1898,90.3,7910,1691,68,0,94.8,10335
ILLUM_03387,-84.4266,-60.033,43.3,3793,377,520,0,37.3,4956
ILLUM_03388,-89.6102,34.2167,37.9,3320,563,590,0,43.2,4338
ILLUM_03389,-83.3315,-147.5295,22.9,2006,660,686,0,18.1,2621
ILLUM_03390,-86.7697,38.1654,90.7,7945,1554,74,0,98.5,10381
ILLUM_03391,-81.0208,-147.7326,26.2,2295,353,429,0,18.7,2999
ILLUM_03392,-81.1188,165.3248,5.0,438,0,606,0,4.8,572
ILLUM_03393,-86.7471,77.6386,49.5,4336,369,596,0,58.5,5666
ILLUM_03394,-80.9904,103.7375,34.3,3005,396,379,0,45.5,3926
ILLUM_03395,-80.0384,73.4776,23.7,2076,672,472,0,34.4,2713
ILLUM_03396,-81.7458,32.3025,57.2,5011,317,541,0,65.6,6547
ILLUM_03397,-81.5513,-18.0314,30.8,2698,435,376,0,31.5,3525
ILLUM_03398,-87.5099,129.0144,35.9,3145,434,706,0,46.0,4109
ILLUM_03399,-84.233,164.4608,5.0,438,0,429,0,4.9,572
ILLUM_03400,-89.3274,-0.347,55.0,4818,690,437,0,55.9,6295
ILLUM_03401,-89.0508,155.3526,10.7,937,0,505,0,15.8,1225
ILLUM_03402,-80.0111,29.9998,21.9,1918,335,437,0,25.3,2507
ILLUM_03403,-86.7336,13.8183,64.9,5685,617,700,0,70.5,7428
ILLUM_03404,-82.5182,-16.3862,28.5,2497,669,566,0,26.9,3262
ILLUM_03405,-81.9333,-104.6564,17.5,1533,0,528,0,5.8,2003
ILLUM_03406,-81.4198,-178.6609,55.2,4836,586,479,0,54.6,6318
ILLUM_03407,-80.0237,-93.0578,20.2,1770,437,602,0,10.4,2312
ILLUM_03408,-87.585,3.5003,23.0,2015,383,420,0,26.4,2632
ILLUM_03409,-89.5965,-43.2144,58.6,5133,542,717,0,52.2,6707
ILLUM_03410,-85.8881,-18.5453,67.9,5948,590,436,0,67.1,7771
ILLUM_03411,-88.6992,173.0334,67.4,5904,521,698,0,71.5,7714
ILLUM_03412,-89.7757,-53.9019,47.3,4143,330,384,0,37.7,5414
ILLUM_03413,-86.3957,-17.2141,45.0,3942,652,443,0,40.2,5150
ILLUM_03414,-82.1626,-131.9344,71.1,6228,908,248,0,67.4,8138
ILLUM_03415,-84.3382,-162.7352,21.3,1866,659,543,0,15.4,2438
ILLUM_03416,-86.8722,99.1474,13.9,1218,0,684,0,24.3,1591
ILLUM_03417,-83.4566,25.4459,63.0,5519,367,365,0,67.4,7211
ILLUM_03418,-87.6798,93.8537,41.5,3635,572,357,0,48.9,4750
ILLUM_03419,-89.8562,-126.0494,65.3,5720,395,666,0,59.4,7474
ILLUM_03420,-82.3565,25.8584,24.3,2129,524,441,0,28.7,2781
ILLUM_03421,-83.7626,-88.6887,31.5,2759,336,389,0,20.9,3605
ILLUM_03422,-82.377,-97.8977,86.1,7542,1832,40,0,75.3,9855
ILLUM_03423,-89.6106,-175.8506,39.0,3416,645,534,0,39.3,4464
ILLUM_03424,-81.6288,-133.0773,56.3,4932,522,594,0,48.8,6444
ILLUM_03425,-83.8047,-68.6635,8.3,727,0,555,0,0.8,950
ILLUM_03426,-84.366,-137.9236,13.6,1191,0,434,0,10.3,1557
ILLUM_03427,-83.7539,174.909,5.0,438,0,632,0,4.3,572
ILLUM_03428,-81.3557,-68.8922,37.9,3320,535,690,0,31.0,4338
ILLUM_03429,-84.1306,-133.0834,93.0,8147,1601,69,0,86.6,10644
ILLUM_03430,-84.1905,-108.3304,80.7,7069,1289,220,0,73.5,9236
ILLUM_03431,-80.0932,31.5732,57.3,5019,627,579,0,65.4,6558
ILLUM_03432,-82.4327,-156.9443,77.9,6824,1276,217,0,77.9,8916
ILLUM_03433,-85.5771,130.4763,54.1,4739,527,634,0,64.1,6192
ILLUM_03434,-82.926,166.1399,35.9,3145,382,592,0,37.4,4109
ILLUM_03435,-86.1077,-91.1709,14.3,1253,0,513,0,6.5,1637
ILLUM_03436,-87.7112,-17.9657,60.2,5274,496,730,0,59.0,6890
ILLUM_03437,-84.0315,-172.0316,17.1,1498,0,468,0,17.0,1957
ILLUM_03438,-80.7182,50.6557,39.3,3443,672,373,0,47.4,4498
ILLUM_03439,-80.7086,-30.9866,80.1,7017,932,99,0,73.3,9168
ILLUM_03440,-86.5809,-82.779,10.6,929,0,733,0,2.4,1213
ILLUM_03441,-84.7232,-105.5386,12.6,1104,0,516,0,2.6,1442
ILLUM_03442,-87.8836,55.4483,20.7,1813,301,527,0,29.6,2369
ILLUM_03443,-80.0437,-30.1619,50.1,4389,612,741,0,47.4,5734
ILLUM_03444,-80.1888,-115.3227,23.4,2050,534,687,0,14.9,2678
ILLUM_03445,-83.5049,68.0793,50.2,4398,565,496,0,57.1,5746
ILLUM_03446,-81.9559,23.426,27.8,2435,381,515,0,32.7,3182
ILLUM_03447,-82.849,129.1219,46.7,4091,653,631,0,55.9,5345
ILLUM_03448,-84.0684,-137.7087,24.9,2181,697,419,0,19.6,2850
ILLUM_03449,-89.4665,102.84,91.5,8015,1724,66,0,98.5,10473
ILLUM_03450,-85.4524,62.466,43.6,3819,657,526,0,55.7,4990
ILLUM_03451,-83.2521,-138.5961,69.0,6044,587,631,0,64.0,7897
ILLUM_03452,-83.2247,70.1355,65.7,5755,480,441,0,76.0,7520
ILLUM_03453,-86.2688,-21.043,43.7,3828,302,585,0,43.0,5002
ILLUM_03454,-80.5831,160.1945,25.3,2216,347,522,0,26.1,2896
ILLUM_03455,-88.3264,-129.0199,50.4,4415,435,642,0,40.7,5769
ILLUM_03456,-84.9964,51.42,67.5,5913,564,438,0,72.5,7726
ILLUM_03457,-83.0912,-42.4872,43.7,3828,502,563,0,36.9,5002
ILLUM_03458,-83.0286,164.4533,8.4,736,0,700,0,10.5,961
ILLUM_03459,-83.5136,-61.209,0.0,0,0,8760,1,0.0,0
ILLUM_03460,-87.2471,166.3869,30.5,2672,586,508,0,33.5,3491
ILLUM_03461,-88.4379,144.5349,15.7,1375,0,414,0,20.1,1797
ILLUM_03462,-83.6406,-82.662,83.9,7350,1100,168,0,76.2,9603
ILLUM_03463,-84.007,109.275,16.0,1402,0,742,0,26.1,1831
ILLUM_03464,-88.2064,178.4175,37.6,3294,674,583,0,37.7,4303
ILLUM_03465,-82.9486,-89.0413,64.6,5659,393,416,0,57.6,7394
ILLUM_03466,-85.4483,-22.7602,78.6,6885,1042,143,0,73.6,8996
ILLUM_03467,-83.3224,7.2651,44.2,3872,594,523,0,46.6,5059
ILLUM_03468,-81.6263,-73.8248,18.3,1603,0,482,0,7.6,2095
ILLUM_03469,-88.3027,-174.5047,23.5,2059,510,386,0,24.8,2690
ILLUM_03470,-89.8086,-100.7535,38.7,3390,346,682,0,30.0,4429
ILLUM_03471,-82.209,-78.5027,0.0,0,0,8760,1,0.0,0
ILLUM_03472,-83.903,-20.3041,31.5,2759,319,441,0,29.7,3605
ILLUM_03473,-83.0036,-118.4031,9.9,867,0,398,0,3.7,1133
ILLUM_03474,-81.6185,134.3716,0.0,0,0,8760,1,0.0,0
ILLUM_03475,-81.9719,73.768,5.0,438,0,487,0,12.4,572
ILLUM_03476,-80.3908,-149.3278,37.9,3320,481,447,0,36.7,4338
ILLUM_03477,-84.6406,54.0333,90.3,7910,1618,32,0,98.5,10335
ILLUM_03478,-85.115,55.3163,60.6,5309,699,554,0,70.9,6936
ILLUM_03479,-85.9811,164.2396,33.7,2952,571,578,0,36.5,3857
ILLUM_03480,-88.4631,-178.9125,13.2,1156,0,536,0,13.7,1511
ILLUM_03481,-84.2739,-90.7443,91.3,7998,1717,33,0,81.6,10450
ILLUM_03482,-87.2299,154.0049,5.0,438,0,404,0,5.7,572
ILLUM_03483,-80.7869,155.5682,67.4,5904,392,660,0,68.9,7714
ILLUM_03484,-84.1681,79.4111,77.0,6745,1249,203,0,93.4,8813
ILLUM_03485,-84.0716,95.6748,5.1,447,0,551,0,12.3,584
ILLUM_03486,-86.4508,-147.0661,68.7,6018,616,716,0,63.5,7863
ILLUM_03487,-89.4801,4.9953,92.0,8059,1688,32,0,95.8,10530
ILLUM_03488,-89.6826,-96.6301,58.7,5142,535,666,0,50.8,6718
ILLUM_03489,-85.7666,-114.7615,38.2,3346,406,610,0,30.3,4372
ILLUM_03490,-89.1543,111.7092,81.4,7131,994,204,0,92.4,9317
ILLUM_03491,-83.9315,-131.3863,50.2,4398,414,746,0,45.1,5746
ILLUM_03492,-81.1903,-11.2854,66.1,5790,693,595,0,69.2,7565
ILLUM_03493,-81.1709,157.8882,53.3,4669,669,618,0,59.6,6100
ILLUM_03494,-83.4095,-113.1005,5.0,438,0,651,0,0.0,572
ILLUM_03495,-87.8877,172.0776,20.9,1831,372,589,0,21.6,2392
ILLUM_03496,-81.37,177.9437,5.0,438,0,702,0,7.8,572
ILLUM_03497,-81.1391,20.0222,11.2,981,0,578,0,13.6,1282
ILLUM_03498,-88.0335,-118.7486,5.0,438,0,477,0,0.0,572
ILLUM_03499,-82.6257,-66.2022,39.8,3486,606,500,0,30.9,4555
ILLUM_03500,-87.1348,-27.1826,17.6,1542,0,498,0,12.4,2014
ILLUM_03501,-81.9736,-68.6433,78.9,6912,916,135,0,72.0,9030
ILLUM_03502,-80.0276,-78.9712,69.5,6088,565,639,0,61.4,7955
ILLUM_03503,-89.6997,170.0027,54.4,4765,382,658,0,56.2,6226
ILLUM_03504,-81.0263,-124.7887,44.1,3863,521,380,0,38.2,5047
ILLUM_03505,-83.7737,83.998,24.3,2129,507,689,0,34.3,2781
ILLUM_03506,-80.2662,-179.8523,43.2,3784,595,576,0,45.1,4944
ILLUM_03507,-85.3499,34.6258,62.4,5466,545,543,0,66.6,7142
ILLUM_03508,-81.5261,149.7395,73.4,6430,1079,164,0,79.4,8401
ILLUM_03509,-89.3761,-76.3437,5.5,482,0,732,0,0.0,630
ILLUM_03510,-86.6472,-113.2106,69.2,6062,494,680,0,58.1,7920
ILLUM_03511,-89.3298,54.6047,70.7,6193,1397,141,0,78.7,8092
ILLUM_03512,-80.2466,76.5365,49.3,4319,673,583,0,62.8,5643
ILLUM_03513,-81.8303,67.691,16.8,1472,0,689,0,29.6,1923
ILLUM_03514,-81.4745,-65.0459,47.4,4152,458,449,0,42.2,5425
ILLUM_03515,-80.6203,-89.2071,44.5,3898,614,502,0,37.8,5093
ILLUM_03516,-89.149,164.1308,44.3,3881,417,708,0,47.9,5070
ILLUM_03517,-86.144,152.3878,42.8,3749,415,679,0,48.4,4899
ILLUM_03518,-89.2897,-15.366,11.7,1025,0,541,0,7.9,1339
ILLUM_03519,-87.8921,124.6298,16.3,1428,0,418,0,25.6,1866
ILLUM_03520,-87.7063,-17.1635,8.5,745,0,673,0,6.3,973
ILLUM_03521,-85.3089,-27.22,22.7,1989,502,462,0,18.5,2598
ILLUM_03522,-87.3144,-123.5653,26.6,2330,624,731,0,16.7,3044
ILLUM_03523,-88.9902,-26.4938,18.9,1656,0,564,0,18.8,2163
ILLUM_03524,-88.3251,13.4701,19.0,1664,0,392,0,22.4,2175
ILLUM_03525,-88.5272,-171.8984,70.7,6193,947,181,0,68.5,8092
ILLUM_03526,-80.2692,-20.1193,75.9,6649,1246,173,0,74.3,8687
ILLUM_03527,-82.4071,101.2882,29.7,2602,351,585,0,40.9,3399
ILLUM_03528,-80.3224,64.8166,26.6,2330,477,459,0,38.0,3044
ILLUM_03529,-85.6026,48.6565,79.9,6999,932,197,0,87.7,9145
ILLUM_03530,-87.2163,147.44,56.8,4976,412,650,0,64.7,6501
ILLUM_03531,-82.0171,-173.5085,26.2,2295,535,595,0,26.7,2999
ILLUM_03532,-86.7375,20.5371,68.7,6018,674,713,0,71.3,7863
ILLUM_03533,-87.0062,103.4456,29.8,2610,465,420,0,42.5,3411
ILLUM_03534,-87.6749,14.8807,57.5,5037,338,390,0,58.3,6581
ILLUM_03535,-88.7032,-63.3976,92.2,8077,1522,76,0,85.4,10553
ILLUM_03536,-87.4354,-130.9498,27.9,2444,597,536,0,21.1,3193
ILLUM_03537,-86.4468,139.5227,86.6,7586,1564,33,0,94.9,9912
ILLUM_03538,-83.2601,-10.5255,29.7,2602,398,562,0,28.6,3399
ILLUM_03539,-89.3744,136.1215,48.9,4284,466,404,0,58.3,5597
ILLUM_03540,-87.8949,30.9068,43.2,3784,341,656,0,48.8,4944
ILLUM_03541,-81.9098,62.7092,71.5,6263,1341,160,0,83.3,8184
ILLUM_03542,-88.5308,109.534,6.5,569,0,611,0,15.2,744
ILLUM_03543,-86.5735,57.296,62.6,5484,404,560,0,68.0,7165
ILLUM_03544,-81.3534,-36.7003,0.0,0,0,8760,1,0.0,0
ILLUM_03545,-88.4507,4.908,43.3,3793,646,727,0,45.7,4956
ILLUM_03546,-89.1726,109.0964,10.3,902,0,402,0,19.5,1179
ILLUM_03547,-85.1546,-45.4859,22.0,1927,495,488,0,16.1,2518
ILLUM_03548,-86.9758,-40.2763,62.5,5475,452,527,0,58.1,7153
ILLUM_03549,-84.3659,-145.5516,0.0,0,0,8760,1,0.0,0
ILLUM_03550,-81.962,149.2504,39.9,3495,484,431,0,45.2,4567
ILLUM_03551,-88.6285,-147.2269,53.7,4704,502,523,0,47.8,6146
ILLUM_03552,-84.193,53.3553,25.3,2216,564,682,0,29.7,2896
ILLUM_03553,-84.9449,-31.25,39.4,3451,462,390,0,34.0,4510
ILLUM_03554,-88.5592,-33.977,29.0,2540,582,656,0,26.4,3319
ILLUM_03555,-83.76,64.6387,58.1,5090,422,616,0,71.3,6650
ILLUM_03556,-87.2636,-155.8463,91.0,7972,1716,72,0,89.5,10415
ILLUM_03557,-85.1217,33.7341,77.2,6763,1428,245,0,82.8,8836
ILLUM_03558,-89.1773,97.9314,17.4,1524,0,398,0,28.2,1992
ILLUM_03559,-85.4042,118.1566,53.1,4652,496,621,0,63.7,6078
ILLUM_03560,-86.9354,-118.6091,7.9,692,0,655,0,0.0,904
ILLUM_03561,-81.7762,143.0709,22.8,1997,391,748,0,29.5,2610
ILLUM_03562,-89.4302,56.2126,18.0,1577,0,619,0,24.7,2060
ILLUM_03563,-85.8139,137.4677,28.0,2453,533,559,0,38.6,3205
ILLUM_03564,-85.4157,-5.2989,63.7,5580,318,553,0,63.6,7291
ILLUM_03565,-82.7499,15.132,42.6,3732,619,631,0,50.1,4876
ILLUM_03566,-84.2571,150.8538,86.8,7604,1832,57,0,93.5,9935
ILLUM_03567,-83.3279,143.9674,21.5,1883,613,389,0,26.1,2461
ILLUM_03568,-82.2295,-18.6621,30.4,2663,529,595,0,31.4,3479
ILLUM_03569,-81.378,-81.2115,0.0,0,0,8760,1,0.0,0
ILLUM_03570,-86.8612,-38.4586,23.5,2059,417,459,0,16.2,2690
ILLUM_03571,-84.6198,-40.4048,92.8,8129,1702,62,0,87.9,10621
ILLUM_03572,-81.5989,-76.7279,33.6,2943,536,365,0,27.1,3846
ILLUM_03573,-80.1055,-83.3113,87.5,7665,1661,77,0,79.4,10015
ILLUM_03574,-81.1048,129.9827,35.0,3066,590,498,0,44.8,4006
ILLUM_03575,-86.2853,-154.8497,18.5,1621,0,468,0,15.1,2117
ILLUM_03576,-88.0483,63.94,10.5,920,0,560,0,20.3,1202
ILLUM_03577,-85.1061,-117.7848,76.5,6701,1175,116,0,72.4,8756
ILLUM_03578,-82.5836,-55.9779,5.0,438,0,613,0,0.0,572
ILLUM_03579,-85.0743,-157.8445,87.1,7630,1784,57,0,87.8,9969
ILLUM_03580,-85.1682,-82.8095,38.9,3408,675,448,0,29.8,4452
ILLUM_03581,-81.6177,96.6316,24.2,2120,547,367,0,33.4,2770
ILLUM_03582,-86.386,138.6055,55.5,4862,353,439,0,65.3,6352
ILLUM_03583,-81.4021,-100.2502,11.7,1025,0,374,0,2.8,1339
ILLUM_03584,-85.932,-13.1228,5.7,499,0,623,0,4.6,652
ILLUM_03585,-86.7177,-10.6833,80.0,7008,1392,89,0,76.8,9156
ILLUM_03586,-85.4601,134.4871,41.1,3600,586,418,0,47.5,4704
ILLUM_03587,-82.3755,94.6077,49.5,4336,488,679,0,59.2,5666
ILLUM_03588,-88.74,4.7078,20.8,1822,300,360,0,17.6,2381
ILLUM_03589,-88.0358,61.469,6.4,561,0,609,0,14.6,733
ILLUM_03590,-80.4856,125.0478,33.3,2917,476,359,0,43.1,3811
ILLUM_03591,-88.2451,-176.566,43.9,3846,518,450,0,47.5,5025
ILLUM_03592,-84.3227,-34.9596,69.4,6079,446,361,0,67.0,7943
ILLUM_03593,-84.2069,146.6075,46.7,4091,507,423,0,53.1,5345
ILLUM_03594,-85.1038,86.5127,74.2,6500,984,103,0,84.3,8493
ILLUM_03595,-83.5525,15.4229,9.4,823,0,482,0,13.6,1076
ILLUM_03596,-87.7017,10.672,9.1,797,0,584,0,7.9,1042
ILLUM_03597,-84.4734,-54.8028,11.6,1016,0,440,0,6.9,1328
ILLUM_03598,-86.2783,7.3874,70.7,6193,946,126,0,74.6,8092
ILLUM_03599,-83.3833,55.938,71.0,6220,1177,229,0,80.4,8126
ILLUM_03600,-88.5878,-29.3893,13.3,1165,0,372,0,8.5,1522
ILLUM_03601,-84.2912,77.0951,5.0,438,0,533,0,12.7,572
ILLUM_03602,-88.1473,130.0436,63.6,5571,562,565,0,72.8,7279
ILLUM_03603,-87.2136,-124.3135,80.4,7043,990,104,0,73.0,9202
ILLUM_03604,-87.8129,-17.4431,0.0,0,0,8760,1,0.0,0
ILLUM_03605,-88.1716,-33.1128,18.2,1594,0,731,0,13.8,2083
ILLUM_03606,-81.7429,67.4873,52.3,4581,596,699,0,64.7,5986
ILLUM_03607,-87.1429,-90.0477,74.4,6517,1008,168,0,61.9,8515
ILLUM_03608,-80.7288,50.4903,23.5,2059,450,350,0,32.0,2690
ILLUM_03609,-80.3007,135.8961,49.7,4354,539,490,0,57.1,5688
ILLUM_03610,-84.2874,-29.4726,28.7,2514,310,641,0,25.0,3285
ILLUM_03611,-88.57,147.9657,24.0,2102,300,411,0,26.7,2747
ILLUM_03612,-86.2545,177.5389,0.0,0,0,8760,1,0.0,0
ILLUM_03613,-82.0227,-141.8069,85.1,7455,1849,45,0,80.5,9740
ILLUM_03614,-86.3261,-96.1009,39.5,3460,624,457,0,32.4,4521
ILLUM_03615,-89.1298,162.1367,16.2,1419,0,585,0,16.1,1854
ILLUM_03616,-84.4322,164.998,67.8,5939,306,365,0,71.7,7760
ILLUM_03617,-81.5488,-144.8254,27.2,2383,422,595,0,18.5,3113
ILLUM_03618,-82.0407,-174.6005,14.4,1261,0,586,0,15.1,1648
ILLUM_03619,-88.2488,-122.004,34.4,3013,530,653,0,27.8,3937
ILLUM_03620,-83.2724,178.5646,48.0,4205,687,460,0,50.6,5494
ILLUM_03621,-87.795,-115.2001,8.4,736,0,523,0,0.2,961
ILLUM_03622,-87.8179,0.9171,54.2,4748,454,354,0,54.5,6203
ILLUM_03623,-81.2593,125.4304,5.0,438,0,643,0,9.6,572
ILLUM_03624,-87.5033,-172.6554,82.4,7218,1044,249,0,83.4,9431
ILLUM_03625,-87.3675,37.616,83.6,7323,1253,201,0,93.6,9568
ILLUM_03626,-89.9935,-80.2708,66.0,5782,650,431,0,59.8,7554
ILLUM_03627,-81.2933,130.4406,44.1,3863,402,462,0,51.9,5047
ILLUM_03628,-82.0741,-77.954,24.2,2120,642,516,0,14.4,2770
ILLUM_03629,-83.7267,67.2321,70.6,6185,1321,203,0,79.9,8080
ILLUM_03630,-82.4973,62.7191,87.0,7621,1781,63,0,97.4,9958
ILLUM_03631,-88.4795,-100.2623,15.0,1314,0,402,0,5.2,1717
ILLUM_03632,-85.4168,-167.4723,42.0,3679,475,659,0,42.1,4807
ILLUM_03633,-86.4878,-32.6702,27.3,2391,652,445,0,24.6,3125
ILLUM_03634,-89.0622,-75.8905,34.2,2996,595,625,0,24.2,3914
ILLUM_03635,-85.1387,111.232,37.0,3241,304,660,0,47.9,4235
ILLUM_03636,-80.7926,108.1311,88.8,7779,1666,35,0,98.5,10164
ILLUM_03637,-89.5994,-15.4714,23.9,2094,521,627,0,21.9,2735
ILLUM_03638,-87.0854,38.3444,41.5,3635,372,656,0,53.0,4750
ILLUM_03639,-87.9246,37.5334,89.0,7796,1610,54,0,96.5,10186
ILLUM_03640,-87.6185,117.7769,42.8,3749,331,579,0,54.1,4899
ILLUM_03641,-80.9157,-26.9991,81.6,7148,912,85,0,77.5,9339
ILLUM_03642,-85.3193,-80.8392,5.0,438,0,403,0,0.0,572
ILLUM_03643,-85.337,-84.5874,92.0,8059,1680,51,0,80.6,10530
ILLUM_03644,-82.3942,13.0292,16.2,1419,0,437,0,20.1,1854
ILLUM_03645,-88.4551,-18.3066,91.6,8024,1673,46,0,90.0,10484
ILLUM_03646,-85.1273,-21.5565,14.8,1296,0,452,0,13.0,1694
ILLUM_03647,-85.7001,-147.1906,40.0,3504,415,697,0,36.8,4578
ILLUM_03648,-84.0309,78.6973,29.9,2619,355,489,0,39.1,3422
ILLUM_03649,-80.0044,-103.0548,39.7,3478,542,700,0,31.4,4544
ILLUM_03650,-82.3055,-109.0967,22.9,2006,537,579,0,14.4,2621
ILLUM_03651,-86.0213,-31.407,91.0,7972,1567,69,0,86.5,10415
ILLUM_03652,-81.7245,-97.9998,28.7,2514,630,435,0,19.1,3285
ILLUM_03653,-88.2929,30.189,61.3,5370,355,612,0,67.1,7016
ILLUM_03654,-89.6954,-46.2732,11.5,1007,0,673,0,5.8,1316
ILLUM_03655,-87.9555,-18.3918,77.6,6798,1163,141,0,75.2,8882
ILLUM_03656,-86.5959,13.381,50.4,4415,307,732,0,53.9,5769
ILLUM_03657,-84.8942,-106.7272,91.5,8015,1816,42,0,83.5,10473
ILLUM_03658,-83.8487,-123.9294,39.9,3495,446,469,0,31.9,4567
ILLUM_03659,-80.8939,136.9519,20.3,1778,365,650,0,25.4,2323
ILLUM_03660,-84.9015,-23.8595,33.0,2891,438,743,0,28.8,3777
ILLUM_03661,-84.9872,-31.6463,65.8,5764,494,711,0,64.8,7531
ILLUM_03662,-89.4976,-167.1796,59.8,5238,588,481,0,60.4,6844
ILLUM_03663,-89.6509,-0.7285,72.4,6342,908,173,0,73.8,8287
ILLUM_03664,-84.4884,19.5011,7.6,666,0,434,0,10.3,870
ILLUM_03665,-85.6182,21.1827,51.0,4468,422,431,0,58.7,5837
ILLUM_03666,-81.6082,74.5312,84.2,7376,1277,121,0,98.2,9637
ILLUM_03667,-88.3932,-116.1065,12.2,1069,0,372,0,1.3,1396
ILLUM_03668,-89.7503,-89.1997,12.7,1113,0,588,0,0.0,1454
ILLUM_03669,-85.5096,111.863,63.0,5519,349,614,0,77.4,7211
ILLUM_03670,-87.6252,160.9814,29.7,2602,583,374,0,33.2,3399
ILLUM_03671,-89.5039,-131.0642,61.0,5344,569,577,0,55.0,6982
ILLUM_03672,-82.754,-0.8462,52.5,4599,607,637,0,51.7,6009
ILLUM_03673,-88.8841,-102.8965,92.2,8077,1773,57,0,83.9,10553
ILLUM_03674,-83.9168,-158.3737,83.9,7350,1205,179,0,80.8,9603
ILLUM_03675,-87.1895,-62.8188,58.2,5098,329,536,0,55.5,6661
ILLUM_03676,-88.265,-128.2725,24.2,2120,457,667,0,17.0,2770
ILLUM_03677,-86.2025,75.5759,22.4,1962,420,512,0,34.6,2564
ILLUM_03678,-81.9855,12.1411,79.8,6990,1099,195,0,85.9,9133
ILLUM_03679,-86.0791,-128.2196,51.7,4529,365,663,0,47.8,5917
ILLUM_03680,-82.4923,-176.673,73.5,6439,1385,193,0,74.4,8412
ILLUM_03681,-88.7451,110.9365,42.3,3705,632,661,0,52.1,4841
ILLUM_03682,-82.2723,-116.57,10.8,946,0,722,0,0.8,1236
ILLUM_03683,-87.6307,38.238,30.0,2628,583,464,0,37.8,3434
ILLUM_03684,-83.2261,-58.7081,17.7,1551,0,668,0,6.8,2026
ILLUM_03685,-84.3422,30.7749,70.5,6176,1146,234,0,79.4,8069
ILLUM_03686,-80.7086,-66.3647,61.9,5422,658,396,0,57.4,7085
ILLUM_03687,-86.1268,-148.7018,8.6,753,0,679,0,3.2,984
ILLUM_03688,-89.3383,-99.738,56.1,4914,541,620,0,49.2,6421
ILLUM_03689,-89.8084,-112.2989,0.0,0,0,8760,1,0.0,0
ILLUM_03690,-81.7314,-25.913,63.2,5536,461,662,0,61.9,7234
ILLUM_03691,-84.7526,56.9822,46.1,4038,484,484,0,56.9,5276
ILLUM_03692,-82.2476,-85.0298,27.5,2409,667,451,0,19.7,3148
ILLUM_03693,-87.6557,-175.6548,80.6,7061,1285,210,0,83.5,9225
ILLUM_03694,-86.5492,6.8175,39.1,3425,380,567,0,41.4,4475
ILLUM_03695,-89.699,38.0734,79.6,6973,1433,177,0,87.4,9111
ILLUM_03696,-80.3851,166.6334,71.0,6220,1372,227,0,76.7,8126
ILLUM_03697,-83.3213,32.2095,73.2,6412,1217,218,0,82.9,8378
ILLUM_03698,-80.6679,-10.3779,92.6,8112,1840,32,0,92.2,10599
ILLUM_03699,-87.345,26.4246,70.0,6132,560,534,0,75.6,8012
ILLUM_03700,-83.8854,154.0442,0.0,0,0,8760,1,0.0,0
ILLUM_03701,-83.215,118.2161,16.9,1480,0,425,0,28.3,1934
ILLUM_03702,-86.8245,-63.7277,5.0,438,0,400,0,0.0,572
ILLUM_03703,-81.5189,-94.5884,19.2,1682,0,410,0,8.1,2198
ILLUM_03704,-80.5284,-85.4519,7.5,657,0,443,0,0.0,858
ILLUM_03705,-81.1514,1.5916,45.6,3995,675,368,0,47.9,5219
ILLUM_03706,-82.6093,87.8578,5.0,438,0,726,0,12.7,572
ILLUM_03707,-87.2254,1.1589,42.3,3705,612,370,0,45.1,4841
ILLUM_03708,-87.1838,-155.5933,81.2,7113,926,115,0,81.3,9294
ILLUM_03709,-80.3664,80.4891,70.8,6202,1209,145,0,81.0,8103
ILLUM_03710,-89.8972,110.1492,88.7,7770,1790,31,0,98.5,10152
ILLUM_03711,-82.8395,-75.7808,21.1,1848,516,711,0,11.8,2415
ILLUM_03712,-82.9375,59.0853,47.8,4187,618,688,0,59.0,5471
ILLUM_03713,-83.7731,-26.4269,27.7,2427,317,375,0,25.8,3170
ILLUM_03714,-80.0989,140.083,44.4,3889,416,518,0,53.3,5082
ILLUM_03715,-86.8812,124.2812,49.8,4362,538,745,0,61.2,5700
ILLUM_03716,-86.6003,9.1555,5.0,438,0,354,0,5.0,572
ILLUM_03717,-89.2106,68.942,23.1,2024,575,375,0,31.5,2644
ILLUM_03718,-85.572,138.0059,66.8,5852,301,738,0,73.6,7646
ILLUM_03719,-87.3895,-1.5419,69.7,6106,619,515,0,73.2,7977
ILLUM_03720,-86.5661,-67.2297,51.5,4511,585,431,0,44.9,5894
ILLUM_03721,-81.6543,91.3198,0.0,0,0,8760,1,0.0,0
ILLUM_03722,-80.6452,-100.7761,39.5,3460,551,606,0,28.7,4521
ILLUM_03723,-88.1427,-40.1288,6.2,543,0,424,0,2.7,710
ILLUM_03724,-86.2749,131.6618,88.2,7726,1720,66,0,98.0,10095
ILLUM_03725,-80.7137,80.792,78.6,6885,1046,230,0,92.4,8996
ILLUM_03726,-89.3819,-34.628,5.7,499,0,695,0,0.5,652
ILLUM_03727,-89.0764,-102.692,16.8,1472,0,398,0,6.1,1923
ILLUM_03728,-88.3721,-51.8514,53.1,4652,681,431,0,47.3,6078
ILLUM_03729,-84.0479,-77.7225,20.0,1752,0,386,0,12.3,2289
ILLUM_03730,-88.4953,-116.6079,87.9,7700,1712,75,0,79.8,10061
ILLUM_03731,-80.3192,87.5998,70.2,6150,1146,246,0,81.8,8035
ILLUM_03732,-85.5329,-89.2548,26.2,2295,594,606,0,16.0,2999
ILLUM_03733,-84.9848,-16.4997,0.0,0,0,8760,1,0.0,0
ILLUM_03734,-87.5334,-41.0906,71.5,6263,1163,217,0,69.4,8184
ILLUM_03735,-85.2904,173.5479,0.0,0,0,8760,1,0.0,0
ILLUM_03736,-83.3809,-39.2068,59.0,5168,565,624,0,54.7,6753
ILLUM_03737,-82.4882,-151.2063,28.2,2470,655,514,0,22.4,3228
ILLUM_03738,-82.4613,-147.6627,12.5,1095,0,463,0,8.2,1431
ILLUM_03739,-84.2211,32.6713,63.6,5571,470,405,0,69.6,7279
ILLUM_03740,-80.9564,35.7709,43.7,3828,636,672,0,48.6,5002
ILLUM_03741,-81.8259,-29.2468,23.5,2059,575,568,0,17.5,2690
ILLUM_03742,-82.4295,-24.5363,12.9,1130,0,640,0,8.9,1476
ILLUM_03743,-89.4439,-160.5843,53.0,4643,540,433,0,51.8,6066
ILLUM_03744,-89.9312,5.9567,0.0,0,0,8760,1,0.0,0
ILLUM_03745,-87.8755,1.7062,23.8,2085,327,523,0,27.3,2724
ILLUM_03746,-83.3648,-126.1622,70.2,6150,901,80,0,61.8,8035
ILLUM_03747,-85.888,-142.6178,15.3,1340,0,371,0,11.3,1751
ILLUM_03748,-85.9759,-135.5139,32.9,2882,612,491,0,25.1,3766
ILLUM_03749,-81.1541,-143.6298,70.7,6193,1151,229,0,64.8,8092
ILLUM_03750,-81.0444,39.495,62.0,5431,336,508,0,69.1,7096
ILLUM_03751,-80.9082,-109.2662,25.8,2260,691,622,0,16.3,2953
ILLUM_03752,-86.8612,-89.4851,9.0,788,0,500,0,1.6,1030
ILLUM_03753,-83.0894,-117.514,5.0,438,0,408,0,0.0,572
ILLUM_03754,-87.2837,164.8207,76.2,6675,1063,238,0,82.2,8721
ILLUM_03755,-88.0939,127.6623,10.3,902,0,664,0,15.1,1179
ILLUM_03756,-88.1537,-97.0219,13.4,1174,0,685,0,1.0,1534
ILLUM_03757,-86.5789,-62.0761,22.1,1936,546,479,0,13.7,2529
ILLUM_03758,-85.7004,-104.4386,43.8,3837,343,439,0,32.7,5013
ILLUM_03759,-81.6905,-2.9247,71.2,6237,1305,219,0,74.5,8149
ILLUM_03760,-88.8011,-172.9402,0.0,0,0,8760,1,0.0,0
ILLUM_03761,-82.6507,61.6925,53.4,4678,446,589,0,60.4,6112
ILLUM_03762,-84.6855,8.3369,12.6,1104,0,615,0,10.0,1442
ILLUM_03763,-87.1205,143.51,44.5,3898,366,570,0,50.1,5093
ILLUM_03764,-85.0718,-120.8186,13.3,1165,0,469,0,8.3,1522
ILLUM_03765,-87.0006,109.4793,22.2,1945,345,607,0,29.5,2541
ILLUM_03766,-84.0392,105.106,33.4,2926,369,365,0,44.5,3823
ILLUM_03767,-85.6616,-134.2148,0.0,0,0,8760,1,0.0,0
ILLUM_03768,-88.3559,-36.5187,69.0,6044,408,711,0,64.7,7897
ILLUM_03769,-88.8342,-118.745,40.4,3539,660,472,0,30.7,4624
ILLUM_03770,-84.533,-88.3006,11.1,972,0,526,0,1.3,1270
ILLUM_03771,-80.9759,-85.2314,31.4,2751,602,641,0,16.7,3594
ILLUM_03772,-86.5604,20.2451,48.7,4266,506,563,0,51.5,5574
ILLUM_03773,-82.67,-31.8921,77.9,6824,1183,165,0,77.3,8916
ILLUM_03774,-83.4134,161.1838,86.2,7551,1668,45,0,95.2,9866
ILLUM_03775,-80.6845,-134.5067,55.6,4871,585,450,0,53.4,6364
ILLUM_03776,-81.7902,170.5292,33.6,2943,659,444,0,35.0,3846
ILLUM_03777,-84.3339,-96.9701,66.1,5790,422,454,0,56.0,7565
ILLUM_03778,-83.4297,98.2346,25.9,2269,537,586,0,41.8,2964
ILLUM_03779,-81.0161,-57.9708,60.3,5282,645,479,0,50.9,6902
ILLUM_03780,-86.0048,-128.4907,23.2,2032,665,576,0,15.3,2655
ILLUM_03781,-86.7321,128.8401,27.9,2444,656,505,0,33.2,3193
ILLUM_03782,-89.8919,-68.8101,5.0,438,0,484,0,0.0,572
ILLUM_03783,-81.7345,57.1879,39.4,3451,683,626,0,48.3,4510
ILLUM_03784,-81.9902,23.9197,57.7,5055,462,457,0,62.8,6604
ILLUM_03785,-88.9555,-10.1677,71.4,6255,1117,97,0,73.2,8172
ILLUM_03786,-84.2314,-1.505,72.4,6342,1098,174,0,76.7,8287
ILLUM_03787,-85.3602,83.6056,93.0,8147,1576,72,0,98.5,10644
ILLUM_03788,-88.8129,-148.4018,8.6,753,0,426,0,3.1,984
ILLUM_03789,-80.1943,60.545,46.4,4065,406,741,0,55.6,5311
ILLUM_03790,-87.853,142.4924,51.0,4468,662,722,0,55.6,5837
ILLUM_03791,-89.3277,-159.1962,74.3,6509,1184,167,0,72.9,8504
ILLUM_03792,-84.0515,-129.3648,25.3,2216,407,426,0,17.6,2896
ILLUM_03793,-82.6113,77.9875,7.1,622,0,360,0,16.4,813
ILLUM_03794,-89.6756,-22.5786,29.8,2610,476,359,0,26.0,3411
ILLUM_03795,-83.4128,-34.7225,88.2,7726,1704,52,0,87.8,10095
ILLUM_03796,-84.6771,-130.692,83.2,7288,1429,234,0,77.9,9523
ILLUM_03797,-88.9673,2.4372,38.9,3408,534,350,0,38.0,4452
ILLUM_03798,-88.2748,-134.4437,80.8,7078,1257,243,0,76.1,9248
ILLUM_03799,-84.3203,-8.4166,5.0,438,0,440,0,1.6,572
ILLUM_03800,-87.0364,94.9015,31.0,2716,594,432,0,39.8,3548
ILLUM_03801,-80.6168,-87.0248,67.3,5895,514,623,0,59.1,7703
ILLUM_03802,-81.8126,-6.917,19.2,1682,0,640,0,19.8,2198
ILLUM_03803,-80.1643,177.1257,16.6,1454,0,726,0,19.3,1900
ILLUM_03804,-87.4033,67.1942,79.6,6973,1111,83,0,91.1,9111
ILLUM_03805,-80.3028,122.8884,55.7,4879,612,411,0,66.9,6375
ILLUM_03806,-85.6877,-30.6549,93.0,8147,1696,67,0,88.9,10644
ILLUM_03807,-86.5248,96.4299,10.9,955,0,563,0,22.7,1248
ILLUM_03808,-89.4965,-165.4167,33.5,2935,340,456,0,31.3,3834
ILLUM_03809,-89.4723,-135.752,0.0,0,0,8760,1,0.0,0
ILLUM_03810,-83.0799,-106.8946,82.7,7245,1280,217,0,74.0,9465
ILLUM_03811,-85.4207,-35.2973,26.8,2348,434,429,0,18.5,3067
ILLUM_03812,-87.7348,124.4682,30.0,2628,644,496,0,41.8,3434
ILLUM_03813,-83.8603,-55.3442,14.4,1261,0,549,0,5.3,1648
ILLUM_03814,-87.4714,55.6636,73.0,6395,1270,148,0,81.9,8355
ILLUM_03815,-84.2237,75.3531,19.8,1734,0,722,0,32.3,2266
ILLUM_03816,-86.4079,31.0256,6.8,596,0,543,0,11.6,778
ILLUM_03817,-81.7645,-51.3929,39.4,3451,532,674,0,33.5,4510
ILLUM_03818,-81.793,27.7392,39.0,3416,467,555,0,41.8,4464
ILLUM_03819,-85.2265,-56.7844,15.3,1340,0,557,0,8.5,1751
ILLUM_03820,-86.4918,-149.8055,11.9,1042,0,592,0,7.7,1362
ILLUM_03821,-86.3744,177.4094,82.2,7201,1032,160,0,85.6,9408
ILLUM_03822,-81.9429,-134.2143,5.0,438,0,583,0,0.0,572
ILLUM_03823,-86.7182,-153.9546,6.1,534,0,359,0,5.0,698
ILLUM_03824,-87.9094,136.2711,21.0,1840,611,549,0,30.2,2404
ILLUM_03825,-89.1531,-71.3395,88.4,7744,1603,75,0,81.0,10118
ILLUM_03826,-85.3331,54.1069,8.5,745,0,630,0,16.2,973
ILLUM_03827,-85.1787,-61.5579,77.1,6754,1254,94,0,68.7,8824
ILLUM_03828,-81.5909,-39.0765,84.6,7411,1389,115,0,78.4,9683
ILLUM_03829,-87.7876,-85.6393,35.8,3136,554,359,0,25.9,4097
ILLUM_03830,-86.1901,-56.5042,28.8,2523,452,388,0,19.6,3296
ILLUM_03831,-81.9159,-32.1479,63.7,5580,634,740,0,59.0,7291
ILLUM_03832,-81.7638,79.3498,62.8,5501,513,620,0,76.6,7188
ILLUM_03833,-86.1539,4.153,72.9,6386,1138,143,0,74.8,8344
ILLUM_03834,-85.4088,159.6835,76.9,6736,934,246,0,82.4,8802
ILLUM_03835,-86.9671,-164.9231,23.7,2076,412,382,0,22.9,2713
ILLUM_03836,-80.6745,1.1046,63.6,5571,667,704,0,65.5,7279
ILLUM_03837,-88.8136,30.3209,13.2,1156,0,453,0,17.9,1511
ILLUM_03838,-80.6625,151.2709,46.8,4100,480,360,0,53.3,5356
ILLUM_03839,-83.1613,-162.3029,58.7,5142,349,566,0,55.2,6718
ILLUM_03840,-84.6843,26.4599,15.6,1367,0,500,0,19.8,1785
ILLUM_03841,-89.6734,127.3068,8.8,771,0,393,0,15.2,1007
ILLUM_03842,-85.244,-92.906,20.5,1796,403,419,0,8.5,2346
ILLUM_03843,-85.9225,135.4652,38.1,3338,394,727,0,47.0,4361
ILLUM_03844,-88.3878,-173.1444,81.2,7113,1073,244,0,83.2,9294
ILLUM_03845,-83.4359,83.6837,51.5,4511,441,559,0,60.5,5894
ILLUM_03846,-80.2885,155.9208,67.7,5931,424,590,0,75.2,7749
ILLUM_03847,-84.3781,56.5912,15.9,1393,0,519,0,24.9,1820
ILLUM_03848,-82.8525,-21.9495,8.8,771,0,706,0,6.3,1007
ILLUM_03849,-89.3155,-163.8428,20.2,1770,556,734,0,20.0,2312
ILLUM_03850,-85.8233,151.241,30.0,2628,671,478,0,34.6,3434
ILLUM_03851,-88.8364,-10.6934,50.2,4398,503,747,0,50.2,5746
ILLUM_03852,-83.872,-169.5612,79.7,6982,1022,208,0,81.9,9122
ILLUM_03853,-80.6152,68.3356,41.3,3618,438,539,0,49.8,4727
ILLUM_03854,-83.3822,-6.5386,45.3,3968,474,436,0,48.1,5185
ILLUM_03855,-89.232,-135.2357,5.0,438,0,583,0,0.0,572
ILLUM_03856,-86.4533,-102.8621,5.0,438,0,726,0,0.0,572
ILLUM_03857,-84.4934,-156.7834,9.6,841,0,484,0,4.0,1099
ILLUM_03858,-85.9679,26.7457,65.5,5738,417,433,0,70.9,7497
ILLUM_03859,-81.6636,43.9306,43.2,3784,525,614,0,53.1,4944
ILLUM_03860,-81.8533,2.0672,18.2,1594,0,616,0,18.7,2083
ILLUM_03861,-83.8817,114.1568,55.5,4862,309,355,0,65.4,6352
ILLUM_03862,-86.2654,129.9632,49.5,4336,440,408,0,59.4,5666
ILLUM_03863,-87.4466,41.6248,9.0,788,0,459,0,15.1,1030
ILLUM_03864,-88.9413,-175.4077,56.3,4932,410,367,0,60.0,6444
ILLUM_03865,-86.451,70.2827,67.5,5913,560,732,0,82.3,7726
ILLUM_03866,-85.8683,-29.5203,25.2,2208,352,634,0,22.3,2884
ILLUM_03867,-83.2418,23.6007,65.0,5694,390,734,0,69.3,7440
ILLUM_03868,-83.4184,53.669,20.2,1770,549,723,0,27.0,2312
ILLUM_03869,-89.2989,-53.9148,67.4,5904,466,393,0,63.8,7714
ILLUM_03870,-86.0474,150.1555,87.3,7647,1807,52,0,91.6,9992
ILLUM_03871,-88.1822,-131.769,41.1,3600,527,672,0,34.5,4704
ILLUM_03872,-88.4319,61.7443,19.5,1708,0,387,0,32.0,2232
ILLUM_03873,-81.727,-178.4306,37.5,3285,534,586,0,37.6,4292
ILLUM_03874,-89.5808,152.8744,25.7,2251,402,450,0,28.3,2941
ILLUM_03875,-85.8082,-139.4985,5.0,438,0,518,0,0.0,572
ILLUM_03876,-88.318,-145.8417,62.1,5440,388,621,0,56.2,7108
ILLUM_03877,-81.2067,-60.1173,6.8,596,0,643,0,0.0,778
ILLUM_03878,-84.4296,-45.5161,19.5,1708,0,412,0,12.9,2232
ILLUM_03879,-87.6862,-102.852,65.3,5720,341,576,0,58.9,7474
ILLUM_03880,-84.9757,30.6438,63.9,5598,475,695,0,68.3,7314
ILLUM_03881,-82.6851,-20.5509,9.1,797,0,577,0,3.5,1042
ILLUM_03882,-80.4188,-167.6968,0.0,0,0,8760,1,0.0,0
ILLUM_03883,-87.7955,-64.9253,85.9,7525,1828,52,0,79.3,9832
ILLUM_03884,-81.1382,111.7558,8.3,727,0,492,0,16.4,950
ILLUM_03885,-80.657,68.2926,40.0,3504,687,573,0,48.8,4578
ILLUM_03886,-80.8358,80.9535,66.9,5860,516,614,0,79.2,7657
ILLUM_03887,-83.6459,71.3221,59.8,5238,327,649,0,72.9,6844
ILLUM_03888,-83.7018,-68.0497,24.1,2111,301,450,0,12.2,2758
ILLUM_03889,-85.9679,-144.121,15.3,1340,0,558,0,9.6,1751
ILLUM_03890,-82.476,-81.9118,72.2,6325,1318,161,0,64.6,8264
ILLUM_03891,-84.6871,119.4427,87.3,7647,1652,48,0,98.5,9992
ILLUM_03892,-83.2256,172.9695,0.0,0,0,8760,1,0.0,0
ILLUM_03893,-85.7154,-2.2151,85.9,7525,1761,78,0,91.1,9832
ILLUM_03894,-82.685,-176.5079,58.0,5081,572,389,0,56.9,6638
ILLUM_03895,-81.7553,-129.5839,85.4,7481,1539,39,0,80.6,9774
ILLUM_03896,-88.5356,-64.051,59.7,5230,542,412,0,56.6,6833
ILLUM_03897,-81.6707,28.2907,82.1,7192,1255,126,0,91.1,9397
ILLUM_03898,-84.597,-152.9663,16.9,1480,0,387,0,10.8,1934
ILLUM_03899,-81.5533,159.6086,75.2,6588,1424,170,0,81.0,8607
ILLUM_03900,-85.687,-48.5699,16.6,1454,0,464,0,11.2,1900
ILLUM_03901,-86.2096,148.5303,5.0,438,0,659,0,7.8,572
ILLUM_03902,-80.8494,100.9878,47.3,4143,343,400,0,59.0,5414
ILLUM_03903,-87.4883,91.9574,29.7,2602,631,466,0,40.2,3399
ILLUM_03904,-81.5579,38.419,5.0,438,0,573,0,10.3,572
ILLUM_03905,-85.1598,45.6422,89.0,7796,1519,70,0,98.5,10186
ILLUM_03906,-84.859,49.6812,60.5,5300,464,511,0,70.9,6925
ILLUM_03907,-86.9153,46.3397,81.9,7174,1003,189,0,92.9,9374
ILLUM_03908,-84.2696,19.3422,91.0,7972,1520,53,0,98.2,10415
ILLUM_03909,-86.7479,175.109,35.0,3066,550,738,0,38.1,4006
ILLUM_03910,-89.6073,83.6246,23.0,2015,498,686,0,34.1,2632
ILLUM_03911,-87.28,99.7007,15.8,1384,0,569,0,27.3,1808
ILLUM_03912,-89.9362,134.0866,48.0,4205,453,719,0,56.1,5494
ILLUM_03913,-80.2165,-102.3697,55.4,4853,483,410,0,47.8,6341
ILLUM_03914,-80.3425,-149.8305,42.3,3705,682,563,0,39.9,4841
ILLUM_03915,-86.0484,-6.158,32.0,2803,598,739,0,35.7,3663
ILLUM_03916,-82.7163,5.0691,0.0,0,0,8760,1,0.0,0
ILLUM_03917,-86.5419,118.5054,40.1,3513,364,381,0,50.8,4590
ILLUM_03918,-83.2891,-20.2379,9.8,858,0,721,0,4.6,1122
ILLUM_03919,-81.9457,25.5071,79.9,6999,1423,99,0,86.5,9145
ILLUM_03920,-80.5324,9.7455,5.0,438,0,397,0,6.1,572
ILLUM_03921,-85.9979,-166.247,35.4,3101,459,458,0,33.8,4052
ILLUM_03922,-82.167,41.4774,8.4,736,0,622,0,16.1,961
ILLUM_03923,-87.3407,118.0956,72.8,6377,1397,165,0,82.4,8332
ILLUM_03924,-80.0967,-123.2998,26.0,2278,575,487,0,21.4,2976
ILLUM_03925,-89.7423,33.9594,12.9,1130,0,556,0,16.3,1476
ILLUM_03926,-83.9647,33.6998,50.1,4389,344,399,0,56.0,5734
ILLUM_03927,-83.4049,-120.8934,84.3,7385,959,105,0,78.5,9649
ILLUM_03928,-83.1195,-135.5531,81.0,7096,1324,143,0,79.3,9271
ILLUM_03929,-88.7961,172.8187,20.2,1770,647,461,0,25.0,2312
ILLUM_03930,-80.6147,-38.2611,67.9,5948,435,517,0,62.2,7771
ILLUM_03931,-88.1882,-98.1282,5.0,438,0,480,0,0.0,572
ILLUM_03932,-83.7725,-118.3232,14.3,1253,0,571,0,3.7,1637
ILLUM_03933,-87.7732,60.3366,49.5,4336,317,684,0,56.1,5666
ILLUM_03934,-86.9278,39.4003,22.7,1989,661,696,0,28.1,2598
ILLUM_03935,-84.5354,51.6788,74.7,6544,1248,249,0,83.7,8550
ILLUM_03936,-85.8281,-148.3178,90.9,7963,1752,58,0,83.2,10404
ILLUM_03937,-88.3977,141.6725,5.0,438,0,377,0,6.6,572
ILLUM_03938,-88.2906,-39.8641,21.3,1866,618,709,0,15.7,2438
ILLUM_03939,-85.8186,-67.187,37.6,3294,420,514,0,32.5,4303
ILLUM_03940,-82.4272,-13.5499,53.3,4669,361,678,0,51.1,6100
ILLUM_03941,-81.0204,-39.5762,84.3,7385,1368,144,0,80.6,9649
ILLUM_03942,-89.1587,130.8877,81.3,7122,1435,239,0,92.3,9305
ILLUM_03943,-86.069,154.534,0.0,0,0,8760,1,0.0,0
ILLUM_03944,-88.9975,-70.7568,22.2,1945,428,669,0,15.0,2541
ILLUM_03945,-89.8341,131.0169,72.1,6316,1134,196,0,82.0,8252
ILLUM_03946,-83.3828,101.3483,15.9,1393,0,448,0,29.1,1820
ILLUM_03947,-83.9755,155.0908,86.6,7586,1560,31,0,95.9,9912
ILLUM_03948,-88.3698,-91.5299,5.0,438,0,515,0,0.0,572
ILLUM_03949,-87.6619,27.7053,51.5,4511,546,542,0,58.8,5894
ILLUM_03950,-89.7629,-81.1639,7.2,631,0,383,0,0.0,824
ILLUM_03951,-81.6505,116.674,33.6,2943,648,499,0,47.7,3846
ILLUM_03952,-80.2531,-178.0833,57.7,5055,464,443,0,60.0,6604
ILLUM_03953,-88.6454,23.3349,62.1,5440,478,528,0,69.5,7108
ILLUM_03954,-87.6852,-57.8868,74.2,6500,1012,242,0,66.2,8493
ILLUM_03955,-81.3159,-63.8339,53.1,4652,618,650,0,47.4,6078
ILLUM_03956,-80.7354,52.1663,25.3,2216,345,676,0,31.8,2896
ILLUM_03957,-85.8037,126.5344,85.7,7507,1769,72,0,92.5,9809
ILLUM_03958,-89.4938,39.3103,77.4,6780,1413,204,0,83.4,8859
ILLUM_03959,-89.6061,127.1423,12.8,1121,0,745,0,23.2,1465
ILLUM_03960,-84.2605,-84.745,77.5,6789,988,204,0,68.6,8870
ILLUM_03961,-86.071,7.0207,88.0,7709,1739,44,0,93.6,10072
ILLUM_03962,-89.7135,-17.8068,57.3,5019,513,632,0,57.5,6558
ILLUM_03963,-84.1675,-175.8078,24.6,2155,533,447,0,26.0,2816
ILLUM_03964,-89.887,20.4524,0.0,0,0,8760,1,0.0,0
ILLUM_03965,-82.1263,58.1488,29.9,2619,373,637,0,41.0,3422
ILLUM_03966,-86.9357,33.0892,62.6,5484,337,567,0,69.7,7165
ILLUM_03967,-89.5974,85.0608,52.9,4634,650,500,0,61.7,6055
ILLUM_03968,-84.1165,25.6822,83.8,7341,1009,135,0,92.6,9591
ILLUM_03969,-86.0232,-155.9699,53.9,4722,471,437,0,54.6,6169
ILLUM_03970,-80.262,-138.0796,18.5,1621,0,351,0,13.6,2117
ILLUM_03971,-84.558,34.7308,69.9,6123,536,411,0,74.6,8000
ILLUM_03972,-87.2476,-81.0075,0.0,0,0,8760,1,0.0,0
ILLUM_03973,-82.9056,-151.3278,0.0,0,0,8760,1,0.0,0
ILLUM_03974,-87.2851,-25.343,34.1,2987,647,469,0,32.9,3903
ILLUM_03975,-80.9576,19.5561,5.0,438,0,402,0,4.5,572
ILLUM_03976,-86.2528,-61.6514,89.8,7866,1531,58,0,83.3,10278
ILLUM_03977,-84.5013,79.3561,50.5,4424,674,397,0,60.4,5780
ILLUM_03978,-89.4943,51.7574,69.2,6062,510,556,0,81.3,7920
ILLUM_03979,-85.7388,-60.1854,23.7,2076,451,483,0,15.8,2713
ILLUM_03980,-81.6764,91.7541,70.9,6211,1086,141,0,80.9,8115
ILLUM_03981,-81.9435,53.5302,54.7,4792,406,744,0,61.9,6261
ILLUM_03982,-87.7568,49.4803,36.8,3224,458,458,0,47.9,4212
ILLUM_03983,-87.7392,19.234,89.6,7849,1521,66,0,95.5,10255
ILLUM_03984,-81.8269,-175.8997,45.1,3951,492,422,0,46.2,5162
ILLUM_03985,-80.696,70.7426,59.1,5177,464,406,0,71.9,6764
ILLUM_03986,-89.0464,-44.625,5.0,438,0,612,0,0.0,572
ILLUM_03987,-85.4994,159.3395,29.0,2540,587,657,0,32.2,3319
ILLUM_03988,-86.6255,114.4745,80.7,7069,1355,244,0,93.5,9236
ILLUM_03989,-81.2931,31.57,70.0,6132,589,404,0,77.3,8012
ILLUM_03990,-89.1648,-89.2145,50.6,4433,535,499,0,41.0,5791
ILLUM_03991,-87.8887,-106.6617,86.8,7604,1718,45,0,75.9,9935
ILLUM_03992,-82.4753,-57.4615,45.6,3995,417,354,0,37.8,5219
ILLUM_03993,-89.4871,-8.4355,53.8,4713,432,673,0,52.4,6158
ILLUM_03994,-85.0746,-73.4164,35.9,3145,457,709,0,26.7,4109
ILLUM_03995,-85.5789,5.3746,56.9,4984,406,481,0,59.8,6512
ILLUM_03996,-86.656,-120.4666,29.1,2549,472,520,0,21.7,3331
ILLUM_03997,-86.0543,171.9766,35.4,3101,445,714,0,38.0,4052
ILLUM_03998,-84.7006,-141.1472,85.1,7455,1564,44,0,85.5,9740
ILLUM_03999,-88.3863,155.4999,9.6,841,0,729,0,14.7,1099
ILLUM_04000,11.5193,148.8881,49.7,4354,559,749,0,0.0,5688
ILLUM_04001,48.8692,9.1298,49.3,4319,668,583,0,100.0,5643
ILLUM_04002,41.6257,80.9677,48.6,4257,345,433,0,100.0,5562
ILLUM_04003,-55.376,-23.0226,52.7,4617,679,535,0,100.0,6032
ILLUM_04004,-56.1201,46.8124,48.9,4284,686,638,0,100.0,5597
ILLUM_04005,-37.0921,-57.3927,49.8,4362,608,444,0,100.0,5700
ILLUM_04006,-22.228,-71.5828,47.1,4126,451,579,0,100.0,5391
ILLUM_04007,-14.6471,28.1627,51.6,4520,653,585,0,100.0,5906
ILLUM_04008,28.7516,-0.6733,50.0,4380,435,605,0,100.0,5723
ILLUM_04009,-70.9311,28.6331,51.8,4538,515,630,0,100.0,5929
ILLUM_04010,-74.4524,-76.8022,50.5,4424,433,642,0,100.0,5780
ILLUM_04011,-17.2943,-47.8952,50.2,4398,640,367,0,100.0,5746
ILLUM_04012,31.5462,-149.7967,51.3,4494,523,630,0,0.0,5872
ILLUM_04013,-49.0503,-161.1805,50.0,4380,530,725,0,0.0,5723
ILLUM_04014,22.6407,-88.7554,47.2,4135,641,748,0,0.0,5402
ILLUM_04015,-38.4275,-153.2711,50.4,4415,500,384,0,0.0,5769
ILLUM_04016,61.7738,-142.6411,51.7,4529,317,673,0,0.0,5917
ILLUM_04017,63.3104,112.6542,48.7,4266,503,474,0,0.0,5574
ILLUM_04018,-32.434,-166.0055,47.0,4117,433,605,0,0.0,5379
ILLUM_04019,-43.201,57.2194,48.9,4284,646,689,0,100.0,5597
ILLUM_04020,-14.1914,-81.8792,50.5,4424,407,361,0,100.0,5780
ILLUM_04021,-41.5149,133.7564,48.2,4222,666,443,0,0.0,5517
ILLUM_04022,27.5814,-5.4028,49.8,4362,300,710,0,100.0,5700
ILLUM_04023,52.1703,-69.9925,50.6,4433,314,499,0,100.0,5791
ILLUM_04024,27.6947,6.35,48.7,4266,441,408,0,100.0,5574
ILLUM_04025,51.8961,-42.4951,51.9,4546,376,562,0,100.0,5940
ILLUM_04026,-16.4813,23.1484,51.0,4468,640,410,0,100.0,5837
ILLUM_04027,-54.9893,-138.7682,48.5,4249,473,510,0,0.0,5551
ILLUM_04028,38.0722,178.9166,51.0,4468,410,740,0,0.0,5837
ILLUM_04029,-22.3241,-26.7999,48.8,4275,416,496,0,100.0,5585
ILLUM_04030,27.4033,-54.637,49.2,4310,340,497,0,100.0,5631
ILLUM_04031,-36.697,75.6755,50.1,4389,669,482,0,100.0,5734
ILLUM_04032,-67.0033,-48.9962,51.2,4485,305,571,0,100.0,5860
ILLUM_04033,78.8131,119.9787,49.9,4371,575,464,0,0.0,5711
ILLUM_04034,-55.0078,-16.4625,50.6,4433,367,612,0,100.0,5791
ILLUM_04035,78.1474,79.041,52.2,4573,595,524,0,100.0,5975
ILLUM_04036,76.3648,-141.3168,50.4,4415,403,558,0,0.0,5769
ILLUM_04037,47.0109,124.6029,49.1,4301,426,594,0,0.0,5620
ILLUM_04038,25.5077,84.8585,51.0,4468,373,447,0,100.0,5837
ILLUM_04039,12.4491,-103.782,49.2,4310,424,484,0,0.0,5631
ILLUM_04040,58.5762,-127.697,49.6,4345,624,559,0,0.0,5677
ILLUM_04041,-33.6897,-66.1348,50.8,4450,557,689,0,100.0,5814
ILLUM_04042,-5.171,171.3854,50.9,4459,650,413,0,0.0,5826
ILLUM_04043,19.1024,-87.5406,49.7,4354,599,671,0,0.0,5688
ILLUM_04044,-14.2095,-15.7942,49.5,4336,608,612,0,100.0,5666
ILLUM_04045,-11.6022,-169.1927,52.7,4617,511,440,0,0.0,6032
ILLUM_04046,-27.1545,-36.9981,47.0,4117,548,620,0,100.0,5379
ILLUM_04047,10.2771,25.6752,50.5,4424,305,688,0,100.0,5780
ILLUM_04048,56.0919,163.1249,50.0,4380,342,383,0,0.0,5723
ILLUM_04049,-47.7555,6.025,49.4,4327,552,671,0,100.0,5654
ILLUM_04050,69.5093,114.8786,50.4,4415,445,543,0,0.0,5769
ILLUM_04051,30.254,16.966,48.5,4249,585,616,0,100.0,5551
ILLUM_04052,51.7237,-165.3174,48.0,4205,498,547,0,0.0,5494
ILLUM_04053,8.9905,-66.597,51.6,4520,416,359,0,100.0,5906
ILLUM_04054,44.7227,27.1978,49.0,4292,480,560,0,100.0,5608
ILLUM_04055,-77.4079,162.2138,49.8,4362,491,552,0,0.0,5700
ILLUM_04056,50.9409,129.2869,47.0,4117,430,725,0,0.0,5379
ILLUM_04057,-73.5778,-97.792,47.4,4152,554,441,0,0.0,5425
ILLUM_04058,62.3861,-100.7605,50.4,4415,463,458,0,0.0,5769
ILLUM_04059,78.714,-107.5777,51.6,4520,633,361,0,0.0,5906
ILLUM_04060,-32.9492,152.0996,49.0,4292,450,470,0,0.0,5608
ILLUM_04061,-46.349,126.9598,52.4,4590,548,569,0,0.0,5997
ILLUM_04062,42.4581,98.958,51.9,4546,477,724,0,0.0,5940
ILLUM_04063,-39.5158,-38.6154,51.3,4494,413,354,0,100.0,5872
ILLUM_04064,58.49,1.5771,51.6,4520,315,624,0,100.0,5906
ILLUM_04065,-63.5452,-12.8406,52.0,4555,391,677,0,100.0,5952
ILLUM_04066,-59.8472,-88.7767,49.2,4310,457,585,0,0.0,5631
ILLUM_04067,76.6642,1.8101,49.3,4319,615,386,0,100.0,5643
ILLUM_04068,27.8142,-169.0212,51.0,4468,660,377,0,0.0,5837
ILLUM_04069,55.502,-132.5483,48.1,4214,488,649,0,0.0,5505
ILLUM_04070,-28.1073,139.1723,50.5,4424,541,520,0,0.0,5780
ILLUM_04071,28.2374,90.6047,50.7,4441,529,546,0,0.0,5803
ILLUM_04072,15.0787,-27.7674,51.0,4468,537,677,0,100.0,5837
ILLUM_04073,16.504,6.1741,50.9,4459,561,589,0,100.0,5826
ILLUM_04074,29.2052,-46.8004,48.1,4214,594,565,0,100.0,5505
ILLUM_04075,12.0575,86.6808,47.4,4152,304,469,0,0.0,5425
ILLUM_04076,-11.35,102.3074,50.1,4389,558,625,0,0.0,5734
ILLUM_04077,-35.8524,94.7827,53.0,4643,373,704,0,0.0,6066
ILLUM_04078,42.973,80.1402,48.6,4257,329,483,0,100.0,5562
ILLUM_04079,-43.7964,-106.3784,49.5,4336,635,674,0,0.0,5666
ILLUM_04080,30.7767,-58.3308,50.4,4415,566,722,0,100.0,5769
ILLUM_04081,-42.6667,-10.8556,49.2,4310,430,569,0,100.0,5631
ILLUM_04082,20.0528,-60.9145,51.0,4468,314,477,0,100.0,5837
ILLUM_04083,39.5325,91.7785,51.1,4476,353,617,0,0.0,5849
ILLUM_04084,-45.0058,-61.4327,52.3,4581,428,466,0,100.0,5986
ILLUM_04085,-70.4091,-130.2364,50.8,4450,312,748,0,0.0,5814
ILLUM_04086,-59.0442,-36.3454,49.5,4336,362,436,0,100.0,5666
ILLUM_04087,16.9595,172.7692,51.3,4494,667,412,0,0.0,5872
ILLUM_04088,55.9114,-98.6827,49.9,4371,611,722,0,0.0,5711
ILLUM_04089,-72.8005,40.3771,49.4,4327,594,356,0,100.0,5654
ILLUM_04090,37.4642,-24.1297,49.4,4327,657,606,0,100.0,5654
ILLUM_04091,-25.389,-154.4312,49.3,4319,366,677,0,0.0,5643
ILLUM_04092,-3.4355,-4.3644,51.6,4520,407,568,0,100.0,5906
ILLUM_04093,68.6175,72.7792,51.6,4520,389,499,0,100.0,5906
ILLUM_04094,-26.8846,4.7592,50.4,4415,694,657,0,100.0,5769
ILLUM_04095,-5.5461,133.9582,49.3,4319,375,700,0,0.0,5643
ILLUM_04096,-77.8108,-75.9827,50.3,4406,417,392,0,100.0,5757
ILLUM_04097,-66.9442,-148.9503,48.9,4284,385,644,0,0.0,5597
ILLUM_04098,-38.6253,157.1636,49.9,4371,577,552,0,0.0,5711
ILLUM_04099,-75.5436,-43.8493,47.7,4179,465,520,0,100.0,5459
ILLUM_04100,21.0201,27.506,49.8,4362,311,498,0,100.0,5700
ILLUM_04101,-11.7763,105.1211,51.3,4494,605,466,0,0.0,5872
ILLUM_04102,7.7032,-63.2471,49.2,4310,572,364,0,100.0,5631
ILLUM_04103,-52.0565,77.8192,51.5,4511,531,697,0,100.0,5894
ILLUM_04104,-32.6509,-131.2492,50.9,4459,459,515,0,0.0,5826
ILLUM_04105,26.2119,-75.1343,50.7,4441,472,728,0,100.0,5803
ILLUM_04106,74.4484,-127.9042,49.2,4310,494,628,0,0.0,5631
ILLUM_04107,-71.9333,112.043,48.6,4257,580,440,0,0.0,5562
ILLUM_04108,62.4615,-99.8463,51.5,4511,382,560,0,0.0,5894
ILLUM_04109,12.301,78.2653,48.2,4222,656,586,0,100.0,5517
ILLUM_04110,10.2271,159.5874,49.4,4327,413,685,0,0.0,5654
ILLUM_04111,0.0446,9.998,50.4,4415,401,553,0,100.0,5769
ILLUM_04112,-68.8969,14.4105,53.0,4643,404,656,0,100.0,6066
ILLUM_04113,-65.6197,-14.0279,51.1,4476,604,628,0,100.0,5849
ILLUM_04114,16.1459,-62.6795,49.0,4292,342,528,0,100.0,5608
ILLUM_04115,-25.4466,-8.7642,50.0,4380,538,719,0,100.0,5723
ILLUM_04116,66.7629,37.0107,49.6,4345,574,597,0,100.0,5677
ILLUM_04117,-14.9455,174.957,50.5,4424,635,395,0,0.0,5780
ILLUM_04118,-57.075,157.5952,51.5,4511,581,598,0,0.0,5894
ILLUM_04119,34.355,130.3751,49.1,4301,396,587,0,0.0,5620
ILLUM_04120,-33.0635,140.087,50.3,4406,314,595,0,0.0,5757
ILLUM_04121,4.0752,-11.5743,51.5,4511,608,443,0,100.0,5894
ILLUM_04122,31.6532,56.68,48.2,4222,528,666,0,100.0,5517
ILLUM_04123,64.0423,142.224,49.8,4362,319,749,0,0.0,5700
ILLUM_04124,46.7506,-38.5377,49.4,4327,432,719,0,100.0,5654
ILLUM_04125,28.2178,166.2345,50.0,4380,619,409,0,0.0,5723
ILLUM_04126,28.7413,-30.317,47.0,4117,579,518,0,100.0,5379
ILLUM_04127,71.3479,36.3898,48.9,4284,625,603,0,100.0,5597
ILLUM_04128,-32.6681,75.5297,47.0,4117,695,356,0,100.0,5379
ILLUM_04129,-79.8221,162.2131,48.4,4240,427,584,0,0.0,5540
ILLUM_04130,-36.4873,-91.9381,50.2,4398,559,675,0,0.0,5746
ILLUM_04131,-45.1374,88.6072,50.6,4433,411,625,0,0.0,5791
ILLUM_04132,25.8935,7.4936,49.4,4327,470,521,0,100.0,5654
ILLUM_04133,21.3939,-83.3194,47.0,4117,479,649,0,100.0,5379
ILLUM_04134,14.9538,99.5785,49.1,4301,496,489,0,0.0,5620
ILLUM_04135,-77.401,18.8,48.1,4214,696,408,0,100.0,5505
ILLUM_04136,36.6045,57.9506,49.6,4345,557,583,0,100.0,5677
ILLUM_04137,-28.2351,-63.7556,50.1,4389,663,511,0,100.0,5734
ILLUM_04138,26.409,-6.7414,47.6,4170,433,593,0,100.0,5448
ILLUM_04139,9.0525,42.2475,49.4,4327,392,649,0,100.0,5654
ILLUM_04140,-25.1631,-34.2321,47.0,4117,450,430,0,100.0,5379
ILLUM_04141,-58.4678,-108.5859,49.7,4354,629,645,0,0.0,5688
ILLUM_04142,-64.893,166.1906,49.7,4354,644,479,0,0.0,5688
ILLUM_04143,53.0429,4.1283,47.7,4179,463,538,0,100.0,5459
ILLUM_04144,66.9436,84.2113,47.8,4187,309,370,0,100.0,5471
ILLUM_04145,23.9661,-32.023,52.6,4608,690,489,0,100.0,6020
ILLUM_04146,-63.4505,-52.1526,50.5,4424,349,601,0,100.0,5780
ILLUM_04147,-15.6756,-33.4209,49.0,4292,576,427,0,100.0,5608
ILLUM_04148,36.6303,-32.6892,49.5,4336,385,572,0,100.0,5666
ILLUM_04149,44.7713,15.9048,48.2,4222,345,437,0,100.0,5517
ILLUM_04150,-61.085,15.6492,50.3,4406,300,489,0,100.0,5757
ILLUM_04151,-79.9951,-1.0246,49.8,4362,644,657,0,100.0,5700
ILLUM_04152,33.9419,-131.4771,51.1,4476,547,566,0,0.0,5849
ILLUM_04153,-22.9446,-1.4128,51.5,4511,352,577,0,100.0,5894
ILLUM_04154,-39.283,-119.1226,52.0,4555,412,363,0,0.0,5952
ILLUM_04155,-77.9364,-134.5911,51.3,4494,538,501,0,0.0,5872
ILLUM_04156,6.4479,155.7525,49.7,4354,313,503,0,0.0,5688
ILLUM_04157,56.1841,37.782,48.0,4205,594,545,0,100.0,5494
ILLUM_04158,73.2211,57.4164,49.6,4345,425,413,0,100.0,5677
ILLUM_04159,10.5192,-35.3543,49.9,4371,597,517,0,100.0,5711
ILLUM_04160,2.3138,147.2331,50.6,4433,580,506,0,0.0,5791
ILLUM_04161,-66.391,49.655,49.2,4310,552,495,0,100.0,5631
ILLUM_04162,7.8196,96.9012,48.2,4222,587,545,0,0.0,5517
ILLUM_04163,-19.2033,-47.3175,50.4,4415,310,664,0,100.0,5769
ILLUM_04164,17.1416,165.6043,53.0,4643,455,472,0,0.0,6066
ILLUM_04165,-17.8038,115.3661,52.1,4564,555,446,0,0.0,5963
ILLUM_04166,-41.5521,127.4214,51.8,4538,526,714,0,0.0,5929
ILLUM_04167,-64.8056,-118.0101,49.4,4327,580,415,0,0.0,5654
ILLUM_04168,-29.613,-82.4532,48.9,4284,351,720,0,100.0,5597
ILLUM_04169,-64.5368,-77.1744,51.1,4476,468,617,0,100.0,5849
ILLUM_04170,-51.6965,-82.4727,51.9,4546,478,627,0,100.0,5940
ILLUM_04171,77.9738,127.9469,49.6,4345,434,491,0,0.0,5677
ILLUM_04172,-8.9434,-168.5215,49.1,4301,341,614,0,0.0,5620
ILLUM_04173,5.0995,-152.604,49.2,4310,663,551,0,0.0,5631
ILLUM_04174,59.779,-81.3906,50.3,4406,410,612,0,100.0,5757
ILLUM_04175,79.291,-108.0457,49.9,4371,512,710,0,0.0,5711
ILLUM_04176,13.2343,-96.5305,50.0,4380,356,535,0,0.0,5723
ILLUM_04177,49.9958,107.2595,51.9,4546,310,625,0,0.0,5940
ILLUM_04178,-27.6894,22.7256,51.3,4494,625,428,0,100.0,5872
ILLUM_04179,-31.081,-177.9226,49.7,4354,622,719,0,0.0,5688
ILLUM_04180,-15.5674,-25.4438,50.0,4380,329,703,0,100.0,5723
ILLUM_04181,27.6012,-33.1614,51.5,4511,660,529,0,100.0,5894
ILLUM_04182,29.1507,-138.9797,50.8,4450,508,464,0,0.0,5814
ILLUM_04183,-29.5617,63.411,52.5,4599,322,565,0,100.0,6009
ILLUM_04184,-58.6864,72.755,51.0,4468,606,543,0,100.0,5837
ILLUM_04185,21.1834,79.5216,50.4,4415,525,369,0,100.0,5769
ILLUM_04186,-59.4679,82.2495,49.3,4319,640,746,0,100.0,5643
ILLUM_04187,12.5588,-179.981,47.6,4170,304,630,0,0.0,5448
ILLUM_04188,30.9475,163.4115,51.6,4520,605,470,0,0.0,5906
ILLUM_04189,32.0978,113.1152,51.6,4520,555,385,0,0.0,5906
ILLUM_04190,40.5555,145.4334,52.0,4555,471,352,0,0.0,5952
ILLUM_04191,59.6575,-174.3684,48.2,4222,675,396,0,0.0,5517
ILLUM_04192,-0.0066,156.1892,50.6,4433,314,489,0,0.0,5791
ILLUM_04193,36.8399,111.5239,49.0,4292,409,537,0,0.0,5608
ILLUM_04194,19.0676,121.3989,49.8,4362,301,574,0,0.0,5700
ILLUM_04195,-50.1376,-146.4165,47.7,4179,481,633,0,0.0,5459
ILLUM_04196,-75.8897,85.9601,49.0,4292,565,424,0,0.0,5608
ILLUM_04197,-34.4734,165.57,49.8,4362,511,430,0,0.0,5700
ILLUM_04198,-9.1146,64.277,50.6,4433,590,581,0,100.0,5791
ILLUM_04199,18.737,25.4021,51.1,4476,681,747,0,100.0,5849
ILLUM_04200,55.9935,160.4267,52.4,4590,340,380,0,0.0,5997
ILLUM_04201,-48.6007,-20.5426,49.8,4362,602,598,0,100.0,5700
ILLUM_04202,-59.912,35.7457,49.3,4319,425,546,0,100.0,5643
ILLUM_04203,74.1568,-8.5182,50.5,4424,545,460,0,100.0,5780
ILLUM_04204,-62.7129,155.8246,50.5,4424,640,543,0,0.0,5780
ILLUM_04205,-3.4414,-152.6095,48.3,4231,552,665,0,0.0,5528
ILLUM_04206,13.6902,0.4031,48.2,4222,421,708,0,100.0,5517
ILLUM_04207,6.6199,67.3029,53.0,4643,654,426,0,100.0,6066
ILLUM_04208,-66.2349,105.0864,50.4,4415,325,369,0,0.0,5769
ILLUM_04209,-70.8757,29.8867,51.2,4485,319,360,0,100.0,5860
ILLUM_04210,-63.1227,147.2104,50.9,4459,591,711,0,0.0,5826
ILLUM_04211,13.694,159.1169,50.7,4441,619,481,0,0.0,5803
ILLUM_04212,7.0952,-156.8451,51.9,4546,342,529,0,0.0,5940
ILLUM_04213,-42.6015,-35.1466,53.0,4643,467,396,0,100.0,6066
ILLUM_04214,22.0439,-171.5548,50.8,4450,317,471,0,0.0,5814
ILLUM_04215,51.2108,-61.41,50.2,4398,504,488,0,100.0,5746
ILLUM_04216,-73.3474,13.2726,51.5,4511,378,721,0,100.0,5894
ILLUM_04217,-0.2992,147.8862,49.7,4354,315,399,0,0.0,5688
ILLUM_04218,30.2897,124.7596,48.2,4222,558,566,0,0.0,5517
ILLUM_04219,-39.6301,-134.1001,51.0,4468,624,558,0,0.0,5837
ILLUM_04220,-30.7567,-146.5091,48.6,4257,402,402,0,0.0,5562
ILLUM_04221,18.1821,32.1362,48.8,4275,396,700,0,100.0,5585
ILLUM_04222,63.6696,11.5625,48.1,4214,401,491,0,100.0,5505
ILLUM_04223,49.5879,-84.104,47.0,4117,303,652,0,100.0,5379
ILLUM_04224,13.3008,143.8031,48.0,4205,470,367,0,0.0,5494
ILLUM_04225,36.8355,153.8519,50.2,4398,401,672,0,0.0,5746
ILLUM_04226,-21.6284,-35.0599,51.8,4538,607,458,0,100.0,5929
ILLUM_04227,22.5545,140.5089,49.2,4310,547,576,0,0.0,5631
ILLUM_04228,-5.4109,-41.7784,49.0,4292,607,602,0,100.0,5608
ILLUM_04229,-49.6102,85.2541,49.9,4371,416,452,0,0.0,5711
ILLUM_04230,32.2781,-8.6608,49.9,4371,621,444,0,100.0,5711
ILLUM_04231,9.0343,-135.8701,49.9,4371,382,536,0,0.0,5711
ILLUM_04232,-22.6205,154.0563,51.6,4520,362,693,0,0.0,5906
ILLUM_04233,65.8143,-16.5252,49.5,4336,478,399,0,100.0,5666
ILLUM_04234,-76.6505,84.4153,49.3,4319,491,538,0,100.0,5643
ILLUM_04235,-29.4763,-47.8174,50.0,4380,509,494,0,100.0,5723
ILLUM_04236,-70.899,-173.2029,51.0,4468,423,473,0,0.0,5837
ILLUM_04237,42.6444,-143.8091,53.0,4643,310,403,0,0.0,6066
ILLUM_04238,32.3372,-1.361,52.6,4608,462,696,0,100.0,6020
ILLUM_04239,-26.9836,68.3872,50.4,4415,694,614,0,100.0,5769
ILLUM_04240,28.1061,-59.4953,49.2,4310,365,509,0,100.0,5631
ILLUM_04241,-16.65,70.3758,49.9,4371,684,627,0,100.0,5711
ILLUM_04242,41.0006,71.5088,49.0,4292,332,645,0,100.0,5608
ILLUM_04243,-7.3306,73.4169,50.3,4406,376,683,0,100.0,5757
ILLUM_04244,-14.0352,-2.6921,50.5,4424,454,706,0,100.0,5780
ILLUM_04245,69.5568,149.359,50.9,4459,661,597,0,0.0,5826
ILLUM_04246,-39.8593,-3.8893,47.0,4117,520,657,0,100.0,5379
ILLUM_04247,-60.7284,-17.9045,48.7,4266,472,505,0,100.0,5574
ILLUM_04248,13.5269,-108.2229,52.2,4573,659,709,0,0.0,5975
ILLUM_04249,75.0915,-69.2442,48.3,4231,385,574,0,100.0,5528
ILLUM_04250,-19.5457,-164.7596,48.8,4275,658,653,0,0.0,5585
ILLUM_04251,-70.0741,48.0727,49.5,4336,383,371,0,100.0,5666
ILLUM_04252,-25.7112,-90.5271,52.1,4564,599,709,0,0.0,5963
ILLUM_04253,0.9491,-70.5041,51.0,4468,595,578,0,100.0,5837
ILLUM_04254,-54.0923,97.4932,49.6,4345,344,512,0,0.0,5677
ILLUM_04255,25.2964,-62.2004,49.3,4319,429,650,0,100.0,5643
ILLUM_04256,79.6399,-92.8095,49.0,4292,468,633,0,0.0,5608
ILLUM_04257,-7.7217,-119.1392,48.1,4214,316,416,0,0.0,5505
ILLUM_04258,-23.2434,98.949,48.8,4275,349,435,0,0.0,5585
ILLUM_04259,-15.8873,-133.3057,52.6,4608,667,387,0,0.0,6020
ILLUM_04260,-61.5766,-16.6486,52.2,4573,468,530,0,100.0,5975
ILLUM_04261,61.3238,2.4948,49.5,4336,688,452,0,100.0,5666
ILLUM_04262,-13.6279,67.4604,49.3,4319,645,436,0,100.0,5643
ILLUM_04263,-18.0361,47.9821,51.7,4529,568,355,0,100.0,5917
ILLUM_04264,25.5504,111.8594,49.1,4301,461,491,0,0.0,5620
ILLUM_04265,-9.2747,-163.8895,51.0,4468,610,385,0,0.0,5837
ILLUM_04266,23.7174,-73.2813,48.3,4231,649,656,0,100.0,5528
ILLUM_04267,-70.1686,-79.1517,50.3,4406,301,692,0,100.0,5757
ILLUM_04268,50.1957,-127.4339,49.3,4319,503,426,0,0.0,5643
ILLUM_04269,70.4806,-75.8958,50.7,4441,483,393,0,100.0,5803
ILLUM_04270,23.8025,-68.4845,51.9,4546,641,587,0,100.0,5940
ILLUM_04271,72.7305,7.8784,49.1,4301,657,394,0,100.0,5620
ILLUM_04272,-55.7708,58.9336,48.4,4240,568,720,0,100.0,5540
ILLUM_04273,-3.6134,-42.8038,49.6,4345,671,461,0,100.0,5677
ILLUM_04274,16.2891,79.0093,52.0,4555,644,611,0,100.0,5952
ILLUM_04275,13.0779,-58.9805,50.2,4398,402,459,0,100.0,5746
ILLUM_04276,-15.7661,-75.4979,49.9,4371,336,697,0,100.0,5711
ILLUM_04277,-25.9065,14.8277,51.7,4529,320,740,0,100.0,5917
ILLUM_04278,-59.7082,-171.4621,50.8,4450,573,560,0,0.0,5814
ILLUM_04279,-17.3212,-151.2759,53.0,4643,632,700,0,0.0,6066
ILLUM_04280,-53.9743,-29.531,48.4,4240,482,576,0,100.0,5540
ILLUM_04281,37.4985,159.4486,50.0,4380,388,698,0,0.0,5723
ILLUM_04282,-46.5871,79.7442,47.9,4196,507,396,0,100.0,5482
ILLUM_04283,-70.6296,-148.2744,48.4,4240,408,712,0,0.0,5540
ILLUM_04284,8.3786,124.6745,52.0,4555,549,371,0,0.0,5952
ILLUM_04285,15.2368,83.6283,48.6,4257,362,416,0,100.0,5562
ILLUM_04286,59.5061,39.9407,52.3,4581,520,590,0,100.0,5986
ILLUM_04287,12.3171,115.3055,48.3,4231,487,554,0,0.0,5528
ILLUM_04288,-24.7231,-34.5205,49.9,4371,473,453,0,100.0,5711
ILLUM_04289,48.4819,-100.2596,48.2,4222,315,362,0,0.0,5517
ILLUM_04290,6.4446,4.3284,51.0,4468,513,661,0,100.0,5837
ILLUM_04291,-67.3152,17.583,50.3,4406,471,426,0,100.0,5757
ILLUM_04292,10.5361,13.7975,51.9,4546,439,361,0,100.0,5940
ILLUM_04293,65.283,23.4266,51.3,4494,534,354,0,100.0,5872
ILLUM_04294,-16.59,161.5338,50.2,4398,619,554,0,0.0,5746
ILLUM_04295,-32.5879,144.8084,50.2,4398,455,476,0,0.0,5746
ILLUM_04296,-57.0449,135.2581,48.1,4214,583,681,0,0.0,5505
ILLUM_04297,-55.7687,108.5101,50.6,4433,386,679,0,0.0,5791
ILLUM_04298,-10.7566,159.6341,49.9,4371,402,602,0,0.0,5711
ILLUM_04299,15.3088,-144.5419,51.0,4468,393,364,0,0.0,5837
ILLUM_04300,-67.1015,-84.5556,51.1,4476,655,415,0,100.0,5849
ILLUM_04301,70.331,-1.7799,49.0,4292,697,643,0,100.0,5608
ILLUM_04302,40.8214,124.7524,48.9,4284,549,557,0,0.0,5597
ILLUM_04303,13.8598,1.8597,50.1,4389,458,574,0,100.0,5734
ILLUM_04304,52.5502,89.2925,49.6,4345,362,447,0,0.0,5677
ILLUM_04305,-67.1701,-129.9744,47.8,4187,375,404,0,0.0,5471
ILLUM_04306,-3.7058,-89.131,48.5,4249,666,566,0,0.0,5551
ILLUM_04307,20.8149,83.4394,51.6,4520,687,652,0,100.0,5906
ILLUM_04308,52.5845,-120.6958,50.7,4441,662,567,0,0.0,5803
ILLUM_04309,45.3551,-53.5119,50.0,4380,644,589,0,100.0,5723
ILLUM_04310,-35.6689,-84.6481,51.9,4546,663,453,0,100.0,5940
ILLUM_04311,70.5408,-54.0498,49.9,4371,575,619,0,100.0,5711
ILLUM_04312,-60.1047,74.9967,51.1,4476,323,492,0,100.0,5849
ILLUM_04313,60.0214,-47.575,49.9,4371,637,512,0,100.0,5711
ILLUM_04314,75.3504,19.8948,50.1,4389,593,508,0,100.0,5734
ILLUM_04315,-51.6554,-144.0245,53.0,4643,628,550,0,0.0,6066
ILLUM_04316,35.5306,109.8064,49.0,4292,624,612,0,0.0,5608
ILLUM_04317,-73.5543,-46.8401,50.8,4450,344,643,0,100.0,5814
ILLUM_04318,-15.1323,53.4723,50.8,4450,632,732,0,100.0,5814
ILLUM_04319,2.6053,81.1403,51.7,4529,628,734,0,100.0,5917
ILLUM_04320,12.9032,-104.5221,49.9,4371,493,564,0,0.0,5711
ILLUM_04321,69.75,138.483,53.0,4643,667,363,0,0.0,6066
ILLUM_04322,27.5601,41.8407,49.5,4336,563,630,0,100.0,5666
ILLUM_04323,-2.9955,-25.6589,49.3,4319,333,466,0,100.0,5643
ILLUM_04324,49.548,-114.3593,51.3,4494,437,741,0,0.0,5872
ILLUM_04325,72.0853,159.2283,51.8,4538,664,611,0,0.0,5929
ILLUM_04326,-76.4694,91.8246,48.1,4214,684,684,0,0.0,5505
ILLUM_04327,77.2034,-105.1112,48.8,4275,462,369,0,0.0,5585
ILLUM_04328,-66.2189,-58.4241,50.3,4406,660,430,0,100.0,5757
ILLUM_04329,50.3019,111.4827,50.9,4459,354,445,0,0.0,5826
ILLUM_04330,-35.1464,70.444,52.0,4555,325,536,0,100.0,5952
ILLUM_04331,-58.8513,95.6823,50.2,4398,367,483,0,0.0,5746
ILLUM_04332,-9.6231,-21.1676,51.7,4529,650,516,0,100.0,5917
ILLUM_04333,23.0331,77.9315,47.3,4143,432,487,0,100.0,5414
ILLUM_04334,-19.0477,-40.8623,48.2,4222,386,486,0,100.0,5517
ILLUM_04335,-71.2695,-103.9453,50.0,4380,378,578,0,0.0,5723
ILLUM_04336,15.9138,47.7637,51.6,4520,574,511,0,100.0,5906
ILLUM_04337,64.3845,171.365,49.5,4336,598,554,0,0.0,5666
ILLUM_04338,-18.6855,-68.1837,49.6,4345,338,660,0,100.0,5677
ILLUM_04339,-45.3868,-14.0509,50.6,4433,530,680,0,100.0,5791
ILLUM_04340,-9.1876,62.6405,49.7,4354,604,424,0,100.0,5688
ILLUM_04341,-72.262,14.9423,52.1,4564,613,699,0,100.0,5963
ILLUM_04342,51.278,123.634,50.1,4389,614,564,0,0.0,5734
ILLUM_04343,52.2145,94.2274,53.0,4643,506,538,0,0.0,6066
ILLUM_04344,14.0801,-159.013,50.2,4398,339,664,0,0.0,5746
ILLUM_04345,-23.5035,179.4316,49.4,4327,405,556,0,0.0,5654
ILLUM_04346,47.9653,90.8649,50.1,4389,570,715,0,0.0,5734
ILLUM_04347,8.7499,131.0052,51.6,4520,587,466,0,0.0,5906
ILLUM_04348,52.1492,54.4312,49.8,4362,357,616,0,100.0,5700
ILLUM_04349,21.0334,128.2626,47.0,4117,650,362,0,0.0,5379
ILLUM_04350,45.5049,-139.5421,49.3,4319,355,667,0,0.0,5643
ILLUM_04351,15.7701,-54.8144,47.0,4117,402,719,0,100.0,5379
ILLUM_04352,-13.7374,135.5115,50.8,4450,674,420,0,0.0,5814
ILLUM_04353,73.2713,-107.4041,48.3,4231,351,444,0,0.0,5528
ILLUM_04354,6.5782,-151.8328,50.1,4389,528,590,0,0.0,5734
ILLUM_04355,16.8143,103.7228,47.8,4187,507,712,0,0.0,5471
ILLUM_04356,-44.722,120.775,49.9,4371,583,371,0,0.0,5711
ILLUM_04357,20.1041,-121.4452,50.3,4406,395,387,0,0.0,5757
ILLUM_04358,11.4572,127.5646,49.3,4319,547,491,0,0.0,5643
ILLUM_04359,-50.4259,67.2364,49.9,4371,681,611,0,100.0,5711
ILLUM_04360,-70.4661,7.2298,47.5,4161,464,587,0,100.0,5437
ILLUM_04361,16.6975,118.8901,50.1,4389,489,380,0,0.0,5734
ILLUM_04362,42.1908,-29.0703,49.0,4292,304,730,0,100.0,5608
ILLUM_04363,3.7442,-110.1622,50.1,4389,471,400,0,0.0,5734
ILLUM_04364,-43.7164,-77.453,49.8,4362,605,736,0,100.0,5700
ILLUM_04365,26.6435,1.859,49.6,4345,428,369,0,100.0,5677
ILLUM_04366,-67.1831,11.2791,49.3,4319,543,484,0,100.0,5643
ILLUM_04367,-9.3066,110.0091,50.4,4415,535,663,0,0.0,5769
ILLUM_04368,-53.8613,104.887,52.5,4599,556,591,0,0.0,6009
ILLUM_04369,-50.4866,29.292,49.8,4362,442,466,0,100.0,5700
ILLUM_04370,-47.633,101.0828,50.8,4450,501,504,0,0.0,5814
ILLUM_04371,-18.1269,-110.9616,52.3,4581,300,362,0,0.0,5986
ILLUM_04372,-71.816,-161.9768,50.6,4433,607,354,0,0.0,5791
ILLUM_04373,-16.353,134.5082,51.1,4476,533,414,0,0.0,5849
ILLUM_04374,1.8732,-152.8004,48.7,4266,656,494,0,0.0,5574
ILLUM_04375,-2.6729,-91.1922,50.5,4424,340,514,0,0.0,5780
ILLUM_04376,-18.7545,70.3148,50.5,4424,618,749,0,100.0,5780
ILLUM_04377,54.2635,-32.5987,52.7,4617,576,495,0,100.0,6032
ILLUM_04378,-56.7477,135.473,48.1,4214,538,697,0,0.0,5505
ILLUM_04379,0.9115,-72.7273,53.0,4643,518,608,0,100.0,6066
ILLUM_04380,-70.0734,-175.7263,51.7,4529,670,594,0,0.0,5917
ILLUM_04381,-68.6151,-71.764,51.4,4503,351,477,0,100.0,5883
ILLUM_04382,11.8185,28.107,48.3,4231,498,571,0,100.0,5528
ILLUM_04383,10.5629,-44.6622,48.6,4257,591,573,0,100.0,5562
ILLUM_04384,60.4854,12.5542,50.9,4459,579,427,0,100.0,5826
ILLUM_04385,9.2598,135.5753,47.0,4117,398,366,0,0.0,5379
ILLUM_04386,73.5666,148.4946,47.7,4179,367,432,0,0.0,5459
ILLUM_04387,-72.2088,-84.2493,51.2,4485,548,666,0,100.0,5860
ILLUM_04388,-64.3188,-13.6294,51.8,4538,557,524,0,100.0,5929
ILLUM_04389,-72.9495,17.6918,53.0,4643,654,677,0,100.0,6066
ILLUM_04390,-50.3557,161.6805,49.5,4336,637,417,0,0.0,5666
ILLUM_04391,6.6032,179.5022,48.7,4266,390,698,0,0.0,5574
ILLUM_04392,23.2915,-95.2534,48.8,4275,612,661,0,0.0,5585
ILLUM_04393,-72.7064,81.7128,50.7,4441,618,732,0,100.0,5803
ILLUM_04394,71.3553,-43.9088,49.7,4354,403,680,0,100.0,5688
ILLUM_04395,54.7465,-177.081,48.0,4205,626,681,0,0.0,5494
ILLUM_04396,-32.542,-176.6691,50.8,4450,553,491,0,0.0,5814
ILLUM_04397,-67.65,-14.1962,48.5,4249,596,676,0,100.0,5551
ILLUM_04398,-52.8181,-4.1994,51.1,4476,650,416,0,100.0,5849
ILLUM_04399,-59.6889,-171.8749,51.1,4476,547,573,0,0.0,5849
ILLUM_04400,-60.2746,67.2939,49.6,4345,404,488,0,100.0,5677
ILLUM_04401,2.9699,-74.1588,50.4,4415,525,607,0,100.0,5769
ILLUM_04402,-40.6644,21.5615,49.6,4345,562,622,0,100.0,5677
ILLUM_04403,-22.6976,-71.6691,49.9,4371,356,519,0,100.0,5711
ILLUM_04404,78.3209,-119.8316,48.1,4214,472,663,0,0.0,5505
ILLUM_04405,29.4903,-33.4175,47.0,4117,425,474,0,100.0,5379
ILLUM_04406,71.8369,-96.3816,49.8,4362,392,628,0,0.0,5700
ILLUM_04407,-57.191,12.5284,48.5,4249,420,382,0,100.0,5551
ILLUM_04408,-18.8577,-108.4217,48.7,4266,691,563,0,0.0,5574
ILLUM_04409,8.7571,3.0262,48.6,4257,524,650,0,100.0,5562
ILLUM_04410,-67.7187,-123.3437,51.4,4503,302,427,0,0.0,5883
ILLUM_04411,-79.33,61.5509,51.6,4520,403,654,0,100.0,5906
ILLUM_04412,27.2695,91.4176,50.5,4424,459,455,0,0.0,5780
ILLUM_04413,22.6911,-140.2581,49.5,4336,510,369,0,0.0,5666
ILLUM_04414,-14.2738,-11.5911,50.5,4424,623,460,0,100.0,5780
ILLUM_04415,-1.6569,-154.4862,51.6,4520,693,530,0,0.0,5906
ILLUM_04416,-13.5291,35.3457,52.5,4599,573,494,0,100.0,6009
ILLUM_04417,-76.1592,-84.8145,48.9,4284,638,714,0,100.0,5597
ILLUM_04418,-26.3405,9.9448,47.7,4179,480,485,0,100.0,5459
ILLUM_04419,-51.6668,6.286,50.5,4424,375,612,0,100.0,5780
ILLUM_04420,-64.2521,152.7676,47.3,4143,694,590,0,0.0,5414
ILLUM_04421,73.0753,17.67,50.4,4415,459,514,0,100.0,5769
ILLUM_04422,15.8976,29.8795,50.3,4406,305,654,0,100.0,5757
ILLUM_04423,36.585,-35.4049,49.8,4362,465,379,0,100.0,5700
ILLUM_04424,-29.5418,161.6687,52.7,4617,610,657,0,0.0,6032
ILLUM_04425,-17.0965,99.7869,50.1,4389,581,659,0,0.0,5734
ILLUM_04426,-42.0922,-77.2541,50.8,4450,499,401,0,100.0,5814
ILLUM_04427,-64.4855,123.9155,51.7,4529,373,434,0,0.0,5917
ILLUM_04428,-51.3549,-24.3373,49.9,4371,513,712,0,100.0,5711
ILLUM_04429,47.6022,118.3202,49.4,4327,525,519,0,0.0,5654
ILLUM_04430,28.4073,116.2397,49.5,4336,408,504,0,0.0,5666
ILLUM_04431,7.5086,-112.0067,50.6,4433,414,608,0,0.0,5791
ILLUM_04432,-3.9856,72.4108,50.5,4424,555,700,0,100.0,5780
ILLUM_04433,67.5895,-75.3685,52.6,4608,385,365,0,100.0,6020
ILLUM_04434,-68.3624,-72.9026,49.0,4292,305,554,0,100.0,5608
ILLUM_04435,-35.1039,-73.3147,49.6,4345,591,420,0,100.0,5677
ILLUM_04436,-24.0099,81.2046,51.4,4503,426,592,0,100.0,5883
ILLUM_04437,45.1881,-97.2626,51.0,4468,566,466,0,0.0,5837
ILLUM_04438,78.8023,-179.6739,49.9,4371,637,447,0,0.0,5711
ILLUM_04439,-41.4927,77.4853,49.7,4354,675,391,0,100.0,5688
ILLUM_04440,59.8892,-118.3735,49.2,4310,333,471,0,0.0,5631
ILLUM_04441,52.8996,-142.3863,48.6,4257,558,573,0,0.0,5562
ILLUM_04442,-44.0548,-94.4942,50.0,4380,540,458,0,0.0,5723
ILLUM_04443,-16.1068,-43.2358,50.9,4459,404,638,0,100.0,5826
ILLUM_04444,-14.4523,-8.6737,50.6,4433,414,378,0,100.0,5791
ILLUM_04445,76.5153,-163.9548,49.9,4371,657,463,0,0.0,5711
ILLUM_04446,-51.0573,169.4064,50.5,4424,547,700,0,0.0,5780
ILLUM_04447,47.8653,77.7827,48.6,4257,591,696,0,100.0,5562
ILLUM_04448,-26.5292,-63.6501,50.9,4459,508,708,0,100.0,5826
ILLUM_04449,36.9393,-65.269,47.9,4196,393,667,0,100.0,5482
ILLUM_04450,-12.7982,-18.5247,50.4,4415,329,580,0,100.0,5769
ILLUM_04451,12.5376,45.4481,50.9,4459,361,543,0,100.0,5826
ILLUM_04452,53.2179,-127.3057,50.2,4398,542,357,0,0.0,5746
ILLUM_04453,48.6665,-111.9853,50.0,4380,480,392,0,0.0,5723
ILLUM_04454,58.6277,129.3964,48.4,4240,406,462,0,0.0,5540
ILLUM_04455,-70.4612,-87.7482,49.9,4371,349,617,0,0.0,5711
ILLUM_04456,30.7281,-43.1298,53.0,4643,522,689,0,100.0,6066
ILLUM_04457,-57.602,133.6579,49.9,4371,459,389,0,0.0,5711
ILLUM_04458,-13.469,58.7332,49.6,4345,419,354,0,100.0,5677
ILLUM_04459,7.7741,-56.9837,47.6,4170,667,662,0,100.0,5448
ILLUM_04460,-15.5617,66.1318,50.5,4424,638,459,0,100.0,5780
ILLUM_04461,3.1379,-172.914,50.7,4441,564,715,0,0.0,5803
ILLUM_04462,79.4442,84.8314,49.3,4319,668,606,0,100.0,5643
ILLUM_04463,-58.3652,-4.6742,49.6,4345,571,510,0,100.0,5677
ILLUM_04464,28.073,112.7456,48.0,4205,649,537,0,0.0,5494
ILLUM_04465,-16.6398,163.6696,50.2,4398,591,422,0,0.0,5746
ILLUM_04466,-58.7184,153.2839,50.7,4441,566,580,0,0.0,5803
ILLUM_04467,-54.6021,147.3354,47.0,4117,378,710,0,0.0,5379
ILLUM_04468,71.8837,4.3812,49.9,4371,532,383,0,100.0,5711
ILLUM_04469,60.7362,-50.3488,52.6,4608,490,421,0,100.0,6020
ILLUM_04470,65.1267,-12.5873,50.2,4398,384,638,0,100.0,5746
ILLUM_04471,78.6452,68.3626,50.7,4441,423,405,0,100.0,5803
ILLUM_04472,-46.6695,138.2392,51.6,4520,373,425,0,0.0,5906
ILLUM_04473,-23.1297,-105.4849,50.9,4459,516,705,0,0.0,5826
ILLUM_04474,27.075,150.5495,49.5,4336,651,432,0,0.0,5666
ILLUM_04475,-2.5916,113.4649,47.6,4170,588,580,0,0.0,5448
ILLUM_04476,-13.0577,172.3882,53.0,4643,348,498,0,0.0,6066
ILLUM_04477,-22.7502,136.8906,51.1,4476,478,545,0,0.0,5849
ILLUM_04478,15.0049,-79.2226,51.3,4494,477,737,0,100.0,5872
ILLUM_04479,12.0949,-141.8559,51.6,4520,323,585,0,0.0,5906
ILLUM_04480,-54.1667,-139.5932,51.7,4529,576,526,0,0.0,5917
ILLUM_04481,-4.5216,-75.1596,51.2,4485,380,360,0,100.0,5860
ILLUM_04482,8.5555,41.1061,50.0,4380,446,472,0,100.0,5723
ILLUM_04483,11.2459,109.5553,49.5,4336,494,567,0,0.0,5666
ILLUM_04484,-46.3828,143.7301,51.1,4476,365,482,0,0.0,5849
ILLUM_04485,38.7634,44.5512,50.2,4398,363,409,0,100.0,5746
ILLUM_04486,-75.9681,-177.9727,50.2,4398,664,507,0,0.0,5746
ILLUM_04487,-23.2269,-112.926,51.5,4511,331,415,0,0.0,5894
ILLUM_04488,44.834,-144.0986,53.0,4643,405,710,0,0.0,6066
ILLUM_04489,10.2229,-49.2032,48.6,4257,452,493,0,100.0,5562
ILLUM_04490,-38.214,0.4864,50.7,4441,686,559,0,100.0,5803
ILLUM_04491,31.1925,-164.377,48.5,4249,661,681,0,0.0,5551
ILLUM_04492,10.7826,-54.5479,50.3,4406,606,439,0,100.0,5757
ILLUM_04493,47.399,-115.4953,47.5,4161,306,361,0,0.0,5437
ILLUM_04494,37.604,52.9453,49.0,4292,412,375,0,100.0,5608
ILLUM_04495,17.6173,-12.8619,50.0,4380,488,673,0,100.0,5723
ILLUM_04496,-1.8916,-1.6856,51.6,4520,580,600,0,100.0,5906
ILLUM_04497,-58.6909,-26.031,47.8,4187,642,591,0,100.0,5471
ILLUM_04498,-38.1867,164.1671,50.7,4441,553,376,0,0.0,5803
ILLUM_04499,-12.9441,-102.6954,49.9,4371,391,402,0,0.0,5711
ILLUM_04500,15.8879,5.9991,52.2,4573,503,692,0,100.0,5975
ILLUM_04501,2.1933,84.9663,49.4,4327,307,434,0,100.0,5654
ILLUM_04502,-33.8905,20.464,50.7,4441,541,525,0,100.0,5803
ILLUM_04503,-78.9657,154.4475,49.8,4362,526,642,0,0.0,5700
ILLUM_04504,-0.6017,-43.9314,48.5,4249,580,394,0,100.0,5551
ILLUM_04505,-34.2998,-13.0767,49.1,4301,521,552,0,100.0,5620
ILLUM_04506,37.5373,-148.132,48.9,4284,527,480,0,0.0,5597
ILLUM_04507,-76.1686,39.2397,47.4,4152,352,739,0,100.0,5425
ILLUM_04508,13.5724,-76.2437,52.3,4581,580,739,0,100.0,5986
ILLUM_04509,70.6359,-122.2887,49.5,4336,325,426,0,0.0,5666
ILLUM_04510,-52.0945,16.0313,50.7,4441,307,506,0,100.0,5803
ILLUM_04511,-4.5361,11.6317,48.3,4231,496,510,0,100.0,5528
ILLUM_04512,-65.3725,-152.6862,50.1,4389,685,366,0,0.0,5734
ILLUM_04513,20.1091,71.3576,50.8,4450,446,616,0,100.0,5814
ILLUM_04514,8.0851,44.558,50.1,4389,503,472,0,100.0,5734
ILLUM_04515,-14.8215,-111.9538,48.8,4275,523,671,0,0.0,5585
ILLUM_04516,3.4203,-11.0034,51.2,4485,497,639,0,100.0,5860
ILLUM_04517,63.4519,79.3162,47.0,4117,546,572,0,100.0,5379
ILLUM_04518,-48.5929,10.5969,47.6,4170,563,749,0,100.0,5448
ILLUM_04519,-76.3897,-37.6239,49.8,4362,486,585,0,100.0,5700
ILLUM_04520,57.8664,-63.9582,47.0,4117,432,473,0,100.0,5379
ILLUM_04521,12.3387,39.7418,48.8,4275,632,642,0,100.0,5585
ILLUM_04522,62.5054,158.0791,49.3,4319,458,499,0,0.0,5643
ILLUM_04523,15.5112,61.8281,52.3,4581,696,384,0,100.0,5986
ILLUM_04524,49.6258,-153.0915,49.0,4292,417,740,0,0.0,5608
ILLUM_04525,-11.2523,-14.1534,49.2,4310,684,655,0,100.0,5631
ILLUM_04526,39.9776,140.6967,47.2,4135,345,722,0,0.0,5402
ILLUM_04527,66.0866,-145.9935,50.1,4389,431,364,0,0.0,5734
ILLUM_04528,11.5397,175.9953,50.0,4380,673,737,0,0.0,5723
ILLUM_04529,-51.0744,161.665,48.4,4240,648,693,0,0.0,5540
ILLUM_04530,-36.9924,-151.8212,51.4,4503,331,618,0,0.0,5883
ILLUM_04531,-48.2169,156.0288,51.3,4494,396,378,0,0.0,5872
ILLUM_04532,-40.5029,-49.2723,49.2,4310,683,655,0,100.0,5631
ILLUM_04533,-30.9735,124.0953,47.1,4126,377,365,0,0.0,5391
ILLUM_04534,8.8214,-29.382,48.4,4240,638,350,0,100.0,5540
ILLUM_04535,14.0787,-21.2922,52.3,4581,670,383,0,100.0,5986
ILLUM_04536,-11.76,48.3275,50.2,4398,686,703,0,100.0,5746
ILLUM_04537,18.4673,98.8119,48.9,4284,607,453,0,0.0,5597
ILLUM_04538,-66.948,-167.8359,52.0,4555,566,638,0,0.0,5952
ILLUM_04539,-65.9539,33.5362,49.7,4354,564,492,0,100.0,5688
ILLUM_04540,-52.5073,-112.7761,50.0,4380,484,535,0,0.0,5723
ILLUM_04541,2.8924,-55.4582,53.0,4643,483,686,0,100.0,6066
ILLUM_04542,-45.7609,-54.7313,51.4,4503,681,640,0,100.0,5883
ILLUM_04543,-34.6745,-11.1383,49.6,4345,350,530,0,100.0,5677
ILLUM_04544,-15.9499,-59.7109,50.6,4433,519,725,0,100.0,5791
ILLUM_04545,49.8986,-141.35,50.8,4450,301,553,0,0.0,5814
ILLUM_04546,-77.7821,-127.5737,51.2,4485,376,407,0,0.0,5860
ILLUM_04547,23.9006,-167.9623,48.4,4240,662,426,0,0.0,5540
ILLUM_04548,27.0202,-10.7103,52.4,4590,698,498,0,100.0,5997
ILLUM_04549,47.7849,163.6012,52.1,4564,624,388,0,0.0,5963
ILLUM_04550,69.2405,-138.3569,48.6,4257,338,350,0,0.0,5562
ILLUM_04551,-76.7779,160.6552,50.0,4380,333,398,0,0.0,5723
ILLUM_04552,-55.3946,84.0101,50.1,4389,529,682,0,100.0,5734
ILLUM_04553,61.7874,49.4996,50.2,4398,470,648,0,100.0,5746
ILLUM_04554,-6.637,52.3,51.2,4485,550,718,0,100.0,5860
ILLUM_04555,10.3345,117.622,49.5,4336,365,693,0,0.0,5666
ILLUM_04556,26.0844,-141.5088,50.6,4433,652,437,0,0.0,5791
ILLUM_04557,28.6507,1.7116,50.9,4459,682,682,0,100.0,5826
ILLUM_04558,69.0785,70.9528,50.7,4441,326,705,0,100.0,5803
ILLUM_04559,79.5119,31.2554,50.7,4441,366,738,0,100.0,5803
ILLUM_04560,35.2252,119.8005,50.8,4450,489,683,0,0.0,5814
ILLUM_04561,-34.0446,-153.9822,50.3,4406,619,419,0,0.0,5757
ILLUM_04562,60.7604,68.6524,47.1,4126,685,735,0,100.0,5391
ILLUM_04563,-72.1247,12.25,48.5,4249,542,714,0,100.0,5551
ILLUM_04564,-43.0271,-43.5021,48.1,4214,417,596,0,100.0,5505
ILLUM_04565,63.5817,-57.501,48.4,4240,468,673,0,100.0,5540
ILLUM_04566,-39.0094,43.4997,48.5,4249,669,412,0,100.0,5551
ILLUM_04567,-44.6958,140.7583,51.6,4520,386,429,0,0.0,5906
ILLUM_04568,-57.9,-1.3767,52.0,4555,396,705,0,100.0,5952
ILLUM_04569,57.4579,116.9003,51.0,4468,569,589,0,0.0,5837
ILLUM_04570,0.0093,-35.2237,48.5,4249,360,434,0,100.0,5551
ILLUM_04571,27.9829,-143.138,48.6,4257,349,430,0,0.0,5562
ILLUM_04572,-41.7494,-157.8579,49.0,4292,312,416,0,0.0,5608
ILLUM_04573,41.2865,-161.5196,48.9,4284,495,437,0,0.0,5597
ILLUM_04574,41.6009,-43.1459,52.0,4555,669,688,0,100.0,5952
ILLUM_04575,-29.9843,-58.5944,48.0,4205,574,447,0,100.0,5494
ILLUM_04576,-14.2908,78.4573,50.5,4424,515,608,0,100.0,5780
ILLUM_04577,-46.4496,87.4157,48.1,4214,591,516,0,0.0,5505
ILLUM_04578,76.2498,-161.6926,50.7,4441,625,616,0,0.0,5803
ILLUM_04579,23.2964,-100.3956,49.4,4327,567,573,0,0.0,5654
ILLUM_04580,69.527,-81.2657,48.3,4231,628,716,0,100.0,5528
ILLUM_04581,-31.4583,17.1403,49.2,4310,312,635,0,100.0,5631
ILLUM_04582,45.1025,-127.9745,50.8,4450,323,655,0,0.0,5814
ILLUM_04583,42.5374,-131.7812,47.6,4170,473,416,0,0.0,5448
ILLUM_04584,30.6649,159.764,49.1,4301,570,525,0,0.0,5620
ILLUM_04585,74.5022,109.513,49.7,4354,669,453,0,0.0,5688
ILLUM_04586,-17.0311,-114.9642,47.9,4196,393,645,0,0.0,5482
ILLUM_04587,-59.0852,-33.6356,48.6,4257,395,577,0,100.0,5562
ILLUM_04588,27.4734,-51.9761,52.2,4573,334,621,0,100.0,5975
ILLUM_04589,36.6896,104.7615,48.0,4205,541,509,0,0.0,5494
ILLUM_04590,12.0097,3.6766,49.2,4310,506,705,0,100.0,5631
ILLUM_04591,-46.9091,-133.9741,50.7,4441,449,539,0,0.0,5803
ILLUM_04592,0.713,86.0371,49.9,4371,580,579,0,0.0,5711
ILLUM_04593,-30.0496,-37.1203,49.1,4301,579,563,0,100.0,5620
ILLUM_04594,-11.6054,-85.3473,51.2,4485,689,451,0,0.0,5860
ILLUM_04595,23.235,-44.8205,47.0,4117,463,389,0,100.0,5379
ILLUM_04596,39.2344,-0.8076,51.0,4468,693,555,0,100.0,5837
ILLUM_04597,-42.844,-56.4784,48.6,4257,567,548,0,100.0,5562
ILLUM_04598,-15.1479,-92.9139,47.0,4117,624,671,0,0.0,5379
ILLUM_04599,-36.9341,-36.5393,53.0,4643,336,709,0,100.0,6066
ILLUM_04600,-48.2189,-173.0978,50.1,4389,317,744,0,0.0,5734
ILLUM_04601,45.342,98.0992,51.2,4485,410,739,0,0.0,5860
ILLUM_04602,65.4804,-118.4598,51.6,4520,524,486,0,0.0,5906
ILLUM_04603,-20.7629,-164.1943,48.6,4257,596,502,0,0.0,5562
ILLUM_04604,40.2046,55.3315,49.6,4345,567,482,0,100.0,5677
ILLUM_04605,63.5192,98.617,49.9,4371,652,354,0,0.0,5711
ILLUM_04606,55.3799,112.9785,48.9,4284,496,659,0,0.0,5597
ILLUM_04607,-50.7499,-2.3367,51.8,4538,628,617,0,100.0,5929
ILLUM_04608,73.0067,-106.0675,52.0,4555,396,567,0,0.0,5952
ILLUM_04609,-19.7318,85.402,49.8,4362,457,739,0,0.0,5700
ILLUM_04610,-25.7215,71.8967,50.7,4441,316,594,0,100.0,5803
ILLUM_04611,-70.011,-91.3425,51.3,4494,334,551,0,0.0,5872
ILLUM_04612,-2.2122,145.2268,50.4,4415,635,696,0,0.0,5769
ILLUM_04613,-62.5578,-142.4263,49.1,4301,615,709,0,0.0,5620
ILLUM_04614,-40.2336,173.7678,47.0,4117,681,436,0,0.0,5379
ILLUM_04615,-29.2892,129.6892,50.1,4389,685,462,0,0.0,5734
ILLUM_04616,49.4122,67.6435,51.2,4485,497,643,0,100.0,5860
ILLUM_04617,60.0782,157.95,48.6,4257,416,514,0,0.0,5562
ILLUM_04618,-31.6054,80.032,50.3,4406,538,583,0,100.0,5757
ILLUM_04619,57.3917,-111.4355,50.7,4441,310,502,0,0.0,5803
ILLUM_04620,57.1569,-20.8238,50.7,4441,628,409,0,100.0,5803
ILLUM_04621,42.3442,-154.2589,50.2,4398,326,747,0,0.0,5746
ILLUM_04622,-56.5288,-39.7233,48.5,4249,569,416,0,100.0,5551
ILLUM_04623,30.4517,86.9771,51.8,4538,398,465,0,0.0,5929
ILLUM_04624,71.2039,-40.8804,49.9,4371,425,417,0,100.0,5711
ILLUM_04625,29.2065,-61.0941,49.2,4310,511,513,0,100.0,5631
ILLUM_04626,-26.9413,34.3281,47.5,4161,421,630,0,100.0,5437
ILLUM_04627,0.0927,133.9936,50.6,4433,651,357,0,0.0,5791
ILLUM_04628,23.316,-162.8701,53.0,4643,667,630,0,0.0,6066
ILLUM_04629,1.6913,-41.2306,49.6,4345,691,379,0,100.0,5677
ILLUM_04630,-60.8075,-123.0333,49.3,4319,374,464,0,0.0,5643
ILLUM_04631,-30.0698,70.3275,50.0,4380,304,684,0,100.0,5723
ILLUM_04632,48.3834,-141.9392,49.9,4371,457,537,0,0.0,5711
ILLUM_04633,57.8269,59.3308,49.4,4327,535,650,0,100.0,5654
ILLUM_04634,-58.032,-76.9749,53.0,4643,502,578,0,100.0,6066
ILLUM_04635,72.3819,-108.3899,50.1,4389,507,396,0,0.0,5734
ILLUM_04636,-27.3884,157.0869,48.0,4205,580,527,0,0.0,5494
ILLUM_04637,25.9702,-173.3312,48.2,4222,661,687,0,0.0,5517
ILLUM_04638,40.292,-22.4002,51.7,4529,580,391,0,100.0,5917
ILLUM_04639,49.9114,-172.2143,50.4,4415,630,527,0,0.0,5769
ILLUM_04640,71.32,-5.9065,49.5,4336,361,612,0,100.0,5666
ILLUM_04641,-29.9329,0.3771,49.3,4319,620,353,0,100.0,5643
ILLUM_04642,57.361,-64.2015,51.0,4468,524,659,0,100.0,5837
ILLUM_04643,-58.9301,-132.4218,48.8,4275,556,454,0,0.0,5585
ILLUM_04644,32.8065,-44.5005,49.8,4362,675,522,0,100.0,5700
ILLUM_04645,38.7164,62.0147,51.1,4476,415,636,0,100.0,5849
ILLUM_04646,28.4357,101.6625,48.9,4284,474,429,0,0.0,5597
ILLUM_04647,-39.6296,11.0702,51.9,4546,628,410,0,100.0,5940
ILLUM_04648,59.6869,32.3404,47.5,4161,582,522,0,100.0,5437
ILLUM_04649,-52.9826,-107.7781,50.1,4389,593,727,0,0.0,5734
ILLUM_04650,-71.4184,-76.5611,50.1,4389,595,736,0,100.0,5734
ILLUM_04651,34.7944,-121.7176,47.0,4117,508,352,0,0.0,5379
ILLUM_04652,-3.9239,-90.2537,48.9,4284,439,352,0,0.0,5597
ILLUM_04653,55.8557,-99.0408,50.9,4459,365,432,0,0.0,5826
ILLUM_04654,-18.6565,7.0016,48.9,4284,499,609,0,100.0,5597
ILLUM_04655,-53.0754,22.568,49.6,4345,332,408,0,100.0,5677
ILLUM_04656,53.8308,160.1811,49.4,4327,440,384,0,0.0,5654
ILLUM_04657,7.8255,-109.5946,51.5,4511,342,658,0,0.0,5894
ILLUM_04658,-49.7287,51.0033,50.5,4424,448,749,0,100.0,5780
ILLUM_04659,35.2614,114.2133,49.3,4319,510,725,0,0.0,5643
ILLUM_04660,1.7782,21.6869,48.9,4284,585,528,0,100.0,5597
ILLUM_04661,16.6901,-88.1987,51.3,4494,575,503,0,0.0,5872
ILLUM_04662,-6.2563,-85.4819,50.2,4398,381,515,0,0.0,5746
ILLUM_04663,52.5934,-165.8689,51.5,4511,512,718,0,0.0,5894
ILLUM_04664,52.73,-70.0401,50.9,4459,419,417,0,100.0,5826
ILLUM_04665,33.5022,88.0573,47.0,4117,562,718,0,0.0,5379
ILLUM_04666,-63.1358,-162.8936,51.6,4520,496,592,0,0.0,5906
ILLUM_04667,54.2166,-101.0537,50.2,4398,564,626,0,0.0,5746
ILLUM_04668,27.3621,74.2437,50.4,4415,344,518,0,100.0,5769
ILLUM_04669,31.5239,101.7546,47.0,4117,317,438,0,0.0,5379
ILLUM_04670,-21.9227,-16.0854,49.3,4319,602,608,0,100.0,5643
ILLUM_04671,60.6847,71.3068,50.1,4389,413,586,0,100.0,5734
ILLUM_04672,36.0595,-40.3372,48.1,4214,300,661,0,100.0,5505
ILLUM_04673,-61.9855,-122.4312,52.0,4555,536,539,0,0.0,5952
ILLUM_04674,-14.7555,-36.6662,51.1,4476,633,566,0,100.0,5849
ILLUM_04675,61.8209,28.7884,49.4,4327,627,573,0,100.0,5654
ILLUM_04676,-72.4485,161.2992,52.7,4617,608,433,0,0.0,6032
ILLUM_04677,73.8267,-155.2497,50.6,4433,336,364,0,0.0,5791
ILLUM_04678,28.666,2.6619,52.1,4564,319,543,0,100.0,5963
ILLUM_04679,21.0202,-61.5889,48.8,4275,650,603,0,100.0,5585
ILLUM_04680,-36.7105,2.9922,50.7,4441,485,594,0,100.0,5803
ILLUM_04681,-40.1933,-171.3688,52.0,4555,419,379,0,0.0,5952
ILLUM_04682,70.7293,-67.3109,51.8,4538,340,516,0,100.0,5929
ILLUM_04683,-32.2764,115.1525,51.5,4511,599,669,0,0.0,5894
ILLUM_04684,44.0808,19.419,51.9,4546,676,584,0,100.0,5940
ILLUM_04685,-17.1005,-17.7903,52.3,4581,534,595,0,100.0,5986
ILLUM_04686,-57.7193,-77.211,47.0,4117,698,534,0,100.0,5379
ILLUM_04687,-78.2856,-72.7047,49.4,4327,668,668,0,100.0,5654
ILLUM_04688,7.0812,-42.0835,47.4,4152,682,356,0,100.0,5425
ILLUM_04689,76.1246,120.8055,47.4,4152,380,435,0,0.0,5425
ILLUM_04690,-20.9382,168.1968,49.2,4310,326,677,0,0.0,5631
ILLUM_04691,-22.8492,-22.0841,49.4,4327,320,564,0,100.0,5654
ILLUM_04692,-24.9453,-38.393,52.0,4555,595,372,0,100.0,5952
ILLUM_04693,3.287,124.7583,48.2,4222,545,681,0,0.0,5517
ILLUM_04694,-9.4936,-26.3141,50.3,4406,343,611,0,100.0,5757
ILLUM_04695,60.7863,18.7265,52.4,4590,664,535,0,100.0,5997
ILLUM_04696,0.8833,-96.861,49.8,4362,645,363,0,0.0,5700
ILLUM_04697,1.2413,87.6609,52.9,4634,471,633,0,0.0,6055
ILLUM_04698,-57.8605,11.5158,47.2,4135,560,610,0,100.0,5402
ILLUM_04699,77.2383,111.2524,48.7,4266,652,405,0,0.0,5574
ILLUM_04700,-40.0043,101.0638,52.3,4581,679,470,0,0.0,5986
ILLUM_04701,-68.2617,-102.5983,49.0,4292,496,502,0,0.0,5608
ILLUM_04702,26.1034,77.6288,49.6,4345,519,481,0,100.0,5677
ILLUM_04703,15.2586,108.0196,52.5,4599,448,378,0,0.0,6009
ILLUM_04704,-13.5767,-55.4014,51.0,4468,307,582,0,100.0,5837
ILLUM_04705,-12.4492,-117.8607,47.5,4161,621,460,0,0.0,5437
ILLUM_04706,45.6102,-179.0524,50.9,4459,674,463,0,0.0,5826
ILLUM_04707,-48.686,-17.6747,48.9,4284,464,612,0,100.0,5597
ILLUM_04708,51.2405,-53.1242,49.3,4319,697,669,0,100.0,5643
ILLUM_04709,23.7995,19.7675,49.9,4371,672,717,0,100.0,5711
ILLUM_04710,-12.9648,-112.3052,49.1,4301,407,392,0,0.0,5620
ILLUM_04711,-6.7154,129.4796,50.7,4441,615,705,0,0.0,5803
ILLUM_04712,-38.9364,-87.2081,48.7,4266,448,665,0,0.0,5574
ILLUM_04713,40.3383,-98.4853,50.5,4424,518,505,0,0.0,5780
ILLUM_04714,2.06,-6.9429,51.1,4476,548,389,0,100.0,5849
ILLUM_04715,-28.6633,-0.4136,49.9,4371,573,672,0,100.0,5711
ILLUM_04716,15.368,-102.5693,50.1,4389,667,642,0,0.0,5734
ILLUM_04717,79.3175,-82.1301,50.1,4389,616,704,0,100.0,5734
ILLUM_04718,-10.358,-118.9061,50.2,4398,496,664,0,0.0,5746
ILLUM_04719,67.3106,78.6457,49.8,4362,461,625,0,100.0,5700
ILLUM_04720,-24.7973,97.2321,49.8,4362,637,550,0,0.0,5700
ILLUM_04721,-71.2428,-13.5617,49.8,4362,398,512,0,100.0,5700
ILLUM_04722,-47.3213,77.0713,50.3,4406,389,663,0,100.0,5757
ILLUM_04723,-13.0088,84.9367,49.4,4327,456,726,0,100.0,5654
ILLUM_04724,-44.8584,-130.2208,49.8,4362,647,487,0,0.0,5700
ILLUM_04725,-79.9637,167.8241,51.5,4511,497,590,0,0.0,5894
ILLUM_04726,66.4002,115.5715,53.0,4643,389,408,0,0.0,6066
ILLUM_04727,55.0207,-106.386,53.0,4643,613,722,0,0.0,6066
ILLUM_04728,38.7668,-112.9806,50.2,4398,509,498,0,0.0,5746
ILLUM_04729,-53.1497,-134.762,48.5,4249,460,648,0,0.0,5551
ILLUM_04730,-60.7418,-130.1837,49.6,4345,395,582,0,0.0,5677
ILLUM_04731,-69.1832,89.3382,50.2,4398,517,648,0,0.0,5746
ILLUM_04732,35.8447,-10.9245,51.6,4520,513,565,0,100.0,5906
ILLUM_04733,68.6093,101.8563,48.9,4284,589,708,0,0.0,5597
ILLUM_04734,-11.1143,88.6518,49.8,4362,418,478,0,0.0,5700
ILLUM_04735,-60.9375,37.6606,48.5,4249,418,523,0,100.0,5551
ILLUM_04736,1.9829,67.092,52.5,4599,348,476,0,100.0,6009
ILLUM_04737,-24.1869,-173.3919,50.8,4450,311,712,0,0.0,5814
ILLUM_04738,-20.028,-67.76,49.5,4336,553,412,0,100.0,5666
ILLUM_04739,19.4129,49.616,50.1,4389,449,500,0,100.0,5734
ILLUM_04740,34.9949,-176.6358,48.0,4205,451,623,0,0.0,5494
ILLUM_04741,-62.3034,-168.1283,50.7,4441,611,632,0,0.0,5803
ILLUM_04742,-74.3056,126.6797,50.6,4433,452,393,0,0.0,5791
ILLUM_04743,79.0928,66.249,47.3,4143,428,523,0,100.0,5414
ILLUM_04744,-42.7635,-84.4669,48.9,4284,501,410,0,100.0,5597
ILLUM_04745,-71.3871,67.6666,49.6,4345,673,489,0,100.0,5677
ILLUM_04746,-49.6199,105.2844,49.6,4345,461,576,0,0.0,5677
ILLUM_04747,-73.7667,-69.5541,49.2,4310,688,710,0,100.0,5631
ILLUM_04748,-17.3103,-167.0265,50.2,4398,572,621,0,0.0,5746
ILLUM_04749,48.3843,155.8005,52.1,4564,428,449,0,0.0,5963
ILLUM_04750,-25.4009,-55.7353,50.7,4441,305,466,0,100.0,5803
ILLUM_04751,-8.9307,-141.6666,51.8,4538,630,541,0,0.0,5929
ILLUM_04752,28.0939,-2.9315,50.5,4424,338,472,0,100.0,5780
ILLUM_04753,1.4231,96.6484,49.5,4336,447,618,0,0.0,5666
ILLUM_04754,57.8313,-100.207,49.7,4354,639,477,0,0.0,5688
ILLUM_04755,58.5657,-82.9836,51.2,4485,512,357,0,100.0,5860
ILLUM_04756,-78.4143,-92.6226,50.8,4450,417,533,0,0.0,5814
ILLUM_04757,44.4874,177.0023,52.0,4555,451,485,0,0.0,5952
ILLUM_04758,-6.2826,-108.9347,50.0,4380,340,564,0,0.0,5723
ILLUM_04759,78.2145,27.1873,47.9,4196,418,522,0,100.0,5482
ILLUM_04760,-2.6829,153.0953,49.7,4354,389,703,0,0.0,5688
ILLUM_04761,77.9034,-127.1172,47.8,4187,622,501,0,0.0,5471
ILLUM_04762,40.7311,169.5075,49.8,4362,593,723,0,0.0,5700
ILLUM_04763,-40.2232,161.0918,48.2,4222,532,370,0,0.0,5517
ILLUM_04764,6.1432,138.4459,49.9,4371,337,490,0,0.0,5711
ILLUM_04765,78.7417,-102.7597,50.2,4398,583,655,0,0.0,5746
ILLUM_04766,57.2049,48.2598,49.8,4362,550,353,0,100.0,5700
ILLUM_04767,-64.4213,93.9209,49.6,4345,565,570,0,0.0,5677
ILLUM_04768,33.0195,174.9701,49.4,4327,451,731,0,0.0,5654
ILLUM_04769,-24.7073,-115.0474,51.7,4529,617,545,0,0.0,5917
ILLUM_04770,-78.8828,95.7693,50.4,4415,403,498,0,0.0,5769
ILLUM_04771,-15.443,-58.0316,47.7,4179,479,422,0,100.0,5459
ILLUM_04772,-42.4393,-116.7745,50.2,4398,667,454,0,0.0,5746
ILLUM_04773,51.0191,-28.3043,52.3,4581,370,690,0,100.0,5986
ILLUM_04774,-26.0271,105.7809,49.3,4319,514,481,0,0.0,5643
ILLUM_04775,52.4038,-12.6541,49.4,4327,514,669,0,100.0,5654
ILLUM_04776,-79.9043,13.5083,50.9,4459,650,685,0,100.0,5826
ILLUM_04777,-30.7489,178.2574,48.7,4266,669,374,0,0.0,5574
ILLUM_04778,-41.4136,-36.3207,48.2,4222,551,356,0,100.0,5517
ILLUM_04779,-42.6292,41.5443,47.7,4179,349,731,0,100.0,5459
ILLUM_04780,-69.0901,-48.5121,51.0,4468,538,522,0,100.0,5837
ILLUM_04781,-50.0601,-38.5972,51.3,4494,518,354,0,100.0,5872
ILLUM_04782,8.8879,70.4307,49.1,4301,624,645,0,100.0,5620
ILLUM_04783,-33.3822,157.6393,48.3,4231,654,626,0,0.0,5528
ILLUM_04784,-13.2168,15.2492,51.3,4494,476,511,0,100.0,5872
ILLUM_04785,-19.7013,96.624,49.8,4362,316,440,0,0.0,5700
ILLUM_04786,60.1448,-147.8856,47.0,4117,674,601,0,0.0,5379
ILLUM_04787,64.8478,-103.9831,50.6,4433,530,410,0,0.0,5791
ILLUM_04788,-1.1269,0.7674,50.4,4415,385,551,0,100.0,5769
ILLUM_04789,-27.175,-172.7958,52.1,4564,673,684,0,0.0,5963
ILLUM_04790,-62.9119,-88.9722,51.3,4494,608,468,0,0.0,5872
ILLUM_04791,72.5445,6.2645,51.3,4494,689,736,0,100.0,5872
ILLUM_04792,-70.3637,-174.614,48.7,4266,649,460,0,0.0,5574
ILLUM_04793,-32.376,-84.7633,48.0,4205,493,554,0,100.0,5494
ILLUM_04794,-32.3094,5.0511,50.8,4450,432,405,0,100.0,5814
ILLUM_04795,-28.7358,26.3337,50.0,4380,685,542,0,100.0,5723
ILLUM_04796,-53.7141,153.2706,51.0,4468,489,716,0,0.0,5837
ILLUM_04797,45.3058,52.3244,50.2,4398,398,422,0,100.0,5746
ILLUM_04798,-60.4003,-30.6951,52.2,4573,688,516,0,100.0,5975
ILLUM_04799,21.5851,154.9264,49.4,4327,380,375,0,0.0,5654
ILLUM_04800,-60.1846,102.5579,50.1,4389,490,623,0,0.0,5734
ILLUM_04801,-68.7143,-107.9968,49.1,4301,522,677,0,0.0,5620
ILLUM_04802,65.5087,-132.8967,48.7,4266,542,364,0,0.0,5574
ILLUM_04803,-49.5794,63.2922,52.0,4555,629,651,0,100.0,5952
ILLUM_04804,51.4,21.5579,49.8,4362,631,627,0,100.0,5700
ILLUM_04805,7.1409,104.2825,53.0,4643,417,651,0,0.0,6066
ILLUM_04806,-67.543,85.9698,48.0,4205,317,353,0,0.0,5494
ILLUM_04807,72.8717,45.0762,50.1,4389,414,370,0,100.0,5734
ILLUM_04808,-40.4862,175.0976,50.2,4398,504,395,0,0.0,5746
ILLUM_04809,57.5433,12.0923,51.9,4546,499,438,0,100.0,5940
ILLUM_04810,-52.9904,-139.2819,48.7,4266,654,628,0,0.0,5574
ILLUM_04811,56.6309,118.1785,49.1,4301,674,622,0,0.0,5620
ILLUM_04812,-77.8834,-89.3328,47.9,4196,617,445,0,0.0,5482
ILLUM_04813,1.8849,99.8288,52.2,4573,554,589,0,0.0,5975
ILLUM_04814,43.1108,164.5586,47.4,4152,687,415,0,0.0,5425
ILLUM_04815,69.5673,70.8464,50.2,4398,601,734,0,100.0,5746
ILLUM_04816,65.4723,34.5709,53.0,4643,626,588,0,100.0,6066
ILLUM_04817,51.14,-14.261,51.7,4529,615,567,0,100.0,5917
ILLUM_04818,62.1106,-48.8124,51.8,4538,472,640,0,100.0,5929
ILLUM_04819,-48.1249,-52.9183,52.6,4608,663,409,0,100.0,6020
ILLUM_04820,-34.5305,49.0942,50.3,4406,378,611,0,100.0,5757
ILLUM_04821,-33.765,90.4583,50.3,4406,449,723,0,0.0,5757
ILLUM_04822,-19.6714,64.2661,50.0,4380,492,550,0,100.0,5723
ILLUM_04823,-17.0687,-108.5724,49.9,4371,561,433,0,0.0,5711
ILLUM_04824,7.1289,-2.1646,49.1,4301,620,375,0,100.0,5620
ILLUM_04825,-54.4192,104.9904,52.1,4564,382,582,0,0.0,5963
ILLUM_04826,30.5995,-8.7465,49.2,4310,683,511,0,100.0,5631
ILLUM_04827,-53.1894,13.1844,49.6,4345,693,588,0,100.0,5677
ILLUM_04828,-30.3506,97.609,48.0,4205,426,423,0,0.0,5494
ILLUM_04829,0.5352,58.0555,51.2,4485,482,571,0,100.0,5860
ILLUM_04830,47.4305,-32.6358,52.4,4590,461,609,0,100.0,5997
ILLUM_04831,38.3151,142.3486,47.0,4117,340,708,0,0.0,5379
ILLUM_04832,23.2855,-121.4759,52.3,4581,459,575,0,0.0,5986
ILLUM_04833,-55.0763,178.3859,51.1,4476,350,614,0,0.0,5849
ILLUM_04834,7.5273,-137.2131,51.9,4546,409,418,0,0.0,5940
ILLUM_04835,-66.0086,-174.618,50.6,4433,379,358,0,0.0,5791
ILLUM_04836,-19.6219,140.4068,50.9,4459,524,630,0,0.0,5826
ILLUM_04837,-13.8374,-91.8167,50.5,4424,304,389,0,0.0,5780
ILLUM_04838,-73.6302,82.6919,48.5,4249,613,544,0,100.0,5551
ILLUM_04839,-36.1619,111.9655,49.8,4362,526,630,0,0.0,5700
ILLUM_04840,72.9039,129.2351,49.3,4319,473,656,0,0.0,5643
ILLUM_04841,72.5812,176.9739,51.6,4520,411,726,0,0.0,5906
ILLUM_04842,-23.6277,-74.1457,49.6,4345,690,495,0,100.0,5677
ILLUM_04843,-73.104,75.6876,50.7,4441,404,692,0,100.0,5803
ILLUM_04844,-51.3448,-138.4561,48.4,4240,361,536,0,0.0,5540
ILLUM_04845,-17.2452,-33.5487,52.8,4625,306,511,0,100.0,6043
ILLUM_04846,71.6448,125.2698,50.4,4415,314,658,0,0.0,5769
ILLUM_04847,-57.4081,-47.6431,48.0,4205,424,652,0,100.0,5494
ILLUM_04848,42.1625,32.7943,51.5,4511,319,410,0,100.0,5894
ILLUM_04849,-62.6108,1.3584,50.4,4415,641,591,0,100.0,5769
ILLUM_04850,77.0012,52.5426,51.2,4485,667,589,0,100.0,5860
ILLUM_04851,-18.9414,170.242,53.0,4643,609,406,0,0.0,6066
ILLUM_04852,44.0375,-159.9352,51.7,4529,626,543,0,0.0,5917
ILLUM_04853,-25.1854,26.6261,51.6,4520,394,682,0,100.0,5906
ILLUM_04854,20.427,130.6904,49.5,4336,548,420,0,0.0,5666
ILLUM_04855,-49.2774,-6.7022,50.2,4398,605,720,0,100.0,5746
ILLUM_04856,-56.6366,-151.7302,49.5,4336,558,511,0,0.0,5666
ILLUM_04857,70.0903,21.7942,48.0,4205,673,403,0,100.0,5494
ILLUM_04858,66.8236,-60.4534,49.4,4327,406,414,0,100.0,5654
ILLUM_04859,61.995,-124.221,51.7,4529,546,594,0,0.0,5917
ILLUM_04860,20.0694,125.6524,50.6,4433,345,549,0,0.0,5791
ILLUM_04861,49.3229,7.7758,48.3,4231,636,722,0,100.0,5528
ILLUM_04862,-68.9541,155.9795,49.8,4362,670,646,0,0.0,5700
ILLUM_04863,-26.4338,110.1659,48.8,4275,336,734,0,0.0,5585
ILLUM_04864,-29.8075,69.4698,50.7,4441,424,502,0,100.0,5803
ILLUM_04865,21.7033,-178.1908,49.0,4292,359,590,0,0.0,5608
ILLUM_04866,-23.0468,-25.9836,49.2,4310,515,570,0,100.0,5631
ILLUM_04867,-56.2389,-108.9049,48.1,4214,396,401,0,0.0,5505
ILLUM_04868,15.4347,147.8872,52.5,4599,598,686,0,0.0,6009
ILLUM_04869,50.3014,-117.1498,49.9,4371,437,597,0,0.0,5711
ILLUM_04870,-18.8602,-77.0184,49.8,4362,626,420,0,100.0,5700
ILLUM_04871,-58.837,6.0612,50.5,4424,651,493,0,100.0,5780
ILLUM_04872,-48.5299,-85.1891,50.6,4433,301,626,0,0.0,5791
ILLUM_04873,-42.0027,-104.4487,49.0,4292,371,735,0,0.0,5608
ILLUM_04874,-32.0164,35.6758,50.4,4415,622,567,0,100.0,5769
ILLUM_04875,22.8472,-147.9854,50.1,4389,525,674,0,0.0,5734
ILLUM_04876,16.1513,-159.0596,51.5,4511,538,354,0,0.0,5894
ILLUM_04877,31.3728,-45.9917,51.1,4476,473,422,0,100.0,5849
ILLUM_04878,-21.9997,79.4392,50.0,4380,672,589,0,100.0,5723
ILLUM_04879,51.8396,19.7304,50.0,4380,468,624,0,100.0,5723
ILLUM_04880,-47.346,-27.7645,49.7,4354,303,540,0,100.0,5688
ILLUM_04881,-4.9535,23.6706,50.2,4398,386,355,0,100.0,5746
ILLUM_04882,48.1502,-48.4375,50.0,4380,691,668,0,100.0,5723
ILLUM_04883,-51.1746,157.0127,50.2,4398,309,363,0,0.0,5746
ILLUM_04884,-62.4219,-160.2342,47.8,4187,412,557,0,0.0,5471
ILLUM_04885,61.3894,62.4209,49.0,4292,401,351,0,100.0,5608
ILLUM_04886,-25.1313,140.8618,52.2,4573,304,367,0,0.0,5975
ILLUM_04887,29.4192,109.3985,49.0,4292,373,384,0,0.0,5608
ILLUM_04888,-75.9442,-113.7452,49.8,4362,389,599,0,0.0,5700
ILLUM_04889,30.4075,-73.4665,50.3,4406,412,431,0,100.0,5757
ILLUM_04890,-29.4238,78.1373,49.7,4354,379,688,0,100.0,5688
ILLUM_04891,-71.0815,-149.6626,49.2,4310,420,630,0,0.0,5631
ILLUM_04892,17.57,112.2702,51.4,4503,616,740,0,0.0,5883
ILLUM_04893,-41.4714,78.8065,48.4,4240,583,736,0,100.0,5540
ILLUM_04894,-18.1108,82.6584,47.0,4117,445,406,0,100.0,5379
ILLUM_04895,-67.1071,-143.9131,51.9,4546,607,659,0,0.0,5940
ILLUM_04896,-56.4539,78.3938,48.1,4214,357,365,0,100.0,5505
ILLUM_04897,-32.3236,64.7345,51.1,4476,468,482,0,100.0,5849
ILLUM_04898,-65.6385,119.1321,49.4,4327,502,666,0,0.0,5654
ILLUM_04899,65.7322,-165.0255,52.3,4581,525,629,0,0.0,5986
ILLUM_04900,-79.0325,-171.6802,49.6,4345,378,584,0,0.0,5677
ILLUM_04901,-2.5824,-45.7174,49.2,4310,556,477,0,100.0,5631
ILLUM_04902,-60.2804,-126.4362,51.3,4494,652,412,0,0.0,5872
ILLUM_04903,-30.7713,21.0184,51.9,4546,372,522,0,100.0,5940
ILLUM_04904,68.1695,150.2456,52.4,4590,407,693,0,0.0,5997
ILLUM_04905,-54.1289,-39.0673,47.0,4117,444,474,0,100.0,5379
ILLUM_04906,74.5332,124.1821,47.0,4117,559,429,0,0.0,5379
ILLUM_04907,-47.0729,-179.9133,48.4,4240,400,460,0,0.0,5540
ILLUM_04908,38.6506,-119.3347,48.3,4231,601,516,0,0.0,5528
ILLUM_04909,7.4684,-169.0475,49.3,4319,625,633,0,0.0,5643
ILLUM_04910,61.5166,-61.867,50.1,4389,305,729,0,100.0,5734
ILLUM_04911,8.6389,146.9483,50.3,4406,638,472,0,0.0,5757
ILLUM_04912,5.5295,-145.0972,50.8,4450,393,610,0,0.0,5814
ILLUM_04913,-48.7267,38.3075,49.0,4292,419,554,0,100.0,5608
ILLUM_04914,-53.4033,-17.4615,49.9,4371,684,364,0,100.0,5711
ILLUM_04915,66.6383,157.8486,49.9,4371,500,454,0,0.0,5711
ILLUM_04916,-27.5459,-135.8931,50.0,4380,488,398,0,0.0,5723
ILLUM_04917,-20.4668,-103.67,49.2,4310,492,609,0,0.0,5631
ILLUM_04918,41.5718,-169.3649,50.3,4406,678,363,0,0.0,5757
ILLUM_04919,-25.7882,-23.7833,48.4,4240,612,568,0,100.0,5540
ILLUM_04920,72.33,-79.9802,52.6,4608,324,743,0,100.0,6020
ILLUM_04921,38.0684,133.1661,48.7,4266,315,436,0,0.0,5574
ILLUM_04922,15.5887,37.7787,50.6,4433,519,730,0,100.0,5791
ILLUM_04923,60.9432,41.0727,49.5,4336,304,706,0,100.0,5666
ILLUM_04924,-72.0631,11.4879,49.3,4319,667,569,0,100.0,5643
ILLUM_04925,-38.87,-146.9339,47.7,4179,449,649,0,0.0,5459
ILLUM_04926,-5.5942,-19.7933,49.2,4310,569,682,0,100.0,5631
ILLUM_04927,-43.6834,179.8219,49.6,4345,379,513,0,0.0,5677
ILLUM_04928,39.0248,120.6825,49.1,4301,426,733,0,0.0,5620
ILLUM_04929,67.0733,141.6453,51.0,4468,523,509,0,0.0,5837
ILLUM_04930,-12.1968,116.3615,52.5,4599,625,714,0,0.0,6009
ILLUM_04931,-25.2588,-142.905,49.9,4371,572,414,0,0.0,5711
ILLUM_04932,73.8481,-98.1186,50.8,4450,556,541,0,0.0,5814
ILLUM_04933,-8.8236,-178.8762,51.9,4546,445,353,0,0.0,5940
ILLUM_04934,-1.7523,-70.7364,48.4,4240,374,475,0,100.0,5540
ILLUM_04935,-23.736,-140.9013,52.7,4617,310,606,0,0.0,6032
ILLUM_04936,65.5278,-9.7944,48.0,4205,391,473,0,100.0,5494
ILLUM_04937,11.0329,63.7659,50.0,4380,567,559,0,100.0,5723
ILLUM_04938,41.9479,134.8219,51.0,4468,461,426,0,0.0,5837
ILLUM_04939,49.8891,89.7182,52.3,4581,379,566,0,0.0,5986
ILLUM_04940,-25.3042,157.8908,50.0,4380,501,370,0,0.0,5723
ILLUM_04941,-10.6089,-160.5966,50.2,4398,549,684,0,0.0,5746
ILLUM_04942,55.7555,-175.6153,52.4,4590,544,518,0,0.0,5997
ILLUM_04943,-21.8791,58.0817,47.7,4179,665,646,0,100.0,5459
ILLUM_04944,47.0296,-75.8331,48.5,4249,553,359,0,100.0,5551
ILLUM_04945,70.5588,-88.7396,48.2,4222,402,466,0,0.0,5517
ILLUM_04946,19.7137,-60.8806,48.4,4240,691,737,0,100.0,5540
ILLUM_04947,38.6604,-82.8734,48.6,4257,517,546,0,100.0,5562
ILLUM_04948,48.8156,4.1171,51.8,4538,597,521,0,100.0,5929
ILLUM_04949,55.2063,-21.5466,52.3,4581,533,536,0,100.0,5986
ILLUM_04950,-16.7915,4.4743,50.6,4433,441,515,0,100.0,5791
ILLUM_04951,-71.7978,62.1769,51.5,4511,692,579,0,100.0,5894
ILLUM_04952,-15.6998,-40.633,51.2,4485,540,629,0,100.0,5860
ILLUM_04953,27.801,-89.5292,50.0,4380,382,501,0,0.0,5723
ILLUM_04954,-7.9439,-120.1678,51.4,4503,653,581,0,0.0,5883
ILLUM_04955,39.8341,-54.1893,51.1,4476,666,624,0,100.0,5849
ILLUM_04956,-22.8828,87.0503,51.0,4468,427,689,0,0.0,5837
ILLUM_04957,21.5591,92.4138,50.1,4389,584,465,0,0.0,5734
ILLUM_04958,-50.1728,60.0859,50.3,4406,327,424,0,100.0,5757
ILLUM_04959,39.8991,-95.7499,49.7,4354,539,728,0,0.0,5688
ILLUM_04960,7.3114,31.711,47.4,4152,540,436,0,100.0,5425
ILLUM_04961,-47.3497,25.4483,49.9,4371,643,428,0,100.0,5711
ILLUM_04962,-33.2942,-5.6642,50.1,4389,391,434,0,100.0,5734
ILLUM_04963,39.7774,17.9924,48.7,4266,405,449,0,100.0,5574
ILLUM_04964,-2.7838,-2.9554,49.3,4319,535,476,0,100.0,5643
ILLUM_04965,-45.435,23.5643,51.1,4476,421,746,0,100.0,5849
ILLUM_04966,74.7634,77.5821,51.3,4494,375,381,0,100.0,5872
ILLUM_04967,34.42,-140.5339,47.5,4161,638,615,0,0.0,5437
ILLUM_04968,73.1416,89.8653,49.0,4292,561,664,0,0.0,5608
ILLUM_04969,-11.6632,-131.081,51.2,4485,557,651,0,0.0,5860
ILLUM_04970,-3.9839,-156.0139,48.1,4214,352,450,0,0.0,5505
ILLUM_04971,63.6728,171.3887,49.8,4362,555,728,0,0.0,5700
ILLUM_04972,4.0079,164.517,48.1,4214,669,637,0,0.0,5505
ILLUM_04973,33.1646,-158.2428,48.7,4266,658,433,0,0.0,5574
ILLUM_04974,-39.6523,-20.4288,50.5,4424,586,644,0,100.0,5780
ILLUM_04975,-8.5238,-112.9518,50.9,4459,336,528,0,0.0,5826
ILLUM_04976,-60.248,-5.2758,51.6,4520,483,493,0,100.0,5906
ILLUM_04977,-47.0432,118.8638,53.0,4643,417,644,0,0.0,6066
ILLUM_04978,-79.8491,162.2202,49.7,4354,467,665,0,0.0,5688
ILLUM_04979,-73.7176,48.331,49.8,4362,439,738,0,100.0,5700
ILLUM_04980,76.3654,-52.594,51.9,4546,548,686,0,100.0,5940
ILLUM_04981,-41.2234,37.1972,51.7,4529,354,577,0,100.0,5917
ILLUM_04982,26.1297,-67.6795,50.8,4450,524,541,0,100.0,5814
ILLUM_04983,54.256,147.5365,49.4,4327,484,525,0,0.0,5654
ILLUM_04984,8.1057,133.3442,51.1,4476,666,375,0,0.0,5849
ILLUM_04985,-55.4969,20.9634,49.1,4301,472,400,0,100.0,5620
ILLUM_04986,36.4986,-63.0724,49.0,4292,324,673,0,100.0,5608
ILLUM_04987,16.0402,-74.3797,50.4,4415,469,451,0,100.0,5769
ILLUM_04988,37.0001,-167.9695,53.0,4643,445,459,0,0.0,6066
ILLUM_04989,43.1595,113.6955,49.6,4345,457,503,0,0.0,5677
ILLUM_04990,76.0657,-17.862,50.1,4389,573,369,0,100.0,5734
ILLUM_04991,11.7701,-62.9521,47.6,4170,434,554,0,100.0,5448
ILLUM_04992,-25.3374,-10.4003,48.6,4257,378,420,0,100.0,5562
ILLUM_04993,23.7543,114.7457,50.5,4424,585,501,0,0.0,5780
ILLUM_04994,-69.0495,-135.1389,50.7,4441,688,416,0,0.0,5803
ILLUM_04995,63.5836,128.7562,52.9,4634,496,544,0,0.0,6055
ILLUM_04996,-60.899,143.1032,48.4,4240,305,655,0,0.0,5540
ILLUM_04997,-27.5451,160.8148,50.2,4398,603,723,0,0.0,5746
ILLUM_04998,50.5193,-36.9043,49.3,4319,659,365,0,100.0,5643
ILLUM_04999,15.57,-101.8295,50.4,4415,687,572,0,0.0,5769
