sample_id,latitude_deg,longitude_deg,lroc_wac_albedo,optical_maturation_omat,boulder_density_per_100m2,max_boulder_diameter_m,crater_density_per_km2,landing_hazard_index,nac_high_res_coverage
LROC_00000,-86.2546,-38.2912,0.163,0.201,0.2,0.9,94,0.4,1
LROC_00001,-80.4929,-9.5632,0.168,0.176,0.36,1.07,63,0.295,1
LROC_00002,-82.6801,127.6371,0.191,0.171,0.67,1.5,55,0.3,1
LROC_00003,-84.0134,-57.5984,0.167,0.176,0.84,1.45,36,0.245,1
LROC_00004,-88.4398,133.0739,0.202,0.149,0.78,1.15,71,0.378,1
LROC_00005,-88.4401,-148.2716,0.184,0.174,1.49,1.77,80,0.499,0
LROC_00006,-89.4192,99.6474,0.186,0.172,0.19,0.9,33,0.155,1
LROC_00007,-81.3382,125.1171,0.181,0.16,0.76,1.41,16,0.155,1
LROC_00008,-83.9888,-114.5456,0.197,0.181,0.08,0.85,89,0.366,1
LROC_00009,-82.9193,-25.0752,0.197,0.179,0.6,0.99,47,0.26,1
LROC_00010,-89.7942,-120.4201,0.19,0.185,0.66,1.47,87,0.427,1
LROC_00011,-80.3009,74.3775,0.193,0.162,0.18,0.84,73,0.314,1
LROC_00012,-81.6756,12.7252,0.182,0.148,0.37,1.06,20,0.124,1
LROC_00013,-87.8766,48.7164,0.193,0.18,1.32,1.61,25,0.258,1
LROC_00014,-88.1818,-109.2647,0.18,0.169,0.12,0.99,41,0.178,0
LROC_00015,-88.166,-103.7715,0.185,0.163,0.43,1.07,86,0.396,0
LROC_00016,-86.9576,-165.061,0.181,0.16,2.02,2.5,59,0.478,1
LROC_00017,-84.7524,-64.0557,0.178,0.176,0.53,1.35,45,0.244,1
LROC_00018,-85.6805,21.5081,0.175,0.205,0.97,1.74,77,0.424,1
LROC_00019,-87.0877,128.8566,0.192,0.166,1.32,1.7,58,0.39,1
LROC_00020,-83.8815,60.0939,0.205,0.151,0.17,1.02,55,0.24,1
LROC_00021,-88.6051,-23.2573,0.203,0.178,0.18,0.93,61,0.266,1
LROC_00022,-87.0786,163.1232,0.166,0.188,1.07,1.37,83,0.46,1
LROC_00023,-86.3364,78.9283,0.204,0.136,1.05,1.46,93,0.498,1
LROC_00024,-85.4393,154.8595,0.18,0.189,0.05,0.65,16,0.07,0
LROC_00025,-82.1482,9.9317,0.194,0.205,0.29,0.95,29,0.151,1
LROC_00026,-88.0033,-86.7945,0.171,0.144,0.38,1.09,34,0.182,0
LROC_00027,-84.8577,-160.9824,0.187,0.157,1.32,1.69,17,0.226,1
LROC_00028,-84.0759,81.3905,0.19,0.132,0.41,1.19,53,0.261,1
LROC_00029,-89.5355,-136.3309,0.163,0.186,1.95,2.58,88,0.586,1
LROC_00030,-83.9246,-71.001,0.194,0.188,4.26,4.55,24,0.607,1
LROC_00031,-88.2948,11.6895,0.205,0.169,1.14,1.89,54,0.353,1
LROC_00032,-89.3495,23.19,0.182,0.199,0.82,1.54,27,0.206,1
LROC_00033,-80.5111,36.21,0.205,0.18,0.37,0.84,58,0.276,1
LROC_00034,-80.3437,-120.1481,0.182,0.204,0.05,0.84,46,0.19,1
LROC_00035,-81.916,-43.2945,0.198,0.188,0.64,1.45,87,0.425,1
LROC_00036,-86.9539,42.1899,0.152,0.186,0.34,0.77,44,0.217,1
LROC_00037,-89.0233,169.1348,0.221,0.162,0.32,1.18,15,0.098,1
LROC_00038,-83.1577,81.9472,0.207,0.154,0.87,1.2,67,0.372,1
LROC_00039,-85.5985,152.1374,0.181,0.175,0.47,1.08,90,0.416,1
LROC_00040,-88.7796,94.3963,0.155,0.191,1.05,1.73,58,0.358,1
LROC_00041,-85.0482,33.0181,0.189,0.174,0.38,1.14,49,0.242,0
LROC_00042,-89.6561,-110.8716,0.163,0.207,0.12,0.88,54,0.23,0
LROC_00043,-80.9068,60.0068,0.192,0.169,0.46,1.08,59,0.291,1
LROC_00044,-87.4122,44.4166,0.191,0.16,2.26,2.76,74,0.567,0
LROC_00045,-83.3748,36.8889,0.171,0.17,1.21,1.84,77,0.453,1
LROC_00046,-86.8829,-3.6771,0.202,0.179,0.17,0.8,24,0.116,0
LROC_00047,-84.7993,10.3164,0.197,0.15,0.37,1.03,61,0.288,0
LROC_00048,-84.5329,-59.6007,0.2,0.167,1.97,2.6,38,0.388,1
LROC_00049,-88.1515,6.9526,0.185,0.197,0.1,0.65,71,0.296,0
LROC_00050,-80.3042,-108.8799,0.164,0.191,0.22,0.86,32,0.154,1
LROC_00051,-82.2487,109.8628,0.2,0.169,0.23,0.61,71,0.312,0
LROC_00052,-80.605,-113.1203,0.181,0.178,0.63,1.31,86,0.42,0
LROC_00053,-81.0517,-149.4121,0.164,0.171,0.4,0.86,60,0.288,0
LROC_00054,-84.021,-22.9514,0.205,0.155,0.06,0.69,57,0.235,1
LROC_00055,-80.7813,56.9907,0.216,0.16,0.74,1.17,91,0.453,1
LROC_00056,-89.1151,-22.4219,0.184,0.181,0.08,0.48,30,0.13,1
LROC_00057,-88.0402,-80.3685,0.217,0.177,0.7,1.27,28,0.196,1
LROC_00058,-89.5477,20.9416,0.186,0.178,0.53,1.09,23,0.156,1
LROC_00059,-86.7467,-55.0792,0.179,0.2,0.51,1.07,87,0.409,1
LROC_00060,-86.1132,155.8324,0.176,0.205,0.05,0.55,83,0.338,1
LROC_00061,-87.2865,152.1523,0.21,0.177,0.76,1.56,75,0.391,0
LROC_00062,-81.7126,0.8539,0.173,0.201,0.42,0.78,25,0.15,0
LROC_00063,-86.4325,-61.9618,0.196,0.157,0.4,1.21,33,0.18,0
LROC_00064,-87.1907,85.3677,0.177,0.163,0.68,1.38,78,0.394,1
LROC_00065,-84.573,-166.7833,0.178,0.188,0.7,1.12,52,0.292,1
LROC_00066,-88.5908,-9.0832,0.2,0.15,0.05,0.68,24,0.102,1
LROC_00067,-81.978,-58.9236,0.179,0.175,0.1,0.98,30,0.132,1
LROC_00068,-89.2545,151.3929,0.179,0.191,0.2,0.9,83,0.356,1
LROC_00069,-80.1311,-175.6789,0.202,0.19,0.85,1.23,56,0.326,1
LROC_00070,-82.2776,19.0134,0.209,0.162,0.64,1.2,58,0.309,1
LROC_00071,-88.0128,86.6389,0.195,0.163,1.06,1.59,67,0.395,1
LROC_00072,-89.9448,-5.3935,0.175,0.186,1.01,1.71,49,0.317,1
LROC_00073,-81.8454,-149.2549,0.177,0.164,1.44,2.15,50,0.373,1
LROC_00074,-82.9314,170.0861,0.186,0.174,0.35,0.76,36,0.186,1
LROC_00075,-82.7099,6.4838,0.19,0.174,0.32,0.85,38,0.19,1
LROC_00076,-82.2873,41.107,0.17,0.183,1.33,1.75,90,0.52,1
LROC_00077,-89.2596,-94.8205,0.196,0.173,0.2,1.08,26,0.128,0
LROC_00078,-86.4153,-5.9407,0.186,0.164,0.46,1.09,49,0.251,1
LROC_00079,-88.8413,-25.5062,0.159,0.178,0.16,0.98,64,0.275,1
LROC_00080,-81.369,-153.0375,0.171,0.172,1.84,2.27,92,0.589,1
LROC_00081,-83.767,-141.7823,0.177,0.156,0.39,1.11,54,0.263,1
LROC_00082,-86.691,121.4901,0.184,0.182,0.18,0.71,36,0.166,1
LROC_00083,-89.3644,-93.6648,0.213,0.178,0.88,1.65,61,0.35,0
LROC_00084,-86.8902,-109.815,0.189,0.187,0.21,0.82,89,0.381,1
LROC_00085,-86.7482,1.7681,0.172,0.179,2.16,2.75,80,0.579,1
LROC_00086,-82.7039,96.749,0.188,0.163,0.34,0.83,24,0.137,1
LROC_00087,-83.6244,-157.6993,0.18,0.19,0.82,1.48,57,0.326,0
LROC_00088,-81.1279,27.6509,0.19,0.184,0.32,0.89,83,0.37,1
LROC_00089,-85.2779,-137.0842,0.194,0.176,1.23,1.52,39,0.304,1
LROC_00090,-88.8041,-166.874,0.203,0.195,1.7,2.14,61,0.448,1
LROC_00091,-82.8676,-161.0122,0.185,0.176,1.16,1.72,21,0.223,0
LROC_00092,-82.3921,120.2991,0.21,0.162,1.42,1.75,42,0.338,1
LROC_00093,-84.3872,-137.5299,0.199,0.164,0.08,0.56,94,0.386,1
LROC_00094,-82.2903,-163.7455,0.174,0.158,1.93,2.37,59,0.468,1
LROC_00095,-85.062,-22.356,0.218,0.172,0.73,1.23,81,0.412,1
LROC_00096,-84.7727,123.8376,0.19,0.173,1.53,2.0,26,0.288,1
LROC_00097,-85.7246,-85.533,0.172,0.19,0.87,1.41,25,0.204,1
LROC_00098,-89.7458,-28.1835,0.21,0.193,0.17,0.62,17,0.088,0
LROC_00099,-88.9211,-165.6279,0.216,0.157,0.71,1.13,75,0.385,1
LROC_00100,-89.6857,-18.3317,0.185,0.142,0.07,0.89,80,0.328,1
LROC_00101,-83.6359,27.9407,0.177,0.188,0.89,1.28,70,0.387,1
LROC_00102,-86.8564,25.5265,0.182,0.181,0.39,1.08,40,0.207,0
LROC_00103,-84.9143,-60.3264,0.196,0.161,0.12,0.72,48,0.206,1
LROC_00104,-80.9243,-66.4081,0.204,0.174,2.91,3.5,69,0.625,1
LROC_00105,-87.5071,-141.6155,0.194,0.184,1.74,2.0,93,0.581,1
LROC_00106,-85.8962,-47.9526,0.187,0.162,1.68,2.33,90,0.562,1
LROC_00107,-82.4445,-144.1819,0.207,0.162,1.17,1.7,30,0.26,0
LROC_00108,-87.712,95.9745,0.18,0.201,0.88,1.19,94,0.482,1
LROC_00109,-89.2302,167.8587,0.2,0.159,0.8,1.25,53,0.308,1
LROC_00110,-87.1025,169.2268,0.181,0.18,0.08,0.68,20,0.09,0
LROC_00111,-88.3878,131.4256,0.191,0.135,1.73,2.11,86,0.552,1
LROC_00112,-80.703,36.2852,0.183,0.155,1.6,2.02,66,0.456,0
LROC_00113,-81.9188,72.3117,0.184,0.18,1.03,1.79,39,0.28,1
LROC_00114,-83.666,-77.3259,0.179,0.198,1.97,2.35,70,0.516,0
LROC_00115,-81.2854,47.0774,0.205,0.147,0.6,1.15,33,0.204,1
LROC_00116,-81.9633,-15.9662,0.174,0.183,0.45,1.19,90,0.414,0
LROC_00117,-88.1343,-6.4738,0.174,0.176,2.58,3.12,87,0.658,1
LROC_00118,-81.0744,92.7996,0.217,0.177,0.47,0.87,41,0.22,1
LROC_00119,-84.6066,-78.5094,0.2,0.152,0.77,1.45,19,0.168,0
LROC_00120,-81.9256,-65.5057,0.149,0.199,0.35,0.96,40,0.202,1
LROC_00121,-81.0391,152.871,0.177,0.171,0.76,1.15,44,0.267,1
LROC_00122,-86.82,-159.7593,0.158,0.192,0.95,1.39,92,0.482,0
LROC_00123,-88.8995,-5.1717,0.171,0.184,0.73,1.08,49,0.284,0
LROC_00124,-87.7206,148.6083,0.138,0.194,0.54,1.07,89,0.421,1
LROC_00125,-85.7289,39.7307,0.183,0.185,0.27,0.77,67,0.3,1
LROC_00126,-81.8199,16.7065,0.168,0.185,0.77,1.28,82,0.42,1
LROC_00127,-81.3927,-90.0921,0.186,0.174,1.79,2.3,47,0.403,1
LROC_00128,-89.9305,-56.4208,0.161,0.182,0.05,0.81,84,0.342,0
LROC_00129,-84.8925,126.7374,0.186,0.177,0.11,0.8,42,0.181,0
LROC_00130,-85.8259,21.3185,0.179,0.183,0.1,0.83,88,0.364,1
LROC_00131,-87.7789,5.3072,0.208,0.152,1.92,2.56,50,0.43,1
LROC_00132,-88.8013,-144.1513,0.206,0.162,0.82,1.57,63,0.35,1
LROC_00133,-86.6238,-174.2299,0.197,0.156,2.27,2.87,67,0.54,0
LROC_00134,-80.5709,166.9267,0.18,0.178,0.66,1.07,83,0.411,0
LROC_00135,-86.768,-44.285,0.215,0.154,0.46,0.94,16,0.119,1
LROC_00136,-84.8121,37.1567,0.162,0.199,1.18,1.71,94,0.518,1
LROC_00137,-82.9698,-151.3026,0.164,0.196,0.13,0.7,85,0.356,0
LROC_00138,-86.3637,65.9211,0.184,0.163,0.36,0.79,78,0.355,1
LROC_00139,-80.2822,155.724,0.219,0.161,0.47,0.97,35,0.196,1
LROC_00140,-80.3755,27.2395,0.182,0.188,0.27,1.13,49,0.228,0
LROC_00141,-87.4822,-134.5985,0.182,0.175,0.35,0.89,60,0.282,1
LROC_00142,-85.0275,29.4197,0.163,0.176,0.06,0.66,62,0.255,1
LROC_00143,-86.9912,95.885,0.199,0.154,0.17,0.56,36,0.164,1
LROC_00144,-87.1516,-33.69,0.199,0.183,0.31,1.04,20,0.117,1
LROC_00145,-89.6311,136.7416,0.197,0.185,1.19,1.68,47,0.331,1
LROC_00146,-83.9044,53.5259,0.176,0.178,0.15,0.59,53,0.23,1
LROC_00147,-84.9732,143.7296,0.174,0.193,0.32,1.17,57,0.266,1
LROC_00148,-89.4852,44.4619,0.166,0.141,0.05,0.83,39,0.162,0
LROC_00149,-87.2135,-132.7363,0.186,0.196,0.61,1.31,32,0.201,1
LROC_00150,-80.9173,-68.511,0.169,0.182,0.71,1.52,55,0.305,1
LROC_00151,-87.6044,-107.3538,0.167,0.187,1.5,1.95,49,0.376,1
LROC_00152,-88.5511,147.1775,0.179,0.175,1.28,1.91,38,0.306,1
LROC_00153,-85.1055,93.744,0.178,0.201,0.25,0.73,69,0.306,1
LROC_00154,-80.1435,63.5034,0.177,0.164,0.11,0.85,54,0.229,1
LROC_00155,-87.5794,-71.6521,0.192,0.196,0.13,0.52,43,0.188,1
LROC_00156,-83.2786,-113.7439,0.186,0.182,2.6,2.8,24,0.408,0
LROC_00157,-82.3838,92.3224,0.181,0.188,0.84,1.37,93,0.473,1
LROC_00158,-87.6236,-9.3031,0.188,0.17,0.05,0.45,24,0.102,1
LROC_00159,-82.7178,-98.7158,0.17,0.164,0.11,0.73,78,0.325,1
LROC_00160,-86.3222,41.9839,0.187,0.19,0.5,1.11,43,0.232,1
LROC_00161,-83.6769,-165.4798,0.187,0.181,0.17,0.86,32,0.148,0
LROC_00162,-83.6647,-62.5787,0.162,0.208,1.22,1.55,16,0.21,1
LROC_00163,-84.6423,-11.3195,0.2,0.167,0.64,1.07,39,0.233,0
LROC_00164,-89.0971,-126.735,0.172,0.176,0.71,1.35,65,0.345,1
LROC_00165,-81.647,174.4756,0.186,0.197,0.47,1.15,36,0.2,0
LROC_00166,-86.7922,-104.7249,0.202,0.198,0.22,0.61,23,0.118,0
LROC_00167,-88.1348,-133.0729,0.199,0.171,0.67,1.27,88,0.432,1
LROC_00168,-89.5922,-106.7274,0.186,0.165,0.95,1.65,18,0.186,0
LROC_00169,-84.0911,96.862,0.18,0.191,0.35,0.75,35,0.182,1
LROC_00170,-83.2244,-26.818,0.199,0.167,0.53,1.08,44,0.24,1
LROC_00171,-89.8341,23.5497,0.195,0.181,1.37,1.8,47,0.352,0
LROC_00172,-84.8791,-172.4367,0.176,0.177,0.12,0.96,57,0.242,1
LROC_00173,-87.735,-167.6047,0.173,0.206,0.59,1.02,16,0.135,0
LROC_00174,-83.5483,-19.5028,0.154,0.18,0.32,0.85,45,0.218,1
LROC_00175,-88.2563,113.9959,0.187,0.183,0.91,1.67,18,0.181,1
LROC_00176,-83.0906,138.686,0.184,0.17,0.05,0.61,61,0.25,1
LROC_00177,-86.1326,-148.7856,0.202,0.165,0.83,1.41,59,0.336,1
LROC_00178,-80.6327,13.8107,0.19,0.168,0.08,0.49,79,0.326,1
LROC_00179,-88.6248,148.7627,0.205,0.179,0.05,0.94,80,0.326,1
LROC_00180,-86.5893,-40.3298,0.175,0.195,0.97,1.69,20,0.196,1
LROC_00181,-88.8653,118.6437,0.202,0.177,0.77,1.41,21,0.176,0
LROC_00182,-80.7531,-131.8696,0.177,0.179,1.69,1.95,65,0.463,0
LROC_00183,-81.2266,156.742,0.197,0.173,0.55,0.93,82,0.394,1
LROC_00184,-87.4206,90.5124,0.163,0.2,0.57,1.19,32,0.196,1
LROC_00185,-83.4002,158.8804,0.189,0.189,0.92,1.37,55,0.33,0
LROC_00186,-81.8278,63.5822,0.155,0.15,0.29,0.97,83,0.367,1
LROC_00187,-84.448,-49.1746,0.181,0.174,0.05,0.74,39,0.162,1
LROC_00188,-84.7035,157.7452,0.192,0.17,0.2,1.0,70,0.304,1
LROC_00189,-87.5815,-80.796,0.177,0.19,0.2,0.72,15,0.084,1
LROC_00190,-89.069,-60.4179,0.169,0.183,0.31,0.97,69,0.313,1
LROC_00191,-81.0278,72.291,0.198,0.182,2.15,2.72,17,0.326,1
LROC_00192,-80.9958,95.5139,0.183,0.161,1.23,1.75,68,0.42,1
LROC_00193,-83.669,154.5853,0.178,0.184,2.06,2.67,46,0.431,1
LROC_00194,-86.6097,-106.2711,0.186,0.19,4.93,4.9,16,0.656,0
LROC_00195,-86.5079,107.2793,0.225,0.137,0.43,1.15,79,0.368,1
LROC_00196,-82.7404,85.8766,0.202,0.207,0.19,1.04,22,0.111,0
LROC_00197,-81.0289,-157.034,0.202,0.187,0.62,1.12,72,0.362,1
LROC_00198,-81.1291,-40.5997,0.192,0.174,1.6,2.02,67,0.46,1
LROC_00199,-82.2012,-78.2044,0.187,0.163,0.47,0.86,58,0.288,1
LROC_00200,-83.5797,-70.3834,0.149,0.19,0.53,1.2,87,0.412,0
LROC_00201,-89.1586,173.8609,0.175,0.183,0.11,0.78,42,0.181,1
LROC_00202,-88.3837,51.3999,0.178,0.187,0.41,0.79,33,0.181,1
LROC_00203,-81.0145,78.3634,0.157,0.212,0.37,1.11,70,0.324,1
LROC_00204,-83.9357,171.5823,0.168,0.177,0.33,1.11,34,0.176,0
LROC_00205,-89.908,-44.2074,0.155,0.199,1.64,2.33,85,0.537,1
LROC_00206,-88.9853,108.6625,0.184,0.158,0.05,0.72,70,0.286,1
LROC_00207,-83.365,-23.5689,0.197,0.165,2.69,3.05,49,0.519,1
LROC_00208,-89.9494,133.0321,0.202,0.175,0.05,0.88,33,0.138,1
LROC_00209,-88.3919,-114.9633,0.191,0.184,2.18,2.56,77,0.57,1
LROC_00210,-84.5127,161.167,0.171,0.172,0.6,1.27,21,0.156,1
LROC_00211,-83.081,-101.2422,0.156,0.183,0.91,1.53,41,0.273,1
LROC_00212,-83.4804,-62.5606,0.159,0.21,0.16,0.73,53,0.231,1
LROC_00213,-87.7573,92.2292,0.166,0.203,0.8,1.16,44,0.272,1
LROC_00214,-82.8782,-38.2481,0.172,0.186,1.6,1.85,37,0.34,1
LROC_00215,-87.6275,38.9561,0.183,0.144,0.11,0.71,37,0.161,0
LROC_00216,-86.746,-19.9535,0.17,0.221,0.1,0.73,61,0.256,1
LROC_00217,-82.5351,87.2532,0.19,0.174,0.27,1.05,92,0.4,1
LROC_00218,-83.5037,-97.8007,0.182,0.173,0.13,0.72,62,0.264,1
LROC_00219,-81.5078,-158.9551,0.185,0.169,0.09,0.62,77,0.319,1
LROC_00220,-83.4239,-72.0254,0.202,0.175,0.85,1.4,23,0.194,0
LROC_00221,-84.3169,-9.2489,0.167,0.191,0.18,0.68,37,0.17,1
LROC_00222,-89.0633,-119.5128,0.191,0.188,0.82,1.18,77,0.406,1
LROC_00223,-86.3228,-52.273,0.185,0.163,1.48,1.79,88,0.53,1
LROC_00224,-87.348,-36.0061,0.18,0.174,0.79,1.27,61,0.339,1
LROC_00225,-87.5601,-159.3389,0.198,0.201,0.1,0.5,88,0.364,1
LROC_00226,-80.2699,29.9906,0.198,0.174,0.64,1.09,80,0.397,1
LROC_00227,-86.069,138.3636,0.171,0.18,0.38,1.14,51,0.25,1
LROC_00228,-81.0795,-125.3726,0.182,0.164,0.32,0.81,52,0.246,1
LROC_00229,-83.6886,35.2109,0.189,0.183,0.29,0.72,15,0.095,1
LROC_00230,-82.0519,59.3061,0.181,0.194,1.99,2.67,62,0.487,1
LROC_00231,-84.9736,-29.0395,0.194,0.186,1.02,1.63,49,0.318,1
LROC_00232,-84.231,72.3951,0.189,0.171,0.11,0.53,85,0.353,1
LROC_00233,-85.0748,-32.1366,0.212,0.17,0.48,0.86,67,0.326,1
LROC_00234,-88.0476,1.6694,0.162,0.212,0.29,0.97,39,0.191,0
LROC_00235,-82.7755,-177.3529,0.183,0.194,2.86,3.24,56,0.567,1
LROC_00236,-87.1923,69.0192,0.171,0.171,2.86,3.01,37,0.491,1
LROC_00237,-89.7568,58.0834,0.194,0.135,0.29,0.77,23,0.127,1
LROC_00238,-83.5453,-166.1757,0.161,0.192,0.33,1.16,41,0.204,1
LROC_00239,-88.2289,-47.43,0.19,0.186,0.69,1.31,89,0.439,1
LROC_00240,-80.5954,172.4515,0.176,0.164,0.49,1.06,65,0.319,0
LROC_00241,-80.4607,-28.5348,0.174,0.182,0.18,0.69,71,0.306,1
LROC_00242,-80.8514,0.7003,0.163,0.183,0.81,1.2,50,0.297,1
LROC_00243,-86.2984,147.5749,0.178,0.181,0.3,0.87,48,0.228,1
LROC_00244,-89.8454,78.2143,0.201,0.161,0.8,1.58,27,0.204,1
LROC_00245,-80.7168,29.5452,0.185,0.196,0.36,0.75,69,0.319,1
LROC_00246,-85.7182,107.2097,0.194,0.175,0.9,1.71,60,0.348,1
LROC_00247,-80.3335,131.1719,0.21,0.152,0.83,1.25,66,0.364,0
LROC_00248,-80.3638,-15.5203,0.189,0.189,0.53,1.08,42,0.232,1
LROC_00249,-81.4699,-8.961,0.177,0.161,0.91,1.24,44,0.285,1
LROC_00250,-87.0555,-41.0217,0.192,0.193,0.46,1.11,59,0.291,1
LROC_00251,-86.149,168.0142,0.177,0.195,0.09,0.72,52,0.219,1
LROC_00252,-81.4886,70.9799,0.177,0.201,0.15,0.87,34,0.154,1
LROC_00253,-86.8308,-150.0397,0.162,0.185,0.21,0.86,84,0.361,0
LROC_00254,-88.3051,130.6655,0.199,0.163,0.05,0.64,61,0.25,1
LROC_00255,-84.432,-6.9984,0.179,0.181,0.93,1.61,73,0.404,1
LROC_00256,-80.6385,-155.2486,0.188,0.174,0.34,0.72,93,0.413,1
LROC_00257,-83.0397,17.8982,0.169,0.174,0.07,0.73,93,0.38,0
LROC_00258,-84.2994,-29.8209,0.192,0.165,1.29,1.62,28,0.267,1
LROC_00259,-89.0282,135.9898,0.174,0.176,0.86,1.39,56,0.327,0
LROC_00260,-83.8499,-106.5619,0.183,0.16,0.45,1.2,75,0.354,0
LROC_00261,-80.0995,117.5273,0.198,0.181,0.21,0.66,73,0.317,1
LROC_00262,-88.5992,20.7679,0.197,0.171,0.12,0.98,22,0.102,1
LROC_00263,-84.8167,-160.3403,0.185,0.172,0.46,1.26,71,0.339,1
LROC_00264,-81.2263,169.8643,0.158,0.172,1.62,2.07,36,0.338,1
LROC_00265,-82.5923,4.5415,0.23,0.139,0.16,0.55,35,0.159,0
LROC_00266,-83.0298,-75.2843,0.211,0.194,0.63,1.36,42,0.244,0
LROC_00267,-82.9752,-11.0135,0.196,0.162,2.45,3.05,63,0.546,1
LROC_00268,-86.4051,128.8288,0.174,0.191,0.76,1.17,37,0.239,1
LROC_00269,-87.0641,-70.2349,0.183,0.18,0.43,1.25,68,0.324,1
LROC_00270,-81.9064,-110.6365,0.177,0.139,0.95,1.71,37,0.262,1
LROC_00271,-81.8989,-133.5344,0.204,0.195,1.31,1.81,82,0.485,1
LROC_00272,-81.3293,-72.7706,0.189,0.185,0.67,1.4,60,0.32,0
LROC_00273,-80.8676,100.8173,0.173,0.171,1.54,2.01,82,0.513,0
LROC_00274,-84.8866,-10.2145,0.178,0.179,0.54,1.17,42,0.233,0
LROC_00275,-84.9848,-98.1066,0.202,0.152,1.33,1.76,64,0.416,1
LROC_00276,-82.017,-120.1734,0.209,0.193,2.28,2.53,77,0.582,1
LROC_00277,-83.5004,-60.2174,0.208,0.153,0.52,1.24,24,0.158,1
LROC_00278,-82.9803,158.3728,0.196,0.164,0.7,1.03,51,0.288,1
LROC_00279,-82.0421,-56.5104,0.181,0.168,0.71,1.33,27,0.193,1
LROC_00280,-81.0999,175.7247,0.136,0.2,1.14,1.86,84,0.473,1
LROC_00281,-86.62,-5.317,0.189,0.196,1.3,1.68,44,0.332,1
LROC_00282,-86.2442,-115.501,0.185,0.204,0.05,0.61,94,0.382,1
LROC_00283,-89.0602,140.8104,0.187,0.17,0.99,1.58,86,0.463,1
LROC_00284,-84.2172,-14.2721,0.186,0.182,1.15,1.56,94,0.514,1
LROC_00285,-89.6406,75.4817,0.165,0.187,0.9,1.63,25,0.208,1
LROC_00286,-85.344,174.1362,0.193,0.158,0.94,1.43,15,0.173,1
LROC_00287,-84.5736,-161.9369,0.194,0.209,0.05,0.74,32,0.134,1
LROC_00288,-87.1346,-145.19,0.195,0.193,0.44,0.91,25,0.153,1
LROC_00289,-84.0917,79.3644,0.199,0.173,1.28,1.57,24,0.25,1
LROC_00290,-89.695,-78.543,0.194,0.196,2.04,2.32,62,0.493,1
LROC_00291,-89.6265,-113.6515,0.179,0.198,0.2,0.6,75,0.324,1
LROC_00292,-81.774,-165.8297,0.184,0.178,0.65,1.22,24,0.174,0
LROC_00293,-86.3981,-172.1352,0.186,0.181,1.22,1.79,74,0.442,0
LROC_00294,-88.7294,98.8148,0.187,0.199,1.05,1.37,36,0.27,1
LROC_00295,-84.7776,-131.604,0.2,0.156,0.72,1.09,89,0.442,0
LROC_00296,-82.3001,-11.6206,0.195,0.197,0.05,0.69,23,0.098,1
LROC_00297,-87.8418,38.1229,0.216,0.159,0.97,1.67,29,0.232,1
LROC_00298,-83.7711,-25.7934,0.218,0.185,1.11,1.71,51,0.337,1
LROC_00299,-89.1465,-170.2416,0.186,0.176,0.96,1.32,84,0.451,0
LROC_00300,-89.4832,102.0605,0.127,0.208,1.09,1.82,58,0.363,1
LROC_00301,-84.6865,-176.2152,0.204,0.168,0.42,1.24,83,0.382,1
LROC_00302,-84.5936,94.2804,0.177,0.172,3.81,3.99,17,0.525,1
LROC_00303,-83.6257,141.5896,0.173,0.178,1.1,1.7,24,0.228,1
LROC_00304,-82.7391,-24.1776,0.179,0.2,0.65,1.23,91,0.442,0
LROC_00305,-80.2415,12.7953,0.178,0.145,2.04,2.71,18,0.317,1
LROC_00306,-84.837,-8.286,0.194,0.154,1.79,2.27,70,0.495,1
LROC_00307,-86.7704,-39.8849,0.162,0.176,1.26,2.01,54,0.367,1
LROC_00308,-82.0481,139.4728,0.169,0.168,0.62,1.06,47,0.262,1
LROC_00309,-87.2917,141.8161,0.19,0.197,0.56,1.08,47,0.255,1
LROC_00310,-85.6103,-59.1061,0.194,0.192,0.3,1.06,74,0.332,0
LROC_00311,-89.2154,41.4251,0.195,0.181,0.22,0.99,35,0.166,1
LROC_00312,-89.7465,153.6867,0.173,0.173,0.54,1.25,83,0.397,1
LROC_00313,-80.3735,166.3411,0.17,0.204,0.65,1.41,59,0.314,1
LROC_00314,-81.6402,3.2253,0.177,0.157,0.21,0.94,71,0.309,0
LROC_00315,-83.0403,-16.9831,0.189,0.207,1.92,2.45,91,0.594,0
LROC_00316,-85.9105,-79.67,0.207,0.157,0.61,1.18,54,0.289,1
LROC_00317,-88.2671,165.1939,0.154,0.187,0.56,1.14,78,0.379,1
LROC_00318,-88.4356,-128.5869,0.182,0.172,0.43,0.99,24,0.148,1
LROC_00319,-87.4976,28.7386,0.165,0.17,0.05,0.76,88,0.358,1
LROC_00320,-84.5077,-78.2819,0.16,0.217,1.61,2.05,80,0.513,1
LROC_00321,-82.854,-79.557,0.2,0.182,0.29,0.73,79,0.351,1
LROC_00322,-83.398,-34.2113,0.193,0.191,0.77,1.15,44,0.268,1
LROC_00323,-87.2007,179.5655,0.192,0.155,0.7,1.49,49,0.28,1
LROC_00324,-80.4513,-160.2121,0.199,0.173,0.66,1.01,67,0.347,1
LROC_00325,-82.621,28.2751,0.178,0.188,0.56,0.96,53,0.279,1
LROC_00326,-84.4565,-150.274,0.179,0.184,0.15,0.76,36,0.162,1
LROC_00327,-83.8828,-124.3725,0.218,0.144,0.25,0.76,81,0.354,1
LROC_00328,-85.804,-21.7573,0.181,0.195,0.56,1.11,84,0.403,1
LROC_00329,-87.5227,3.7656,0.196,0.174,1.17,1.51,94,0.516,0
LROC_00330,-86.4403,-86.8347,0.185,0.162,0.42,0.84,81,0.374,1
LROC_00331,-82.4215,-66.0754,0.157,0.162,0.17,0.95,89,0.376,1
LROC_00332,-89.8561,-148.6919,0.154,0.2,0.07,0.84,31,0.132,1
LROC_00333,-88.8393,-70.8409,0.176,0.218,0.82,1.19,33,0.23,1
LROC_00334,-89.54,167.961,0.201,0.154,0.41,1.1,74,0.345,0
LROC_00335,-89.5927,160.0947,0.197,0.174,0.1,0.79,86,0.356,0
LROC_00336,-81.4454,-59.4438,0.199,0.187,0.84,1.51,92,0.469,1
LROC_00337,-82.9634,25.5074,0.17,0.164,0.17,0.79,65,0.28,1
LROC_00338,-85.2583,147.4543,0.209,0.159,0.53,1.01,62,0.312,0
LROC_00339,-89.0217,-177.7738,0.171,0.17,0.27,0.97,71,0.316,0
LROC_00340,-85.0838,111.8461,0.188,0.19,2.01,2.39,24,0.337,1
LROC_00341,-85.2653,161.413,0.185,0.197,0.19,0.68,46,0.207,0
LROC_00342,-88.268,-147.1227,0.182,0.18,0.41,0.97,93,0.421,1
LROC_00343,-85.6615,-121.8788,0.205,0.155,2.4,2.94,82,0.616,1
LROC_00344,-86.015,165.8687,0.174,0.175,0.29,0.9,42,0.203,0
LROC_00345,-83.8415,13.5145,0.165,0.176,0.78,1.25,18,0.166,0
LROC_00346,-83.6491,-174.8892,0.185,0.162,0.29,1.08,75,0.335,1
LROC_00347,-89.547,-87.2525,0.179,0.178,0.09,0.92,91,0.375,1
LROC_00348,-86.2539,-18.0203,0.236,0.162,0.74,1.28,26,0.193,1
LROC_00349,-83.7414,69.4472,0.195,0.18,1.86,2.26,29,0.339,1
LROC_00350,-84.9686,83.9377,0.179,0.179,0.45,1.11,43,0.226,0
LROC_00351,-81.4351,178.3517,0.169,0.185,0.74,1.09,27,0.197,1
LROC_00352,-83.4131,-76.496,0.157,0.188,0.7,1.38,52,0.292,1
LROC_00353,-88.3707,13.7592,0.17,0.164,0.4,1.15,72,0.336,0
LROC_00354,-89.2943,11.9965,0.187,0.178,0.72,1.25,49,0.282,1
LROC_00355,-83.5758,-33.9677,0.206,0.159,0.23,0.69,54,0.244,1
LROC_00356,-89.7349,-119.1017,0.202,0.149,0.36,0.74,90,0.403,1
LROC_00357,-84.1422,171.8844,0.188,0.181,0.44,1.11,19,0.129,1
LROC_00358,-80.5977,127.1942,0.18,0.17,1.5,1.88,16,0.244,1
LROC_00359,-84.2453,-0.6001,0.189,0.178,0.32,0.92,44,0.214,0
LROC_00360,-86.1183,37.1684,0.177,0.193,0.76,1.28,24,0.187,1
LROC_00361,-83.5671,-98.186,0.211,0.151,0.18,0.65,87,0.37,1
LROC_00362,-85.4175,15.7633,0.182,0.179,0.22,0.85,52,0.234,1
LROC_00363,-84.5438,70.1892,0.184,0.15,0.78,1.33,73,0.386,1
LROC_00364,-80.5854,5.4601,0.152,0.215,1.08,1.68,49,0.326,1
LROC_00365,-86.139,176.5027,0.182,0.158,0.47,0.95,85,0.396,0
LROC_00366,-80.3881,40.083,0.198,0.163,0.31,0.79,26,0.141,0
LROC_00367,-80.9465,-46.4495,0.169,0.204,1.81,2.44,56,0.441,1
LROC_00368,-88.0421,97.9747,0.174,0.178,0.11,0.85,63,0.265,0
LROC_00369,-89.3064,-118.6335,0.197,0.153,0.96,1.65,81,0.439,0
LROC_00370,-88.9922,-41.5743,0.163,0.197,0.88,1.25,47,0.294,1
LROC_00371,-89.8178,-55.0948,0.201,0.18,0.88,1.3,27,0.214,0
LROC_00372,-89.0556,-24.5494,0.177,0.171,2.05,2.53,89,0.602,1
LROC_00373,-83.1699,101.4407,0.179,0.172,0.98,1.71,34,0.254,0
LROC_00374,-89.2881,-5.6977,0.168,0.178,0.27,1.09,47,0.22,1
LROC_00375,-86.8102,105.8452,0.191,0.171,0.33,1.11,48,0.232,1
LROC_00376,-81.5512,27.536,0.222,0.132,0.37,0.75,64,0.3,1
LROC_00377,-89.7673,-56.855,0.197,0.169,0.05,0.86,64,0.262,1
LROC_00378,-81.8553,111.5923,0.172,0.209,1.84,2.51,23,0.313,1
LROC_00379,-87.1815,-94.2157,0.202,0.156,0.06,0.48,21,0.091,1
LROC_00380,-88.8184,-99.2221,0.18,0.17,0.9,1.42,23,0.2,1
LROC_00381,-83.0326,1.6211,0.206,0.15,0.98,1.55,40,0.278,1
LROC_00382,-83.7106,-86.0943,0.197,0.181,1.39,1.77,16,0.231,0
LROC_00383,-81.2253,-176.7287,0.141,0.215,0.6,1.2,19,0.148,0
LROC_00384,-82.6493,53.3871,0.17,0.201,0.97,1.72,80,0.436,1
LROC_00385,-81.9652,3.9938,0.199,0.152,0.27,1.08,24,0.128,1
LROC_00386,-87.1797,-19.6136,0.187,0.183,1.03,1.8,45,0.304,1
LROC_00387,-88.2256,168.1087,0.17,0.205,0.32,0.93,47,0.226,1
LROC_00388,-82.4939,25.6317,0.175,0.189,1.75,2.18,20,0.29,1
LROC_00389,-81.9317,130.8354,0.156,0.197,0.13,0.85,28,0.128,1
LROC_00390,-80.0949,-129.7979,0.184,0.17,0.28,0.86,92,0.402,0
LROC_00391,-85.8738,24.9143,0.218,0.165,0.52,0.89,29,0.178,1
LROC_00392,-86.2798,132.4727,0.197,0.19,1.12,1.77,57,0.362,1
LROC_00393,-82.2359,29.9181,0.218,0.167,1.04,1.48,93,0.497,0
LROC_00394,-86.592,78.4851,0.198,0.152,0.18,0.59,34,0.158,1
LROC_00395,-80.6924,-46.0643,0.2,0.163,0.12,0.52,35,0.154,0
LROC_00396,-81.4159,-146.7182,0.215,0.181,0.27,1.11,78,0.344,0
LROC_00397,-85.7101,-15.1559,0.191,0.179,0.5,0.98,43,0.232,1
LROC_00398,-82.4913,-37.9874,0.182,0.18,0.58,1.15,73,0.362,1
LROC_00399,-82.4546,132.1417,0.2,0.162,0.42,1.25,87,0.398,1
LROC_00400,-88.9688,-92.1617,0.207,0.185,0.82,1.37,78,0.41,0
LROC_00401,-80.9745,168.0243,0.178,0.205,0.42,0.82,58,0.282,1
LROC_00402,-84.9475,164.9297,0.174,0.201,2.19,2.65,48,0.455,0
LROC_00403,-81.7354,-90.8526,0.187,0.197,0.23,0.65,61,0.272,1
LROC_00404,-86.7995,-54.7013,0.197,0.166,0.74,1.11,23,0.181,1
LROC_00405,-81.0448,142.4001,0.197,0.164,0.71,1.46,74,0.381,1
LROC_00406,-86.108,167.984,0.164,0.184,0.25,0.77,44,0.206,1
LROC_00407,-89.8916,-20.3619,0.214,0.164,0.4,1.1,31,0.172,0
LROC_00408,-80.9462,-64.4411,0.175,0.203,0.34,0.96,66,0.305,1
LROC_00409,-89.0871,9.3938,0.181,0.196,0.14,0.64,73,0.309,1
LROC_00410,-86.8069,67.5969,0.171,0.191,0.49,1.1,18,0.131,0
LROC_00411,-80.4994,-81.5492,0.225,0.137,0.37,0.77,54,0.26,1
LROC_00412,-80.4939,85.1303,0.189,0.15,0.15,0.71,21,0.102,0
LROC_00413,-84.2656,-161.4034,0.172,0.186,0.45,1.07,52,0.262,0
LROC_00414,-83.6816,-162.254,0.198,0.184,0.41,0.88,46,0.233,1
LROC_00415,-85.5155,-40.9364,0.197,0.17,0.11,0.83,83,0.345,1
LROC_00416,-87.0679,-52.7497,0.182,0.207,0.11,0.52,81,0.337,1
LROC_00417,-86.7134,-66.372,0.198,0.155,0.78,1.34,70,0.374,1
LROC_00418,-83.2748,-3.2329,0.173,0.164,0.92,1.59,34,0.246,1
LROC_00419,-82.4763,-64.5359,0.178,0.17,2.12,2.52,78,0.566,1
LROC_00420,-82.0842,-110.7871,0.155,0.18,0.07,0.9,31,0.132,1
LROC_00421,-82.1038,-68.591,0.165,0.194,0.09,0.8,30,0.131,1
LROC_00422,-89.0879,170.9655,0.212,0.158,0.05,0.92,25,0.106,0
LROC_00423,-85.0558,-31.9992,0.21,0.142,0.57,1.06,27,0.176,0
LROC_00424,-89.4244,-19.9034,0.186,0.19,0.73,1.53,32,0.216,1
LROC_00425,-84.5047,27.5562,0.21,0.139,0.39,1.05,28,0.159,0
LROC_00426,-85.5847,174.0027,0.183,0.162,1.2,1.85,48,0.336,1
LROC_00427,-81.123,-93.0235,0.181,0.154,0.87,1.63,90,0.464,1
LROC_00428,-86.4908,65.2616,0.186,0.179,3.19,3.55,40,0.543,1
LROC_00429,-88.8293,77.7545,0.183,0.18,0.11,0.93,56,0.237,0
LROC_00430,-88.5701,38.6368,0.182,0.207,0.05,0.72,75,0.306,1
LROC_00431,-82.3849,-148.1118,0.202,0.183,0.24,0.92,53,0.241,0
LROC_00432,-83.8178,63.674,0.187,0.197,0.05,0.67,16,0.07,1
LROC_00433,-88.9888,-156.9259,0.196,0.176,2.02,2.29,71,0.526,0
LROC_00434,-89.1589,34.6114,0.2,0.155,0.27,0.92,64,0.288,1
LROC_00435,-82.9903,86.2492,0.191,0.176,0.6,1.43,30,0.192,1
LROC_00436,-89.2724,-104.0508,0.17,0.192,0.29,1.05,76,0.339,1
LROC_00437,-81.7814,122.9839,0.165,0.196,0.21,0.96,25,0.125,1
LROC_00438,-82.9376,-169.0726,0.187,0.169,0.12,0.83,77,0.322,1
LROC_00439,-89.1865,123.7726,0.182,0.185,0.29,0.83,44,0.211,1
LROC_00440,-89.1516,-14.2815,0.186,0.162,0.72,1.13,68,0.358,1
LROC_00441,-80.1336,-101.6683,0.185,0.161,2.67,2.92,85,0.66,1
LROC_00442,-86.2573,-131.8399,0.224,0.142,0.61,0.95,41,0.237,1
LROC_00443,-86.2936,163.1906,0.165,0.186,0.57,1.25,78,0.38,1
LROC_00444,-81.872,-153.8404,0.155,0.173,0.05,0.85,93,0.378,1
LROC_00445,-80.5275,-108.3264,0.19,0.168,1.37,1.77,23,0.256,1
LROC_00446,-80.14,-54.784,0.179,0.193,0.05,0.49,90,0.366,1
LROC_00447,-82.4662,43.2845,0.19,0.159,1.78,2.17,86,0.558,1
LROC_00448,-86.2374,16.1284,0.194,0.165,0.58,1.07,16,0.134,1
LROC_00449,-89.165,-134.7683,0.204,0.169,0.14,0.75,63,0.269,1
LROC_00450,-82.2285,-75.6979,0.162,0.191,0.45,0.94,62,0.302,1
LROC_00451,-84.416,-94.0494,0.177,0.173,3.97,4.14,69,0.752,0
LROC_00452,-85.7578,-103.1246,0.191,0.186,0.27,1.1,94,0.408,1
LROC_00453,-80.9365,-31.988,0.197,0.18,0.24,0.78,81,0.353,1
LROC_00454,-88.888,73.4513,0.218,0.179,0.09,0.87,45,0.191,1
LROC_00455,-85.0737,-101.7169,0.199,0.169,0.68,1.32,40,0.242,1
LROC_00456,-89.8865,-47.9956,0.184,0.17,0.07,0.63,80,0.328,1
LROC_00457,-85.3134,-39.2697,0.172,0.172,1.09,1.79,44,0.307,0
LROC_00458,-89.437,171.5244,0.177,0.185,1.89,2.4,91,0.591,1
LROC_00459,-88.8118,163.6799,0.176,0.175,2.01,2.21,92,0.609,0
LROC_00460,-88.8247,108.0495,0.195,0.164,0.09,0.52,15,0.071,1
LROC_00461,-83.5079,-93.0028,0.189,0.168,0.61,1.33,84,0.409,1
LROC_00462,-82.5396,-155.5066,0.165,0.175,0.08,0.7,36,0.154,1
LROC_00463,-84.1663,-65.9145,0.178,0.183,0.64,1.18,89,0.433,1
LROC_00464,-80.3783,-83.954,0.198,0.15,1.27,1.62,68,0.424,1
LROC_00465,-86.2513,2.1333,0.19,0.179,0.58,1.0,28,0.182,1
LROC_00466,-87.1429,99.982,0.194,0.183,1.54,2.18,28,0.297,1
LROC_00467,-81.314,128.9963,0.191,0.165,1.21,1.9,85,0.485,1
LROC_00468,-87.764,124.1511,0.209,0.195,0.24,0.9,33,0.161,1
LROC_00469,-80.3678,-50.5168,0.189,0.175,0.75,1.22,40,0.25,1
LROC_00470,-89.8785,67.4044,0.179,0.156,0.05,0.91,73,0.298,1
LROC_00471,-80.3012,-67.3797,0.171,0.179,0.38,1.05,36,0.19,1
LROC_00472,-89.5684,-158.074,0.189,0.176,0.2,0.98,20,0.104,0
LROC_00473,-81.0886,72.5635,0.148,0.2,2.07,2.26,77,0.556,1
LROC_00474,-84.723,-176.4621,0.182,0.174,0.39,0.98,91,0.411,0
LROC_00475,-80.0704,-32.6943,0.182,0.163,0.8,1.56,88,0.448,1
LROC_00476,-89.262,-61.4235,0.165,0.169,0.99,1.46,68,0.391,1
LROC_00477,-84.4615,69.6159,0.171,0.173,1.11,1.76,33,0.265,0
LROC_00478,-80.307,95.8484,0.197,0.163,1.0,1.63,24,0.216,0
LROC_00479,-84.769,-70.5259,0.188,0.158,0.26,0.71,51,0.235,1
LROC_00480,-83.706,112.1857,0.187,0.165,0.87,1.57,91,0.468,1
LROC_00481,-83.0425,-74.19,0.19,0.184,0.6,1.0,31,0.196,1
LROC_00482,-85.4546,-19.3225,0.186,0.201,0.68,1.38,69,0.358,1
LROC_00483,-83.7244,81.7267,0.204,0.18,0.05,0.94,19,0.082,1
LROC_00484,-84.1569,69.4513,0.187,0.195,0.22,1.08,35,0.166,1
LROC_00485,-80.9884,175.4527,0.163,0.201,2.0,2.6,53,0.452,1
LROC_00486,-89.5455,-98.942,0.209,0.178,0.26,0.9,34,0.167,0
LROC_00487,-87.1904,58.4344,0.191,0.169,0.43,1.12,85,0.392,1
LROC_00488,-80.4959,39.4855,0.176,0.183,0.15,0.9,29,0.134,1
LROC_00489,-81.0974,149.4354,0.166,0.179,0.11,0.5,93,0.385,1
LROC_00490,-85.4434,-123.7096,0.191,0.171,0.18,0.61,67,0.29,1
LROC_00491,-83.7987,90.6473,0.183,0.179,0.6,1.24,47,0.26,1
LROC_00492,-87.2262,24.5767,0.209,0.177,1.89,2.1,58,0.459,0
LROC_00493,-88.1188,-81.1203,0.18,0.185,0.3,1.12,80,0.356,1
LROC_00494,-85.363,-9.2034,0.172,0.18,0.29,0.91,64,0.291,1
LROC_00495,-86.4665,-59.8404,0.198,0.172,0.62,1.09,46,0.258,1
LROC_00496,-84.1634,28.5528,0.199,0.177,0.33,0.89,93,0.412,0
LROC_00497,-89.2227,140.0402,0.188,0.185,1.81,2.45,85,0.557,1
LROC_00498,-80.2561,24.9498,0.195,0.149,0.36,1.19,87,0.391,1
LROC_00499,-80.1379,47.4201,0.184,0.161,0.51,0.92,69,0.337,1
LROC_00500,-83.0184,6.7492,0.189,0.192,0.57,1.3,42,0.236,0
LROC_00501,-84.639,-161.5804,0.202,0.168,1.14,1.72,17,0.205,1
LROC_00502,-86.9047,-96.1709,0.194,0.166,0.62,1.25,67,0.342,0
LROC_00503,-81.862,-2.8794,0.182,0.174,0.2,0.97,56,0.248,1
LROC_00504,-83.1527,-68.3153,0.205,0.164,0.1,0.6,16,0.076,1
LROC_00505,-88.3738,-114.5651,0.15,0.201,2.08,2.54,36,0.394,0
LROC_00506,-80.8907,1.4878,0.216,0.146,1.21,1.65,39,0.301,1
LROC_00507,-81.7746,-63.7885,0.159,0.189,0.05,0.49,46,0.19,1
LROC_00508,-80.502,-87.0812,0.176,0.184,1.29,1.61,21,0.239,1
LROC_00509,-82.7428,-12.9652,0.184,0.183,0.67,1.07,76,0.384,0
LROC_00510,-83.8658,-132.0177,0.183,0.181,0.55,1.2,45,0.246,1
LROC_00511,-85.8176,153.9885,0.2,0.178,0.05,0.5,77,0.314,0
LROC_00512,-80.6727,132.3728,0.169,0.175,1.14,1.71,51,0.341,1
LROC_00513,-81.3394,74.7434,0.189,0.161,0.17,0.85,82,0.348,1
LROC_00514,-89.5478,-141.763,0.176,0.218,0.98,1.73,93,0.49,1
LROC_00515,-89.7363,99.3158,0.189,0.17,0.05,0.76,23,0.098,1
LROC_00516,-86.2354,110.8646,0.184,0.174,1.19,1.96,84,0.479,1
LROC_00517,-81.8945,96.3953,0.186,0.186,0.05,0.46,60,0.246,1
LROC_00518,-80.1272,-138.9723,0.177,0.204,0.2,0.93,48,0.216,1
LROC_00519,-88.4958,51.8069,0.177,0.172,0.23,0.62,74,0.324,1
LROC_00520,-84.0587,120.3569,0.189,0.16,0.13,0.88,27,0.124,1
LROC_00521,-86.1911,27.8472,0.199,0.152,0.49,1.03,50,0.259,1
LROC_00522,-80.3009,52.7067,0.176,0.205,0.25,0.93,62,0.278,1
LROC_00523,-81.5788,-14.9891,0.172,0.167,3.75,3.93,89,0.806,1
LROC_00524,-81.6167,10.3346,0.194,0.172,0.65,1.06,20,0.158,0
LROC_00525,-85.3131,-167.6243,0.185,0.162,0.63,1.33,19,0.152,1
LROC_00526,-85.8518,50.0267,0.197,0.15,0.19,1.02,79,0.339,1
LROC_00527,-87.2659,-150.679,0.171,0.179,0.39,0.84,64,0.303,1
LROC_00528,-89.4362,-23.3947,0.158,0.175,0.1,0.95,88,0.364,1
LROC_00529,-81.3528,-74.6442,0.177,0.17,1.08,1.44,88,0.482,1
LROC_00530,-81.871,16.3541,0.174,0.212,0.3,1.04,38,0.188,1
LROC_00531,-80.0028,-131.9701,0.184,0.184,1.05,1.82,21,0.21,1
LROC_00532,-80.0336,68.9916,0.175,0.195,0.35,0.79,72,0.33,1
LROC_00533,-84.4457,106.2042,0.196,0.184,3.37,3.65,35,0.544,1
LROC_00534,-82.3101,-121.1924,0.181,0.177,0.14,0.69,47,0.205,1
LROC_00535,-80.5523,-142.4473,0.187,0.169,0.05,0.64,58,0.238,1
LROC_00536,-81.5035,-127.6144,0.187,0.18,0.68,1.39,39,0.238,1
LROC_00537,-87.5265,135.7659,0.188,0.178,2.29,2.79,94,0.651,1
LROC_00538,-85.4946,10.1481,0.185,0.168,0.78,1.59,29,0.21,1
LROC_00539,-88.7084,-11.786,0.193,0.175,0.07,0.56,43,0.18,0
LROC_00540,-80.4595,-141.5837,0.173,0.172,0.58,1.19,66,0.334,1
LROC_00541,-83.9383,53.8402,0.206,0.165,1.8,2.24,31,0.34,1
LROC_00542,-87.7136,132.4799,0.181,0.174,0.05,0.9,50,0.206,1
LROC_00543,-83.283,118.1469,0.165,0.167,0.14,0.53,49,0.213,0
LROC_00544,-83.8187,45.3797,0.188,0.14,1.26,2.03,54,0.367,1
LROC_00545,-86.4184,-152.8997,0.172,0.169,1.68,2.15,37,0.35,1
LROC_00546,-88.8644,-139.5371,0.195,0.199,0.92,1.54,87,0.458,1
LROC_00547,-83.2843,-162.2488,0.218,0.157,3.58,3.8,48,0.622,1
LROC_00548,-84.7969,-87.3075,0.173,0.194,0.07,0.89,72,0.296,1
LROC_00549,-82.2768,-131.1619,0.19,0.143,0.59,1.21,94,0.447,1
LROC_00550,-84.7984,-86.3827,0.159,0.173,0.87,1.51,75,0.404,1
LROC_00551,-81.4782,-41.3791,0.192,0.153,0.91,1.54,42,0.277,1
LROC_00552,-84.4809,159.4738,0.172,0.18,1.18,1.64,74,0.438,1
LROC_00553,-84.3906,39.7354,0.176,0.217,1.87,2.12,46,0.408,1
LROC_00554,-81.2335,120.5906,0.168,0.191,0.34,1.11,72,0.329,1
LROC_00555,-85.9652,75.7265,0.196,0.197,0.05,0.59,58,0.238,1
LROC_00556,-88.6598,-139.4989,0.2,0.166,0.34,1.13,48,0.233,1
LROC_00557,-89.7122,84.9313,0.185,0.197,0.84,1.46,35,0.241,1
LROC_00558,-82.4486,-80.9644,0.172,0.214,0.18,0.74,15,0.082,1
LROC_00559,-83.7969,50.0788,0.209,0.164,1.25,1.82,69,0.426,1
LROC_00560,-82.9592,-57.2537,0.174,0.174,0.19,0.89,94,0.399,1
LROC_00561,-87.8704,179.162,0.153,0.171,0.05,0.8,63,0.258,1
LROC_00562,-88.6363,-85.1215,0.192,0.169,0.53,1.29,35,0.204,1
LROC_00563,-89.8546,-79.513,0.168,0.186,0.97,1.35,69,0.392,0
LROC_00564,-86.4941,155.042,0.2,0.2,0.32,1.16,41,0.202,1
LROC_00565,-84.1008,-171.128,0.179,0.16,1.04,1.54,34,0.261,0
LROC_00566,-86.0776,70.808,0.194,0.174,0.43,1.22,30,0.172,1
LROC_00567,-85.6253,81.1175,0.206,0.14,0.14,0.64,92,0.385,0
LROC_00568,-80.9584,121.0963,0.167,0.178,0.07,0.48,62,0.256,1
LROC_00569,-86.5174,170.7982,0.177,0.185,0.93,1.52,46,0.296,1
LROC_00570,-84.8601,171.2167,0.184,0.185,0.37,0.9,46,0.228,1
LROC_00571,-82.1635,-156.5004,0.208,0.175,1.83,2.54,67,0.488,1
LROC_00572,-86.0346,115.8622,0.175,0.187,0.58,0.97,67,0.338,1
LROC_00573,-83.7791,52.6716,0.176,0.19,0.32,0.71,16,0.102,1
LROC_00574,-81.3764,53.0432,0.192,0.174,0.32,0.71,71,0.322,1
LROC_00575,-80.5048,-133.794,0.176,0.165,0.11,0.61,36,0.157,1
LROC_00576,-88.5293,54.0674,0.187,0.148,0.68,1.3,66,0.346,1
LROC_00577,-80.7341,173.6937,0.162,0.179,0.65,1.24,72,0.366,1
LROC_00578,-85.0788,148.2547,0.218,0.16,1.21,1.66,48,0.337,1
LROC_00579,-87.4176,-21.913,0.165,0.205,0.17,0.6,85,0.36,0
LROC_00580,-85.4086,-165.6187,0.18,0.177,0.26,0.75,31,0.155,1
LROC_00581,-80.1997,-49.5743,0.185,0.174,0.08,0.56,86,0.354,1
LROC_00582,-85.0738,117.5005,0.214,0.169,0.26,1.01,37,0.179,1
LROC_00583,-86.7125,72.5397,0.165,0.182,0.42,1.17,47,0.238,1
LROC_00584,-83.666,-14.6363,0.215,0.175,2.49,3.03,43,0.471,1
LROC_00585,-87.5985,-160.1634,0.196,0.201,0.79,1.6,33,0.227,1
LROC_00586,-89.2414,-26.3179,0.191,0.207,1.15,1.88,83,0.47,0
LROC_00587,-88.7112,-11.151,0.17,0.185,0.3,0.92,51,0.24,1
LROC_00588,-88.7195,154.28,0.194,0.178,0.12,0.72,40,0.174,1
LROC_00589,-88.481,50.791,0.174,0.205,0.22,1.06,38,0.178,1
LROC_00590,-88.6117,-67.805,0.204,0.166,0.22,0.9,68,0.298,1
LROC_00591,-83.5913,9.1146,0.17,0.194,0.66,1.14,35,0.219,0
LROC_00592,-88.1812,-156.2201,0.183,0.161,0.31,0.96,24,0.133,1
LROC_00593,-86.5433,170.1246,0.177,0.176,1.46,2.21,56,0.399,0
LROC_00594,-81.0321,-50.3784,0.17,0.201,3.35,3.84,43,0.574,1
LROC_00595,-85.2604,-7.9678,0.196,0.161,0.32,0.83,71,0.322,1
LROC_00596,-83.3244,-52.0978,0.193,0.171,0.92,1.7,49,0.306,0
LROC_00597,-88.2768,65.7042,0.203,0.145,0.8,1.61,42,0.264,1
LROC_00598,-88.0771,58.4036,0.158,0.219,0.16,0.66,26,0.123,1
LROC_00599,-89.5913,77.516,0.201,0.188,1.88,2.54,72,0.514,1
LROC_00600,-88.3106,-83.4684,0.223,0.162,0.17,0.99,58,0.252,1
LROC_00601,-87.2141,-66.3593,0.178,0.188,1.0,1.32,21,0.204,1
LROC_00602,-88.2299,-134.9096,0.213,0.17,0.32,1.02,30,0.158,1
LROC_00603,-89.113,55.9836,0.181,0.199,0.34,0.86,49,0.237,1
LROC_00604,-88.7936,-165.673,0.164,0.178,0.46,1.15,21,0.139,1
LROC_00605,-85.3922,35.1656,0.18,0.19,1.5,2.21,28,0.292,1
LROC_00606,-87.9367,133.0905,0.201,0.186,0.11,0.75,73,0.305,0
LROC_00607,-86.3573,140.6996,0.172,0.201,0.05,0.65,76,0.31,0
LROC_00608,-84.9658,-18.3464,0.176,0.147,0.39,1.21,88,0.399,1
LROC_00609,-83.0961,-14.6507,0.194,0.164,0.05,0.93,80,0.326,1
LROC_00610,-89.6069,-152.2911,0.185,0.161,0.87,1.21,36,0.248,1
LROC_00611,-82.0059,61.4754,0.194,0.175,1.07,1.82,30,0.248,0
LROC_00612,-83.721,115.6534,0.189,0.145,1.45,1.75,89,0.53,1
LROC_00613,-89.1824,-91.9242,0.192,0.143,1.02,1.49,57,0.35,0
LROC_00614,-81.2642,-28.3317,0.179,0.212,1.86,2.46,34,0.359,0
LROC_00615,-80.7913,121.9822,0.188,0.185,1.03,1.72,24,0.22,1
LROC_00616,-89.3892,135.7634,0.171,0.185,2.06,2.62,33,0.379,1
LROC_00617,-87.2312,-92.4552,0.204,0.174,0.16,0.56,26,0.123,1
LROC_00618,-81.938,18.2054,0.175,0.183,0.52,0.93,24,0.158,1
LROC_00619,-82.5174,-110.7025,0.202,0.184,3.83,4.32,85,0.8,1
LROC_00620,-88.1548,-143.3236,0.181,0.169,0.86,1.21,70,0.383,1
LROC_00621,-87.9065,148.0034,0.188,0.178,1.58,1.86,25,0.29,1
LROC_00622,-86.2953,115.3827,0.178,0.183,0.05,0.86,94,0.382,0
LROC_00623,-85.1548,93.6126,0.17,0.168,1.54,2.11,75,0.485,1
LROC_00624,-83.8175,-162.4441,0.159,0.208,0.9,1.39,52,0.316,1
LROC_00625,-86.3109,123.7424,0.169,0.177,0.14,0.61,31,0.141,0
LROC_00626,-85.3747,-22.3041,0.18,0.194,0.05,0.89,68,0.278,0
LROC_00627,-82.5253,-56.7378,0.188,0.177,0.23,1.1,59,0.264,1
LROC_00628,-89.6332,16.7315,0.2,0.195,1.86,2.1,39,0.379,1
LROC_00629,-87.4756,-147.1128,0.178,0.164,0.83,1.42,45,0.28,1
LROC_00630,-82.8665,92.3928,0.172,0.166,1.89,2.23,79,0.543,1
LROC_00631,-81.0479,29.6766,0.163,0.173,0.44,1.21,53,0.265,0
LROC_00632,-84.8832,-112.8276,0.192,0.176,2.07,2.44,34,0.384,1
LROC_00633,-84.6789,-112.2364,0.206,0.19,0.47,1.18,87,0.404,1
LROC_00634,-88.9283,-113.6705,0.204,0.192,0.17,0.82,57,0.248,1
LROC_00635,-85.5259,-159.4791,0.196,0.137,0.12,0.78,80,0.334,0
LROC_00636,-84.6738,31.6074,0.195,0.176,3.81,4.26,15,0.517,0
LROC_00637,-87.5753,122.5253,0.21,0.117,0.3,0.91,69,0.312,0
LROC_00638,-87.3076,-173.7006,0.19,0.186,0.13,0.94,65,0.276,1
LROC_00639,-86.2272,-162.3583,0.195,0.189,0.05,0.63,19,0.082,0
LROC_00640,-89.7993,26.1973,0.18,0.178,0.25,0.71,26,0.134,1
LROC_00641,-86.7792,115.0184,0.165,0.187,1.65,2.11,28,0.31,0
LROC_00642,-87.8855,-62.374,0.175,0.182,0.57,1.16,74,0.364,1
LROC_00643,-86.725,-54.1388,0.185,0.165,0.75,1.31,54,0.306,0
LROC_00644,-88.8024,34.6847,0.186,0.183,1.92,2.53,23,0.322,0
LROC_00645,-81.0947,-81.2834,0.214,0.16,0.54,1.17,56,0.289,1
LROC_00646,-84.0641,-170.421,0.186,0.19,1.37,2.08,56,0.388,1
LROC_00647,-83.209,84.6823,0.203,0.167,0.29,0.92,47,0.223,1
LROC_00648,-82.1083,45.234,0.178,0.167,2.83,3.06,39,0.496,1
LROC_00649,-85.0156,29.0722,0.18,0.156,0.06,0.52,92,0.375,1
LROC_00650,-89.1308,87.0063,0.165,0.158,0.97,1.71,23,0.208,0
LROC_00651,-84.6289,63.0831,0.174,0.201,0.81,1.16,58,0.329,0
LROC_00652,-84.1316,-105.8825,0.193,0.166,0.16,0.6,72,0.307,1
LROC_00653,-82.5456,-53.1068,0.185,0.182,0.37,0.76,39,0.2,1
LROC_00654,-85.6834,-134.6003,0.199,0.197,0.28,0.86,46,0.218,1
LROC_00655,-88.7242,-133.2515,0.188,0.167,0.07,0.73,36,0.152,1
LROC_00656,-87.1622,63.4305,0.18,0.17,0.66,1.0,69,0.355,1
LROC_00657,-86.3692,129.096,0.217,0.16,3.8,4.08,75,0.756,1
LROC_00658,-83.5408,166.5837,0.184,0.178,0.62,1.15,71,0.358,1
LROC_00659,-84.2922,46.205,0.202,0.197,0.59,1.32,91,0.435,1
LROC_00660,-86.439,-113.7235,0.179,0.203,0.05,0.86,75,0.306,1
LROC_00661,-80.1348,-141.9659,0.196,0.181,0.11,0.84,81,0.337,1
LROC_00662,-83.9423,112.6263,0.199,0.192,0.54,1.12,89,0.421,0
LROC_00663,-87.6277,28.3523,0.188,0.173,3.16,3.35,16,0.443,1
LROC_00664,-88.9822,42.5826,0.15,0.197,1.57,2.24,71,0.472,1
LROC_00665,-88.4714,101.3264,0.185,0.172,0.31,0.85,87,0.385,1
LROC_00666,-87.5404,73.1798,0.203,0.149,0.59,1.11,47,0.259,1
LROC_00667,-88.3932,120.405,0.193,0.191,0.6,1.4,77,0.38,1
LROC_00668,-88.1343,-159.763,0.192,0.182,0.87,1.67,30,0.224,1
LROC_00669,-87.149,89.1074,0.159,0.189,0.87,1.63,15,0.164,1
LROC_00670,-88.2663,126.307,0.174,0.182,1.17,1.95,78,0.452,1
LROC_00671,-81.0323,-76.9914,0.191,0.151,0.05,0.88,83,0.338,1
LROC_00672,-89.1977,50.561,0.191,0.159,2.16,2.7,31,0.383,0
LROC_00673,-84.7549,-66.9017,0.203,0.174,0.05,0.59,54,0.222,0
LROC_00674,-85.896,164.8696,0.183,0.17,0.48,1.31,15,0.118,1
LROC_00675,-80.1762,-167.9675,0.191,0.171,1.89,2.54,27,0.335,0
LROC_00676,-88.8796,28.7254,0.185,0.175,0.5,0.97,32,0.188,0
LROC_00677,-86.0214,-120.0587,0.17,0.173,0.05,0.69,82,0.334,1
LROC_00678,-80.3053,76.3993,0.151,0.178,0.2,0.62,28,0.136,1
LROC_00679,-81.3449,-116.6795,0.191,0.15,0.65,1.46,19,0.154,1
LROC_00680,-81.8293,-95.262,0.188,0.173,0.07,0.75,76,0.312,0
LROC_00681,-87.421,-2.0265,0.176,0.19,0.41,0.89,47,0.237,1
LROC_00682,-88.2911,149.3406,0.161,0.163,0.3,0.82,40,0.196,1
LROC_00683,-83.3136,-103.7828,0.194,0.172,1.27,2.03,75,0.452,1
LROC_00684,-80.7062,-128.0736,0.181,0.183,0.09,0.79,82,0.339,1
LROC_00685,-84.4324,93.2317,0.193,0.158,0.86,1.38,44,0.279,1
LROC_00686,-84.2839,0.223,0.213,0.185,0.39,1.0,76,0.351,1
LROC_00687,-87.2002,148.2426,0.153,0.185,0.66,1.04,76,0.383,1
LROC_00688,-82.3051,-127.2188,0.175,0.18,0.17,0.59,84,0.356,1
LROC_00689,-88.1296,52.534,0.182,0.176,0.71,1.34,71,0.369,1
LROC_00690,-86.7632,-96.1635,0.207,0.14,0.84,1.41,50,0.301,0
LROC_00691,-85.7456,-123.5662,0.16,0.203,0.05,0.62,21,0.09,1
LROC_00692,-84.9239,66.0346,0.214,0.149,1.3,1.85,79,0.472,0
LROC_00693,-87.5759,33.7265,0.187,0.172,1.48,1.77,88,0.53,0
LROC_00694,-88.8516,91.7379,0.184,0.186,0.05,0.92,91,0.37,1
LROC_00695,-83.8938,-68.5935,0.182,0.2,0.69,1.17,55,0.303,0
LROC_00696,-87.1137,-18.7302,0.178,0.164,0.68,1.05,46,0.266,0
LROC_00697,-84.1876,-34.0302,0.201,0.163,0.05,0.53,28,0.118,1
LROC_00698,-88.4564,174.2722,0.169,0.205,0.31,0.73,47,0.225,1
LROC_00699,-85.1886,-74.7904,0.19,0.181,2.6,2.83,44,0.488,1
LROC_00700,-84.6741,-73.8658,0.179,0.19,0.61,1.16,87,0.421,1
LROC_00701,-89.4818,-52.3626,0.174,0.166,2.03,2.6,20,0.324,1
LROC_00702,-86.634,23.2539,0.224,0.154,0.84,1.29,24,0.197,0
LROC_00703,-88.6559,-89.1638,0.191,0.172,0.05,0.66,89,0.362,1
LROC_00704,-89.3663,149.5044,0.194,0.16,0.06,0.92,34,0.143,0
LROC_00705,-80.1004,-84.3532,0.202,0.144,0.96,1.41,26,0.219,1
LROC_00706,-86.7765,142.4937,0.164,0.179,0.61,1.35,36,0.217,1
LROC_00707,-81.9013,-142.749,0.211,0.185,0.1,0.57,90,0.372,1
LROC_00708,-87.4536,56.3626,0.147,0.195,0.71,1.13,28,0.197,0
LROC_00709,-83.185,146.5148,0.173,0.203,1.25,1.75,62,0.398,0
LROC_00710,-82.3977,-119.2502,0.178,0.183,1.05,1.46,68,0.398,1
LROC_00711,-84.0436,168.5977,0.194,0.161,0.21,1.04,50,0.225,0
LROC_00712,-85.2842,-16.962,0.188,0.195,0.22,0.62,75,0.326,1
LROC_00713,-85.8816,160.4574,0.182,0.181,2.58,3.02,69,0.586,1
LROC_00714,-86.5113,63.6552,0.185,0.191,1.64,2.18,28,0.309,1
LROC_00715,-80.7047,-71.4287,0.17,0.167,0.29,0.69,16,0.099,1
LROC_00716,-81.6938,-112.2111,0.163,0.202,1.3,1.94,16,0.22,1
LROC_00717,-80.3497,-70.6554,0.196,0.188,0.13,0.75,75,0.316,1
LROC_00718,-88.757,-146.5137,0.195,0.177,0.16,0.91,20,0.099,0
LROC_00719,-82.6913,-128.2075,0.209,0.154,0.15,0.95,39,0.174,1
LROC_00720,-80.6166,-142.3222,0.173,0.181,0.07,0.62,81,0.332,0
LROC_00721,-88.1877,-27.7403,0.195,0.181,1.45,1.95,37,0.322,1
LROC_00722,-89.335,106.4082,0.181,0.182,0.65,1.12,87,0.426,1
LROC_00723,-82.5888,-129.1019,0.203,0.178,0.22,0.7,42,0.194,1
LROC_00724,-84.2553,-133.0846,0.2,0.185,1.42,1.68,39,0.326,1
LROC_00725,-81.5817,51.6344,0.188,0.166,1.22,1.98,79,0.462,1
LROC_00726,-88.6023,-109.0141,0.18,0.162,0.08,0.69,80,0.33,1
LROC_00727,-82.0473,-144.8604,0.199,0.17,0.77,1.1,93,0.464,0
LROC_00728,-87.9837,-119.9345,0.195,0.167,0.96,1.27,57,0.343,0
LROC_00729,-88.3634,152.5433,0.175,0.193,0.94,1.39,54,0.329,1
LROC_00730,-88.3573,115.7297,0.165,0.17,0.96,1.27,94,0.491,1
LROC_00731,-81.8543,-52.5368,0.181,0.194,0.14,0.71,37,0.165,1
LROC_00732,-83.348,56.0955,0.208,0.187,0.28,0.68,63,0.286,0
LROC_00733,-84.7693,13.4192,0.202,0.169,1.39,1.67,22,0.255,1
LROC_00734,-86.4117,63.7647,0.168,0.185,1.71,2.27,21,0.289,1
LROC_00735,-81.228,65.7616,0.167,0.173,0.25,1.08,35,0.17,1
LROC_00736,-86.0755,46.3442,0.204,0.16,0.05,0.65,49,0.202,0
LROC_00737,-81.834,-84.2035,0.168,0.178,1.47,2.14,75,0.476,0
LROC_00738,-85.6087,-165.9577,0.193,0.195,0.36,0.74,88,0.395,1
LROC_00739,-86.2306,-15.996,0.176,0.18,0.3,1.06,82,0.364,0
LROC_00740,-85.3732,140.7506,0.209,0.146,0.32,0.72,44,0.214,0
LROC_00741,-86.9862,25.019,0.173,0.186,0.4,1.18,82,0.376,0
LROC_00742,-82.5239,119.6608,0.202,0.181,0.36,1.17,23,0.135,1
LROC_00743,-84.9728,176.9848,0.188,0.175,0.63,1.36,31,0.2,1
LROC_00744,-87.6779,-121.0982,0.189,0.197,0.06,0.86,57,0.235,1
LROC_00745,-81.0043,69.04,0.155,0.202,2.67,3.08,71,0.604,1
LROC_00746,-86.1611,62.7457,0.152,0.176,2.07,2.4,27,0.356,1
LROC_00747,-84.5645,172.784,0.182,0.17,2.04,2.56,71,0.529,1
LROC_00748,-80.9353,174.8163,0.189,0.178,1.59,2.05,40,0.351,1
LROC_00749,-83.7576,67.2043,0.168,0.159,0.81,1.13,75,0.397,1
LROC_00750,-88.831,-92.2987,0.169,0.189,0.19,0.81,76,0.327,1
LROC_00751,-80.6017,107.4801,0.193,0.147,0.05,0.77,33,0.138,0
LROC_00752,-83.7229,-141.4695,0.193,0.189,0.08,0.48,44,0.186,0
LROC_00753,-86.6509,101.0517,0.183,0.191,0.29,0.97,27,0.143,1
LROC_00754,-88.6073,147.6706,0.197,0.179,0.53,1.2,63,0.316,0
LROC_00755,-82.0597,-42.18,0.167,0.175,3.75,3.85,65,0.71,1
LROC_00756,-83.7993,47.0287,0.18,0.182,0.43,1.0,23,0.144,1
LROC_00757,-84.6654,-25.1486,0.21,0.158,0.56,1.39,43,0.239,1
LROC_00758,-81.0611,-22.4046,0.186,0.161,0.89,1.64,22,0.195,1
LROC_00759,-82.114,-68.2665,0.187,0.171,0.15,0.74,90,0.378,1
LROC_00760,-88.4833,94.3667,0.22,0.171,2.03,2.4,29,0.36,1
LROC_00761,-86.8828,157.0236,0.164,0.187,0.56,0.97,83,0.399,1
LROC_00762,-87.5151,158.6703,0.197,0.193,0.24,0.63,48,0.221,1
LROC_00763,-82.5605,-117.0787,0.21,0.177,2.05,2.39,66,0.51,1
LROC_00764,-89.6647,134.9077,0.18,0.189,0.74,1.54,64,0.345,0
LROC_00765,-84.3011,85.4753,0.198,0.147,0.5,1.33,81,0.384,1
LROC_00766,-82.3754,-88.9785,0.17,0.179,0.65,1.39,19,0.154,1
LROC_00767,-81.2323,-155.7775,0.175,0.165,1.03,1.5,23,0.216,0
LROC_00768,-86.5792,-83.521,0.191,0.171,0.13,0.59,19,0.092,1
LROC_00769,-81.7874,148.395,0.197,0.161,1.5,2.05,41,0.344,1
LROC_00770,-88.8937,47.9443,0.202,0.163,2.4,2.88,61,0.532,1
LROC_00771,-81.5355,79.5797,0.209,0.182,0.63,1.18,76,0.38,1
LROC_00772,-88.7251,-87.4252,0.184,0.184,0.86,1.52,59,0.339,1
LROC_00773,-86.0271,78.9797,0.203,0.184,1.47,2.1,80,0.496,0
LROC_00774,-82.027,-169.8763,0.18,0.155,0.35,1.11,37,0.19,0
LROC_00775,-88.5008,-44.8843,0.199,0.171,3.7,3.98,75,0.744,0
LROC_00776,-87.7075,45.6312,0.188,0.19,0.86,1.57,57,0.331,0
LROC_00777,-82.7775,-127.4052,0.192,0.196,0.41,0.78,49,0.245,1
LROC_00778,-82.7996,116.2813,0.191,0.151,0.85,1.51,44,0.278,1
LROC_00779,-83.5885,-95.3887,0.161,0.182,0.55,1.01,81,0.39,1
LROC_00780,-83.0605,54.8212,0.168,0.2,0.09,0.62,24,0.107,0
LROC_00781,-84.5728,-34.129,0.187,0.173,1.19,1.52,70,0.423,1
LROC_00782,-87.482,34.5757,0.16,0.174,0.62,1.05,48,0.266,0
LROC_00783,-86.543,-141.3178,0.197,0.148,1.19,1.97,79,0.459,1
LROC_00784,-88.184,-173.9114,0.198,0.157,0.13,0.72,20,0.096,1
LROC_00785,-80.9155,147.4432,0.19,0.149,0.58,1.39,84,0.406,1
LROC_00786,-84.1661,-82.9332,0.168,0.185,1.09,1.46,57,0.359,1
LROC_00787,-85.9915,115.0837,0.206,0.181,3.34,3.51,30,0.521,1
LROC_00788,-85.3799,179.7661,0.216,0.144,1.62,2.14,77,0.502,1
LROC_00789,-80.5272,-103.8847,0.187,0.18,1.5,1.92,79,0.496,1
LROC_00790,-88.4665,-84.5385,0.193,0.186,0.21,0.91,19,0.101,1
LROC_00791,-84.1377,58.6295,0.188,0.175,1.37,1.84,39,0.32,1
LROC_00792,-84.9411,167.5615,0.193,0.149,0.14,0.93,41,0.181,0
LROC_00793,-83.8855,149.6932,0.183,0.183,0.17,0.77,56,0.244,1
LROC_00794,-89.8189,1.0352,0.184,0.176,0.09,0.77,69,0.287,1
LROC_00795,-81.2788,106.2397,0.199,0.168,1.46,1.87,40,0.335,1
LROC_00796,-80.6788,-131.1315,0.22,0.153,0.09,0.83,30,0.131,0
LROC_00797,-84.3487,171.8777,0.164,0.188,0.11,0.83,42,0.181,1
LROC_00798,-83.0335,167.1672,0.183,0.185,0.21,0.79,44,0.201,1
LROC_00799,-80.775,-121.0576,0.167,0.221,0.64,1.11,91,0.441,1
LROC_00800,-82.9276,-72.2077,0.209,0.168,1.59,2.14,59,0.427,1
LROC_00801,-88.4746,-143.9442,0.176,0.203,0.41,1.24,33,0.181,0
LROC_00802,-84.2371,-82.1817,0.163,0.192,0.59,1.0,27,0.179,1
LROC_00803,-83.9328,113.7441,0.195,0.171,0.14,0.93,89,0.373,1
LROC_00804,-85.7587,-43.8064,0.211,0.167,0.23,0.88,37,0.176,1
LROC_00805,-82.6356,-148.1771,0.195,0.154,0.11,0.76,28,0.125,1
LROC_00806,-80.6563,-56.7988,0.188,0.18,0.4,1.24,88,0.4,1
LROC_00807,-80.7443,173.298,0.191,0.144,0.67,1.31,37,0.228,1
LROC_00808,-85.4916,46.6861,0.206,0.154,0.25,1.04,54,0.246,1
LROC_00809,-88.8676,-30.1821,0.172,0.184,1.4,1.92,78,0.48,0
LROC_00810,-80.1516,-120.0461,0.183,0.196,2.98,3.21,73,0.65,1
LROC_00811,-81.611,175.0236,0.178,0.201,0.1,0.84,34,0.148,1
LROC_00812,-88.7534,115.5056,0.167,0.181,0.05,0.91,46,0.19,1
LROC_00813,-80.7916,-78.6682,0.18,0.181,1.17,1.87,92,0.508,0
LROC_00814,-81.301,-154.7753,0.202,0.184,0.16,0.64,38,0.171,1
LROC_00815,-84.8116,-159.6148,0.193,0.153,0.33,0.86,60,0.28,1
LROC_00816,-84.0872,-136.6639,0.195,0.178,0.38,1.0,32,0.174,0
LROC_00817,-86.01,29.0767,0.187,0.163,1.86,2.36,62,0.471,1
LROC_00818,-89.4524,154.3548,0.193,0.171,0.81,1.23,28,0.209,0
LROC_00819,-86.648,-1.1724,0.173,0.175,0.05,0.56,68,0.278,0
LROC_00820,-81.9715,123.4604,0.18,0.186,0.05,0.82,35,0.146,0
LROC_00821,-89.9537,-19.4808,0.188,0.184,0.17,0.92,19,0.096,0
LROC_00822,-86.665,75.0901,0.189,0.188,0.29,1.08,45,0.215,1
LROC_00823,-86.0183,83.4742,0.19,0.18,0.5,1.32,81,0.384,0
LROC_00824,-84.626,-117.3731,0.183,0.18,1.36,1.78,73,0.455,0
LROC_00825,-80.8014,-49.9622,0.179,0.207,0.28,1.08,58,0.266,1
LROC_00826,-86.5365,49.4288,0.232,0.133,0.35,1.05,78,0.354,1
LROC_00827,-86.5305,-154.5492,0.199,0.196,0.3,1.15,56,0.26,1
LROC_00828,-82.625,-49.8455,0.191,0.17,0.05,0.58,52,0.214,0
LROC_00829,-85.4778,12.5278,0.182,0.187,2.33,2.63,21,0.364,0
LROC_00830,-87.754,178.6408,0.178,0.175,0.11,0.85,73,0.305,1
LROC_00831,-85.4756,-9.1679,0.183,0.167,0.25,1.09,83,0.362,0
LROC_00832,-88.5914,113.7804,0.189,0.182,0.1,0.9,84,0.348,1
LROC_00833,-88.2361,-24.4558,0.157,0.205,0.51,1.22,63,0.313,1
LROC_00834,-85.0163,106.7007,0.161,0.195,2.02,2.41,92,0.61,1
LROC_00835,-85.8107,34.3493,0.175,0.173,0.08,0.83,25,0.11,1
LROC_00836,-80.8515,139.1744,0.188,0.23,0.44,1.2,16,0.117,0
LROC_00837,-86.3761,-32.0607,0.181,0.197,0.05,0.82,41,0.17,1
LROC_00838,-84.1941,37.5496,0.207,0.181,1.11,1.74,30,0.253,1
LROC_00839,-83.6774,46.8067,0.163,0.181,0.77,1.12,78,0.404,1
LROC_00840,-89.8691,-29.7421,0.174,0.172,0.9,1.54,80,0.428,0
LROC_00841,-83.3646,-128.0477,0.208,0.162,0.48,1.07,63,0.31,1
LROC_00842,-88.2196,-146.3186,0.187,0.192,1.79,2.49,30,0.335,1
LROC_00843,-80.3893,-173.9982,0.198,0.156,0.4,1.06,87,0.396,1
LROC_00844,-88.5134,134.4723,0.216,0.147,0.54,1.19,66,0.329,1
LROC_00845,-85.8538,-94.869,0.175,0.189,0.89,1.7,87,0.455,0
LROC_00846,-89.1465,-103.8576,0.184,0.182,0.55,0.94,19,0.142,1
LROC_00847,-80.0313,84.9727,0.181,0.167,0.16,0.68,50,0.219,1
LROC_00848,-84.978,-64.7942,0.156,0.173,0.29,0.99,21,0.119,0
LROC_00849,-84.0461,2.1761,0.18,0.201,0.07,0.62,75,0.308,1
LROC_00850,-89.3292,-121.496,0.198,0.176,0.43,0.96,43,0.224,0
LROC_00851,-82.5004,165.5085,0.193,0.153,0.71,1.49,81,0.409,1
LROC_00852,-87.9009,126.5693,0.194,0.153,0.09,0.77,44,0.187,1
LROC_00853,-81.0195,130.9643,0.179,0.174,0.75,1.13,54,0.306,1
LROC_00854,-87.9486,-33.5615,0.175,0.192,1.68,2.07,45,0.382,0
LROC_00855,-88.0931,94.45,0.204,0.177,0.31,0.72,62,0.285,1
LROC_00856,-89.6345,-128.2046,0.178,0.197,0.19,0.85,20,0.103,1
LROC_00857,-85.2793,-176.8972,0.189,0.153,1.68,2.0,76,0.506,0
LROC_00858,-84.3516,-172.8097,0.187,0.179,0.88,1.62,43,0.278,1
LROC_00859,-89.3429,31.1766,0.207,0.188,0.08,0.76,23,0.102,0
LROC_00860,-82.2447,-16.0578,0.2,0.19,0.39,0.78,68,0.319,1
LROC_00861,-85.4671,6.4855,0.166,0.191,0.84,1.31,25,0.201,1
LROC_00862,-84.7561,-177.3133,0.167,0.22,0.64,1.28,33,0.209,1
LROC_00863,-85.5924,-27.8328,0.194,0.182,0.72,1.22,88,0.438,1
LROC_00864,-85.9924,78.5045,0.184,0.193,0.63,1.22,19,0.152,1
LROC_00865,-84.4036,-20.6303,0.178,0.181,1.2,1.93,84,0.48,1
LROC_00866,-88.4476,83.5989,0.2,0.158,0.29,0.84,32,0.163,1
LROC_00867,-88.1807,-96.1132,0.188,0.162,0.92,1.4,35,0.25,1
LROC_00868,-81.3821,112.7311,0.186,0.179,3.54,4.0,29,0.541,1
LROC_00869,-80.5388,31.8352,0.197,0.168,0.37,0.89,73,0.336,1
LROC_00870,-86.2669,-104.1253,0.179,0.153,1.17,1.49,88,0.492,0
LROC_00871,-87.2926,-94.7806,0.209,0.151,0.21,0.68,20,0.105,1
LROC_00872,-83.56,46.091,0.173,0.177,0.25,1.1,38,0.182,1
LROC_00873,-85.9127,118.7783,0.195,0.183,2.05,2.71,74,0.542,1
LROC_00874,-89.7461,-30.374,0.207,0.167,0.05,0.56,42,0.174,0
LROC_00875,-88.4385,-87.0118,0.164,0.185,0.18,0.84,88,0.374,1
LROC_00876,-82.8403,132.1242,0.18,0.164,0.49,0.91,37,0.207,0
LROC_00877,-83.4108,60.9366,0.202,0.169,0.39,1.09,93,0.419,1
LROC_00878,-89.729,-18.6892,0.202,0.189,0.74,1.16,60,0.329,1
LROC_00879,-87.7803,-4.3559,0.182,0.18,0.16,0.57,51,0.223,1
LROC_00880,-87.6893,-106.4677,0.174,0.159,0.05,0.86,28,0.118,0
LROC_00881,-83.2811,45.6489,0.199,0.152,0.35,0.88,62,0.29,1
LROC_00882,-89.8029,-50.8527,0.203,0.177,0.56,0.96,92,0.435,1
LROC_00883,-88.9589,178.4323,0.168,0.181,0.62,1.37,85,0.414,1
LROC_00884,-82.0008,-7.1339,0.167,0.184,0.69,1.4,50,0.283,1
LROC_00885,-88.2146,-5.0812,0.188,0.166,0.6,1.28,74,0.368,0
LROC_00886,-83.4725,23.7066,0.194,0.18,0.21,1.04,68,0.297,1
LROC_00887,-87.6182,150.0322,0.181,0.174,1.08,1.62,93,0.502,1
LROC_00888,-89.0056,108.2945,0.195,0.169,0.07,0.53,77,0.316,1
LROC_00889,-87.5683,-17.5932,0.174,0.169,0.17,0.58,62,0.268,1
LROC_00890,-82.7773,78.7317,0.153,0.205,1.01,1.47,36,0.265,1
LROC_00891,-81.443,31.0448,0.179,0.176,0.25,0.67,57,0.258,1
LROC_00892,-81.6978,-2.7479,0.186,0.185,0.51,1.13,55,0.281,0
LROC_00893,-86.0282,-110.7663,0.181,0.161,0.3,0.68,31,0.16,1
LROC_00894,-83.3191,-12.9829,0.168,0.21,0.53,1.1,77,0.372,1
LROC_00895,-87.9502,-91.5053,0.158,0.208,0.32,0.78,93,0.41,1
LROC_00896,-87.0685,149.3432,0.177,0.152,3.86,4.06,32,0.591,1
LROC_00897,-81.0366,-59.2535,0.198,0.159,0.33,1.03,86,0.384,1
LROC_00898,-89.87,162.815,0.204,0.175,0.74,1.24,17,0.157,1
LROC_00899,-89.1449,11.8999,0.203,0.149,1.64,2.05,68,0.469,1
LROC_00900,-87.9211,47.356,0.173,0.18,0.76,1.58,28,0.203,0
LROC_00901,-89.7347,15.4586,0.168,0.191,0.63,1.33,48,0.268,1
LROC_00902,-88.1856,-133.423,0.192,0.171,0.63,1.22,15,0.136,1
LROC_00903,-84.1696,-44.7044,0.195,0.18,0.51,1.15,62,0.309,0
LROC_00904,-85.7858,-144.3074,0.191,0.164,1.24,1.83,24,0.245,0
LROC_00905,-81.0733,44.2635,0.155,0.157,0.05,0.46,25,0.106,1
LROC_00906,-81.8256,-19.1253,0.172,0.197,1.62,1.9,80,0.514,0
LROC_00907,-86.5818,100.0746,0.185,0.191,0.66,1.32,17,0.147,1
LROC_00908,-87.4058,-100.6306,0.192,0.211,1.42,1.86,29,0.286,0
LROC_00909,-86.2031,-120.7562,0.197,0.138,0.05,0.47,73,0.298,1
LROC_00910,-84.0971,-33.7204,0.187,0.187,1.53,1.93,78,0.496,0
LROC_00911,-87.3194,153.5707,0.19,0.145,0.1,0.56,61,0.256,1
LROC_00912,-83.7585,75.7519,0.186,0.203,0.96,1.72,16,0.179,0
LROC_00913,-85.9059,-29.1875,0.195,0.18,0.4,0.86,44,0.224,1
LROC_00914,-84.4795,6.218,0.19,0.16,0.86,1.25,52,0.311,1
LROC_00915,-85.6387,-149.6833,0.186,0.188,0.74,1.38,19,0.165,1
LROC_00916,-87.0553,174.4473,0.181,0.17,0.13,0.78,20,0.096,1
LROC_00917,-80.5155,59.9066,0.186,0.181,0.54,1.17,19,0.141,1
LROC_00918,-82.3639,-77.2545,0.192,0.177,0.24,0.83,26,0.133,1
LROC_00919,-88.5989,30.891,0.189,0.201,0.62,1.19,18,0.146,1
LROC_00920,-81.3153,-140.5863,0.191,0.201,1.0,1.69,38,0.272,1
LROC_00921,-85.1257,167.7012,0.205,0.159,0.06,0.56,39,0.163,1
LROC_00922,-81.0545,-117.0774,0.189,0.191,0.54,1.08,40,0.225,1
LROC_00923,-82.0014,53.2909,0.175,0.187,0.72,1.53,69,0.362,1
LROC_00924,-85.7479,-91.6364,0.198,0.15,0.26,0.73,60,0.271,1
LROC_00925,-89.7753,78.3221,0.165,0.175,2.29,2.61,60,0.515,1
LROC_00926,-87.3132,99.6557,0.169,0.219,0.55,0.99,57,0.294,0
LROC_00927,-84.5837,62.4311,0.19,0.18,0.15,0.55,74,0.314,0
LROC_00928,-83.6652,41.2198,0.193,0.188,0.09,0.62,47,0.199,0
LROC_00929,-87.4211,141.2889,0.166,0.182,0.59,0.95,35,0.211,1
LROC_00930,-88.6064,-151.6944,0.179,0.171,0.35,0.79,51,0.246,0
LROC_00931,-81.6507,-60.8707,0.176,0.181,0.16,0.73,26,0.123,1
LROC_00932,-80.156,-90.6165,0.178,0.176,0.05,0.46,35,0.146,0
LROC_00933,-84.7431,175.685,0.199,0.148,0.63,1.34,27,0.184,1
LROC_00934,-88.2832,-39.8197,0.196,0.157,0.68,1.41,47,0.27,0
LROC_00935,-87.2769,83.7406,0.185,0.187,0.11,0.7,84,0.349,1
LROC_00936,-89.8161,66.5011,0.177,0.175,0.69,1.51,90,0.443,0
LROC_00937,-80.857,-103.6508,0.165,0.186,2.28,2.79,75,0.574,1
LROC_00938,-88.8225,-93.9608,0.206,0.171,2.87,3.35,44,0.52,1
LROC_00939,-84.2348,-78.7376,0.194,0.177,1.65,1.98,51,0.402,1
LROC_00940,-87.2594,-31.9942,0.174,0.199,1.23,1.93,30,0.268,1
LROC_00941,-84.4582,-95.643,0.196,0.155,0.18,1.03,59,0.258,1
LROC_00942,-83.4858,-172.9255,0.184,0.186,0.13,0.64,85,0.356,1
LROC_00943,-81.7026,136.5815,0.181,0.19,0.44,1.14,15,0.113,1
LROC_00944,-87.9358,167.6195,0.192,0.188,0.72,1.42,67,0.354,0
LROC_00945,-89.89,-57.0347,0.174,0.161,1.43,1.84,42,0.34,1
LROC_00946,-88.6311,-58.1375,0.18,0.183,0.2,0.82,67,0.292,1
LROC_00947,-80.9998,-177.4469,0.187,0.202,0.49,0.89,58,0.291,1
LROC_00948,-81.2611,64.8902,0.178,0.178,0.78,1.19,81,0.418,0
LROC_00949,-84.0259,117.1584,0.195,0.18,0.44,0.83,53,0.265,0
LROC_00950,-83.9948,-127.221,0.213,0.176,0.45,1.09,24,0.15,1
LROC_00951,-83.3496,-122.5201,0.174,0.166,0.19,0.88,65,0.283,1
LROC_00952,-88.2463,104.43,0.16,0.216,3.24,3.77,28,0.501,1
LROC_00953,-80.8559,41.8647,0.155,0.198,0.48,1.1,93,0.43,1
LROC_00954,-85.8123,-163.8502,0.183,0.185,0.57,1.04,20,0.148,1
LROC_00955,-86.1686,44.1169,0.175,0.156,0.18,0.59,53,0.234,1
LROC_00956,-84.8108,-68.7896,0.188,0.187,0.54,1.33,94,0.441,1
LROC_00957,-89.5303,-47.2589,0.187,0.183,0.22,0.84,62,0.274,1
LROC_00958,-88.3372,97.1033,0.161,0.212,0.17,0.92,39,0.176,1
LROC_00959,-82.6197,111.9367,0.158,0.184,0.24,0.62,47,0.217,1
LROC_00960,-89.172,-35.8716,0.189,0.16,0.05,0.69,89,0.362,0
LROC_00961,-83.9685,160.9751,0.187,0.166,0.63,1.13,81,0.4,1
LROC_00962,-87.5465,-33.6734,0.179,0.172,0.37,0.75,79,0.36,0
LROC_00963,-86.107,97.861,0.16,0.171,1.72,2.34,54,0.422,1
LROC_00964,-87.1131,-5.8042,0.192,0.193,0.05,0.7,39,0.162,1
LROC_00965,-86.4433,143.1116,0.204,0.188,0.05,0.61,71,0.29,0
LROC_00966,-82.8095,146.794,0.189,0.172,1.63,2.27,46,0.38,1
LROC_00967,-87.0288,-148.5299,0.172,0.177,0.1,0.71,60,0.252,1
LROC_00968,-84.336,157.1376,0.186,0.149,0.05,0.45,18,0.078,1
LROC_00969,-85.2395,117.1925,0.165,0.196,0.15,1.01,37,0.166,1
LROC_00970,-83.3633,104.8719,0.201,0.194,1.3,1.7,94,0.532,0
LROC_00971,-80.6317,-107.6719,0.186,0.167,1.22,1.91,89,0.502,1
LROC_00972,-82.6743,109.8429,0.158,0.187,0.31,1.09,36,0.181,1
LROC_00973,-87.8506,126.0478,0.18,0.186,0.83,1.23,47,0.288,1
LROC_00974,-89.6882,-75.9059,0.192,0.199,0.53,1.11,55,0.284,1
LROC_00975,-87.3774,162.8136,0.18,0.182,1.76,2.0,76,0.515,0
LROC_00976,-84.0492,-162.0503,0.181,0.181,0.05,0.62,52,0.214,1
LROC_00977,-89.4857,-126.0327,0.167,0.188,1.26,1.9,70,0.431,1
LROC_00978,-85.0363,13.5292,0.193,0.152,0.14,0.64,77,0.325,0
LROC_00979,-84.0316,27.2853,0.175,0.16,0.37,0.79,91,0.408,0
LROC_00980,-86.6576,52.254,0.153,0.179,0.16,0.8,90,0.379,1
LROC_00981,-82.2909,-173.8911,0.179,0.195,0.91,1.49,69,0.385,1
LROC_00982,-88.934,165.732,0.2,0.165,0.85,1.5,65,0.362,1
LROC_00983,-89.2486,-163.9483,0.179,0.172,0.6,1.32,79,0.388,1
LROC_00984,-82.7181,-128.4977,0.211,0.157,0.9,1.56,71,0.392,1
LROC_00985,-85.0451,-174.9548,0.191,0.172,0.77,1.52,41,0.256,1
LROC_00986,-83.116,24.069,0.19,0.2,1.12,1.52,71,0.418,1
LROC_00987,-85.6517,155.6161,0.183,0.175,0.21,0.87,69,0.301,1
LROC_00988,-87.536,59.741,0.184,0.165,0.42,0.96,86,0.394,1
LROC_00989,-81.809,116.1567,0.181,0.179,0.12,0.99,18,0.086,0
LROC_00990,-82.0058,-175.2188,0.18,0.205,0.42,1.0,79,0.366,0
LROC_00991,-83.053,15.1255,0.193,0.166,0.91,1.7,70,0.389,1
LROC_00992,-87.2785,-14.5573,0.171,0.165,0.88,1.58,67,0.374,1
LROC_00993,-84.0977,-0.3715,0.169,0.176,0.93,1.6,58,0.344,0
LROC_00994,-86.3903,-154.0033,0.168,0.186,0.28,0.9,30,0.154,0
LROC_00995,-89.0842,66.3967,0.216,0.173,0.81,1.35,37,0.245,1
LROC_00996,-80.8269,1.1593,0.193,0.188,0.34,0.97,45,0.221,1
LROC_00997,-88.6318,95.4536,0.19,0.159,2.17,2.5,42,0.428,1
LROC_00998,-80.4976,-5.2954,0.169,0.17,0.32,1.14,64,0.294,0
LROC_00999,-85.5399,-126.2226,0.194,0.168,0.69,1.42,30,0.203,1
LROC_01000,-88.1487,53.3725,0.183,0.188,1.04,1.74,55,0.345,0
LROC_01001,-84.581,-117.9409,0.188,0.156,1.78,2.22,23,0.306,1
LROC_01002,-81.2705,134.062,0.17,0.174,0.43,0.82,16,0.116,1
LROC_01003,-82.6778,40.7218,0.187,0.167,0.34,1.05,57,0.269,1
LROC_01004,-81.9344,-123.4066,0.179,0.194,0.42,0.97,80,0.37,1
LROC_01005,-83.4122,166.4417,0.174,0.19,0.29,1.1,94,0.411,1
LROC_01006,-83.0772,6.6116,0.196,0.185,0.8,1.51,91,0.46,1
LROC_01007,-81.508,-153.7566,0.162,0.207,2.02,2.29,63,0.494,1
LROC_01008,-87.5033,45.6598,0.193,0.169,0.1,0.79,35,0.152,0
LROC_01009,-85.1058,-88.8484,0.195,0.154,0.62,1.3,33,0.206,1
LROC_01010,-87.7879,109.3296,0.172,0.165,1.71,2.22,71,0.489,0
LROC_01011,-80.1233,114.4159,0.173,0.155,0.08,0.73,91,0.374,1
LROC_01012,-80.5594,172.421,0.182,0.171,0.51,0.97,74,0.357,1
LROC_01013,-89.6057,0.673,0.189,0.169,1.5,1.87,33,0.312,1
LROC_01014,-82.9442,-16.2155,0.183,0.189,1.73,2.34,78,0.52,1
LROC_01015,-80.7475,91.2512,0.192,0.174,0.54,0.9,49,0.261,1
LROC_01016,-88.1942,-132.3106,0.211,0.158,0.05,0.83,47,0.194,1
LROC_01017,-84.3205,16.8896,0.177,0.179,0.08,0.74,81,0.334,0
LROC_01018,-80.8451,16.6491,0.159,0.173,0.66,1.46,62,0.327,1
LROC_01019,-89.6605,-147.7897,0.197,0.187,0.1,0.99,74,0.308,0
LROC_01020,-83.0258,-29.5257,0.21,0.154,0.12,0.84,59,0.25,1
LROC_01021,-87.0265,127.1825,0.191,0.157,1.11,1.61,89,0.489,1
LROC_01022,-80.756,128.2153,0.169,0.196,1.04,1.57,82,0.453,1
LROC_01023,-80.2894,-144.2744,0.183,0.186,1.39,1.75,82,0.495,0
LROC_01024,-80.5573,-147.3405,0.168,0.159,0.08,0.52,29,0.126,1
LROC_01025,-85.2579,-85.4296,0.195,0.185,0.17,0.84,86,0.364,0
LROC_01026,-81.3796,134.9158,0.165,0.175,1.34,2.01,29,0.277,1
LROC_01027,-81.5545,-133.5951,0.18,0.173,0.96,1.39,37,0.263,1
LROC_01028,-86.809,79.1988,0.17,0.186,1.23,1.72,74,0.444,1
LROC_01029,-81.7108,-143.5804,0.187,0.185,3.44,3.77,28,0.525,0
LROC_01030,-89.6299,44.3296,0.18,0.186,1.5,2.2,16,0.244,1
LROC_01031,-84.0373,-51.8158,0.188,0.175,0.55,0.96,57,0.294,1
LROC_01032,-87.6999,104.009,0.185,0.17,0.28,0.77,85,0.374,0
LROC_01033,-88.7943,-95.8714,0.17,0.19,0.63,1.43,30,0.196,1
LROC_01034,-89.2305,50.1127,0.194,0.171,0.76,1.1,42,0.259,1
LROC_01035,-83.0371,-95.1543,0.184,0.204,0.31,1.01,46,0.221,0
LROC_01036,-86.6013,76.9177,0.17,0.192,1.11,1.72,85,0.473,0
LROC_01037,-82.7523,134.5241,0.219,0.148,0.07,0.65,16,0.072,1
LROC_01038,-89.3464,-134.3514,0.192,0.166,1.13,1.65,86,0.48,0
LROC_01039,-86.8471,131.9744,0.183,0.178,0.05,0.87,21,0.09,1
LROC_01040,-84.6051,33.6871,0.206,0.187,0.52,0.95,52,0.27,1
LROC_01041,-82.0928,-134.2402,0.213,0.185,1.48,1.85,62,0.426,0
LROC_01042,-86.8125,-26.0849,0.183,0.172,0.07,0.72,87,0.356,1
LROC_01043,-83.7411,-122.0903,0.19,0.16,0.55,1.1,16,0.13,0
LROC_01044,-81.1402,72.1252,0.17,0.168,0.13,0.8,56,0.24,1
LROC_01045,-83.8414,93.1925,0.183,0.181,1.69,2.38,56,0.427,0
LROC_01046,-87.6704,-141.9133,0.182,0.213,1.34,2.06,34,0.297,1
LROC_01047,-89.756,2.2103,0.188,0.183,2.04,2.35,20,0.325,1
LROC_01048,-81.299,113.265,0.19,0.151,1.56,1.96,25,0.287,0
LROC_01049,-89.7873,157.0187,0.193,0.162,1.0,1.38,83,0.452,0
LROC_01050,-81.253,4.8664,0.189,0.166,0.15,1.0,88,0.37,1
LROC_01051,-84.7106,162.1005,0.167,0.173,0.27,0.84,54,0.248,1
LROC_01052,-80.6093,12.848,0.171,0.177,0.52,1.09,50,0.262,1
LROC_01053,-82.0122,-38.0914,0.177,0.186,0.67,1.4,65,0.34,1
LROC_01054,-80.0207,125.3531,0.181,0.189,1.14,1.68,61,0.381,1
LROC_01055,-86.4929,-2.5262,0.201,0.186,0.19,0.63,31,0.147,1
LROC_01056,-82.3281,-10.1151,0.168,0.192,0.1,0.71,40,0.172,1
LROC_01057,-85.9807,-3.4875,0.18,0.15,0.49,1.16,67,0.327,1
LROC_01058,-85.2012,124.8426,0.199,0.155,0.13,0.88,62,0.264,1
LROC_01059,-83.7249,119.499,0.181,0.176,0.89,1.52,41,0.271,1
LROC_01060,-81.2632,-34.7328,0.192,0.176,0.64,1.04,60,0.317,1
LROC_01061,-80.1592,-60.0121,0.183,0.191,1.01,1.46,81,0.445,1
LROC_01062,-82.3173,-2.9059,0.189,0.176,0.05,0.81,33,0.138,1
LROC_01063,-85.8223,26.1981,0.182,0.179,2.51,3.1,86,0.645,1
LROC_01064,-85.7864,-94.1986,0.195,0.176,0.05,0.47,79,0.322,1
LROC_01065,-82.6242,105.8238,0.162,0.183,0.3,0.69,85,0.376,1
LROC_01066,-87.6122,-4.8662,0.18,0.18,0.85,1.49,50,0.302,1
LROC_01067,-88.8953,-59.7436,0.189,0.192,0.05,0.72,81,0.33,1
LROC_01068,-86.4538,-141.5444,0.193,0.172,0.07,0.54,56,0.232,1
LROC_01069,-87.1276,-94.0157,0.207,0.166,0.06,0.73,81,0.331,1
LROC_01070,-87.0369,161.7412,0.179,0.179,0.65,1.47,83,0.41,1
LROC_01071,-87.6639,-70.1641,0.207,0.186,1.7,2.25,63,0.456,1
LROC_01072,-89.5791,-119.2107,0.175,0.165,0.61,1.17,51,0.277,1
LROC_01073,-89.8213,-14.1578,0.205,0.194,0.69,1.43,60,0.323,0
LROC_01074,-80.1228,-69.4484,0.197,0.154,0.32,0.79,94,0.414,1
LROC_01075,-85.7223,-167.3427,0.171,0.173,0.05,0.65,70,0.286,1
LROC_01076,-86.1567,-63.6677,0.19,0.186,0.05,0.71,77,0.314,1
LROC_01077,-83.2035,15.8791,0.184,0.193,1.64,2.13,92,0.565,0
LROC_01078,-87.8175,18.6165,0.194,0.152,0.08,0.93,44,0.186,1
LROC_01079,-80.5004,-51.6388,0.182,0.162,6.35,6.26,77,0.98,1
LROC_01080,-82.1365,-18.971,0.18,0.183,0.13,0.55,90,0.376,1
LROC_01081,-89.1059,167.5865,0.206,0.202,0.84,1.61,40,0.261,1
LROC_01082,-85.8242,-44.1545,0.184,0.196,2.23,2.52,37,0.416,1
LROC_01083,-81.2088,-87.0383,0.197,0.168,0.34,0.9,34,0.177,1
LROC_01084,-80.5527,-92.3519,0.182,0.142,0.99,1.56,60,0.359,0
LROC_01085,-85.326,-15.2047,0.21,0.167,0.32,1.18,94,0.414,1
LROC_01086,-83.8659,93.4273,0.175,0.187,0.27,0.91,45,0.212,1
LROC_01087,-88.3297,-105.8443,0.176,0.175,0.17,0.78,81,0.344,0
LROC_01088,-80.0883,75.3466,0.208,0.154,1.29,1.85,35,0.295,1
LROC_01089,-87.6833,-172.3861,0.178,0.182,0.22,1.08,65,0.286,0
LROC_01090,-80.5727,-29.1841,0.209,0.152,0.25,1.03,53,0.242,1
LROC_01091,-83.5035,99.3114,0.198,0.199,5.16,5.13,77,0.927,1
LROC_01092,-83.9226,-58.0561,0.183,0.2,0.3,1.07,83,0.368,0
LROC_01093,-84.8731,22.9454,0.158,0.199,0.41,1.19,34,0.185,1
LROC_01094,-87.6933,-106.2075,0.185,0.178,3.46,3.86,37,0.563,1
LROC_01095,-88.2347,87.1183,0.187,0.166,0.35,1.04,56,0.266,1
LROC_01096,-87.7951,-161.1795,0.203,0.168,0.34,0.93,87,0.389,1
LROC_01097,-88.1356,126.9154,0.209,0.191,1.32,1.91,17,0.226,0
LROC_01098,-82.2042,-108.6493,0.175,0.194,0.28,1.02,41,0.198,0
LROC_01099,-86.4987,134.7833,0.197,0.174,0.2,0.64,88,0.376,0
LROC_01100,-89.4216,-53.0895,0.196,0.186,0.41,0.9,94,0.425,1
LROC_01101,-80.309,80.1661,0.201,0.178,0.9,1.31,38,0.26,0
LROC_01102,-81.1621,-65.0789,0.192,0.18,0.05,0.87,23,0.098,0
LROC_01103,-80.7225,146.1282,0.156,0.205,0.35,1.06,16,0.106,1
LROC_01104,-80.0509,-134.4106,0.183,0.185,0.32,0.91,20,0.118,1
LROC_01105,-88.261,-115.7329,0.168,0.197,0.21,1.0,85,0.365,1
LROC_01106,-86.0376,-2.5092,0.182,0.181,0.8,1.48,93,0.468,1
LROC_01107,-82.4176,-150.5022,0.2,0.166,0.26,1.09,35,0.171,0
LROC_01108,-83.0398,-109.4471,0.19,0.166,0.7,1.07,43,0.256,1
LROC_01109,-88.461,159.7559,0.202,0.159,0.53,1.13,27,0.172,1
LROC_01110,-81.8417,171.5363,0.19,0.15,0.18,0.92,83,0.354,1
LROC_01111,-87.7556,-44.5466,0.166,0.172,0.23,0.71,56,0.252,1
LROC_01112,-87.7618,152.383,0.147,0.18,0.14,0.69,15,0.077,1
LROC_01113,-84.6303,16.1369,0.187,0.168,0.05,0.65,34,0.142,1
LROC_01114,-84.0706,-82.8927,0.182,0.202,0.72,1.45,57,0.314,0
LROC_01115,-84.1991,72.8635,0.17,0.181,0.84,1.4,15,0.161,1
LROC_01116,-89.0851,57.2047,0.159,0.192,0.14,0.77,54,0.233,1
LROC_01117,-81.2254,176.0851,0.174,0.186,0.72,1.26,21,0.17,1
LROC_01118,-87.344,-84.583,0.182,0.202,3.02,3.23,49,0.558,0
LROC_01119,-88.7049,61.9414,0.195,0.164,0.06,0.92,66,0.271,1
LROC_01120,-81.1125,-161.2714,0.188,0.172,0.51,1.02,48,0.253,1
LROC_01121,-80.4435,-139.0874,0.209,0.164,0.99,1.57,64,0.375,0
LROC_01122,-81.3787,-178.5894,0.169,0.201,0.05,0.52,83,0.338,0
LROC_01123,-81.9048,179.8058,0.198,0.191,1.13,1.63,43,0.308,1
LROC_01124,-83.4476,108.8185,0.186,0.183,2.92,3.48,85,0.69,1
LROC_01125,-84.4914,103.2203,0.195,0.191,0.07,0.96,15,0.068,1
LROC_01126,-89.1301,3.5014,0.178,0.183,1.3,1.75,87,0.504,1
LROC_01127,-85.9155,-71.9759,0.201,0.167,0.36,0.8,72,0.331,0
LROC_01128,-86.2731,-125.5449,0.189,0.193,0.12,0.67,79,0.33,1
LROC_01129,-87.4025,-77.5171,0.175,0.189,0.51,1.02,31,0.185,1
LROC_01130,-82.7658,-44.6504,0.185,0.166,0.06,0.78,76,0.311,1
LROC_01131,-85.0412,92.2716,0.181,0.194,0.55,1.14,93,0.438,1
LROC_01132,-89.1895,14.2782,0.192,0.17,0.05,0.83,56,0.23,0
LROC_01133,-87.7982,-152.1059,0.167,0.18,0.98,1.63,42,0.286,1
LROC_01134,-83.1674,-173.5096,0.185,0.19,0.5,0.98,17,0.128,1
LROC_01135,-89.2387,-143.1604,0.191,0.173,0.46,1.21,19,0.131,1
LROC_01136,-81.4879,-32.2205,0.185,0.183,0.16,0.97,80,0.339,1
LROC_01137,-85.0485,155.9495,0.205,0.178,0.34,1.01,68,0.313,0
LROC_01138,-85.1941,49.4649,0.197,0.16,0.15,1.0,52,0.226,1
LROC_01139,-84.0759,108.6573,0.185,0.183,1.0,1.69,94,0.496,1
LROC_01140,-81.7532,-12.1051,0.188,0.196,0.17,0.85,58,0.252,1
LROC_01141,-86.5219,-49.8002,0.189,0.161,0.72,1.5,90,0.446,0
LROC_01142,-83.2198,-140.9759,0.191,0.181,0.25,0.93,71,0.314,1
LROC_01143,-84.3427,135.3359,0.158,0.176,0.8,1.38,85,0.436,1
LROC_01144,-87.3297,101.9376,0.18,0.194,0.58,1.1,38,0.222,1
LROC_01145,-81.2137,-119.4775,0.163,0.202,0.41,1.21,94,0.425,1
LROC_01146,-82.0257,4.4138,0.204,0.163,0.84,1.22,73,0.393,1
LROC_01147,-83.4155,-4.5451,0.184,0.21,0.4,1.0,22,0.136,1
LROC_01148,-81.4942,45.033,0.182,0.195,1.29,1.83,16,0.219,1
LROC_01149,-81.3271,160.6273,0.198,0.182,0.98,1.56,55,0.338,1
LROC_01150,-82.9164,28.7177,0.191,0.184,0.58,1.25,70,0.35,1
LROC_01151,-81.6299,14.4782,0.168,0.199,1.57,2.07,62,0.436,0
LROC_01152,-83.0253,-161.8837,0.184,0.162,1.32,1.72,36,0.302,1
LROC_01153,-83.1986,-157.3533,0.18,0.182,0.57,1.34,32,0.196,1
LROC_01154,-83.8139,-112.5552,0.159,0.194,0.05,0.77,93,0.378,1
LROC_01155,-82.4728,-168.3105,0.175,0.175,0.63,1.4,55,0.296,0
LROC_01156,-88.4139,87.607,0.182,0.185,0.33,0.84,81,0.364,1
LROC_01157,-81.1913,80.3989,0.183,0.196,0.58,1.24,62,0.318,1
LROC_01158,-81.2816,-131.0198,0.163,0.18,0.78,1.46,37,0.242,1
LROC_01159,-89.7075,120.9884,0.202,0.168,0.78,1.29,16,0.158,0
LROC_01160,-81.7418,-124.277,0.183,0.165,0.84,1.56,18,0.173,1
LROC_01161,-88.7113,-71.5768,0.186,0.149,0.85,1.17,40,0.262,0
LROC_01162,-86.6488,-90.3683,0.191,0.186,0.09,0.78,33,0.143,1
LROC_01163,-82.5649,-45.9694,0.173,0.182,0.16,0.85,63,0.271,1
LROC_01164,-88.3924,-88.321,0.192,0.174,0.75,1.34,88,0.442,1
LROC_01165,-81.8203,-3.9777,0.179,0.165,0.39,1.07,67,0.315,1
LROC_01166,-81.6787,-33.3332,0.172,0.18,1.08,1.46,20,0.21,1
LROC_01167,-84.9253,175.165,0.194,0.189,0.1,0.83,76,0.316,1
LROC_01168,-89.9361,-159.8665,0.207,0.167,0.16,0.71,15,0.079,1
LROC_01169,-87.1296,-128.8147,0.196,0.172,0.61,1.18,30,0.193,1
LROC_01170,-83.8307,-160.9827,0.199,0.174,0.52,1.03,66,0.326,0
LROC_01171,-80.1881,45.3028,0.177,0.162,0.23,0.84,21,0.112,1
LROC_01172,-83.6819,-160.3767,0.161,0.197,0.39,1.06,49,0.243,1
LROC_01173,-87.402,121.1183,0.207,0.148,0.05,0.86,92,0.374,0
LROC_01174,-83.6599,4.2979,0.216,0.149,0.05,0.69,82,0.334,1
LROC_01175,-84.6001,9.7227,0.208,0.151,0.07,0.62,29,0.124,1
LROC_01176,-82.2015,22.174,0.18,0.176,0.64,1.22,71,0.361,1
LROC_01177,-88.9302,-118.5071,0.168,0.179,1.49,2.09,37,0.327,1
LROC_01178,-82.3897,-108.8315,0.169,0.184,0.23,0.78,92,0.396,1
LROC_01179,-84.5873,-65.2258,0.16,0.174,0.05,0.65,25,0.106,1
LROC_01180,-80.3701,33.6587,0.183,0.193,0.92,1.51,18,0.182,0
LROC_01181,-86.5813,-104.3576,0.209,0.178,1.45,1.85,72,0.462,1
LROC_01182,-83.6738,-138.1206,0.183,0.175,0.11,0.6,54,0.229,0
LROC_01183,-80.6797,169.2421,0.19,0.167,0.37,0.8,72,0.332,0
LROC_01184,-88.9749,-172.0865,0.206,0.159,0.13,0.69,81,0.34,1
LROC_01185,-80.6277,108.9711,0.179,0.175,0.08,0.5,52,0.218,0
LROC_01186,-83.1211,103.6927,0.216,0.142,0.78,1.39,16,0.158,1
LROC_01187,-89.3216,-73.0029,0.215,0.149,2.57,2.8,54,0.524,0
LROC_01188,-86.9904,-131.1744,0.183,0.191,0.85,1.35,70,0.382,1
LROC_01189,-82.9183,-127.5737,0.176,0.185,3.14,3.36,86,0.721,0
LROC_01190,-89.3265,71.0754,0.195,0.197,0.43,1.1,49,0.248,1
LROC_01191,-84.1783,51.4104,0.18,0.175,1.71,2.36,63,0.457,1
LROC_01192,-86.5412,101.7884,0.168,0.179,0.17,0.87,81,0.344,1
LROC_01193,-83.7908,157.4932,0.204,0.162,0.09,0.75,58,0.243,1
LROC_01194,-89.5426,69.0939,0.203,0.164,0.91,1.55,45,0.289,1
LROC_01195,-81.2846,-123.8934,0.187,0.166,0.35,0.73,79,0.358,1
LROC_01196,-80.2651,-92.3607,0.166,0.189,0.29,0.72,90,0.395,1
LROC_01197,-80.3112,123.1897,0.167,0.185,0.83,1.19,32,0.228,1
LROC_01198,-82.5035,-104.6498,0.187,0.168,0.3,0.72,50,0.236,0
LROC_01199,-88.6991,-153.892,0.178,0.199,0.64,1.11,76,0.381,0
LROC_01200,-82.4174,73.1808,0.18,0.207,0.27,0.91,43,0.204,1
LROC_01201,-89.7541,-35.0905,0.2,0.187,1.15,1.49,37,0.286,1
LROC_01202,-89.7788,151.2144,0.196,0.18,0.28,1.12,17,0.102,0
LROC_01203,-86.7639,54.0918,0.206,0.179,0.57,1.34,44,0.244,1
LROC_01204,-85.1136,-147.4492,0.17,0.211,0.05,0.93,59,0.242,1
LROC_01205,-82.2959,161.2284,0.18,0.19,1.18,1.48,63,0.394,0
LROC_01206,-83.167,-86.9194,0.196,0.163,0.73,1.48,33,0.22,1
LROC_01207,-85.541,-58.6035,0.192,0.179,0.16,0.95,78,0.331,0
LROC_01208,-87.2637,-35.1863,0.208,0.176,0.18,1.01,19,0.098,1
LROC_01209,-80.0288,-161.5593,0.191,0.159,0.23,0.87,70,0.308,1
LROC_01210,-85.7382,-1.2544,0.213,0.16,0.64,1.37,48,0.269,1
LROC_01211,-85.4861,-135.6053,0.193,0.19,0.6,0.97,87,0.42,1
LROC_01212,-88.3638,-35.6507,0.201,0.142,0.24,0.65,62,0.277,1
LROC_01213,-82.0519,-53.7445,0.18,0.16,0.89,1.26,40,0.267,1
LROC_01214,-83.0632,98.2224,0.185,0.174,1.65,2.34,19,0.274,1
LROC_01215,-87.7923,109.1414,0.199,0.176,0.05,0.48,45,0.186,1
LROC_01216,-89.1762,-124.7714,0.209,0.146,0.4,0.81,38,0.2,1
LROC_01217,-83.195,-48.0416,0.196,0.17,0.68,1.48,36,0.226,1
LROC_01218,-83.4549,-45.5929,0.184,0.195,0.66,1.05,36,0.223,0
LROC_01219,-87.2674,-125.4922,0.206,0.168,0.05,0.88,71,0.29,1
LROC_01220,-80.4914,107.4433,0.152,0.206,0.18,0.96,44,0.198,0
LROC_01221,-88.4894,74.6022,0.164,0.177,0.05,0.47,61,0.25,1
LROC_01222,-85.6767,-111.4626,0.195,0.16,0.63,0.98,88,0.428,1
LROC_01223,-80.5638,-47.9801,0.185,0.189,0.78,1.37,81,0.418,1
LROC_01224,-85.8027,-141.9102,0.194,0.178,0.13,1.02,53,0.228,1
LROC_01225,-83.6147,46.1544,0.186,0.159,0.3,1.11,80,0.356,0
LROC_01226,-86.0241,-136.3061,0.194,0.161,0.3,0.83,91,0.4,1
LROC_01227,-87.2578,174.9363,0.173,0.206,1.29,1.75,43,0.327,1
LROC_01228,-80.1602,101.0455,0.194,0.159,0.16,0.74,28,0.131,1
LROC_01229,-85.9067,-39.5141,0.2,0.184,0.6,1.31,18,0.144,1
LROC_01230,-81.059,28.283,0.203,0.161,1.15,1.61,86,0.482,1
LROC_01231,-87.7005,148.0831,0.215,0.163,1.33,1.67,19,0.236,1
LROC_01232,-87.869,19.4757,0.189,0.179,0.82,1.51,58,0.33,1
LROC_01233,-89.6887,-117.1805,0.189,0.143,0.27,0.87,38,0.184,1
LROC_01234,-83.4833,-43.6668,0.162,0.165,1.3,1.61,42,0.324,1
LROC_01235,-86.3147,123.5322,0.177,0.182,1.02,1.71,38,0.274,1
LROC_01236,-81.3564,51.9167,0.182,0.167,0.91,1.51,19,0.185,1
LROC_01237,-85.2679,54.2608,0.201,0.184,0.05,0.69,27,0.114,0
LROC_01238,-80.3181,132.0557,0.176,0.157,0.05,0.78,69,0.282,1
LROC_01239,-88.1447,141.8303,0.197,0.18,0.89,1.45,44,0.283,1
LROC_01240,-81.3138,151.1253,0.185,0.156,2.17,2.68,63,0.512,1
LROC_01241,-82.234,-145.8543,0.182,0.173,1.11,1.83,29,0.249,1
LROC_01242,-82.2908,15.8854,0.189,0.159,1.34,1.91,44,0.337,1
LROC_01243,-81.5522,86.5834,0.179,0.208,0.59,1.26,42,0.239,1
LROC_01244,-82.3898,92.4937,0.179,0.159,0.27,0.95,18,0.104,1
LROC_01245,-83.7378,38.4178,0.159,0.187,0.85,1.43,82,0.43,1
LROC_01246,-88.6876,-119.9566,0.181,0.153,0.93,1.32,29,0.228,1
LROC_01247,-89.6747,107.0714,0.178,0.204,0.84,1.32,48,0.293,1
LROC_01248,-80.7915,79.2401,0.177,0.186,2.2,2.73,89,0.62,1
LROC_01249,-83.8335,-148.9911,0.191,0.176,0.34,0.92,57,0.269,1
LROC_01250,-82.0346,-13.0285,0.195,0.194,0.05,0.65,89,0.362,1
LROC_01251,-85.1848,-117.3681,0.188,0.178,1.79,2.39,75,0.515,0
LROC_01252,-88.8269,-58.5083,0.2,0.173,0.13,0.52,77,0.324,1
LROC_01253,-88.7481,-173.4908,0.194,0.175,0.9,1.55,16,0.172,0
LROC_01254,-83.1443,-35.8812,0.181,0.187,1.55,2.04,66,0.45,1
LROC_01255,-85.6969,17.9557,0.178,0.173,0.28,0.84,66,0.298,0
LROC_01256,-87.9948,43.0497,0.19,0.171,1.33,1.77,29,0.276,1
LROC_01257,-85.0841,58.8565,0.194,0.185,0.3,0.76,54,0.252,1
LROC_01258,-89.3579,121.0649,0.206,0.171,1.19,1.64,42,0.311,1
LROC_01259,-84.1803,-102.4334,0.203,0.167,0.05,0.64,69,0.282,0
LROC_01260,-87.3101,-136.6265,0.177,0.159,0.8,1.34,64,0.352,1
LROC_01261,-82.0244,126.5534,0.183,0.2,0.85,1.5,36,0.246,1
LROC_01262,-86.8964,-123.6194,0.195,0.162,0.51,1.09,43,0.233,1
LROC_01263,-85.4478,170.9136,0.201,0.184,0.87,1.58,86,0.448,0
LROC_01264,-89.8838,123.3138,0.199,0.173,1.92,2.45,26,0.334,0
LROC_01265,-89.2755,0.3156,0.184,0.158,0.99,1.39,52,0.327,0
LROC_01266,-86.0751,173.3117,0.166,0.204,2.44,2.73,16,0.357,1
LROC_01267,-85.2006,-144.9444,0.17,0.187,0.45,0.84,26,0.158,1
LROC_01268,-83.9998,-70.8963,0.189,0.195,0.56,1.38,69,0.343,0
LROC_01269,-87.0834,49.7608,0.19,0.172,0.23,1.05,26,0.132,0
LROC_01270,-83.0502,-53.9975,0.169,0.195,3.18,3.3,23,0.474,1
LROC_01271,-81.3988,154.2141,0.186,0.15,0.05,0.73,93,0.378,1
LROC_01272,-82.2015,-156.3746,0.194,0.165,0.33,1.18,46,0.224,1
LROC_01273,-89.6038,17.7883,0.168,0.165,0.27,1.02,87,0.38,1
LROC_01274,-85.1949,32.7119,0.202,0.163,0.37,0.98,22,0.132,0
LROC_01275,-88.9507,54.9821,0.179,0.187,1.87,2.2,42,0.392,1
LROC_01276,-87.5795,-87.9602,0.204,0.159,0.34,0.85,70,0.321,1
LROC_01277,-80.1334,-48.7561,0.177,0.193,1.87,2.45,50,0.424,1
LROC_01278,-88.575,123.725,0.17,0.171,0.41,1.16,51,0.253,0
LROC_01279,-85.0111,-109.8206,0.178,0.193,1.45,1.97,46,0.358,1
LROC_01280,-83.8184,117.6724,0.184,0.197,0.55,0.96,53,0.278,1
LROC_01281,-82.9754,22.556,0.179,0.195,0.28,1.12,63,0.286,0
LROC_01282,-84.4035,94.3875,0.182,0.173,0.45,1.23,32,0.182,1
LROC_01283,-89.9023,76.8987,0.19,0.143,0.41,0.84,37,0.197,1
LROC_01284,-86.7354,-105.2959,0.182,0.187,0.23,0.64,47,0.216,1
LROC_01285,-84.8229,24.7726,0.184,0.175,0.26,0.9,87,0.379,1
LROC_01286,-89.1213,132.3803,0.159,0.174,0.15,0.68,65,0.278,1
LROC_01287,-86.4937,-24.4382,0.191,0.166,0.31,0.82,57,0.265,1
LROC_01288,-89.668,167.9727,0.184,0.199,0.73,1.1,18,0.16,1
LROC_01289,-89.2142,-17.2026,0.209,0.149,0.37,1.21,94,0.42,0
LROC_01290,-86.0308,-128.5972,0.171,0.19,0.93,1.65,81,0.436,1
LROC_01291,-88.6728,-39.8035,0.158,0.192,3.26,3.39,86,0.735,1
LROC_01292,-84.3246,162.6129,0.194,0.167,0.36,1.16,94,0.419,1
LROC_01293,-83.1054,-64.9005,0.19,0.184,0.47,1.16,16,0.12,1
LROC_01294,-81.9941,132.5153,0.17,0.208,0.13,0.68,59,0.252,1
LROC_01295,-87.9985,137.2502,0.162,0.183,0.37,1.17,94,0.42,1
LROC_01296,-88.3252,-53.9329,0.208,0.163,0.97,1.57,54,0.332,0
LROC_01297,-88.9543,-150.0272,0.206,0.177,0.18,0.99,16,0.086,1
LROC_01298,-83.6357,80.8408,0.148,0.207,0.15,0.77,46,0.202,1
LROC_01299,-82.9352,-67.8556,0.178,0.178,0.35,0.97,15,0.102,1
LROC_01300,-89.6841,101.8525,0.21,0.161,1.28,1.7,32,0.282,1
LROC_01301,-80.6379,-20.6443,0.178,0.147,0.73,1.25,78,0.4,1
LROC_01302,-89.4803,-5.304,0.178,0.168,2.37,2.82,46,0.468,1
LROC_01303,-84.587,100.0474,0.181,0.161,1.76,2.46,23,0.303,1
LROC_01304,-82.9094,-42.3492,0.168,0.195,0.12,0.81,69,0.29,1
LROC_01305,-81.2903,-20.4742,0.159,0.185,0.05,0.52,81,0.33,1
LROC_01306,-82.8591,-44.5714,0.201,0.165,0.38,0.75,38,0.198,1
LROC_01307,-81.9827,-47.7574,0.157,0.189,0.55,1.32,25,0.166,1
LROC_01308,-86.6055,9.3408,0.189,0.162,0.54,1.07,42,0.233,1
LROC_01309,-81.8517,111.1678,0.198,0.194,0.11,0.66,30,0.133,1
LROC_01310,-89.1989,-49.7634,0.163,0.206,0.1,0.89,26,0.116,1
LROC_01311,-81.0518,8.7317,0.171,0.207,0.05,0.92,82,0.334,0
LROC_01312,-84.5241,61.4618,0.203,0.179,1.43,2.06,18,0.244,1
LROC_01313,-81.827,-83.0018,0.193,0.173,2.21,2.48,89,0.621,1
LROC_01314,-85.4768,-80.0918,0.176,0.205,0.09,0.68,80,0.331,1
LROC_01315,-83.5642,156.0287,0.203,0.158,0.18,0.94,45,0.202,1
LROC_01316,-84.736,80.4724,0.203,0.156,0.07,0.92,70,0.288,0
LROC_01317,-82.6841,27.7872,0.189,0.166,1.57,2.31,64,0.444,0
LROC_01318,-89.1837,53.1792,0.171,0.191,2.39,2.81,81,0.611,1
LROC_01319,-89.3965,-169.4522,0.179,0.168,0.23,1.02,15,0.088,1
LROC_01320,-87.529,42.5171,0.189,0.173,0.27,0.67,83,0.364,1
LROC_01321,-88.4046,3.4232,0.182,0.154,0.34,0.85,53,0.253,0
LROC_01322,-81.2822,16.4699,0.199,0.178,0.52,1.05,66,0.326,1
LROC_01323,-87.8079,-50.6074,0.162,0.164,0.86,1.66,50,0.303,1
LROC_01324,-80.2413,-150.6694,0.163,0.173,0.53,0.88,81,0.388,1
LROC_01325,-86.631,-110.3979,0.188,0.194,2.26,2.59,26,0.375,1
LROC_01326,-88.1788,162.2681,0.178,0.198,0.08,0.94,75,0.31,1
LROC_01327,-82.103,-32.8682,0.176,0.186,1.2,1.63,94,0.52,1
LROC_01328,-83.4129,-11.9941,0.158,0.193,0.31,0.79,86,0.381,0
LROC_01329,-85.018,-161.0245,0.185,0.169,0.36,1.09,25,0.143,1
LROC_01330,-84.4464,-166.4762,0.184,0.166,0.93,1.61,28,0.224,1
LROC_01331,-82.808,78.1853,0.195,0.167,1.99,2.43,68,0.511,1
LROC_01332,-87.7155,13.7141,0.186,0.154,0.94,1.72,22,0.201,1
LROC_01333,-80.0367,3.1342,0.183,0.181,1.12,1.51,47,0.322,1
LROC_01334,-80.2521,-92.4752,0.203,0.169,1.04,1.79,18,0.197,1
LROC_01335,-83.4967,88.1103,0.165,0.172,0.29,1.04,44,0.211,1
LROC_01336,-88.0046,-119.4348,0.193,0.197,1.06,1.54,68,0.399,0
LROC_01337,-83.1977,-111.6235,0.16,0.197,1.15,1.84,20,0.218,1
LROC_01338,-89.278,-14.1436,0.172,0.193,0.57,0.98,19,0.144,1
LROC_01339,-89.6935,-76.9392,0.167,0.178,0.58,0.99,92,0.438,1
LROC_01340,-87.4232,-90.9133,0.197,0.171,1.07,1.83,65,0.388,1
LROC_01341,-85.3738,52.2856,0.184,0.187,1.27,1.59,28,0.264,1
LROC_01342,-81.3173,54.3498,0.185,0.179,0.31,0.68,48,0.229,1
LROC_01343,-82.7283,116.8261,0.168,0.208,1.21,1.68,55,0.365,1
LROC_01344,-82.5729,-29.6249,0.181,0.175,1.26,1.59,53,0.363,1
LROC_01345,-85.7451,-153.6894,0.174,0.174,0.2,1.01,32,0.152,1
LROC_01346,-86.5407,-81.4801,0.191,0.184,0.95,1.72,34,0.25,0
LROC_01347,-86.2896,172.802,0.17,0.165,0.15,0.78,22,0.106,0
LROC_01348,-80.1235,34.6531,0.205,0.182,0.07,0.68,40,0.168,1
LROC_01349,-89.5989,75.5054,0.16,0.168,0.64,1.25,41,0.241,1
LROC_01350,-81.3297,-177.3512,0.173,0.192,1.79,2.12,46,0.399,1
LROC_01351,-84.2132,6.5541,0.21,0.156,0.05,0.59,56,0.23,1
LROC_01352,-85.6138,-166.4897,0.178,0.187,1.31,1.63,64,0.413,1
LROC_01353,-82.7474,24.9229,0.165,0.199,0.53,1.1,63,0.316,1
LROC_01354,-85.1333,151.4775,0.188,0.178,1.48,2.04,79,0.494,1
LROC_01355,-81.2658,168.6309,0.178,0.162,1.39,2.12,77,0.475,1
LROC_01356,-80.993,14.599,0.172,0.169,1.56,2.17,41,0.351,1
LROC_01357,-85.7828,-15.0463,0.169,0.173,1.1,1.75,89,0.488,1
LROC_01358,-87.2317,160.2062,0.227,0.129,1.39,1.8,49,0.363,1
LROC_01359,-84.0765,62.4995,0.181,0.195,0.15,0.98,52,0.226,0
LROC_01360,-80.8764,-156.6363,0.156,0.191,0.27,1.12,52,0.24,1
LROC_01361,-87.8934,-12.3388,0.207,0.15,0.21,1.06,56,0.249,1
LROC_01362,-83.7703,-93.5118,0.194,0.195,1.02,1.34,56,0.346,1
LROC_01363,-83.6844,-10.8704,0.174,0.171,0.13,0.82,63,0.268,1
LROC_01364,-82.6689,-16.0324,0.171,0.187,0.15,0.86,71,0.302,1
LROC_01365,-88.6843,29.5721,0.195,0.16,1.58,1.97,68,0.462,0
LROC_01366,-82.8418,-51.5626,0.181,0.148,0.92,1.72,24,0.206,1
LROC_01367,-80.9097,-120.8626,0.156,0.169,1.56,1.95,74,0.483,0
LROC_01368,-88.2032,1.339,0.212,0.158,0.11,0.61,54,0.229,1
LROC_01369,-87.6246,118.873,0.178,0.193,0.38,0.98,15,0.106,1
LROC_01370,-80.286,59.0444,0.207,0.172,0.25,0.79,78,0.342,1
LROC_01371,-88.1902,-58.1876,0.204,0.17,0.05,0.91,26,0.11,1
LROC_01372,-81.4561,156.7883,0.17,0.153,0.25,0.85,71,0.314,0
LROC_01373,-85.0772,148.3947,0.2,0.189,0.36,0.93,91,0.407,1
LROC_01374,-87.5277,-104.6346,0.175,0.185,0.07,0.78,40,0.168,0
LROC_01375,-81.2925,-165.8097,0.157,0.188,0.63,1.01,54,0.292,1
LROC_01376,-85.5469,86.8711,0.179,0.196,0.36,1.1,57,0.271,1
LROC_01377,-84.8518,117.9397,0.191,0.193,0.05,0.83,86,0.35,0
LROC_01378,-86.4077,168.4312,0.178,0.197,0.91,1.46,27,0.217,0
LROC_01379,-84.0705,140.3411,0.18,0.175,0.98,1.76,70,0.398,1
LROC_01380,-88.3648,36.1925,0.202,0.154,1.35,1.9,31,0.286,0
LROC_01381,-86.0892,10.8188,0.187,0.191,0.5,1.2,38,0.212,0
LROC_01382,-80.3059,-169.9772,0.172,0.162,2.6,3.2,90,0.672,1
LROC_01383,-87.4187,-91.2037,0.196,0.201,1.84,2.39,72,0.509,1
LROC_01384,-83.4326,-14.5387,0.188,0.176,0.6,1.16,94,0.448,1
LROC_01385,-86.7481,46.2614,0.147,0.178,0.44,0.81,75,0.353,1
LROC_01386,-82.2653,20.6107,0.191,0.156,0.05,0.81,94,0.382,1
LROC_01387,-88.6913,87.349,0.191,0.155,0.93,1.72,42,0.28,1
LROC_01388,-80.3018,-79.2839,0.185,0.179,0.62,1.19,81,0.398,0
LROC_01389,-85.4621,23.3829,0.198,0.171,2.08,2.44,65,0.51,1
LROC_01390,-87.6395,-148.2688,0.175,0.163,0.68,1.27,53,0.294,1
LROC_01391,-89.265,-31.0804,0.19,0.169,3.71,4.1,80,0.765,1
LROC_01392,-88.3024,90.0579,0.161,0.167,1.44,1.7,91,0.537,1
LROC_01393,-84.8023,69.6243,0.191,0.183,2.3,2.91,88,0.628,1
LROC_01394,-86.63,176.6314,0.214,0.163,0.3,1.11,54,0.252,1
LROC_01395,-81.7112,-79.9592,0.17,0.178,0.12,0.78,27,0.122,1
LROC_01396,-85.6911,-0.6519,0.174,0.162,1.2,1.54,33,0.276,0
LROC_01397,-87.5129,-61.3691,0.174,0.177,1.16,1.78,20,0.219,0
LROC_01398,-83.8286,-21.3829,0.187,0.17,0.18,0.63,32,0.15,1
LROC_01399,-82.9322,128.502,0.169,0.189,1.09,1.63,23,0.223,1
LROC_01400,-88.3296,66.3153,0.191,0.177,0.65,1.03,82,0.406,0
LROC_01401,-88.3238,137.6788,0.198,0.183,0.09,0.78,68,0.283,1
LROC_01402,-89.6333,-106.736,0.193,0.166,0.52,1.03,64,0.318,1
LROC_01403,-82.636,134.41,0.158,0.161,2.01,2.62,84,0.577,1
LROC_01404,-83.362,-158.4856,0.2,0.185,0.53,1.28,25,0.164,1
LROC_01405,-85.2537,139.8957,0.199,0.156,1.17,1.95,69,0.416,1
LROC_01406,-81.5583,-61.5334,0.197,0.155,0.05,0.57,56,0.23,1
LROC_01407,-81.9433,-66.7485,0.191,0.173,0.98,1.31,25,0.218,1
LROC_01408,-84.1465,4.3519,0.188,0.18,2.2,2.6,86,0.608,1
LROC_01409,-81.3173,158.6485,0.2,0.162,0.52,0.91,81,0.386,1
LROC_01410,-87.9416,-162.7987,0.214,0.156,0.31,0.77,16,0.101,1
LROC_01411,-88.8808,-53.1968,0.171,0.177,0.78,1.4,80,0.414,1
LROC_01412,-87.3025,128.3659,0.201,0.191,1.86,2.37,40,0.383,1
LROC_01413,-89.4291,-37.4204,0.184,0.177,0.15,0.56,90,0.378,1
LROC_01414,-84.6883,-108.3035,0.183,0.163,0.39,0.97,51,0.251,0
LROC_01415,-80.6339,-27.0741,0.162,0.173,0.13,0.78,50,0.216,1
LROC_01416,-89.6066,-41.2011,0.181,0.175,0.51,0.99,30,0.181,1
LROC_01417,-88.7789,149.5498,0.17,0.187,0.58,1.36,92,0.438,1
LROC_01418,-85.478,94.2964,0.178,0.187,2.16,2.42,80,0.579,0
LROC_01419,-80.6612,1.8416,0.169,0.186,0.4,0.89,35,0.188,1
LROC_01420,-86.8384,175.8134,0.178,0.167,0.63,1.05,21,0.16,1
LROC_01421,-84.9277,-12.5001,0.179,0.173,1.62,1.92,25,0.294,0
LROC_01422,-89.5843,-159.0344,0.186,0.187,0.29,1.1,70,0.315,1
LROC_01423,-88.5166,-85.5812,0.161,0.17,0.84,1.29,58,0.333,1
LROC_01424,-80.1337,-23.0146,0.163,0.18,1.06,1.72,68,0.399,1
LROC_01425,-80.3488,-123.5151,0.19,0.183,0.3,0.88,71,0.32,1
LROC_01426,-89.9506,161.1234,0.173,0.195,0.13,0.83,72,0.304,1
LROC_01427,-80.4819,96.0656,0.201,0.167,0.52,1.33,51,0.266,1
LROC_01428,-83.6088,-83.4166,0.188,0.169,0.33,1.12,62,0.288,1
LROC_01429,-81.3208,32.6896,0.194,0.153,0.23,0.64,76,0.332,1
LROC_01430,-85.4526,79.7217,0.206,0.175,2.72,3.27,53,0.538,1
LROC_01431,-84.844,158.8604,0.18,0.199,0.52,1.09,78,0.374,1
LROC_01432,-85.1115,137.3887,0.176,0.219,1.46,1.89,82,0.503,1
LROC_01433,-83.3314,5.4692,0.198,0.177,0.16,0.88,82,0.347,1
LROC_01434,-88.6035,98.8749,0.193,0.172,2.1,2.77,41,0.416,1
LROC_01435,-89.7003,22.3721,0.182,0.164,1.19,1.52,84,0.479,1
LROC_01436,-86.9207,18.9734,0.206,0.139,1.24,1.9,74,0.445,1
LROC_01437,-82.9532,-138.6929,0.182,0.181,0.37,0.83,58,0.276,1
LROC_01438,-87.9815,-134.5904,0.185,0.212,0.5,1.04,44,0.236,1
LROC_01439,-83.2657,10.6321,0.185,0.196,0.67,1.44,72,0.368,0
LROC_01440,-80.3009,-83.2098,0.171,0.2,1.17,1.73,50,0.34,0
LROC_01441,-89.061,-172.4267,0.186,0.18,1.42,1.71,19,0.246,0
LROC_01442,-83.274,80.2221,0.206,0.173,0.06,0.71,33,0.139,1
LROC_01443,-85.5625,-168.3048,0.192,0.137,1.76,2.38,26,0.315,1
LROC_01444,-81.3186,34.2997,0.185,0.188,2.08,2.54,74,0.546,1
LROC_01445,-88.2285,14.1098,0.183,0.169,0.67,1.09,25,0.18,1
LROC_01446,-83.0737,168.7733,0.19,0.164,0.16,0.77,67,0.287,1
LROC_01447,-81.6188,-5.6833,0.196,0.167,1.28,2.01,34,0.29,0
LROC_01448,-80.5539,-157.1035,0.194,0.167,0.6,1.27,87,0.42,1
LROC_01449,-83.1675,18.6077,0.18,0.168,1.27,1.91,41,0.316,1
LROC_01450,-85.0283,122.7946,0.19,0.175,1.26,1.93,72,0.439,1
LROC_01451,-83.8215,178.8657,0.192,0.165,0.07,0.51,19,0.084,1
LROC_01452,-81.311,-25.0765,0.17,0.185,0.7,1.32,88,0.436,1
LROC_01453,-84.2939,-64.6925,0.188,0.153,0.49,1.03,23,0.151,0
LROC_01454,-89.6961,146.3952,0.153,0.188,2.19,2.44,91,0.627,1
LROC_01455,-80.6905,-111.1528,0.192,0.157,0.26,0.74,46,0.215,0
LROC_01456,-83.1047,41.5544,0.195,0.163,0.17,0.94,86,0.364,1
LROC_01457,-83.2349,-33.9428,0.196,0.174,1.71,2.02,68,0.477,0
LROC_01458,-87.8432,-165.2103,0.179,0.155,0.12,0.66,59,0.25,1
LROC_01459,-83.4111,-54.9761,0.19,0.162,0.87,1.33,41,0.268,0
LROC_01460,-86.0614,-84.5177,0.206,0.176,0.27,0.67,42,0.2,1
LROC_01461,-83.4877,66.9928,0.206,0.146,0.63,1.2,32,0.204,1
LROC_01462,-88.9341,161.5646,0.185,0.203,0.72,1.43,45,0.266,0
LROC_01463,-83.4215,-83.503,0.187,0.194,0.41,0.78,55,0.269,1
LROC_01464,-80.0059,112.1277,0.202,0.162,2.77,2.95,48,0.524,1
LROC_01465,-89.5179,-160.0705,0.162,0.175,0.11,0.86,21,0.097,0
LROC_01466,-80.2283,13.7236,0.18,0.182,0.37,1.03,19,0.12,1
LROC_01467,-85.9309,-154.602,0.205,0.146,0.42,1.14,35,0.19,1
LROC_01468,-81.2925,156.2519,0.2,0.14,0.75,1.19,20,0.17,1
LROC_01469,-82.1761,95.8865,0.191,0.167,0.39,1.15,59,0.283,0
LROC_01470,-84.3298,56.862,0.162,0.185,0.08,0.71,49,0.206,1
LROC_01471,-82.6155,116.6027,0.184,0.179,2.21,2.69,17,0.333,1
LROC_01472,-81.2148,53.1071,0.176,0.172,0.4,0.81,47,0.236,1
LROC_01473,-85.9586,168.82,0.19,0.194,0.31,0.78,52,0.245,1
LROC_01474,-86.7297,77.0249,0.173,0.16,0.44,1.18,94,0.429,1
LROC_01475,-83.3241,152.8771,0.17,0.166,0.18,0.67,30,0.142,1
LROC_01476,-81.9215,6.1675,0.154,0.198,0.08,0.52,85,0.35,1
LROC_01477,-82.3771,-137.8568,0.203,0.151,0.12,0.81,22,0.102,1
LROC_01478,-82.0219,10.144,0.179,0.161,0.14,0.8,17,0.085,0
LROC_01479,-85.6442,-134.3258,0.187,0.178,0.17,0.86,83,0.352,0
LROC_01480,-81.8217,33.2977,0.185,0.161,0.41,1.08,33,0.181,1
LROC_01481,-88.7979,-6.3025,0.169,0.182,0.73,1.31,21,0.172,1
LROC_01482,-84.5551,44.1271,0.166,0.175,0.74,1.31,64,0.345,1
LROC_01483,-89.9424,-176.3831,0.17,0.171,0.05,0.91,20,0.086,1
LROC_01484,-86.7541,-109.8574,0.174,0.15,1.9,2.38,19,0.304,1
LROC_01485,-86.3354,-3.121,0.19,0.177,1.3,1.88,75,0.456,0
LROC_01486,-86.0383,162.1813,0.173,0.163,2.49,2.77,72,0.587,1
LROC_01487,-83.0453,-41.9007,0.211,0.163,0.33,1.13,36,0.184,1
LROC_01488,-86.1144,-27.2261,0.2,0.162,0.82,1.15,71,0.382,1
LROC_01489,-85.5131,77.2906,0.197,0.168,0.14,0.8,89,0.373,1
LROC_01490,-87.6246,37.3654,0.183,0.175,1.27,1.73,46,0.336,1
LROC_01491,-86.2675,-72.3866,0.208,0.169,0.13,0.82,31,0.14,1
LROC_01492,-87.7273,-32.1061,0.182,0.167,0.3,0.85,72,0.324,1
LROC_01493,-89.268,-101.6281,0.185,0.195,0.51,1.22,55,0.281,1
LROC_01494,-83.9655,167.7677,0.188,0.148,0.68,1.02,36,0.226,1
LROC_01495,-83.3179,-132.9716,0.196,0.168,0.62,1.16,94,0.45,1
LROC_01496,-83.8051,-46.1388,0.195,0.185,0.08,0.89,56,0.234,1
LROC_01497,-85.3651,-170.698,0.178,0.187,0.41,0.89,93,0.421,1
LROC_01498,-86.2021,-100.1594,0.177,0.166,1.92,2.15,22,0.318,1
LROC_01499,-81.3667,100.9696,0.195,0.16,1.54,2.03,60,0.425,0
LROC_01500,-84.8092,-107.5769,0.196,0.157,0.67,1.49,62,0.328,1
LROC_01501,-85.2082,-151.1772,0.179,0.188,0.64,1.01,17,0.145,1
LROC_01502,-89.7436,-9.1969,0.161,0.176,0.09,0.52,91,0.375,1
LROC_01503,-86.5875,-176.4111,0.182,0.182,0.17,0.85,44,0.196,1
LROC_01504,-86.198,-149.4842,0.194,0.177,0.22,0.72,42,0.194,1
LROC_01505,-86.0118,110.7453,0.212,0.2,0.5,1.06,87,0.408,1
LROC_01506,-84.1983,97.7304,0.167,0.19,0.99,1.71,90,0.479,1
LROC_01507,-84.664,149.45,0.179,0.167,0.46,0.91,39,0.211,0
LROC_01508,-83.9209,127.6256,0.179,0.158,0.1,0.85,51,0.216,0
LROC_01509,-82.3512,65.9432,0.205,0.164,0.43,1.04,65,0.312,1
LROC_01510,-81.8701,-161.1602,0.184,0.175,0.13,0.97,53,0.228,0
LROC_01511,-82.8188,101.8255,0.171,0.15,1.04,1.82,86,0.469,1
LROC_01512,-80.4448,124.3839,0.193,0.162,0.14,0.77,81,0.341,1
LROC_01513,-89.8177,107.6696,0.179,0.184,0.49,1.13,15,0.119,1
LROC_01514,-88.0422,3.0525,0.167,0.177,0.89,1.57,52,0.315,1
LROC_01515,-89.9244,-96.1553,0.172,0.197,0.19,0.73,66,0.287,1
LROC_01516,-83.5253,124.3188,0.211,0.142,0.06,0.57,77,0.315,0
LROC_01517,-81.0197,81.7786,0.191,0.184,0.62,1.44,66,0.338,1
LROC_01518,-87.5652,173.074,0.187,0.19,0.05,0.66,74,0.302,1
LROC_01519,-80.7297,-123.9507,0.181,0.193,0.66,0.99,27,0.187,0
LROC_01520,-89.3973,-98.7608,0.189,0.151,1.05,1.76,31,0.25,1
LROC_01521,-80.6556,-103.7527,0.189,0.18,0.3,0.97,44,0.212,1
LROC_01522,-86.4838,105.3143,0.189,0.165,0.5,0.93,52,0.268,0
LROC_01523,-88.9858,-112.7134,0.187,0.155,1.98,2.2,25,0.338,1
LROC_01524,-85.1413,-156.0025,0.198,0.165,0.48,0.98,41,0.222,1
LROC_01525,-87.4322,179.4819,0.185,0.163,4.25,4.69,52,0.718,0
LROC_01526,-87.1513,-171.0658,0.17,0.197,0.13,0.98,42,0.184,1
LROC_01527,-86.9271,120.6879,0.176,0.188,0.93,1.39,40,0.272,1
LROC_01528,-81.9697,-48.4679,0.155,0.173,0.79,1.53,47,0.283,0
LROC_01529,-84.6084,122.9816,0.215,0.152,1.54,2.01,46,0.369,1
LROC_01530,-86.8869,19.6634,0.198,0.165,0.07,0.79,68,0.28,1
LROC_01531,-83.8967,144.5872,0.173,0.181,0.25,0.79,39,0.186,0
LROC_01532,-82.8385,153.4295,0.181,0.194,0.11,0.76,38,0.165,1
LROC_01533,-87.2738,-176.7247,0.175,0.192,2.03,2.37,54,0.46,1
LROC_01534,-85.8645,-152.8516,0.208,0.167,0.42,0.81,41,0.214,1
LROC_01535,-88.7811,-89.8709,0.164,0.182,1.81,2.1,60,0.457,0
LROC_01536,-88.1885,60.9535,0.187,0.149,0.26,0.78,83,0.363,1
LROC_01537,-83.1888,139.778,0.183,0.197,0.1,0.98,83,0.344,1
LROC_01538,-88.1856,-14.4209,0.197,0.165,0.26,1.12,53,0.243,0
LROC_01539,-84.7484,38.5103,0.183,0.201,0.68,1.43,43,0.254,0
LROC_01540,-82.9095,-112.1401,0.159,0.191,1.4,1.78,89,0.524,0
LROC_01541,-88.9312,109.7881,0.181,0.209,0.37,0.95,45,0.224,1
LROC_01542,-84.3269,168.2381,0.17,0.193,1.85,2.28,79,0.538,1
LROC_01543,-87.4344,-83.3044,0.186,0.155,0.21,0.78,29,0.141,1
LROC_01544,-80.3707,-1.8627,0.207,0.158,0.89,1.22,88,0.459,0
LROC_01545,-85.1645,-148.9982,0.159,0.186,1.0,1.57,23,0.212,1
LROC_01546,-81.9401,21.2892,0.173,0.169,0.24,0.65,27,0.137,1
LROC_01547,-84.4977,1.002,0.177,0.175,0.05,0.85,59,0.242,1
LROC_01548,-89.5659,-128.0029,0.179,0.159,0.34,1.05,20,0.121,1
LROC_01549,-83.6685,-20.8562,0.196,0.172,0.05,0.62,58,0.238,0
LROC_01550,-80.486,-59.7223,0.182,0.182,1.73,2.28,16,0.272,1
LROC_01551,-83.9839,7.8591,0.191,0.159,2.3,2.59,43,0.448,1
LROC_01552,-81.8081,30.8356,0.176,0.21,1.0,1.43,62,0.368,0
LROC_01553,-81.1579,-176.9416,0.188,0.176,0.97,1.43,26,0.22,1
LROC_01554,-87.7192,93.9622,0.197,0.159,0.21,0.99,81,0.349,0
LROC_01555,-87.8796,76.6851,0.174,0.157,0.06,0.56,64,0.263,1
LROC_01556,-83.8902,-48.1369,0.197,0.172,1.22,1.78,25,0.246,0
LROC_01557,-85.8897,-160.9431,0.186,0.172,0.61,1.05,19,0.149,1
LROC_01558,-81.6014,91.7757,0.201,0.181,0.86,1.32,59,0.339,1
LROC_01559,-80.9998,163.8631,0.182,0.176,1.13,1.53,88,0.488,1
LROC_01560,-86.4658,-93.5454,0.191,0.156,0.4,1.08,61,0.292,0
LROC_01561,-87.6313,-63.5311,0.184,0.202,0.12,0.77,20,0.094,1
LROC_01562,-82.1947,-113.8274,0.184,0.184,1.19,1.83,94,0.519,0
LROC_01563,-87.2519,27.697,0.189,0.171,0.45,0.91,83,0.386,1
LROC_01564,-81.7739,-124.2571,0.193,0.176,1.32,1.59,77,0.466,1
LROC_01565,-85.7626,-51.7702,0.166,0.192,0.43,1.13,81,0.376,1
LROC_01566,-83.3245,70.9247,0.207,0.145,0.18,0.62,61,0.266,1
LROC_01567,-89.0446,21.6418,0.157,0.192,0.14,0.65,48,0.209,1
LROC_01568,-83.7614,-40.8735,0.175,0.174,1.02,1.47,26,0.226,1
LROC_01569,-85.4823,-28.7101,0.184,0.185,0.64,1.35,41,0.241,1
LROC_01570,-84.1339,22.3599,0.191,0.163,0.39,1.06,83,0.379,0
LROC_01571,-88.3199,-177.8887,0.209,0.157,0.51,0.95,82,0.389,0
LROC_01572,-82.6313,-151.7364,0.157,0.214,0.6,1.24,42,0.24,0
LROC_01573,-81.372,137.2529,0.177,0.199,0.21,0.94,85,0.365,1
LROC_01574,-87.8326,-151.9636,0.153,0.142,0.36,0.92,59,0.279,1
LROC_01575,-89.0429,74.4493,0.185,0.194,0.26,0.76,16,0.095,1
LROC_01576,-89.7636,151.2137,0.189,0.174,0.37,1.07,23,0.136,1
LROC_01577,-83.5803,-82.5539,0.209,0.155,0.52,1.17,93,0.434,1
LROC_01578,-83.9291,-46.6231,0.187,0.161,0.14,0.56,45,0.197,1
LROC_01579,-84.533,24.8117,0.201,0.155,0.38,1.08,50,0.246,1
LROC_01580,-87.6805,137.4152,0.194,0.163,0.37,0.98,29,0.16,1
LROC_01581,-86.0909,159.086,0.178,0.163,0.25,1.0,76,0.334,1
LROC_01582,-84.0552,86.2428,0.164,0.166,4.87,4.88,45,0.764,1
LROC_01583,-85.0323,-148.8169,0.189,0.159,0.06,0.58,41,0.171,1
LROC_01584,-80.1221,60.8955,0.163,0.192,0.77,1.36,16,0.156,1
LROC_01585,-88.6356,-32.2907,0.204,0.169,0.14,0.77,87,0.365,1
LROC_01586,-83.0486,-10.5476,0.183,0.186,1.37,1.83,57,0.392,1
LROC_01587,-85.9568,-162.3066,0.203,0.168,1.84,2.43,15,0.281,0
LROC_01588,-85.718,-111.2176,0.178,0.16,0.38,1.02,23,0.138,1
LROC_01589,-82.824,104.5849,0.189,0.182,1.3,1.93,74,0.452,1
LROC_01590,-83.0756,-16.5748,0.188,0.16,0.22,0.67,16,0.09,1
LROC_01591,-80.0874,-71.4016,0.184,0.187,0.11,0.86,72,0.301,0
LROC_01592,-88.7161,-41.7531,0.179,0.162,0.28,0.88,79,0.35,0
LROC_01593,-88.9589,127.5838,0.191,0.164,0.31,0.7,26,0.141,1
LROC_01594,-82.7566,89.6396,0.171,0.178,0.38,0.86,69,0.322,1
LROC_01595,-84.2161,-81.9665,0.167,0.195,0.35,0.73,24,0.138,0
LROC_01596,-87.2584,-137.6993,0.204,0.171,0.4,0.99,79,0.364,1
LROC_01597,-89.2058,-89.2806,0.196,0.172,0.93,1.4,79,0.428,1
LROC_01598,-89.1434,151.4723,0.186,0.205,0.21,1.08,75,0.325,1
LROC_01599,-81.0581,29.372,0.21,0.138,0.05,0.88,89,0.362,1
LROC_01600,-88.0813,12.0529,0.181,0.163,0.5,1.26,83,0.392,1
LROC_01601,-86.7663,34.7017,0.205,0.152,0.45,1.06,49,0.25,1
LROC_01602,-87.7334,-48.2298,0.188,0.149,0.05,0.85,25,0.106,1
LROC_01603,-86.45,110.5585,0.17,0.173,0.11,0.63,82,0.341,1
LROC_01604,-89.3058,8.383,0.213,0.174,0.53,1.16,52,0.272,0
LROC_01605,-84.8094,-137.9708,0.2,0.161,0.2,0.78,53,0.236,1
LROC_01606,-89.3239,-133.5366,0.183,0.173,1.58,1.91,35,0.33,1
LROC_01607,-81.9964,13.2693,0.196,0.146,0.14,0.56,50,0.217,0
LROC_01608,-87.6629,157.1653,0.179,0.168,0.05,0.72,86,0.35,0
LROC_01609,-84.5999,-68.9932,0.197,0.164,0.45,0.85,34,0.19,1
LROC_01610,-81.1992,133.0348,0.149,0.203,3.21,3.65,57,0.613,1
LROC_01611,-83.4912,95.0744,0.17,0.158,0.75,1.54,35,0.23,0
LROC_01612,-84.6704,-90.7875,0.2,0.163,0.33,0.78,49,0.236,1
LROC_01613,-86.7567,-166.9173,0.181,0.195,0.05,0.68,78,0.318,1
LROC_01614,-86.67,-143.335,0.188,0.169,0.5,1.22,46,0.244,1
LROC_01615,-83.3051,82.2578,0.165,0.154,0.17,0.7,50,0.22,1
LROC_01616,-80.0586,-108.1189,0.213,0.183,0.78,1.56,83,0.426,1
LROC_01617,-83.3816,-46.3425,0.203,0.18,0.66,1.44,66,0.343,1
LROC_01618,-84.4222,0.6117,0.182,0.191,0.23,0.66,18,0.1,1
LROC_01619,-82.6935,81.1685,0.179,0.153,0.05,0.46,21,0.09,1
LROC_01620,-85.3479,-139.2368,0.2,0.193,1.05,1.83,85,0.466,1
LROC_01621,-89.3986,-33.7081,0.215,0.152,0.66,1.47,38,0.231,1
LROC_01622,-84.377,-5.3738,0.199,0.163,1.38,1.85,35,0.306,0
LROC_01623,-80.4237,14.6977,0.218,0.151,0.23,0.63,71,0.312,0
LROC_01624,-88.247,114.6098,0.171,0.197,0.79,1.42,87,0.443,1
LROC_01625,-83.1,-118.1958,0.173,0.179,0.09,0.63,33,0.143,1
LROC_01626,-87.9907,110.8193,0.167,0.192,0.26,1.1,42,0.199,1
LROC_01627,-84.6417,69.4362,0.192,0.175,0.8,1.52,46,0.28,1
LROC_01628,-89.0332,20.1135,0.188,0.174,1.31,1.9,48,0.349,0
LROC_01629,-85.4963,71.83,0.183,0.163,0.29,0.8,30,0.155,0
LROC_01630,-82.4384,-31.6736,0.197,0.199,1.2,1.83,52,0.352,0
LROC_01631,-86.5243,-130.1769,0.203,0.147,0.85,1.31,89,0.458,1
LROC_01632,-83.3509,59.6755,0.162,0.193,0.32,0.71,18,0.11,1
LROC_01633,-82.0455,8.882,0.176,0.186,1.57,2.07,70,0.468,0
LROC_01634,-80.7282,50.1749,0.197,0.189,0.53,1.12,54,0.28,1
LROC_01635,-87.6536,-58.3204,0.178,0.201,0.78,1.48,64,0.35,1
LROC_01636,-86.0068,146.472,0.173,0.18,0.51,1.29,54,0.277,1
LROC_01637,-88.4758,31.4532,0.2,0.178,0.45,0.98,63,0.306,0
LROC_01638,-80.0752,-149.2551,0.166,0.212,1.41,1.89,62,0.417,1
LROC_01639,-80.73,-18.0706,0.18,0.178,0.26,0.87,20,0.111,1
LROC_01640,-84.6004,92.2882,0.19,0.159,0.05,0.61,19,0.082,1
LROC_01641,-81.5797,105.8884,0.176,0.175,1.59,2.2,93,0.563,1
LROC_01642,-84.7904,-1.9451,0.197,0.152,1.31,1.84,59,0.393,1
LROC_01643,-83.7641,142.1091,0.176,0.186,0.34,1.16,30,0.161,1
LROC_01644,-89.1088,-83.6394,0.206,0.183,0.15,0.86,31,0.142,1
LROC_01645,-82.4473,-32.1845,0.183,0.176,0.84,1.26,73,0.393,1
LROC_01646,-88.7229,143.4949,0.195,0.148,0.06,0.54,70,0.287,1
LROC_01647,-81.7393,142.6524,0.196,0.187,0.41,0.96,93,0.421,1
LROC_01648,-82.1797,66.8566,0.176,0.154,0.07,0.64,49,0.204,1
LROC_01649,-82.9126,129.233,0.154,0.168,0.68,1.22,22,0.17,1
LROC_01650,-89.6384,-148.0416,0.19,0.172,0.05,0.54,75,0.306,1
LROC_01651,-86.9687,131.3982,0.186,0.18,0.74,1.56,41,0.253,1
LROC_01652,-87.3689,-64.5768,0.193,0.179,0.84,1.23,92,0.469,1
LROC_01653,-86.3986,-115.8007,0.182,0.177,0.5,1.18,34,0.196,1
LROC_01654,-89.1236,-93.8269,0.179,0.206,0.14,0.53,71,0.301,0
LROC_01655,-80.6304,-29.5313,0.215,0.164,0.08,0.68,84,0.346,1
LROC_01656,-84.462,-89.5709,0.163,0.202,0.28,0.81,37,0.182,1
LROC_01657,-86.9448,-64.5957,0.196,0.184,0.47,1.01,90,0.416,1
LROC_01658,-86.0302,-131.4077,0.176,0.161,0.77,1.34,16,0.156,1
LROC_01659,-85.528,-73.3764,0.18,0.176,0.05,0.75,41,0.17,1
LROC_01660,-83.9941,26.0222,0.18,0.211,0.93,1.53,46,0.296,1
LROC_01661,-84.8432,-20.9327,0.173,0.175,0.94,1.56,64,0.369,1
LROC_01662,-80.8061,-55.1812,0.194,0.163,0.44,1.22,78,0.365,1
LROC_01663,-85.0304,88.7228,0.206,0.17,0.32,1.13,54,0.254,1
LROC_01664,-80.0784,141.6636,0.192,0.167,1.39,2.02,47,0.355,0
LROC_01665,-81.4858,92.4441,0.187,0.164,1.15,1.47,43,0.31,1
LROC_01666,-87.9149,-60.4797,0.17,0.176,3.07,3.64,47,0.556,0
LROC_01667,-80.694,87.9992,0.193,0.195,0.35,1.19,31,0.166,0
LROC_01668,-88.8363,-125.2871,0.217,0.16,1.78,2.36,88,0.566,0
LROC_01669,-81.8255,-133.0855,0.179,0.16,0.07,0.72,79,0.324,0
LROC_01670,-86.1938,-55.5743,0.179,0.157,0.4,0.89,57,0.276,1
LROC_01671,-81.2203,110.7729,0.177,0.213,0.47,1.2,77,0.364,1
LROC_01672,-81.3194,-91.3146,0.178,0.177,0.44,1.23,72,0.341,1
LROC_01673,-81.9407,-157.2288,0.144,0.202,0.74,1.4,57,0.317,1
LROC_01674,-82.0997,-132.5846,0.191,0.162,0.14,0.84,51,0.221,1
LROC_01675,-86.9532,129.1482,0.172,0.187,1.51,1.86,60,0.421,1
LROC_01676,-89.1908,48.162,0.161,0.209,0.6,1.12,39,0.228,1
LROC_01677,-85.9702,-88.8476,0.196,0.162,1.76,2.35,81,0.535,1
LROC_01678,-88.2648,19.9065,0.169,0.191,0.05,0.45,65,0.266,1
LROC_01679,-83.0505,9.9287,0.18,0.158,0.75,1.4,88,0.442,1
LROC_01680,-86.539,55.957,0.207,0.197,0.4,1.14,52,0.256,1
LROC_01681,-80.2439,-96.0525,0.164,0.19,0.53,1.04,52,0.272,0
LROC_01682,-83.5903,131.1851,0.162,0.181,1.02,1.36,15,0.182,0
LROC_01683,-81.7752,-68.6273,0.189,0.17,0.19,0.98,68,0.295,1
LROC_01684,-88.6748,69.8874,0.202,0.161,0.17,0.62,79,0.336,1
LROC_01685,-81.3799,-174.1951,0.161,0.181,0.91,1.4,36,0.253,0
LROC_01686,-80.7724,-45.8434,0.191,0.137,0.55,1.25,75,0.366,1
LROC_01687,-85.1294,-53.3845,0.194,0.171,0.2,0.99,72,0.312,1
LROC_01688,-83.9375,15.6544,0.154,0.189,0.5,1.28,68,0.332,1
LROC_01689,-82.3519,-153.8149,0.197,0.179,0.46,1.08,33,0.187,1
LROC_01690,-88.2516,104.4473,0.198,0.163,0.88,1.43,84,0.442,1
LROC_01691,-84.9743,-101.5989,0.18,0.167,0.05,0.87,48,0.198,1
LROC_01692,-86.0134,63.7336,0.204,0.168,0.66,1.28,93,0.451,0
LROC_01693,-88.5363,109.1564,0.202,0.145,0.7,1.32,58,0.316,0
LROC_01694,-86.3247,22.2757,0.187,0.178,1.03,1.54,81,0.448,1
LROC_01695,-89.3183,86.718,0.178,0.152,1.65,2.07,66,0.462,1
LROC_01696,-89.7419,58.2697,0.17,0.2,0.44,1.04,36,0.197,1
LROC_01697,-88.6483,-52.0093,0.184,0.187,0.31,0.86,43,0.209,1
LROC_01698,-80.3688,111.1891,0.194,0.159,0.08,0.64,28,0.122,1
LROC_01699,-84.5047,-73.9075,0.18,0.189,0.31,1.18,76,0.341,1
LROC_01700,-80.3418,25.6367,0.152,0.193,0.05,0.61,29,0.122,1
LROC_01701,-85.675,88.3432,0.204,0.153,1.22,1.63,28,0.258,1
LROC_01702,-86.8818,-43.5759,0.188,0.145,1.23,1.68,81,0.472,1
LROC_01703,-84.9386,-71.0037,0.179,0.184,0.4,1.06,36,0.192,1
LROC_01704,-85.6049,-14.6354,0.198,0.159,0.23,1.06,21,0.112,1
LROC_01705,-88.9434,114.4669,0.208,0.183,0.09,0.87,21,0.095,1
LROC_01706,-83.5917,154.7718,0.143,0.196,1.43,2.11,31,0.296,0
LROC_01707,-87.8396,16.23,0.192,0.163,1.57,2.24,46,0.372,1
LROC_01708,-83.8041,58.1278,0.164,0.213,0.23,1.07,93,0.4,1
LROC_01709,-83.498,145.1785,0.192,0.182,0.73,1.17,91,0.452,1
LROC_01710,-88.4798,-144.5231,0.187,0.121,0.22,0.83,70,0.306,1
LROC_01711,-89.3865,-96.4517,0.195,0.165,0.19,0.76,76,0.327,0
LROC_01712,-82.1924,75.204,0.178,0.159,0.05,0.64,72,0.294,1
LROC_01713,-85.402,116.548,0.157,0.177,0.65,1.31,72,0.366,1
LROC_01714,-89.4184,128.5305,0.178,0.178,0.12,0.71,17,0.082,1
LROC_01715,-80.0513,-30.5614,0.191,0.179,0.05,0.75,94,0.382,1
LROC_01716,-89.4222,-147.8376,0.2,0.174,0.08,0.66,15,0.07,1
LROC_01717,-83.0496,-22.3987,0.167,0.201,0.28,0.81,81,0.358,1
LROC_01718,-80.1632,-96.9355,0.2,0.18,0.83,1.32,34,0.236,1
LROC_01719,-87.6082,-75.1693,0.175,0.19,0.17,0.95,76,0.324,0
LROC_01720,-88.5775,98.0163,0.19,0.178,1.64,2.18,70,0.477,1
LROC_01721,-88.7862,-152.8102,0.177,0.2,0.26,1.12,67,0.299,1
LROC_01722,-86.9672,117.9292,0.188,0.171,0.3,1.09,79,0.352,1
LROC_01723,-88.9895,-26.0391,0.198,0.167,0.18,0.8,70,0.302,0
LROC_01724,-83.0784,34.583,0.167,0.156,0.22,0.72,92,0.394,1
LROC_01725,-89.3771,-147.7252,0.175,0.197,0.06,0.79,59,0.243,1
LROC_01726,-84.9058,-58.5507,0.188,0.174,0.26,1.0,93,0.403,0
LROC_01727,-80.033,-147.7077,0.221,0.205,1.47,1.96,32,0.304,1
LROC_01728,-81.8603,166.1557,0.172,0.177,0.87,1.3,62,0.352,1
LROC_01729,-83.8478,110.6142,0.216,0.164,1.56,2.08,52,0.395,1
LROC_01730,-86.9375,-14.5322,0.215,0.171,0.08,0.6,36,0.154,1
LROC_01731,-83.761,-99.5031,0.184,0.161,0.46,1.28,94,0.431,1
LROC_01732,-84.7296,156.0438,0.181,0.184,0.2,0.89,89,0.38,1
LROC_01733,-85.7392,-55.9452,0.175,0.182,0.96,1.41,85,0.455,1
LROC_01734,-88.6929,-122.0456,0.184,0.173,2.64,2.88,87,0.665,1
LROC_01735,-81.134,22.7392,0.164,0.204,1.27,1.9,15,0.212,1
LROC_01736,-85.5022,159.7587,0.184,0.164,0.05,0.8,56,0.23,1
LROC_01737,-88.0538,-178.6211,0.207,0.171,0.29,0.96,86,0.379,1
LROC_01738,-86.3224,-94.2751,0.176,0.203,0.05,0.75,89,0.362,1
LROC_01739,-85.8587,157.8412,0.181,0.168,0.05,0.75,83,0.338,0
LROC_01740,-81.7246,-118.4091,0.159,0.184,0.06,0.63,43,0.179,0
LROC_01741,-82.6639,-139.2324,0.191,0.209,0.24,1.08,20,0.109,0
LROC_01742,-82.307,25.2674,0.189,0.182,0.27,0.88,70,0.312,1
LROC_01743,-89.8897,130.2638,0.186,0.169,0.38,0.75,26,0.15,1
LROC_01744,-85.8385,-8.2405,0.182,0.19,0.39,0.93,53,0.259,0
LROC_01745,-85.1866,178.0431,0.181,0.17,1.11,1.46,85,0.473,1
LROC_01746,-89.8081,64.5018,0.193,0.15,0.11,0.68,26,0.117,1
LROC_01747,-87.4019,-153.333,0.185,0.197,0.13,0.82,47,0.204,1
LROC_01748,-82.3971,177.4196,0.19,0.158,0.74,1.08,67,0.357,1
LROC_01749,-88.6289,-33.1581,0.188,0.212,0.64,1.41,33,0.209,1
LROC_01750,-84.6469,-76.5351,0.202,0.162,0.13,0.82,72,0.304,1
LROC_01751,-87.848,20.8365,0.195,0.204,1.43,1.83,57,0.4,1
LROC_01752,-89.8788,-70.4493,0.188,0.155,0.3,0.83,87,0.384,1
LROC_01753,-87.588,-148.8753,0.208,0.182,0.34,0.94,59,0.277,1
LROC_01754,-80.2413,-179.4858,0.191,0.182,0.41,0.89,33,0.181,0
LROC_01755,-81.9846,-18.15,0.205,0.18,0.29,0.66,51,0.239,1
LROC_01756,-80.4042,121.2708,0.194,0.187,0.61,0.96,25,0.173,1
LROC_01757,-85.1215,26.0335,0.157,0.182,0.37,0.91,70,0.324,1
LROC_01758,-88.9026,179.7146,0.205,0.148,0.23,0.67,39,0.184,1
LROC_01759,-84.5204,-76.7352,0.187,0.175,1.76,2.0,83,0.543,1
LROC_01760,-85.4562,-79.0362,0.184,0.181,0.28,1.08,59,0.27,0
LROC_01761,-81.5564,-122.4902,0.189,0.168,0.9,1.35,76,0.412,1
LROC_01762,-89.0192,-120.9371,0.18,0.183,0.32,0.94,28,0.15,1
LROC_01763,-85.1176,-77.3328,0.188,0.18,0.43,0.88,91,0.416,1
LROC_01764,-88.4995,105.4224,0.176,0.167,0.2,0.6,48,0.216,1
LROC_01765,-86.7532,146.0724,0.204,0.174,1.05,1.72,74,0.422,1
LROC_01766,-82.6264,171.0314,0.183,0.174,1.0,1.36,78,0.432,1
LROC_01767,-85.2398,-96.3757,0.179,0.169,0.05,0.46,84,0.342,0
LROC_01768,-86.2411,137.2671,0.171,0.195,0.05,0.74,65,0.266,0
LROC_01769,-86.0552,-61.8282,0.189,0.163,1.92,2.13,56,0.454,0
LROC_01770,-85.4055,-139.3774,0.188,0.169,1.65,2.1,35,0.338,0
LROC_01771,-82.1498,133.209,0.191,0.175,0.53,1.02,19,0.14,1
LROC_01772,-81.0792,48.998,0.17,0.204,0.51,1.02,80,0.381,1
LROC_01773,-80.4467,-120.6969,0.161,0.19,1.26,1.54,84,0.487,1
LROC_01774,-82.131,-25.2607,0.194,0.181,0.11,0.98,75,0.313,1
LROC_01775,-86.8459,-76.5872,0.207,0.162,0.8,1.38,22,0.184,1
LROC_01776,-83.1187,85.246,0.17,0.182,0.48,1.12,80,0.378,1
LROC_01777,-85.624,-16.7702,0.209,0.165,1.02,1.65,76,0.426,0
LROC_01778,-87.4533,176.1408,0.189,0.179,0.05,0.84,34,0.142,0
LROC_01779,-81.5913,-160.2918,0.185,0.172,0.67,1.31,18,0.152,1
LROC_01780,-89.6157,-52.1945,0.179,0.2,0.61,1.33,29,0.189,1
LROC_01781,-80.9824,-6.5159,0.164,0.181,1.38,1.87,70,0.446,1
LROC_01782,-85.3852,1.1281,0.2,0.144,0.85,1.35,34,0.238,1
LROC_01783,-83.628,-66.2631,0.173,0.223,1.59,2.24,38,0.343,1
LROC_01784,-83.4065,82.5265,0.173,0.177,1.64,2.31,23,0.289,1
LROC_01785,-81.0488,134.9089,0.2,0.19,0.39,0.82,35,0.187,1
LROC_01786,-83.6333,157.9389,0.157,0.21,0.11,0.77,55,0.233,0
LROC_01787,-83.8607,109.8336,0.162,0.201,0.75,1.42,27,0.198,1
LROC_01788,-89.3335,126.2089,0.185,0.174,1.55,1.84,19,0.262,1
LROC_01789,-84.8159,18.1963,0.189,0.179,0.06,0.92,78,0.319,1
LROC_01790,-88.4983,117.3198,0.192,0.154,0.61,1.21,60,0.313,1
LROC_01791,-82.6257,-70.7386,0.18,0.209,0.09,0.8,92,0.379,1
LROC_01792,-84.8778,-36.5476,0.223,0.147,0.05,0.53,85,0.346,1
LROC_01793,-83.1977,-65.9113,0.182,0.174,0.85,1.3,84,0.438,0
LROC_01794,-89.5833,-11.7406,0.182,0.18,0.86,1.23,73,0.395,1
LROC_01795,-89.1521,-77.1913,0.173,0.181,0.69,1.15,90,0.443,1
LROC_01796,-82.8368,166.1801,0.187,0.166,1.47,1.97,65,0.436,1
LROC_01797,-89.2792,-67.3759,0.194,0.194,0.06,0.87,30,0.127,1
LROC_01798,-89.2874,-144.704,0.203,0.183,0.08,0.74,65,0.27,1
LROC_01799,-89.8789,9.6542,0.163,0.191,1.5,1.87,56,0.404,1
LROC_01800,-80.435,-159.4443,0.181,0.173,0.52,0.89,25,0.162,1
LROC_01801,-82.6249,-140.2045,0.192,0.19,0.24,0.93,82,0.357,1
LROC_01802,-86.4675,-101.0198,0.194,0.166,1.01,1.52,66,0.385,1
LROC_01803,-87.0346,-12.8339,0.185,0.2,1.69,2.41,87,0.551,1
LROC_01804,-86.503,-24.0297,0.193,0.175,0.88,1.58,24,0.202,1
LROC_01805,-82.2535,107.8891,0.173,0.201,1.18,1.87,86,0.486,1
LROC_01806,-83.3863,86.2109,0.208,0.165,0.25,0.63,77,0.338,1
LROC_01807,-88.148,-26.5254,0.2,0.171,0.26,1.02,50,0.231,0
LROC_01808,-88.2589,-59.8665,0.165,0.204,1.5,1.85,59,0.416,1
LROC_01809,-89.016,-66.0712,0.169,0.217,0.72,1.34,20,0.166,1
LROC_01810,-83.397,98.6382,0.169,0.207,0.2,0.8,20,0.104,1
LROC_01811,-82.3563,-161.2539,0.195,0.185,0.56,1.19,80,0.387,1
LROC_01812,-87.3495,-175.3842,0.166,0.194,0.87,1.25,87,0.452,0
LROC_01813,-89.7906,106.396,0.18,0.171,0.18,0.79,78,0.334,1
LROC_01814,-89.1783,-8.2273,0.192,0.178,0.8,1.14,52,0.304,1
LROC_01815,-80.3214,-132.8828,0.184,0.164,0.05,0.47,83,0.338,1
LROC_01816,-87.0456,-95.1963,0.189,0.181,0.27,0.97,75,0.332,1
LROC_01817,-82.3078,155.7014,0.169,0.191,0.84,1.63,92,0.469,1
LROC_01818,-83.7534,129.4211,0.194,0.143,0.12,0.9,88,0.366,0
LROC_01819,-86.1806,75.5226,0.176,0.181,0.19,0.81,77,0.331,1
LROC_01820,-87.9431,-6.3989,0.18,0.185,1.58,1.85,85,0.53,1
LROC_01821,-88.7861,7.3165,0.189,0.174,0.84,1.18,34,0.237,0
LROC_01822,-83.8499,171.088,0.187,0.181,0.52,0.95,89,0.418,1
LROC_01823,-82.2537,167.6774,0.185,0.157,0.18,1.05,91,0.386,1
LROC_01824,-83.561,-102.5031,0.174,0.17,0.31,0.88,78,0.349,0
LROC_01825,-84.697,111.9976,0.181,0.194,0.64,1.4,51,0.281,0
LROC_01826,-89.5805,-108.9926,0.185,0.177,0.13,0.87,50,0.216,1
LROC_01827,-80.3151,-103.1265,0.164,0.191,0.49,1.14,24,0.155,0
LROC_01828,-82.0129,63.3935,0.178,0.172,0.39,1.22,48,0.239,1
LROC_01829,-87.0718,-34.1996,0.191,0.174,0.49,0.96,59,0.295,0
LROC_01830,-80.2003,155.356,0.166,0.151,0.08,0.7,77,0.318,0
LROC_01831,-83.9812,-147.9565,0.202,0.182,0.08,0.9,27,0.118,1
LROC_01832,-84.1758,4.1492,0.204,0.195,2.5,2.93,39,0.456,1
LROC_01833,-82.5193,150.6678,0.166,0.169,2.91,3.14,58,0.581,1
LROC_01834,-81.8823,145.4809,0.205,0.154,0.42,0.88,88,0.402,0
LROC_01835,-83.4352,-123.6495,0.183,0.184,1.17,1.83,38,0.292,0
LROC_01836,-88.719,-48.0104,0.191,0.196,0.8,1.13,83,0.428,1
LROC_01837,-86.6173,42.8837,0.178,0.18,0.09,0.94,88,0.363,1
LROC_01838,-80.7192,-122.6178,0.199,0.152,0.26,0.64,61,0.275,1
LROC_01839,-87.7538,168.488,0.191,0.171,0.28,0.97,64,0.29,1
LROC_01840,-86.2783,149.3098,0.173,0.167,0.68,1.31,50,0.282,1
LROC_01841,-85.6792,-119.8979,0.168,0.174,0.65,1.27,47,0.266,1
LROC_01842,-85.606,-136.384,0.163,0.182,1.93,2.37,17,0.3,0
LROC_01843,-83.8706,-149.2529,0.188,0.161,1.17,1.88,45,0.32,1
LROC_01844,-80.5692,147.3997,0.194,0.161,1.46,2.04,74,0.471,0
LROC_01845,-87.5931,-110.2954,0.195,0.173,1.66,2.28,43,0.371,1
LROC_01846,-88.785,-30.1374,0.183,0.181,1.21,1.55,58,0.377,1
LROC_01847,-88.0253,-18.4135,0.168,0.163,0.3,0.69,59,0.272,1
LROC_01848,-81.1308,35.644,0.175,0.187,0.18,0.58,56,0.246,1
LROC_01849,-83.5419,-154.1753,0.202,0.163,0.64,1.05,35,0.217,1
LROC_01850,-87.1409,-98.3669,0.178,0.191,0.88,1.53,46,0.29,1
LROC_01851,-81.8405,155.3365,0.187,0.188,0.37,0.98,42,0.212,1
LROC_01852,-81.3863,147.0276,0.169,0.176,1.41,2.05,61,0.413,1
LROC_01853,-81.5349,101.2646,0.19,0.184,2.42,2.67,61,0.534,1
LROC_01854,-80.8107,-173.0156,0.178,0.167,0.63,1.15,31,0.2,1
LROC_01855,-87.4776,-62.2776,0.201,0.189,0.46,1.26,43,0.227,0
LROC_01856,-82.4496,46.0651,0.197,0.159,1.39,2.12,62,0.415,1
LROC_01857,-85.3946,-80.9315,0.178,0.185,0.05,0.91,16,0.07,0
LROC_01858,-81.58,147.4512,0.183,0.175,0.1,0.9,47,0.2,1
LROC_01859,-82.7151,48.2002,0.177,0.165,1.4,2.0,77,0.476,1
LROC_01860,-82.2355,-154.1136,0.164,0.2,0.99,1.75,82,0.447,0
LROC_01861,-83.4384,147.242,0.172,0.173,0.4,1.12,53,0.26,1
LROC_01862,-88.2257,164.796,0.188,0.15,1.65,2.36,19,0.274,0
LROC_01863,-84.5497,-152.0235,0.19,0.131,0.32,0.7,82,0.366,1
LROC_01864,-80.1533,11.6497,0.187,0.163,0.75,1.54,66,0.354,0
LROC_01865,-80.6261,-70.7889,0.18,0.2,0.75,1.35,66,0.354,1
LROC_01866,-89.5683,-38.5779,0.199,0.189,0.15,0.59,43,0.19,1
LROC_01867,-88.3519,-115.3256,0.186,0.166,0.25,0.73,51,0.234,0
LROC_01868,-88.6827,28.106,0.196,0.166,1.86,2.5,22,0.311,1
LROC_01869,-82.7402,164.8726,0.158,0.182,0.15,0.79,34,0.154,1
LROC_01870,-81.8221,1.1061,0.126,0.183,0.14,1.02,55,0.237,1
LROC_01871,-87.8649,-150.1508,0.189,0.161,0.49,0.9,84,0.395,1
LROC_01872,-84.9415,43.2005,0.164,0.201,0.07,0.67,50,0.208,0
LROC_01873,-81.593,-57.5197,0.182,0.186,1.69,2.09,46,0.387,1
LROC_01874,-82.672,128.1331,0.18,0.183,0.08,0.73,19,0.086,1
LROC_01875,-84.5776,-23.5159,0.209,0.146,0.72,1.36,34,0.222,1
LROC_01876,-84.0965,-110.5777,0.191,0.176,0.31,1.01,82,0.365,0
LROC_01877,-84.9164,-111.202,0.187,0.141,1.22,1.5,36,0.29,1
LROC_01878,-87.0245,96.7551,0.198,0.184,0.67,1.05,45,0.26,1
LROC_01879,-84.3498,-84.3885,0.191,0.178,0.37,0.75,55,0.264,1
LROC_01880,-83.1111,96.204,0.178,0.16,3.1,3.62,19,0.448,1
LROC_01881,-81.2668,-105.8806,0.201,0.194,0.05,0.6,24,0.102,1
LROC_01882,-83.6371,-64.1929,0.168,0.157,0.65,1.17,89,0.434,0
LROC_01883,-82.3888,-12.4247,0.19,0.182,3.42,3.7,51,0.614,1
LROC_01884,-88.3993,159.5505,0.162,0.195,0.88,1.62,70,0.386,1
LROC_01885,-85.3844,155.4233,0.188,0.157,1.01,1.32,38,0.273,1
LROC_01886,-89.9067,-105.5261,0.188,0.175,0.05,0.5,30,0.126,1
LROC_01887,-87.5332,-51.0411,0.21,0.141,0.05,0.79,16,0.07,0
LROC_01888,-82.7354,-126.2162,0.162,0.144,0.05,0.93,29,0.122,1
LROC_01889,-80.0819,3.5946,0.176,0.165,3.6,3.96,55,0.652,1
LROC_01890,-89.0082,-14.1903,0.197,0.162,2.92,3.16,77,0.658,1
LROC_01891,-85.9851,144.2737,0.19,0.184,0.31,0.94,63,0.289,1
LROC_01892,-81.9993,154.8019,0.188,0.176,0.26,1.12,40,0.191,1
LROC_01893,-87.9596,-41.9157,0.171,0.184,0.12,0.77,80,0.334,0
LROC_01894,-84.4492,-2.9743,0.176,0.166,0.3,0.86,43,0.208,1
LROC_01895,-82.6693,142.645,0.204,0.16,0.35,0.91,84,0.378,1
LROC_01896,-83.8401,110.4148,0.184,0.163,1.03,1.81,74,0.42,1
LROC_01897,-88.1198,-178.6837,0.191,0.156,1.51,2.12,79,0.497,1
LROC_01898,-86.4462,-64.7786,0.183,0.169,1.03,1.67,54,0.34,1
LROC_01899,-82.1621,-28.1613,0.167,0.186,0.78,1.22,25,0.194,1
LROC_01900,-84.4577,-97.3021,0.199,0.162,1.09,1.66,66,0.395,1
LROC_01901,-89.9477,-108.1542,0.193,0.168,1.01,1.49,93,0.493,0
LROC_01902,-82.3901,-166.3976,0.22,0.171,0.48,0.95,87,0.406,0
LROC_01903,-89.6469,51.6131,0.17,0.176,0.31,1.13,78,0.349,1
LROC_01904,-82.5427,-85.4963,0.197,0.151,0.25,0.82,17,0.098,1
LROC_01905,-87.9752,-161.155,0.165,0.194,0.85,1.31,25,0.202,1
LROC_01906,-80.4193,-96.8474,0.187,0.18,2.4,3.03,42,0.456,1
LROC_01907,-86.3206,108.689,0.2,0.175,0.65,1.08,76,0.382,0
LROC_01908,-86.7307,126.5361,0.154,0.2,1.83,2.42,62,0.468,1
LROC_01909,-88.5111,-6.0962,0.182,0.185,0.05,0.77,42,0.174,1
LROC_01910,-86.944,-30.2146,0.177,0.181,1.19,1.93,60,0.383,1
LROC_01911,-81.2335,172.0273,0.174,0.218,1.44,2.11,78,0.485,1
LROC_01912,-80.0367,-107.7967,0.191,0.155,0.75,1.43,69,0.366,1
LROC_01913,-86.3169,-102.4707,0.202,0.16,2.04,2.39,16,0.309,1
LROC_01914,-85.5139,-74.9278,0.183,0.192,0.67,1.25,89,0.436,1
LROC_01915,-82.7793,-117.8074,0.188,0.178,0.21,1.06,30,0.145,1
LROC_01916,-81.138,-43.4284,0.187,0.187,0.18,0.57,25,0.122,1
LROC_01917,-84.0696,147.9003,0.185,0.179,0.61,1.35,17,0.141,0
LROC_01918,-86.0847,41.5252,0.169,0.205,1.78,2.13,69,0.49,1
LROC_01919,-85.8738,-31.6992,0.202,0.154,0.06,0.55,56,0.231,0
LROC_01920,-83.0438,156.3879,0.189,0.195,0.7,1.15,43,0.256,1
LROC_01921,-89.9678,-162.5529,0.191,0.192,1.1,1.42,83,0.464,1
LROC_01922,-83.8041,-104.3006,0.173,0.164,0.09,0.98,45,0.191,1
LROC_01923,-86.4451,23.7199,0.178,0.189,0.09,0.92,91,0.375,1
LROC_01924,-82.058,41.5989,0.182,0.177,0.34,0.97,39,0.197,0
LROC_01925,-89.0701,-165.7593,0.162,0.178,0.24,0.97,20,0.109,1
LROC_01926,-84.118,-34.906,0.16,0.16,0.17,0.83,74,0.316,1
LROC_01927,-85.1903,53.6954,0.176,0.166,0.17,0.96,81,0.344,1
LROC_01928,-83.5767,71.3054,0.193,0.184,0.11,0.92,36,0.157,0
LROC_01929,-89.3515,49.7304,0.175,0.193,0.71,1.16,55,0.305,1
LROC_01930,-84.2002,-64.5972,0.17,0.18,0.87,1.41,67,0.372,1
LROC_01931,-84.3852,-146.3328,0.173,0.194,0.91,1.54,74,0.405,1
LROC_01932,-84.3934,-26.2395,0.178,0.194,0.57,1.4,53,0.28,1
LROC_01933,-83.9651,-133.6484,0.18,0.181,2.29,2.8,69,0.551,1
LROC_01934,-83.2353,161.1445,0.217,0.152,1.59,2.28,44,0.367,1
LROC_01935,-81.9501,-8.9385,0.201,0.176,2.37,2.96,85,0.624,1
LROC_01936,-87.3018,-65.7867,0.2,0.177,0.37,1.02,16,0.108,1
LROC_01937,-81.7495,95.8695,0.203,0.179,1.58,2.27,22,0.278,1
LROC_01938,-85.0174,-0.7385,0.17,0.196,1.08,1.56,77,0.438,1
LROC_01939,-89.2294,-68.3878,0.167,0.164,0.31,0.87,73,0.329,1
LROC_01940,-89.4145,112.3084,0.168,0.177,0.08,0.86,42,0.178,1
LROC_01941,-86.6576,132.1748,0.205,0.139,0.86,1.24,88,0.455,1
LROC_01942,-82.151,62.2829,0.177,0.192,0.11,0.65,52,0.221,1
LROC_01943,-82.9232,-163.0928,0.166,0.182,0.26,0.94,32,0.159,0
LROC_01944,-82.1139,23.8762,0.179,0.186,0.52,1.08,76,0.366,1
LROC_01945,-84.8273,94.7862,0.181,0.156,0.85,1.64,91,0.466,1
LROC_01946,-85.598,-130.8589,0.189,0.196,1.96,2.64,37,0.383,1
LROC_01947,-88.5255,-97.6785,0.189,0.157,0.67,1.25,79,0.396,1
LROC_01948,-86.7181,137.6982,0.173,0.194,0.83,1.42,54,0.316,0
LROC_01949,-85.6598,-172.7562,0.195,0.174,0.28,1.01,74,0.33,1
LROC_01950,-89.114,90.9818,0.175,0.178,0.87,1.41,19,0.18,1
LROC_01951,-87.7939,-9.4416,0.183,0.174,0.43,0.88,32,0.18,1
LROC_01952,-84.0177,-19.162,0.195,0.163,1.46,2.09,52,0.383,1
LROC_01953,-82.6434,-177.4452,0.175,0.201,0.37,1.1,43,0.216,1
LROC_01954,-80.0165,114.9834,0.176,0.181,0.47,0.95,40,0.216,1
LROC_01955,-80.6689,-50.463,0.194,0.154,0.43,1.2,74,0.348,1
LROC_01956,-83.5743,14.6756,0.172,0.177,1.25,1.83,50,0.35,1
LROC_01957,-85.7875,63.8282,0.179,0.181,2.3,2.59,43,0.448,1
LROC_01958,-83.6382,72.9466,0.193,0.187,0.3,1.0,45,0.216,0
LROC_01959,-82.1435,164.1528,0.216,0.154,0.48,0.95,77,0.366,1
LROC_01960,-88.8166,11.2824,0.194,0.165,0.92,1.36,27,0.218,1
LROC_01961,-85.901,-36.101,0.192,0.174,1.69,2.35,85,0.543,1
LROC_01962,-81.602,163.3333,0.193,0.186,0.51,1.32,54,0.277,1
LROC_01963,-86.1617,51.1597,0.169,0.163,0.09,0.61,84,0.347,1
LROC_01964,-84.2813,-72.6659,0.187,0.183,0.34,1.17,16,0.105,1
LROC_01965,-84.1223,-134.4729,0.185,0.17,0.6,1.06,22,0.16,1
LROC_01966,-88.1552,123.3196,0.19,0.17,0.41,0.83,88,0.401,1
LROC_01967,-86.3776,-49.6146,0.187,0.206,0.15,0.56,57,0.246,1
LROC_01968,-86.6549,57.7691,0.191,0.171,0.05,0.57,63,0.258,1
LROC_01969,-89.738,-10.5061,0.18,0.19,0.87,1.38,36,0.248,0
LROC_01970,-89.7581,-108.3853,0.186,0.187,3.69,4.18,88,0.795,1
LROC_01971,-81.683,36.6072,0.167,0.167,1.89,2.22,49,0.423,1
LROC_01972,-87.2693,-158.1541,0.18,0.151,0.86,1.36,33,0.235,1
LROC_01973,-84.8192,-31.1967,0.206,0.18,1.38,2.01,18,0.238,1
LROC_01974,-87.0127,16.7814,0.19,0.158,0.22,0.75,33,0.158,1
LROC_01975,-80.5932,-23.0231,0.185,0.152,0.73,1.4,34,0.224,1
LROC_01976,-87.407,89.522,0.213,0.18,0.05,0.66,18,0.078,1
LROC_01977,-85.7034,118.053,0.165,0.17,0.92,1.33,63,0.362,0
LROC_01978,-81.2727,97.6475,0.168,0.173,2.63,3.13,40,0.476,0
LROC_01979,-81.5807,-166.0273,0.211,0.195,1.48,1.75,17,0.246,1
LROC_01980,-88.139,-110.1136,0.186,0.151,0.57,1.06,66,0.332,1
LROC_01981,-81.9736,13.1787,0.181,0.16,1.17,1.63,50,0.34,1
LROC_01982,-85.4181,156.5359,0.167,0.178,2.16,2.57,55,0.479,1
LROC_01983,-85.1703,120.5844,0.192,0.17,0.18,0.9,84,0.358,1
LROC_01984,-88.6652,123.3124,0.193,0.16,1.18,1.69,65,0.402,0
LROC_01985,-89.194,-70.8451,0.169,0.167,0.24,0.91,30,0.149,1
LROC_01986,-82.7206,-25.3988,0.183,0.2,1.57,2.11,61,0.432,1
LROC_01987,-85.0354,-10.5459,0.18,0.183,0.08,0.66,94,0.386,1
LROC_01988,-85.6315,-123.3462,0.189,0.184,0.15,1.0,60,0.258,0
LROC_01989,-82.7049,-168.8155,0.168,0.182,0.96,1.74,69,0.391,1
LROC_01990,-82.3449,160.885,0.204,0.173,0.14,0.82,53,0.229,1
LROC_01991,-88.4109,-93.3435,0.199,0.184,0.13,0.55,20,0.096,1
LROC_01992,-83.8977,-93.6184,0.18,0.164,0.61,1.19,75,0.373,1
LROC_01993,-88.6465,-149.9835,0.182,0.182,1.35,1.71,23,0.254,1
LROC_01994,-82.4862,154.2628,0.183,0.188,0.23,0.85,25,0.128,1
LROC_01995,-83.4304,28.7054,0.173,0.205,1.38,1.74,79,0.482,1
LROC_01996,-80.4339,60.1333,0.178,0.209,1.24,1.87,73,0.441,0
LROC_01997,-89.3104,148.1677,0.181,0.18,0.65,1.03,84,0.414,1
LROC_01998,-89.4295,-55.5767,0.209,0.183,0.78,1.58,21,0.178,1
LROC_01999,-87.1781,43.7426,0.199,0.13,0.05,0.54,75,0.306,1
LROC_02000,-87.3829,-166.0322,0.199,0.194,0.34,1.04,71,0.325,1
LROC_02001,-87.5302,-112.7619,0.191,0.163,0.23,1.07,48,0.22,1
LROC_02002,-80.9375,119.2485,0.168,0.181,0.12,0.63,59,0.25,1
LROC_02003,-87.5045,96.0366,0.184,0.184,0.37,1.2,59,0.28,0
LROC_02004,-87.2805,-53.7686,0.2,0.168,0.33,0.89,29,0.156,1
LROC_02005,-82.406,-44.3482,0.166,0.188,0.98,1.76,23,0.21,1
LROC_02006,-85.5026,12.0796,0.195,0.196,0.68,1.5,60,0.322,1
LROC_02007,-82.2329,-179.9132,0.22,0.155,1.83,2.14,60,0.46,1
LROC_02008,-89.3463,-93.152,0.201,0.153,0.12,0.92,50,0.214,1
LROC_02009,-85.1243,-105.0365,0.206,0.195,0.05,0.54,60,0.246,1
LROC_02010,-89.6639,-89.8261,0.188,0.183,0.57,1.03,56,0.292,1
LROC_02011,-89.3735,110.1261,0.2,0.199,0.05,0.49,44,0.182,0
LROC_02012,-80.9356,-79.3174,0.174,0.195,1.16,1.52,25,0.239,0
LROC_02013,-88.6075,-111.0523,0.197,0.151,0.53,1.19,47,0.252,0
LROC_02014,-84.6758,1.5348,0.195,0.182,0.5,1.07,54,0.276,1
LROC_02015,-85.889,131.6322,0.189,0.16,0.34,1.1,84,0.377,1
LROC_02016,-86.5266,-93.1141,0.205,0.168,0.35,0.88,57,0.27,1
LROC_02017,-81.0017,-151.727,0.177,0.179,0.42,1.26,53,0.262,1
LROC_02018,-89.7818,-51.6943,0.182,0.154,0.05,0.47,53,0.218,1
LROC_02019,-83.3621,89.1547,0.186,0.164,0.07,0.49,67,0.276,1
LROC_02020,-80.3661,18.2486,0.17,0.217,0.53,1.23,45,0.244,0
LROC_02021,-84.3983,114.0456,0.188,0.179,0.12,0.95,77,0.322,1
LROC_02022,-80.6318,165.4532,0.159,0.186,1.13,1.81,39,0.292,1
LROC_02023,-89.4774,105.3585,0.201,0.197,0.24,0.86,55,0.249,0
LROC_02024,-85.8121,37.3691,0.186,0.17,0.08,0.61,64,0.266,1
LROC_02025,-87.3984,-2.397,0.177,0.179,0.2,0.59,73,0.316,1
LROC_02026,-82.6918,-165.5751,0.172,0.197,0.33,0.95,63,0.292,0
LROC_02027,-80.187,174.3559,0.181,0.173,0.05,0.68,44,0.182,1
LROC_02028,-87.4347,-41.9468,0.195,0.161,0.11,0.67,59,0.249,1
LROC_02029,-83.4583,-125.1978,0.193,0.139,0.29,0.95,82,0.363,1
LROC_02030,-88.019,60.0152,0.174,0.168,0.28,1.02,67,0.302,1
LROC_02031,-84.3467,-77.6562,0.172,0.168,1.21,1.84,40,0.305,1
LROC_02032,-85.3607,30.8802,0.195,0.175,1.39,1.78,85,0.507,1
LROC_02033,-80.2799,31.2364,0.174,0.173,0.16,0.84,54,0.235,1
LROC_02034,-83.9147,-19.5373,0.186,0.209,0.1,0.56,26,0.116,1
LROC_02035,-86.5049,121.0027,0.187,0.16,0.75,1.14,15,0.15,0
LROC_02036,-88.859,-84.6119,0.19,0.196,1.22,1.89,84,0.482,1
LROC_02037,-88.4875,-18.4923,0.198,0.174,2.49,2.99,15,0.359,1
LROC_02038,-87.7468,13.5692,0.166,0.197,0.05,0.83,22,0.094,0
LROC_02039,-87.4903,58.9049,0.156,0.201,0.4,0.84,47,0.236,1
LROC_02040,-81.4938,102.2299,0.176,0.148,0.99,1.75,82,0.447,1
LROC_02041,-84.3878,-37.8694,0.212,0.164,1.32,1.65,64,0.414,1
LROC_02042,-84.7661,52.5769,0.215,0.159,0.05,0.88,20,0.086,1
LROC_02043,-88.8523,-125.7801,0.212,0.148,0.86,1.35,74,0.399,1
LROC_02044,-81.3986,155.7533,0.182,0.185,0.26,0.69,77,0.339,1
LROC_02045,-82.7719,-42.0988,0.158,0.215,0.06,0.6,66,0.271,1
LROC_02046,-89.3233,82.6277,0.15,0.152,0.5,0.94,17,0.128,0
LROC_02047,-82.9216,-172.6772,0.176,0.173,0.13,0.76,93,0.388,1
LROC_02048,-84.5646,-106.1326,0.182,0.159,1.0,1.77,84,0.456,0
LROC_02049,-89.1827,-4.6503,0.205,0.169,1.01,1.47,20,0.201,1
LROC_02050,-85.417,136.1709,0.198,0.166,1.38,1.95,51,0.37,1
LROC_02051,-85.153,9.8119,0.188,0.166,0.36,1.17,65,0.303,1
LROC_02052,-88.3423,154.7534,0.172,0.193,0.05,0.76,41,0.17,1
LROC_02053,-80.543,-5.8331,0.171,0.208,0.23,0.79,60,0.268,1
LROC_02054,-81.5002,-3.4383,0.189,0.215,0.47,1.32,83,0.388,0
LROC_02055,-83.3098,-136.8912,0.195,0.161,0.89,1.29,31,0.231,1
LROC_02056,-85.377,108.9562,0.191,0.147,0.36,0.99,31,0.167,0
LROC_02057,-85.8823,-91.0925,0.169,0.192,0.58,1.32,37,0.218,1
LROC_02058,-83.4903,143.8605,0.195,0.196,0.56,0.9,53,0.279,1
LROC_02059,-84.5457,147.8967,0.191,0.186,0.14,0.88,47,0.205,0
LROC_02060,-89.3773,159.5916,0.169,0.208,0.73,1.19,80,0.408,1
LROC_02061,-84.875,7.283,0.173,0.179,0.43,0.87,24,0.148,1
LROC_02062,-81.936,63.7538,0.195,0.163,1.24,1.65,54,0.365,1
LROC_02063,-85.4076,100.2657,0.181,0.18,0.88,1.68,87,0.454,1
LROC_02064,-89.4804,-132.8347,0.209,0.161,0.09,0.93,29,0.127,1
LROC_02065,-82.1372,36.3446,0.193,0.183,0.5,0.96,57,0.288,1
LROC_02066,-87.9864,-167.6528,0.178,0.194,0.91,1.28,26,0.213,1
LROC_02067,-87.4138,-0.8762,0.185,0.192,0.07,0.65,36,0.152,0
LROC_02068,-88.3529,-124.2566,0.186,0.184,1.18,1.76,32,0.27,1
LROC_02069,-86.6978,-114.1477,0.174,0.185,0.19,1.0,80,0.343,1
LROC_02070,-82.4325,-48.5829,0.171,0.195,0.52,1.35,76,0.366,1
LROC_02071,-84.8061,-24.3226,0.196,0.142,2.12,2.68,75,0.554,1
LROC_02072,-87.9512,44.3421,0.198,0.174,0.64,1.28,74,0.373,0
LROC_02073,-81.2217,-153.2058,0.194,0.173,0.41,0.84,93,0.421,1
LROC_02074,-81.2042,1.329,0.208,0.17,0.05,0.48,53,0.218,1
LROC_02075,-81.2942,-114.255,0.177,0.179,0.11,0.8,87,0.361,0
LROC_02076,-87.612,26.6311,0.21,0.172,0.65,1.25,36,0.222,1
LROC_02077,-85.4876,49.4657,0.171,0.174,0.51,1.28,28,0.173,1
LROC_02078,-80.1501,20.4153,0.17,0.2,0.34,0.87,21,0.125,1
LROC_02079,-82.2799,85.7864,0.159,0.196,1.93,2.16,49,0.428,1
LROC_02080,-89.7283,-59.1807,0.178,0.182,0.3,0.88,48,0.228,1
LROC_02081,-89.348,95.4384,0.177,0.17,0.58,1.41,81,0.394,1
LROC_02082,-85.3607,-24.2039,0.193,0.185,0.63,1.36,77,0.384,0
LROC_02083,-80.9078,-5.6936,0.189,0.178,0.56,0.92,16,0.131,1
LROC_02084,-84.613,53.3168,0.167,0.174,0.49,1.28,59,0.295,1
LROC_02085,-85.0219,-173.391,0.179,0.179,0.31,0.91,77,0.345,1
LROC_02086,-88.9453,55.4379,0.179,0.189,1.8,2.2,16,0.28,1
LROC_02087,-83.4322,42.6907,0.158,0.197,0.45,0.98,68,0.326,1
LROC_02088,-81.779,-68.455,0.17,0.191,0.56,1.2,65,0.327,1
LROC_02089,-86.1958,-149.1141,0.173,0.184,0.8,1.39,55,0.316,1
LROC_02090,-82.2439,-147.2632,0.207,0.182,0.05,0.77,19,0.082,0
LROC_02091,-80.3552,152.3605,0.188,0.194,1.14,1.71,85,0.477,1
LROC_02092,-87.9623,68.1406,0.195,0.183,0.54,0.96,39,0.221,1
LROC_02093,-84.7667,-134.2431,0.163,0.178,0.8,1.25,15,0.156,1
LROC_02094,-87.1286,-51.5797,0.203,0.153,1.11,1.82,23,0.225,1
LROC_02095,-82.0715,33.2939,0.205,0.16,1.55,2.13,80,0.506,0
LROC_02096,-84.2241,120.8058,0.155,0.22,0.37,0.96,81,0.368,0
LROC_02097,-83.6542,-164.2821,0.174,0.186,1.25,1.62,18,0.222,1
LROC_02098,-82.0209,-94.8121,0.192,0.205,0.22,0.6,35,0.166,0
LROC_02099,-86.0403,140.3096,0.195,0.17,0.81,1.28,75,0.397,1
LROC_02100,-80.8491,-176.7004,0.175,0.177,0.08,0.5,40,0.17,1
LROC_02101,-84.6697,-107.4963,0.18,0.178,0.05,0.69,58,0.238,0
LROC_02102,-88.4205,165.2487,0.176,0.179,0.08,0.88,51,0.214,1
LROC_02103,-83.041,40.8247,0.187,0.164,0.29,0.8,92,0.403,0
LROC_02104,-82.0674,-85.7983,0.203,0.151,0.05,0.87,24,0.102,1
LROC_02105,-86.8324,-155.8832,0.173,0.19,0.75,1.43,88,0.442,1
LROC_02106,-81.4282,-169.8511,0.2,0.186,0.29,0.72,88,0.387,1
LROC_02107,-80.9386,-91.8918,0.173,0.219,1.0,1.62,89,0.476,1
LROC_02108,-87.231,137.3349,0.172,0.176,0.05,0.52,61,0.25,1
LROC_02109,-80.1648,-30.2711,0.197,0.166,0.18,0.89,94,0.398,1
LROC_02110,-88.5929,79.32,0.199,0.159,0.39,0.82,37,0.195,1
LROC_02111,-87.9798,150.5826,0.198,0.188,0.36,0.92,90,0.403,1
LROC_02112,-88.1578,-33.1054,0.165,0.198,0.11,0.78,68,0.285,1
LROC_02113,-81.0601,-111.1401,0.178,0.167,3.85,3.89,73,0.754,0
LROC_02114,-83.4571,6.1625,0.197,0.158,0.25,0.7,33,0.162,1
LROC_02115,-88.479,146.9101,0.186,0.191,0.96,1.42,39,0.271,1
LROC_02116,-85.5968,109.5748,0.169,0.19,0.19,0.8,81,0.347,1
LROC_02117,-83.847,-156.3013,0.192,0.185,1.58,2.25,27,0.298,1
LROC_02118,-89.1654,69.3262,0.174,0.168,0.37,0.83,35,0.184,1
LROC_02119,-81.1758,25.8831,0.212,0.136,1.73,2.13,36,0.352,1
LROC_02120,-81.964,146.6867,0.208,0.153,0.31,0.92,61,0.281,1
LROC_02121,-84.9479,-135.9067,0.194,0.183,0.05,0.59,77,0.314,1
LROC_02122,-80.3287,12.253,0.205,0.199,0.55,1.21,43,0.238,0
LROC_02123,-85.8224,136.6066,0.186,0.17,0.56,1.03,63,0.319,1
LROC_02124,-80.1589,-32.3914,0.196,0.206,0.1,0.88,39,0.168,1
LROC_02125,-83.3208,-6.4818,0.207,0.179,0.2,0.83,37,0.172,0
LROC_02126,-83.6533,-154.6342,0.189,0.154,1.15,1.48,90,0.498,1
LROC_02127,-88.3405,-79.8683,0.181,0.182,0.05,0.76,63,0.258,1
LROC_02128,-81.1807,-63.1776,0.159,0.201,0.5,1.13,37,0.208,1
LROC_02129,-85.7251,160.2441,0.184,0.141,0.57,1.08,19,0.144,1
LROC_02130,-88.3777,-78.2398,0.197,0.181,0.88,1.2,43,0.278,1
LROC_02131,-89.8739,-14.0873,0.199,0.188,0.05,0.55,19,0.082,1
LROC_02132,-84.4024,61.6696,0.193,0.179,0.66,1.2,53,0.291,0
LROC_02133,-84.726,-121.614,0.177,0.179,0.05,0.54,49,0.202,1
LROC_02134,-82.8065,-4.8807,0.155,0.188,0.23,0.9,44,0.204,1
LROC_02135,-81.0974,85.8741,0.178,0.176,0.52,1.22,70,0.342,1
LROC_02136,-89.2059,132.0679,0.18,0.161,1.82,2.47,16,0.282,1
LROC_02137,-82.685,45.4533,0.18,0.169,0.1,0.81,29,0.128,1
LROC_02138,-88.1259,60.8593,0.194,0.166,0.14,0.87,65,0.277,1
LROC_02139,-81.4182,-134.5379,0.215,0.165,0.83,1.45,37,0.248,0
LROC_02140,-81.8094,160.4795,0.187,0.167,0.35,1.21,40,0.202,1
LROC_02141,-84.5921,-132.2733,0.182,0.165,0.73,1.19,25,0.188,0
LROC_02142,-82.8976,98.8823,0.181,0.19,4.48,4.57,38,0.69,0
LROC_02143,-86.8565,-84.6661,0.187,0.181,3.25,3.39,23,0.482,1
LROC_02144,-85.2883,156.0935,0.173,0.174,0.33,0.94,92,0.408,0
LROC_02145,-81.7836,79.1854,0.187,0.183,0.53,0.93,85,0.404,1
LROC_02146,-85.4073,91.3729,0.192,0.167,1.76,2.12,24,0.307,1
LROC_02147,-86.422,-101.1387,0.188,0.176,0.07,0.7,86,0.352,1
LROC_02148,-85.0579,-20.5056,0.192,0.188,0.45,1.28,92,0.422,0
LROC_02149,-81.7175,42.4128,0.192,0.165,0.36,1.21,85,0.383,0
LROC_02150,-86.6479,97.1905,0.158,0.171,0.26,1.01,71,0.315,1
LROC_02151,-88.2624,-142.5746,0.195,0.17,3.86,4.07,29,0.579,1
LROC_02152,-82.8799,166.4515,0.175,0.161,0.99,1.72,47,0.307,1
LROC_02153,-81.7402,140.4794,0.169,0.18,0.37,1.17,25,0.144,1
LROC_02154,-88.9936,-82.6745,0.168,0.18,1.32,2.04,33,0.29,1
LROC_02155,-87.6013,116.1937,0.192,0.137,0.5,1.17,56,0.284,0
LROC_02156,-88.5803,6.5966,0.182,0.186,1.55,1.9,72,0.474,1
LROC_02157,-86.5206,-13.7497,0.16,0.185,0.23,0.65,32,0.156,0
LROC_02158,-85.4965,-66.8037,0.192,0.191,0.19,1.03,32,0.151,1
LROC_02159,-82.5117,29.1487,0.163,0.19,0.21,0.62,36,0.169,1
LROC_02160,-83.4885,82.7601,0.187,0.187,0.58,1.07,66,0.334,1
LROC_02161,-83.7907,-32.0642,0.189,0.193,0.26,0.88,58,0.263,0
LROC_02162,-86.4763,46.5189,0.198,0.169,0.12,0.52,45,0.194,1
LROC_02163,-81.5855,71.7527,0.212,0.165,3.92,4.38,23,0.562,1
LROC_02164,-85.2871,76.0039,0.165,0.162,1.73,2.1,64,0.464,0
LROC_02165,-80.209,-161.2922,0.184,0.196,0.76,1.1,75,0.391,1
LROC_02166,-83.6586,129.5092,0.181,0.176,1.67,2.4,33,0.332,0
LROC_02167,-88.7374,-15.0288,0.192,0.159,2.06,2.41,66,0.511,1
LROC_02168,-83.2382,-85.5302,0.188,0.186,0.85,1.6,69,0.378,1
LROC_02169,-86.749,-92.9648,0.18,0.146,0.55,1.12,39,0.222,1
LROC_02170,-83.1367,-6.1149,0.178,0.173,1.6,2.17,93,0.564,1
LROC_02171,-89.3036,139.2594,0.168,0.198,0.63,1.09,83,0.408,0
LROC_02172,-88.2512,-43.7949,0.2,0.163,0.1,0.74,89,0.368,1
LROC_02173,-81.4426,89.9013,0.192,0.163,0.34,0.83,27,0.149,1
LROC_02174,-87.7282,-145.1453,0.199,0.164,0.44,1.27,48,0.245,1
LROC_02175,-81.6296,-8.6196,0.18,0.149,2.05,2.28,86,0.59,1
LROC_02176,-87.2072,177.007,0.175,0.192,0.81,1.27,39,0.253,1
LROC_02177,-83.5712,97.3576,0.169,0.182,1.56,2.25,89,0.543,1
LROC_02178,-83.0585,-104.2097,0.19,0.17,1.06,1.59,78,0.439,1
LROC_02179,-84.8735,0.5189,0.169,0.18,0.28,0.95,24,0.13,1
LROC_02180,-86.9469,-95.8951,0.213,0.164,0.95,1.58,31,0.238,1
LROC_02181,-87.8736,-32.5581,0.165,0.196,0.16,0.58,19,0.095,1
LROC_02182,-89.6681,100.8302,0.189,0.174,0.39,0.76,81,0.371,0
LROC_02183,-86.9605,97.6409,0.209,0.146,1.23,1.98,24,0.244,1
LROC_02184,-83.4684,-97.8839,0.194,0.181,0.71,1.17,41,0.249,0
LROC_02185,-80.617,152.0004,0.188,0.183,1.31,1.77,70,0.437,1
LROC_02186,-81.288,33.3245,0.17,0.187,0.22,0.94,21,0.11,0
LROC_02187,-82.3394,-43.2273,0.164,0.202,1.04,1.45,43,0.297,1
LROC_02188,-82.1155,0.6968,0.197,0.172,0.17,0.92,63,0.272,1
LROC_02189,-83.3502,37.8257,0.208,0.183,0.59,1.16,53,0.283,1
LROC_02190,-87.3971,21.5606,0.178,0.201,0.43,1.22,84,0.388,1
LROC_02191,-80.928,-4.8942,0.168,0.193,0.61,1.09,23,0.165,1
LROC_02192,-83.2927,1.7758,0.148,0.182,0.11,0.6,86,0.357,1
LROC_02193,-84.3956,-116.4917,0.17,0.182,0.34,1.12,75,0.341,1
LROC_02194,-88.8901,112.5838,0.183,0.196,0.82,1.3,92,0.466,1
LROC_02195,-85.5294,15.0337,0.209,0.143,0.61,1.15,68,0.345,1
LROC_02196,-85.3964,-132.8112,0.195,0.166,0.6,1.34,23,0.164,0
LROC_02197,-81.3544,95.8166,0.19,0.169,0.54,1.2,74,0.361,1
LROC_02198,-84.5335,155.6798,0.179,0.166,2.16,2.56,66,0.523,0
LROC_02199,-86.196,161.0305,0.176,0.194,2.05,2.37,89,0.602,1
LROC_02200,-80.232,-47.1536,0.206,0.173,0.33,1.08,25,0.14,0
LROC_02201,-88.8928,-131.2139,0.188,0.165,0.33,0.79,49,0.236,1
LROC_02202,-85.7745,6.6239,0.153,0.2,0.61,1.41,89,0.429,0
LROC_02203,-89.5798,-139.4607,0.175,0.179,0.08,0.55,50,0.21,1
LROC_02204,-82.601,156.2355,0.172,0.169,0.27,1.05,69,0.308,1
LROC_02205,-80.8192,-113.9113,0.177,0.17,0.2,0.79,17,0.092,1
LROC_02206,-87.1996,-89.0043,0.193,0.18,0.19,0.66,86,0.367,1
LROC_02207,-81.4166,-33.6109,0.183,0.192,0.76,1.29,67,0.359,1
LROC_02208,-87.0778,-42.0608,0.184,0.17,0.36,0.83,42,0.211,1
LROC_02209,-80.8923,106.0786,0.205,0.176,0.14,0.59,67,0.285,1
LROC_02210,-82.4604,-15.7259,0.175,0.205,1.64,2.0,68,0.469,1
LROC_02211,-81.9509,-118.5234,0.213,0.145,1.55,2.23,67,0.454,1
LROC_02212,-89.8199,-83.8044,0.175,0.187,1.49,1.79,79,0.495,0
LROC_02213,-80.3719,3.2808,0.186,0.189,0.37,1.22,67,0.312,0
LROC_02214,-82.7333,-126.9166,0.181,0.177,0.05,0.45,54,0.222,1
LROC_02215,-86.9525,40.196,0.187,0.194,0.08,0.8,55,0.23,1
LROC_02216,-81.7061,23.669,0.192,0.207,0.24,1.04,52,0.237,1
LROC_02217,-87.1848,77.2928,0.192,0.179,0.19,1.04,89,0.379,1
LROC_02218,-81.2725,157.5737,0.174,0.178,1.55,1.87,43,0.358,0
LROC_02219,-88.8742,148.4116,0.168,0.199,3.22,3.65,45,0.566,1
LROC_02220,-82.9631,160.5872,0.223,0.172,1.27,1.6,75,0.452,1
LROC_02221,-84.593,-91.9024,0.178,0.142,0.98,1.46,88,0.47,1
LROC_02222,-89.0347,-132.6365,0.195,0.172,0.67,1.37,54,0.296,1
LROC_02223,-87.5811,-71.1804,0.161,0.182,1.1,1.56,16,0.196,1
LROC_02224,-89.876,142.2307,0.181,0.185,2.2,2.54,62,0.512,1
LROC_02225,-85.3123,169.9393,0.183,0.175,0.69,1.08,15,0.143,1
LROC_02226,-86.9873,129.357,0.192,0.172,0.13,0.55,73,0.308,1
LROC_02227,-84.0164,-140.3936,0.144,0.182,0.13,0.57,46,0.2,1
LROC_02228,-87.0276,161.0741,0.187,0.187,0.66,1.43,16,0.143,0
LROC_02229,-87.0008,-27.5911,0.168,0.209,0.3,0.68,73,0.328,0
LROC_02230,-82.5681,-176.6483,0.19,0.162,1.81,2.38,17,0.285,0
LROC_02231,-89.5186,-20.7383,0.169,0.163,0.71,1.42,87,0.433,1
LROC_02232,-80.9711,-163.4151,0.172,0.183,0.85,1.45,63,0.354,0
LROC_02233,-81.4774,15.7961,0.181,0.178,0.05,0.81,90,0.366,0
LROC_02234,-83.322,-58.1206,0.169,0.202,0.52,1.19,48,0.254,0
LROC_02235,-84.0678,-9.5634,0.178,0.161,0.42,1.01,76,0.354,1
LROC_02236,-81.077,40.7413,0.167,0.177,0.92,1.42,48,0.302,0
LROC_02237,-88.1467,132.7684,0.158,0.157,0.36,1.19,37,0.191,1
LROC_02238,-89.2103,58.2846,0.2,0.191,2.82,3.42,33,0.47,0
LROC_02239,-87.6049,-23.7424,0.166,0.189,0.83,1.47,66,0.364,1
LROC_02240,-82.0542,114.994,0.182,0.171,0.81,1.23,74,0.393,1
LROC_02241,-89.6533,146.0096,0.196,0.152,1.89,2.32,42,0.395,1
LROC_02242,-84.1719,-136.8864,0.176,0.162,4.01,4.26,63,0.733,1
LROC_02243,-80.0456,11.4959,0.173,0.188,0.17,0.93,59,0.256,1
LROC_02244,-81.443,-77.5757,0.188,0.159,1.25,1.86,90,0.51,1
LROC_02245,-84.7855,-163.058,0.202,0.171,0.13,0.77,74,0.312,0
LROC_02246,-89.3636,60.6768,0.167,0.215,0.46,1.15,89,0.411,1
LROC_02247,-81.6863,130.5975,0.183,0.172,0.08,0.48,70,0.29,1
LROC_02248,-84.0102,-121.355,0.159,0.174,0.73,1.45,18,0.16,1
LROC_02249,-88.8507,112.4689,0.179,0.185,0.47,0.93,32,0.184,1
LROC_02250,-89.0614,127.2225,0.186,0.158,0.74,1.39,43,0.261,1
LROC_02251,-80.9037,149.1626,0.172,0.208,0.85,1.22,53,0.314,1
LROC_02252,-83.308,-84.4974,0.178,0.201,0.72,1.11,69,0.362,0
LROC_02253,-81.7071,145.4231,0.164,0.184,0.26,0.65,72,0.319,0
LROC_02254,-81.2102,-64.5614,0.186,0.163,1.36,2.08,61,0.407,1
LROC_02255,-84.2823,18.8417,0.201,0.163,0.6,1.24,45,0.252,0
LROC_02256,-84.8255,-161.8173,0.169,0.18,0.5,1.03,42,0.228,1
LROC_02257,-85.6957,-164.2028,0.176,0.187,3.26,3.73,41,0.555,0
LROC_02258,-86.8305,79.3344,0.193,0.189,0.25,0.94,44,0.206,1
LROC_02259,-85.654,-19.9872,0.203,0.153,0.56,1.21,63,0.319,1
LROC_02260,-82.2612,-87.7347,0.163,0.202,0.86,1.42,56,0.327,0
LROC_02261,-83.9808,-111.4511,0.182,0.187,0.1,0.49,89,0.368,0
LROC_02262,-81.0748,61.1833,0.189,0.167,0.33,0.83,92,0.408,0
LROC_02263,-85.5662,-179.8554,0.183,0.161,1.21,1.54,82,0.473,1
LROC_02264,-83.9291,110.1208,0.148,0.195,0.2,0.91,15,0.084,1
LROC_02265,-83.6869,-151.4701,0.193,0.157,0.51,0.98,58,0.293,1
LROC_02266,-84.083,-111.0637,0.208,0.182,0.75,1.3,51,0.294,1
LROC_02267,-82.9737,-40.9549,0.187,0.159,0.83,1.32,47,0.288,1
LROC_02268,-87.6257,-5.4509,0.17,0.192,0.98,1.35,35,0.258,1
LROC_02269,-84.8764,-52.2018,0.177,0.179,1.51,2.24,54,0.397,0
LROC_02270,-88.9578,-64.5436,0.212,0.156,0.37,1.2,75,0.344,1
LROC_02271,-86.1549,167.0098,0.199,0.169,0.92,1.27,27,0.218,1
LROC_02272,-85.1233,50.9687,0.195,0.188,0.99,1.7,52,0.327,1
LROC_02273,-83.4778,-171.5641,0.19,0.157,0.27,0.89,43,0.204,1
LROC_02274,-80.4947,-25.1367,0.175,0.175,2.59,3.12,67,0.579,1
LROC_02275,-83.9935,135.0031,0.182,0.167,1.5,1.83,78,0.492,1
LROC_02276,-82.5641,-71.4758,0.184,0.177,0.26,0.7,50,0.231,1
LROC_02277,-84.9373,-145.9597,0.193,0.163,0.84,1.6,19,0.177,1
LROC_02278,-83.659,93.0185,0.208,0.14,0.95,1.7,34,0.25,0
LROC_02279,-89.2907,38.165,0.202,0.153,0.42,1.01,25,0.15,1
LROC_02280,-87.4561,25.3125,0.164,0.211,1.49,2.18,86,0.523,1
LROC_02281,-86.3815,-160.7124,0.188,0.179,0.88,1.53,42,0.274,1
LROC_02282,-85.2751,-129.4204,0.196,0.175,0.81,1.22,63,0.349,1
LROC_02283,-89.5435,44.1178,0.194,0.168,0.19,0.74,55,0.243,1
LROC_02284,-88.5998,-105.1834,0.176,0.18,0.39,0.82,32,0.175,0
LROC_02285,-87.2319,1.4652,0.229,0.151,0.43,1.17,44,0.228,1
LROC_02286,-80.2847,16.1574,0.166,0.193,0.99,1.78,28,0.231,1
LROC_02287,-86.6865,-77.9374,0.169,0.185,0.72,1.32,70,0.366,1
LROC_02288,-85.1796,161.4331,0.189,0.157,0.07,0.79,87,0.356,0
LROC_02289,-88.039,123.2871,0.217,0.166,0.28,1.03,88,0.386,1
LROC_02290,-83.8922,80.0545,0.172,0.146,0.48,0.94,66,0.322,1
LROC_02291,-87.1932,-151.9222,0.181,0.185,1.0,1.47,80,0.44,1
LROC_02292,-87.9301,-141.7932,0.201,0.148,1.02,1.52,81,0.446,1
LROC_02293,-84.8343,-2.5987,0.185,0.175,0.51,1.16,43,0.233,1
LROC_02294,-89.9449,-122.1432,0.18,0.161,0.09,0.91,41,0.175,1
LROC_02295,-89.9234,172.1756,0.193,0.173,0.26,0.76,82,0.359,1
LROC_02296,-87.8093,-122.9327,0.189,0.184,0.22,0.83,49,0.222,1
LROC_02297,-89.6328,-4.5116,0.2,0.193,1.14,1.8,24,0.233,0
LROC_02298,-88.9197,-48.9164,0.204,0.145,0.15,0.58,40,0.178,1
LROC_02299,-86.6114,50.1791,0.19,0.189,0.47,1.08,85,0.396,1
LROC_02300,-81.9741,-133.5469,0.189,0.177,0.83,1.22,90,0.46,1
LROC_02301,-84.2795,-25.0861,0.188,0.169,2.51,2.93,75,0.601,1
LROC_02302,-84.8733,-81.1062,0.192,0.185,5.39,5.63,83,0.979,1
LROC_02303,-87.0651,139.5905,0.186,0.173,2.29,2.58,70,0.555,1
LROC_02304,-80.6825,-165.3891,0.185,0.188,0.95,1.68,91,0.478,1
LROC_02305,-86.0298,148.9419,0.203,0.154,1.03,1.49,78,0.436,1
LROC_02306,-89.1291,119.8779,0.208,0.157,1.07,1.46,55,0.348,1
LROC_02307,-83.8293,-72.8745,0.162,0.201,1.49,1.97,18,0.251,1
LROC_02308,-88.8616,104.1446,0.185,0.199,2.27,2.88,80,0.592,0
LROC_02309,-86.5478,-168.7631,0.175,0.181,0.44,0.83,51,0.257,0
LROC_02310,-84.9259,168.0716,0.18,0.137,0.4,0.92,48,0.24,0
LROC_02311,-81.2578,9.5742,0.191,0.171,0.46,1.14,64,0.311,1
LROC_02312,-85.0645,-70.8188,0.195,0.173,0.81,1.31,84,0.433,1
LROC_02313,-82.9774,-49.47,0.183,0.174,1.12,1.44,89,0.49,0
LROC_02314,-80.0718,-156.0941,0.156,0.195,1.53,1.94,56,0.408,1
LROC_02315,-88.6851,176.1658,0.171,0.176,0.46,1.22,15,0.115,1
LROC_02316,-87.2527,-165.8549,0.198,0.183,0.34,1.19,48,0.233,0
LROC_02317,-86.0542,55.7666,0.144,0.178,3.07,3.18,24,0.464,0
LROC_02318,-85.7817,-20.6151,0.203,0.187,0.2,0.86,19,0.1,1
LROC_02319,-85.8898,161.6098,0.193,0.196,0.19,0.62,58,0.255,0
LROC_02320,-80.9239,-91.4401,0.205,0.154,0.94,1.59,33,0.245,1
LROC_02321,-82.8597,11.5513,0.182,0.164,0.15,0.54,35,0.158,0
LROC_02322,-83.9209,-6.3518,0.154,0.197,0.38,0.75,48,0.238,1
LROC_02323,-86.9063,73.0319,0.191,0.156,0.26,1.02,43,0.203,1
LROC_02324,-81.7621,-155.5163,0.204,0.161,0.14,0.56,93,0.389,1
LROC_02325,-80.4494,-110.2359,0.199,0.187,0.65,1.14,54,0.294,1
LROC_02326,-81.788,-102.7567,0.175,0.192,0.35,1.19,94,0.418,0
LROC_02327,-89.9843,85.7343,0.186,0.206,0.47,1.32,32,0.184,1
LROC_02328,-83.636,-111.9101,0.177,0.183,0.16,0.62,63,0.271,0
LROC_02329,-89.4886,26.457,0.173,0.173,1.1,1.67,75,0.432,1
LROC_02330,-87.4239,-102.5122,0.199,0.171,0.28,0.93,79,0.35,1
LROC_02331,-89.4048,130.185,0.167,0.183,0.31,0.91,89,0.393,1
LROC_02332,-83.962,159.1868,0.172,0.181,0.22,1.06,50,0.226,1
LROC_02333,-83.1341,6.6575,0.168,0.184,0.43,1.16,84,0.388,1
LROC_02334,-88.8551,-53.1688,0.163,0.173,0.47,1.21,21,0.14,1
LROC_02335,-86.1616,-95.7392,0.187,0.18,0.57,1.05,75,0.368,1
LROC_02336,-85.4376,-162.0788,0.202,0.148,2.57,2.93,78,0.62,1
LROC_02337,-86.3095,-83.34,0.182,0.167,1.76,2.23,88,0.563,1
LROC_02338,-88.7897,55.5249,0.162,0.185,0.71,1.19,44,0.261,1
LROC_02339,-85.8105,12.1021,0.198,0.137,0.05,0.49,31,0.13,0
LROC_02340,-82.4882,159.8549,0.21,0.177,0.71,1.1,58,0.317,1
LROC_02341,-89.2899,-37.3402,0.175,0.15,0.07,0.55,86,0.352,1
LROC_02342,-89.1982,69.7908,0.178,0.19,0.93,1.34,90,0.472,1
LROC_02343,-86.4523,-3.8438,0.193,0.154,0.37,0.85,40,0.204,1
LROC_02344,-80.5827,4.5274,0.209,0.16,1.36,1.75,31,0.287,1
LROC_02345,-83.3143,-83.6012,0.177,0.188,2.14,2.55,49,0.453,1
LROC_02346,-83.2133,-16.2177,0.165,0.219,0.4,1.01,60,0.288,1
LROC_02347,-86.3808,-10.5174,0.194,0.174,0.46,0.97,19,0.131,1
LROC_02348,-84.0634,74.3913,0.197,0.142,0.67,1.46,59,0.316,1
LROC_02349,-89.8987,158.6304,0.185,0.191,0.16,0.82,89,0.375,1
LROC_02350,-83.639,-61.4443,0.177,0.177,1.97,2.57,30,0.356,1
LROC_02351,-80.8671,-164.8078,0.2,0.171,0.43,1.25,72,0.34,1
LROC_02352,-83.8743,-1.3338,0.193,0.182,0.14,0.61,56,0.241,1
LROC_02353,-81.263,16.0061,0.173,0.149,1.08,1.59,74,0.426,1
LROC_02354,-82.7603,-119.3614,0.186,0.176,0.19,0.79,70,0.303,1
LROC_02355,-88.7944,93.7673,0.165,0.18,0.12,0.69,20,0.094,1
LROC_02356,-80.9755,174.5745,0.195,0.191,0.62,0.96,34,0.21,1
LROC_02357,-89.3356,160.4789,0.181,0.189,0.83,1.55,38,0.252,0
LROC_02358,-84.6603,-109.0418,0.178,0.155,0.63,1.02,81,0.4,1
LROC_02359,-88.5786,135.1308,0.185,0.196,0.8,1.62,66,0.36,1
LROC_02360,-89.8829,73.6177,0.186,0.183,0.09,0.87,24,0.107,0
LROC_02361,-85.7797,-16.6152,0.198,0.148,0.48,1.12,39,0.214,1
LROC_02362,-87.0496,14.62,0.194,0.174,0.33,0.77,59,0.276,1
LROC_02363,-85.14,125.8561,0.183,0.193,2.72,3.11,92,0.694,1
LROC_02364,-84.228,-7.1514,0.196,0.154,0.05,0.58,15,0.066,0
LROC_02365,-89.5626,-45.6453,0.191,0.195,0.27,0.77,39,0.188,0
LROC_02366,-88.77,-2.4309,0.179,0.157,2.13,2.73,90,0.616,1
LROC_02367,-84.4136,28.4867,0.183,0.166,3.08,3.36,87,0.718,1
LROC_02368,-86.5683,-111.932,0.183,0.164,1.31,1.8,23,0.249,0
LROC_02369,-82.7083,144.3268,0.193,0.194,0.06,0.88,56,0.231,0
LROC_02370,-83.4771,62.7073,0.179,0.172,0.62,1.0,77,0.382,0
LROC_02371,-81.544,47.9768,0.179,0.162,0.38,1.04,39,0.202,0
LROC_02372,-83.0751,-144.1814,0.215,0.17,1.23,1.8,62,0.396,1
LROC_02373,-85.7007,37.5026,0.199,0.18,0.05,0.66,69,0.282,1
LROC_02374,-83.2703,-136.4542,0.174,0.192,0.16,0.96,80,0.339,1
LROC_02375,-87.2462,-151.6688,0.194,0.169,0.5,1.32,38,0.212,1
LROC_02376,-86.9369,9.8319,0.187,0.18,0.13,0.75,58,0.248,1
LROC_02377,-82.1101,-34.9972,0.191,0.164,0.88,1.42,70,0.386,1
LROC_02378,-85.5358,31.9717,0.187,0.201,1.29,1.81,49,0.351,1
LROC_02379,-82.0162,-147.88,0.203,0.186,0.91,1.58,48,0.301,1
LROC_02380,-81.7758,-24.8461,0.19,0.191,0.44,1.13,20,0.133,0
LROC_02381,-81.4244,-117.0768,0.184,0.189,1.58,1.93,63,0.442,1
LROC_02382,-80.8336,175.356,0.201,0.177,0.11,0.53,30,0.133,1
LROC_02383,-85.6901,22.0141,0.188,0.157,0.23,1.08,27,0.136,1
LROC_02384,-86.8113,67.4773,0.187,0.185,0.5,0.98,26,0.164,1
LROC_02385,-84.178,-62.8494,0.19,0.176,0.05,0.76,25,0.106,0
LROC_02386,-86.2883,-145.894,0.184,0.196,0.08,0.89,61,0.254,1
LROC_02387,-83.9893,171.3135,0.185,0.189,0.38,0.89,74,0.342,1
LROC_02388,-82.9441,-76.9467,0.176,0.189,2.16,2.66,63,0.511,1
LROC_02389,-83.1159,-27.4291,0.174,0.156,1.79,2.06,66,0.479,1
LROC_02390,-86.2545,53.951,0.17,0.182,0.47,1.31,75,0.356,1
LROC_02391,-88.3314,-171.109,0.164,0.178,0.12,0.54,54,0.23,1
LROC_02392,-85.6947,111.6933,0.172,0.186,0.15,0.75,85,0.358,0
LROC_02393,-88.5741,13.1681,0.182,0.172,0.36,0.99,89,0.399,1
LROC_02394,-81.099,-79.8418,0.187,0.172,0.18,0.96,67,0.29,1
LROC_02395,-86.5412,-157.8211,0.181,0.185,0.06,0.51,75,0.307,1
LROC_02396,-88.4554,-121.5006,0.15,0.186,0.84,1.38,36,0.245,1
LROC_02397,-89.7455,142.2122,0.209,0.168,0.65,1.13,52,0.286,1
LROC_02398,-83.5418,66.9687,0.201,0.147,0.26,0.79,75,0.331,1
LROC_02399,-83.631,-90.0354,0.192,0.161,1.13,1.81,61,0.38,0
LROC_02400,-86.594,-156.3837,0.214,0.174,1.12,1.41,41,0.298,0
LROC_02401,-89.2829,68.6215,0.17,0.165,0.51,1.23,32,0.189,0
LROC_02402,-85.9037,26.0668,0.213,0.183,0.08,0.88,34,0.146,0
LROC_02403,-86.8878,-34.373,0.171,0.198,1.88,2.54,56,0.45,0
LROC_02404,-83.2288,-49.0999,0.189,0.171,0.83,1.46,55,0.32,1
LROC_02405,-83.9422,-101.9469,0.166,0.23,0.21,0.76,86,0.369,1
LROC_02406,-86.3541,61.0601,0.185,0.195,0.71,1.25,72,0.373,0
LROC_02407,-87.8211,169.4405,0.191,0.16,0.39,1.24,54,0.263,1
LROC_02408,-80.1196,-116.7425,0.183,0.189,0.76,1.52,89,0.447,1
LROC_02409,-85.46,34.962,0.196,0.173,0.48,1.06,44,0.234,1
LROC_02410,-83.1173,-27.2934,0.186,0.165,0.5,1.32,26,0.164,1
LROC_02411,-88.5945,-19.1921,0.177,0.164,1.0,1.71,76,0.424,0
LROC_02412,-85.1441,-88.507,0.176,0.196,0.71,1.49,76,0.389,1
LROC_02413,-89.7246,117.0486,0.197,0.162,0.06,0.8,84,0.343,1
LROC_02414,-84.9454,-5.308,0.175,0.18,0.05,0.87,29,0.122,1
LROC_02415,-80.3598,15.6261,0.199,0.157,0.27,1.09,21,0.116,1
LROC_02416,-86.1579,-70.2861,0.203,0.157,0.42,0.82,20,0.13,1
LROC_02417,-89.61,-114.549,0.16,0.186,0.24,1.1,41,0.193,1
LROC_02418,-89.6904,-149.0723,0.202,0.175,0.79,1.28,16,0.159,1
LROC_02419,-86.1201,77.0829,0.216,0.124,0.16,0.76,20,0.099,1
LROC_02420,-88.3998,-109.3557,0.189,0.175,0.91,1.61,75,0.409,1
LROC_02421,-89.7665,68.4271,0.194,0.162,1.11,1.73,46,0.317,0
LROC_02422,-82.4379,-39.4645,0.201,0.191,0.1,0.94,43,0.184,0
LROC_02423,-85.4148,-30.3211,0.181,0.223,0.79,1.31,79,0.411,1
LROC_02424,-87.1076,-11.0961,0.188,0.17,2.44,2.78,29,0.409,1
LROC_02425,-80.9992,-47.6249,0.165,0.16,0.16,0.56,24,0.115,0
LROC_02426,-88.8386,-143.7768,0.187,0.178,1.8,2.25,24,0.312,1
LROC_02427,-80.4408,-68.5325,0.192,0.171,0.7,1.39,24,0.18,1
LROC_02428,-86.8603,58.9444,0.193,0.203,0.67,1.15,51,0.284,1
LROC_02429,-81.116,59.6824,0.201,0.195,0.05,0.68,46,0.19,1
LROC_02430,-83.9706,-76.9592,0.173,0.195,1.03,1.44,50,0.324,1
LROC_02431,-81.7329,-14.3631,0.177,0.172,0.49,1.23,78,0.371,1
LROC_02432,-80.1599,-110.359,0.213,0.174,0.96,1.29,29,0.231,1
LROC_02433,-87.1159,-104.2661,0.183,0.182,1.24,1.87,87,0.497,1
LROC_02434,-80.3886,-171.703,0.188,0.179,0.56,1.09,30,0.187,1
LROC_02435,-86.1052,142.8288,0.184,0.154,0.23,0.63,60,0.268,1
LROC_02436,-86.1449,-104.1456,0.173,0.198,0.11,0.93,58,0.245,0
LROC_02437,-86.5961,-98.0878,0.209,0.168,0.13,0.76,90,0.376,0
LROC_02438,-84.5859,-79.3435,0.177,0.179,1.51,2.06,49,0.377,1
LROC_02439,-88.4585,-134.1331,0.168,0.175,0.1,0.86,65,0.272,0
LROC_02440,-84.4629,50.1346,0.178,0.168,0.36,1.05,72,0.331,1
LROC_02441,-84.583,-152.9485,0.155,0.195,0.31,1.04,19,0.113,0
LROC_02442,-82.381,-131.6871,0.175,0.155,1.5,2.13,52,0.388,1
LROC_02443,-81.6635,52.1124,0.17,0.195,0.49,1.14,20,0.139,1
LROC_02444,-85.5956,-57.7222,0.194,0.157,4.23,4.39,65,0.768,1
LROC_02445,-86.9767,74.8612,0.175,0.15,1.0,1.42,28,0.232,1
LROC_02446,-87.4067,20.6729,0.198,0.198,1.43,2.14,62,0.42,1
LROC_02447,-88.0538,-87.8324,0.206,0.154,0.08,0.96,26,0.114,1
LROC_02448,-89.4235,54.2981,0.197,0.161,0.22,0.78,66,0.29,1
LROC_02449,-86.5755,-138.1415,0.182,0.195,0.11,0.56,82,0.341,1
LROC_02450,-87.2975,13.1077,0.187,0.204,0.47,0.93,73,0.348,1
LROC_02451,-80.3358,-22.6267,0.162,0.164,0.95,1.59,32,0.242,1
LROC_02452,-84.4229,-83.5655,0.183,0.163,0.14,0.61,67,0.285,1
LROC_02453,-86.5272,37.4418,0.172,0.169,0.1,0.88,45,0.192,1
LROC_02454,-84.1953,133.6801,0.195,0.186,0.72,1.51,49,0.282,0
LROC_02455,-88.608,179.6057,0.224,0.184,0.2,1.06,18,0.096,1
LROC_02456,-85.5596,38.7946,0.192,0.157,0.49,0.85,23,0.151,1
LROC_02457,-83.7377,-34.3059,0.155,0.211,0.05,0.92,29,0.122,0
LROC_02458,-85.111,-98.9254,0.18,0.168,0.86,1.54,56,0.327,1
LROC_02459,-85.9822,-87.4454,0.187,0.181,0.58,0.96,73,0.362,1
LROC_02460,-80.0615,-7.3962,0.186,0.157,0.78,1.31,87,0.442,1
LROC_02461,-81.1969,-47.78,0.174,0.18,0.24,0.97,46,0.213,1
LROC_02462,-83.7659,148.9732,0.189,0.173,0.24,1.09,94,0.405,1
LROC_02463,-84.3062,-47.4136,0.166,0.181,1.21,1.57,59,0.381,1
LROC_02464,-83.7934,-45.5599,0.171,0.189,0.95,1.32,19,0.19,1
LROC_02465,-87.9869,-41.9276,0.195,0.157,0.65,1.22,45,0.258,1
LROC_02466,-86.0486,121.1833,0.17,0.17,0.74,1.55,39,0.245,0
LROC_02467,-89.6054,54.2838,0.193,0.18,0.07,0.95,70,0.288,1
LROC_02468,-85.2445,41.1008,0.164,0.206,1.45,1.82,15,0.234,0
LROC_02469,-84.5698,-59.7085,0.211,0.165,1.1,1.55,75,0.432,1
LROC_02470,-87.7225,114.4455,0.173,0.19,0.67,1.46,81,0.404,0
LROC_02471,-80.3597,-166.189,0.182,0.189,1.88,2.46,81,0.55,1
LROC_02472,-80.9055,133.487,0.19,0.187,0.14,1.01,56,0.241,0
LROC_02473,-82.7786,4.59,0.177,0.166,0.87,1.63,73,0.396,0
LROC_02474,-84.6661,-36.6299,0.187,0.164,2.47,2.73,64,0.552,1
LROC_02475,-81.3003,-1.0198,0.194,0.162,0.28,1.03,91,0.398,0
LROC_02476,-88.6935,60.2696,0.199,0.199,0.05,0.47,48,0.198,1
LROC_02477,-82.0949,-175.4044,0.197,0.179,1.0,1.71,82,0.448,1
LROC_02478,-88.7518,133.7587,0.182,0.185,0.05,0.75,68,0.278,1
LROC_02479,-82.0579,-19.1738,0.183,0.183,1.54,2.26,28,0.297,1
LROC_02480,-87.2423,-56.5321,0.22,0.141,0.05,0.93,46,0.19,0
LROC_02481,-81.2291,-130.2316,0.199,0.2,0.79,1.14,84,0.431,1
LROC_02482,-80.5596,-21.7925,0.171,0.19,0.36,0.8,22,0.131,1
LROC_02483,-88.512,-1.3238,0.186,0.187,0.17,0.8,49,0.216,0
LROC_02484,-85.3732,-34.6872,0.18,0.153,1.71,2.38,38,0.357,1
LROC_02485,-80.1901,64.3176,0.183,0.189,1.03,1.73,17,0.192,1
LROC_02486,-85.1659,-28.4772,0.167,0.18,0.31,1.16,50,0.237,1
LROC_02487,-81.3645,166.1103,0.179,0.16,0.25,0.93,65,0.29,0
LROC_02488,-84.1127,35.7399,0.212,0.15,1.0,1.43,71,0.404,0
LROC_02489,-86.2467,110.6921,0.194,0.154,1.36,1.64,73,0.455,1
LROC_02490,-87.1422,-140.6319,0.148,0.174,0.94,1.36,36,0.257,0
LROC_02491,-87.9678,-36.9751,0.203,0.17,0.77,1.43,51,0.296,0
LROC_02492,-82.382,-58.7348,0.201,0.164,0.19,1.03,89,0.379,1
LROC_02493,-86.1346,25.0137,0.18,0.184,1.44,1.86,26,0.277,1
LROC_02494,-84.8872,130.0009,0.196,0.197,1.04,1.77,35,0.265,0
LROC_02495,-85.0767,-151.7982,0.172,0.181,0.55,1.09,29,0.182,1
LROC_02496,-84.2272,-153.8731,0.178,0.146,0.54,1.04,26,0.169,1
LROC_02497,-81.3442,126.1144,0.207,0.163,0.63,1.22,70,0.356,1
LROC_02498,-80.1926,-103.374,0.181,0.196,1.32,1.81,30,0.278,1
LROC_02499,-85.9242,60.7512,0.157,0.188,1.02,1.77,47,0.31,0
LROC_02500,-81.7248,15.4361,0.184,0.2,1.45,1.94,57,0.402,1
LROC_02501,-82.3547,119.8417,0.184,0.184,0.53,1.02,63,0.316,0
LROC_02502,-84.2647,-134.968,0.203,0.141,0.73,1.48,92,0.456,1
LROC_02503,-80.4395,-133.2781,0.185,0.178,1.45,2.2,32,0.302,1
LROC_02504,-87.9953,20.4546,0.179,0.184,0.2,0.9,30,0.144,1
LROC_02505,-88.9074,160.6963,0.201,0.186,0.44,0.92,54,0.269,0
LROC_02506,-81.4604,-30.6008,0.187,0.203,0.73,1.18,81,0.412,0
LROC_02507,-85.6085,-62.3008,0.174,0.195,1.85,2.09,76,0.526,1
LROC_02508,-81.5303,38.4082,0.202,0.176,0.05,0.48,93,0.378,1
LROC_02509,-81.0691,154.9615,0.188,0.186,0.18,1.02,41,0.186,1
LROC_02510,-89.3754,121.294,0.185,0.174,0.2,0.63,28,0.136,1
LROC_02511,-81.1654,178.3741,0.188,0.153,0.3,0.91,80,0.356,1
LROC_02512,-85.5168,-171.8753,0.169,0.185,0.25,0.97,41,0.194,1
LROC_02513,-84.8957,-139.3711,0.177,0.186,0.67,1.43,68,0.352,1
LROC_02514,-83.7341,39.4084,0.185,0.159,1.63,1.95,74,0.492,0
LROC_02515,-80.7362,115.4075,0.182,0.198,0.76,1.3,54,0.307,1
LROC_02516,-89.8088,-77.312,0.204,0.183,0.21,0.71,59,0.261,1
LROC_02517,-85.2316,-93.884,0.188,0.155,1.49,1.87,82,0.507,0
LROC_02518,-83.1228,103.3113,0.198,0.191,0.75,1.23,82,0.418,1
LROC_02519,-82.7729,-159.7025,0.185,0.172,0.19,0.86,77,0.331,1
LROC_02520,-83.0747,-47.0222,0.201,0.158,0.34,0.71,91,0.405,0
LROC_02521,-88.6556,2.0913,0.191,0.19,1.17,1.66,54,0.356,1
LROC_02522,-87.006,21.7255,0.185,0.176,1.01,1.4,55,0.341,1
LROC_02523,-86.4128,82.3015,0.185,0.205,0.64,1.46,75,0.377,0
LROC_02524,-81.9556,-52.2555,0.171,0.17,0.12,0.8,79,0.33,0
LROC_02525,-87.2124,40.5664,0.193,0.147,1.22,1.93,15,0.206,1
LROC_02526,-87.893,30.7352,0.184,0.173,0.28,0.75,23,0.126,1
LROC_02527,-80.4255,17.1418,0.177,0.192,1.11,1.8,89,0.489,1
LROC_02528,-89.9114,50.574,0.202,0.155,0.78,1.31,94,0.47,1
LROC_02529,-80.0218,-86.5983,0.166,0.165,0.23,0.7,29,0.144,0
LROC_02530,-83.2318,-149.5264,0.179,0.183,0.18,0.94,73,0.314,1
LROC_02531,-81.7153,-137.0622,0.2,0.148,0.11,0.88,80,0.333,1
LROC_02532,-87.0538,-99.1503,0.19,0.179,0.21,1.09,24,0.121,0
LROC_02533,-89.8568,0.0713,0.184,0.172,0.13,0.91,63,0.268,1
LROC_02534,-82.6213,122.5594,0.189,0.182,0.72,1.12,25,0.186,1
LROC_02535,-81.6586,72.4656,0.188,0.155,0.68,1.17,44,0.258,1
LROC_02536,-82.5952,104.0546,0.162,0.207,0.66,1.22,37,0.227,0
LROC_02537,-88.5715,-53.6488,0.18,0.176,0.77,1.16,36,0.236,1
LROC_02538,-82.4657,-34.3247,0.209,0.177,1.26,1.93,65,0.411,1
LROC_02539,-82.3108,-38.2745,0.175,0.196,1.84,2.32,56,0.445,1
LROC_02540,-83.4146,-110.9257,0.18,0.162,0.2,1.05,43,0.196,1
LROC_02541,-82.3388,-157.962,0.177,0.194,0.66,1.29,59,0.315,0
LROC_02542,-81.5408,32.7298,0.184,0.156,0.06,0.72,47,0.195,1
LROC_02543,-83.864,176.118,0.176,0.16,0.1,0.53,53,0.224,1
LROC_02544,-89.114,-119.9413,0.192,0.203,0.8,1.19,87,0.444,1
LROC_02545,-85.1237,-163.1935,0.188,0.192,0.5,1.27,79,0.376,1
LROC_02546,-89.2235,100.6314,0.197,0.202,1.07,1.86,64,0.384,1
LROC_02547,-85.9246,-89.069,0.169,0.178,0.42,0.99,62,0.298,1
LROC_02548,-85.9289,118.6718,0.18,0.181,0.1,0.9,51,0.216,1
LROC_02549,-89.3399,73.4172,0.182,0.186,1.54,2.1,92,0.553,1
LROC_02550,-86.5118,160.4425,0.192,0.173,0.06,0.93,47,0.195,1
LROC_02551,-88.89,-32.7862,0.173,0.171,0.16,0.66,20,0.099,0
LROC_02552,-81.9176,58.3091,0.199,0.157,0.24,0.89,84,0.365,1
LROC_02553,-80.5231,-12.6523,0.203,0.172,4.02,4.22,69,0.758,1
LROC_02554,-89.2768,47.0119,0.17,0.167,0.4,1.03,58,0.28,1
LROC_02555,-80.4488,-18.1444,0.178,0.163,0.52,1.0,64,0.318,1
LROC_02556,-84.7742,-112.0924,0.177,0.186,1.1,1.64,68,0.404,1
LROC_02557,-87.0043,2.8431,0.224,0.158,0.76,1.4,77,0.399,1
LROC_02558,-89.2314,10.2903,0.179,0.194,1.38,1.68,30,0.286,0
LROC_02559,-84.9938,111.8174,0.21,0.159,0.5,1.22,61,0.304,1
LROC_02560,-82.0548,84.7875,0.166,0.177,2.69,3.17,71,0.607,0
LROC_02561,-82.9291,58.965,0.17,0.19,1.2,1.92,16,0.208,1
LROC_02562,-89.4977,-139.1806,0.175,0.169,0.38,0.95,51,0.25,1
LROC_02563,-89.271,79.4219,0.172,0.173,0.36,0.75,37,0.191,1
LROC_02564,-85.9713,0.1099,0.181,0.169,1.99,2.42,27,0.347,1
LROC_02565,-87.0471,141.8758,0.174,0.179,0.86,1.24,79,0.419,1
LROC_02566,-87.6762,151.1535,0.173,0.209,0.73,1.38,62,0.336,1
LROC_02567,-87.19,-160.1436,0.202,0.148,1.06,1.38,21,0.211,1
LROC_02568,-81.9652,115.431,0.203,0.188,0.62,1.14,45,0.254,1
LROC_02569,-80.7077,-166.4289,0.199,0.182,0.13,0.56,77,0.324,1
LROC_02570,-85.949,-47.8189,0.193,0.197,0.29,0.66,59,0.271,1
LROC_02571,-80.9389,15.228,0.186,0.223,0.61,1.43,70,0.353,1
LROC_02572,-86.785,-126.6837,0.178,0.201,0.05,0.94,78,0.318,1
LROC_02573,-85.2356,88.673,0.171,0.197,0.43,1.06,36,0.196,1
LROC_02574,-87.7397,-176.9923,0.19,0.155,1.06,1.47,77,0.435,0
LROC_02575,-83.5952,-119.3043,0.167,0.167,0.13,0.97,94,0.392,1
LROC_02576,-80.2102,29.0869,0.17,0.189,0.05,0.91,42,0.174,1
LROC_02577,-83.9651,77.1795,0.202,0.144,1.36,2.05,58,0.395,1
LROC_02578,-86.4219,149.9915,0.214,0.173,0.72,1.32,28,0.198,1
LROC_02579,-83.5218,73.9788,0.191,0.142,0.15,0.57,33,0.15,1
LROC_02580,-88.7708,61.8405,0.202,0.186,1.23,1.55,74,0.444,1
LROC_02581,-81.1134,-38.0372,0.181,0.174,0.8,1.57,91,0.46,0
LROC_02582,-84.9692,-179.5376,0.165,0.188,0.3,1.11,16,0.1,1
LROC_02583,-85.5065,-136.7427,0.194,0.161,0.35,0.93,65,0.302,0
LROC_02584,-84.1414,12.4396,0.194,0.144,0.13,0.68,92,0.384,1
LROC_02585,-83.7522,63.0468,0.186,0.195,1.35,1.94,48,0.354,1
LROC_02586,-89.2822,-29.7186,0.181,0.199,0.53,1.28,65,0.324,1
LROC_02587,-83.1738,83.0444,0.199,0.165,0.61,1.31,33,0.205,1
LROC_02588,-87.5807,7.8704,0.17,0.193,1.61,2.16,50,0.393,1
LROC_02589,-82.8605,-153.2966,0.173,0.176,0.05,0.56,40,0.166,0
LROC_02590,-81.7747,-110.8741,0.17,0.188,0.05,0.58,49,0.202,1
LROC_02591,-81.9604,122.3994,0.186,0.188,0.13,0.88,77,0.324,1
LROC_02592,-84.475,80.9686,0.169,0.192,0.05,0.85,18,0.078,1
LROC_02593,-84.7983,142.1143,0.175,0.201,0.81,1.19,17,0.165,0
LROC_02594,-88.5712,-137.6794,0.174,0.189,0.75,1.17,19,0.166,1
LROC_02595,-82.2465,176.4801,0.181,0.179,0.18,0.9,43,0.194,1
LROC_02596,-87.2859,-104.6136,0.163,0.175,0.12,0.7,33,0.146,1
LROC_02597,-85.033,-175.7592,0.186,0.169,0.12,0.79,31,0.138,1
LROC_02598,-87.1573,179.0723,0.204,0.18,2.3,2.78,48,0.468,1
LROC_02599,-88.6617,-78.8134,0.187,0.153,0.89,1.59,34,0.243,0
LROC_02600,-83.7044,60.487,0.208,0.183,0.66,1.4,42,0.247,0
LROC_02601,-89.4567,-116.3944,0.205,0.164,0.29,0.8,87,0.383,1
LROC_02602,-82.5135,28.8823,0.197,0.159,0.43,1.06,81,0.376,1
LROC_02603,-86.8241,145.4526,0.186,0.16,0.07,0.52,24,0.104,1
LROC_02604,-89.9987,-64.7348,0.185,0.187,4.72,5.07,35,0.706,1
LROC_02605,-84.8887,61.2914,0.196,0.172,1.06,1.78,18,0.199,1
LROC_02606,-89.5315,-112.3547,0.179,0.203,0.73,1.21,36,0.232,1
LROC_02607,-87.2383,44.9263,0.157,0.17,0.66,1.07,85,0.419,0
LROC_02608,-82.9302,-58.8779,0.192,0.165,0.53,0.91,76,0.368,1
LROC_02609,-89.3731,-103.965,0.168,0.183,0.22,0.89,26,0.13,1
LROC_02610,-81.6066,-67.2545,0.171,0.172,0.19,0.62,25,0.123,1
LROC_02611,-89.9618,-115.6172,0.185,0.177,0.6,1.28,36,0.216,1
LROC_02612,-87.5318,144.6898,0.184,0.182,0.05,0.78,43,0.178,1
LROC_02613,-82.591,-37.0127,0.164,0.193,0.06,0.76,75,0.307,1
LROC_02614,-86.8373,-91.6995,0.187,0.198,0.62,1.4,75,0.374,1
LROC_02615,-88.9811,-18.5732,0.199,0.151,1.89,2.29,41,0.391,1
LROC_02616,-86.3977,-64.607,0.168,0.189,1.84,2.51,61,0.465,1
LROC_02617,-87.2961,87.9909,0.204,0.158,0.05,0.46,28,0.118,1
LROC_02618,-81.5729,169.6392,0.162,0.194,0.09,0.54,21,0.095,0
LROC_02619,-86.8665,-22.3079,0.217,0.169,0.66,1.2,29,0.195,1
LROC_02620,-82.1107,129.972,0.179,0.165,1.42,1.97,60,0.41,1
LROC_02621,-81.0813,23.7107,0.187,0.162,2.32,2.5,42,0.446,0
LROC_02622,-85.6618,-123.3952,0.157,0.197,1.48,2.02,57,0.406,0
LROC_02623,-80.9006,68.6242,0.184,0.178,0.85,1.32,24,0.198,1
LROC_02624,-86.2268,4.8364,0.188,0.172,0.17,1.0,65,0.28,1
LROC_02625,-80.3592,54.2183,0.184,0.187,0.06,0.72,17,0.075,1
LROC_02626,-89.1071,140.2875,0.177,0.191,0.05,0.74,90,0.366,1
LROC_02627,-83.1298,-21.4436,0.171,0.175,0.71,1.51,91,0.449,1
LROC_02628,-85.0619,144.4239,0.202,0.156,0.05,0.83,58,0.238,1
LROC_02629,-86.1235,90.2408,0.185,0.158,1.01,1.53,68,0.393,1
LROC_02630,-83.6729,-4.1022,0.208,0.167,0.93,1.48,48,0.304,1
LROC_02631,-82.9614,37.16,0.177,0.159,0.06,0.78,79,0.323,0
LROC_02632,-89.9564,-62.7908,0.178,0.181,1.78,2.1,39,0.37,1
LROC_02633,-88.3305,174.095,0.197,0.19,0.55,0.94,77,0.374,0
LROC_02634,-82.8695,60.2464,0.161,0.182,1.76,2.14,84,0.547,1
LROC_02635,-83.3361,-164.2151,0.167,0.177,1.74,2.36,59,0.445,1
LROC_02636,-80.3395,-62.4161,0.201,0.2,0.16,0.67,82,0.347,0
LROC_02637,-82.3896,44.3932,0.167,0.207,0.36,0.79,40,0.203,1
LROC_02638,-80.4923,-159.72,0.158,0.177,0.11,0.61,40,0.173,0
LROC_02639,-82.9746,-171.4017,0.213,0.166,1.12,1.75,40,0.294,0
LROC_02640,-87.0195,-17.9913,0.164,0.191,0.53,1.18,92,0.432,1
LROC_02641,-88.9464,-60.2315,0.188,0.178,1.98,2.53,76,0.542,1
LROC_02642,-82.1818,-22.2125,0.186,0.204,0.18,0.72,75,0.322,0
LROC_02643,-83.5585,-85.4304,0.143,0.197,0.87,1.63,16,0.168,1
LROC_02644,-89.5181,-120.7016,0.181,0.182,3.4,3.69,55,0.628,1
LROC_02645,-86.3995,68.0916,0.192,0.184,0.82,1.39,59,0.334,0
LROC_02646,-80.432,5.2456,0.19,0.192,0.05,0.92,28,0.118,1
LROC_02647,-84.996,-107.9445,0.199,0.185,0.67,1.49,51,0.284,1
LROC_02648,-85.6727,-64.9478,0.179,0.188,0.15,0.87,16,0.082,1
LROC_02649,-85.423,33.0508,0.196,0.148,0.05,0.92,19,0.082,1
LROC_02650,-87.9112,-153.9974,0.175,0.174,0.31,0.95,16,0.101,1
LROC_02651,-86.3129,-126.9169,0.164,0.198,0.23,0.76,15,0.088,1
LROC_02652,-86.3019,-153.6316,0.166,0.189,1.17,1.61,62,0.388,0
LROC_02653,-89.4764,112.4342,0.163,0.199,0.35,0.99,36,0.186,0
LROC_02654,-82.3243,90.8673,0.2,0.198,0.99,1.59,55,0.339,1
LROC_02655,-85.835,91.1927,0.162,0.169,0.05,0.66,39,0.162,1
LROC_02656,-81.7782,77.8771,0.189,0.192,0.05,0.89,60,0.246,1
LROC_02657,-81.4965,60.9788,0.181,0.174,0.05,0.66,23,0.098,1
LROC_02658,-87.8801,-8.2829,0.183,0.192,0.19,0.71,75,0.323,1
LROC_02659,-83.4265,51.2201,0.205,0.167,0.35,0.72,61,0.286,0
LROC_02660,-85.2772,-166.1898,0.178,0.212,0.7,1.52,88,0.436,1
LROC_02661,-81.1984,43.7272,0.194,0.175,3.2,3.69,93,0.756,1
LROC_02662,-87.8426,100.036,0.186,0.167,0.33,1.0,17,0.108,1
LROC_02663,-83.2219,0.129,0.183,0.184,0.05,0.86,22,0.094,1
LROC_02664,-83.9225,-51.2952,0.219,0.166,0.16,0.95,39,0.175,0
LROC_02665,-87.047,-80.1264,0.163,0.204,1.71,2.4,50,0.405,1
LROC_02666,-88.634,51.4087,0.204,0.175,0.9,1.4,57,0.336,1
LROC_02667,-83.4836,69.4084,0.195,0.209,1.17,1.73,64,0.396,0
LROC_02668,-82.614,133.5483,0.178,0.178,0.1,0.54,77,0.32,0
LROC_02669,-86.8437,-56.7597,0.209,0.164,0.11,0.98,48,0.205,1
LROC_02670,-83.5517,97.118,0.157,0.18,0.09,0.97,87,0.359,1
LROC_02671,-86.0487,22.0881,0.177,0.182,1.46,2.11,24,0.271,0
LROC_02672,-82.8679,137.8211,0.167,0.188,0.18,0.79,41,0.186,1
LROC_02673,-88.0078,10.0124,0.191,0.178,0.77,1.34,27,0.2,1
LROC_02674,-81.0978,6.3467,0.168,0.185,0.54,1.1,65,0.325,0
LROC_02675,-87.1259,28.0357,0.191,0.165,0.59,1.08,82,0.399,1
LROC_02676,-86.3221,89.7535,0.182,0.165,0.16,0.81,30,0.139,1
LROC_02677,-89.4191,167.2886,0.178,0.174,0.76,1.11,26,0.195,1
LROC_02678,-88.8849,-153.5172,0.191,0.191,0.05,0.94,39,0.162,1
LROC_02679,-84.8414,-160.7635,0.181,0.199,3.77,4.01,63,0.704,1
LROC_02680,-87.3241,157.5181,0.169,0.183,0.05,0.91,30,0.126,1
LROC_02681,-81.6452,10.7552,0.227,0.144,0.05,0.81,16,0.07,1
LROC_02682,-89.8531,41.3651,0.178,0.179,0.29,0.81,87,0.383,1
LROC_02683,-86.2091,-6.3275,0.152,0.223,1.34,1.72,91,0.525,0
LROC_02684,-86.6265,-146.2833,0.172,0.198,0.22,1.1,92,0.394,1
LROC_02685,-89.8067,96.5122,0.166,0.194,0.48,1.22,90,0.418,0
LROC_02686,-88.7563,89.0009,0.197,0.186,0.05,0.57,49,0.202,1
LROC_02687,-85.8636,-67.7868,0.19,0.198,0.06,0.49,36,0.151,1
LROC_02688,-85.0714,-69.7539,0.191,0.157,0.7,1.38,62,0.332,1
LROC_02689,-85.9571,121.6229,0.179,0.174,0.16,0.7,78,0.331,0
LROC_02690,-84.6906,-153.9514,0.181,0.171,0.89,1.31,81,0.431,1
LROC_02691,-84.0487,137.1979,0.179,0.188,1.15,1.8,36,0.282,1
LROC_02692,-89.9008,-87.6018,0.184,0.18,1.42,2.02,87,0.518,1
LROC_02693,-85.359,33.4745,0.198,0.182,0.11,0.74,61,0.257,0
LROC_02694,-80.365,156.9579,0.19,0.167,0.46,1.29,54,0.271,1
LROC_02695,-84.8097,64.1241,0.193,0.194,2.2,2.72,67,0.532,0
LROC_02696,-83.2246,-30.8053,0.192,0.173,1.11,1.85,17,0.201,1
LROC_02697,-86.8814,68.2323,0.198,0.181,0.09,0.58,20,0.091,0
LROC_02698,-82.2601,-56.1673,0.189,0.193,0.52,1.02,28,0.174,1
LROC_02699,-82.2708,-80.187,0.19,0.191,1.92,2.18,72,0.518,1
LROC_02700,-84.787,178.806,0.203,0.174,0.43,0.94,21,0.136,1
LROC_02701,-80.2399,90.2845,0.175,0.194,1.36,2.11,43,0.335,1
LROC_02702,-88.7445,52.0992,0.172,0.209,0.51,1.34,17,0.129,1
LROC_02703,-89.8305,-52.0957,0.167,0.193,0.08,0.85,27,0.118,1
LROC_02704,-82.2984,-162.3021,0.188,0.164,0.12,0.77,50,0.214,1
LROC_02705,-81.9284,-168.8195,0.157,0.198,0.05,0.84,52,0.214,0
LROC_02706,-88.7979,19.5053,0.192,0.173,0.16,0.82,89,0.375,1
LROC_02707,-87.3442,94.3318,0.183,0.142,1.68,1.91,74,0.498,0
LROC_02708,-89.8245,13.4565,0.202,0.176,0.79,1.36,87,0.443,0
LROC_02709,-87.0669,122.6826,0.175,0.183,1.01,1.61,36,0.265,0
LROC_02710,-82.2686,-167.9664,0.182,0.195,0.73,1.19,35,0.228,1
LROC_02711,-84.8204,-47.9693,0.202,0.158,0.37,0.83,47,0.232,1
LROC_02712,-86.519,-94.6547,0.206,0.145,0.18,0.7,18,0.094,1
LROC_02713,-86.2826,-18.9817,0.175,0.184,1.95,2.47,94,0.61,1
LROC_02714,-89.9865,-153.9445,0.188,0.181,0.54,0.96,58,0.297,1
LROC_02715,-87.002,163.4874,0.189,0.176,0.49,1.2,15,0.119,1
LROC_02716,-83.5354,-99.6281,0.191,0.174,4.16,4.36,76,0.803,1
LROC_02717,-80.2581,152.0308,0.181,0.163,0.36,0.9,93,0.415,0
LROC_02718,-81.5294,-26.6785,0.204,0.166,1.44,2.1,36,0.317,1
LROC_02719,-89.7641,174.7887,0.157,0.184,1.49,1.99,73,0.471,1
LROC_02720,-81.0144,19.461,0.179,0.196,0.2,0.77,51,0.228,1
LROC_02721,-82.168,155.0998,0.192,0.179,0.07,0.9,37,0.156,1
LROC_02722,-82.1962,-178.0744,0.192,0.169,2.79,3.1,47,0.523,1
LROC_02723,-85.42,89.366,0.205,0.194,0.42,1.21,36,0.194,1
LROC_02724,-86.0199,145.0982,0.203,0.165,0.05,0.7,78,0.318,1
LROC_02725,-86.9708,-129.7006,0.181,0.187,0.52,0.97,76,0.366,0
LROC_02726,-89.3431,-145.3947,0.204,0.166,0.72,1.35,68,0.358,0
LROC_02727,-87.7176,-27.1539,0.174,0.206,1.12,1.55,72,0.422,0
LROC_02728,-87.534,156.1244,0.199,0.172,2.15,2.41,26,0.362,1
LROC_02729,-85.1592,15.2592,0.212,0.166,1.85,2.11,32,0.35,1
LROC_02730,-82.5256,9.8843,0.203,0.167,2.11,2.42,81,0.577,0
LROC_02731,-85.2619,-129.1946,0.187,0.179,0.05,0.81,74,0.302,0
LROC_02732,-89.4216,-179.7158,0.18,0.197,0.93,1.66,15,0.172,1
LROC_02733,-80.4221,111.6504,0.162,0.2,0.19,1.0,34,0.159,0
LROC_02734,-80.5728,-148.4732,0.19,0.175,0.16,0.68,31,0.143,1
LROC_02735,-82.1481,48.1859,0.168,0.21,1.21,1.82,63,0.397,1
LROC_02736,-80.0867,149.2619,0.173,0.195,0.4,0.88,36,0.192,0
LROC_02737,-84.5552,-104.8853,0.167,0.178,1.86,2.39,47,0.411,1
LROC_02738,-80.3723,59.4982,0.178,0.159,0.05,0.89,40,0.166,0
LROC_02739,-89.2439,-151.6685,0.185,0.171,1.22,1.52,41,0.31,1
LROC_02740,-86.3432,37.3519,0.189,0.181,0.11,0.99,74,0.309,1
LROC_02741,-87.7462,-120.9846,0.176,0.19,0.15,0.95,48,0.21,0
LROC_02742,-88.0417,84.9433,0.201,0.19,0.49,1.22,94,0.435,0
LROC_02743,-88.592,-71.5567,0.182,0.162,0.38,1.09,92,0.414,1
LROC_02744,-83.7759,-13.1792,0.173,0.176,0.5,1.24,66,0.324,1
LROC_02745,-82.1868,35.795,0.188,0.158,2.11,2.8,69,0.529,1
LROC_02746,-84.217,-118.3416,0.214,0.144,0.8,1.51,75,0.396,1
LROC_02747,-88.5304,86.9896,0.19,0.165,0.26,0.81,64,0.287,1
LROC_02748,-81.8888,-71.0495,0.18,0.184,0.14,0.83,77,0.325,0
LROC_02749,-83.6405,58.4539,0.162,0.199,0.41,0.94,78,0.361,1
LROC_02750,-86.1183,-123.0181,0.182,0.164,0.45,1.29,28,0.166,1
LROC_02751,-83.2587,67.7224,0.189,0.163,0.69,1.47,65,0.343,1
LROC_02752,-87.401,-133.8523,0.179,0.153,0.23,0.89,41,0.192,1
LROC_02753,-86.5481,-26.8717,0.16,0.191,1.09,1.77,54,0.347,1
LROC_02754,-80.8251,-91.0058,0.172,0.172,0.08,0.93,82,0.338,1
LROC_02755,-87.095,89.4151,0.207,0.192,0.62,1.08,23,0.166,0
LROC_02756,-85.3001,-85.6674,0.207,0.173,0.73,1.35,70,0.368,1
LROC_02757,-81.0986,137.4182,0.172,0.18,0.17,0.79,53,0.232,1
LROC_02758,-82.9228,141.0553,0.195,0.163,1.31,1.96,29,0.273,1
LROC_02759,-89.378,-109.2811,0.167,0.162,0.72,1.24,32,0.214,1
LROC_02760,-88.527,40.9845,0.206,0.147,0.78,1.46,66,0.358,1
LROC_02761,-89.9216,-148.4216,0.189,0.166,0.52,1.07,75,0.362,0
LROC_02762,-83.6908,-39.0466,0.199,0.16,1.8,2.08,51,0.42,1
LROC_02763,-85.5233,76.7958,0.159,0.173,0.89,1.25,94,0.483,1
LROC_02764,-88.6573,57.3924,0.195,0.178,0.36,0.78,67,0.311,1
LROC_02765,-80.4207,44.8922,0.185,0.184,0.2,0.6,26,0.128,1
LROC_02766,-84.7034,-78.2853,0.198,0.164,0.06,0.72,39,0.163,1
LROC_02767,-87.5811,-43.911,0.199,0.199,0.14,0.86,93,0.389,1
LROC_02768,-84.994,-142.9394,0.186,0.15,3.69,3.78,39,0.599,1
LROC_02769,-83.2038,78.8482,0.176,0.182,0.39,1.06,35,0.187,1
LROC_02770,-89.2376,1.4,0.197,0.168,1.72,2.25,21,0.29,1
LROC_02771,-87.253,75.1556,0.184,0.169,0.14,0.6,90,0.377,1
LROC_02772,-81.9303,-90.3803,0.172,0.172,0.42,0.98,63,0.302,0
LROC_02773,-85.4034,-63.2022,0.171,0.183,2.42,2.96,53,0.502,0
LROC_02774,-84.5342,-59.6825,0.163,0.183,0.07,0.47,89,0.364,1
LROC_02775,-85.6718,-170.7327,0.177,0.174,0.68,1.09,63,0.334,1
LROC_02776,-89.561,-57.2228,0.202,0.15,1.89,2.6,48,0.419,1
LROC_02777,-88.3425,109.1896,0.188,0.151,2.24,2.78,89,0.625,1
LROC_02778,-85.5446,143.0275,0.177,0.176,1.4,1.89,30,0.288,1
LROC_02779,-87.9081,6.5586,0.197,0.165,1.45,2.02,29,0.29,1
LROC_02780,-89.5002,-16.0194,0.173,0.179,0.79,1.53,54,0.311,1
LROC_02781,-81.5635,-168.9031,0.186,0.175,0.19,0.99,93,0.395,1
LROC_02782,-80.1881,136.5136,0.182,0.17,0.98,1.44,21,0.202,1
LROC_02783,-82.0686,-175.3163,0.197,0.168,2.88,3.24,54,0.562,1
LROC_02784,-81.4622,160.11,0.161,0.175,0.56,1.22,80,0.387,0
LROC_02785,-87.5802,-3.8822,0.172,0.205,0.23,0.64,84,0.364,0
LROC_02786,-80.3937,-56.9036,0.16,0.176,0.64,1.45,36,0.221,1
LROC_02787,-88.0307,152.7186,0.181,0.173,0.88,1.41,73,0.398,1
LROC_02788,-80.4857,-171.2192,0.203,0.158,0.18,0.75,19,0.098,0
LROC_02789,-80.0518,29.313,0.177,0.169,0.95,1.71,32,0.242,1
LROC_02790,-82.8828,17.6157,0.177,0.181,0.66,1.05,25,0.179,1
LROC_02791,-80.1886,-101.0447,0.198,0.169,0.71,1.06,22,0.173,1
LROC_02792,-84.3046,-25.6005,0.201,0.163,0.27,0.99,34,0.168,1
LROC_02793,-87.4046,54.815,0.184,0.173,0.13,0.71,89,0.372,0
LROC_02794,-85.63,81.7672,0.195,0.161,0.73,1.44,73,0.38,1
LROC_02795,-84.0644,-179.7419,0.169,0.19,0.66,1.03,39,0.235,0
LROC_02796,-89.2692,157.2672,0.206,0.198,0.31,0.87,72,0.325,1
LROC_02797,-83.7766,-120.7709,0.217,0.149,0.26,0.75,33,0.163,1
LROC_02798,-80.1882,-95.911,0.193,0.179,0.32,1.06,16,0.102,1
LROC_02799,-88.0989,-85.1496,0.154,0.191,0.5,0.96,72,0.348,0
LROC_02800,-82.074,-166.3848,0.177,0.19,2.76,3.11,80,0.651,1
LROC_02801,-80.921,-135.7012,0.194,0.183,1.08,1.78,21,0.214,1
LROC_02802,-80.563,175.086,0.179,0.183,1.43,2.14,65,0.432,1
LROC_02803,-80.3986,-66.522,0.204,0.168,0.53,1.24,47,0.252,1
LROC_02804,-84.7854,-138.4916,0.194,0.166,0.56,1.12,89,0.423,1
LROC_02805,-80.2269,-141.4831,0.174,0.17,0.17,0.84,27,0.128,1
LROC_02806,-82.4269,79.0056,0.185,0.175,0.96,1.61,24,0.211,1
LROC_02807,-88.3833,127.6447,0.172,0.163,0.41,1.21,73,0.341,1
LROC_02808,-85.231,-87.4972,0.182,0.169,1.02,1.76,52,0.33,1
LROC_02809,-82.8167,-172.4726,0.177,0.197,0.39,1.22,34,0.183,1
LROC_02810,-87.5266,-99.6876,0.203,0.17,0.09,0.89,28,0.123,1
LROC_02811,-83.5938,-159.6544,0.217,0.176,0.14,0.6,54,0.233,1
LROC_02812,-83.334,-142.7778,0.164,0.208,1.25,1.9,21,0.234,0
LROC_02813,-88.373,-24.6571,0.156,0.187,0.22,1.01,83,0.358,1
LROC_02814,-84.3491,-97.2294,0.181,0.182,0.23,1.05,20,0.108,0
LROC_02815,-82.2837,5.7405,0.162,0.183,1.99,2.65,54,0.455,1
LROC_02816,-85.011,-88.7422,0.186,0.164,0.8,1.37,67,0.364,0
LROC_02817,-89.879,158.5934,0.196,0.158,0.09,0.81,23,0.103,1
LROC_02818,-89.9096,146.1398,0.207,0.179,0.12,0.51,79,0.33,1
LROC_02819,-86.4297,24.0502,0.188,0.179,0.24,0.9,34,0.165,1
LROC_02820,-80.7381,-52.4074,0.182,0.206,0.68,1.25,20,0.162,0
LROC_02821,-87.7132,-42.7871,0.155,0.205,1.05,1.83,91,0.49,1
LROC_02822,-83.6564,-31.7332,0.185,0.166,0.24,1.07,53,0.241,0
LROC_02823,-87.7792,81.9286,0.186,0.189,1.53,2.18,35,0.324,1
LROC_02824,-86.7833,-17.41,0.195,0.168,0.09,0.51,51,0.215,1
LROC_02825,-81.5196,128.4228,0.174,0.2,0.17,0.75,26,0.124,0
LROC_02826,-82.7114,159.8741,0.178,0.173,2.64,3.12,84,0.653,1
LROC_02827,-89.046,-59.0594,0.163,0.171,0.11,0.51,29,0.129,1
LROC_02828,-85.713,21.85,0.151,0.18,1.64,1.99,35,0.337,1
LROC_02829,-89.7083,-145.7796,0.168,0.173,0.91,1.66,60,0.349,1
LROC_02830,-85.1911,-107.8311,0.161,0.175,0.06,0.52,85,0.347,1
LROC_02831,-83.3757,-31.1523,0.19,0.166,0.5,0.88,24,0.156,0
LROC_02832,-88.815,-105.767,0.177,0.193,0.55,1.19,80,0.386,1
LROC_02833,-87.1112,135.5618,0.177,0.207,2.02,2.69,90,0.602,1
LROC_02834,-86.0216,-123.0169,0.17,0.164,0.41,1.19,53,0.261,1
LROC_02835,-80.8047,-15.9621,0.137,0.217,0.44,1.28,36,0.197,1
LROC_02836,-80.0674,38.0517,0.208,0.159,0.09,0.86,56,0.235,1
LROC_02837,-89.5509,69.071,0.17,0.189,0.76,1.3,20,0.171,1
LROC_02838,-82.3899,-42.095,0.179,0.155,0.18,1.04,66,0.286,1
LROC_02839,-86.2828,132.8757,0.163,0.195,0.06,0.67,51,0.211,0
LROC_02840,-86.0754,24.5949,0.2,0.14,4.34,4.48,20,0.601,0
LROC_02841,-82.4574,-21.7772,0.187,0.181,0.24,0.84,87,0.377,1
LROC_02842,-80.8157,-155.7934,0.173,0.186,0.11,0.91,43,0.185,0
LROC_02843,-80.4907,-12.7118,0.179,0.182,0.9,1.67,83,0.44,1
LROC_02844,-84.2288,115.4649,0.21,0.154,1.29,1.74,65,0.415,1
LROC_02845,-86.4288,41.2348,0.184,0.185,0.05,0.68,91,0.37,1
LROC_02846,-82.1245,119.5785,0.182,0.184,0.08,0.92,41,0.174,0
LROC_02847,-87.49,-2.1558,0.171,0.18,0.07,0.49,51,0.212,1
LROC_02848,-84.3593,-137.3538,0.157,0.199,0.05,0.84,60,0.246,1
LROC_02849,-86.4142,-175.0897,0.183,0.176,0.81,1.36,39,0.253,1
LROC_02850,-83.4337,-70.841,0.19,0.182,0.67,1.19,51,0.284,1
LROC_02851,-87.596,71.2766,0.201,0.168,0.82,1.36,37,0.246,1
LROC_02852,-88.0841,104.4936,0.151,0.195,0.53,1.09,40,0.224,0
LROC_02853,-80.8176,-73.529,0.168,0.193,1.28,1.93,90,0.514,1
LROC_02854,-88.982,-1.5646,0.176,0.175,0.59,1.39,66,0.335,1
LROC_02855,-84.9404,-28.3972,0.185,0.158,1.88,2.34,17,0.294,1
LROC_02856,-87.7915,-32.2118,0.183,0.182,0.5,1.27,87,0.408,0
LROC_02857,-89.6107,-96.7145,0.183,0.195,1.17,1.82,93,0.512,0
LROC_02858,-89.6398,-130.9064,0.191,0.179,0.39,0.92,86,0.391,1
LROC_02859,-88.2478,-109.1921,0.171,0.188,0.43,1.08,42,0.22,0
LROC_02860,-81.3323,-160.0803,0.199,0.17,1.42,2.01,94,0.546,1
LROC_02861,-87.1752,-108.6729,0.192,0.185,0.09,0.49,48,0.203,1
LROC_02862,-80.4954,-176.6877,0.18,0.176,0.62,1.16,79,0.39,0
LROC_02863,-84.1838,45.813,0.209,0.159,0.97,1.77,43,0.288,1
LROC_02864,-85.6339,-66.1049,0.208,0.183,1.04,1.65,18,0.197,0
LROC_02865,-84.1991,170.3321,0.199,0.162,0.67,1.17,82,0.408,0
LROC_02866,-84.833,-110.2619,0.14,0.21,0.45,0.93,76,0.358,1
LROC_02867,-82.4122,-55.5017,0.209,0.183,0.23,0.71,52,0.236,1
LROC_02868,-87.175,-51.1772,0.197,0.18,1.8,2.22,81,0.54,1
LROC_02869,-86.4695,-176.9575,0.215,0.145,0.35,0.81,16,0.106,1
LROC_02870,-81.0591,122.1149,0.204,0.169,1.2,1.55,90,0.504,1
LROC_02871,-80.5354,-168.482,0.209,0.163,0.05,0.63,58,0.238,0
LROC_02872,-81.0744,158.4647,0.198,0.163,0.2,0.88,93,0.396,0
LROC_02873,-85.8055,141.1468,0.205,0.17,0.32,0.76,46,0.222,1
LROC_02874,-82.1963,12.7879,0.215,0.175,0.84,1.18,17,0.169,1
LROC_02875,-85.2366,15.6944,0.188,0.169,0.29,0.68,31,0.159,1
LROC_02876,-85.0246,55.3601,0.161,0.185,0.05,0.58,26,0.11,1
LROC_02877,-87.9532,-40.662,0.18,0.175,0.14,0.62,78,0.329,1
LROC_02878,-84.0887,53.0,0.191,0.192,0.22,0.87,77,0.334,0
LROC_02879,-88.1386,-163.8834,0.186,0.172,0.15,0.76,92,0.386,1
LROC_02880,-86.6844,-160.5429,0.166,0.167,0.17,0.72,86,0.364,1
LROC_02881,-81.4497,-15.397,0.161,0.164,1.1,1.81,55,0.352,1
LROC_02882,-87.9292,17.864,0.174,0.187,0.4,1.01,16,0.112,1
LROC_02883,-89.2884,139.6144,0.197,0.16,0.39,0.8,67,0.315,1
LROC_02884,-89.3099,-142.3222,0.209,0.176,2.55,2.84,48,0.498,0
LROC_02885,-80.5922,116.1533,0.199,0.15,0.44,1.28,88,0.405,1
LROC_02886,-84.9308,-104.383,0.201,0.161,1.97,2.66,54,0.452,0
LROC_02887,-85.9059,-38.1299,0.184,0.157,0.27,0.77,85,0.372,1
LROC_02888,-81.8912,-66.0231,0.159,0.195,0.38,0.83,79,0.362,1
LROC_02889,-81.6417,-35.9441,0.178,0.19,0.38,0.99,69,0.322,1
LROC_02890,-86.6781,-125.8216,0.181,0.184,0.59,1.17,88,0.423,1
LROC_02891,-83.0638,1.2852,0.178,0.164,0.66,1.2,65,0.339,1
LROC_02892,-82.2888,108.5913,0.186,0.165,0.21,0.85,19,0.101,0
LROC_02893,-83.4535,-21.0478,0.192,0.177,1.18,1.58,70,0.422,1
LROC_02894,-88.484,-3.3791,0.198,0.146,0.51,0.92,35,0.201,1
LROC_02895,-81.2412,125.5563,0.181,0.175,0.05,0.73,72,0.294,1
LROC_02896,-84.6091,74.1809,0.156,0.213,0.67,1.47,87,0.428,1
LROC_02897,-87.1753,-3.4364,0.178,0.177,1.2,1.55,45,0.324,1
LROC_02898,-85.7477,-87.2296,0.186,0.154,0.22,0.95,60,0.266,0
LROC_02899,-89.6243,138.5736,0.203,0.16,0.05,0.66,41,0.17,1
LROC_02900,-88.7213,27.7273,0.176,0.171,1.23,1.65,84,0.484,1
LROC_02901,-82.3445,-100.3869,0.193,0.205,2.81,3.36,45,0.517,1
LROC_02902,-89.9999,-83.1169,0.189,0.2,0.06,0.68,55,0.227,1
LROC_02903,-85.8343,109.1279,0.186,0.187,2.09,2.57,59,0.487,1
LROC_02904,-84.7749,-164.1076,0.199,0.165,0.33,0.92,50,0.24,1
LROC_02905,-89.4537,177.1532,0.175,0.199,2.13,2.36,16,0.32,1
LROC_02906,-80.2692,-133.0734,0.176,0.164,0.78,1.4,76,0.398,1
LROC_02907,-87.7387,106.5847,0.185,0.193,1.66,2.1,35,0.339,0
LROC_02908,-86.958,-37.8809,0.175,0.195,1.16,1.49,48,0.331,0
LROC_02909,-86.9606,-2.8022,0.193,0.171,0.05,0.74,27,0.114,0
LROC_02910,-87.6958,137.0342,0.174,0.199,0.05,0.45,33,0.138,1
LROC_02911,-89.9853,-31.352,0.188,0.169,0.56,1.01,47,0.255,0
LROC_02912,-82.7066,13.4978,0.183,0.159,0.1,0.88,63,0.264,1
LROC_02913,-80.3315,-162.2521,0.188,0.19,0.46,0.83,17,0.123,1
LROC_02914,-87.7571,-179.1549,0.178,0.179,2.32,2.81,52,0.486,1
LROC_02915,-83.3695,-91.872,0.18,0.188,0.26,1.11,85,0.371,1
LROC_02916,-82.581,65.0099,0.186,0.204,0.5,0.94,29,0.176,1
LROC_02917,-81.5157,-136.3446,0.188,0.165,0.36,0.93,52,0.251,1
LROC_02918,-85.7737,-139.0457,0.185,0.175,0.75,1.36,39,0.246,0
LROC_02919,-86.9707,-32.0542,0.211,0.189,0.16,0.77,75,0.319,1
LROC_02920,-86.747,53.2213,0.17,0.194,0.23,0.92,64,0.284,1
LROC_02921,-82.8738,76.3459,0.184,0.167,1.47,1.93,24,0.272,1
LROC_02922,-81.8322,-115.7578,0.161,0.173,1.25,1.6,64,0.406,1
LROC_02923,-88.1839,-151.3483,0.191,0.166,1.17,1.5,56,0.364,1
LROC_02924,-86.2906,158.5429,0.168,0.173,1.11,1.77,85,0.473,1
LROC_02925,-80.9806,-86.1601,0.181,0.182,0.46,0.93,66,0.319,1
LROC_02926,-81.9331,127.2047,0.179,0.181,0.98,1.71,60,0.358,1
LROC_02927,-80.1514,130.8569,0.189,0.179,0.37,1.1,54,0.26,0
LROC_02928,-82.4575,98.1081,0.177,0.168,0.08,0.5,72,0.298,1
LROC_02929,-86.068,-119.2199,0.176,0.18,0.37,0.83,38,0.196,0
LROC_02930,-84.0936,115.8485,0.207,0.136,0.13,0.66,83,0.348,0
LROC_02931,-83.3899,96.9302,0.189,0.177,0.37,1.03,54,0.26,1
LROC_02932,-89.2154,34.8203,0.177,0.198,0.26,1.04,34,0.167,0
LROC_02933,-84.555,-58.6073,0.181,0.157,0.69,1.05,43,0.255,1
LROC_02934,-82.9068,-85.4969,0.21,0.173,0.34,0.83,51,0.245,1
LROC_02935,-88.3268,-136.1199,0.181,0.169,0.92,1.42,34,0.246,1
LROC_02936,-82.1937,3.5125,0.175,0.193,0.54,0.98,32,0.193,1
LROC_02937,-84.1623,30.6939,0.175,0.184,1.89,2.37,18,0.299,1
LROC_02938,-80.4778,-50.638,0.177,0.186,0.07,0.7,25,0.108,1
LROC_02939,-89.5758,-8.8707,0.176,0.182,0.87,1.34,78,0.416,1
LROC_02940,-87.3467,-49.1348,0.166,0.205,0.84,1.41,66,0.365,1
LROC_02941,-83.9845,50.7622,0.168,0.19,2.26,2.61,57,0.499,1
LROC_02942,-87.0344,144.4533,0.173,0.172,0.35,0.89,28,0.154,1
LROC_02943,-82.8558,-120.9887,0.194,0.174,0.27,0.78,59,0.268,0
LROC_02944,-82.4099,-42.6928,0.179,0.174,0.14,0.8,42,0.185,1
LROC_02945,-88.9748,-129.2873,0.182,0.181,0.23,0.83,18,0.1,1
LROC_02946,-84.8615,44.9798,0.204,0.162,0.52,0.97,30,0.182,1
LROC_02947,-84.9111,82.3934,0.204,0.158,1.36,1.63,52,0.371,1
LROC_02948,-86.3072,155.4886,0.181,0.182,0.25,0.7,77,0.338,1
LROC_02949,-80.6708,-79.6061,0.176,0.182,0.13,0.54,37,0.164,1
LROC_02950,-81.7249,162.076,0.172,0.199,0.24,0.83,91,0.393,1
LROC_02951,-83.0279,-157.2254,0.195,0.166,0.08,0.58,34,0.146,1
LROC_02952,-82.8567,37.085,0.182,0.148,1.96,2.37,83,0.567,1
LROC_02953,-85.3828,-159.4322,0.179,0.174,1.55,1.96,35,0.326,0
LROC_02954,-80.7901,141.7587,0.173,0.158,0.28,0.92,56,0.258,1
LROC_02955,-83.054,10.7313,0.173,0.188,0.21,0.95,83,0.357,1
LROC_02956,-82.7102,60.9654,0.19,0.149,1.77,2.23,28,0.324,1
LROC_02957,-81.3831,119.3666,0.165,0.171,0.05,0.48,84,0.342,0
LROC_02958,-87.2593,-125.8882,0.2,0.165,0.69,1.03,19,0.159,1
LROC_02959,-81.9293,-166.107,0.177,0.204,1.86,2.18,38,0.375,1
LROC_02960,-88.0476,136.3972,0.183,0.162,0.53,1.09,43,0.236,1
LROC_02961,-86.5466,-66.624,0.165,0.186,0.05,0.47,16,0.07,1
LROC_02962,-86.6439,-133.5676,0.185,0.185,0.19,0.73,20,0.103,1
LROC_02963,-80.2147,-11.354,0.18,0.201,1.92,2.57,48,0.422,1
LROC_02964,-81.4346,35.3902,0.184,0.189,0.05,0.49,90,0.366,0
LROC_02965,-82.9883,-168.8506,0.207,0.183,0.38,1.22,36,0.19,1
LROC_02966,-82.7294,-81.0376,0.188,0.188,1.17,1.88,18,0.212,1
LROC_02967,-84.3793,-168.192,0.173,0.164,1.37,2.05,20,0.244,1
LROC_02968,-80.5291,-28.6793,0.174,0.187,0.49,1.27,81,0.383,1
LROC_02969,-85.0374,142.236,0.194,0.185,0.2,0.62,91,0.388,1
LROC_02970,-86.1948,173.7549,0.204,0.154,0.69,1.1,77,0.391,1
LROC_02971,-88.3696,49.3371,0.189,0.166,0.23,0.67,87,0.376,1
LROC_02972,-82.1379,-121.8104,0.195,0.16,0.22,0.65,82,0.354,1
LROC_02973,-82.6556,146.1058,0.194,0.184,1.24,1.68,48,0.341,1
LROC_02974,-86.1564,5.8492,0.206,0.166,0.13,0.93,86,0.36,1
LROC_02975,-89.7481,-124.6502,0.156,0.185,0.05,0.57,48,0.198,1
LROC_02976,-81.61,151.8216,0.195,0.153,0.31,0.8,71,0.321,1
LROC_02977,-89.8858,92.6889,0.2,0.169,0.51,1.2,51,0.265,0
LROC_02978,-82.963,83.4139,0.165,0.177,0.92,1.28,20,0.19,0
LROC_02979,-80.2974,75.3051,0.172,0.186,1.14,1.61,85,0.477,1
LROC_02980,-85.6234,-107.8777,0.172,0.165,0.82,1.29,59,0.334,1
LROC_02981,-87.6503,-104.0376,0.174,0.184,0.74,1.49,55,0.309,1
LROC_02982,-82.9513,67.7855,0.178,0.173,0.82,1.4,19,0.174,0
LROC_02983,-81.8287,-100.8998,0.189,0.156,0.24,0.94,74,0.325,1
LROC_02984,-84.5357,-22.0782,0.198,0.151,0.36,0.79,81,0.367,1
LROC_02985,-80.3296,101.5207,0.201,0.152,0.72,1.51,31,0.21,0
LROC_02986,-89.4833,102.2229,0.172,0.18,0.05,0.61,79,0.322,1
LROC_02987,-84.952,-16.8258,0.172,0.184,0.26,0.99,69,0.307,0
LROC_02988,-82.8155,105.1884,0.205,0.172,0.39,1.23,23,0.139,1
LROC_02989,-81.3736,121.9038,0.195,0.177,0.57,1.17,18,0.14,1
LROC_02990,-88.2074,55.7193,0.186,0.165,0.5,1.1,56,0.284,1
LROC_02991,-82.0,-97.7667,0.192,0.189,0.95,1.31,60,0.354,0
LROC_02992,-84.4729,-81.3558,0.185,0.17,0.48,1.03,88,0.41,0
LROC_02993,-86.0345,-66.6572,0.193,0.18,1.76,2.41,15,0.271,0
LROC_02994,-88.6828,-137.9505,0.18,0.177,0.36,0.79,31,0.167,1
LROC_02995,-81.347,-81.6625,0.189,0.181,0.56,1.36,93,0.439,1
LROC_02996,-88.4273,-104.5731,0.162,0.184,0.05,0.78,21,0.09,1
LROC_02997,-86.9021,-16.0817,0.175,0.187,0.28,0.86,19,0.11,1
LROC_02998,-87.0995,147.0375,0.175,0.181,1.51,2.03,66,0.445,1
LROC_02999,-81.2859,-142.3871,0.179,0.192,0.3,0.75,67,0.304,0
LROC_03000,-83.273,79.2965,0.171,0.171,0.22,0.71,17,0.094,1
LROC_03001,-82.0332,67.4219,0.177,0.154,0.59,1.07,76,0.375,1
LROC_03002,-87.4953,-145.5285,0.162,0.172,0.06,0.65,46,0.191,1
LROC_03003,-83.7513,152.1261,0.193,0.189,0.57,1.37,16,0.132,1
LROC_03004,-84.2825,24.65,0.184,0.175,0.27,0.83,94,0.408,1
LROC_03005,-81.6717,-49.0588,0.159,0.19,0.36,0.99,67,0.311,1
LROC_03006,-80.9391,92.3539,0.172,0.167,1.18,1.54,26,0.246,1
LROC_03007,-89.8784,-87.3484,0.19,0.175,0.81,1.5,19,0.173,1
LROC_03008,-83.2598,69.6635,0.177,0.165,0.44,1.08,18,0.125,1
LROC_03009,-89.4816,-165.704,0.175,0.168,0.65,1.2,70,0.358,0
LROC_03010,-84.5114,122.1869,0.184,0.171,1.09,1.85,94,0.507,1
LROC_03011,-87.1237,-18.6585,0.19,0.181,1.03,1.77,78,0.436,1
LROC_03012,-86.9322,49.2094,0.163,0.195,0.15,0.86,59,0.254,1
LROC_03013,-86.4704,-100.3544,0.193,0.182,0.27,1.1,74,0.328,1
LROC_03014,-83.7871,63.7465,0.173,0.158,0.32,0.97,34,0.174,1
LROC_03015,-86.6595,98.0065,0.185,0.177,0.16,0.96,67,0.287,1
LROC_03016,-82.673,-9.6433,0.184,0.174,0.05,0.65,87,0.354,1
LROC_03017,-85.9547,42.3817,0.177,0.157,0.14,0.57,30,0.137,1
LROC_03018,-89.3165,-15.7227,0.17,0.184,1.24,2.01,44,0.325,1
LROC_03019,-82.1624,141.8729,0.181,0.175,0.59,1.01,34,0.207,1
LROC_03020,-87.1424,-0.7671,0.209,0.174,0.31,0.8,66,0.301,1
LROC_03021,-85.6723,123.0511,0.165,0.187,0.7,1.11,50,0.284,1
LROC_03022,-83.1456,108.4867,0.21,0.157,1.01,1.48,36,0.265,1
LROC_03023,-86.6754,-32.2183,0.181,0.192,0.33,0.84,15,0.1,1
LROC_03024,-89.4341,-97.1696,0.186,0.143,0.47,1.12,35,0.196,1
LROC_03025,-86.2608,-33.8104,0.169,0.183,0.05,0.94,62,0.254,0
LROC_03026,-80.5555,117.4383,0.173,0.156,0.68,1.04,86,0.426,1
LROC_03027,-83.5827,-98.0523,0.177,0.167,0.33,1.09,19,0.116,1
LROC_03028,-83.2852,8.7971,0.169,0.192,0.43,0.85,54,0.268,1
LROC_03029,-83.6772,110.1948,0.182,0.159,0.41,0.78,93,0.421,1
LROC_03030,-88.0101,-52.7481,0.179,0.158,0.75,1.39,59,0.326,1
LROC_03031,-85.8167,51.1955,0.213,0.2,0.64,1.41,45,0.257,1
LROC_03032,-82.4906,-91.5726,0.168,0.164,0.41,0.86,29,0.165,0
LROC_03033,-88.9863,-140.6594,0.187,0.201,0.05,0.62,72,0.294,1
LROC_03034,-87.2215,105.9783,0.189,0.172,0.73,1.14,67,0.356,1
LROC_03035,-87.2368,-144.3713,0.169,0.176,1.59,2.28,59,0.427,0
LROC_03036,-85.6798,-82.3027,0.195,0.181,1.1,1.53,81,0.456,1
LROC_03037,-80.1963,127.8394,0.179,0.199,3.0,3.32,56,0.584,0
LROC_03038,-89.325,-55.2711,0.148,0.176,0.11,0.95,38,0.165,1
LROC_03039,-84.813,170.2963,0.195,0.165,0.19,0.85,52,0.231,1
LROC_03040,-88.2064,172.7044,0.168,0.197,0.58,1.39,65,0.33,1
LROC_03041,-80.2932,-83.4206,0.169,0.188,0.2,1.04,38,0.176,0
LROC_03042,-88.867,-165.2478,0.195,0.189,0.05,0.68,91,0.37,1
LROC_03043,-85.964,73.8228,0.18,0.187,0.39,1.04,47,0.235,0
LROC_03044,-82.6212,-17.6449,0.199,0.198,0.25,0.74,33,0.162,1
LROC_03045,-82.9545,-143.729,0.203,0.171,0.23,1.1,39,0.184,1
LROC_03046,-85.7727,74.7082,0.175,0.185,2.3,2.61,84,0.612,1
LROC_03047,-86.5348,-168.777,0.197,0.176,0.2,0.97,63,0.276,1
LROC_03048,-86.0239,133.2708,0.174,0.18,0.1,0.65,31,0.136,1
LROC_03049,-87.3572,-130.0851,0.218,0.175,0.1,0.65,35,0.152,1
LROC_03050,-87.9467,-134.1677,0.175,0.185,1.23,1.56,57,0.376,1
LROC_03051,-85.1696,-116.758,0.2,0.182,0.94,1.53,90,0.473,0
LROC_03052,-87.3147,165.6959,0.198,0.185,0.1,0.61,91,0.376,1
LROC_03053,-87.1254,69.541,0.19,0.181,0.19,0.65,36,0.167,1
LROC_03054,-83.4324,108.4938,0.175,0.189,1.03,1.44,77,0.432,1
LROC_03055,-80.3146,-36.8514,0.183,0.162,0.24,0.74,38,0.181,0
LROC_03056,-83.9636,-58.9274,0.153,0.183,2.99,3.34,47,0.547,1
LROC_03057,-89.2302,-95.5858,0.188,0.188,0.58,1.11,81,0.394,0
LROC_03058,-89.2442,-6.9667,0.19,0.196,0.16,0.58,31,0.143,1
LROC_03059,-80.4858,18.6583,0.187,0.147,1.47,1.99,62,0.424,0
LROC_03060,-87.0271,47.4389,0.14,0.188,0.29,1.05,58,0.267,1
LROC_03061,-89.0793,-87.4373,0.166,0.186,0.26,0.92,39,0.187,1
LROC_03062,-84.0096,161.5155,0.174,0.169,0.3,1.16,86,0.38,0
LROC_03063,-83.7635,-118.8869,0.189,0.163,1.1,1.44,74,0.428,1
LROC_03064,-83.515,167.6351,0.189,0.182,0.14,0.94,43,0.189,1
LROC_03065,-87.326,-174.6518,0.182,0.202,0.36,0.98,26,0.147,1
LROC_03066,-89.8489,-6.7948,0.195,0.142,0.05,0.71,23,0.098,1
LROC_03067,-80.3498,-59.9876,0.17,0.181,1.31,1.84,67,0.425,1
LROC_03068,-87.4911,-18.3156,0.194,0.18,0.31,0.84,75,0.337,1
LROC_03069,-83.2397,25.4392,0.192,0.185,0.21,0.75,45,0.205,1
LROC_03070,-82.9337,-23.1879,0.191,0.179,0.65,1.3,62,0.326,1
LROC_03071,-83.8999,-30.6551,0.182,0.205,0.92,1.25,93,0.482,0
LROC_03072,-86.8709,83.7804,0.212,0.165,1.26,1.83,61,0.395,0
LROC_03073,-87.289,66.9155,0.192,0.193,0.32,1.05,47,0.226,0
LROC_03074,-84.0233,119.9777,0.17,0.174,1.25,1.7,81,0.474,1
LROC_03075,-81.339,-90.0148,0.189,0.176,0.47,0.93,78,0.368,1
LROC_03076,-80.5327,39.4303,0.196,0.154,0.08,0.58,31,0.134,1
LROC_03077,-88.9409,30.6701,0.176,0.194,1.4,1.7,58,0.4,0
LROC_03078,-88.4517,-46.8944,0.201,0.168,0.59,0.98,19,0.147,1
LROC_03079,-80.5526,-5.0193,0.191,0.179,0.69,1.1,76,0.387,1
LROC_03080,-82.6346,-67.0384,0.15,0.188,2.08,2.28,77,0.558,1
LROC_03081,-81.1701,-128.936,0.189,0.184,0.61,1.08,93,0.445,1
LROC_03082,-87.9737,-103.0316,0.179,0.185,0.05,0.6,53,0.218,1
LROC_03083,-84.1241,-142.0151,0.193,0.158,1.53,2.27,86,0.528,1
LROC_03084,-82.9886,65.905,0.199,0.156,0.25,1.12,56,0.254,1
LROC_03085,-83.1989,57.8619,0.188,0.175,0.52,0.96,35,0.202,1
LROC_03086,-85.9185,162.2183,0.21,0.175,0.17,0.66,61,0.264,1
LROC_03087,-89.8461,82.6842,0.182,0.206,0.26,0.88,88,0.383,1
LROC_03088,-84.1707,-161.2635,0.194,0.177,0.87,1.26,42,0.272,1
LROC_03089,-87.469,138.3283,0.197,0.186,0.42,1.03,35,0.19,1
LROC_03090,-85.4975,130.5631,0.184,0.153,0.74,1.27,42,0.257,1
LROC_03091,-80.4242,-20.4047,0.197,0.202,1.3,1.73,33,0.288,1
LROC_03092,-86.0096,30.9107,0.176,0.19,0.31,1.09,77,0.345,0
LROC_03093,-81.602,171.3882,0.179,0.179,0.63,1.38,66,0.34,1
LROC_03094,-88.1146,11.6296,0.165,0.183,1.13,1.91,52,0.344,1
LROC_03095,-83.2754,145.9159,0.189,0.158,0.94,1.36,60,0.353,1
LROC_03096,-80.2299,-150.106,0.19,0.162,0.58,1.37,38,0.222,1
LROC_03097,-88.9811,-111.2213,0.203,0.197,0.36,0.99,59,0.279,1
LROC_03098,-89.9168,-21.3282,0.197,0.157,0.39,1.05,91,0.411,1
LROC_03099,-85.6642,30.5125,0.181,0.163,0.43,1.24,23,0.144,1
LROC_03100,-89.0737,113.842,0.167,0.174,0.32,1.16,23,0.13,1
LROC_03101,-82.5162,175.7744,0.191,0.156,0.9,1.57,35,0.248,1
LROC_03102,-80.8545,-40.0135,0.202,0.169,0.1,0.66,38,0.164,1
LROC_03103,-85.6598,-162.9304,0.196,0.188,2.57,2.96,78,0.62,1
LROC_03104,-87.4129,108.4217,0.201,0.16,1.13,1.72,54,0.352,1
LROC_03105,-85.656,37.5771,0.182,0.158,0.27,1.06,88,0.384,1
LROC_03106,-82.7655,-108.5246,0.178,0.184,0.05,0.77,66,0.27,1
LROC_03107,-89.9095,-1.8618,0.174,0.181,0.93,1.42,18,0.184,1
LROC_03108,-84.1055,87.2317,0.184,0.192,0.99,1.5,17,0.187,1
LROC_03109,-83.8671,97.3482,0.184,0.17,2.49,2.67,27,0.407,0
LROC_03110,-83.6231,-0.1374,0.188,0.171,0.22,1.06,35,0.166,0
LROC_03111,-87.5798,-70.1228,0.183,0.175,0.06,0.5,22,0.095,0
LROC_03112,-82.8595,170.5473,0.183,0.179,1.85,2.35,87,0.57,1
LROC_03113,-89.0861,58.8105,0.173,0.176,0.22,1.03,15,0.086,0
LROC_03114,-88.0073,-33.0345,0.199,0.162,0.96,1.47,28,0.227,1
LROC_03115,-81.2253,-79.0332,0.186,0.149,0.05,0.85,90,0.366,1
LROC_03116,-82.6128,83.1971,0.182,0.17,1.07,1.76,50,0.328,0
LROC_03117,-89.8625,-92.814,0.174,0.192,0.1,0.52,36,0.156,0
LROC_03118,-87.5162,-118.1844,0.165,0.199,0.89,1.41,50,0.307,1
LROC_03119,-87.8559,10.7402,0.205,0.161,0.57,1.26,59,0.304,1
LROC_03120,-87.2919,-75.6045,0.193,0.193,2.33,2.71,30,0.4,1
LROC_03121,-87.5244,46.4059,0.161,0.187,0.05,0.72,25,0.106,1
LROC_03122,-89.3747,-137.5421,0.196,0.152,0.26,0.93,81,0.355,1
LROC_03123,-85.4106,55.7788,0.199,0.146,0.05,0.52,39,0.162,1
LROC_03124,-82.6727,-78.0132,0.187,0.194,1.59,2.04,81,0.515,1
LROC_03125,-83.9327,-179.9125,0.209,0.16,0.68,1.03,45,0.262,0
LROC_03126,-83.2713,-134.303,0.188,0.157,0.57,0.99,79,0.384,1
LROC_03127,-89.1885,156.1015,0.164,0.152,0.11,0.76,25,0.113,1
LROC_03128,-80.4851,132.2477,0.19,0.169,0.5,1.14,94,0.436,1
LROC_03129,-81.6151,-95.9007,0.189,0.181,0.38,0.82,52,0.254,0
LROC_03130,-81.9491,100.2139,0.176,0.17,0.28,1.03,16,0.098,1
LROC_03131,-81.7702,39.0858,0.194,0.157,1.11,1.59,68,0.405,0
LROC_03132,-80.6729,169.5257,0.16,0.18,0.05,0.91,21,0.09,1
LROC_03133,-84.5575,-45.502,0.2,0.189,0.78,1.3,63,0.346,0
LROC_03134,-87.9972,65.3258,0.172,0.162,1.3,1.64,54,0.372,1
LROC_03135,-83.8322,-157.1271,0.17,0.174,1.78,2.38,59,0.45,1
LROC_03136,-82.5712,-37.351,0.183,0.196,1.03,1.61,68,0.396,0
LROC_03137,-82.6208,166.9744,0.191,0.181,0.25,0.82,75,0.33,1
LROC_03138,-84.7855,14.0331,0.187,0.179,0.69,1.2,18,0.155,1
LROC_03139,-89.3154,-76.3634,0.174,0.172,0.11,0.57,48,0.205,1
LROC_03140,-86.2889,-136.7025,0.177,0.181,0.09,0.65,22,0.099,1
LROC_03141,-80.7923,73.2702,0.168,0.176,0.76,1.1,46,0.275,1
LROC_03142,-84.1555,52.1482,0.182,0.165,1.43,1.94,32,0.3,0
LROC_03143,-84.6167,-45.3821,0.201,0.153,0.05,0.89,54,0.222,1
LROC_03144,-87.3115,162.3389,0.185,0.189,0.08,0.87,89,0.366,1
LROC_03145,-86.3155,-172.007,0.198,0.17,0.63,0.98,70,0.356,1
LROC_03146,-81.0465,-70.6594,0.207,0.172,0.18,1.0,51,0.226,1
LROC_03147,-83.3354,151.585,0.176,0.183,0.71,1.27,69,0.361,0
LROC_03148,-82.1261,-64.4632,0.182,0.185,0.18,0.66,50,0.222,1
LROC_03149,-85.4565,-89.189,0.218,0.158,0.09,0.86,24,0.107,1
LROC_03150,-83.6975,12.3193,0.207,0.16,0.59,1.09,84,0.407,1
LROC_03151,-87.5162,116.5686,0.16,0.176,1.49,1.87,94,0.555,1
LROC_03152,-82.9454,-142.8672,0.191,0.153,0.87,1.26,77,0.412,0
LROC_03153,-85.724,159.4875,0.185,0.16,1.28,1.8,48,0.346,0
LROC_03154,-85.5745,106.2262,0.197,0.166,0.23,0.65,86,0.372,0
LROC_03155,-83.5068,-114.7499,0.174,0.158,1.63,2.26,31,0.32,1
LROC_03156,-80.6372,76.3229,0.172,0.162,0.35,0.95,75,0.342,1
LROC_03157,-89.3599,-41.4149,0.175,0.197,1.44,1.92,92,0.541,1
LROC_03158,-81.7526,-35.1739,0.176,0.184,0.48,0.83,32,0.186,1
LROC_03159,-87.0762,101.9844,0.197,0.165,0.23,1.02,75,0.328,1
LROC_03160,-85.5608,166.6025,0.167,0.219,0.23,0.85,50,0.228,1
LROC_03161,-89.7809,-134.4039,0.176,0.156,0.63,1.19,67,0.344,1
LROC_03162,-86.9895,-28.5731,0.158,0.204,0.06,0.83,47,0.195,1
LROC_03163,-84.9737,-6.861,0.2,0.168,2.0,2.23,37,0.388,0
LROC_03164,-89.4382,-44.5277,0.204,0.18,0.24,0.8,78,0.341,0
LROC_03165,-85.089,-49.2519,0.18,0.181,0.31,0.97,52,0.245,0
LROC_03166,-80.7289,-161.1833,0.181,0.15,0.2,0.81,83,0.356,1
LROC_03167,-88.9461,66.7939,0.192,0.175,0.05,0.54,93,0.378,0
LROC_03168,-82.3556,-22.9628,0.207,0.172,0.88,1.34,44,0.282,1
LROC_03169,-85.9033,-109.8742,0.191,0.141,0.67,1.15,30,0.2,1
LROC_03170,-83.4483,113.7721,0.175,0.21,1.24,2.01,68,0.421,1
LROC_03171,-87.3976,108.9219,0.161,0.192,0.05,0.61,73,0.298,0
LROC_03172,-88.4051,-4.899,0.168,0.194,1.98,2.28,20,0.318,1
LROC_03173,-88.3954,-72.5578,0.186,0.159,0.3,1.08,19,0.112,1
LROC_03174,-89.2951,49.7134,0.175,0.192,1.83,2.26,15,0.28,1
LROC_03175,-88.1435,-76.2652,0.188,0.192,0.08,0.69,28,0.122,1
LROC_03176,-83.3578,-95.0371,0.177,0.184,1.02,1.59,45,0.302,1
LROC_03177,-81.1831,82.9853,0.169,0.184,0.65,1.28,65,0.338,1
LROC_03178,-81.8587,-165.4829,0.167,0.171,0.33,0.99,93,0.412,0
LROC_03179,-83.1487,-145.8834,0.208,0.163,0.06,0.47,33,0.139,1
LROC_03180,-88.8957,-177.5563,0.198,0.163,0.7,1.44,46,0.268,1
LROC_03181,-87.1081,-124.9405,0.211,0.174,0.05,0.54,71,0.29,1
LROC_03182,-86.9019,-155.1636,0.193,0.16,0.52,1.01,45,0.242,1
LROC_03183,-87.5004,178.4889,0.179,0.188,0.7,1.12,72,0.372,1
LROC_03184,-84.8499,-76.0284,0.205,0.155,0.99,1.67,40,0.279,1
LROC_03185,-84.6445,-126.2635,0.185,0.173,3.56,3.9,62,0.675,1
LROC_03186,-86.4311,-93.2413,0.188,0.185,0.23,0.98,55,0.248,1
LROC_03187,-86.4621,157.0052,0.184,0.167,0.29,0.99,39,0.191,1
LROC_03188,-81.7144,7.2577,0.141,0.206,0.31,0.73,61,0.281,0
LROC_03189,-82.1071,-48.6655,0.209,0.174,0.99,1.44,68,0.391,1
LROC_03190,-86.922,134.4209,0.192,0.17,2.01,2.46,71,0.525,1
LROC_03191,-80.8621,-37.8035,0.19,0.192,2.75,3.03,86,0.674,1
LROC_03192,-80.4718,-59.3969,0.184,0.178,2.19,2.47,75,0.563,1
LROC_03193,-86.7326,-105.3783,0.187,0.192,1.59,2.27,18,0.263,0
LROC_03194,-86.4558,-43.9931,0.176,0.208,3.53,3.95,45,0.604,0
LROC_03195,-84.9437,-65.9936,0.194,0.169,0.35,0.89,81,0.366,1
LROC_03196,-80.5888,63.8294,0.165,0.195,2.22,2.78,55,0.486,1
LROC_03197,-81.2368,-75.7502,0.188,0.166,1.07,1.68,40,0.288,1
LROC_03198,-88.9743,27.7919,0.193,0.158,0.14,0.53,82,0.345,0
LROC_03199,-86.0727,-156.2788,0.182,0.175,0.05,0.64,80,0.326,1
LROC_03200,-84.4663,-111.1359,0.191,0.154,0.18,0.71,33,0.154,1
LROC_03201,-84.9687,-33.3341,0.17,0.169,1.13,1.53,39,0.292,0
LROC_03202,-88.0614,157.3017,0.171,0.192,0.75,1.2,61,0.334,1
LROC_03203,-81.4118,-44.1893,0.189,0.167,0.19,1.04,85,0.363,1
LROC_03204,-83.2306,59.0667,0.195,0.183,1.02,1.56,22,0.21,1
LROC_03205,-81.6209,-88.1686,0.157,0.194,0.11,0.92,17,0.081,1
LROC_03206,-81.4124,-134.2679,0.193,0.201,1.29,1.67,47,0.343,1
LROC_03207,-82.5164,-158.9268,0.177,0.188,1.19,1.56,42,0.311,1
LROC_03208,-85.6079,-70.0511,0.182,0.195,2.7,3.27,36,0.468,1
LROC_03209,-83.8945,-123.242,0.165,0.192,0.12,0.76,44,0.19,0
LROC_03210,-88.3963,-117.3562,0.172,0.187,1.78,2.45,61,0.458,1
LROC_03211,-83.2635,93.8734,0.199,0.188,0.31,0.71,50,0.237,1
LROC_03212,-88.2075,-174.2983,0.185,0.187,0.4,1.22,73,0.34,1
LROC_03213,-83.0605,20.8116,0.179,0.183,0.47,1.03,28,0.168,1
LROC_03214,-87.704,-43.3939,0.183,0.181,0.74,1.14,87,0.437,1
LROC_03215,-88.8245,2.358,0.192,0.182,3.94,4.29,28,0.585,1
LROC_03216,-88.3472,22.6189,0.192,0.164,0.69,1.42,93,0.455,1
LROC_03217,-89.9801,-67.1876,0.184,0.166,1.96,2.19,70,0.515,1
LROC_03218,-82.8126,-73.7608,0.201,0.191,0.22,1.09,38,0.178,1
LROC_03219,-82.676,84.0247,0.2,0.198,0.38,1.09,63,0.298,1
LROC_03220,-84.8507,133.6597,0.191,0.16,0.53,1.04,57,0.292,1
LROC_03221,-88.3864,-110.6706,0.186,0.166,0.29,0.74,17,0.103,1
LROC_03222,-89.1645,-144.8572,0.195,0.189,2.82,3.13,37,0.486,1
LROC_03223,-89.8087,143.2065,0.19,0.183,0.97,1.38,34,0.252,1
LROC_03224,-88.3425,-54.0376,0.201,0.18,0.49,1.09,29,0.175,1
LROC_03225,-81.0914,18.4743,0.198,0.184,1.04,1.73,57,0.353,0
LROC_03226,-87.5846,-50.5645,0.17,0.18,0.47,1.15,94,0.432,0
LROC_03227,-86.4573,-134.7112,0.169,0.189,0.05,0.66,85,0.346,1
LROC_03228,-88.9465,32.1594,0.174,0.185,0.59,0.99,47,0.259,1
LROC_03229,-87.7764,9.0507,0.2,0.157,0.74,1.54,69,0.365,1
LROC_03230,-84.8078,-106.9223,0.161,0.192,2.98,3.22,55,0.578,1
LROC_03231,-83.9225,-17.3271,0.191,0.193,0.05,0.58,32,0.134,1
LROC_03232,-87.5465,106.9011,0.19,0.169,0.54,1.21,17,0.133,1
LROC_03233,-89.4227,32.5534,0.202,0.171,0.08,0.86,17,0.078,1
LROC_03234,-86.0897,-145.1098,0.188,0.179,0.12,1.0,30,0.134,0
LROC_03235,-87.658,17.2877,0.165,0.181,0.71,1.52,57,0.313,1
LROC_03236,-87.8045,72.9858,0.171,0.193,0.2,1.04,37,0.172,0
LROC_03237,-80.4014,105.3732,0.167,0.175,1.04,1.55,29,0.241,1
LROC_03238,-83.837,46.4823,0.177,0.2,0.54,0.97,87,0.413,0
LROC_03239,-84.4312,-125.0431,0.182,0.187,0.18,0.85,72,0.31,1
LROC_03240,-85.8422,75.6624,0.168,0.17,0.51,0.87,54,0.277,1
LROC_03241,-85.7106,63.8431,0.207,0.192,0.05,0.54,52,0.214,1
LROC_03242,-84.5909,-171.2063,0.165,0.188,1.49,1.74,20,0.259,1
LROC_03243,-83.0357,-31.7708,0.205,0.157,0.05,0.54,60,0.246,0
LROC_03244,-82.9785,-60.1379,0.203,0.185,0.05,0.68,20,0.086,1
LROC_03245,-88.2831,60.9883,0.198,0.178,0.71,1.24,34,0.221,1
LROC_03246,-84.9989,-102.1911,0.175,0.155,2.72,3.03,33,0.458,1
LROC_03247,-85.8804,32.7139,0.19,0.167,1.45,2.12,28,0.286,1
LROC_03248,-81.2947,148.7541,0.166,0.189,0.22,0.94,79,0.342,1
LROC_03249,-83.6858,107.2089,0.199,0.138,0.16,1.01,43,0.191,1
LROC_03250,-84.675,151.7248,0.184,0.178,0.74,1.29,45,0.269,1
LROC_03251,-88.8461,172.2621,0.179,0.182,1.3,1.71,39,0.312,1
LROC_03252,-83.9436,-176.1588,0.167,0.167,0.34,0.77,85,0.381,1
LROC_03253,-88.828,44.1869,0.148,0.197,0.42,1.11,60,0.29,0
LROC_03254,-86.6279,-31.3778,0.169,0.184,0.09,0.9,66,0.275,0
LROC_03255,-88.5716,129.5476,0.202,0.151,0.12,0.6,30,0.134,0
LROC_03256,-83.0793,-89.3467,0.179,0.193,0.63,1.41,25,0.176,1
LROC_03257,-87.9375,173.1706,0.182,0.191,0.08,0.74,32,0.138,1
LROC_03258,-86.0814,40.9349,0.195,0.168,0.17,0.63,70,0.3,1
LROC_03259,-81.0433,105.6735,0.212,0.162,0.2,0.9,70,0.304,1
LROC_03260,-87.9568,-149.1842,0.205,0.179,0.44,1.06,71,0.337,1
LROC_03261,-84.9219,-113.9552,0.17,0.18,0.05,0.46,83,0.338,1
LROC_03262,-85.8073,93.0253,0.156,0.161,0.52,1.07,80,0.382,1
LROC_03263,-89.8188,-172.0849,0.22,0.168,1.98,2.57,88,0.59,1
LROC_03264,-82.0724,114.0761,0.219,0.149,0.05,0.72,30,0.126,1
LROC_03265,-89.3095,-174.9784,0.188,0.17,0.75,1.22,20,0.17,1
LROC_03266,-85.2574,56.5628,0.166,0.207,1.36,2.09,66,0.427,0
LROC_03267,-84.3932,-48.5662,0.199,0.168,0.28,0.77,69,0.31,0
LROC_03268,-83.7157,40.1381,0.183,0.178,0.11,0.63,90,0.373,0
LROC_03269,-83.1137,70.5713,0.183,0.185,0.05,0.62,87,0.354,1
LROC_03270,-87.4673,-56.7089,0.198,0.178,0.77,1.54,63,0.344,1
LROC_03271,-89.9002,-141.1335,0.19,0.161,0.6,1.19,86,0.416,1
LROC_03272,-82.7656,-154.9275,0.167,0.184,0.2,0.92,70,0.304,1
LROC_03273,-84.6434,32.017,0.18,0.18,1.34,2.09,55,0.381,1
LROC_03274,-81.6388,7.4359,0.195,0.176,1.0,1.69,85,0.46,1
LROC_03275,-81.7861,87.1924,0.193,0.177,0.24,0.7,70,0.309,1
LROC_03276,-81.5667,3.5048,0.189,0.214,1.05,1.74,77,0.434,1
LROC_03277,-85.1491,-27.9195,0.199,0.153,0.21,0.96,42,0.193,1
LROC_03278,-86.6637,-36.6886,0.18,0.194,0.84,1.27,89,0.457,0
LROC_03279,-82.0844,-170.4791,0.188,0.193,0.09,0.64,45,0.191,0
LROC_03280,-85.4871,-59.1994,0.134,0.207,0.88,1.55,69,0.382,1
LROC_03281,-88.1656,171.3673,0.178,0.17,0.2,0.7,66,0.288,1
LROC_03282,-81.4503,134.48,0.196,0.197,0.64,1.08,88,0.429,1
LROC_03283,-81.1744,-61.4239,0.179,0.147,0.14,0.88,80,0.337,1
LROC_03284,-85.3369,31.6063,0.178,0.17,0.97,1.71,60,0.356,1
LROC_03285,-89.243,125.0268,0.169,0.202,0.05,0.48,18,0.078,1
LROC_03286,-86.1217,-21.1412,0.2,0.164,0.14,0.75,36,0.161,0
LROC_03287,-81.9646,-173.5352,0.193,0.197,0.15,0.84,59,0.254,1
LROC_03288,-80.9823,-153.1762,0.197,0.149,0.05,0.78,42,0.174,1
LROC_03289,-87.9653,3.7414,0.159,0.172,1.02,1.82,24,0.218,1
LROC_03290,-89.3303,168.9982,0.183,0.17,2.97,3.41,80,0.676,1
LROC_03291,-81.2265,69.5554,0.181,0.185,1.13,1.73,63,0.388,1
LROC_03292,-86.106,-154.4702,0.181,0.175,1.48,2.23,94,0.554,0
LROC_03293,-84.5824,-111.8301,0.176,0.173,0.05,0.48,87,0.354,1
LROC_03294,-80.3193,97.6763,0.18,0.2,0.09,0.52,65,0.271,1
LROC_03295,-89.3344,122.9183,0.198,0.194,0.61,1.23,57,0.301,1
LROC_03296,-83.5168,42.3701,0.156,0.184,2.86,3.15,20,0.423,1
LROC_03297,-89.2589,51.9923,0.212,0.139,0.81,1.18,39,0.253,0
LROC_03298,-86.2453,-169.7985,0.192,0.141,0.35,0.87,18,0.114,1
LROC_03299,-81.9619,118.2709,0.184,0.181,0.12,0.85,90,0.374,1
LROC_03300,-85.6653,103.7791,0.199,0.18,0.12,0.95,38,0.166,1
LROC_03301,-80.0282,-86.7473,0.163,0.188,0.34,0.75,70,0.321,0
LROC_03302,-84.4094,75.1236,0.175,0.18,0.94,1.52,69,0.389,1
LROC_03303,-86.7884,-102.6523,0.183,0.166,0.05,0.59,68,0.278,0
LROC_03304,-87.7989,-165.4811,0.205,0.178,1.43,2.02,17,0.24,1
LROC_03305,-86.4948,-107.5908,0.184,0.202,2.13,2.59,90,0.616,0
LROC_03306,-86.2747,-115.6936,0.192,0.14,1.65,2.35,61,0.442,1
LROC_03307,-89.3129,-58.4107,0.176,0.18,1.83,2.07,44,0.396,1
LROC_03308,-86.3043,-29.3582,0.192,0.159,0.05,0.68,90,0.366,0
LROC_03309,-85.3576,3.074,0.21,0.143,2.86,3.07,55,0.563,1
LROC_03310,-82.7726,-8.3686,0.2,0.153,0.34,0.97,69,0.317,1
LROC_03311,-83.4327,-82.5571,0.184,0.183,1.53,2.2,73,0.476,1
LROC_03312,-82.9123,-169.4986,0.195,0.178,0.16,1.0,54,0.235,1
LROC_03313,-89.9164,37.8366,0.194,0.195,0.44,1.0,59,0.289,1
LROC_03314,-87.8233,-37.5319,0.193,0.173,0.05,0.85,36,0.15,1
LROC_03315,-83.3832,-72.478,0.202,0.143,0.05,0.59,29,0.122,1
LROC_03316,-85.1601,132.0988,0.202,0.166,2.15,2.34,31,0.382,1
LROC_03317,-89.9469,88.8276,0.183,0.157,1.25,1.95,73,0.442,1
LROC_03318,-81.9551,128.7956,0.195,0.154,0.57,0.97,39,0.224,1
LROC_03319,-82.2719,-1.8062,0.179,0.188,0.56,0.91,57,0.295,0
LROC_03320,-84.5158,-132.8647,0.171,0.186,1.04,1.51,78,0.437,1
LROC_03321,-89.3354,70.6397,0.181,0.187,0.31,0.87,65,0.297,0
LROC_03322,-82.3348,-105.8134,0.184,0.172,1.08,1.41,75,0.43,1
LROC_03323,-84.1629,-21.1573,0.16,0.2,0.5,1.26,59,0.296,0
LROC_03324,-82.1804,-156.5997,0.198,0.165,0.76,1.29,17,0.159,1
LROC_03325,-82.4825,117.111,0.143,0.212,2.51,2.9,50,0.501,1
LROC_03326,-81.97,-134.6614,0.226,0.163,0.48,0.96,93,0.43,1
LROC_03327,-84.8199,145.1151,0.208,0.163,0.41,1.02,78,0.361,1
LROC_03328,-88.5968,131.123,0.181,0.182,1.77,2.38,42,0.38,0
LROC_03329,-83.2884,-12.7502,0.185,0.176,1.75,2.43,59,0.446,1
LROC_03330,-83.7953,87.9726,0.19,0.198,3.66,4.18,35,0.579,1
LROC_03331,-82.5775,43.0002,0.176,0.184,0.6,1.15,41,0.236,0
LROC_03332,-88.3012,109.1072,0.188,0.175,0.32,1.18,90,0.398,0
LROC_03333,-88.0502,-24.5502,0.183,0.174,0.21,0.74,49,0.221,1
LROC_03334,-81.0959,102.8911,0.184,0.19,0.05,0.45,62,0.254,0
LROC_03335,-82.5002,-13.5155,0.188,0.186,0.97,1.66,37,0.264,1
LROC_03336,-80.9177,158.7477,0.165,0.182,0.2,0.67,78,0.336,0
LROC_03337,-82.4128,-4.906,0.186,0.159,0.7,1.06,27,0.192,0
LROC_03338,-84.0284,-13.4571,0.187,0.162,1.86,2.54,44,0.399,1
LROC_03339,-83.4587,102.6259,0.187,0.173,2.25,2.82,88,0.622,0
LROC_03340,-81.1087,115.768,0.182,0.198,0.05,0.5,34,0.142,1
LROC_03341,-84.2119,19.6161,0.202,0.165,0.29,1.05,20,0.115,0
LROC_03342,-83.6761,-115.2728,0.18,0.17,1.36,2.05,33,0.295,1
LROC_03343,-88.4352,-11.607,0.188,0.149,0.58,1.37,81,0.394,1
LROC_03344,-85.2608,168.5061,0.204,0.191,1.24,1.79,88,0.501,1
LROC_03345,-82.836,91.075,0.184,0.186,1.44,2.05,24,0.269,1
LROC_03346,-87.2906,112.0185,0.188,0.187,0.44,1.18,70,0.333,1
LROC_03347,-87.9775,-168.1828,0.184,0.192,0.33,1.04,35,0.18,1
LROC_03348,-86.8617,-11.5706,0.204,0.166,0.46,1.14,70,0.335,1
LROC_03349,-87.585,52.7836,0.181,0.18,0.79,1.38,71,0.379,1
LROC_03350,-87.8509,118.8118,0.204,0.191,0.34,0.95,16,0.105,1
LROC_03351,-85.7515,-162.2615,0.183,0.18,1.12,1.91,53,0.346,1
LROC_03352,-80.9216,126.878,0.172,0.191,1.76,2.15,75,0.511,1
LROC_03353,-84.9294,17.4243,0.195,0.185,0.25,0.67,59,0.266,0
LROC_03354,-88.1208,-108.967,0.18,0.189,2.51,3.04,42,0.469,1
LROC_03355,-89.2303,-65.7881,0.194,0.171,0.73,1.16,32,0.216,1
LROC_03356,-83.0384,-78.5054,0.144,0.195,1.58,2.09,28,0.302,1
LROC_03357,-86.172,11.1093,0.185,0.188,0.08,0.52,69,0.286,1
LROC_03358,-81.7817,-161.3932,0.178,0.192,0.22,0.91,73,0.318,1
LROC_03359,-83.4049,-122.927,0.169,0.201,0.29,1.13,33,0.167,0
LROC_03360,-82.0376,112.5695,0.177,0.189,0.27,1.0,55,0.252,1
LROC_03361,-87.2805,-132.2626,0.176,0.19,0.14,0.63,26,0.121,0
LROC_03362,-83.0764,-95.9773,0.184,0.171,1.52,2.25,34,0.318,1
LROC_03363,-87.3594,-16.7866,0.164,0.177,0.41,0.92,48,0.241,0
LROC_03364,-80.6093,6.1635,0.19,0.186,2.48,2.85,50,0.498,0
LROC_03365,-83.6363,94.8998,0.205,0.159,0.66,1.24,35,0.219,1
LROC_03366,-86.7549,-18.9603,0.189,0.175,0.11,0.99,70,0.293,1
LROC_03367,-87.3049,104.3513,0.197,0.192,0.59,0.97,55,0.291,1
LROC_03368,-88.0907,42.6047,0.201,0.188,3.78,4.15,55,0.674,1
LROC_03369,-83.0536,-139.2841,0.204,0.173,0.62,1.14,57,0.302,1
LROC_03370,-87.8128,-123.7207,0.213,0.16,0.05,0.48,86,0.35,1
LROC_03371,-84.047,-22.6679,0.178,0.178,2.03,2.69,52,0.452,1
LROC_03372,-87.3536,-37.1198,0.174,0.195,0.2,0.87,32,0.152,1
LROC_03373,-83.3803,87.6759,0.197,0.171,0.87,1.56,22,0.192,1
LROC_03374,-81.8506,29.0654,0.196,0.163,0.54,1.01,80,0.385,1
LROC_03375,-82.2197,-40.2721,0.197,0.19,0.3,1.05,34,0.172,0
LROC_03376,-82.3915,-118.5263,0.213,0.167,0.25,1.04,83,0.362,1
LROC_03377,-88.1228,-98.3386,0.185,0.168,1.98,2.4,71,0.522,0
LROC_03378,-89.1162,27.1804,0.191,0.181,1.82,2.32,32,0.346,1
LROC_03379,-83.0105,-27.562,0.17,0.198,0.54,1.37,74,0.361,1
LROC_03380,-86.3165,5.3739,0.217,0.147,0.22,1.02,16,0.09,1
LROC_03381,-85.6765,-118.5561,0.18,0.176,0.08,0.69,56,0.234,1
LROC_03382,-89.6885,58.6463,0.18,0.175,0.13,0.85,78,0.328,1
LROC_03383,-87.4042,126.9139,0.18,0.186,0.55,1.29,58,0.298,1
LROC_03384,-89.6632,-87.1418,0.175,0.191,0.28,0.66,65,0.294,1
LROC_03385,-81.2081,-3.0549,0.174,0.173,0.05,0.74,79,0.322,1
LROC_03386,-87.566,171.1898,0.177,0.158,0.46,1.31,79,0.371,1
LROC_03387,-84.4266,-60.033,0.165,0.201,1.03,1.8,68,0.396,1
LROC_03388,-89.6102,34.2167,0.173,0.165,1.67,2.32,53,0.412,1
LROC_03389,-83.3315,-147.5295,0.214,0.168,0.66,1.05,22,0.167,1
LROC_03390,-86.7697,38.1654,0.196,0.17,0.96,1.76,81,0.439,1
LROC_03391,-81.0208,-147.7326,0.199,0.173,0.34,1.01,90,0.401,1
LROC_03392,-81.1188,165.3248,0.203,0.193,0.51,0.97,63,0.313,1
LROC_03393,-86.7471,77.6386,0.213,0.21,0.98,1.62,50,0.318,0
LROC_03394,-80.9904,103.7375,0.158,0.164,0.98,1.71,21,0.202,1
LROC_03395,-80.0384,73.4776,0.167,0.2,0.41,0.83,29,0.165,0
LROC_03396,-81.7458,32.3025,0.173,0.18,0.59,1.39,39,0.227,1
LROC_03397,-81.5513,-18.0314,0.178,0.196,1.93,2.6,71,0.516,1
LROC_03398,-87.5099,129.0144,0.18,0.193,0.75,1.08,52,0.298,1
LROC_03399,-84.233,164.4608,0.178,0.201,0.77,1.54,51,0.296,1
LROC_03400,-89.3274,-0.347,0.188,0.18,1.15,1.91,30,0.258,1
LROC_03401,-89.0508,155.3526,0.186,0.163,0.09,0.5,15,0.071,1
LROC_03402,-80.0111,29.9998,0.174,0.196,0.55,1.04,61,0.31,1
LROC_03403,-86.7336,13.8183,0.152,0.193,2.4,2.75,66,0.552,1
LROC_03404,-82.5182,-16.3862,0.17,0.18,0.34,0.88,51,0.245,1
LROC_03405,-81.9333,-104.6564,0.177,0.173,0.26,1.01,59,0.267,1
LROC_03406,-81.4198,-178.6609,0.181,0.194,0.69,1.2,28,0.195,1
LROC_03407,-80.0237,-93.0578,0.168,0.208,0.19,1.05,71,0.307,0
LROC_03408,-87.585,3.5003,0.178,0.162,0.61,1.45,48,0.265,1
LROC_03409,-89.5965,-43.2144,0.168,0.194,0.13,0.68,80,0.336,0
LROC_03410,-85.8881,-18.5453,0.183,0.172,0.65,1.24,45,0.258,0
LROC_03411,-88.6992,173.0334,0.169,0.162,0.69,1.3,58,0.315,1
LROC_03412,-89.7757,-53.9019,0.172,0.185,0.41,1.06,37,0.197,1
LROC_03413,-86.3957,-17.2141,0.165,0.173,0.36,0.91,80,0.363,1
LROC_03414,-82.1626,-131.9344,0.183,0.154,0.21,0.67,25,0.125,1
LROC_03415,-84.3382,-162.7352,0.172,0.171,0.3,0.7,63,0.288,1
LROC_03416,-86.8722,99.1474,0.199,0.155,0.52,0.92,92,0.43,1
LROC_03417,-83.4566,25.4459,0.191,0.164,0.21,1.04,72,0.313,1
LROC_03418,-87.6798,93.8537,0.184,0.157,1.15,1.58,43,0.31,1
LROC_03419,-89.8562,-126.0494,0.173,0.176,0.93,1.28,65,0.372,1
LROC_03420,-82.3565,25.8584,0.191,0.163,0.24,0.93,15,0.089,1
LROC_03421,-83.7626,-88.6887,0.195,0.178,0.08,0.51,19,0.086,1
LROC_03422,-82.377,-97.8977,0.187,0.185,0.05,0.48,48,0.198,0
LROC_03423,-89.6106,-175.8506,0.209,0.17,0.68,1.32,92,0.45,1
LROC_03424,-81.6288,-133.0773,0.192,0.17,0.18,0.86,33,0.154,1
LROC_03425,-83.8047,-68.6635,0.199,0.167,0.05,0.47,54,0.222,1
LROC_03426,-84.366,-137.9236,0.187,0.163,0.33,0.93,80,0.36,1
LROC_03427,-83.7539,174.909,0.195,0.16,2.45,2.82,78,0.606,1
LROC_03428,-81.3557,-68.8922,0.173,0.193,0.88,1.47,86,0.45,1
LROC_03429,-84.1306,-133.0834,0.178,0.154,1.46,2.08,31,0.299,1
LROC_03430,-84.1905,-108.3304,0.19,0.173,0.12,0.65,52,0.222,1
LROC_03431,-80.0932,31.5732,0.19,0.17,0.06,0.67,57,0.235,1
LROC_03432,-82.4327,-156.9443,0.193,0.182,0.05,0.84,54,0.222,1
LROC_03433,-85.5771,130.4763,0.202,0.148,2.34,2.97,59,0.517,0
LROC_03434,-82.926,166.1399,0.164,0.186,0.27,1.09,54,0.248,0
LROC_03435,-86.1077,-91.1709,0.17,0.189,0.46,1.05,85,0.395,0
LROC_03436,-87.7112,-17.9657,0.188,0.147,0.38,1.0,44,0.222,1
LROC_03437,-84.0315,-172.0316,0.174,0.166,0.98,1.55,49,0.314,1
LROC_03438,-80.7182,50.6557,0.236,0.152,0.28,1.09,80,0.354,1
LROC_03439,-80.7086,-30.9866,0.193,0.181,0.58,1.34,58,0.302,1
LROC_03440,-86.5809,-82.779,0.184,0.18,4.07,4.22,18,0.56,0
LROC_03441,-84.7232,-105.5386,0.177,0.189,0.44,0.88,78,0.365,0
LROC_03442,-87.8836,55.4483,0.178,0.164,0.6,1.13,19,0.148,1
LROC_03443,-80.0437,-30.1619,0.185,0.153,0.52,1.01,62,0.31,1
LROC_03444,-80.1888,-115.3227,0.187,0.177,1.22,1.97,80,0.466,1
LROC_03445,-83.5049,68.0793,0.178,0.161,0.23,0.74,41,0.192,1
LROC_03446,-81.9559,23.426,0.181,0.166,0.14,0.62,38,0.169,1
LROC_03447,-82.849,129.1219,0.205,0.182,1.05,1.79,70,0.406,1
LROC_03448,-84.0684,-137.7087,0.206,0.17,0.4,0.8,59,0.284,1
LROC_03449,-89.4665,102.84,0.189,0.166,1.84,2.19,82,0.549,1
LROC_03450,-85.4524,62.466,0.165,0.175,0.77,1.31,42,0.26,1
LROC_03451,-83.2521,-138.5961,0.193,0.182,0.62,1.26,19,0.15,1
LROC_03452,-83.2247,70.1355,0.208,0.17,0.05,0.61,61,0.25,1
LROC_03453,-86.2688,-21.043,0.206,0.149,0.98,1.53,19,0.194,0
LROC_03454,-80.5831,160.1945,0.196,0.143,0.87,1.28,19,0.18,1
LROC_03455,-88.3264,-129.0199,0.206,0.196,0.77,1.38,62,0.34,1
LROC_03456,-84.9964,51.42,0.186,0.158,0.23,0.81,87,0.376,1
LROC_03457,-83.0912,-42.4872,0.194,0.181,2.2,2.8,61,0.508,1
LROC_03458,-83.0286,164.4533,0.175,0.204,0.29,0.87,76,0.339,0
LROC_03459,-83.5136,-61.209,0.189,0.177,0.12,0.73,41,0.178,1
LROC_03460,-87.2471,166.3869,0.205,0.159,3.27,3.64,18,0.464,1
LROC_03461,-88.4379,144.5349,0.176,0.159,1.03,1.39,63,0.376,1
LROC_03462,-83.6406,-82.662,0.172,0.161,0.4,0.84,79,0.364,1
LROC_03463,-84.007,109.275,0.186,0.182,2.06,2.65,94,0.623,0
LROC_03464,-88.2064,178.4175,0.182,0.2,0.07,0.6,75,0.308,0
LROC_03465,-82.9486,-89.0413,0.195,0.166,0.07,0.81,34,0.144,1
LROC_03466,-85.4483,-22.7602,0.178,0.172,0.86,1.22,22,0.191,1
LROC_03467,-83.3224,7.2651,0.211,0.176,0.15,0.95,27,0.126,1
LROC_03468,-81.6263,-73.8248,0.166,0.175,1.87,2.58,87,0.572,1
LROC_03469,-88.3027,-174.5047,0.204,0.172,1.38,1.83,51,0.37,0
LROC_03470,-89.8086,-100.7535,0.174,0.182,0.27,0.9,57,0.26,1
LROC_03471,-82.209,-78.5027,0.158,0.183,1.65,2.11,70,0.478,1
LROC_03472,-83.903,-20.3041,0.189,0.175,0.05,0.89,64,0.262,1
LROC_03473,-83.0036,-118.4031,0.181,0.205,0.6,0.94,34,0.208,1
LROC_03474,-81.6185,134.3716,0.168,0.193,2.06,2.58,62,0.495,1
LROC_03475,-81.9719,73.768,0.16,0.204,1.45,2.03,33,0.306,1
LROC_03476,-80.3908,-149.3278,0.185,0.163,0.33,0.89,83,0.372,0
LROC_03477,-84.6406,54.0333,0.2,0.186,0.15,0.64,31,0.142,1
LROC_03478,-85.115,55.3163,0.194,0.182,0.18,0.68,42,0.19,0
LROC_03479,-85.9811,164.2396,0.186,0.154,0.54,1.29,50,0.265,1
LROC_03480,-88.4631,-178.9125,0.192,0.182,0.68,1.05,52,0.29,1
LROC_03481,-84.2739,-90.7443,0.185,0.169,0.05,0.73,84,0.342,1
LROC_03482,-87.2299,154.0049,0.164,0.163,0.4,0.91,40,0.208,1
LROC_03483,-80.7869,155.5682,0.164,0.188,1.33,1.73,93,0.532,1
LROC_03484,-84.1681,79.4111,0.182,0.186,0.44,1.05,15,0.113,1
LROC_03485,-84.0716,95.6748,0.183,0.18,0.14,0.97,16,0.081,1
LROC_03486,-86.4508,-147.0661,0.198,0.169,2.32,2.8,50,0.478,1
LROC_03487,-89.4801,4.9953,0.196,0.167,0.23,1.0,70,0.308,1
LROC_03488,-89.6826,-96.6301,0.194,0.21,1.2,1.78,49,0.34,1
LROC_03489,-85.7666,-114.7615,0.181,0.161,0.16,0.89,41,0.183,1
LROC_03490,-89.1543,111.7092,0.164,0.199,0.41,0.99,81,0.373,0
LROC_03491,-83.9315,-131.3863,0.191,0.174,0.51,1.32,70,0.341,1
LROC_03492,-81.1903,-11.2854,0.193,0.16,0.52,1.12,60,0.302,0
LROC_03493,-81.1709,157.8882,0.149,0.192,0.54,1.16,34,0.201,1
LROC_03494,-83.4095,-113.1005,0.172,0.162,0.19,0.83,22,0.111,1
LROC_03495,-87.8877,172.0776,0.175,0.172,0.54,1.04,86,0.409,1
LROC_03496,-81.37,177.9437,0.187,0.175,0.49,0.96,40,0.219,1
LROC_03497,-81.1391,20.0222,0.173,0.159,0.18,0.6,88,0.374,1
LROC_03498,-88.0335,-118.7486,0.184,0.185,3.33,3.76,76,0.704,0
LROC_03499,-82.6257,-66.2022,0.182,0.164,1.5,1.89,47,0.368,1
LROC_03500,-87.1348,-27.1826,0.183,0.156,1.64,2.07,75,0.497,1
LROC_03501,-81.9736,-68.6433,0.174,0.165,0.87,1.64,34,0.24,1
LROC_03502,-80.0276,-78.9712,0.175,0.214,0.13,0.8,82,0.344,1
LROC_03503,-89.6997,170.0027,0.169,0.154,0.63,1.02,43,0.248,1
LROC_03504,-81.0263,-124.7887,0.191,0.181,1.29,1.96,60,0.395,1
LROC_03505,-83.7737,83.998,0.194,0.161,0.05,0.57,51,0.21,1
LROC_03506,-80.2662,-179.8523,0.173,0.177,0.51,1.14,67,0.329,1
LROC_03507,-85.3499,34.6258,0.208,0.175,0.38,1.0,19,0.122,1
LROC_03508,-81.5261,149.7395,0.18,0.187,0.18,0.68,80,0.342,0
LROC_03509,-89.3761,-76.3437,0.208,0.156,0.36,0.78,29,0.159,1
LROC_03510,-86.6472,-113.2106,0.175,0.161,3.08,3.28,60,0.61,0
LROC_03511,-89.3298,54.6047,0.155,0.2,0.96,1.31,71,0.399,1
LROC_03512,-80.2466,76.5365,0.191,0.182,0.27,0.78,22,0.12,1
LROC_03513,-81.8303,67.691,0.189,0.171,0.7,1.53,51,0.288,1
LROC_03514,-81.4745,-65.0459,0.186,0.183,0.21,0.79,71,0.309,1
LROC_03515,-80.6203,-89.2071,0.175,0.175,0.71,1.47,28,0.197,1
LROC_03516,-89.149,164.1308,0.184,0.165,1.7,2.2,19,0.28,1
LROC_03517,-86.144,152.3878,0.177,0.18,0.61,1.28,87,0.421,1
LROC_03518,-89.2897,-15.366,0.18,0.187,0.99,1.37,57,0.347,1
LROC_03519,-87.8921,124.6298,0.198,0.176,0.45,0.94,63,0.306,1
LROC_03520,-87.7063,-17.1635,0.188,0.183,0.56,1.16,58,0.299,1
LROC_03521,-85.3089,-27.22,0.194,0.161,0.89,1.64,70,0.387,0
LROC_03522,-87.3144,-123.5653,0.182,0.202,1.26,1.56,62,0.399,0
LROC_03523,-88.9902,-26.4938,0.18,0.174,0.81,1.38,44,0.273,1
LROC_03524,-88.3251,13.4701,0.168,0.183,2.85,2.99,47,0.53,0
LROC_03525,-88.5272,-171.8984,0.179,0.16,1.29,1.79,51,0.359,0
LROC_03526,-80.2692,-20.1193,0.135,0.196,1.13,1.73,64,0.392,0
LROC_03527,-82.4071,101.2882,0.176,0.189,1.4,2.03,21,0.252,1
LROC_03528,-80.3224,64.8166,0.184,0.189,0.25,0.69,81,0.354,1
LROC_03529,-85.6026,48.6565,0.193,0.197,0.42,0.86,57,0.278,1
LROC_03530,-87.2163,147.44,0.181,0.186,0.62,1.19,54,0.29,1
LROC_03531,-82.0171,-173.5085,0.19,0.179,0.47,1.32,46,0.24,1
LROC_03532,-86.7375,20.5371,0.152,0.185,1.41,1.85,69,0.445,0
LROC_03533,-87.0062,103.4456,0.184,0.167,0.05,0.66,91,0.37,0
LROC_03534,-87.6749,14.8807,0.16,0.203,0.18,0.78,90,0.382,0
LROC_03535,-88.7032,-63.3976,0.167,0.199,1.6,1.88,23,0.284,0
LROC_03536,-87.4354,-130.9498,0.182,0.162,0.05,0.83,23,0.098,1
LROC_03537,-86.4468,139.5227,0.204,0.179,0.19,0.7,78,0.335,1
LROC_03538,-83.2601,-10.5255,0.191,0.184,0.32,1.04,59,0.274,1
LROC_03539,-89.3744,136.1215,0.185,0.16,1.04,1.57,75,0.425,1
LROC_03540,-87.8949,30.9068,0.185,0.185,0.62,1.26,84,0.41,1
LROC_03541,-81.9098,62.7092,0.174,0.166,2.32,2.51,52,0.486,1
LROC_03542,-88.5308,109.534,0.177,0.144,0.19,1.02,89,0.379,1
LROC_03543,-86.5735,57.296,0.191,0.172,1.54,1.91,60,0.425,1
LROC_03544,-81.3534,-36.7003,0.164,0.19,0.25,0.96,84,0.366,0
LROC_03545,-88.4507,4.908,0.194,0.171,0.21,0.99,78,0.337,1
LROC_03546,-89.1726,109.0964,0.179,0.222,0.52,1.14,49,0.258,1
LROC_03547,-85.1546,-45.4859,0.197,0.177,0.06,0.62,26,0.111,0
LROC_03548,-86.9758,-40.2763,0.199,0.173,0.36,1.21,62,0.291,1
LROC_03549,-84.3659,-145.5516,0.16,0.194,0.33,0.84,77,0.348,1
LROC_03550,-81.962,149.2504,0.176,0.174,0.13,0.99,59,0.252,1
LROC_03551,-88.6285,-147.2269,0.172,0.197,1.48,1.81,20,0.258,1
LROC_03552,-84.193,53.3553,0.158,0.194,0.37,0.93,59,0.28,0
LROC_03553,-84.9449,-31.25,0.17,0.188,3.01,3.18,46,0.545,0
LROC_03554,-88.5592,-33.977,0.222,0.151,1.72,1.95,82,0.534,1
LROC_03555,-83.76,64.6387,0.194,0.149,0.16,0.67,17,0.087,0
LROC_03556,-87.2636,-155.8463,0.214,0.156,0.53,0.92,16,0.128,1
LROC_03557,-85.1217,33.7341,0.197,0.176,0.69,1.51,34,0.219,1
LROC_03558,-89.1773,97.9314,0.174,0.175,1.28,1.93,53,0.366,1
LROC_03559,-85.4042,118.1566,0.179,0.184,1.63,1.87,26,0.3,0
LROC_03560,-86.9354,-118.6091,0.194,0.169,0.73,1.17,75,0.388,1
LROC_03561,-81.7762,143.0709,0.192,0.18,0.05,0.78,50,0.206,0
LROC_03562,-89.4302,56.2126,0.176,0.166,0.49,1.04,23,0.151,0
LROC_03563,-85.8139,137.4677,0.162,0.19,1.62,2.27,58,0.426,1
LROC_03564,-85.4157,-5.2989,0.234,0.145,0.94,1.5,89,0.469,1
LROC_03565,-82.7499,15.132,0.183,0.155,1.53,2.1,67,0.452,0
LROC_03566,-84.2571,150.8538,0.18,0.177,0.84,1.45,44,0.277,1
LROC_03567,-83.3279,143.9674,0.187,0.199,0.05,0.76,80,0.326,1
LROC_03568,-82.2295,-18.6621,0.181,0.157,2.58,2.84,52,0.518,1
LROC_03569,-81.378,-81.2115,0.187,0.178,1.88,2.28,52,0.434,1
LROC_03570,-86.8612,-38.4586,0.204,0.18,0.1,0.52,47,0.2,1
LROC_03571,-84.6198,-40.4048,0.183,0.212,0.09,0.77,85,0.351,1
LROC_03572,-81.5989,-76.7279,0.168,0.177,0.58,1.15,69,0.346,1
LROC_03573,-80.1055,-83.3113,0.183,0.168,1.06,1.73,90,0.487,0
LROC_03574,-81.1048,129.9827,0.178,0.162,0.36,0.83,37,0.191,1
LROC_03575,-86.2853,-154.8497,0.206,0.184,0.11,0.72,84,0.349,1
LROC_03576,-88.0483,63.94,0.203,0.156,0.54,0.98,28,0.177,1
LROC_03577,-85.1061,-117.7848,0.187,0.17,0.31,0.99,63,0.289,1
LROC_03578,-82.5836,-55.9779,0.166,0.158,0.33,1.12,59,0.276,1
LROC_03579,-85.0743,-157.8445,0.167,0.198,0.78,1.48,91,0.458,1
LROC_03580,-85.1682,-82.8095,0.185,0.194,1.63,2.34,41,0.36,1
LROC_03581,-81.6177,96.6316,0.19,0.187,0.61,1.43,89,0.429,1
LROC_03582,-86.386,138.6055,0.179,0.155,0.87,1.57,81,0.428,1
LROC_03583,-81.4021,-100.2502,0.178,0.189,0.81,1.27,63,0.349,0
LROC_03584,-85.932,-13.1228,0.176,0.156,0.6,1.05,16,0.136,1
LROC_03585,-86.7177,-10.6833,0.185,0.178,0.28,0.88,74,0.33,0
LROC_03586,-85.4601,134.4871,0.149,0.196,0.36,1.22,80,0.363,1
LROC_03587,-82.3755,94.6077,0.168,0.189,0.28,0.86,73,0.326,0
LROC_03588,-88.74,4.7078,0.176,0.189,1.87,2.18,74,0.52,1
LROC_03589,-88.0358,61.469,0.203,0.169,1.31,2.05,36,0.301,1
LROC_03590,-80.4856,125.0478,0.173,0.153,0.65,1.18,60,0.318,1
LROC_03591,-88.2451,-176.566,0.188,0.183,1.82,2.38,67,0.486,1
LROC_03592,-84.3227,-34.9596,0.188,0.177,1.63,2.26,33,0.328,1
LROC_03593,-84.2069,146.6075,0.204,0.155,1.97,2.59,63,0.488,0
LROC_03594,-85.1038,86.5127,0.204,0.145,0.19,0.98,94,0.399,1
LROC_03595,-83.5525,15.4229,0.184,0.2,0.95,1.67,31,0.238,1
LROC_03596,-87.7017,10.672,0.178,0.198,0.7,1.36,41,0.248,1
LROC_03597,-84.4734,-54.8028,0.175,0.192,0.99,1.49,33,0.251,1
LROC_03598,-86.2783,7.3874,0.181,0.168,0.23,0.94,44,0.204,1
LROC_03599,-83.3833,55.938,0.178,0.142,0.89,1.62,92,0.475,0
LROC_03600,-88.5878,-29.3893,0.193,0.185,0.4,0.94,60,0.288,0
LROC_03601,-84.2912,77.0951,0.191,0.18,1.35,1.76,78,0.474,1
LROC_03602,-88.1473,130.0436,0.194,0.167,1.19,1.64,46,0.327,1
LROC_03603,-87.2136,-124.3135,0.204,0.185,0.18,0.84,67,0.29,0
LROC_03604,-87.8129,-17.4431,0.213,0.177,0.15,0.56,37,0.166,1
LROC_03605,-88.1716,-33.1128,0.187,0.178,0.95,1.64,50,0.314,1
LROC_03606,-81.7429,67.4873,0.201,0.17,0.6,1.01,24,0.168,1
LROC_03607,-87.1429,-90.0477,0.18,0.18,0.61,1.02,73,0.365,1
LROC_03608,-80.7288,50.4903,0.203,0.179,1.05,1.44,43,0.298,0
LROC_03609,-80.3007,135.8961,0.201,0.157,1.45,1.99,25,0.274,1
LROC_03610,-84.2874,-29.4726,0.2,0.176,0.2,0.72,52,0.232,0
LROC_03611,-88.57,147.9657,0.186,0.162,0.61,1.13,93,0.445,0
LROC_03612,-86.2545,177.5389,0.175,0.201,1.32,2.05,46,0.342,0
LROC_03613,-82.0227,-141.8069,0.164,0.194,1.55,2.22,66,0.45,1
LROC_03614,-86.3261,-96.1009,0.184,0.167,0.25,1.05,15,0.09,1
LROC_03615,-89.1298,162.1367,0.208,0.168,0.08,0.76,28,0.122,1
LROC_03616,-84.4322,164.998,0.18,0.166,0.2,1.01,17,0.092,0
LROC_03617,-81.5488,-144.8254,0.197,0.194,2.18,2.75,44,0.438,0
LROC_03618,-82.0407,-174.6005,0.198,0.195,0.47,1.3,45,0.236,1
LROC_03619,-88.2488,-122.004,0.181,0.189,0.41,0.8,15,0.109,1
LROC_03620,-83.2724,178.5646,0.205,0.191,0.05,0.46,60,0.246,1
LROC_03621,-87.795,-115.2001,0.141,0.199,0.05,0.53,28,0.118,1
LROC_03622,-87.8179,0.9171,0.167,0.196,0.83,1.61,50,0.3,0
LROC_03623,-81.2593,125.4304,0.171,0.201,0.67,1.31,60,0.32,1
LROC_03624,-87.5033,-172.6554,0.173,0.182,0.64,1.19,69,0.353,0
LROC_03625,-87.3675,37.616,0.19,0.176,0.09,0.74,50,0.211,1
LROC_03626,-89.9935,-80.2708,0.189,0.189,0.33,1.11,57,0.268,1
LROC_03627,-81.2933,130.4406,0.191,0.184,1.25,1.99,57,0.378,1
LROC_03628,-82.0741,-77.954,0.194,0.161,0.14,0.89,29,0.133,1
LROC_03629,-83.7267,67.2321,0.171,0.15,1.61,2.23,52,0.401,0
LROC_03630,-82.4973,62.7191,0.167,0.182,0.1,0.65,58,0.244,1
LROC_03631,-88.4795,-100.2623,0.191,0.143,0.14,0.76,69,0.293,1
LROC_03632,-85.4168,-167.4723,0.176,0.166,0.49,1.28,69,0.335,0
LROC_03633,-86.4878,-32.6702,0.161,0.174,2.18,2.75,92,0.63,1
LROC_03634,-89.0622,-75.8905,0.2,0.161,0.3,1.01,72,0.324,0
LROC_03635,-85.1387,111.232,0.206,0.18,0.81,1.16,71,0.381,1
LROC_03636,-80.7926,108.1311,0.208,0.182,0.67,1.02,70,0.36,1
LROC_03637,-89.5994,-15.4714,0.188,0.183,0.12,0.57,16,0.078,0
LROC_03638,-87.0854,38.3444,0.194,0.182,0.21,0.88,48,0.217,1
LROC_03639,-87.9246,37.5334,0.206,0.177,2.0,2.47,63,0.492,1
LROC_03640,-87.6185,117.7769,0.175,0.144,0.15,1.01,78,0.33,0
LROC_03641,-80.9157,-26.9991,0.202,0.169,0.89,1.55,22,0.195,0
LROC_03642,-85.3193,-80.8392,0.189,0.148,2.51,2.81,83,0.633,1
LROC_03643,-85.337,-84.5874,0.199,0.178,0.1,0.57,72,0.3,0
LROC_03644,-82.3942,13.0292,0.188,0.144,0.38,1.17,57,0.274,1
LROC_03645,-88.4551,-18.3066,0.204,0.165,0.19,0.8,76,0.327,0
LROC_03646,-85.1273,-21.5565,0.188,0.184,0.19,0.9,66,0.287,1
LROC_03647,-85.7001,-147.1906,0.163,0.17,0.1,0.77,47,0.2,1
LROC_03648,-84.0309,78.6973,0.207,0.181,0.79,1.16,34,0.231,0
LROC_03649,-80.0044,-103.0548,0.171,0.191,1.03,1.36,94,0.5,1
LROC_03650,-82.3055,-109.0967,0.204,0.174,0.85,1.35,73,0.394,0
LROC_03651,-86.0213,-31.407,0.184,0.188,1.94,2.33,74,0.529,0
LROC_03652,-81.7245,-97.9998,0.203,0.163,0.12,0.84,77,0.322,0
LROC_03653,-88.2929,30.189,0.202,0.171,0.29,0.98,70,0.315,0
LROC_03654,-89.6954,-46.2732,0.191,0.174,0.32,1.17,51,0.242,0
LROC_03655,-87.9555,-18.3918,0.193,0.173,0.2,1.01,74,0.32,0
LROC_03656,-86.5959,13.381,0.191,0.164,0.12,0.76,65,0.274,1
LROC_03657,-84.8942,-106.7272,0.155,0.172,0.5,1.1,43,0.232,0
LROC_03658,-83.8487,-123.9294,0.187,0.171,1.35,1.95,23,0.254,1
LROC_03659,-80.8939,136.9519,0.168,0.179,2.32,2.55,54,0.494,0
LROC_03660,-84.9015,-23.8595,0.188,0.164,0.1,0.99,82,0.34,1
LROC_03661,-84.9872,-31.6463,0.168,0.197,1.3,1.83,57,0.384,1
LROC_03662,-89.4976,-167.1796,0.167,0.167,1.31,2.03,90,0.517,1
LROC_03663,-89.6509,-0.7285,0.209,0.163,0.37,1.22,37,0.192,1
LROC_03664,-84.4884,19.5011,0.201,0.187,0.09,0.77,22,0.099,1
LROC_03665,-85.6182,21.1827,0.185,0.19,3.45,3.56,88,0.766,0
LROC_03666,-81.6082,74.5312,0.188,0.194,0.8,1.41,78,0.408,1
LROC_03667,-88.3932,-116.1065,0.181,0.17,3.02,3.42,37,0.51,1
LROC_03668,-89.7503,-89.1997,0.194,0.184,0.5,1.24,70,0.34,1
LROC_03669,-85.5096,111.863,0.175,0.165,0.38,0.77,28,0.158,1
LROC_03670,-87.6252,160.9814,0.2,0.166,0.21,0.82,94,0.401,1
LROC_03671,-89.5039,-131.0642,0.181,0.176,3.08,3.63,31,0.494,1
LROC_03672,-82.754,-0.8462,0.179,0.171,0.22,1.09,34,0.162,0
LROC_03673,-88.8841,-102.8965,0.185,0.171,0.05,0.54,26,0.11,1
LROC_03674,-83.9168,-158.3737,0.176,0.173,0.54,1.32,87,0.413,1
LROC_03675,-87.1895,-62.8188,0.19,0.16,0.35,0.79,86,0.386,1
LROC_03676,-88.265,-128.2725,0.177,0.193,0.23,1.03,55,0.248,1
LROC_03677,-86.2025,75.5759,0.192,0.171,0.76,1.22,46,0.275,1
LROC_03678,-81.9855,12.1411,0.203,0.172,0.34,1.19,51,0.245,1
LROC_03679,-86.0791,-128.2196,0.174,0.184,0.39,1.1,32,0.175,1
LROC_03680,-82.4923,-176.673,0.183,0.178,0.05,0.64,43,0.178,0
LROC_03681,-88.7451,110.9365,0.192,0.175,0.67,1.14,21,0.164,1
LROC_03682,-82.2723,-116.57,0.178,0.175,0.1,0.61,54,0.228,0
LROC_03683,-87.6307,38.238,0.192,0.195,0.18,0.9,20,0.102,0
LROC_03684,-83.2261,-58.7081,0.193,0.185,0.95,1.7,34,0.25,0
LROC_03685,-84.3422,30.7749,0.201,0.17,0.28,1.03,69,0.31,1
LROC_03686,-80.7086,-66.3647,0.176,0.174,0.13,0.93,70,0.296,1
LROC_03687,-86.1268,-148.7018,0.171,0.181,0.65,1.38,87,0.426,0
LROC_03688,-89.3383,-99.738,0.18,0.185,0.18,1.05,67,0.29,0
LROC_03689,-89.8084,-112.2989,0.17,0.206,0.24,0.99,87,0.377,1
LROC_03690,-81.7314,-25.913,0.193,0.153,0.73,1.16,86,0.432,1
LROC_03691,-84.7526,56.9822,0.168,0.194,1.01,1.7,47,0.309,1
LROC_03692,-82.2476,-85.0298,0.22,0.178,1.01,1.47,36,0.265,1
LROC_03693,-87.6557,-175.6548,0.204,0.146,0.49,1.34,64,0.315,1
LROC_03694,-86.5492,6.8175,0.185,0.174,0.45,0.99,41,0.218,1
LROC_03695,-89.699,38.0734,0.198,0.155,1.16,1.59,62,0.387,1
LROC_03696,-80.3851,166.6334,0.16,0.194,0.16,0.66,80,0.339,0
LROC_03697,-83.3213,32.2095,0.223,0.154,0.12,0.84,27,0.122,1
LROC_03698,-80.6679,-10.3779,0.176,0.179,0.82,1.19,16,0.162,1
LROC_03699,-87.345,26.4246,0.183,0.171,0.4,1.24,60,0.288,1
LROC_03700,-83.8854,154.0442,0.157,0.2,0.93,1.38,85,0.452,1
LROC_03701,-83.215,118.2161,0.192,0.177,0.22,0.75,25,0.126,1
LROC_03702,-86.8245,-63.7277,0.168,0.188,0.29,0.68,40,0.195,1
LROC_03703,-81.5189,-94.5884,0.187,0.178,1.7,2.05,77,0.512,1
LROC_03704,-80.5284,-85.4519,0.177,0.189,0.41,0.98,63,0.301,1
LROC_03705,-81.1514,1.5916,0.169,0.18,0.67,1.19,77,0.388,1
LROC_03706,-82.6093,87.8578,0.173,0.208,0.08,0.61,35,0.15,1
LROC_03707,-87.2254,1.1589,0.188,0.157,0.15,0.56,63,0.27,1
LROC_03708,-87.1838,-155.5933,0.166,0.159,0.05,0.6,93,0.378,1
LROC_03709,-80.3664,80.4891,0.174,0.155,0.41,1.16,94,0.425,1
LROC_03710,-89.8972,110.1492,0.195,0.141,3.38,3.66,23,0.498,1
LROC_03711,-82.8395,-75.7808,0.224,0.169,1.55,1.94,35,0.326,1
LROC_03712,-82.9375,59.0853,0.192,0.182,0.75,1.23,67,0.358,1
LROC_03713,-83.7731,-26.4269,0.171,0.201,1.48,2.01,69,0.454,1
LROC_03714,-80.0989,140.083,0.179,0.164,0.68,1.16,55,0.302,1
LROC_03715,-86.8812,124.2812,0.185,0.188,0.35,1.03,20,0.122,1
LROC_03716,-86.6003,9.1555,0.18,0.18,0.14,1.02,15,0.077,1
LROC_03717,-89.2106,68.942,0.199,0.173,0.79,1.13,78,0.407,1
LROC_03718,-85.572,138.0059,0.188,0.185,0.16,0.63,19,0.095,1
LROC_03719,-87.3895,-1.5419,0.199,0.159,0.41,0.86,40,0.209,1
LROC_03720,-86.5661,-67.2297,0.18,0.218,1.31,1.8,15,0.217,0
LROC_03721,-81.6543,91.3198,0.205,0.188,0.1,0.51,15,0.072,0
LROC_03722,-80.6452,-100.7761,0.183,0.17,0.1,0.73,52,0.22,1
LROC_03723,-88.1427,-40.1288,0.17,0.167,0.19,1.04,55,0.243,0
LROC_03724,-86.2749,131.6618,0.218,0.161,0.6,0.95,42,0.24,1
LROC_03725,-80.7137,80.792,0.158,0.192,0.22,0.78,19,0.102,0
LROC_03726,-89.3819,-34.628,0.174,0.198,0.52,1.25,35,0.202,1
LROC_03727,-89.0764,-102.692,0.176,0.163,0.27,0.72,77,0.34,1
LROC_03728,-88.3721,-51.8514,0.223,0.164,0.53,0.92,26,0.168,1
LROC_03729,-84.0479,-77.7225,0.212,0.142,0.24,0.93,20,0.109,1
LROC_03730,-88.4953,-116.6079,0.207,0.173,2.93,3.04,43,0.524,1
LROC_03731,-80.3192,87.5998,0.18,0.177,0.51,1.26,75,0.361,1
LROC_03732,-85.5329,-89.2548,0.221,0.19,1.02,1.35,49,0.318,1
LROC_03733,-84.9848,-16.4997,0.191,0.151,0.9,1.47,89,0.464,1
LROC_03734,-87.5334,-41.0906,0.2,0.191,0.51,1.23,66,0.325,1
LROC_03735,-85.2904,173.5479,0.188,0.15,0.2,0.7,47,0.212,0
LROC_03736,-83.3809,-39.2068,0.184,0.157,0.54,0.94,39,0.221,1
LROC_03737,-82.4882,-151.2063,0.181,0.153,0.86,1.26,28,0.215,1
LROC_03738,-82.4613,-147.6627,0.182,0.182,0.46,1.24,67,0.323,1
LROC_03739,-84.2211,32.6713,0.194,0.155,0.06,0.81,75,0.307,1
LROC_03740,-80.9564,35.7709,0.191,0.154,0.05,0.54,27,0.114,0
LROC_03741,-81.8259,-29.2468,0.185,0.18,0.3,1.03,29,0.152,1
LROC_03742,-82.4295,-24.5363,0.208,0.173,0.12,0.86,69,0.29,0
LROC_03743,-89.4439,-160.5843,0.14,0.198,1.77,2.49,67,0.48,1
LROC_03744,-89.9312,5.9567,0.193,0.171,0.15,0.73,86,0.362,1
LROC_03745,-87.8755,1.7062,0.196,0.199,0.38,1.17,61,0.29,1
LROC_03746,-83.3648,-126.1622,0.202,0.171,0.93,1.46,59,0.348,1
LROC_03747,-85.888,-142.6178,0.184,0.189,1.27,1.99,89,0.508,1
LROC_03748,-85.9759,-135.5139,0.188,0.178,0.49,0.89,78,0.371,1
LROC_03749,-81.1541,-143.6298,0.2,0.154,0.15,0.62,29,0.134,1
LROC_03750,63.2901,39.495,0.18,0.187,0.24,1.04,35,0.169,1
LROC_03751,65.468,-109.2662,0.173,0.172,0.41,1.18,50,0.249,1
LROC_03752,-29.7795,-89.4851,0.125,0.202,0.34,0.86,84,0.377,1
LROC_03753,30.5689,-117.514,0.2,0.175,0.32,0.99,39,0.194,1
LROC_03754,-36.5387,164.8207,0.206,0.138,0.11,0.69,58,0.245,1
LROC_03755,-49.5024,127.6623,0.202,0.145,1.83,2.05,15,0.28,1
LROC_03756,-50.4588,-97.0219,0.181,0.192,0.05,0.46,56,0.23,0
LROC_03757,-25.2628,-62.0761,0.099,0.205,0.43,0.81,73,0.344,1
LROC_03758,-11.2068,-104.4386,0.125,0.195,2.95,3.35,47,0.542,0
LROC_03759,52.9519,-2.9247,0.175,0.184,0.81,1.27,46,0.281,1
LROC_03760,-60.8174,-172.9402,0.167,0.179,0.33,0.77,80,0.36,1
LROC_03761,37.5881,61.6925,0.156,0.196,0.12,0.98,39,0.17,0
LROC_03762,5.0328,8.3369,0.106,0.212,2.49,2.7,54,0.515,1
LROC_03763,-33.9287,143.51,0.207,0.17,0.05,0.78,72,0.294,1
LROC_03764,-1.1489,-120.8186,0.132,0.19,0.86,1.62,89,0.459,1
LROC_03765,-32.0093,109.4793,0.19,0.177,1.59,1.91,78,0.503,1
LROC_03766,15.3731,105.106,0.093,0.235,0.05,0.55,33,0.138,1
LROC_03767,-10.585,-134.2148,0.094,0.209,0.97,1.56,42,0.284,1
LROC_03768,-53.6951,-36.5187,0.178,0.194,5.07,5.22,88,0.96,1
LROC_03769,-61.3467,-118.745,0.207,0.166,0.77,1.35,94,0.468,1
LROC_03770,7.4713,-88.3006,0.129,0.213,0.4,1.04,56,0.272,1
LROC_03771,64.3861,-85.2314,0.203,0.171,1.56,2.28,64,0.443,1
LROC_03772,-24.9668,20.2451,0.13,0.201,0.61,0.98,90,0.433,1
LROC_03773,37.28,-31.8921,0.187,0.181,1.04,1.72,62,0.373,1
LROC_03774,25.3858,161.1838,0.115,0.226,0.66,1.11,71,0.363,1
LROC_03775,69.0488,-134.5067,0.202,0.173,0.05,0.63,23,0.098,1
LROC_03776,51.357,170.5292,0.15,0.2,0.18,0.61,44,0.198,1
LROC_03777,10.6568,-96.9701,0.12,0.2,0.06,0.68,32,0.135,0
LROC_03778,25.1249,98.2346,0.136,0.222,0.08,0.87,59,0.246,1
LROC_03779,63.7418,-57.9708,0.207,0.176,0.05,0.49,92,0.374,1
LROC_03780,-16.077,-128.4907,0.115,0.209,0.41,0.91,80,0.369,1
LROC_03781,-27.7128,128.8401,0.134,0.198,0.15,0.72,25,0.118,1
LROC_03782,-78.2702,-68.8101,0.182,0.193,1.45,1.76,86,0.518,1
LROC_03783,52.2482,57.1879,0.182,0.169,1.04,1.72,81,0.449,0
LROC_03784,48.1569,23.9197,0.201,0.143,0.64,1.37,29,0.193,1
LROC_03785,-63.2873,-10.1677,0.207,0.168,0.5,1.27,54,0.276,1
LROC_03786,12.2972,-1.505,0.103,0.232,0.22,0.89,27,0.134,1
LROC_03787,-5.7629,83.6056,0.1,0.239,0.48,1.09,94,0.434,0
LROC_03788,-61.0065,-148.4018,0.194,0.171,0.77,1.22,47,0.28,0
LROC_03789,76.8909,60.545,0.166,0.186,1.14,1.75,16,0.201,1
LROC_03790,-45.6487,142.4924,0.206,0.175,0.06,0.68,48,0.199,0
LROC_03791,-69.2425,-159.1962,0.19,0.171,0.92,1.71,30,0.23,1
LROC_03792,15.1756,-129.3648,0.121,0.213,1.02,1.8,28,0.234,1
LROC_03793,38.2187,77.9875,0.191,0.173,0.61,1.4,60,0.313,1
LROC_03794,-74.809,-22.5786,0.174,0.197,0.18,0.74,64,0.278,1
LROC_03795,25.3948,-34.7225,0.129,0.213,0.58,1.11,19,0.146,0
LROC_03796,5.1667,-130.692,0.108,0.224,0.52,1.29,57,0.29,1
LROC_03797,-63.4776,2.4372,0.199,0.167,0.48,1.2,32,0.186,1
LROC_03798,-52.3962,-134.4437,0.194,0.202,0.46,1.17,62,0.303,1
LROC_03799,10.8759,-8.4166,0.13,0.209,0.09,0.62,78,0.323,1
LROC_03800,-32.5828,94.9015,0.207,0.171,0.15,0.95,40,0.178,1
LROC_03801,70.1305,-87.0248,0.152,0.18,0.08,0.76,88,0.362,0
LROC_03802,50.9984,-6.917,0.17,0.182,0.21,0.81,84,0.361,1
LROC_03803,77.3708,177.1257,0.166,0.187,0.23,1.04,28,0.14,1
LROC_03804,-38.4527,67.1942,0.153,0.179,0.21,0.79,80,0.345,1
LROC_03805,75.1558,122.8884,0.174,0.177,0.18,0.89,75,0.322,1
LROC_03806,-11.0026,-30.6549,0.109,0.208,1.0,1.53,87,0.468,1
LROC_03807,-24.397,96.4299,0.097,0.217,1.28,1.85,91,0.518,0
LROC_03808,-71.9441,-165.4167,0.209,0.14,0.3,0.69,35,0.176,0
LROC_03809,-71.5576,-135.752,0.198,0.169,0.27,0.87,69,0.308,1
LROC_03810,30.7218,-106.8946,0.178,0.174,1.39,1.93,16,0.231,0
LROC_03811,-6.7314,-35.2973,0.099,0.215,0.73,1.3,17,0.156,1
LROC_03812,-43.7565,124.4682,0.201,0.185,0.26,1.06,27,0.139,1
LROC_03813,18.2352,-55.3442,0.123,0.235,0.94,1.4,35,0.253,1
LROC_03814,-39.5427,55.6636,0.197,0.182,0.32,1.13,47,0.226,1
LROC_03815,12.4211,75.3531,0.139,0.179,0.66,1.2,34,0.215,1
LROC_03816,-22.5266,31.0256,0.115,0.203,3.68,4.06,32,0.57,1
LROC_03817,51.7684,-51.3929,0.182,0.187,0.27,0.69,52,0.24,1
LROC_03818,51.3114,27.7392,0.191,0.181,2.0,2.3,39,0.396,0
LROC_03819,-3.6239,-56.7844,0.101,0.229,0.29,1.04,52,0.243,1
LROC_03820,-23.8689,-149.8055,0.125,0.202,0.58,0.93,29,0.186,1
LROC_03821,-21.9904,177.4094,0.092,0.213,0.46,1.3,43,0.227,1
LROC_03822,48.9143,-134.2143,0.205,0.194,1.15,1.53,78,0.45,1
LROC_03823,-27.4913,-153.9546,0.12,0.207,0.05,0.9,46,0.19,1
LROC_03824,-46.5505,136.2711,0.164,0.171,0.74,1.32,86,0.433,1
LROC_03825,-66.4499,-71.3395,0.162,0.209,1.07,1.65,57,0.356,1
LROC_03826,-5.3291,54.1069,0.109,0.189,0.48,0.87,27,0.166,0
LROC_03827,-2.8589,-61.5579,0.13,0.149,0.08,0.65,92,0.378,1
LROC_03828,54.5454,-39.0765,0.151,0.204,0.21,0.67,39,0.181,1
LROC_03829,-44.6018,-85.6393,0.171,0.197,0.85,1.43,63,0.354,1
LROC_03830,-19.0414,-56.5042,0.13,0.208,1.69,2.2,22,0.291,1
LROC_03831,49.3449,-32.1479,0.198,0.151,0.41,1.12,42,0.217,0
LROC_03832,51.7798,79.3498,0.18,0.178,0.62,1.4,25,0.174,1
LROC_03833,-18.4622,4.153,0.11,0.206,0.19,0.81,69,0.299,0
LROC_03834,-6.5402,159.6835,0.114,0.201,0.4,0.88,24,0.144,1
LROC_03835,-31.4743,-164.9231,0.163,0.208,0.31,0.85,73,0.329,1
LROC_03836,69.2088,1.1046,0.182,0.162,0.8,1.54,79,0.412,1
LROC_03837,-61.017,30.3209,0.151,0.197,3.13,3.29,19,0.452,0
LROC_03838,69.3999,151.2709,0.179,0.197,1.26,1.85,94,0.527,1
LROC_03839,29.4186,-162.3029,0.124,0.21,0.16,0.55,34,0.155,1
LROC_03840,5.0515,26.4599,0.12,0.225,0.65,1.11,19,0.154,1
LROC_03841,-74.7746,127.3068,0.188,0.184,0.05,0.74,81,0.33,1
LROC_03842,-3.9046,-92.906,0.101,0.221,0.21,0.82,44,0.201,1
LROC_03843,-14.7603,135.4652,0.092,0.224,0.14,0.77,48,0.209,1
LROC_03844,-54.205,-173.1444,0.165,0.195,0.31,1.01,15,0.097,1
LROC_03845,25.0255,83.6837,0.107,0.206,0.85,1.28,41,0.266,1
LROC_03846,75.3841,155.9208,0.154,0.171,0.52,1.01,77,0.37,1
LROC_03847,9.9502,56.5912,0.108,0.226,2.03,2.57,48,0.436,1
LROC_03848,34.3605,-21.9495,0.189,0.192,0.18,0.83,46,0.206,0
LROC_03849,-69.0479,-163.8428,0.195,0.176,0.34,0.71,85,0.381,1
LROC_03850,-13.1733,151.241,0.129,0.194,0.3,1.01,60,0.276,1
LROC_03851,-61.3826,-10.6934,0.179,0.156,0.2,0.89,82,0.352,0
LROC_03852,18.0473,-169.5612,0.102,0.215,3.74,3.81,71,0.733,1
LROC_03853,70.1571,68.3356,0.207,0.147,0.37,1.11,36,0.188,1
LROC_03854,25.8844,-6.5386,0.121,0.183,2.12,2.57,43,0.426,0
LROC_03855,-67.7115,-135.2357,0.199,0.17,0.37,0.84,59,0.28,1
LROC_03856,-23.2534,-102.8621,0.123,0.193,0.17,0.83,59,0.256,1
LROC_03857,8.1061,-156.7834,0.111,0.215,0.1,0.79,81,0.336,1
LROC_03858,-15.4868,26.7457,0.101,0.212,1.45,2.17,35,0.314,1
LROC_03859,53.383,43.9306,0.196,0.163,0.05,0.82,35,0.146,0
LROC_03860,50.3474,2.0672,0.196,0.146,2.5,2.8,74,0.596,1
LROC_03861,17.893,114.1568,0.14,0.184,0.41,0.83,43,0.221,0
LROC_03862,-20.2467,129.9632,0.127,0.191,0.21,1.02,47,0.213,1
LROC_03863,-39.1462,41.6248,0.166,0.167,0.72,1.47,53,0.298,0
LROC_03864,-63.0601,-175.4077,0.157,0.184,0.11,0.59,76,0.317,1
LROC_03865,-23.2164,70.2827,0.128,0.185,0.06,0.49,85,0.347,1
LROC_03866,-13.8924,-29.5203,0.104,0.211,1.32,1.94,59,0.394,1
LROC_03867,28.1317,23.6007,0.091,0.223,0.41,1.13,72,0.337,1
LROC_03868,25.3056,53.669,0.096,0.204,0.55,0.98,87,0.414,1
LROC_03869,-68.7827,-53.9148,0.187,0.182,0.15,0.87,15,0.078,1
LROC_03870,-16.7585,150.1555,0.132,0.18,0.05,0.58,25,0.106,1
LROC_03871,-50.9154,-131.769,0.173,0.165,0.34,0.84,46,0.225,1
LROC_03872,-54.91,61.7443,0.192,0.172,0.53,1.04,88,0.416,0
LROC_03873,52.3683,-178.4306,0.208,0.177,1.09,1.64,63,0.383,1
LROC_03874,-73.2936,152.8744,0.16,0.201,0.52,1.27,90,0.422,0
LROC_03875,-12.9307,-139.4985,0.129,0.226,1.14,1.68,44,0.313,1
LROC_03876,-53.0874,-145.8417,0.156,0.184,0.09,0.63,74,0.307,1
LROC_03877,60.6928,-60.1173,0.165,0.184,0.05,0.89,24,0.102,1
LROC_03878,9.1265,-45.5161,0.116,0.192,0.13,0.54,90,0.376,1
LROC_03879,-42.9791,-102.852,0.182,0.159,1.11,1.8,35,0.273,0
LROC_03880,0.3884,30.6438,0.13,0.205,1.07,1.76,20,0.208,0
LROC_03881,37.0378,-20.5509,0.164,0.175,0.11,0.63,52,0.221,1
LROC_03882,73.2989,-167.6968,0.197,0.19,0.05,0.54,72,0.294,1
LROC_03883,-44.7286,-64.9253,0.208,0.144,0.87,1.62,22,0.192,1
LROC_03884,61.7891,111.7558,0.169,0.191,1.45,1.98,84,0.51,0
LROC_03885,69.4887,68.2926,0.191,0.159,1.05,1.37,77,0.434,1
LROC_03886,66.6273,80.9535,0.165,0.173,0.17,1.0,48,0.212,0
LROC_03887,21.6663,71.3221,0.121,0.214,0.66,1.17,63,0.331,1
LROC_03888,20.7713,-68.0497,0.094,0.208,1.06,1.53,54,0.343,1
LROC_03889,-15.4863,-144.121,0.137,0.191,0.22,0.92,43,0.198,1
LROC_03890,40.3837,-81.9118,0.153,0.179,0.56,1.23,23,0.159,1
LROC_03891,5.007,119.4427,0.115,0.235,0.28,0.83,35,0.174,1
LROC_03892,28.3901,172.9695,0.132,0.191,0.19,0.64,46,0.207,1
LROC_03893,-11.4467,-2.2151,0.133,0.201,2.62,3.03,86,0.658,1
LROC_03894,37.0394,-176.5079,0.166,0.182,1.83,2.36,69,0.496,0
LROC_03895,51.9154,-129.5839,0.185,0.18,0.44,1.23,57,0.281,0
LROC_03896,-56.5702,-64.051,0.192,0.164,0.11,0.74,24,0.109,1
LROC_03897,53.2688,28.2907,0.152,0.189,0.98,1.6,63,0.37,1
LROC_03898,6.4474,-152.9663,0.12,0.212,0.22,0.63,27,0.134,1
LROC_03899,55.1465,159.6086,0.16,0.175,0.14,0.97,55,0.237,1
LROC_03900,-10.9917,-48.5699,0.113,0.225,0.36,0.89,93,0.415,0
LROC_03901,-19.3535,148.5303,0.106,0.23,0.57,1.23,45,0.248,1
LROC_03902,66.4097,100.9878,0.169,0.193,0.08,0.93,46,0.194,1
LROC_03903,-39.8129,91.9574,0.176,0.182,0.64,1.38,59,0.313,1
LROC_03904,55.074,38.419,0.172,0.138,0.05,0.76,27,0.114,0
LROC_03905,-2.5567,45.6422,0.14,0.203,1.67,2.25,39,0.356,1
LROC_03906,2.2553,49.6812,0.129,0.196,1.9,2.57,82,0.556,1
LROC_03907,-30.6451,46.3397,0.208,0.163,0.99,1.7,29,0.235,0
LROC_03908,11.6868,19.3422,0.103,0.185,0.47,1.13,78,0.368,1
LROC_03909,-27.9662,175.109,0.107,0.219,0.22,0.93,74,0.322,1
LROC_03910,-73.7169,83.6246,0.165,0.164,1.02,1.39,22,0.21,1
LROC_03911,-36.4802,99.7007,0.181,0.18,2.01,2.44,88,0.593,1
LROC_03912,-78.9794,134.0866,0.183,0.191,0.13,0.67,31,0.14,1
LROC_03913,76.5368,-102.3697,0.17,0.176,0.47,1.04,19,0.132,0
LROC_03914,74.5196,-149.8305,0.178,0.198,0.28,0.98,27,0.142,1
LROC_03915,-16.7752,-6.158,0.101,0.203,0.33,0.77,35,0.18,0
LROC_03916,36.5393,5.0691,0.15,0.202,0.39,0.76,58,0.279,1
LROC_03917,-24.671,118.5054,0.133,0.181,2.27,2.64,90,0.632,1
LROC_03918,27.3749,-20.2379,0.135,0.215,0.22,0.76,67,0.294,1
LROC_03919,48.8688,25.5071,0.196,0.185,0.51,1.07,42,0.229,1
LROC_03920,71.481,9.7455,0.167,0.192,2.27,2.91,80,0.592,1
LROC_03921,-15.966,-166.247,0.132,0.195,0.48,1.19,35,0.198,0
LROC_03922,45.3277,41.4774,0.152,0.171,1.49,1.9,71,0.463,1
LROC_03923,-37.4514,118.0956,0.164,0.18,0.05,0.53,69,0.282,1
LROC_03924,78.4532,-123.2998,0.197,0.188,2.29,2.77,16,0.339,0
LROC_03925,-75.8769,33.9594,0.186,0.178,0.16,0.87,79,0.335,1
LROC_03926,16.5646,33.6998,0.106,0.189,2.93,3.28,91,0.716,1
LROC_03927,25.521,-120.8934,0.098,0.199,0.14,0.63,17,0.085,1
LROC_03928,30.0873,-135.5531,0.199,0.189,0.44,0.81,73,0.345,1
LROC_03929,-60.738,172.8187,0.163,0.194,0.28,0.78,77,0.342,0
LROC_03930,70.1648,-38.2611,0.17,0.165,0.43,1.02,19,0.128,1
LROC_03931,-51.0107,-98.1282,0.19,0.148,0.22,0.99,80,0.346,1
LROC_03932,19.6405,-118.3232,0.132,0.191,2.52,3.09,32,0.43,1
LROC_03933,-44.3718,60.3366,0.178,0.152,0.27,0.85,23,0.124,1
LROC_03934,-30.8454,39.4003,0.204,0.166,0.79,1.51,36,0.239,0
LROC_03935,7.4334,51.6788,0.092,0.255,0.11,1.0,42,0.181,1
LROC_03936,-13.2491,-148.3178,0.12,0.182,1.3,1.93,74,0.452,1
LROC_03937,-54.3639,141.6725,0.16,0.185,0.59,1.3,26,0.175,0
LROC_03938,-52.6502,-39.8641,0.187,0.196,2.91,3.47,51,0.553,1
LROC_03939,-13.0968,-67.187,0.101,0.226,0.41,0.94,56,0.273,0
LROC_03940,41.1653,-13.5499,0.177,0.178,0.16,0.55,68,0.291,1
LROC_03941,63.6743,-39.5762,0.193,0.171,0.32,1.18,56,0.262,0
LROC_03942,-66.5396,130.8877,0.199,0.153,1.0,1.55,81,0.444,0
LROC_03943,-17.1034,154.534,0.103,0.21,0.81,1.52,70,0.377,1
LROC_03944,-63.9607,-70.7568,0.192,0.177,1.13,1.82,60,0.376,0
LROC_03945,-77.3452,131.0169,0.205,0.184,0.06,0.65,19,0.083,0
LROC_03946,25.875,101.3483,0.108,0.202,0.65,1.26,70,0.358,1
LROC_03947,16.3919,155.0908,0.09,0.217,2.02,2.49,37,0.39,1
LROC_03948,-53.9169,-91.5299,0.158,0.175,0.09,0.59,76,0.315,1
LROC_03949,-42.5899,27.7053,0.166,0.189,0.07,0.52,27,0.116,1
LROC_03950,-76.2068,-81.1639,0.156,0.202,0.95,1.53,73,0.406,1
LROC_03951,53.5916,116.674,0.181,0.188,0.28,0.71,42,0.202,1
LROC_03952,75.9505,-178.0833,0.154,0.173,0.81,1.3,20,0.177,1
LROC_03953,-58.3265,23.3349,0.163,0.189,0.59,1.02,75,0.371,0
LROC_03954,-42.964,-57.8868,0.176,0.171,3.21,3.64,75,0.685,0
LROC_03955,58.9455,-63.8339,0.178,0.195,1.65,2.32,59,0.434,1
LROC_03956,68.2342,52.1663,0.184,0.175,0.85,1.45,26,0.206,1
LROC_03957,-12.8596,126.5344,0.104,0.19,0.23,0.81,49,0.224,0
LROC_03958,-71.9004,39.3103,0.153,0.188,0.23,1.11,76,0.332,1
LROC_03959,-73.6973,127.1423,0.155,0.197,1.6,1.85,19,0.268,0
LROC_03960,11.832,-84.745,0.12,0.21,0.66,1.15,80,0.399,1
LROC_03961,-17.1368,7.0207,0.12,0.198,1.17,1.59,89,0.496,0
LROC_03962,-75.4156,-17.8068,0.153,0.182,0.45,0.98,82,0.382,1
LROC_03963,13.3204,-175.8078,0.123,0.19,0.08,0.59,79,0.326,1
LROC_03964,-78.1916,20.4524,0.163,0.181,0.3,0.8,94,0.412,1
LROC_03965,45.9795,58.1488,0.206,0.154,0.13,0.65,80,0.336,1
LROC_03966,-30.9707,33.0892,0.179,0.194,1.14,1.68,55,0.357,1
LROC_03967,-73.5587,85.0608,0.177,0.167,0.9,1.41,41,0.272,1
LROC_03968,14.1364,25.6822,0.128,0.204,0.07,0.78,90,0.368,1
LROC_03969,-16.3705,-155.9699,0.092,0.219,0.73,1.31,19,0.164,1
LROC_03970,75.8081,-138.0796,0.186,0.19,1.55,1.89,19,0.262,0
LROC_03971,7.0718,34.7308,0.138,0.214,0.9,1.62,27,0.216,1
LROC_03972,-35.9617,-81.0075,0.175,0.192,0.54,1.12,94,0.441,0
LROC_03973,33.5102,-151.3278,0.199,0.176,0.28,0.73,23,0.126,1
LROC_03974,-36.5613,-25.343,0.173,0.166,1.64,1.96,62,0.445,1
LROC_03975,64.6789,19.5561,0.2,0.154,0.41,1.17,46,0.233,1
LROC_03976,-20.0445,-61.6514,0.134,0.187,1.45,2.06,50,0.374,1
LROC_03977,7.979,79.3561,0.118,0.218,1.15,1.69,29,0.254,0
LROC_03978,-71.9083,51.7574,0.191,0.175,1.27,1.7,23,0.244,1
LROC_03979,-11.8206,-60.1854,0.096,0.23,3.44,3.73,30,0.533,0
LROC_03980,53.1782,91.7541,0.164,0.201,1.04,1.65,20,0.205,1
LROC_03981,48.9038,53.5302,0.168,0.174,0.05,0.88,86,0.35,0
LROC_03982,-44.109,49.4803,0.191,0.175,0.17,0.83,47,0.208,1
LROC_03983,-43.8273,19.234,0.203,0.168,0.05,0.58,56,0.23,1
LROC_03984,50.7688,-175.8997,0.19,0.17,0.16,0.57,73,0.311,1
LROC_03985,68.8637,70.7426,0.2,0.162,0.05,0.53,50,0.206,0
LROC_03986,-64.7423,-44.625,0.183,0.195,0.52,1.19,48,0.254,0
LROC_03987,-7.9906,159.3395,0.133,0.201,0.05,0.53,16,0.07,1
LROC_03988,-26.0073,114.4745,0.113,0.209,0.48,1.07,27,0.166,1
LROC_03989,59.3102,31.57,0.183,0.166,1.72,2.3,57,0.434,1
LROC_03990,-66.636,-89.2145,0.17,0.194,1.04,1.49,88,0.477,1
LROC_03991,-46.2198,-106.6617,0.163,0.172,2.16,2.68,71,0.543,1
LROC_03992,40.3949,-57.4615,0.178,0.187,0.19,0.86,21,0.107,1
LROC_03993,-71.793,-8.4355,0.19,0.182,0.57,1.13,73,0.36,1
LROC_03994,-1.1943,-73.4164,0.106,0.206,0.29,1.11,73,0.327,1
LROC_03995,-9.2629,5.3746,0.139,0.202,0.51,1.21,65,0.321,1
LROC_03996,-26.4958,-120.4666,0.097,0.219,0.61,1.13,17,0.141,1
LROC_03997,-16.8684,171.9766,0.128,0.202,0.05,0.85,41,0.17,0
LROC_03998,4.7905,-141.1472,0.137,0.199,0.2,0.95,92,0.392,1
LROC_03999,-54.1812,155.4999,0.168,0.185,0.92,1.62,68,0.382,0
LROC_04000,11.5193,148.8881,0.09,0.221,1.11,1.72,78,0.445,1
LROC_04001,48.8692,9.1298,0.201,0.17,0.63,1.16,48,0.268,1
LROC_04002,41.6257,80.9677,0.185,0.16,0.24,0.79,37,0.177,1
LROC_04003,-55.376,-23.0226,0.197,0.169,0.39,1.08,62,0.295,1
LROC_04004,-56.1201,46.8124,0.175,0.185,0.08,0.54,69,0.286,1
LROC_04005,-37.0921,-57.3927,0.185,0.178,2.3,2.88,31,0.4,0
LROC_04006,-22.228,-71.5828,0.112,0.224,1.52,1.95,93,0.554,0
LROC_04007,-14.6471,28.1627,0.118,0.216,0.05,0.76,76,0.31,0
LROC_04008,28.7516,-0.6733,0.119,0.193,0.14,0.78,75,0.317,1
LROC_04009,-70.9311,28.6331,0.202,0.167,0.65,1.24,75,0.378,0
LROC_04010,-74.4524,-76.8022,0.192,0.169,0.2,0.95,58,0.256,1
LROC_04011,-17.2943,-47.8952,0.131,0.201,2.04,2.55,85,0.585,0
LROC_04012,31.5462,-149.7967,0.152,0.192,1.06,1.48,17,0.195,1
LROC_04013,-49.0503,-161.1805,0.202,0.178,0.24,0.65,87,0.377,0
LROC_04014,22.6407,-88.7554,0.105,0.215,0.05,0.87,81,0.33,1
LROC_04015,-38.4275,-153.2711,0.166,0.204,1.21,1.93,22,0.233,1
LROC_04016,61.7738,-142.6411,0.184,0.181,0.41,0.85,40,0.209,1
LROC_04017,63.3104,112.6542,0.175,0.169,0.77,1.25,29,0.208,1
LROC_04018,-32.434,-166.0055,0.189,0.168,0.25,0.77,19,0.106,1
LROC_04019,-43.201,57.2194,0.179,0.189,0.12,0.98,27,0.122,1
LROC_04020,-14.1914,-81.8792,0.136,0.175,0.84,1.26,93,0.473,0
LROC_04021,-41.5149,133.7564,0.201,0.149,0.45,0.89,26,0.158,0
LROC_04022,27.5814,-5.4028,0.107,0.212,0.2,0.67,77,0.332,1
LROC_04023,52.1703,-69.9925,0.17,0.198,0.11,0.86,22,0.101,0
LROC_04024,27.6947,6.35,0.104,0.233,0.65,1.43,88,0.43,0
LROC_04025,51.8961,-42.4951,0.208,0.163,0.97,1.47,48,0.308,0
LROC_04026,-16.4813,23.1484,0.092,0.235,0.25,0.69,86,0.374,1
LROC_04027,-54.9893,-138.7682,0.173,0.183,1.0,1.59,36,0.264,1
LROC_04028,38.0722,178.9166,0.189,0.152,0.15,0.64,64,0.274,1
LROC_04029,-22.3241,-26.7999,0.111,0.21,0.31,0.71,26,0.141,0
LROC_04030,27.4033,-54.637,0.132,0.191,1.02,1.76,36,0.266,0
LROC_04031,-36.697,75.6755,0.204,0.182,0.81,1.56,72,0.385,1
LROC_04032,-67.0033,-48.9962,0.181,0.178,0.24,1.1,33,0.161,1
LROC_04033,78.8131,119.9787,0.189,0.156,0.1,0.73,19,0.088,1
LROC_04034,-55.0078,-16.4625,0.153,0.169,0.05,0.59,30,0.126,1
LROC_04035,78.1474,79.041,0.192,0.173,1.36,2.01,55,0.383,1
LROC_04036,76.3648,-141.3168,0.192,0.137,0.06,0.54,88,0.359,1
LROC_04037,47.0109,124.6029,0.172,0.175,0.09,0.6,33,0.143,1
LROC_04038,25.5077,84.8585,0.136,0.202,0.2,0.71,79,0.34,1
LROC_04039,12.4491,-103.782,0.119,0.191,0.44,1.27,36,0.197,0
LROC_04040,58.5762,-127.697,0.176,0.196,1.17,1.82,31,0.264,0
LROC_04041,-33.6897,-66.1348,0.189,0.193,0.21,0.66,49,0.221,1
LROC_04042,-5.171,171.3854,0.101,0.199,0.59,0.98,53,0.283,0
LROC_04043,19.1024,-87.5406,0.126,0.199,0.07,0.88,87,0.356,1
LROC_04044,-14.2095,-15.7942,0.12,0.221,0.47,1.22,69,0.332,0
LROC_04045,-11.6022,-169.1927,0.115,0.208,0.15,0.87,19,0.094,1
LROC_04046,-27.1545,-36.9981,0.121,0.185,0.18,0.66,87,0.37,1
LROC_04047,10.2771,25.6752,0.1,0.213,0.34,0.95,25,0.141,1
LROC_04048,56.0919,163.1249,0.175,0.168,1.07,1.66,92,0.496,1
LROC_04049,-47.7555,6.025,0.206,0.184,1.02,1.78,54,0.338,1
LROC_04050,69.5093,114.8786,0.184,0.186,0.4,0.84,18,0.12,0
LROC_04051,30.254,16.966,0.204,0.163,0.09,0.74,94,0.387,1
LROC_04052,51.7237,-165.3174,0.204,0.17,0.25,0.7,72,0.318,0
LROC_04053,8.9905,-66.597,0.13,0.182,0.53,1.1,79,0.38,1
LROC_04054,44.7227,27.1978,0.204,0.157,1.53,1.88,78,0.496,1
LROC_04055,-77.4079,162.2138,0.15,0.216,2.59,3.15,81,0.635,1
LROC_04056,50.9409,129.2869,0.206,0.168,0.76,1.21,48,0.283,0
LROC_04057,-73.5778,-97.792,0.158,0.203,0.32,0.9,72,0.326,1
LROC_04058,62.3861,-100.7605,0.152,0.195,0.89,1.4,81,0.431,1
LROC_04059,78.714,-107.5777,0.153,0.211,0.31,1.11,21,0.121,0
LROC_04060,-32.9492,152.0996,0.171,0.153,0.74,1.44,49,0.285,1
LROC_04061,-46.349,126.9598,0.187,0.173,0.21,0.62,43,0.197,1
LROC_04062,42.4581,98.958,0.174,0.206,0.23,0.64,39,0.184,1
LROC_04063,-39.5158,-38.6154,0.152,0.206,0.06,0.73,42,0.175,1
LROC_04064,58.49,1.5771,0.179,0.199,0.41,0.98,83,0.381,1
LROC_04065,-63.5452,-12.8406,0.177,0.18,0.72,1.19,41,0.25,1
LROC_04066,-59.8472,-88.7767,0.195,0.164,1.17,1.85,88,0.492,0
LROC_04067,76.6642,1.8101,0.167,0.169,1.25,1.59,90,0.51,1
LROC_04068,27.8142,-169.0212,0.105,0.196,3.66,4.18,22,0.527,1
LROC_04069,55.502,-132.5483,0.165,0.198,0.07,0.48,52,0.216,1
LROC_04070,-28.1073,139.1723,0.098,0.224,0.51,0.92,23,0.153,0
LROC_04071,28.2374,90.6047,0.093,0.217,0.55,1.05,57,0.294,0
LROC_04072,15.0787,-27.7674,0.1,0.223,1.22,1.75,39,0.302,0
LROC_04073,16.504,6.1741,0.103,0.216,0.23,0.72,80,0.348,0
LROC_04074,29.2052,-46.8004,0.104,0.228,0.05,0.81,31,0.13,1
LROC_04075,12.0575,86.6808,0.124,0.218,0.28,0.83,21,0.118,0
LROC_04076,-11.35,102.3074,0.101,0.199,3.1,3.21,36,0.516,0
LROC_04077,-35.8524,94.7827,0.164,0.19,1.72,2.39,24,0.302,0
LROC_04078,42.973,80.1402,0.199,0.145,0.38,1.21,27,0.154,1
LROC_04079,-43.7964,-106.3784,0.192,0.176,1.57,2.12,56,0.412,1
LROC_04080,30.7767,-58.3308,0.15,0.202,0.05,0.85,42,0.174,1
LROC_04081,-42.6667,-10.8556,0.21,0.146,0.28,0.71,73,0.326,1
LROC_04082,20.0528,-60.9145,0.133,0.194,0.97,1.41,25,0.216,1
LROC_04083,39.5325,91.7785,0.191,0.174,0.19,0.73,23,0.115,0
LROC_04084,-45.0058,-61.4327,0.174,0.185,0.17,1.03,94,0.396,1
LROC_04085,-70.4091,-130.2364,0.183,0.173,1.48,1.99,69,0.454,1
LROC_04086,-59.0442,-36.3454,0.165,0.168,0.72,1.05,19,0.162,1
LROC_04087,16.9595,172.7692,0.121,0.205,3.38,3.63,83,0.738,1
LROC_04088,55.9114,-98.6827,0.2,0.145,0.11,0.5,52,0.221,0
LROC_04089,-72.8005,40.3771,0.204,0.165,0.33,0.82,80,0.36,0
LROC_04090,37.4642,-24.1297,0.16,0.181,0.28,0.88,78,0.346,1
LROC_04091,-25.389,-154.4312,0.112,0.208,1.59,1.99,39,0.347,1
LROC_04092,-3.4355,-4.3644,0.116,0.199,0.22,0.61,66,0.29,1
LROC_04093,68.6175,72.7792,0.161,0.165,0.33,0.76,52,0.248,1
LROC_04094,-26.8846,4.7592,0.108,0.206,0.12,0.78,91,0.378,1
LROC_04095,-5.5461,133.9582,0.093,0.232,1.12,1.76,33,0.266,1
LROC_04096,-77.8108,-75.9827,0.196,0.191,0.2,0.78,39,0.18,1
LROC_04097,-66.9442,-148.9503,0.2,0.207,0.05,0.81,62,0.254,0
LROC_04098,-38.6253,157.1636,0.156,0.215,0.43,0.87,87,0.4,1
LROC_04099,-75.5436,-43.8493,0.184,0.159,0.37,0.79,75,0.344,1
LROC_04100,21.0201,27.506,0.114,0.203,0.15,0.95,49,0.214,1
LROC_04101,-11.7763,105.1211,0.097,0.216,0.11,0.67,65,0.273,1
LROC_04102,7.7032,-63.2471,0.109,0.21,1.7,2.15,29,0.32,1
LROC_04103,-52.0565,77.8192,0.182,0.179,0.05,0.92,91,0.37,1
LROC_04104,-32.6509,-131.2492,0.201,0.206,0.08,0.68,63,0.262,1
LROC_04105,26.2119,-75.1343,0.093,0.202,0.21,0.59,44,0.201,0
LROC_04106,74.4484,-127.9042,0.176,0.17,2.29,2.93,35,0.415,1
LROC_04107,-71.9333,112.043,0.198,0.196,0.07,0.47,55,0.228,1
LROC_04108,62.4615,-99.8463,0.155,0.181,1.27,1.87,17,0.22,1
LROC_04109,12.301,78.2653,0.12,0.212,1.67,2.06,87,0.548,1
LROC_04110,10.2271,159.5874,0.1,0.231,0.36,0.96,38,0.195,1
LROC_04111,0.0446,9.998,0.107,0.219,0.26,0.91,31,0.155,1
LROC_04112,-68.8969,14.4105,0.164,0.189,0.85,1.37,22,0.19,0
LROC_04113,-65.6197,-14.0279,0.155,0.204,0.91,1.61,20,0.189,1
LROC_04114,16.1459,-62.6795,0.133,0.187,1.14,1.89,23,0.229,1
LROC_04115,-25.4466,-8.7642,0.114,0.201,1.33,1.64,29,0.276,1
LROC_04116,66.7629,37.0107,0.163,0.195,0.23,1.01,78,0.34,1
LROC_04117,-14.9455,174.957,0.106,0.181,0.87,1.25,64,0.36,1
LROC_04118,-57.075,157.5952,0.181,0.2,0.11,0.54,25,0.113,0
LROC_04119,34.355,130.3751,0.178,0.184,0.54,1.36,60,0.305,1
LROC_04120,-33.0635,140.087,0.176,0.183,0.71,1.28,59,0.321,1
LROC_04121,4.0752,-11.5743,0.101,0.19,0.13,0.59,91,0.38,1
LROC_04122,31.6532,56.68,0.177,0.161,0.06,0.74,73,0.299,0
LROC_04123,64.0423,142.224,0.158,0.183,0.16,0.68,39,0.175,1
LROC_04124,46.7506,-38.5377,0.203,0.181,0.41,1.0,26,0.153,1
LROC_04125,28.2178,166.2345,0.12,0.175,1.64,2.19,40,0.357,1
LROC_04126,28.7413,-30.317,0.126,0.215,0.57,1.35,90,0.428,0
LROC_04127,71.3479,36.3898,0.182,0.173,1.04,1.34,51,0.329,0
LROC_04128,-32.6681,75.5297,0.189,0.172,0.14,0.63,37,0.165,1
LROC_04129,-79.8221,162.2131,0.167,0.189,0.08,0.52,79,0.326,1
LROC_04130,-36.4873,-91.9381,0.198,0.175,0.21,0.64,59,0.261,1
LROC_04131,-45.1374,88.6072,0.19,0.164,0.28,1.12,88,0.386,0
LROC_04132,25.8935,7.4936,0.112,0.219,0.6,1.41,49,0.268,1
LROC_04133,21.3939,-83.3194,0.114,0.174,1.6,2.21,62,0.44,0
LROC_04134,14.9538,99.5785,0.093,0.211,0.42,1.1,42,0.218,1
LROC_04135,-77.401,18.8,0.166,0.188,0.55,1.32,15,0.126,1
LROC_04136,36.6045,57.9506,0.185,0.172,0.05,0.47,86,0.35,1
LROC_04137,-28.2351,-63.7556,0.126,0.176,0.05,0.5,55,0.226,0
LROC_04138,26.409,-6.7414,0.122,0.216,0.07,0.62,37,0.156,1
LROC_04139,9.0525,42.2475,0.099,0.197,0.9,1.63,46,0.292,1
LROC_04140,-25.1631,-34.2321,0.1,0.214,0.5,1.09,21,0.144,1
LROC_04141,-58.4678,-108.5859,0.199,0.173,0.16,0.8,89,0.375,1
LROC_04142,-64.893,166.1906,0.176,0.181,0.67,1.12,69,0.356,1
LROC_04143,53.0429,4.1283,0.17,0.201,0.59,1.26,86,0.415,1
LROC_04144,66.9436,84.2113,0.186,0.176,0.07,0.91,57,0.236,1
LROC_04145,23.9661,-32.023,0.123,0.211,0.77,1.26,28,0.204,1
LROC_04146,-63.4505,-52.1526,0.162,0.186,1.09,1.69,28,0.243,1
LROC_04147,-15.6756,-33.4209,0.11,0.22,0.25,0.79,55,0.25,1
LROC_04148,36.6303,-32.6892,0.207,0.188,0.87,1.58,28,0.216,0
LROC_04149,44.7713,15.9048,0.185,0.179,0.17,0.79,42,0.188,0
LROC_04150,-61.085,15.6492,0.173,0.194,1.06,1.52,44,0.303,1
LROC_04151,-79.9951,-1.0246,0.198,0.193,1.82,2.25,93,0.59,1
LROC_04152,33.9419,-131.4771,0.182,0.198,0.44,0.84,68,0.325,1
LROC_04153,-22.9446,-1.4128,0.129,0.196,0.21,1.02,73,0.317,1
LROC_04154,-39.283,-119.1226,0.162,0.203,0.38,1.22,26,0.15,1
LROC_04155,-77.9364,-134.5911,0.174,0.185,0.22,0.84,89,0.382,1
LROC_04156,6.4479,155.7525,0.131,0.218,0.05,0.56,53,0.218,1
LROC_04157,56.1841,37.782,0.154,0.199,0.79,1.44,84,0.431,1
LROC_04158,73.2211,57.4164,0.163,0.191,0.05,0.67,81,0.33,0
LROC_04159,10.5192,-35.3543,0.139,0.204,0.18,0.69,29,0.138,0
LROC_04160,2.3138,147.2331,0.137,0.202,0.96,1.28,18,0.187,1
LROC_04161,-66.391,49.655,0.188,0.18,0.82,1.58,58,0.33,1
LROC_04162,7.8196,96.9012,0.102,0.212,0.06,0.85,53,0.219,1
LROC_04163,-19.2033,-47.3175,0.119,0.203,0.81,1.54,84,0.433,1
LROC_04164,17.1416,165.6043,0.111,0.236,2.0,2.42,51,0.444,0
LROC_04165,-17.8038,115.3661,0.1,0.222,0.06,0.83,72,0.295,1
LROC_04166,-41.5521,127.4214,0.185,0.168,0.4,1.05,46,0.232,1
LROC_04167,-64.8056,-118.0101,0.191,0.17,0.98,1.47,42,0.286,1
LROC_04168,-29.613,-82.4532,0.094,0.234,0.83,1.57,18,0.172,1
LROC_04169,-64.5368,-77.1744,0.188,0.164,0.19,1.07,24,0.119,1
LROC_04170,-51.6965,-82.4727,0.18,0.157,0.13,0.97,41,0.18,0
LROC_04171,77.9738,127.9469,0.181,0.157,1.15,1.82,50,0.338,1
LROC_04172,-8.9434,-168.5215,0.122,0.179,2.35,2.89,19,0.358,1
LROC_04173,5.0995,-152.604,0.093,0.199,1.09,1.71,64,0.387,1
LROC_04174,59.779,-81.3906,0.189,0.157,2.48,3.06,46,0.482,1
LROC_04175,79.291,-108.0457,0.185,0.198,0.7,1.28,37,0.232,1
LROC_04176,13.2343,-96.5305,0.119,0.206,1.98,2.27,91,0.602,1
LROC_04177,49.9958,107.2595,0.163,0.181,0.88,1.58,75,0.406,1
LROC_04178,-27.6894,22.7256,0.129,0.18,1.8,2.48,15,0.276,1
LROC_04179,-31.081,-177.9226,0.205,0.166,0.13,0.69,45,0.196,1
LROC_04180,-15.5674,-25.4438,0.135,0.173,1.27,1.93,33,0.284,0
LROC_04181,27.6012,-33.1614,0.136,0.193,0.16,0.68,68,0.291,0
LROC_04182,29.1507,-138.9797,0.118,0.238,0.05,0.92,48,0.198,1
LROC_04183,-29.5617,63.411,0.114,0.219,0.55,1.24,18,0.138,1
LROC_04184,-58.6864,72.755,0.204,0.165,0.29,0.95,62,0.283,1
LROC_04185,21.1834,79.5216,0.118,0.217,0.05,0.83,62,0.254,0
LROC_04186,-59.4679,82.2495,0.157,0.182,2.95,3.46,63,0.606,1
LROC_04187,12.5588,-179.981,0.129,0.19,0.82,1.58,74,0.394,1
LROC_04188,30.9475,163.4115,0.177,0.206,1.74,2.42,58,0.441,0
LROC_04189,32.0978,113.1152,0.169,0.167,5.25,5.15,48,0.822,1
LROC_04190,40.5555,145.4334,0.194,0.167,0.37,0.79,70,0.324,0
LROC_04191,59.6575,-174.3684,0.187,0.18,0.22,1.01,88,0.378,1
LROC_04192,-0.0066,156.1892,0.097,0.202,0.15,1.01,20,0.098,1
LROC_04193,36.8399,111.5239,0.154,0.2,0.54,1.04,90,0.425,1
LROC_04194,19.0676,121.3989,0.117,0.203,0.7,1.03,90,0.444,1
LROC_04195,-50.1376,-146.4165,0.169,0.194,0.48,0.99,50,0.258,1
LROC_04196,-75.8897,85.9601,0.17,0.192,0.37,0.92,49,0.24,0
LROC_04197,-34.4734,165.57,0.18,0.175,0.14,0.91,39,0.173,1
LROC_04198,-9.1146,64.277,0.124,0.23,0.44,0.82,63,0.305,1
LROC_04199,18.737,25.4021,0.107,0.202,0.07,0.57,69,0.284,1
LROC_04200,55.9935,160.4267,0.172,0.203,1.5,2.2,55,0.4,1
LROC_04201,-48.6007,-20.5426,0.194,0.19,0.05,0.52,71,0.29,1
LROC_04202,-59.912,35.7457,0.186,0.203,0.36,1.1,36,0.187,1
LROC_04203,74.1568,-8.5182,0.189,0.178,0.08,0.65,58,0.242,1
LROC_04204,-62.7129,155.8246,0.163,0.175,1.12,1.74,43,0.306,0
LROC_04205,-3.4414,-152.6095,0.12,0.237,0.28,0.69,85,0.374,0
LROC_04206,13.6902,0.4031,0.137,0.193,0.09,0.62,62,0.259,1
LROC_04207,6.6199,67.3029,0.12,0.194,0.57,1.13,17,0.136,0
LROC_04208,-66.2349,105.0864,0.166,0.182,1.86,2.5,59,0.459,1
LROC_04209,-70.8757,29.8867,0.154,0.176,1.79,2.29,34,0.351,1
LROC_04210,-63.1227,147.2104,0.186,0.184,0.22,0.62,87,0.374,1
LROC_04211,13.694,159.1169,0.126,0.194,0.95,1.66,50,0.314,1
LROC_04212,7.0952,-156.8451,0.131,0.197,0.05,0.47,74,0.302,1
LROC_04213,-42.6015,-35.1466,0.199,0.185,0.11,0.97,92,0.381,0
LROC_04214,22.0439,-171.5548,0.107,0.221,0.52,0.97,32,0.19,0
LROC_04215,51.2108,-61.41,0.19,0.175,0.19,0.81,80,0.343,1
LROC_04216,-73.3474,13.2726,0.189,0.178,1.2,1.52,45,0.324,0
LROC_04217,-0.2992,147.8862,0.134,0.2,2.01,2.49,23,0.333,1
LROC_04218,30.2897,124.7596,0.157,0.183,0.05,0.69,34,0.142,1
LROC_04219,-39.6301,-134.1001,0.169,0.184,0.2,0.79,34,0.16,0
LROC_04220,-30.7567,-146.5091,0.155,0.198,0.43,0.8,61,0.296,1
LROC_04221,18.1821,32.1362,0.116,0.206,0.62,1.4,15,0.134,1
LROC_04222,63.6696,11.5625,0.205,0.174,1.86,2.48,28,0.335,1
LROC_04223,49.5879,-84.104,0.197,0.159,1.67,2.22,15,0.26,0
LROC_04224,13.3008,143.8031,0.115,0.199,0.76,1.37,83,0.423,0
LROC_04225,36.8355,153.8519,0.182,0.167,0.22,0.95,24,0.122,1
LROC_04226,-21.6284,-35.0599,0.094,0.209,1.15,1.51,87,0.486,1
LROC_04227,22.5545,140.5089,0.099,0.235,0.17,1.02,63,0.272,1
LROC_04228,-5.4109,-41.7784,0.11,0.221,2.52,2.81,28,0.414,1
LROC_04229,-49.6102,85.2541,0.2,0.154,0.05,0.77,74,0.302,1
LROC_04230,32.2781,-8.6608,0.167,0.191,0.63,1.27,56,0.3,0
LROC_04231,9.0343,-135.8701,0.139,0.192,0.07,0.78,73,0.3,1
LROC_04232,-22.6205,154.0563,0.133,0.19,0.39,1.19,39,0.203,1
LROC_04233,65.8143,-16.5252,0.187,0.154,0.76,1.23,50,0.291,1
LROC_04234,-76.6505,84.4153,0.186,0.191,0.88,1.57,49,0.302,1
LROC_04235,-29.4763,-47.8174,0.124,0.184,1.15,1.73,25,0.238,0
LROC_04236,-70.899,-173.2029,0.194,0.172,0.67,1.04,24,0.176,1
LROC_04237,42.6444,-143.8091,0.196,0.158,0.22,0.81,22,0.114,1
LROC_04238,32.3372,-1.361,0.205,0.179,1.65,2.3,37,0.346,1
LROC_04239,-26.9836,68.3872,0.097,0.211,1.25,1.68,20,0.23,1
LROC_04240,28.1061,-59.4953,0.131,0.199,0.13,0.76,92,0.384,0
LROC_04241,-16.65,70.3758,0.122,0.204,1.31,1.82,78,0.469,1
LROC_04242,41.0006,71.5088,0.165,0.19,2.7,3.14,87,0.672,1
LROC_04243,-7.3306,73.4169,0.115,0.208,0.76,1.53,60,0.331,1
LROC_04244,-14.0352,-2.6921,0.135,0.199,0.25,0.71,52,0.238,0
LROC_04245,69.5568,149.359,0.151,0.184,0.7,1.28,39,0.24,1
LROC_04246,-39.8593,-3.8893,0.168,0.161,0.31,0.89,16,0.101,0
LROC_04247,-60.7284,-17.9045,0.178,0.163,0.85,1.31,38,0.254,1
LROC_04248,13.5269,-108.2229,0.105,0.224,0.59,1.39,81,0.395,1
LROC_04249,75.0915,-69.2442,0.158,0.184,1.99,2.2,85,0.579,1
LROC_04250,-19.5457,-164.7596,0.112,0.2,0.72,1.11,75,0.386,1
LROC_04251,-70.0741,48.0727,0.194,0.152,0.18,0.93,23,0.114,0
LROC_04252,-25.7112,-90.5271,0.115,0.182,0.97,1.4,59,0.352,0
LROC_04253,0.9491,-70.5041,0.134,0.189,0.27,1.0,30,0.152,1
LROC_04254,-54.0923,97.4932,0.178,0.193,0.24,1.03,28,0.141,0
LROC_04255,25.2964,-62.2004,0.125,0.195,0.37,0.86,40,0.204,1
LROC_04256,79.6399,-92.8095,0.162,0.193,0.05,0.54,60,0.246,1
LROC_04257,-7.7217,-119.1392,0.091,0.21,2.61,2.82,72,0.601,0
LROC_04258,-23.2434,98.949,0.137,0.208,0.57,1.01,88,0.42,1
LROC_04259,-15.8873,-133.3057,0.137,0.193,1.11,1.53,44,0.309,1
LROC_04260,-61.5766,-16.6486,0.197,0.153,0.22,1.03,70,0.306,0
LROC_04261,61.3238,2.4948,0.192,0.17,1.03,1.71,46,0.308,0
LROC_04262,-13.6279,67.4604,0.131,0.229,0.63,0.97,92,0.444,1
LROC_04263,-18.0361,47.9821,0.124,0.231,0.41,1.21,37,0.197,0
LROC_04264,25.5504,111.8594,0.132,0.208,2.65,2.82,31,0.442,0
LROC_04265,-9.2747,-163.8895,0.12,0.204,0.51,1.19,38,0.213,0
LROC_04266,23.7174,-73.2813,0.097,0.221,0.8,1.2,61,0.34,1
LROC_04267,-70.1686,-79.1517,0.209,0.171,0.05,0.48,25,0.106,1
LROC_04268,50.1957,-127.4339,0.199,0.17,0.27,1.02,55,0.252,1
LROC_04269,70.4806,-75.8958,0.204,0.175,1.65,2.12,29,0.314,1
LROC_04270,23.8025,-68.4845,0.133,0.203,1.07,1.66,66,0.392,1
LROC_04271,72.7305,7.8784,0.158,0.184,0.58,1.13,48,0.262,0
LROC_04272,-55.7708,58.9336,0.155,0.172,1.73,1.99,74,0.504,1
LROC_04273,-3.6134,-42.8038,0.108,0.204,0.5,1.22,71,0.344,1
LROC_04274,16.2891,79.0093,0.093,0.23,0.63,1.38,47,0.264,1
LROC_04275,13.0779,-58.9805,0.096,0.216,0.36,0.74,35,0.183,1
LROC_04276,-15.7661,-75.4979,0.1,0.22,0.73,1.24,38,0.24,1
LROC_04277,-25.9065,14.8277,0.132,0.196,0.29,0.94,34,0.171,0
LROC_04278,-59.7082,-171.4621,0.206,0.151,0.37,1.04,82,0.372,1
LROC_04279,-17.3212,-151.2759,0.105,0.209,2.54,2.98,74,0.601,0
LROC_04280,-53.9743,-29.531,0.201,0.154,0.09,0.83,60,0.251,0
LROC_04281,37.4985,159.4486,0.179,0.163,0.08,0.96,47,0.198,0
LROC_04282,-46.5871,79.7442,0.177,0.198,0.05,0.64,45,0.186,1
LROC_04283,-70.6296,-148.2744,0.197,0.165,0.29,0.94,48,0.227,1
LROC_04284,8.3786,124.6745,0.109,0.2,0.38,1.09,36,0.19,0
LROC_04285,15.2368,83.6283,0.1,0.239,0.07,0.76,44,0.184,1
LROC_04286,59.5061,39.9407,0.19,0.187,0.6,1.13,19,0.148,1
LROC_04287,12.3171,115.3055,0.131,0.195,0.66,1.31,55,0.299,1
LROC_04288,-24.7231,-34.5205,0.097,0.223,1.04,1.66,59,0.361,1
LROC_04289,48.4819,-100.2596,0.181,0.175,2.8,3.21,75,0.636,1
LROC_04290,6.4446,4.3284,0.102,0.204,0.72,1.15,27,0.194,1
LROC_04291,-67.3152,17.583,0.16,0.195,0.09,0.73,23,0.103,1
LROC_04292,10.5361,13.7975,0.127,0.198,0.07,0.91,92,0.376,1
LROC_04293,65.283,23.4266,0.156,0.191,1.13,1.85,49,0.332,0
LROC_04294,-16.59,161.5338,0.101,0.23,0.79,1.49,32,0.223,1
LROC_04295,-32.5879,144.8084,0.168,0.198,0.13,0.87,26,0.12,0
LROC_04296,-57.0449,135.2581,0.209,0.158,0.22,0.67,55,0.246,0
LROC_04297,-55.7687,108.5101,0.192,0.181,1.04,1.57,30,0.245,1
LROC_04298,-10.7566,159.6341,0.134,0.183,0.63,1.02,27,0.184,1
LROC_04299,15.3088,-144.5419,0.113,0.216,0.66,1.4,32,0.207,0
LROC_04300,-67.1015,-84.5556,0.178,0.182,0.18,0.71,90,0.382,1
LROC_04301,70.331,-1.7799,0.18,0.185,0.74,1.45,65,0.349,1
LROC_04302,40.8214,124.7524,0.182,0.174,1.1,1.8,47,0.32,0
LROC_04303,13.8598,1.8597,0.11,0.242,1.62,2.3,84,0.53,1
LROC_04304,52.5502,89.2925,0.191,0.161,1.0,1.68,81,0.444,0
LROC_04305,-67.1701,-129.9744,0.179,0.194,0.64,1.26,68,0.349,1
LROC_04306,-3.7058,-89.131,0.132,0.185,0.84,1.46,20,0.181,1
LROC_04307,20.8149,83.4394,0.098,0.223,0.5,1.01,50,0.26,0
LROC_04308,52.5845,-120.6958,0.164,0.195,0.19,0.66,69,0.299,1
LROC_04309,45.3551,-53.5119,0.153,0.192,1.6,1.91,64,0.448,1
LROC_04310,-35.6689,-84.6481,0.192,0.166,0.57,1.0,85,0.408,0
LROC_04311,70.5408,-54.0498,0.209,0.168,0.68,1.48,80,0.402,0
LROC_04312,-60.1047,74.9967,0.177,0.184,3.46,3.6,29,0.531,1
LROC_04313,60.0214,-47.575,0.166,0.212,3.15,3.6,36,0.522,1
LROC_04314,75.3504,19.8948,0.159,0.175,0.66,1.09,63,0.331,1
LROC_04315,-51.6554,-144.0245,0.167,0.177,0.05,0.93,52,0.214,1
LROC_04316,35.5306,109.8064,0.17,0.188,0.38,0.93,22,0.134,1
LROC_04317,-73.5543,-46.8401,0.175,0.177,2.08,2.48,22,0.338,0
LROC_04318,-15.1323,53.4723,0.115,0.207,0.26,0.84,51,0.235,1
LROC_04319,2.6053,81.1403,0.106,0.228,5.42,5.69,86,0.98,1
LROC_04320,12.9032,-104.5221,0.132,0.158,0.07,0.57,92,0.376,1
LROC_04321,69.75,138.483,0.172,0.174,0.63,1.38,39,0.232,1
LROC_04322,27.5601,41.8407,0.107,0.186,0.54,1.21,68,0.337,1
LROC_04323,-2.9955,-25.6589,0.137,0.18,0.22,0.71,35,0.166,1
LROC_04324,49.548,-114.3593,0.208,0.202,2.23,2.44,73,0.56,1
LROC_04325,72.0853,159.2283,0.18,0.188,0.72,1.44,45,0.266,1
LROC_04326,-76.4694,91.8246,0.167,0.199,0.2,0.69,20,0.104,1
LROC_04327,77.2034,-105.1112,0.162,0.186,0.36,1.17,56,0.267,0
LROC_04328,-66.2189,-58.4241,0.192,0.185,0.96,1.33,66,0.379,1
LROC_04329,50.3019,111.4827,0.182,0.152,0.27,0.95,61,0.276,1
LROC_04330,-35.1464,70.444,0.186,0.192,1.59,2.18,42,0.359,1
LROC_04331,-58.8513,95.6823,0.195,0.16,0.14,0.85,50,0.217,1
LROC_04332,-9.6231,-21.1676,0.134,0.192,0.23,0.77,54,0.244,0
LROC_04333,23.0331,77.9315,0.106,0.22,0.12,0.95,27,0.122,1
LROC_04334,-19.0477,-40.8623,0.11,0.215,0.08,0.86,63,0.262,1
LROC_04335,-71.2695,-103.9453,0.182,0.179,0.27,0.9,18,0.104,1
LROC_04336,15.9138,47.7637,0.128,0.182,5.33,5.5,78,0.952,1
LROC_04337,64.3845,171.365,0.182,0.18,0.07,0.75,94,0.384,1
LROC_04338,-18.6855,-68.1837,0.129,0.216,0.18,1.04,37,0.17,1
LROC_04339,-45.3868,-14.0509,0.159,0.18,0.24,1.06,72,0.317,0
LROC_04340,-9.1876,62.6405,0.117,0.227,0.72,1.17,29,0.202,0
LROC_04341,-72.262,14.9423,0.17,0.17,1.03,1.46,93,0.496,0
LROC_04342,51.278,123.634,0.171,0.183,1.05,1.84,60,0.366,1
LROC_04343,52.2145,94.2274,0.155,0.213,0.05,0.56,53,0.218,1
LROC_04344,14.0801,-159.013,0.112,0.199,0.79,1.59,61,0.339,1
LROC_04345,-23.5035,179.4316,0.116,0.224,0.75,1.4,51,0.294,1
LROC_04346,47.9653,90.8649,0.172,0.212,0.55,0.92,55,0.286,1
LROC_04347,8.7499,131.0052,0.127,0.205,0.36,0.89,59,0.279,1
LROC_04348,52.1492,54.4312,0.162,0.179,1.2,1.72,44,0.32,0
LROC_04349,21.0334,128.2626,0.11,0.199,0.32,1.1,85,0.378,1
LROC_04350,45.5049,-139.5421,0.169,0.204,0.2,0.74,82,0.352,1
LROC_04351,15.7701,-54.8144,0.113,0.228,0.28,0.81,21,0.118,1
LROC_04352,-13.7374,135.5115,0.132,0.222,0.43,1.25,61,0.296,1
LROC_04353,73.2713,-107.4041,0.162,0.187,0.18,0.6,61,0.266,1
LROC_04354,6.5782,-151.8328,0.138,0.213,0.7,1.31,93,0.456,1
LROC_04355,16.8143,103.7228,0.1,0.214,1.62,2.11,74,0.49,0
LROC_04356,-44.722,120.775,0.184,0.164,0.68,1.04,19,0.158,0
LROC_04357,20.1041,-121.4452,0.134,0.217,0.44,0.84,62,0.301,0
LROC_04358,11.4572,127.5646,0.128,0.227,1.2,1.67,88,0.496,1
LROC_04359,-50.4259,67.2364,0.16,0.173,1.03,1.39,36,0.268,1
LROC_04360,-70.4661,7.2298,0.157,0.174,0.34,0.95,37,0.189,1
LROC_04361,16.6975,118.8901,0.115,0.209,0.7,1.33,59,0.32,1
LROC_04362,42.1908,-29.0703,0.18,0.193,0.98,1.63,93,0.49,0
LROC_04363,3.7442,-110.1622,0.115,0.191,0.21,0.86,66,0.289,1
LROC_04364,-43.7164,-77.453,0.17,0.187,0.34,0.9,85,0.381,0
LROC_04365,26.6435,1.859,0.112,0.201,0.08,0.54,60,0.25,0
LROC_04366,-67.1831,11.2791,0.165,0.196,3.3,3.49,52,0.604,0
LROC_04367,-9.3066,110.0091,0.117,0.195,0.07,0.67,54,0.224,0
LROC_04368,-53.8613,104.887,0.189,0.187,0.14,0.99,29,0.133,1
LROC_04369,-50.4866,29.292,0.159,0.186,0.49,0.94,83,0.391,1
LROC_04370,-47.633,101.0828,0.187,0.162,1.5,1.96,26,0.284,1
LROC_04371,-18.1269,-110.9616,0.101,0.216,0.33,1.06,91,0.404,1
LROC_04372,-71.816,-161.9768,0.157,0.16,1.1,1.74,81,0.456,1
LROC_04373,-16.353,134.5082,0.12,0.198,0.85,1.65,71,0.386,0
LROC_04374,1.8732,-152.8004,0.128,0.207,0.76,1.18,33,0.223,0
LROC_04375,-2.6729,-91.1922,0.138,0.171,1.4,1.67,44,0.344,0
LROC_04376,-18.7545,70.3148,0.122,0.167,0.05,0.61,93,0.378,1
LROC_04377,54.2635,-32.5987,0.184,0.142,1.99,2.27,32,0.367,0
LROC_04378,-56.7477,135.473,0.156,0.21,1.33,1.87,77,0.468,1
LROC_04379,0.9115,-72.7273,0.099,0.214,2.08,2.72,21,0.334,1
LROC_04380,-70.0734,-175.7263,0.208,0.158,1.18,1.81,74,0.438,0
LROC_04381,-68.6151,-71.764,0.161,0.202,1.58,1.89,92,0.558,0
LROC_04382,11.8185,28.107,0.135,0.193,0.17,0.61,77,0.328,0
LROC_04383,10.5629,-44.6622,0.118,0.211,0.29,1.12,71,0.319,1
LROC_04384,60.4854,12.5542,0.206,0.168,0.28,0.9,89,0.39,0
LROC_04385,9.2598,135.5753,0.127,0.196,0.09,0.94,53,0.223,1
LROC_04386,73.5666,148.4946,0.198,0.175,0.98,1.65,57,0.346,0
LROC_04387,-72.2088,-84.2493,0.154,0.202,0.11,1.0,70,0.293,1
LROC_04388,-64.3188,-13.6294,0.203,0.166,0.05,0.88,24,0.102,1
LROC_04389,-72.9495,17.6918,0.19,0.168,1.12,1.62,34,0.27,0
LROC_04390,-50.3557,161.6805,0.172,0.177,1.76,2.36,78,0.523,1
LROC_04391,6.6032,179.5022,0.119,0.172,1.08,1.61,53,0.342,1
LROC_04392,23.2915,-95.2534,0.109,0.215,1.31,1.7,42,0.325,0
LROC_04393,-72.7064,81.7128,0.186,0.158,0.68,1.13,44,0.258,0
LROC_04394,71.3553,-43.9088,0.172,0.192,1.64,2.07,72,0.485,1
LROC_04395,54.7465,-177.081,0.177,0.179,0.51,0.91,84,0.397,0
LROC_04396,-32.542,-176.6691,0.2,0.172,3.34,3.49,76,0.705,1
LROC_04397,-67.65,-14.1962,0.17,0.194,0.08,0.72,15,0.07,1
LROC_04398,-52.8181,-4.1994,0.155,0.176,1.24,1.99,82,0.477,1
LROC_04399,-59.6889,-171.8749,0.205,0.173,0.77,1.38,39,0.248,0
LROC_04400,-60.2746,67.2939,0.173,0.186,0.65,1.19,53,0.29,1
LROC_04401,2.9699,-74.1588,0.097,0.214,0.97,1.39,25,0.216,1
LROC_04402,-40.6644,21.5615,0.162,0.173,1.38,1.74,73,0.458,0
LROC_04403,-22.6976,-71.6691,0.095,0.226,1.49,2.07,51,0.383,1
LROC_04404,78.3209,-119.8316,0.163,0.197,0.14,0.95,90,0.377,0
LROC_04405,29.4903,-33.4175,0.096,0.219,0.16,0.74,43,0.191,1
LROC_04406,71.8369,-96.3816,0.203,0.153,0.05,0.72,23,0.098,1
LROC_04407,-57.191,12.5284,0.152,0.184,0.11,0.85,60,0.253,1
LROC_04408,-18.8577,-108.4217,0.108,0.21,0.23,0.64,90,0.388,1
LROC_04409,8.7571,3.0262,0.113,0.219,0.96,1.44,23,0.207,1
LROC_04410,-67.7187,-123.3437,0.189,0.151,0.48,1.2,79,0.374,1
LROC_04411,-79.33,61.5509,0.172,0.174,1.06,1.7,85,0.467,1
LROC_04412,27.2695,91.4176,0.135,0.193,0.5,0.88,56,0.284,1
LROC_04413,22.6911,-140.2581,0.093,0.217,0.61,1.07,48,0.265,1
LROC_04414,-14.2738,-11.5911,0.098,0.196,0.09,0.82,42,0.179,1
LROC_04415,-1.6569,-154.4862,0.128,0.199,1.12,1.54,75,0.434,0
LROC_04416,-13.5291,35.3457,0.124,0.2,1.06,1.76,54,0.343,1
LROC_04417,-76.1592,-84.8145,0.199,0.155,0.28,0.67,68,0.306,1
LROC_04418,-26.3405,9.9448,0.115,0.206,0.3,0.77,73,0.328,0
LROC_04419,-51.6668,6.286,0.174,0.174,0.19,0.71,92,0.391,0
LROC_04420,-64.2521,152.7676,0.199,0.178,1.26,2.0,59,0.387,1
LROC_04421,73.0753,17.67,0.162,0.174,1.03,1.73,94,0.5,1
LROC_04422,15.8976,29.8795,0.093,0.219,0.7,1.47,53,0.296,1
LROC_04423,36.585,-35.4049,0.18,0.167,0.2,0.8,56,0.248,1
LROC_04424,-29.5418,161.6687,0.121,0.197,0.14,0.94,25,0.117,1
LROC_04425,-17.0965,99.7869,0.106,0.217,0.05,0.87,89,0.362,1
LROC_04426,-42.0922,-77.2541,0.17,0.187,0.05,0.64,52,0.214,1
LROC_04427,-64.4855,123.9155,0.171,0.177,0.16,1.04,71,0.303,0
LROC_04428,-51.3549,-24.3373,0.194,0.169,0.08,0.9,26,0.114,0
LROC_04429,47.6022,118.3202,0.169,0.162,0.61,1.44,56,0.297,1
LROC_04430,28.4073,116.2397,0.124,0.225,0.33,1.13,77,0.348,1
LROC_04431,7.5086,-112.0067,0.12,0.216,0.44,1.18,23,0.145,1
LROC_04432,-3.9856,72.4108,0.116,0.218,0.68,1.48,36,0.226,1
LROC_04433,67.5895,-75.3685,0.18,0.155,0.81,1.34,52,0.305,1
LROC_04434,-68.3624,-72.9026,0.182,0.169,0.78,1.49,87,0.442,1
LROC_04435,-35.1039,-73.3147,0.192,0.169,0.23,0.71,71,0.312,1
LROC_04436,-24.0099,81.2046,0.117,0.178,1.24,1.88,81,0.473,0
LROC_04437,45.1881,-97.2626,0.175,0.195,1.87,2.48,44,0.4,1
LROC_04438,78.8023,-179.6739,0.21,0.187,0.28,1.01,40,0.194,1
LROC_04439,-41.4927,77.4853,0.159,0.219,0.05,0.87,86,0.35,0
LROC_04440,59.8892,-118.3735,0.186,0.161,1.72,2.15,68,0.478,1
LROC_04441,52.8996,-142.3863,0.203,0.17,1.93,2.41,46,0.416,1
LROC_04442,-44.0548,-94.4942,0.191,0.194,0.05,0.45,36,0.15,0
LROC_04443,-16.1068,-43.2358,0.118,0.203,0.05,0.52,22,0.094,1
LROC_04444,-14.4523,-8.6737,0.09,0.211,1.27,1.87,80,0.472,1
LROC_04445,76.5153,-163.9548,0.166,0.157,0.27,0.92,28,0.144,1
LROC_04446,-51.0573,169.4064,0.201,0.187,1.85,2.16,19,0.298,1
LROC_04447,47.8653,77.7827,0.174,0.181,0.18,0.68,27,0.13,1
LROC_04448,-26.5292,-63.6501,0.114,0.198,1.48,1.9,91,0.542,0
LROC_04449,36.9393,-65.269,0.159,0.193,0.05,0.8,38,0.158,1
LROC_04450,-12.7982,-18.5247,0.113,0.211,0.23,0.91,49,0.224,1
LROC_04451,12.5376,45.4481,0.1,0.218,2.71,2.87,92,0.693,0
LROC_04452,53.2179,-127.3057,0.166,0.182,0.2,0.96,82,0.352,1
LROC_04453,48.6665,-111.9853,0.18,0.203,0.11,0.63,40,0.173,1
LROC_04454,58.6277,129.3964,0.192,0.172,1.46,2.05,88,0.527,0
LROC_04455,-70.4612,-87.7482,0.151,0.216,0.09,0.54,52,0.219,1
LROC_04456,30.7281,-43.1298,0.188,0.184,0.08,0.97,48,0.202,1
LROC_04457,-57.602,133.6579,0.182,0.183,0.29,0.7,48,0.227,0
LROC_04458,-13.469,58.7332,0.138,0.196,0.76,1.45,33,0.223,1
LROC_04459,7.7741,-56.9837,0.104,0.228,0.93,1.51,17,0.18,1
LROC_04460,-15.5617,66.1318,0.119,0.208,1.6,1.88,50,0.392,1
LROC_04461,3.1379,-172.914,0.14,0.183,0.58,0.94,18,0.142,1
LROC_04462,79.4442,84.8314,0.178,0.165,0.37,0.91,40,0.204,0
LROC_04463,-58.3652,-4.6742,0.191,0.18,0.33,1.1,89,0.396,1
LROC_04464,28.073,112.7456,0.14,0.183,1.41,1.69,17,0.237,1
LROC_04465,-16.6398,163.6696,0.125,0.203,0.97,1.63,63,0.368,1
LROC_04466,-58.7184,153.2839,0.174,0.198,1.77,2.32,23,0.304,1
LROC_04467,-54.6021,147.3354,0.154,0.195,2.49,2.77,60,0.539,1
LROC_04468,71.8837,4.3812,0.196,0.161,0.27,0.68,80,0.352,1
LROC_04469,60.7362,-50.3488,0.177,0.201,0.57,1.37,28,0.18,1
LROC_04470,65.1267,-12.5873,0.192,0.182,0.75,1.23,17,0.158,1
LROC_04471,78.6452,68.3626,0.169,0.199,0.13,0.57,16,0.08,0
LROC_04472,-46.6695,138.2392,0.201,0.136,0.05,0.79,47,0.194,1
LROC_04473,-23.1297,-105.4849,0.134,0.205,1.52,1.88,24,0.278,1
LROC_04474,27.075,150.5495,0.105,0.225,0.58,1.16,67,0.338,1
LROC_04475,-2.5916,113.4649,0.14,0.223,0.63,0.99,58,0.308,1
LROC_04476,-13.0577,172.3882,0.138,0.176,0.61,1.45,52,0.281,1
LROC_04477,-22.7502,136.8906,0.137,0.216,1.05,1.57,35,0.266,1
LROC_04478,15.0049,-79.2226,0.131,0.226,0.12,1.01,49,0.21,1
LROC_04479,12.0949,-141.8559,0.101,0.184,0.71,1.23,81,0.409,0
LROC_04480,-54.1667,-139.5932,0.208,0.174,0.48,1.01,36,0.202,1
LROC_04481,-4.5216,-75.1596,0.101,0.224,1.7,2.39,34,0.34,0
LROC_04482,8.5555,41.1061,0.103,0.209,0.55,1.06,82,0.394,0
LROC_04483,11.2459,109.5553,0.121,0.198,2.15,2.55,22,0.346,1
LROC_04484,-46.3828,143.7301,0.183,0.188,0.33,0.74,65,0.3,1
LROC_04485,38.7634,44.5512,0.196,0.163,2.56,3.18,40,0.467,1
LROC_04486,-75.9681,-177.9727,0.174,0.178,1.56,1.85,65,0.447,0
LROC_04487,-23.2269,-112.926,0.109,0.223,0.66,1.38,79,0.395,1
LROC_04488,44.834,-144.0986,0.182,0.204,0.33,0.97,40,0.2,0
LROC_04489,10.2229,-49.2032,0.113,0.217,0.35,0.75,61,0.286,1
LROC_04490,-38.214,0.4864,0.205,0.17,1.11,1.4,57,0.361,1
LROC_04491,31.1925,-164.377,0.201,0.162,0.65,1.45,23,0.17,1
LROC_04492,10.7826,-54.5479,0.104,0.198,0.39,1.12,49,0.243,0
LROC_04493,47.399,-115.4953,0.15,0.209,0.76,1.43,33,0.223,1
LROC_04494,37.604,52.9453,0.204,0.166,0.99,1.51,62,0.367,1
LROC_04495,17.6173,-12.8619,0.138,0.215,0.05,0.56,94,0.382,1
LROC_04496,-1.8916,-1.6856,0.099,0.211,0.07,0.8,42,0.176,1
LROC_04497,-58.6909,-26.031,0.159,0.179,0.07,0.77,17,0.076,1
LROC_04498,-38.1867,164.1671,0.161,0.194,0.2,0.94,32,0.152,1
LROC_04499,-12.9441,-102.6954,0.135,0.198,0.42,0.96,27,0.158,0
LROC_04500,15.8879,5.9991,0.134,0.182,1.22,1.99,41,0.31,1
LROC_04501,2.1933,84.9663,0.116,0.235,0.32,0.72,54,0.254,1
LROC_04502,-33.8905,20.464,0.164,0.177,0.05,0.48,53,0.218,1
LROC_04503,-78.9657,154.4475,0.179,0.193,0.5,1.31,72,0.348,1
LROC_04504,-0.6017,-43.9314,0.093,0.231,4.27,4.57,71,0.796,0
LROC_04505,-34.2998,-13.0767,0.2,0.151,0.32,0.85,38,0.19,1
LROC_04506,37.5373,-148.132,0.194,0.158,2.44,2.98,36,0.437,0
LROC_04507,-76.1686,39.2397,0.161,0.183,0.08,0.7,65,0.27,0
LROC_04508,13.5724,-76.2437,0.137,0.185,0.14,0.54,90,0.377,1
LROC_04509,70.6359,-122.2887,0.171,0.209,0.97,1.6,90,0.476,1
LROC_04510,-52.0945,16.0313,0.182,0.175,0.52,0.99,52,0.27,1
LROC_04511,-4.5361,11.6317,0.103,0.227,1.09,1.44,75,0.431,1
LROC_04512,-65.3725,-152.6862,0.187,0.184,1.49,1.85,63,0.431,1
LROC_04513,20.1091,71.3576,0.121,0.21,0.22,0.84,37,0.174,1
LROC_04514,8.0851,44.558,0.128,0.203,0.86,1.2,18,0.175,0
LROC_04515,-14.8215,-111.9538,0.115,0.227,0.7,1.47,90,0.444,1
LROC_04516,3.4203,-11.0034,0.134,0.187,1.48,2.01,51,0.382,0
LROC_04517,63.4519,79.3162,0.19,0.2,0.42,0.92,20,0.13,0
LROC_04518,-48.5929,10.5969,0.168,0.165,0.05,0.79,42,0.174,1
LROC_04519,-76.3897,-37.6239,0.169,0.196,0.64,1.38,22,0.165,1
LROC_04520,57.8664,-63.9582,0.157,0.168,2.39,2.86,34,0.423,1
LROC_04521,12.3387,39.7418,0.11,0.206,0.05,0.55,30,0.126,1
LROC_04522,62.5054,158.0791,0.209,0.167,0.21,0.64,27,0.133,1
LROC_04523,15.5112,61.8281,0.124,0.197,0.28,1.08,93,0.406,1
LROC_04524,49.6258,-153.0915,0.182,0.175,1.09,1.5,76,0.435,0
LROC_04525,-11.2523,-14.1534,0.136,0.178,0.29,0.67,91,0.399,1
LROC_04526,39.9776,140.6967,0.151,0.177,0.2,0.9,80,0.344,1
LROC_04527,66.0866,-145.9935,0.204,0.176,0.78,1.18,67,0.362,1
LROC_04528,11.5397,175.9953,0.131,0.201,0.05,0.94,42,0.174,1
LROC_04529,-51.0744,161.665,0.202,0.159,0.14,0.96,32,0.145,1
LROC_04530,-36.9924,-151.8212,0.152,0.211,0.39,1.06,21,0.131,1
LROC_04531,-48.2169,156.0288,0.159,0.17,0.33,1.11,35,0.18,1
LROC_04532,-40.5029,-49.2723,0.169,0.179,0.32,0.92,55,0.258,1
LROC_04533,-30.9735,124.0953,0.171,0.175,0.09,0.88,53,0.223,1
LROC_04534,8.8214,-29.382,0.117,0.217,0.34,1.03,87,0.389,1
LROC_04535,14.0787,-21.2922,0.126,0.204,1.2,1.49,24,0.24,0
LROC_04536,-11.76,48.3275,0.133,0.199,0.4,1.23,45,0.228,1
LROC_04537,18.4673,98.8119,0.137,0.171,0.66,1.42,56,0.303,0
LROC_04538,-66.948,-167.8359,0.199,0.183,0.13,0.99,91,0.38,1
LROC_04539,-65.9539,33.5362,0.197,0.168,0.05,0.81,83,0.338,1
LROC_04540,-52.5073,-112.7761,0.18,0.181,1.59,2.04,73,0.483,1
LROC_04541,2.8924,-55.4582,0.096,0.206,0.3,0.77,52,0.244,0
LROC_04542,-45.7609,-54.7313,0.188,0.162,0.32,0.78,57,0.266,1
LROC_04543,-34.6745,-11.1383,0.159,0.211,1.58,1.89,16,0.254,1
LROC_04544,-15.9499,-59.7109,0.127,0.176,0.92,1.34,20,0.19,1
LROC_04545,49.8986,-141.35,0.188,0.16,1.06,1.63,91,0.491,1
LROC_04546,-77.7821,-127.5737,0.209,0.188,0.86,1.52,43,0.275,1
LROC_04547,23.9006,-167.9623,0.121,0.215,0.08,0.63,92,0.378,1
LROC_04548,27.0202,-10.7103,0.124,0.199,2.38,2.82,44,0.462,0
LROC_04549,47.7849,163.6012,0.182,0.197,1.8,2.19,54,0.432,1
LROC_04550,69.2405,-138.3569,0.21,0.172,0.2,0.93,51,0.228,1
LROC_04551,-76.7779,160.6552,0.183,0.181,1.22,1.99,21,0.23,1
LROC_04552,-55.3946,84.0101,0.175,0.185,0.39,1.1,64,0.303,1
LROC_04553,61.7874,49.4996,0.205,0.175,0.86,1.2,32,0.231,1
LROC_04554,-6.637,52.3,0.102,0.222,0.14,0.76,22,0.105,0
LROC_04555,10.3345,117.622,0.106,0.245,0.58,1.31,85,0.41,0
LROC_04556,26.0844,-141.5088,0.136,0.196,0.1,0.76,69,0.288,1
LROC_04557,28.6507,1.7116,0.134,0.197,0.58,1.4,62,0.318,1
LROC_04558,69.0785,70.9528,0.172,0.164,0.21,0.62,88,0.377,1
LROC_04559,79.5119,31.2554,0.175,0.18,0.45,0.95,72,0.342,1
LROC_04560,35.2252,119.8005,0.183,0.206,0.83,1.26,30,0.22,1
LROC_04561,-34.0446,-153.9822,0.209,0.181,1.57,2.2,39,0.344,1
LROC_04562,60.7604,68.6524,0.163,0.178,0.14,0.79,43,0.189,1
LROC_04563,-72.1247,12.25,0.173,0.183,1.68,1.98,22,0.29,0
LROC_04564,-43.0271,-43.5021,0.158,0.169,0.37,0.88,69,0.32,1
LROC_04565,63.5817,-57.501,0.186,0.162,1.39,1.91,66,0.431,0
LROC_04566,-39.0094,43.4997,0.194,0.175,0.54,1.38,91,0.429,1
LROC_04567,-44.6958,140.7583,0.179,0.172,1.49,1.92,40,0.339,0
LROC_04568,-57.9,-1.3767,0.165,0.17,0.82,1.22,39,0.254,0
LROC_04569,57.4579,116.9003,0.187,0.183,0.53,1.13,87,0.412,1
LROC_04570,0.0093,-35.2237,0.094,0.216,0.28,0.81,40,0.194,1
LROC_04571,27.9829,-143.138,0.122,0.182,2.6,3.02,90,0.672,1
LROC_04572,-41.7494,-157.8579,0.174,0.151,1.21,1.72,61,0.389,1
LROC_04573,41.2865,-161.5196,0.176,0.172,0.36,1.07,15,0.103,1
LROC_04574,41.6009,-43.1459,0.209,0.142,0.14,0.98,78,0.329,1
LROC_04575,-29.9843,-58.5944,0.123,0.177,1.13,1.52,26,0.24,1
LROC_04576,-14.2908,78.4573,0.127,0.22,3.45,3.92,38,0.566,1
LROC_04577,-46.4496,87.4157,0.203,0.167,0.25,1.1,44,0.206,1
LROC_04578,76.2498,-161.6926,0.194,0.169,1.86,2.26,28,0.335,0
LROC_04579,23.2964,-100.3956,0.099,0.213,0.1,0.55,37,0.16,1
LROC_04580,69.527,-81.2657,0.153,0.174,2.28,2.86,16,0.338,1
LROC_04581,-31.4583,17.1403,0.177,0.187,1.03,1.68,17,0.192,0
LROC_04582,45.1025,-127.9745,0.195,0.17,0.32,0.79,20,0.118,1
LROC_04583,42.5374,-131.7812,0.185,0.165,0.27,0.87,35,0.172,1
LROC_04584,30.6649,159.764,0.161,0.178,0.77,1.38,34,0.228,1
LROC_04585,74.5022,109.513,0.17,0.165,0.68,1.1,35,0.222,1
LROC_04586,-17.0311,-114.9642,0.116,0.202,1.88,2.45,54,0.442,0
LROC_04587,-59.0852,-33.6356,0.166,0.182,1.09,1.73,82,0.459,0
LROC_04588,27.4734,-51.9761,0.125,0.197,0.58,1.37,39,0.226,1
LROC_04589,36.6896,104.7615,0.181,0.179,1.97,2.46,85,0.576,1
LROC_04590,12.0097,3.6766,0.106,0.211,0.67,1.29,85,0.42,0
LROC_04591,-46.9091,-133.9741,0.195,0.176,1.42,1.99,47,0.358,1
LROC_04592,0.713,86.0371,0.133,0.214,1.38,1.78,65,0.426,1
LROC_04593,-30.0496,-37.1203,0.203,0.178,1.89,2.48,86,0.571,1
LROC_04594,-11.6054,-85.3473,0.137,0.213,0.05,0.78,93,0.378,0
LROC_04595,23.235,-44.8205,0.115,0.196,0.66,1.41,34,0.215,1
LROC_04596,39.2344,-0.8076,0.153,0.184,0.47,1.21,33,0.188,1
LROC_04597,-42.844,-56.4784,0.206,0.177,0.51,1.18,85,0.401,1
LROC_04598,-15.1479,-92.9139,0.126,0.213,0.46,0.89,70,0.335,1
LROC_04599,-36.9341,-36.5393,0.194,0.163,1.36,2.08,70,0.443,1
LROC_04600,-48.2189,-173.0978,0.173,0.191,0.29,0.84,15,0.095,1
LROC_04601,45.342,98.0992,0.207,0.153,0.47,1.31,53,0.268,1
LROC_04602,65.4804,-118.4598,0.175,0.188,0.17,0.75,51,0.224,1
LROC_04603,-20.7629,-164.1943,0.125,0.203,0.22,0.67,32,0.154,0
LROC_04604,40.2046,55.3315,0.167,0.164,0.81,1.57,86,0.441,1
LROC_04605,63.5192,98.617,0.168,0.178,0.09,0.88,93,0.383,0
LROC_04606,55.3799,112.9785,0.186,0.209,0.16,0.94,20,0.099,0
LROC_04607,-50.7499,-2.3367,0.21,0.169,0.56,0.95,36,0.211,0
LROC_04608,73.0067,-106.0675,0.181,0.213,0.05,0.88,25,0.106,1
LROC_04609,-19.7318,85.402,0.135,0.178,0.1,0.79,86,0.356,0
LROC_04610,-25.7215,71.8967,0.104,0.224,1.49,1.98,23,0.271,1
LROC_04611,-70.011,-91.3425,0.198,0.133,1.4,2.12,27,0.276,1
LROC_04612,-2.2122,145.2268,0.136,0.199,0.32,1.02,17,0.106,1
LROC_04613,-62.5578,-142.4263,0.173,0.192,0.32,0.75,81,0.362,1
LROC_04614,-40.2336,173.7678,0.162,0.2,2.07,2.52,21,0.332,1
LROC_04615,-29.2892,129.6892,0.128,0.19,0.05,0.76,81,0.33,1
LROC_04616,49.4122,67.6435,0.208,0.182,0.65,1.43,89,0.434,0
LROC_04617,60.0782,157.95,0.195,0.164,0.68,1.15,60,0.322,0
LROC_04618,-31.6054,80.032,0.168,0.182,1.16,1.84,72,0.427,1
LROC_04619,57.3917,-111.4355,0.165,0.179,2.27,2.84,42,0.44,1
LROC_04620,57.1569,-20.8238,0.209,0.149,0.33,0.76,45,0.22,0
LROC_04621,42.3442,-154.2589,0.154,0.214,0.43,0.8,66,0.316,0
LROC_04622,-56.5288,-39.7233,0.201,0.17,0.83,1.44,23,0.192,1
LROC_04623,30.4517,86.9771,0.171,0.199,2.56,3.1,90,0.667,0
LROC_04624,71.2039,-40.8804,0.175,0.197,1.66,2.17,22,0.287,1
LROC_04625,29.2065,-61.0941,0.092,0.204,0.82,1.54,32,0.226,1
LROC_04626,-26.9413,34.3281,0.113,0.227,1.46,2.03,63,0.427,1
LROC_04627,0.0927,133.9936,0.098,0.223,0.07,0.79,25,0.108,1
LROC_04628,23.316,-162.8701,0.131,0.185,0.36,0.74,16,0.107,1
LROC_04629,1.6913,-41.2306,0.106,0.219,0.05,0.49,43,0.178,1
LROC_04630,-60.8075,-123.0333,0.195,0.157,0.15,0.9,69,0.294,1
LROC_04631,-30.0698,70.3275,0.195,0.196,0.75,1.46,67,0.358,1
LROC_04632,48.3834,-141.9392,0.154,0.203,1.63,2.14,40,0.356,0
LROC_04633,57.8269,59.3308,0.162,0.186,0.75,1.37,65,0.35,1
LROC_04634,-58.032,-76.9749,0.179,0.198,0.82,1.45,92,0.466,1
LROC_04635,72.3819,-108.3899,0.172,0.159,0.08,0.52,20,0.09,1
LROC_04636,-27.3884,157.0869,0.1,0.204,0.82,1.47,26,0.202,1
LROC_04637,25.9702,-173.3312,0.118,0.203,0.45,1.04,48,0.246,0
LROC_04638,40.292,-22.4002,0.151,0.226,0.79,1.41,84,0.431,1
LROC_04639,49.9114,-172.2143,0.19,0.158,0.3,0.95,78,0.348,1
LROC_04640,71.32,-5.9065,0.15,0.167,0.65,1.37,51,0.282,1
LROC_04641,-29.9329,0.3771,0.098,0.194,0.41,0.93,51,0.253,1
LROC_04642,57.361,-64.2015,0.174,0.195,0.61,1.14,22,0.161,1
LROC_04643,-58.9301,-132.4218,0.2,0.161,0.12,0.7,51,0.218,1
LROC_04644,32.8065,-44.5005,0.159,0.186,0.38,1.12,60,0.286,0
LROC_04645,38.7164,62.0147,0.183,0.189,0.35,0.93,45,0.222,1
LROC_04646,28.4357,101.6625,0.1,0.213,1.0,1.39,25,0.22,1
LROC_04647,-39.6296,11.0702,0.164,0.189,0.92,1.72,50,0.31,0
LROC_04648,59.6869,32.3404,0.181,0.187,1.8,2.27,82,0.544,1
LROC_04649,-52.9826,-107.7781,0.205,0.161,0.75,1.13,31,0.214,1
LROC_04650,-71.4184,-76.5611,0.181,0.176,0.28,0.99,30,0.154,0
LROC_04651,34.7944,-121.7176,0.159,0.192,1.15,1.8,44,0.314,0
LROC_04652,-3.9239,-90.2537,0.107,0.225,0.52,1.12,53,0.274,1
LROC_04653,55.8557,-99.0408,0.186,0.164,0.16,0.87,58,0.251,1
LROC_04654,-18.6565,7.0016,0.116,0.162,1.03,1.41,83,0.456,1
LROC_04655,-53.0754,22.568,0.155,0.2,0.11,0.68,51,0.217,0
LROC_04656,53.8308,160.1811,0.159,0.202,0.15,0.62,40,0.178,1
LROC_04657,7.8255,-109.5946,0.131,0.204,1.07,1.56,35,0.268,1
LROC_04658,-49.7287,51.0033,0.166,0.189,1.1,1.67,33,0.264,1
LROC_04659,35.2614,114.2133,0.177,0.172,1.17,1.67,25,0.24,0
LROC_04660,1.7782,21.6869,0.103,0.221,0.26,0.93,33,0.163,1
LROC_04661,16.6901,-88.1987,0.124,0.217,1.51,2.01,83,0.513,0
LROC_04662,-6.2563,-85.4819,0.105,0.214,0.96,1.42,16,0.179,1
LROC_04663,52.5934,-165.8689,0.203,0.206,1.35,1.69,39,0.318,1
LROC_04664,52.73,-70.0401,0.182,0.155,0.92,1.35,44,0.286,1
LROC_04665,33.5022,88.0573,0.155,0.193,0.65,1.09,31,0.202,1
LROC_04666,-63.1358,-162.8936,0.178,0.162,0.09,0.83,32,0.139,1
LROC_04667,54.2166,-101.0537,0.199,0.184,0.93,1.65,94,0.488,0
LROC_04668,27.3621,74.2437,0.115,0.185,0.88,1.55,90,0.466,0
LROC_04669,31.5239,101.7546,0.155,0.17,0.28,0.97,54,0.25,0
LROC_04670,-21.9227,-16.0854,0.128,0.193,1.0,1.45,20,0.2,0
LROC_04671,60.6847,71.3068,0.173,0.186,0.6,1.3,57,0.3,0
LROC_04672,36.0595,-40.3372,0.168,0.175,0.61,1.25,84,0.409,1
LROC_04673,-61.9855,-122.4312,0.158,0.18,0.34,0.73,31,0.165,1
LROC_04674,-14.7555,-36.6662,0.139,0.195,0.09,0.93,56,0.235,1
LROC_04675,61.8209,28.7884,0.191,0.17,0.18,0.6,33,0.154,1
LROC_04676,-72.4485,161.2992,0.173,0.204,1.1,1.64,69,0.408,0
LROC_04677,73.8267,-155.2497,0.188,0.186,0.24,0.87,43,0.201,1
LROC_04678,28.666,2.6619,0.109,0.206,0.05,0.86,68,0.278,1
LROC_04679,21.0202,-61.5889,0.128,0.234,4.36,4.78,85,0.863,1
LROC_04680,-36.7105,2.9922,0.165,0.193,0.18,1.03,22,0.11,0
LROC_04681,-40.1933,-171.3688,0.181,0.164,0.8,1.4,22,0.184,1
LROC_04682,70.7293,-67.3109,0.151,0.196,1.96,2.5,83,0.567,1
LROC_04683,-32.2764,115.1525,0.176,0.189,0.69,1.07,57,0.311,1
LROC_04684,44.0808,19.419,0.184,0.167,1.2,1.72,64,0.4,0
LROC_04685,-17.1005,-17.7903,0.113,0.193,2.81,3.38,18,0.409,1
LROC_04686,-57.7193,-77.211,0.165,0.187,1.48,1.96,50,0.378,1
LROC_04687,-78.2856,-72.7047,0.163,0.181,0.61,0.98,19,0.149,1
LROC_04688,7.0812,-42.0835,0.138,0.22,0.34,0.81,33,0.173,0
LROC_04689,76.1246,120.8055,0.171,0.194,0.49,1.06,56,0.283,1
LROC_04690,-20.9382,168.1968,0.132,0.191,1.38,1.76,29,0.282,1
LROC_04691,-22.8492,-22.0841,0.106,0.219,1.44,1.89,72,0.461,1
LROC_04692,-24.9453,-38.393,0.112,0.229,1.4,1.83,28,0.28,0
LROC_04693,3.287,124.7583,0.114,0.188,0.68,1.17,62,0.33,1
LROC_04694,-9.4936,-26.3141,0.104,0.198,0.49,0.89,86,0.403,1
LROC_04695,60.7863,18.7265,0.207,0.167,0.28,1.09,87,0.382,1
LROC_04696,0.8833,-96.861,0.12,0.207,0.05,0.79,89,0.362,0
LROC_04697,1.2413,87.6609,0.119,0.206,1.08,1.68,77,0.438,0
LROC_04698,-57.8605,11.5158,0.207,0.162,0.24,0.92,69,0.305,1
LROC_04699,77.2383,111.2524,0.164,0.181,0.3,0.87,46,0.22,1
LROC_04700,-40.0043,101.0638,0.187,0.182,1.39,2.06,50,0.367,1
LROC_04701,-68.2617,-102.5983,0.203,0.186,0.05,0.91,89,0.362,1
LROC_04702,26.1034,77.6288,0.097,0.209,1.97,2.18,71,0.52,1
LROC_04703,15.2586,108.0196,0.103,0.25,0.05,0.48,58,0.238,1
LROC_04704,-13.5767,-55.4014,0.092,0.248,2.1,2.63,48,0.444,0
LROC_04705,-12.4492,-117.8607,0.094,0.238,0.45,0.92,65,0.314,1
LROC_04706,45.6102,-179.0524,0.209,0.175,0.08,0.93,83,0.342,1
LROC_04707,-48.686,-17.6747,0.173,0.212,0.84,1.49,24,0.197,1
LROC_04708,51.2405,-53.1242,0.194,0.168,1.7,2.11,26,0.308,1
LROC_04709,23.7995,19.7675,0.123,0.192,0.43,0.99,55,0.272,1
LROC_04710,-12.9648,-112.3052,0.093,0.21,0.88,1.54,17,0.174,1
LROC_04711,-6.7154,129.4796,0.112,0.195,2.91,3.09,79,0.665,0
LROC_04712,-38.9364,-87.2081,0.173,0.184,0.21,1.03,54,0.241,1
LROC_04713,40.3383,-98.4853,0.151,0.197,1.29,1.56,79,0.471,1
LROC_04714,2.06,-6.9429,0.105,0.216,0.26,1.12,91,0.395,1
LROC_04715,-28.6633,-0.4136,0.136,0.199,0.42,0.86,93,0.422,1
LROC_04716,15.368,-102.5693,0.106,0.214,0.25,1.0,85,0.37,1
LROC_04717,79.3175,-82.1301,0.156,0.216,0.44,0.82,44,0.229,0
LROC_04718,-10.358,-118.9061,0.14,0.206,0.05,0.66,86,0.35,1
LROC_04719,67.3106,78.6457,0.198,0.185,0.27,0.96,81,0.356,0
LROC_04720,-24.7973,97.2321,0.113,0.212,0.44,0.83,93,0.425,1
LROC_04721,-71.2428,-13.5617,0.157,0.165,0.75,1.3,57,0.318,1
LROC_04722,-47.3213,77.0713,0.168,0.157,0.76,1.24,67,0.359,0
LROC_04723,-13.0088,84.9367,0.1,0.246,0.66,1.24,92,0.447,1
LROC_04724,-44.8584,-130.2208,0.182,0.17,0.26,0.89,44,0.207,0
LROC_04725,-79.9637,167.8241,0.207,0.158,2.21,2.78,55,0.485,1
LROC_04726,66.4002,115.5715,0.179,0.183,0.37,0.79,58,0.276,1
LROC_04727,55.0207,-106.386,0.191,0.182,0.18,0.6,51,0.226,1
LROC_04728,38.7668,-112.9806,0.181,0.189,0.61,1.15,20,0.153,1
LROC_04729,-53.1497,-134.762,0.207,0.193,1.04,1.78,51,0.329,1
LROC_04730,-60.7418,-130.1837,0.174,0.204,0.05,0.87,15,0.066,1
LROC_04731,-69.1832,89.3382,0.164,0.174,0.24,0.9,24,0.125,1
LROC_04732,35.8447,-10.9245,0.17,0.198,1.31,2.02,40,0.317,1
LROC_04733,68.6093,101.8563,0.201,0.164,0.53,1.28,31,0.188,1
LROC_04734,-11.1143,88.6518,0.111,0.208,0.39,0.89,78,0.359,1
LROC_04735,-60.9375,37.6606,0.171,0.167,2.0,2.29,41,0.404,1
LROC_04736,1.9829,67.092,0.093,0.193,0.07,0.61,89,0.364,1
LROC_04737,-24.1869,-173.3919,0.097,0.216,0.72,1.16,82,0.414,1
LROC_04738,-20.028,-67.76,0.123,0.19,0.31,0.99,32,0.165,0
LROC_04739,19.4129,49.616,0.116,0.222,0.06,0.75,64,0.263,1
LROC_04740,34.9949,-176.6358,0.186,0.172,0.18,0.86,79,0.338,0
LROC_04741,-62.3034,-168.1283,0.193,0.178,0.74,1.16,34,0.225,1
LROC_04742,-74.3056,126.6797,0.2,0.191,0.05,0.84,76,0.31,1
LROC_04743,79.0928,66.249,0.206,0.145,0.67,1.22,89,0.436,1
LROC_04744,-42.7635,-84.4669,0.175,0.17,2.36,2.76,73,0.575,1
LROC_04745,-71.3871,67.6666,0.194,0.175,1.19,1.97,39,0.299,1
LROC_04746,-49.6199,105.2844,0.154,0.195,0.32,0.83,79,0.354,0
LROC_04747,-73.7667,-69.5541,0.153,0.208,0.11,0.7,79,0.329,0
LROC_04748,-17.3103,-167.0265,0.111,0.223,0.47,1.16,81,0.38,1
LROC_04749,48.3843,155.8005,0.177,0.182,0.37,1.17,72,0.332,0
LROC_04750,-25.4009,-55.7353,0.104,0.218,2.67,2.87,54,0.536,1
LROC_04751,-8.9307,-141.6666,0.121,0.211,3.44,3.86,61,0.657,1
LROC_04752,28.0939,-2.9315,0.111,0.188,0.4,1.22,57,0.276,1
LROC_04753,1.4231,96.6484,0.102,0.212,0.12,0.72,22,0.102,1
LROC_04754,57.8313,-100.207,0.183,0.181,1.81,2.17,76,0.521,1
LROC_04755,58.5657,-82.9836,0.175,0.188,1.18,1.8,48,0.334,1
LROC_04756,-78.4143,-92.6226,0.16,0.174,0.54,1.01,22,0.153,1
LROC_04757,44.4874,177.0023,0.154,0.172,0.34,0.9,39,0.197,1
LROC_04758,-6.2826,-108.9347,0.107,0.208,0.45,1.25,40,0.214,0
LROC_04759,78.2145,27.1873,0.153,0.221,1.74,2.26,68,0.481,1
LROC_04760,-2.6829,153.0953,0.101,0.202,0.15,0.58,55,0.238,0
LROC_04761,77.9034,-127.1172,0.198,0.189,1.23,1.67,94,0.524,1
LROC_04762,40.7311,169.5075,0.17,0.207,0.05,0.76,86,0.35,1
LROC_04763,-40.2232,161.0918,0.173,0.183,1.9,2.35,77,0.536,1
LROC_04764,6.1432,138.4459,0.112,0.199,0.52,1.2,86,0.406,1
LROC_04765,78.7417,-102.7597,0.163,0.194,0.19,0.95,89,0.379,1
LROC_04766,57.2049,48.2598,0.157,0.192,0.05,0.69,21,0.09,1
LROC_04767,-64.4213,93.9209,0.18,0.166,0.61,1.44,83,0.405,1
LROC_04768,33.0195,174.9701,0.189,0.165,0.21,1.05,64,0.281,0
LROC_04769,-24.7073,-115.0474,0.121,0.212,0.75,1.1,57,0.318,0
LROC_04770,-78.8828,95.7693,0.193,0.187,0.25,0.76,31,0.154,0
LROC_04771,-15.443,-58.0316,0.091,0.214,0.07,0.61,35,0.148,1
LROC_04772,-42.4393,-116.7745,0.176,0.18,0.53,0.97,20,0.144,1
LROC_04773,51.0191,-28.3043,0.164,0.196,0.62,1.11,85,0.414,1
LROC_04774,-26.0271,105.7809,0.097,0.214,0.45,1.02,89,0.41,0
LROC_04775,52.4038,-12.6541,0.202,0.165,0.46,0.84,52,0.263,1
LROC_04776,-79.9043,13.5083,0.167,0.174,0.67,1.07,77,0.388,0
LROC_04777,-30.7489,178.2574,0.156,0.178,0.56,0.95,26,0.171,1
LROC_04778,-41.4136,-36.3207,0.165,0.226,0.11,0.52,36,0.157,1
LROC_04779,-42.6292,41.5443,0.156,0.187,0.16,0.78,17,0.087,1
LROC_04780,-69.0901,-48.5121,0.169,0.204,0.11,0.67,33,0.145,1
LROC_04781,-50.0601,-38.5972,0.182,0.203,0.89,1.67,57,0.335,1
LROC_04782,8.8879,70.4307,0.125,0.201,0.56,0.96,81,0.391,1
LROC_04783,-33.3822,157.6393,0.174,0.187,0.42,1.24,19,0.126,1
LROC_04784,-13.2168,15.2492,0.124,0.206,1.2,1.52,43,0.316,0
LROC_04785,-19.7013,96.624,0.124,0.18,0.3,0.98,19,0.112,1
LROC_04786,60.1448,-147.8856,0.16,0.165,0.63,1.09,59,0.312,1
LROC_04787,64.8478,-103.9831,0.162,0.188,0.06,0.87,68,0.279,0
LROC_04788,-1.1269,0.7674,0.118,0.201,1.02,1.35,38,0.274,0
LROC_04789,-27.175,-172.7958,0.125,0.232,0.89,1.68,35,0.247,0
LROC_04790,-62.9119,-88.9722,0.21,0.162,1.22,1.52,46,0.33,0
LROC_04791,72.5445,6.2645,0.181,0.208,1.62,1.98,19,0.27,1
LROC_04792,-70.3637,-174.614,0.183,0.171,1.06,1.59,76,0.431,1
LROC_04793,-32.376,-84.7633,0.171,0.212,1.4,2.04,32,0.296,1
LROC_04794,-32.3094,5.0511,0.191,0.182,0.32,1.16,49,0.234,0
LROC_04795,-28.7358,26.3337,0.097,0.225,0.32,0.9,94,0.414,1
LROC_04796,-53.7141,153.2706,0.17,0.176,2.17,2.73,19,0.336,1
LROC_04797,45.3058,52.3244,0.166,0.194,1.85,2.43,23,0.314,1
LROC_04798,-60.4003,-30.6951,0.206,0.193,0.6,1.23,18,0.144,0
LROC_04799,21.5851,154.9264,0.101,0.212,0.34,1.05,47,0.229,1
LROC_04800,-60.1846,102.5579,0.176,0.176,1.51,1.78,36,0.325,1
LROC_04801,-68.7143,-107.9968,0.171,0.179,0.29,0.88,73,0.327,1
LROC_04802,65.5087,-132.8967,0.155,0.215,0.13,0.91,25,0.116,1
LROC_04803,-49.5794,63.2922,0.161,0.2,0.77,1.33,83,0.424,1
LROC_04804,51.4,21.5579,0.161,0.209,0.05,0.88,24,0.102,1
LROC_04805,7.1409,104.2825,0.099,0.22,0.36,1.14,17,0.111,1
LROC_04806,-67.543,85.9698,0.174,0.182,1.24,1.95,29,0.265,0
LROC_04807,72.8717,45.0762,0.197,0.178,0.26,0.7,51,0.235,1
LROC_04808,-40.4862,175.0976,0.193,0.189,2.01,2.33,54,0.457,1
LROC_04809,57.5433,12.0923,0.162,0.183,2.34,2.52,31,0.405,1
LROC_04810,-52.9904,-139.2819,0.184,0.198,1.27,2.03,34,0.288,1
LROC_04811,56.6309,118.1785,0.195,0.178,3.3,3.49,18,0.468,1
LROC_04812,-77.8834,-89.3328,0.188,0.139,0.57,1.1,48,0.26,1
LROC_04813,1.8849,99.8288,0.132,0.214,0.63,1.1,48,0.268,1
LROC_04814,43.1108,164.5586,0.194,0.154,1.36,1.64,81,0.487,0
LROC_04815,69.5673,70.8464,0.153,0.204,0.51,0.99,42,0.229,0
LROC_04816,65.4723,34.5709,0.194,0.186,0.39,0.8,93,0.419,0
LROC_04817,51.14,-14.261,0.166,0.19,0.72,1.25,50,0.286,1
LROC_04818,62.1106,-48.8124,0.184,0.185,0.8,1.6,49,0.292,1
LROC_04819,-48.1249,-52.9183,0.165,0.202,1.04,1.69,55,0.345,1
LROC_04820,-34.5305,49.0942,0.2,0.163,0.83,1.5,73,0.392,1
LROC_04821,-33.765,90.4583,0.179,0.191,1.03,1.55,88,0.476,1
LROC_04822,-19.6714,64.2661,0.106,0.23,0.84,1.56,31,0.225,0
LROC_04823,-17.0687,-108.5724,0.108,0.238,0.49,1.3,44,0.235,1
LROC_04824,7.1289,-2.1646,0.114,0.192,0.11,0.98,68,0.285,0
LROC_04825,-54.4192,104.9904,0.194,0.179,1.15,1.48,66,0.402,0
LROC_04826,30.5995,-8.7465,0.159,0.174,0.05,0.88,86,0.35,1
LROC_04827,-53.1894,13.1844,0.201,0.154,3.67,3.82,37,0.588,1
LROC_04828,-30.3506,97.609,0.187,0.181,1.32,1.79,33,0.29,1
LROC_04829,0.5352,58.0555,0.128,0.204,0.83,1.32,51,0.304,0
LROC_04830,47.4305,-32.6358,0.205,0.185,2.55,3.03,73,0.598,1
LROC_04831,38.3151,142.3486,0.165,0.181,0.71,1.34,50,0.285,1
LROC_04832,23.2855,-121.4759,0.091,0.217,0.05,0.5,82,0.334,0
LROC_04833,-55.0763,178.3859,0.181,0.182,0.61,1.34,40,0.233,1
LROC_04834,7.5273,-137.2131,0.133,0.187,0.24,0.84,41,0.193,1
LROC_04835,-66.0086,-174.618,0.177,0.17,0.35,0.72,91,0.406,0
LROC_04836,-19.6219,140.4068,0.101,0.231,0.46,1.02,76,0.359,1
LROC_04837,-13.8374,-91.8167,0.095,0.209,1.12,1.67,76,0.438,0
LROC_04838,-73.6302,82.6919,0.187,0.194,0.52,0.9,66,0.326,1
LROC_04839,-36.1619,111.9655,0.199,0.18,0.48,0.91,58,0.29,0
LROC_04840,72.9039,129.2351,0.161,0.164,0.27,1.14,47,0.22,0
LROC_04841,72.5812,176.9739,0.192,0.182,0.58,1.36,77,0.378,1
LROC_04842,-23.6277,-74.1457,0.11,0.218,0.21,0.66,86,0.369,0
LROC_04843,-73.104,75.6876,0.177,0.187,0.23,0.9,94,0.404,0
LROC_04844,-51.3448,-138.4561,0.169,0.182,1.06,1.54,83,0.459,1
LROC_04845,-17.2452,-33.5487,0.13,0.187,0.31,0.95,48,0.229,0
LROC_04846,71.6448,125.2698,0.198,0.191,0.05,0.68,41,0.17,1
LROC_04847,-57.4081,-47.6431,0.17,0.182,0.32,0.71,50,0.238,1
LROC_04848,42.1625,32.7943,0.171,0.17,0.76,1.24,18,0.163,0
LROC_04849,-62.6108,1.3584,0.17,0.19,1.26,1.6,67,0.419,1
LROC_04850,77.0012,52.5426,0.18,0.168,2.45,2.85,85,0.634,1
LROC_04851,-18.9414,170.242,0.134,0.185,1.03,1.78,51,0.328,0
LROC_04852,44.0375,-159.9352,0.196,0.166,0.42,1.28,93,0.422,0
LROC_04853,-25.1854,26.6261,0.128,0.192,0.27,1.12,64,0.288,1
LROC_04854,20.427,130.6904,0.133,0.186,0.1,0.98,84,0.348,0
LROC_04855,-49.2774,-6.7022,0.193,0.185,0.74,1.07,40,0.249,0
LROC_04856,-56.6366,-151.7302,0.168,0.183,0.53,1.24,39,0.22,1
LROC_04857,70.0903,21.7942,0.156,0.209,0.85,1.3,47,0.29,0
LROC_04858,66.8236,-60.4534,0.204,0.155,0.2,1.01,81,0.348,1
LROC_04859,61.995,-124.221,0.191,0.148,0.29,1.07,87,0.383,1
LROC_04860,20.0694,125.6524,0.095,0.219,0.26,0.85,51,0.235,1
LROC_04861,49.3229,7.7758,0.154,0.219,1.2,1.72,52,0.352,1
LROC_04862,-68.9541,155.9795,0.199,0.178,0.14,0.66,41,0.181,1
LROC_04863,-26.4338,110.1659,0.095,0.265,0.7,1.17,27,0.192,1
LROC_04864,-29.8075,69.4698,0.127,0.208,0.05,0.94,37,0.154,1
LROC_04865,21.7033,-178.1908,0.13,0.205,0.6,1.38,81,0.396,0
LROC_04866,-23.0468,-25.9836,0.126,0.171,0.05,0.54,69,0.282,1
LROC_04867,-56.2389,-108.9049,0.201,0.176,0.15,0.67,51,0.222,1
LROC_04868,15.4347,147.8872,0.124,0.207,0.09,0.54,26,0.115,1
LROC_04869,50.3014,-117.1498,0.203,0.163,0.32,1.18,68,0.31,0
LROC_04870,-18.8602,-77.0184,0.105,0.211,0.32,1.14,34,0.174,1
LROC_04871,-58.837,6.0612,0.201,0.169,1.31,1.86,32,0.285,1
LROC_04872,-48.5299,-85.1891,0.167,0.182,0.19,0.92,21,0.107,1
LROC_04873,-42.0027,-104.4487,0.187,0.207,0.07,0.84,90,0.368,1
LROC_04874,-32.0164,35.6758,0.152,0.186,0.69,1.12,16,0.147,1
LROC_04875,22.8472,-147.9854,0.108,0.214,0.87,1.65,68,0.376,1
LROC_04876,16.1513,-159.0596,0.115,0.202,0.26,0.9,22,0.119,1
LROC_04877,31.3728,-45.9917,0.175,0.193,0.69,1.07,47,0.271,1
LROC_04878,-21.9997,79.4392,0.137,0.201,1.12,1.61,60,0.374,0
LROC_04879,51.8396,19.7304,0.192,0.169,0.32,0.99,56,0.262,1
LROC_04880,-47.346,-27.7645,0.15,0.164,0.56,1.08,77,0.375,1
LROC_04881,-4.9535,23.6706,0.098,0.22,0.12,0.86,91,0.378,0
LROC_04882,48.1502,-48.4375,0.153,0.187,0.05,0.89,47,0.194,1
LROC_04883,-51.1746,157.0127,0.19,0.174,2.99,3.48,83,0.691,1
LROC_04884,-62.4219,-160.2342,0.208,0.149,0.27,0.96,84,0.368,1
LROC_04885,61.3894,62.4209,0.189,0.196,0.25,0.88,18,0.102,1
LROC_04886,-25.1313,140.8618,0.102,0.227,2.72,2.98,72,0.614,0
LROC_04887,29.4192,109.3985,0.095,0.239,0.98,1.51,43,0.29,1
LROC_04888,-75.9442,-113.7452,0.209,0.183,0.66,1.14,35,0.219,1
LROC_04889,30.4075,-73.4665,0.163,0.196,0.9,1.68,40,0.268,0
LROC_04890,-29.4238,78.1373,0.116,0.191,0.93,1.69,55,0.332,1
LROC_04891,-71.0815,-149.6626,0.174,0.209,1.08,1.45,92,0.498,1
LROC_04892,17.57,112.2702,0.096,0.203,0.05,0.86,48,0.198,0
LROC_04893,-41.4714,78.8065,0.202,0.165,0.4,1.11,58,0.28,1
LROC_04894,-18.1108,82.6584,0.137,0.209,0.26,1.12,15,0.091,1
LROC_04895,-67.1071,-143.9131,0.19,0.186,0.05,0.68,46,0.19,1
LROC_04896,-56.4539,78.3938,0.183,0.186,0.4,1.12,46,0.232,1
LROC_04897,-32.3236,64.7345,0.167,0.179,0.72,1.31,65,0.346,1
LROC_04898,-65.6385,119.1321,0.166,0.176,0.15,0.57,38,0.17,1
LROC_04899,65.7322,-165.0255,0.182,0.216,0.27,0.67,58,0.264,1
LROC_04900,-79.0325,-171.6802,0.159,0.188,0.76,1.15,90,0.451,1
LROC_04901,-2.5824,-45.7174,0.117,0.205,0.65,1.13,51,0.282,0
LROC_04902,-60.2804,-126.4362,0.154,0.18,1.52,1.9,80,0.502,1
LROC_04903,-30.7713,21.0184,0.156,0.193,1.17,1.82,28,0.252,1
LROC_04904,68.1695,150.2456,0.171,0.186,2.53,3.03,31,0.428,1
LROC_04905,-54.1289,-39.0673,0.157,0.189,0.68,1.5,29,0.198,1
LROC_04906,74.5332,124.1821,0.179,0.185,0.9,1.37,75,0.408,1
LROC_04907,-47.0729,-179.9133,0.174,0.208,1.48,2.2,63,0.43,1
LROC_04908,38.6506,-119.3347,0.193,0.164,1.37,1.94,22,0.252,0
LROC_04909,7.4684,-169.0475,0.12,0.207,0.95,1.5,17,0.182,0
LROC_04910,61.5166,-61.867,0.195,0.163,0.52,1.2,89,0.418,1
LROC_04911,8.6389,146.9483,0.1,0.219,0.24,0.97,41,0.193,1
LROC_04912,5.5295,-145.0972,0.104,0.205,1.57,1.9,23,0.28,1
LROC_04913,-48.7267,38.3075,0.174,0.174,1.12,1.78,29,0.25,1
LROC_04914,-53.4033,-17.4615,0.178,0.158,1.36,1.99,46,0.347,0
LROC_04915,66.6383,157.8486,0.175,0.183,0.11,1.0,25,0.113,0
LROC_04916,-27.5459,-135.8931,0.105,0.219,0.28,1.11,17,0.102,0
LROC_04917,-20.4668,-103.67,0.136,0.227,0.41,1.11,40,0.209,0
LROC_04918,41.5718,-169.3649,0.17,0.191,1.37,1.99,21,0.248,1
LROC_04919,-25.7882,-23.7833,0.11,0.204,1.68,2.38,69,0.478,0
LROC_04920,72.33,-79.9802,0.164,0.166,0.25,1.11,53,0.242,1
LROC_04921,38.0684,133.1661,0.198,0.153,0.87,1.6,18,0.176,1
LROC_04922,15.5887,37.7787,0.138,0.178,0.06,0.84,44,0.183,1
LROC_04923,60.9432,41.0727,0.168,0.213,0.4,0.82,52,0.256,1
LROC_04924,-72.0631,11.4879,0.191,0.178,0.5,1.27,65,0.32,1
LROC_04925,-38.87,-146.9339,0.192,0.165,1.09,1.51,92,0.499,1
LROC_04926,-5.5942,-19.7933,0.13,0.187,1.67,2.18,50,0.4,1
LROC_04927,-43.6834,179.8219,0.186,0.163,0.31,0.88,74,0.333,1
LROC_04928,39.0248,120.6825,0.184,0.168,0.56,1.08,65,0.327,0
LROC_04929,67.0733,141.6453,0.155,0.21,0.78,1.26,90,0.454,1
LROC_04930,-12.1968,116.3615,0.112,0.209,0.3,1.1,63,0.288,1
LROC_04931,-25.2588,-142.905,0.111,0.188,3.18,3.65,29,0.498,1
LROC_04932,73.8481,-98.1186,0.176,0.215,1.56,2.07,87,0.535,0
LROC_04933,-8.8236,-178.8762,0.131,0.184,0.26,0.97,42,0.199,1
LROC_04934,-1.7523,-70.7364,0.131,0.192,0.53,1.37,39,0.22,1
LROC_04935,-23.736,-140.9013,0.13,0.221,0.2,0.78,94,0.4,1
LROC_04936,65.5278,-9.7944,0.157,0.196,0.54,1.16,50,0.265,0
LROC_04937,11.0329,63.7659,0.13,0.194,0.86,1.44,18,0.175,0
LROC_04938,41.9479,134.8219,0.167,0.166,0.07,0.93,35,0.148,1
LROC_04939,49.8891,89.7182,0.209,0.151,1.53,1.95,79,0.5,1
LROC_04940,-25.3042,157.8908,0.137,0.185,0.68,1.51,83,0.414,1
LROC_04941,-10.6089,-160.5966,0.131,0.201,3.42,3.63,24,0.506,1
LROC_04942,55.7555,-175.6153,0.157,0.192,0.05,0.5,64,0.262,1
LROC_04943,-21.8791,58.0817,0.134,0.197,1.34,1.7,24,0.257,0
LROC_04944,47.0296,-75.8331,0.209,0.165,1.18,1.68,30,0.262,0
LROC_04945,70.5588,-88.7396,0.168,0.169,0.11,0.82,52,0.221,1
LROC_04946,19.7137,-60.8806,0.121,0.21,0.31,0.94,81,0.361,0
LROC_04947,38.6604,-82.8734,0.21,0.185,1.62,2.05,34,0.33,0
LROC_04948,48.8156,4.1171,0.185,0.174,0.55,1.18,83,0.398,1
LROC_04949,55.2063,-21.5466,0.169,0.181,0.38,1.16,84,0.382,0
LROC_04950,-16.7915,4.4743,0.128,0.204,1.77,2.41,39,0.368,0
LROC_04951,-71.7978,62.1769,0.201,0.186,0.07,0.83,68,0.28,1
LROC_04952,-15.6998,-40.633,0.097,0.203,0.48,1.31,26,0.162,1
LROC_04953,27.801,-89.5292,0.106,0.234,0.79,1.41,79,0.411,0
LROC_04954,-7.9439,-120.1678,0.108,0.218,0.7,1.03,68,0.356,0
LROC_04955,39.8341,-54.1893,0.167,0.185,0.23,0.75,81,0.352,1
LROC_04956,-22.8828,87.0503,0.125,0.222,0.62,1.12,35,0.214,1
LROC_04957,21.5591,92.4138,0.117,0.19,0.92,1.5,19,0.186,1
LROC_04958,-50.1728,60.0859,0.17,0.191,0.66,1.45,72,0.367,1
LROC_04959,39.8991,-95.7499,0.186,0.183,0.87,1.6,93,0.476,0
LROC_04960,7.3114,31.711,0.116,0.194,0.22,0.71,18,0.098,0
LROC_04961,-47.3497,25.4483,0.164,0.193,1.34,1.87,33,0.293,1
LROC_04962,-33.2942,-5.6642,0.181,0.183,0.45,1.13,69,0.33,1
LROC_04963,39.7774,17.9924,0.175,0.179,3.27,3.84,75,0.692,1
LROC_04964,-2.7838,-2.9554,0.102,0.227,0.05,0.46,86,0.35,1
LROC_04965,-45.435,23.5643,0.153,0.183,0.36,0.96,38,0.195,1
LROC_04966,74.7634,77.5821,0.181,0.183,0.15,1.03,82,0.346,0
LROC_04967,34.42,-140.5339,0.199,0.168,0.61,1.44,33,0.205,1
LROC_04968,73.1416,89.8653,0.201,0.16,0.21,0.75,38,0.177,1
LROC_04969,-11.6632,-131.081,0.091,0.227,1.0,1.3,68,0.392,1
LROC_04970,-3.9839,-156.0139,0.093,0.215,1.6,2.13,35,0.332,1
LROC_04971,63.6728,171.3887,0.201,0.147,0.18,1.0,86,0.366,0
LROC_04972,4.0079,164.517,0.1,0.188,0.13,0.68,33,0.148,1
LROC_04973,33.1646,-158.2428,0.206,0.179,1.56,2.27,89,0.543,1
LROC_04974,-39.6523,-20.4288,0.204,0.15,0.34,0.87,67,0.309,1
LROC_04975,-8.5238,-112.9518,0.119,0.211,0.43,1.09,64,0.308,1
LROC_04976,-60.248,-5.2758,0.166,0.186,0.19,0.93,37,0.171,1
LROC_04977,-47.0432,118.8638,0.161,0.182,0.42,0.95,51,0.254,0
LROC_04978,-79.8491,162.2202,0.162,0.216,0.2,0.76,42,0.192,1
LROC_04979,-73.7176,48.331,0.204,0.171,0.82,1.37,90,0.458,0
LROC_04980,76.3654,-52.594,0.206,0.179,0.52,1.29,94,0.438,1
LROC_04981,-41.2234,37.1972,0.153,0.195,1.16,1.49,94,0.515,1
LROC_04982,26.1297,-67.6795,0.1,0.212,0.28,0.97,92,0.402,1
LROC_04983,54.256,147.5365,0.184,0.177,0.53,1.22,85,0.404,1
LROC_04984,8.1057,133.3442,0.137,0.22,0.23,0.89,35,0.168,0
LROC_04985,-55.4969,20.9634,0.188,0.192,2.04,2.7,35,0.385,1
LROC_04986,36.4986,-63.0724,0.207,0.196,0.55,1.2,55,0.286,1
LROC_04987,16.0402,-74.3797,0.097,0.22,0.14,0.84,49,0.213,0
LROC_04988,37.0001,-167.9695,0.157,0.176,0.24,0.92,15,0.089,1
LROC_04989,43.1595,113.6955,0.152,0.185,0.06,0.82,92,0.375,1
LROC_04990,76.0657,-17.862,0.172,0.165,0.05,0.51,81,0.33,1
LROC_04991,11.7701,-62.9521,0.134,0.211,0.56,1.35,84,0.403,1
LROC_04992,-25.3374,-10.4003,0.118,0.198,0.31,0.7,18,0.109,0
LROC_04993,23.7543,114.7457,0.107,0.166,2.49,2.96,15,0.359,0
LROC_04994,-69.0495,-135.1389,0.195,0.209,0.14,0.83,35,0.157,0
LROC_04995,63.5836,128.7562,0.174,0.173,1.18,1.57,66,0.406,1
LROC_04996,-60.899,143.1032,0.17,0.175,0.28,0.67,67,0.302,0
LROC_04997,-27.5451,160.8148,0.107,0.237,0.19,0.64,94,0.399,1
LROC_04998,50.5193,-36.9043,0.201,0.151,2.62,2.89,70,0.594,0
LROC_04999,15.57,-101.8295,0.129,0.219,1.22,1.94,87,0.494,0
