latitude_deg,longitude_deg,elevation_m,slope_deg,roughness_m,annual_illumination_pct,max_temp_k,min_temp_k,psr_flag,ice_prob,weh_wt_pct,radiation_msv_yr,shielding_factor,earth_vis_pct,suitability_score,zone_class
-89.86977662876195,0.05941788379063774,1256.3196186323453,4.518336203262781,0.8399766080533698,92.59105441987963,226.82640561493122,180.1432972869233,0,0.3517330669807324,1.2819203518220634,353.57236939951974,0.22963215344294335,87.87978538597152,91.3807549420719,Optimal Habitat Base
-89.87010630098924,-0.15486803372564603,1236.017677451951,4.446003521402632,0.8415881298957378,93.262907831532,209.90139021291824,181.4800670923782,0,0.34226944298159767,1.2988215965494643,366.81087937248486,0.19382170074195473,89.03176528237427,96.04894822422982,Optimal Habitat Base
-89.91689991725818,0.17456947196136152,1241.9706090775774,4.10993947900293,0.7463346272173547,91.7308809790004,204.90900833218822,178.76117826240719,0,0.38806908457776207,1.0603233650726447,342.05357850441004,0.24232446695175525,91.50340571175836,92.7664687174824,Optimal Habitat Base
-89.81336269874677,0.043245176484606074,1270.9748772698154,3.9624390505105516,0.8744529490621056,91.09797561513032,218.43982538723947,182.41188959653132,0,0.3382392461929155,1.0479293758314314,356.0541399380708,0.21363513930429381,87.46417743895286,96.66079073242322,Optimal Habitat Base
-89.78038366595872,-0.09191251891764626,1253.948821695339,4.080468121483236,0.914419968800049,92.23760217807819,224.63477856219995,185.90916278576466,0,0.3539046156451007,1.1813616659300203,367.15145851721604,0.23555776752389812,87.3082009834601,93.71368295417412,Optimal Habitat Base
-89.91948265867653,0.11592185572164415,1279.4689495313319,4.845518489727126,0.7645648353668877,91.71030978630931,217.99899108395218,179.0882716180552,0,0.3778963656313918,1.1954120989478199,365.5268613725825,0.20967403105511676,90.48283270148904,94.13586507371649,Optimal Habitat Base
-89.99186121502116,-0.10214684670067747,1252.4825946069304,4.776449346390448,0.7770206227031871,91.24621735665077,222.4483487939742,177.00289340163255,0,0.3354872278540343,1.2072114477876845,351.5074693100403,0.1843401419573994,87.69965992029186,95.72237952983696,Optimal Habitat Base
-89.86769984529354,0.13362337003593017,1275.1107202396852,3.9299437127006698,0.7627291775444554,90.44807836025662,219.2396918974084,176.88364942004998,0,0.34476418900461353,1.1127803008777477,361.2752434462816,0.20103872743281326,87.00485616675397,95.58034367878668,Optimal Habitat Base
-89.8638850014688,-0.022512238185449354,1267.3797631050606,4.439036281919508,0.8949569395061759,92.59938920192891,228.53601542390732,180.30964585711484,0,0.3919887852832582,1.342076638150589,353.8590900815189,0.20622919237443482,87.97464834362931,95.42268624614398,Optimal Habitat Base
-89.95748535040643,-0.045373086565623943,1273.9446067456258,4.400050189633627,0.6823680494903217,89.50102940327045,230.79443189853683,185.8978370396586,0,0.33251218355826817,1.0511567830171562,345.0039434998306,0.23018322085683415,92.95385671391382,97.66988626534064,Optimal Habitat Base
-89.97878427467447,-0.029577127692116047,1232.8590456845752,4.241085092090767,0.7334469593879703,90.68127243423275,215.66369441048485,182.6180229296009,0,0.33455423385911165,1.1628822305241904,359.0873477485731,0.25285041676248826,93.23155100942294,95.48401901307129,Optimal Habitat Base
-89.90442869959047,0.131624730679068,1273.343290940231,4.464543279752664,0.7210329784392939,93.31226310475502,221.7910067930552,175.53148844897294,0,0.3298437182757505,1.2582032288872795,334.90689084970154,0.2174905367126068,87.68987488163582,93.66458863266071,Optimal Habitat Base
-89.92285965627642,-0.1479400371416769,1271.0496008763175,3.561631546612423,0.8084643770900438,90.22866318192509,229.91789340000227,180.11343219242085,0,0.28630001568928837,1.2546821076518622,346.25938631164445,0.23969778122173005,90.23544533106671,97.00889324607903,Optimal Habitat Base
-89.89064841248064,0.08191487928466037,1250.8550831288483,4.023103862918884,0.8532877465902836,89.6542740436119,219.81846389663767,177.15717213910483,0,0.3752628220087376,1.1053319355005677,351.7293392590001,0.22087827004084992,91.97544610403028,94.00122553925527,Optimal Habitat Base
-89.92004460374648,-0.13482016927030538,1230.3401047248487,4.323894375724601,0.8016034254599351,91.5721547223002,228.7060746577149,171.63861043414684,0,0.41953464930469025,1.3178274680554767,352.39365599300635,0.22782465573702357,87.63430983150657,95.27884981416382,Optimal Habitat Base
-89.79250783007139,-0.0646288208252031,1245.359887835633,3.9729701338206365,0.7701943194189201,90.89595895299658,214.5255720566302,178.68193966593097,0,0.35162697187548136,1.1596850094694795,336.60723720627607,0.21691364585258877,88.90545675591102,97.64631254241523,Optimal Habitat Base
-89.89865906399099,0.09355860725326604,1241.4860058328786,4.5894523015962,0.7527728426333021,92.25748380167812,224.2018269054082,183.46803062750578,0,0.41492449430541517,1.1415635341640151,366.3102664822506,0.243112902454511,89.09893281602808,97.55889156018733,Optimal Habitat Base
-89.9073279076984,0.0022316556559238486,1249.8903272390148,3.81804429266832,0.8380757017130857,92.40809721273841,219.47660340096073,188.81267273733678,0,0.3368833982781445,1.0270202585388923,370.21764777121234,0.24022218614405966,90.25208332490317,94.29083194962772,Optimal Habitat Base
-89.8828954199465,-0.12603782936452443,1245.4971403135464,3.928890737043666,0.8130940631857178,92.88520268775858,214.76187406912516,183.6245634038421,0,0.35599244781162964,1.268385238162556,353.0622018771102,0.2340803080533355,87.60838687070411,92.27662185521581,Optimal Habitat Base
-89.97269660026677,-0.050276632117075976,1217.7495302445425,4.665111769516187,0.7958584418625293,92.87890887109964,223.93534177754623,180.0320857087849,0,0.4560959496462009,1.4927645235868832,366.13513982989457,0.2018962278841644,91.86593372520245,92.17720133781732,Optimal Habitat Base
-89.83016267909925,-0.255612178141766,1243.6208692772577,4.5627372704586975,0.81925999890921,89.28213749624835,220.85149341467547,181.9281195665373,0,0.35614356340354614,1.1592719944038687,361.8406515953443,0.24289823174651928,88.69161986397498,97.07948225096216,Optimal Habitat Base
-89.90781303638833,-0.04898143552733762,1277.1382005484575,4.5961269068931685,0.7689945599650903,90.3521236565411,228.82192450071315,179.48669019287593,0,0.3500985720324825,1.1747752562652063,365.57288669795213,0.2628834299504491,89.13997325859218,98.42658308512672,Optimal Habitat Base
-89.92772537746093,-0.028280203642894953,1263.4617518704035,3.9549027810649986,0.8330106159724648,90.72225798004536,212.27937209999055,171.2874848910475,0,0.34028629026855983,1.2417611695831194,344.1104820371324,0.22357182844991352,89.36284344012257,94.54853690136581,Optimal Habitat Base
-89.94631234909046,0.024023692415031394,1247.1532832329783,4.49452300236945,0.7353596739967498,91.67094739997005,213.64078458344258,178.81463004850622,0,0.3171476003489401,1.1082720766855874,354.96923080449113,0.20868747400706442,91.93338966706823,96.56874719464854,Optimal Habitat Base
-89.85976238611731,0.07849554608949544,1252.6052780892865,4.591438808080936,0.7852978607913341,94.6790579047169,215.28904256761896,174.35587203571149,0,0.3081507749616771,1.0779133360760131,341.96515334242974,0.2242819305075845,90.70764377173778,94.85120611666667,Optimal Habitat Base
-89.96926454543892,-0.04696794827187631,1266.8297190056821,4.097421366490903,0.7600809318307726,89.22932350459875,217.88628129793034,176.48718689522838,0,0.34740880535466756,1.247637940267984,352.74022950123197,0.22369614392771334,89.94401029901587,92.9552865728006,Optimal Habitat Base
-89.80569793514425,-0.07414276075172421,1260.3311249941169,3.859204719935932,0.8055071306837495,91.72009793185916,228.29549657685558,178.83690497520737,0,0.38898408647583077,1.2290458269397277,369.81685614570193,0.18439801399439373,89.96433836468795,90.7906577807329,Optimal Habitat Base
-89.90290347349621,0.10209924703814688,1278.912337574011,4.421587366080976,0.785471889522412,92.31769325638716,232.5818792815881,180.37689345296369,0,0.3788310930687228,1.1570647710484965,363.5634224296472,0.2381211191669038,87.77897266664931,95.96595918240538,Optimal Habitat Base
-89.85876080538559,0.0739942716268342,1249.1770811645397,4.5687276773414185,0.7532537346891673,91.5146220703221,220.55701254308363,185.856864712131,0,0.32100574319443986,1.2241095142908436,351.06133564753156,0.222189053361311,89.78458670222203,92.88236048898271,Optimal Habitat Base
-89.83679697700637,0.04278313429990192,1232.8280796133802,4.097646239149972,0.8747098236580588,92.12377640440974,215.17560128241487,176.08247453084456,0,0.3687437594739384,1.2744795441131278,357.9029234904383,0.2141707353970743,90.61936704192338,94.33216357730446,Optimal Habitat Base
-89.94273456959725,0.15866145597306167,1259.7759228846144,3.9645627264770362,0.8067127618339087,91.54094166450042,218.2504125332649,181.1677493871449,0,0.3221441701712748,1.287364013256826,354.9507106167708,0.18781091353743773,88.54369558816116,93.87620028323181,Optimal Habitat Base
-90.04952031522845,-0.015581421438298514,1270.7355568948901,4.167655503909365,0.8354072027561991,91.51274252606501,217.7181460460398,176.34199260411606,0,0.31151615736839766,1.292576542619614,360.84598967407317,0.21443416619065012,84.95146917358632,95.50812592956231,Optimal Habitat Base
-89.94523885399374,0.01438823734953145,1219.175061558084,4.227599695489128,0.7934341459470412,87.88542421552187,228.08979347218198,178.37152759377452,0,0.34222183753338387,1.2534676971163308,354.59465921447253,0.22727959973272271,86.7112348259653,94.58672766174303,Optimal Habitat Base
-89.99546585930473,-0.023764716918928754,1278.9013577292,3.7482040437018624,0.7824625857220188,88.31410289040612,220.03973390219394,182.3308729831465,0,0.3615042722698882,1.1398131925252195,337.84664180998186,0.19516882241889696,91.51295105867784,96.11846863215631,Optimal Habitat Base
-89.90456697239053,0.016229321462456543,1229.4476246937522,4.587189871173207,0.764042523886952,92.15591364436739,213.36049333031823,179.10896645828524,0,0.38745311815943173,1.1053066902480115,360.9948593656294,0.19838467655629669,87.19617793746465,94.7865370886655,Optimal Habitat Base
-89.8514179943843,-0.02981856423311868,1262.3715056828282,4.5432405848209765,0.7614425708045618,89.2122516065099,218.22242254307452,186.36544250365571,0,0.32562028661675513,1.3014949738640746,352.8999957541633,0.25512424166447845,93.49084410697725,96.347193770703,Optimal Habitat Base
-89.98233014056883,-0.24032285918779295,1251.2235445931817,4.471995002436983,0.8250505002827593,90.41461058638909,212.57007153965085,184.64895480715822,0,0.40575795358903843,1.1329944141472863,361.6017011766929,0.2720586808338911,88.62055919492511,94.54577149035283,Optimal Habitat Base
-89.87201339804109,-0.02843514997403912,1276.7846597247824,4.078797772255726,0.7984475482449556,89.33633336865114,218.82208241688886,174.9621017028262,0,0.3603819199370019,1.0335767811811758,362.8391007565485,0.2025765393115843,92.56825740039022,96.85613609007824,Optimal Habitat Base
-89.87321772655886,-0.15379898312727666,1237.4422228346493,3.9311132119597323,0.7614436784838824,93.86517830379472,219.2367810448456,176.7106809082569,0,0.32756271559222266,1.1468162245973816,359.2609559420191,0.18745819225811494,89.19635721987858,95.43532024944764,Optimal Habitat Base
-89.98676823302587,-0.14175269251745024,1249.0458531336205,4.6322947942133705,0.860136406207302,90.58729532789903,227.04644217167396,178.40186649774384,0,0.34015379389899164,1.2094015502713586,361.7157193051122,0.2078200360969577,88.20390140233485,92.92774858475863,Optimal Habitat Base
-89.88244867428281,0.09333391899629212,1269.892495466981,3.79002585331195,0.7808551752859729,93.3682018865088,221.16084586414163,180.1705237550991,0,0.3503159957707825,1.2541458546843005,357.2873274544321,0.20849228153398175,90.76211903217181,92.99567242539484,Optimal Habitat Base
-89.8338937787944,-0.0895954211840626,1260.9577988408196,4.150571114711098,0.7761811099930169,93.53635638389973,223.71453055547173,179.70524334883993,0,0.4023551413897327,1.2979749193049226,348.55618188052443,0.17479303409840552,89.21372099643604,96.87524708223351,Optimal Habitat Base
-89.86946746675027,0.1573963721433455,1238.0337430389213,4.164832750833254,0.7953529196573408,91.86183184246597,223.83721391178003,188.16184833797288,0,0.40528082665008874,1.3666570768879795,360.3526488980952,0.21315555018905163,89.45179686354979,95.78284914050049,Optimal Habitat Base
-89.89324659674939,-0.09137943197410318,1240.7525670243956,4.460412600045013,0.7876749688585107,91.5362597730126,219.6078931077494,175.53900324352747,0,0.3448618781810863,1.1542182742428504,349.4655424474174,0.19883382041571823,88.79879354314943,95.72725515220642,Optimal Habitat Base
-89.84397099524035,-0.13941476923100862,1282.1280758720793,4.287883646694201,0.7436485637990604,90.89445324981666,210.6130711605754,171.89120798232437,0,0.40164275066071836,1.1300699056360521,359.29513907447034,0.21777617785452072,89.0356194539262,95.35204070875349,Optimal Habitat Base
-90.00420103175897,0.1318542136991665,1248.0258001477105,4.048715858045981,0.8234003235331876,90.41832180466426,221.0410598514159,179.1730043648404,0,0.37133030330665673,1.1786053700148373,346.7598380341381,0.22724683731769363,88.45877095114955,92.06850413062362,Optimal Habitat Base
-89.89011718537415,-0.05374437659180945,1256.9151327290674,3.9434842030141732,0.739680821898943,93.2701864469836,224.21573991389124,179.9671020675397,0,0.3631330126300605,1.2810414666534613,354.9184823983189,0.19582987423195575,89.59893863623162,96.30333252181251,Optimal Habitat Base
-89.87034093089292,0.005930383688688659,1261.3058208977302,4.133026520963691,0.8522087607661278,93.52077087073472,213.51908723641483,185.57967210767063,0,0.41711853154404666,1.2525588335439513,362.87005835048126,0.20705806937140175,87.99258632560654,94.48573557741163,Optimal Habitat Base
-89.92012246581224,-0.1311823905784878,1246.546772382835,4.450914915127473,0.7350738108079871,91.76869783256527,220.74225303800722,178.49342118949338,0,0.3648957632393436,1.2402659251197756,352.02053722413757,0.24121781238793805,90.12122085375454,97.16021267640795,Optimal Habitat Base
-89.90332142947773,-0.03217645216624997,1245.8306789440255,4.553495063229933,0.792565148339058,91.36853431782393,229.80486561549287,173.27760697220683,0,0.3607046038093401,1.1938544252487298,352.9951283421248,0.20093274741581726,87.67216120003867,94.18786395430693,Optimal Habitat Base
-85.97521297437255,2.7852441112593933,5014.423810321697,3.439530513238472,0.6273944430589103,89.9483887900952,222.68170102054654,194.37144353533876,0,0.19958085819003357,0.8747071903281564,358.18610315379345,0.12219952556853939,94.38269268655377,92.00358659572521,Solar Power Array
-86.01600889608709,2.6609802695621934,5083.857784297211,3.290058042957647,0.5577562974676075,88.37212445194288,230.11992532705455,193.55506949633818,0,0.2259608565282791,0.9076523611446552,368.8516342704954,0.1153995834305431,91.67126426071086,94.12093495825458,Solar Power Array
-85.94586867411597,2.763602107294497,5033.594602911592,3.70324356396767,0.5800567774259557,87.46290300949781,231.2952431696596,200.77734823980816,0,0.18513118534673906,0.9296774299762445,357.9172822722308,0.11926673789429798,96.97499148492258,92.0717788356483,Solar Power Array
-85.93643756219443,2.8470893453196378,5044.431840713277,4.202904871046985,0.556197255621274,87.66230130228415,235.36137214624992,182.26096341771768,0,0.19995323389316466,0.9249653443908454,375.53432411690926,0.14134664401301342,97.01846116905662,90.71560335981052,Solar Power Array
-86.03336848495093,2.7230409535445013,5057.555022264568,3.4856819297346044,0.6931138327689309,86.18380574557301,230.27101939977624,190.97953747502362,0,0.14759121004266612,0.9324129401790673,359.0761888119568,0.1519691037774637,95.65607659534682,90.21861306277727,Solar Power Array
-86.0536069142816,2.856302782725512,5048.68336715108,2.990882754564533,0.5849039174968389,88.95064716343967,231.09685324018955,180.00561131934046,0,0.19912074136246366,0.7167347925167437,366.7682763440997,0.16012672009270973,95.79998825911959,94.50595988446709,Solar Power Array
-85.89047149328687,2.5866396480702893,5042.360392997158,4.02291852305578,0.5936601942910263,84.91582093174884,229.03726644699248,196.17073493730982,0,0.15815775673021068,0.8220504513276743,349.7411082698776,0.1674005928379861,95.48312856237416,91.54787433217096,Solar Power Array
-86.02089747656173,2.5500931928782617,5070.152641324013,3.5601947624728476,0.6250149384513888,87.55713443918502,240.99201383245503,197.79832369165484,0,0.2622123384643894,1.0190529229558314,359.92383312205766,0.13231737462270104,99.05226904119135,92.18839354194954,Solar Power Array
-85.958339103111,2.637931871772732,5037.915338166414,4.048987499540503,0.5015063108117708,90.17476246180861,232.62236899891178,187.3492279232504,0,0.20072549738169337,0.818085453228949,366.89622121757543,0.16380286115948844,93.37003501878631,96.44658844664133,Solar Power Array
-86.01027970239996,2.6869305787734996,5088.893785377726,3.2512858609229838,0.6967128123877813,89.14019016209127,227.34911771873118,184.4017383007037,0,0.16192694834804053,0.7658176434539311,367.2238662162849,0.16244993078946424,95.53203236515344,91.63468829417144,Solar Power Array
-85.93302437615438,2.967380310748741,5079.892499720768,3.6922126726910807,0.6251039366709005,89.84926225362261,238.01838204544828,188.30909616346833,0,0.1710524769689035,0.9133851291500895,368.25101675988475,0.12782477373526518,96.41114731802986,95.15738319189263,Solar Power Array
-86.03468797692658,2.6108998415305913,5050.601275033945,4.004089848361874,0.5962543334117869,90.70163791369687,231.30353645387257,195.05826835114482,0,0.1783752586131115,0.6772278398928198,362.2797304624514,0.12307106658943355,95.81864894887023,89.37494414217213,Solar Power Array
-86.02263636073263,2.671404255955458,5029.067270387683,3.7080938933458696,0.6002135790350324,90.90384919066885,224.79632027480855,191.78668645587047,0,0.21667276336571523,0.797883144882971,361.01566643044487,0.12722016270872014,98.79713091736801,92.5089607539727,Solar Power Array
-86.01577779949439,2.9121550091542994,5054.4457317199185,4.563049328715035,0.5291840577217644,88.64429169990328,223.14990376548468,189.38938359931166,0,0.19619276228487004,0.7541968079581698,365.43110885458054,0.1418140575416627,94.77925332704314,91.26631166276287,Solar Power Array
-85.92785892626243,2.5891250591564106,5054.247274920577,3.442206451139247,0.5582527475469103,87.9076030190654,229.34109814538084,190.87710910706537,0,0.16679818726748935,0.7586493540273953,357.0708366966723,0.12929380459990678,97.26711926432176,90.31202199586133,Solar Power Array
-85.99626576493401,2.8698073366275922,5074.1231685347,3.927607560558826,0.5991873013472234,90.10496309354795,231.84696950784348,197.11312870171287,0,0.19598843229435203,0.9001101694595439,362.3941931700023,0.18786992641434103,94.67630716995576,89.97159763171797,Solar Power Array
-85.9961147433152,2.776460180635664,5082.5736247099985,3.5011545572516436,0.512778886039023,89.7450697699259,232.32885030134503,182.9446403672987,0,0.19011206966149968,0.7715246620725457,371.5849602075718,0.14172588728256655,94.12897820024837,92.57193962654794,Solar Power Array
-86.06890556286886,2.89007819401106,5068.681363998322,3.5894605951708236,0.5441180701792493,87.43976090877736,232.93370739513398,184.94809747393464,0,0.1925201822993158,0.6309177507154728,369.33013014967526,0.16157498959478678,94.63086225074424,92.69033685598404,Solar Power Array
-85.96021294956002,2.7166676695056027,5065.617060155733,3.4496070107918815,0.618934711866846,89.29017707409895,236.00992471337497,190.1518642793666,0,0.19707917516551593,0.7442867308600185,376.929829163867,0.10287633371461181,96.02234104870848,92.36942633462967,Solar Power Array
-86.00918061111913,2.667067756089306,5048.882899917143,3.943563881214731,0.5602480431875598,89.20254084174987,231.75380436663065,185.23124585342504,0,0.21511614861058986,0.835892273992912,358.6082799606231,0.1262383838033891,93.37577424508507,92.6030653455478,Solar Power Array
-86.00379657711767,2.839392341391629,5042.657419090315,3.533270365090836,0.632851031457747,87.529962319288,226.04582689075355,186.1112744816684,0,0.11007940345786903,0.8566866664846973,372.51984795962846,0.16833373194653567,98.7708567337063,94.66054588897362,Solar Power Array
-86.01669833333793,2.810924036792536,5048.047193734332,3.672209070134235,0.5622211126750349,88.5985640920464,231.6448612490519,197.90568995691166,0,0.22185935235155918,0.7228691664917618,356.64697167570324,0.16137088114260695,96.80474872553603,94.24121411033144,Solar Power Array
-86.01343755651965,2.7469502857798074,5067.116533115538,3.39468222511626,0.61388857590815,90.35652091229964,232.55195722704642,189.59676665821107,0,0.2782983550197106,0.9930518667546419,365.0751659574105,0.14620546411964566,96.40055729640527,92.31370675383658,Solar Power Array
-85.93642287956938,2.5732746587381867,5045.186007042456,4.005573811211316,0.6501874124073124,86.77862344141211,225.22968538932727,181.6187028950215,0,0.17380464658070224,0.672278555336671,369.31304878370395,0.15458009104581297,94.69234177477148,92.43914220219503,Solar Power Array
-85.94028802155464,2.5957730913677377,5011.395968287733,4.0131535641539084,0.5804518147769865,87.47234720995496,232.770056560782,180.16176897459167,0,0.17427234703544348,0.5611343717057096,367.0727616251882,0.18147380343243613,93.85364264747554,91.21268368032048,Solar Power Array
-85.9107723136728,2.762743525031859,5097.608783209404,3.8482408229082132,0.6113318596617071,91.16724426628427,229.25685918264438,191.23598008957376,0,0.12736103788880618,0.9737703823189625,368.12699318510147,0.14785247800657608,96.81469001575762,90.62780836992744,Solar Power Array
-86.02756892790323,2.755333557329498,5050.88052322823,3.9339894595522393,0.6124651892087132,89.94581482439452,223.39598819105228,196.39072401086077,0,0.18548341237642318,0.8057732462515476,360.19379379579067,0.14425189558494078,95.45818787212416,93.50275307108487,Solar Power Array
-85.95493844569027,2.743251128582772,5038.0840977862445,3.910833934286477,0.6120144673298863,89.08859767287277,232.67111652978377,183.62121214958577,0,0.13919240208887998,0.9189999221488614,363.94900967907023,0.15831857017567946,93.2648686661491,94.2933363180032,Solar Power Array
-85.98249603913922,2.682048240254721,5055.715834327146,3.277489818306676,0.6186564498682848,91.23024079747361,231.57639640948616,190.93071504758683,0,0.1904890629293724,0.9082761614995326,374.8480744846451,0.14136111930196554,95.71729371607957,92.74832165463108,Solar Power Array
-85.97991144137715,2.62272746943873,5072.855528502667,3.969565534346622,0.6601202678487351,87.32698419378694,224.71706712786732,200.29697494729717,0,0.23441387870814584,0.718491234674222,371.9452208897095,0.14068371555049236,91.60258094820617,89.24962415456459,Solar Power Array
-86.00109944179577,2.8560801156830093,5080.427761925716,4.1780434864905684,0.6415005553274655,89.47604699061822,235.75982044672799,179.9455682371291,0,0.22969363756711653,0.6878994841299442,357.69821558040053,0.16391704319106484,96.85746137369415,91.48543736161979,Solar Power Array
-85.96769035196239,2.756293193493624,5043.787054611086,3.846155258121409,0.7040442024011746,88.57764795792166,228.76454005036555,190.7500357144277,0,0.1945113981142864,0.8790502398084399,376.7539516753525,0.14506662521734207,93.28642971113699,95.36236191451651,Solar Power Array
-85.99400952618731,2.529547225759867,5087.245482553938,4.13785629969637,0.6800671261355891,91.15137128608387,243.2249403106369,184.81531648821093,0,0.17613055775886008,0.7507736319910548,360.83323034843477,0.1524590236412639,94.02020259268284,90.61567409675386,Solar Power Array
-86.04372187617304,2.670624691520471,5072.886009014815,3.6274069422043693,0.6404983909527784,87.01808161439199,214.00551160058328,189.33412451338762,0,0.1816997380561448,0.7118262802595068,357.0091978285756,0.13584969705634012,93.02530013697854,91.05489592755124,Solar Power Array
-86.06794236757942,2.4870599368875017,5005.811850237167,4.538326739550832,0.5968376604433021,91.28681366945628,229.11204435688705,189.27861720776784,0,0.2092001187239733,0.8640070648144691,355.02664437663964,0.14240450305803562,95.60956352297245,89.49971139132002,Solar Power Array
-85.93513308395485,2.8062757417742614,5007.964472391206,3.536299857451461,0.6052424870796914,90.26276346500649,237.63063598103645,186.81329313392573,0,0.27014512027422366,0.7951240675534417,363.206976782072,0.16123449507831175,95.62158103339353,92.78232581233979,Solar Power Array
-85.90019194291955,2.7247370608575574,5030.314514399223,3.548073534304876,0.6736312341013396,90.02574373090566,222.21825519429697,181.9723738484678,0,0.20075163653398712,0.8616488374788183,359.5756188524288,0.11639659501419278,92.74965653017539,94.86862664596157,Solar Power Array
-85.97515149939836,2.800008206337842,5073.2998663527105,3.612198137673693,0.5813482499856535,88.74799192161768,232.08342417874036,195.44752421714713,0,0.2560964435716444,0.8814302169735199,371.5726867334403,0.18853261773322164,94.5898824751226,94.18350444883272,Solar Power Array
-85.97108587449367,2.7614952050640396,5045.70944151452,3.381730217640158,0.6172417154686806,89.52362540309566,227.12278463294967,189.51632580022496,0,0.1735431962727867,0.7126589001857757,361.1522926936737,0.12343123504891451,93.8330436859514,93.47060190925961,Solar Power Array
-85.92719410413333,2.9075437811392035,5041.997332469942,4.160032047188503,0.6168086963630236,88.64396888069356,232.01101532001132,195.5106285405069,0,0.18505096776000507,0.7478679651761674,361.72175975296574,0.13746451904882084,97.39776502958011,91.25422619238114,Solar Power Array
-86.02938075731525,2.731120310160734,5054.606516063567,3.677044987490376,0.6841810669538084,88.0540462809646,229.1445702136435,180.36624730793756,0,0.19085006888483277,0.6677043440914924,357.6698795723374,0.11088280744760352,93.21499134755103,92.28740816988662,Solar Power Array
-86.01220908858062,2.658522796147331,5043.501925010354,3.648502876216816,0.5982698235120352,88.83466041006324,231.37490261093325,188.995188747677,0,0.18699020919331588,0.8778222316937421,369.82298783546963,0.14935148616515476,97.39020684953316,92.52397348836615,Solar Power Array
-86.00805863220353,2.6931408510545096,5053.302345932519,3.5248399811640394,0.5063186037548921,89.42220670727423,234.17017905748318,184.99520780545603,0,0.23219218301070496,0.6353544165339182,360.52969381809106,0.18412031644434984,95.71187297174238,91.94628368642425,Solar Power Array
-85.9873857082351,2.819634319925076,5021.096801552756,4.195357925083607,0.575498173445241,90.06257738944441,226.9288822039172,198.41861660777658,0,0.1990651099050173,0.6671183251427164,368.76061139964077,0.176024599635875,97.37652635074474,92.5402505552727,Solar Power Array
-85.95939623382216,2.6578431920960246,5061.82075309102,3.908843874838483,0.45523669900654873,87.49909173817811,231.03922300549237,190.82497365878174,0,0.19912767526922057,0.8089374618642302,374.66134122736037,0.15708244437296695,90.33474763532234,95.32156446371137,Solar Power Array
-86.09532730519922,2.7958142625708726,5018.713623230173,4.227031993060947,0.5861000476958425,89.57641633417414,220.0692003576401,193.6478158264657,0,0.2124890663623001,0.8617323266790652,372.5969329888386,0.1535701773899727,94.57858385994332,91.18363973010064,Solar Power Array
-86.02215571052385,2.8206494619521987,5033.24420752203,3.2470712682880043,0.5506233536633958,89.90906401953656,228.4857387819795,193.02246828154324,0,0.13998616758705845,0.5017458087596619,367.112868557652,0.17009385773469995,91.57800955480597,93.18906482900974,Solar Power Array
-85.94048682132106,2.699561645808913,5068.021816786724,3.857122290245414,0.5868532812363222,90.23152331151331,239.56398792791242,187.21079428891056,0,0.19736804998951302,0.700931454520675,366.2417083555691,0.14687201261099164,97.31690388674038,94.52962225299733,Solar Power Array
-85.96060072733565,2.804676434438139,5035.903275666425,3.51352042456994,0.6218408687862258,89.03003038589193,239.99594440658825,180.39177758535624,0,0.2185874241861186,0.8603050785148942,358.90433763000203,0.1306484566999368,94.3214763235222,89.93773317712858,Solar Power Array
-85.92713335979325,2.970072894668054,5043.174313432595,3.608211446240128,0.5344570824768947,87.35579486672471,227.05277789165115,196.04383970423817,0,0.2957902185624892,0.727717403587488,357.7835728216139,0.12664013580175115,95.90157885815167,92.91633136775692,Solar Power Array
-87.0949537098843,76.9555696282931,1847.184093983274,5.329278308792333,1.1360431909924384,82.95535794049374,214.05305588790034,161.42415867932166,0,0.795597150466306,3.8423162657604593,352.53752909295054,0.218711320303382,77.178556285942,89.13699972898797,Optimal Habitat Base
-87.1439298603135,77.072842694422,1823.5454078059777,5.806237015918133,1.1242241080549678,81.95416905812584,214.45857248778051,159.14049365183592,0,0.8169254453555913,3.831498528570595,350.65703744234514,0.2287156307162065,78.05800236551725,88.1969030473498,Optimal Habitat Base
-87.12769547555867,77.01254379002633,1808.3810906407589,4.862300906842326,1.0974932350783966,83.9150102056011,219.47538131661432,168.53707774138778,0,0.7945871950067341,3.7524435940758636,356.966980662341,0.21528194926092992,77.3675785432755,90.86194247617348,Optimal Habitat Base
-87.10451457844505,76.92777082352474,1819.2588195456058,4.872721490785563,1.1257130328841574,83.81860048698947,217.23344890984328,166.9356777516132,0,0.8028095267042696,3.8875889306588918,341.773810323836,0.21924013446745066,77.05577331450802,90.98657854664114,Optimal Habitat Base
-87.17904492241722,77.00688320763497,1842.5667135945591,5.065062571149007,1.1760567147369843,84.400758386218,214.0864372662136,163.16130148208873,0,0.7695199201001026,3.8134854929025908,338.61197229933924,0.22283257870858503,71.95701046967375,89.56827054018116,Optimal Habitat Base
-86.99805575324223,76.80094820510568,1816.3167424505145,5.035737779752698,1.0923966874737876,84.28520187409505,210.55798562128345,155.2687340349968,0,0.7639715084551236,3.733216566395165,330.1526959356738,0.2549097345900704,74.1279747455854,89.47535072766529,Optimal Habitat Base
-87.1181420029409,76.89259840286103,1837.8125435238037,5.0155620288775475,1.102713578351444,83.27960938475417,216.44250822858072,165.72500056291588,0,0.7552742410893368,3.688775473434565,349.2627800927134,0.23076168978805592,78.08888221798546,89.40569038827181,Optimal Habitat Base
-87.0675693987508,76.9014227863728,1797.1760373801164,5.603661936750431,1.0925265652798943,83.76982438807043,207.9403979571288,163.58485862784815,0,0.81907082654706,3.6435377153717985,366.2025235154479,0.25405077567602113,74.86213029844549,90.12792308961589,Optimal Habitat Base
-87.04454321488136,76.91744395756035,1806.35942326316,5.17473901544467,1.1231510399000362,82.10234366841513,217.01169865078361,169.26774611651507,0,0.7851992320945825,3.7308524819827484,347.83250441010426,0.2851247916059386,77.16614043316196,91.46035355491236,Optimal Habitat Base
-87.12571694050582,77.02626409702128,1835.886300849031,5.549327303619422,1.1613794364869747,80.72109904532685,220.759261879284,173.43000122406715,0,0.7627531655149016,3.7105533020261623,347.804523067504,0.2535899540616611,75.79986167698378,87.81989776643364,Optimal Habitat Base
-87.02637969929609,76.91400393040645,1809.8614485119651,5.132737635829608,1.0263759951453288,80.07665884745632,212.84157150034218,169.12815092304544,0,0.7856401053914518,3.594060404047924,359.1158680601309,0.26594818736743814,76.88202765092184,89.84629109841693,Optimal Habitat Base
-87.06632918862908,77.23263188578403,1837.6104839661473,5.188850267961925,1.0386449493455925,82.64677854809321,218.86656087076562,164.42407938127064,0,0.7643164347338055,3.8553645784236465,340.095539451593,0.26735927374827145,75.62887312489453,86.41630543489194,Optimal Habitat Base
-87.12273769827547,76.99428752521423,1831.049877166792,5.231115359580314,1.035477471758674,82.5831410487702,212.3299748007587,163.19889365549906,0,0.7500530371351756,3.794909299638407,373.05947755886274,0.2871288463116761,74.50258862828893,89.69891650400601,Optimal Habitat Base
-87.11569928017195,77.01420266569657,1838.3261821300691,5.061203264271677,1.0643884462669093,84.13472608267796,208.82983873772176,165.9465192931022,0,0.7354169085128568,3.697392684062613,353.9583102669137,0.23641217129900097,72.74687658039332,88.51596431511312,Optimal Habitat Base
-87.14148854853062,76.8737634227301,1831.0017342815086,4.635956195531411,1.0706031259061697,82.60011175814539,213.28605049488613,162.97904693193522,0,0.7583188159289174,3.6781213376876094,342.90591332142344,0.26315118818742406,75.6319096648503,89.850381324157,Optimal Habitat Base
-87.044144097282,77.05998041265059,1794.4744027630927,5.234387964704246,1.1523834757534495,81.52670111784683,207.0718793015946,162.79652208677155,0,0.7856416713663708,3.859240799405922,343.83402955860765,0.20929023088525384,73.94718315445753,90.13988140023899,Optimal Habitat Base
-87.00046626554392,76.99780535879592,1846.2575458860058,4.782913449909203,1.0676180600628604,78.88957331741277,216.8482371797815,160.5318764041522,0,0.7979730303924923,3.7497683898998324,364.17450404108024,0.28586403292942614,71.89325853529517,90.48681622693545,Optimal Habitat Base
-87.13716490761004,77.06468865558139,1793.1250675619215,5.532370165933198,1.1515346149548678,80.27937156516954,214.09344689566217,165.81198029627393,0,0.8015795484880056,3.7988051877595534,354.29097749424056,0.24858468010781495,77.72354457015074,87.54820229846864,Optimal Habitat Base
-87.10129957736092,77.11501226303845,1848.2217462301398,5.1519118904837,1.0950432435566178,84.45205145392737,214.49535812131492,170.7226357771965,0,0.7768007003059538,3.8039998573252882,339.1622530146911,0.22501434885605995,78.45625891559965,92.18422861316279,Optimal Habitat Base
-87.09471437402333,76.9833808493239,1840.4528315506782,5.20120949974434,0.9800838707186409,83.89050851669295,208.31547868395845,164.94139833193603,0,0.7667554075555394,3.735934142386266,348.37550041003846,0.26787255074991195,76.56264222602213,91.71484214008044,Optimal Habitat Base
-87.02329995609095,77.15248709712594,1818.8830517437484,4.956534639318269,1.098315123789765,84.0879832586685,220.32681720919464,152.02396160812344,0,0.7891754782187511,3.5631987550472974,347.8474539298614,0.2394199263894275,74.82616034298876,90.87388345872546,Optimal Habitat Base
-87.13236430467019,76.99904953518217,1801.3526429594776,5.1221165672054765,1.1479865206459134,81.08318496877884,218.19968256916127,165.28243122104448,0,0.7814195921413202,3.7649592149528024,354.1872577016689,0.2634183561887585,76.23313032756211,89.90401743467133,Optimal Habitat Base
-87.06285119193895,77.05415192168877,1813.8672665189251,5.449712352330733,1.1432068909322926,85.56685852820083,207.15215289456398,168.50992819658077,0,0.814562686507503,3.9005167111592853,345.97829554495,0.2227368680436925,79.57930922166832,88.8773838344276,Optimal Habitat Base
-87.1147722442991,77.20665487944845,1794.5377159954955,5.345666388085562,1.0623106172514478,81.23640076496906,215.83826364362184,168.38187399464127,0,0.8085060211567529,3.908147317053026,342.3472992062334,0.22712946118995783,75.81471220534554,90.12121798707264,Optimal Habitat Base
-87.11028190711555,76.63684611860754,1783.4564035102765,5.027858068610886,1.142760042645978,81.04302993812072,218.66535572482533,157.51948168762226,0,0.7876670556387823,3.826285204267341,351.7499115867733,0.22983437049810868,73.404733884401,90.68907788707521,Optimal Habitat Base
-87.1763079355874,76.92290903055094,1847.8336525031993,5.150966684464988,1.118437699590824,83.33710360885502,217.94559829105668,164.89358417431862,0,0.7529573486850899,4.068405781536761,345.6589222984364,0.25662093021941457,77.380278331025,88.80057431264409,Optimal Habitat Base
-87.12128444822025,77.14882327174978,1805.2204498077608,5.223728953688294,1.1447926950760363,82.07878611662542,214.5305803427946,169.78452573517964,0,0.775879515843991,3.5922791730252213,360.03106676167135,0.23049049040194608,76.93095351883886,87.62333252999875,Optimal Habitat Base
-87.12554396766444,76.95635141036117,1823.4834218857834,4.8368603191600865,1.199141731745729,82.43679821839433,219.40520909550736,164.95572795605455,0,0.8099180426897308,3.589934998054021,342.3620359924665,0.23956408154944753,75.4402290019311,90.37801675631431,Optimal Habitat Base
-87.07064175135677,76.99259485179226,1819.0140724371315,5.832153498621077,1.116229672210061,79.06218909656354,218.85056199442033,167.79732610036453,0,0.8147803473493286,3.859839822819677,340.76196306156123,0.26780009106868774,76.69861191149363,91.1692464717193,Optimal Habitat Base
-87.02260504765813,76.98781337373292,1837.5159393248086,5.410096043847498,1.1079374933898154,85.33713534536706,220.22771679192675,162.0730599428822,0,0.7878023805544517,3.8860168903002053,363.36071536341166,0.26241713179265774,77.07892024028253,91.49572150470796,Optimal Habitat Base
-87.11097271294057,76.90100178949615,1834.0751271645631,4.986549522522606,1.235788446856021,82.77945490109265,218.54934493898915,161.85837451893897,0,0.8179380126849518,3.797305094356914,347.0037088973565,0.24798955777672438,73.91719140007734,89.22421006922727,Optimal Habitat Base
-87.07269170998542,76.84546137605626,1840.4333804799417,5.019498463761563,1.1122363367075632,79.04897840518989,216.12493530328692,159.7842655887122,0,0.7694562490508725,3.643253445748292,340.9449474947033,0.2467288337045107,75.95649515322434,90.92679552573148,Optimal Habitat Base
-87.19340355621624,76.99486307044991,1818.018347531327,4.962657880884546,1.0543397056484443,84.0532656232697,225.2385678298316,156.4296940451886,0,0.7522744503385107,3.6995639462335284,345.74782638908715,0.27511691346448397,77.55534094454951,89.36922114059325,Optimal Habitat Base
-87.09918187191882,76.96809873460161,1834.7729365992652,5.3581005385722,1.129564895765694,79.10518806705687,215.06570378628098,164.06732149821173,0,0.8097391083772321,3.823910654628952,352.45390834345915,0.24009405907659123,78.37879675787619,91.4507220947582,Optimal Habitat Base
-87.181349568875,76.8703810979912,1835.2490739423838,5.048282311581527,1.1514356843315516,82.76273119128147,218.46433856928016,161.263813101322,0,0.7901938152608063,3.8342631896541453,342.48884800272594,0.27003386953550407,72.70935672036637,89.91156055489289,Optimal Habitat Base
-87.16470386697516,76.89776983582449,1839.7197377659247,4.770022549034772,1.0428930497686442,83.27048331006606,209.44607957989106,170.09104763445265,0,0.7993381554608594,3.72223561376327,355.84300545754445,0.2112286169795646,77.44498276293116,87.73065271363146,Optimal Habitat Base
-87.12616497064327,76.9541290066699,1845.6279463603623,4.949616222444631,1.0960690301132257,81.7427397898808,210.0867992659708,159.8484937733028,0,0.7892618498259272,3.797361104627597,354.1001326443162,0.24515873114610565,76.080682246805,90.74862941011666,Optimal Habitat Base
-87.11860537955025,76.8560409601579,1836.9509397778038,4.896857693640742,1.1033443280013393,81.46022936600315,210.13749140825553,155.50639136829253,0,0.7901749696539454,3.460608548683336,358.38675820929814,0.27064032187081755,74.680995595959,91.98237936510168,Optimal Habitat Base
-86.99696004035329,76.97266835287938,1828.2194088103813,5.140880890358965,1.1756807990673306,80.31105148317106,213.8631521364982,169.5969892903034,0,0.804406016255862,3.7957191821778506,359.13848858375525,0.25466956656621603,76.72740036676505,90.6455645357835,Optimal Habitat Base
-87.10304476609629,77.0050261566516,1804.2541600840216,5.980020897963315,1.0763293561917706,83.4938666757025,224.54361924712902,158.28590068077227,0,0.7983352368672822,3.8023162701469606,362.35785287105256,0.2318157777214706,74.9954905178782,89.52513774868981,Optimal Habitat Base
-87.12467571949547,76.95407223800922,1860.5685864565164,5.138112810546854,1.0607657283251104,81.81497487395407,217.0244577967509,166.68683792365564,0,0.7626820874875185,3.6371968308639677,347.59567792439833,0.2484481014925406,75.20773955780082,91.51966964909873,Optimal Habitat Base
-87.07127110495749,77.01348183649017,1812.7857741493985,5.6199085870436125,1.0422763579572911,81.65510590409241,212.73815957680767,166.4948030669348,0,0.7998265449112341,3.6663425381030077,342.5231198027657,0.2589528878615343,75.16970678740769,88.99733587000551,Optimal Habitat Base
-87.0913677648915,76.90200745193101,1825.552226454254,5.2837679510207485,1.1019193389357915,84.53807572265058,218.62711256031534,164.79539133902486,0,0.7703572565300559,3.9754719239605696,342.708343169939,0.24455654888568182,75.68036660924774,90.19670508464876,Optimal Habitat Base
-86.98724218527434,77.02466727099089,1813.558518813508,5.156601471802034,1.0343570695773978,82.1183233885714,223.52042144562523,168.30994998981973,0,0.8169290196221297,3.901334640509199,342.32960299303744,0.28823976476394964,72.94790290974659,90.09874608284254,Optimal Habitat Base
-87.20298250303841,76.82866923874501,1838.711303016824,4.892600168239175,1.162244278886776,79.13844883182934,214.5574589973983,158.92028770821074,0,0.7701443604749937,3.954834861531754,362.3344177082313,0.26025857830499505,73.31076077310426,87.7899726713386,Optimal Habitat Base
-87.09199725189333,76.91940910954702,1833.159450765243,5.6027775380050056,1.0508665052988015,81.05740766036214,209.0978241017236,163.72870537107875,0,0.7815668243959466,3.802158148298189,355.18148229837794,0.25785943226193636,76.38257169661577,89.66137311272689,Optimal Habitat Base
-87.09572439417614,76.9942195977209,1806.4577066933534,4.739078808340731,1.1071138574279813,81.65104966684613,217.62551959720108,165.35991340198927,0,0.7804474334866623,3.8984473707065757,336.7631066307572,0.2853849829544234,72.13004093762295,91.77619354293888,Optimal Habitat Base
-87.08995815013118,76.94759564276838,1790.5672726248308,4.920153111290572,1.091816147107472,82.69237708033275,222.227986943072,165.36707099607497,0,0.7895896207453427,3.835011379231535,345.37969866125985,0.2461558614824871,76.28609509918289,90.53968191380163,Optimal Habitat Base
-87.14564643751838,76.94934228877415,1827.1267845408956,4.777054948228129,1.105682509365693,81.58148365464635,217.5264311496601,171.86911491395065,0,0.7636611842379154,3.87577008413002,349.60482548264895,0.24232358897435158,76.51326345969017,91.54693526035256,Optimal Habitat Base
-87.10859099180462,77.1309107520853,1817.600670017829,4.676271859665016,1.0926629811148383,80.16454147228318,213.4114395274749,163.21940799498432,0,0.8345056697372358,3.9609367640917377,348.6831822646005,0.27422712862941373,75.70451501994867,87.4591340721136,Optimal Habitat Base
-89.37360867236262,-137.96386172721986,1661.2494088400372,4.2320092171058725,0.9469783381946155,81.4747049955401,212.79090537860296,168.42762101426413,0,0.6667869082019029,2.9988305727290703,343.00540948259476,0.21719655036400792,84.93257284259349,90.61422040896477,Optimal Habitat Base
-89.38361260819734,-137.9089229296548,1660.7742394743725,4.770588562107704,0.9320076603022521,86.20503429772367,217.26291489657052,170.31718266741035,0,0.6725916852986958,2.904455120463773,351.1619532447911,0.21742281645475584,81.55100966745461,88.00785219817372,Optimal Habitat Base
-89.40687402314505,-137.86799572386485,1695.5585850347275,4.533674441352001,0.8898977571530554,83.18952006748711,205.40744942261793,174.09334459064823,0,0.603948982481352,2.744199092588775,357.2348625035201,0.24415706203428383,82.08965059760644,91.0105908760446,Optimal Habitat Base
-89.29949571436,-137.99439611783245,1685.865810775965,5.117417410578346,0.8968204403676729,86.58947691493694,199.46493949145872,164.19059918325135,0,0.6299608424573022,2.9583991786943002,364.19192338362853,0.2281836157593878,83.956504836806,94.05583761165315,Optimal Habitat Base
-89.32176196632373,-138.04038733993713,1697.3712568138214,4.601822003979353,0.867027445014651,84.6409396724297,207.63095048867106,170.62176824585714,0,0.6086480686724658,2.7237069013094617,347.7077048576337,0.24636283123943434,79.7442726368593,91.48944288157998,Optimal Habitat Base
-89.39786252437348,-137.93497483118168,1698.912771107179,4.903072992887776,0.9301636030435302,83.55710348858125,210.9443137704613,181.6459046558585,0,0.6795639413549659,2.907153606466142,348.79572955167583,0.2280352126672695,79.62560289481931,93.26217005485012,Optimal Habitat Base
-89.37607504759926,-138.12688541498514,1677.4932281859008,4.881146540308227,0.8776529921214551,82.77826999975649,211.7838439516974,173.2907519159171,0,0.6366295130055922,2.8400461414591516,353.684696936912,0.21750309347150243,80.92359607395086,90.51946112785566,Optimal Habitat Base
-89.36304839735463,-138.0427673085464,1691.2657380997862,4.849810501874776,0.8746780977995865,88.83439266372832,217.09789454210502,171.36226650646256,0,0.6445464043367312,2.8444680114457928,363.29016009804155,0.2442099941265381,79.12236140494669,88.13181740150127,Optimal Habitat Base
-89.39437791703197,-137.98655546301836,1661.6605846363245,4.045668953744634,0.8018455551973588,82.86100489323174,208.18625972528315,173.45885617714825,0,0.6460899812314939,3.006398722851157,354.8405719680855,0.2502646012168655,83.95849728859994,88.6199581532558,Optimal Habitat Base
-89.42681219254023,-137.75985854726517,1641.8754581671371,4.410662238580386,0.9238074331206867,81.18459453625998,206.23659834155256,179.97998161659186,0,0.6551132146300246,2.842554759831521,351.68376129888514,0.22847282679720662,85.42504316937786,89.21345948023746,Optimal Habitat Base
-89.42613960851214,-138.14922217293812,1674.0910965056023,4.447630263762197,0.959782033194755,82.47490324518648,212.4181425398429,170.43363564658952,0,0.5932248538347175,2.8274699300481094,343.87950481543885,0.27366078820818984,83.09145375130218,90.91700556031223,Optimal Habitat Base
-89.6147695492034,-138.19082694054788,1694.5557606387767,4.734612837781902,0.862887589793529,84.04151731617866,209.783817422311,170.84722960840656,0,0.6388398640122225,2.9815368414455703,358.8488776694861,0.22080767240015964,79.61125473652913,89.50582865303465,Optimal Habitat Base
-89.39756409905547,-137.96443687594194,1695.7690001001329,4.791426565838218,0.9181224304418929,84.34438773922597,218.2444775359551,170.02500019260484,0,0.6677014048955472,2.932025464661648,348.6145087219909,0.2366682446813619,84.6439135340694,90.56465454052828,Optimal Habitat Base
-89.41763345786694,-138.07370557319214,1688.4507084971008,4.346358590509348,0.9165897244424746,84.26658561002041,207.8630599065616,163.02207886216402,0,0.6191232706797132,2.8128128478214003,341.96776030829227,0.2491053564783838,86.25835069334774,89.93351488722561,Optimal Habitat Base
-89.4192137339738,-138.05845825474864,1697.1535352125923,4.627907058118014,0.8991686288922252,82.18033279867458,205.1611882987616,170.87646787779065,0,0.6566986187127181,2.898389070803427,355.31941701808245,0.21554845260715982,82.60717975431993,91.07197948314507,Optimal Habitat Base
-89.4478969609335,-138.06048997216024,1693.8625895137895,4.158422505554977,1.0231885534960317,84.83364240133763,209.71331594675974,168.7392383281421,0,0.6736460449592585,2.8588650468403656,347.0374699359115,0.26905176549567433,81.05688201026913,90.9041220227581,Optimal Habitat Base
-89.43801060379735,-137.97409595225122,1691.612288688801,5.004868652757546,0.8531325555013696,81.82818869355718,208.66604698108986,166.91443004656958,0,0.6495365888433773,2.952198832586479,368.12018460658834,0.2309702928549111,77.57919262489412,90.34303502573844,Optimal Habitat Base
-89.38247361676385,-138.09696307400606,1684.6736490582923,4.541244460603472,0.912992587199946,85.18698293119479,209.58654357831665,172.7376882825308,0,0.5960311655830905,2.803762070820733,347.2677253525915,0.21989741719967443,82.01319200422319,90.1843850536339,Optimal Habitat Base
-89.42275669947895,-137.9116195203107,1681.6764358262924,4.174887029202732,0.8698338807660548,85.12983062540889,210.9985467810949,175.97970082342235,0,0.6753969873231639,2.8610933071101643,361.4840675912653,0.2703563064839851,78.42916088536433,90.74767123013791,Optimal Habitat Base
-89.4274919745238,-138.02604757996176,1663.676983898569,4.217573735317058,0.9450586619766125,82.24790766064984,210.4667728337001,163.2543145514742,0,0.6880821743580532,2.903003385471678,355.9623374774381,0.24390211562400058,81.49351168551698,90.80255635137256,Optimal Habitat Base
-89.32463332902401,-138.08974266608988,1629.013021150966,4.263940585646537,0.8395456268164304,85.45202169674839,209.1213535208766,174.13725542024716,0,0.65095674746409,2.9008676041825567,351.31155962661353,0.2696004857159937,82.37305514885456,92.36375477467016,Optimal Habitat Base
-89.34774180657915,-138.0163291581416,1678.5213096639588,4.386659200250016,0.9641588612889223,82.588406975223,206.38504135944513,168.6187798241256,0,0.6155554300954594,2.840870521629096,359.08852953797884,0.2530281129634687,81.15851961029607,91.90424336787879,Optimal Habitat Base
-89.2959045965661,-137.96868881071381,1708.4071891886654,4.755476645039111,0.8852781515757175,84.29594695457118,212.63141233487215,166.27515128163944,0,0.5717225403396741,2.816592443712096,332.7348724123834,0.22497093146717487,78.5851109075051,92.02016305611255,Optimal Habitat Base
-89.4591298750367,-137.9455891911047,1695.3320412634694,4.710452632107056,0.8065831907967714,85.68396659310329,212.10169183025735,174.02132870601218,0,0.7048962880761106,2.9794332137106734,340.5387789524044,0.25306566881697645,78.99276621244206,90.60555157174345,Optimal Habitat Base
-89.42516143998901,-137.99898494596385,1649.8091565642399,4.081686277089532,0.8775323792490441,83.66621533892304,207.87102460559308,177.25226249009606,0,0.6627092637337288,2.939619145975938,346.94150126910387,0.21216336320638995,81.99175843031806,93.41090494922491,Optimal Habitat Base
-89.3887810186058,-137.8886807572765,1704.7878177409905,4.667862377684404,0.9110136985867018,82.5184027789355,208.95776429227612,168.19552381906203,0,0.6598998667233844,2.7585933392534816,345.70167443478573,0.24808031780232814,80.59577036080132,89.32658536932445,Optimal Habitat Base
-89.43957075277403,-138.0272409379099,1632.3861682446855,4.276152296201639,0.9476376605838458,84.48581787060981,212.1001928911501,160.86154417043068,0,0.6375740306583237,2.888412094743873,353.7148928785035,0.2622171103579097,83.90945183160042,89.8219375495406,Optimal Habitat Base
-89.42812411022791,-137.85879840109388,1672.798588354261,4.1752215896738845,0.8896434070998478,86.02403968392873,205.4756441157995,167.85560070113152,0,0.6240946730257225,2.995639432872567,352.3028325075973,0.25851760488720965,85.13003776311065,88.4318473315341,Optimal Habitat Base
-89.43795756861799,-138.04335219167928,1681.3767671924788,4.651769282339718,0.8754273186224665,82.96208770706775,214.7832971611091,172.7304876016248,0,0.6594764534404771,2.685424103655214,359.65341198775246,0.24367938281971976,81.67604163208773,89.47100103748726,Optimal Habitat Base
-89.4316457193028,-138.0890914089558,1640.048502502823,4.254743459726743,0.8200481051458411,83.90929904817649,204.2461956647904,173.64967044555797,0,0.6000703792444423,3.019474494919794,356.6929191728761,0.21867528560765975,81.8114657044938,89.41843324270731,Optimal Habitat Base
-89.37107003272462,-137.82001431768464,1703.6212802221364,4.293681563415789,0.9057317307430515,86.28339348585433,212.62135382869175,175.05056364944298,0,0.669536856552723,2.907625823962375,349.4442757220119,0.2157819219583289,80.46837060011944,89.34729252969164,Optimal Habitat Base
-89.41756731869724,-137.99004519778813,1677.841317987374,4.564759141895575,0.9332117602856649,83.37662148681483,213.68998318587916,175.69083442078252,0,0.662454456969831,2.8455472262709662,357.5734231051169,0.24965296220448488,83.2376485825015,93.00275724092964,Optimal Habitat Base
-89.3645278658266,-137.84257289465103,1677.0300559954408,4.370571385841997,0.9574464534611591,82.52138089266616,219.44204695152274,176.50953690423373,0,0.6526284506485989,3.020127363470398,355.2986666259512,0.21419936428165579,80.36741768292914,91.12862089422416,Optimal Habitat Base
-89.39202282096105,-137.86918714071464,1686.0411501465494,4.119384585429483,0.8727336177136886,85.1145956089032,200.88692202836626,162.9432055315428,0,0.6388203546061166,2.99267152770362,348.2660152661255,0.24921865270937815,82.00962990102371,90.48872186793412,Optimal Habitat Base
-89.43268932818565,-137.9160174368686,1654.9146423251514,4.429902874677039,0.9573064669013364,82.85363115379033,202.21831325020497,159.41586221606576,0,0.6699882381785608,2.9733615611789443,347.24615823502444,0.21457943288179257,81.7078059214382,92.4671417025415,Optimal Habitat Base
-89.46346484581463,-137.89418255803275,1646.0954198676097,4.158904901988556,0.9054638504875261,85.42147880057266,217.35821351526556,174.9587825940675,0,0.696567947430646,2.9182060487929604,345.02729653076784,0.26368172738247964,84.72700803939509,92.09623458963638,Optimal Habitat Base
-89.3693719658113,-137.86080283431548,1686.8394231025288,4.493840635257238,0.9362760732999412,84.71636950710236,214.42645560834038,169.34031834613415,0,0.677277509424947,2.985761646547626,351.7067942080912,0.22499397377908562,84.48124863718189,88.88551380848736,Optimal Habitat Base
-89.44788528863921,-137.98319771523725,1629.8420099858865,4.96288780025205,0.9007346119726379,86.30922486393986,219.02016799779867,169.22584329301648,0,0.6904625316245145,2.7939888572809752,353.46637697770984,0.23053220700523158,83.3929718035939,92.02386026061268,Optimal Habitat Base
-89.40799539506239,-137.945517866088,1698.894126057844,4.556346040584884,1.0269520159273475,83.79429206384019,218.27928139135167,175.72695633332765,0,0.5942031366496566,3.049297340792909,358.59155994382996,0.2422829183754656,82.73774697881498,91.43918639258085,Optimal Habitat Base
-89.33123456782981,-138.04130765341918,1711.7200484202597,4.174782379048133,0.8119933265916639,84.89022873264946,216.29513095638026,169.10208309625094,0,0.5820734408275242,2.750905969048074,353.4902707061205,0.23979890095634443,84.56856090196602,90.80938659448937,Optimal Habitat Base
-89.43702941461372,-137.96909188758852,1700.3122411852148,4.905370329162566,0.8944495320870439,84.10113629344926,213.89635965825846,166.25695832907095,0,0.6721032022550496,2.8767959318669485,349.3953943653901,0.24005352810516623,82.25917978605398,93.57067582015131,Optimal Habitat Base
-89.42344908377954,-138.04174939646384,1708.9347518029572,4.63340725358843,0.938377785503295,82.45462423262758,211.232170894071,174.05187873315575,0,0.6297689111129112,2.9628492861439386,348.36481984168154,0.22709158416938505,84.02638288580798,92.40686969122974,Optimal Habitat Base
-89.39356355555446,-137.95492956047312,1706.4917815300419,4.381353882480565,0.9174290783676667,83.42048482020391,204.90771000545394,168.02676098858,0,0.6162516933339658,2.942555598869187,343.82255803950034,0.2120589253401467,83.48541369145128,91.71650930514016,Optimal Habitat Base
-89.4165132499749,-137.92967982886597,1663.8780811937527,4.388305068923657,0.9203665072068996,85.55070273208005,208.08780321395133,167.02045115532715,0,0.6794752111586664,2.961268641781434,351.1897880012543,0.2636223769644659,85.89401102895613,91.24887516779246,Optimal Habitat Base
-89.42949358834329,-137.95026908934625,1663.601322268944,4.872648829853789,0.8649175283085292,83.71028936114483,205.81161784128307,170.91086632885433,0,0.6565236286380507,2.9742645954233637,350.957137503688,0.2409253409538606,80.85223982321124,90.27047903585992,Optimal Habitat Base
-89.46964564904934,-137.86062990919808,1678.1139635507914,4.992208929481041,0.8939485476261299,81.14681352214447,207.74803038796264,169.9869688449709,0,0.6519605108516179,2.967683722676298,351.39104387564856,0.23326007473095042,80.17002059529592,90.09044746110695,Optimal Habitat Base
-89.36977370781958,-137.91415872908982,1666.522859722523,4.80209893686383,0.9284532036911392,82.66937369818221,211.23352525278293,171.84883531496402,0,0.6180667159636052,2.7641362372609315,353.7905523632307,0.23091448024110017,85.02420342106727,93.28159941750299,Optimal Habitat Base
-89.37640053554493,-137.9048259893229,1659.5229310687332,4.100430994182421,0.8929292843970351,82.07015911761147,211.53818854381385,166.08161814677288,0,0.6557136742098977,2.8826898081847667,355.09881897754906,0.2465267756079085,81.19215371779717,88.64742150235224,Optimal Habitat Base
-89.39187447060705,-138.17424765408668,1704.9221382167175,4.658680224091251,0.9421387286143488,82.54577395003545,211.78040552488264,166.66698597108558,0,0.6544720913954769,2.800156387024865,349.33246511482344,0.21242938999373612,81.67993881931808,88.23342740046954,Optimal Habitat Base
-89.31264431455348,-137.9839595012931,1680.113604322793,4.702817116634779,0.835034658963888,82.82887354965003,212.65529907473785,170.80727332453299,0,0.6284104975887579,2.964804570981127,352.42185029741813,0.25011114545398244,82.77947696049996,89.67789550022425,Optimal Habitat Base
-88.50379238184107,-88.48570561906097,2089.783355926587,6.126397010808521,1.23133767166603,81.76822635454586,214.23959099518225,156.1289703058304,0,0.7592092289651401,3.3706091600524064,345.913999353216,0.2757049728004923,73.84099666392204,87.07251011674721,Optimal Habitat Base
-88.51576659412214,-88.35090729994818,2102.858050543427,5.653260901997856,1.1819441766965848,81.81037632428547,220.11839494682602,167.0553233216283,0,0.7451225252702656,3.4408257706016254,345.22930353616425,0.25086933595347466,75.00653650695698,87.78523429625166,Optimal Habitat Base
-88.5187141016814,-88.38670916822737,2098.9380370915146,6.54680208902813,1.205510368986565,81.04259626294406,220.11583493449504,162.4066028448876,0,0.727467217865443,3.395791966864879,340.93454365387674,0.2800971344842206,73.14607667508302,89.65849288179236,Optimal Habitat Base
-88.4922820697007,-88.29473087749113,2115.199568396791,6.004044153974893,1.2286933620492917,81.17288738280122,220.05440671142287,156.58202748060958,0,0.6992108876091703,3.2167482413356834,341.34197246451384,0.24980587231633533,72.6652593307884,87.12680742852963,Optimal Habitat Base
-88.49678673141932,-88.25002587307694,2111.3157857248375,6.395143553113257,1.234614977269902,81.41296949363777,218.27613441556895,164.64551804475974,0,0.7407985754942021,3.2518034157425557,343.617695956478,0.2239319909697926,70.3540820271322,86.53668720686962,Optimal Habitat Base
-88.5063996459636,-88.34241775523572,2064.478202388757,6.432528763292905,1.1646528642086618,81.73406429515673,214.60281133070313,157.51183822745423,0,0.7330105241775647,3.365085283566214,346.3640606428952,0.2655464475473292,71.14574018490303,88.01668309579013,Optimal Habitat Base
-88.54688071428451,-88.41110630779791,2085.467956917946,6.444346398076848,1.1199815152768275,81.97649676216167,219.69776482285377,160.37166871571208,0,0.72740029494135,3.370989656155889,350.4582987918361,0.2514687860553305,70.75028091766993,87.18416728898136,Optimal Habitat Base
-88.45993216832323,-88.25079613335375,2136.2880383954853,6.1240436569299215,1.19196240799024,80.65003605536491,214.1184453671726,157.63426860097186,0,0.688833444558156,3.1706121426503633,340.3582176087396,0.26046976918186365,75.26144169083177,86.43651651235966,Optimal Habitat Base
-88.52820279456799,-88.19693803306785,2073.376531546978,6.15101803551537,1.2478627340508903,79.93738072126921,210.332321906114,168.53424790620355,0,0.7439788595647205,3.483036870428947,344.2855239967094,0.27281254186584064,69.01922220977166,86.64405900482883,Optimal Habitat Base
-88.4526215119841,-88.43959045837674,2093.3309364794854,6.295898579230302,1.1607861609204997,81.0110627875345,219.92842460728994,161.50986246805877,0,0.7079777073656165,3.3170947160618875,348.1692069277873,0.2667830459730084,74.58005402653886,87.47174330899335,Optimal Habitat Base
-88.48299272924696,-88.21230338975697,2106.19904941279,6.229318451488326,1.1736569644674149,83.0788171505503,212.38482638274746,158.98605080917628,0,0.7047277924373767,3.217289697089102,347.8305029719245,0.2559347646007794,74.06375220241914,87.03176073839748,Optimal Habitat Base
-88.46233616710201,-88.21185345384241,2077.9746860122164,6.7296014639790265,1.187991247254786,81.8813707156165,218.9015722119769,160.52856782811045,0,0.7367050660694332,3.5318317391191663,351.21645518692844,0.255133078269434,73.83150222901826,86.45475996320633,Optimal Habitat Base
-88.46424043483835,-88.24100981209081,2093.1576533057478,6.597952777633359,1.2536900402309783,83.73525916564688,214.0508658180041,159.49904802436697,0,0.7141047360313421,3.6603712034767444,345.07874068237305,0.28530343981931844,76.06953522361837,87.17408385630607,Optimal Habitat Base
-88.49722445878783,-88.2477216856454,2125.1568647117824,6.14839833942723,1.1745709855214643,82.39842660016771,212.2656567437559,161.2637006758774,0,0.7518051880059441,3.443024753111686,340.46419657186647,0.23997532508163447,76.37414681931388,87.0365013503819,Optimal Habitat Base
-88.5450703444159,-88.18611425542913,2116.0200440804474,5.884477665630054,1.325715254768971,80.18920204767629,221.92024668311805,169.93292157243684,0,0.7466466033354844,3.4259179442289254,333.54186478315626,0.3008205788144483,75.73027307202322,85.17771920018245,Optimal Habitat Base
-88.42276866350377,-88.29388477662144,2094.446843878762,6.028368911167812,1.2085580875411865,82.2119456834722,215.52653655201195,160.63791821247142,0,0.8214184346717273,3.4475699648272764,352.72726403508875,0.24083461875592893,71.28519406090977,89.49679918828171,Optimal Habitat Base
-88.4410465787226,-88.12861418399733,2098.408080790726,6.576294149802406,1.0722868202927454,81.8118313293382,223.1651324711759,156.5585409411837,0,0.7516750165627235,3.382021089174705,344.36239499098303,0.2548280071056194,77.16263578682988,86.61845394835498,Optimal Habitat Base
-88.52883323231279,-88.3857229751684,2092.628485125076,6.258500963347704,1.231929450118357,79.87006357504873,219.86451954945892,163.0598543692911,0,0.6920167390661591,3.4063136643778633,344.3212122178747,0.26147699385481876,72.940020965556,87.09675041274909,Optimal Habitat Base
-88.49844645803215,-88.11359520563884,2100.8947832386552,6.601524259736034,1.270705549364831,79.02154691722296,216.54405399373073,167.08086654916926,0,0.7254332538831012,3.388361612477549,351.0002396207579,0.2813505041628286,73.94125772685855,86.88261871582736,Optimal Habitat Base
-88.61817846559703,-88.29529465022081,2092.3768850900765,5.898041770704521,1.1897332408105983,80.37388217784111,218.84582486854657,158.60498532669243,0,0.733409921253105,3.4173905656050905,355.1883947814755,0.24931404202699362,77.55969806717991,88.90086177126969,Optimal Habitat Base
-88.42566279203167,-88.27472319454279,2094.373670585449,6.038615739213884,1.287619487000721,82.64499220391082,212.95941840105885,164.8880765664117,0,0.6952391977889109,3.4324290756262346,351.6074607568433,0.28915952230068714,74.47508884554648,87.09900587749652,Optimal Habitat Base
-88.497793389714,-88.19331535377052,2115.767633910942,6.1950998746895625,1.1068325066536966,77.34828882385935,219.12668008962123,154.09375167308644,0,0.7041346824085628,3.3773057821463173,361.61188362326044,0.2624474500594247,75.43995359235903,88.05682101073985,Optimal Habitat Base
-88.62109437712675,-88.3399491038079,2075.5993952896374,6.718160928701435,1.1090342821977743,80.36876401309408,216.69636305387812,155.07080141367592,0,0.7230427213200805,3.3957721976665414,346.304365182037,0.2700498260458621,74.47363772165795,87.87071437069653,Optimal Habitat Base
-88.44438941837323,-88.46496648478048,2113.9993298922354,5.88628926317163,1.1678800506579492,81.18162839010431,220.0566050820679,162.6452702012417,0,0.6916463446426081,3.5631193756950124,341.65718005979636,0.24561185624389972,71.45612826967042,85.2442302267687,Optimal Habitat Base
-88.56998995674275,-88.26856416248496,2112.083581784077,5.940738493697141,1.142906059167507,80.68253166750638,218.48643201554742,161.314887421376,0,0.6910714015423378,3.3832803728438208,357.53742043054,0.2361047177604727,73.94174322802122,88.04997160067944,Optimal Habitat Base
-88.54839385725637,-88.23886856536012,2073.2152930219363,6.390355190039117,1.2021678259471171,78.8708688544463,221.4383283399317,155.5206980804345,0,0.7154006753474926,3.4630166889117002,337.28445138918164,0.24943425001549846,76.25231845442387,84.19528908784024,Optimal Habitat Base
-88.42906633837757,-88.446425439201,2086.0145906563607,6.284723704077762,1.230156992531509,81.44698504018123,218.23632692251698,157.81977503086037,0,0.7668387228186271,3.4772956371146027,354.4048391956808,0.2515728540052284,69.34357619664542,88.83004548129945,Optimal Habitat Base
-88.48217832165604,-88.28171386980672,2088.6525033298694,6.095564423987269,1.1700475125446659,81.06775174592416,212.3216126438592,163.81305440249398,0,0.7810988726106506,3.340234740444274,332.2576753821844,0.2579596990445099,74.63044667312221,87.97988084145764,Optimal Habitat Base
-88.41987447570071,-88.21841970598506,2063.7683619309187,5.829207970350896,1.2202826892267882,80.3187702982855,225.57563529617747,155.31433656554566,0,0.748821298593302,3.3350659817673316,347.0975455055764,0.2434414827923684,75.11771915534949,88.90906695780325,Optimal Habitat Base
-88.48735023931985,-88.10908674626148,2085.5912756415346,6.229390563890182,1.2422924700465408,79.57533321876991,218.3114379002294,163.3201994495759,0,0.7478759958047299,3.514184324068426,338.0474970534727,0.26576516790255067,71.37017787708824,86.21343868294844,Optimal Habitat Base
-88.50870565442408,-88.18559724160485,2110.5583047212513,6.212027300712904,1.2224328355413128,81.78180583499494,219.84511683062487,157.12461522364603,0,0.6912993120645847,3.3776709638987086,338.6491107831467,0.2724255650565842,77.05791232911743,88.14546075574316,Optimal Habitat Base
-88.59050692349446,-88.36332508713824,2100.362981327261,5.769561073788374,1.2015598253219388,81.70397909504777,225.0442929879774,169.09353512281157,0,0.6842542757767823,3.388341186236951,344.1682678943346,0.24573982171858208,74.19729693723784,87.17989550031334,Optimal Habitat Base
-88.46930985521415,-88.16433860704531,2102.647278990729,6.05298506558828,1.1487241061634876,84.06369130955046,222.5343780413648,161.9985545035574,0,0.715020578630607,3.5611878674195374,343.7230065276657,0.22575765864901584,74.5300528421073,85.45829081446145,Optimal Habitat Base
-88.48656196590031,-88.16558658467522,2066.549827057629,5.930109705662356,1.2432363709245253,80.25079388786948,220.07582195524958,162.08656931220577,0,0.7466870976842325,3.335340834739714,324.58536712454065,0.26793729271169514,70.86199251184813,88.70276482009494,Optimal Habitat Base
-88.50211319573536,-88.32960312957366,2113.811112086282,5.677446807559883,1.1899896554891156,81.671811341458,219.2642188605577,157.5558477293982,0,0.7056379900622692,3.554324208908005,352.3013732986539,0.24671653610703015,76.69692188854575,88.43262152507064,Optimal Habitat Base
-88.4755805179146,-88.24734098602609,2077.0775780401977,6.651579203313916,1.2475753863286603,81.36768514525154,219.21803272152053,159.54262499452204,0,0.7029387347029594,3.453454824681771,338.63674571365465,0.2630139740828728,74.19473012603062,87.87777235684773,Optimal Habitat Base
-88.45293750211292,-88.25966628780829,2113.87132844104,5.618017225837978,1.223020669179127,81.11258492030733,219.85862473518694,157.3546012882623,0,0.7545277602600362,3.425043046156281,339.0414810104729,0.24863370691543524,75.80554709329425,87.17206630779222,Optimal Habitat Base
-88.50023582052646,-88.31977125552999,2120.2226100462676,6.344698990946835,1.1406433230187805,79.53634346313194,218.02283776675057,156.7847916795553,0,0.6551840613750242,3.325497377185492,342.77181953238477,0.251999967352582,75.44152448909163,83.94819058104156,Optimal Habitat Base
-88.53861827391935,-88.22043372955248,2086.646767270785,5.836582727229405,1.1659649956482778,81.66931091397065,216.73298218275642,156.37520470651842,0,0.7344534010741987,3.4374867575744097,334.89201432702146,0.2618957189208256,71.40102970606144,89.05513699804747,Optimal Habitat Base
-88.43844014094854,-88.32876735017328,2121.299232311544,5.973135722405399,1.1930058242856882,80.12281605658914,217.87656375386172,160.3312255717794,0,0.7199201080866543,3.390981628763948,346.0182999097141,0.2851078095886329,69.97824836049614,90.18138215216275,Optimal Habitat Base
-88.51753887872874,-88.30779046936168,2126.5860298575944,6.3820067063138595,1.2267509434348036,82.86844628129016,217.1762127807565,164.59507760139704,0,0.6821854202056025,3.4417524218126028,349.4945337402406,0.2829209981513234,75.41566425706871,87.60672702688518,Optimal Habitat Base
-88.51588048767789,-88.3328742026831,2093.5943747655087,5.8106362789581585,1.2871714956463463,82.49801260527505,219.27250177963822,164.07468641346645,0,0.7425915783708994,3.300702250399758,350.0940101282428,0.28539491972786535,72.64421058782155,84.99944898157158,Optimal Habitat Base
-88.55810212512097,-88.30963425988418,2075.604956817141,6.148398454549641,1.1672642516796559,80.99880133584756,215.45168717789133,159.82010005629962,0,0.738075466808676,3.3041941203960907,347.2507084162994,0.24295494790710445,73.98849566180631,87.1772165441144,Optimal Habitat Base
-88.48222101556148,-88.28153726939227,2124.777621310214,6.192181251494837,1.1686248165776538,82.3945887547464,219.65492003133255,164.42073715192322,0,0.7164009458923519,3.269130106472082,362.951293976991,0.24794711888703383,71.67815422658522,88.3754831431469,Optimal Habitat Base
-88.54725753262393,-88.33924035861499,2102.4914670704343,6.157004165362405,1.1818293376876086,83.38453416387655,217.4426783822571,155.50286877382175,0,0.7493085843781654,3.327746239428071,344.12746465680243,0.24190746606070504,74.422867010853,87.35967040891147,Optimal Habitat Base
-88.50145046264302,-88.28499818313183,2116.3560285665326,6.410928271914382,1.1480296366566884,79.98802010544476,222.62186308639468,156.0858488933833,0,0.7347569185390972,3.4839482570248843,331.86735761993424,0.25187322538599727,75.63006826838644,87.07953919345853,Optimal Habitat Base
-88.52020876192128,-88.21688852190297,2122.078115119371,5.996477076725,1.2883565390290102,78.32367490082531,210.46443326912254,157.72810226622454,0,0.7099641170116325,3.371123545253467,340.72395876701285,0.24548778254952633,73.55937518933048,86.41523040333054,Optimal Habitat Base
-88.46590361309984,-88.29693855352016,2095.576744103439,6.178364403521555,1.2557080683485498,80.27489022970329,211.63304287161174,155.11317627349143,0,0.7130093640157872,3.448150319477263,352.03846016659537,0.2929727668500902,75.47831014402396,85.97557805570742,Optimal Habitat Base
-88.51016129375829,-88.51636602504561,2093.7691928276295,6.018467931450465,1.084348730550143,84.1613033642444,216.11008126305373,149.46394913455478,0,0.7117757880728997,3.565077023031115,360.2567926691662,0.26116741042266417,74.19275549608616,89.13838990937154,Optimal Habitat Base
-88.50752559598953,-88.25397161684758,2116.791801312222,5.877219139418745,1.2768383664391851,79.68046727177682,214.83104182360506,160.49911150136694,0,0.7481880412415772,3.4677404953736697,344.60480256317436,0.26568339581980016,76.14657947122456,87.31259014117903,Optimal Habitat Base
-89.94060276835233,119.93970721609817,-3781.8143868414854,18.256628942500857,3.3216078150529347,0.0,87.62326353048152,44.30249150780724,1,0.9162667081807421,5.434647192212204,289.2100720378672,0.40365309598198,0.16328742264003782,65.27411268587076,ISRU Cryogenic Mining Outpost
-89.85634181460442,120.07955963657031,-3800.399555718943,18.101815648935847,3.4333441629018684,0.0,74.09808833294503,43.89106241185871,1,0.9949084742842556,5.533930578389439,269.78397692974454,0.38166412037221153,0.0,69.27679679198499,ISRU Cryogenic Mining Outpost
-89.94713953641039,119.84089655854635,-3785.508608332433,18.39643794745455,3.4311294615468033,0.023695039238379054,87.16947402921384,39.67932008966118,1,0.949246638832504,5.354145757775622,271.1897510489311,0.42966698893463817,2.495074291964641,67.74928103858886,ISRU Cryogenic Mining Outpost
-89.80669501878835,120.0376577977229,-3794.83650844668,18.69650545455841,3.4487553955013883,0.0,90.77411748974171,45.23317341216389,1,0.9486186828906832,5.400473883165593,273.861937397095,0.41013903518712413,0.0,67.14370478890214,ISRU Cryogenic Mining Outpost
-89.90314737096595,120.03308289651667,-3791.440994857899,18.257458613599578,3.3696839032655403,1.2763757019205793,84.95636433116668,44.1209567951936,1,0.9380260684019894,5.437699602512355,286.018813403182,0.36700627431124877,1.736933930657892,70.45610670939692,ISRU Cryogenic Mining Outpost
-89.91544572286463,120.03457383944834,-3816.7824481561197,18.60904416085117,3.523052489030706,0.0,85.49644236595556,43.983771827589074,1,0.9978474988246505,5.26175776311219,274.89447413946846,0.4083936422312349,0.0,68.32573811583502,ISRU Cryogenic Mining Outpost
-89.97143454816761,119.97454746020101,-3818.7229779372474,18.47934352957812,3.364743501149855,0.0,82.81781317211967,44.76350307146367,1,0.9502321016486307,5.401382775307092,278.8334445675931,0.420144644372868,0.0043851444539533,69.70770754094397,ISRU Cryogenic Mining Outpost
-89.91430334496002,119.92802064643423,-3799.165694212247,18.316128736488125,3.396254321077501,0.0,93.24891236188128,36.09733620908553,1,0.9959821092862595,5.393887427439963,286.8492255099385,0.40465376068625347,0.0,66.02678518240523,ISRU Cryogenic Mining Outpost
-89.77485488323853,119.9402059701988,-3778.076838742367,18.110673113946554,3.408942736181646,0.5226108268929736,102.18206005550685,38.41070630615408,1,0.9386619585272626,5.435093360935065,272.60189930424434,0.4281915377862842,0.0,67.3692735183725,ISRU Cryogenic Mining Outpost
-89.87528080330894,120.0108321369354,-3784.7935912191347,18.99573601215185,3.3749178460580938,0.0,81.27176290204387,42.605151372987194,1,0.9406574535761861,5.434552798316676,289.323785764533,0.40631203131252336,0.0,70.02176899857983,ISRU Cryogenic Mining Outpost
-89.8646288583324,120.06014835793148,-3807.827737317065,18.069179110768907,3.364408306078268,0.0,90.90773157026908,41.42260768310213,1,0.9420414922546271,5.357212447180449,283.80519727127046,0.4136133773298831,0.0,71.46788669349125,ISRU Cryogenic Mining Outpost
-89.92748120973327,120.06686396793195,-3792.148486462232,18.04302322054845,3.3660503058265245,1.228682560117051,87.34258607039153,32.675302104864905,1,0.9718346458636727,5.341769535482655,283.48713740382703,0.47375549315010856,0.7648781399461168,69.41825952440085,ISRU Cryogenic Mining Outpost
-89.9126997264527,119.88804123423124,-3779.5215016028183,18.318248214207117,3.3885409149527557,2.6902133034608875,86.31146120650992,46.076640659039384,1,0.9716243435377631,5.344690896061348,282.73125850741116,0.4056715730131178,1.8094502184814931,70.3706407425086,ISRU Cryogenic Mining Outpost
-89.89754964355406,120.13424764267693,-3796.798525052918,18.774353929410232,3.54755982989723,3.7126736186978406,87.0872391866525,41.46752509720985,1,0.9283813206378133,5.479864560878742,283.1137340557502,0.40451962294450233,2.3736969831862678,68.10158558558969,ISRU Cryogenic Mining Outpost
-89.9260453995133,120.03994963105677,-3809.3014540705203,18.49049614191136,3.4873125356365966,0.0,91.3770474133541,37.082504189851605,1,0.9308042547910526,5.391845088777841,301.4754142599659,0.43563251454359747,0.924105269798694,67.71317197557228,ISRU Cryogenic Mining Outpost
-89.91922914752202,119.85165227734906,-3764.0992803242675,18.58067326136017,3.4090974594841565,0.30577129968568856,98.45074732581512,41.49750254718055,1,0.9542240147386412,5.579911153949202,278.96275911719994,0.38616831792525025,0.0,68.21243528705749,ISRU Cryogenic Mining Outpost
-89.88541806459752,120.08219455439124,-3818.366044619383,18.43242239535392,3.3595174974902506,1.6705710862479413,94.41209801341657,49.79131059474265,1,0.9705460504281729,5.586529599263041,274.4567798552115,0.4243188364946747,0.0,69.36000111211942,ISRU Cryogenic Mining Outpost
-89.88576281973774,119.75461532239689,-3777.8078588623043,18.756605007382273,3.372217916840754,0.4218267867245368,80.53129129461804,36.14889747178418,1,1.0,5.284565351479835,280.07637054052043,0.39207277996848194,0.6758904402430803,69.34411765795939,ISRU Cryogenic Mining Outpost
-89.86379348917698,120.04679840036226,-3771.4632891953875,18.33379151886376,3.347086275112072,0.0,81.26884591818808,40.39389846097159,1,0.9558113505824251,5.447753734199655,267.07006821947965,0.4197397525068219,2.4289617306315985,69.35834416816695,ISRU Cryogenic Mining Outpost
-89.99477679378684,119.99882910435188,-3814.655499209047,18.503858565622284,3.3809673413882217,2.6089446136340633,88.4285659136104,41.583793572468856,1,0.9586780917309211,5.4474450615950865,278.2649173132407,0.4354703562533852,0.0,70.56468005999123,ISRU Cryogenic Mining Outpost
-89.87517764516764,119.98474427170233,-3783.1581633782284,18.647909014264712,3.4413657575597414,0.12861581811986467,86.79406116127336,40.6763809123661,1,0.9449887017434465,5.497932864452895,291.7534945154724,0.4315807503650527,2.8363152203329287,70.19029681916389,ISRU Cryogenic Mining Outpost
-89.9134125873186,120.08357925003708,-3825.659317889063,18.555820633900446,3.340882282151055,0.0,80.80152601923916,45.47152026353025,1,0.9481534760200862,5.490632255336599,279.39583496507925,0.3831159050515297,0.0,67.70393251358695,ISRU Cryogenic Mining Outpost
-89.90073887488538,120.15080352293172,-3766.527664879971,18.430630352641675,3.336986063737444,0.0,90.39804584439027,39.45878768381134,1,0.9127403266007552,5.349640740997565,290.4925913779982,0.42584511914869716,0.09458283712117466,67.91680909729592,ISRU Cryogenic Mining Outpost
-89.92299788204667,120.05439605688784,-3797.158785880434,18.73130485727219,3.427332363942003,0.029580182386865647,89.92104900439497,37.03733759965518,1,0.9585549410688391,5.534095042241029,280.08568022143226,0.4156561889960208,0.4209688587471749,66.75164449708012,ISRU Cryogenic Mining Outpost
-89.88895758575977,120.16960440161381,-3816.172287084389,18.580116545079782,3.3988252879544434,0.0,87.66436125333104,43.57154441885326,1,0.9270563597693815,5.46886737565744,280.5530757033339,0.3847455472028678,0.759676494593982,68.67087983509,ISRU Cryogenic Mining Outpost
-89.9435876898879,120.01605716087681,-3826.325296402029,18.29458887314139,3.4018487833457804,0.0,82.24307460935607,34.990592203689125,1,0.9623751744915092,5.444133908514417,272.857580354107,0.40102138033797785,0.27622422008229125,68.66672484877719,ISRU Cryogenic Mining Outpost
-89.9350119368952,120.18287203226075,-3796.3121764983516,18.448950476793794,3.3806954768568906,1.5132479310218638,90.72522197816387,31.311777649735134,1,0.939125665282778,5.355321379151126,279.90439079113764,0.4325426982271094,0.0,68.38088877983748,ISRU Cryogenic Mining Outpost
-89.8150366708071,120.00290604022979,-3813.885908604155,18.099736461374384,3.3756548937280733,0.0,86.0269996146588,42.71091819138806,1,0.9611087707094605,5.351998475057778,265.67453659342897,0.4366399001379745,0.0,68.6619800659584,ISRU Cryogenic Mining Outpost
-89.94558678394057,119.95910436427802,-3811.5983077892342,18.0998243569186,3.3546017738989016,0.0,89.49286259341156,36.58033171734852,1,0.9239190237901636,5.364356195311445,286.2370337730701,0.40121694862795343,0.025764253721651732,67.50934087784496,ISRU Cryogenic Mining Outpost
-89.84357447545526,119.94933942093743,-3786.7598780285152,18.804520549000813,3.477074032070333,0.0,81.00944840280172,45.826097314770465,1,0.9900445191632004,5.3383072537580425,254.10405045522504,0.42161774238419575,0.0,67.2584507840553,ISRU Cryogenic Mining Outpost
-89.89094037761468,120.03156433077324,-3768.373705681124,18.388179032427573,3.3511848703599627,1.3759379686082727,89.88535281428709,38.18434033262721,1,0.9609528148282024,5.362196632903504,285.53628955747087,0.4537587897900661,0.0,69.1313369972337,ISRU Cryogenic Mining Outpost
-89.97648782639844,119.89274401685282,-3788.748848950608,18.478879744381555,3.344541677154258,0.01314230366140684,92.39456507219647,32.76536591216077,1,1.0,5.457302805111764,284.743707343321,0.41997309490253293,3.494256464355769,69.94348436320712,ISRU Cryogenic Mining Outpost
-89.91837880009672,120.07573896772692,-3814.662810578654,18.415925503422006,3.4733316868051776,0.5813751052533619,91.3076181357279,45.84812543952366,1,0.9764466971245597,5.318882165039747,293.29025031545206,0.430322946192265,1.173594154058908,68.58381376732844,ISRU Cryogenic Mining Outpost
-89.84446197603896,120.19149563075564,-3807.50686184462,18.819624507642384,3.401718635106116,0.0,80.97972496480307,42.12145703321364,1,0.9903106447334442,5.460907545588862,286.1527885237697,0.4717921134418669,1.0567669780794142,68.1026166276084,ISRU Cryogenic Mining Outpost
-89.90633222771419,120.16350017339147,-3825.3837802396924,18.871387866992492,3.4008083872243495,0.0,80.7492545370058,47.40296838346143,1,0.9342791366539754,5.4062361964269945,272.201998641192,0.45931719785557473,0.1963460512620843,66.48043132205508,ISRU Cryogenic Mining Outpost
-89.9214407776644,120.13931352244764,-3819.5366308333496,18.39157061914014,3.459357615871575,0.5134363094777089,81.9027105142742,41.11676112126396,1,0.9554174975293601,5.405241488282083,287.5724619952636,0.42481170523652956,0.0,68.28713522359463,ISRU Cryogenic Mining Outpost
-89.84615979392191,119.92796541672962,-3843.3581484496353,18.432411503243483,3.4189131970056326,0.0,85.37326399014822,38.17876166095713,1,0.9592633298722477,5.270170660312335,285.29106470219114,0.36675328726435985,1.0800140389764625,68.96994998485113,ISRU Cryogenic Mining Outpost
-89.87514870854491,119.8071573260213,-3794.1434049683044,18.337249729351292,3.4801095188897864,0.5425811659501241,82.11635658538243,31.54746699969173,1,0.941556866575657,5.4811561324690175,289.21964526963876,0.42362795473782194,0.16006217767579414,68.00193154558406,ISRU Cryogenic Mining Outpost
-89.9010677644052,120.12157239192832,-3806.932448433069,18.697640277536703,3.373579082048104,1.519911501791543,90.89361485621889,44.860597278081315,1,1.0,5.141801386024965,286.0301639620784,0.4293825390660705,0.8949956456622553,68.86088620737101,ISRU Cryogenic Mining Outpost
-89.88800588785982,120.03363665130257,-3781.880103141681,18.747888765870083,3.3987520707327046,0.0,88.10076772790352,37.935620034899976,1,1.0,5.27292361668013,285.9983190271498,0.43487680778082977,0.0,68.94407607311878,ISRU Cryogenic Mining Outpost
-89.83685202688349,119.9669974267272,-3773.761303012725,18.835470576372447,3.3645069948461703,0.0,88.82716108934106,33.798508467561646,1,0.8728589467849026,5.351058770808843,297.394018232173,0.41105687231682614,0.7590063337891385,69.54998484343045,ISRU Cryogenic Mining Outpost
-89.90205879298902,119.96663768604459,-3775.42566860937,18.511974893360588,3.3954307049746406,1.1962390303252597,82.85218744046932,33.68443833930767,1,0.9112528349047813,5.456801246007208,278.6906990970367,0.43652715672708947,0.1018217015679471,66.4435642276415,ISRU Cryogenic Mining Outpost
-89.91778065959296,120.08967958803512,-3805.2434003395506,18.856044378245855,3.3773215220217874,1.0790367354819628,79.08705042996611,38.867768220916155,1,0.9483879417999248,5.260212998445003,288.895365417011,0.4071986816551322,0.0,70.4519491371714,ISRU Cryogenic Mining Outpost
-89.89192751781522,120.07798015392214,-3834.0541129199896,18.260437453624707,3.504319447964245,1.2810710039752178,82.6333308169699,41.12515270347512,1,0.9301304883744161,5.539383545504941,261.8420183566266,0.42550594701186933,0.5205629461804022,66.83105569375216,ISRU Cryogenic Mining Outpost
-89.91365759358303,120.03755433726656,-3835.562512676051,18.11613299599661,3.3922446558686357,0.0,85.68435067975749,39.89961900754129,1,0.9326862110764481,5.397342336053712,282.38398410598234,0.4355773637136007,0.0,67.55739419615463,ISRU Cryogenic Mining Outpost
-89.87057290131554,119.85179104912292,-3797.8761992306936,18.508429352096428,3.270658075284748,0.0,89.65390965304583,38.940743959489964,1,0.945771514376855,5.415617303317013,287.91116254130645,0.43075178048990065,0.0,66.3115151795469,ISRU Cryogenic Mining Outpost
-89.87402664707624,119.88222614804125,-3810.5606849990636,18.560283463319344,3.457326315239081,1.928720376110566,88.30342752839529,37.45254093613198,1,0.9239807492805309,5.595863011964104,277.6809127442022,0.4335565731049224,0.39356036688972645,67.75659672642664,ISRU Cryogenic Mining Outpost
-89.92689780077288,119.86168750022868,-3777.5514937314865,18.4638408067087,3.471478668068767,0.0,86.5098974817025,34.33367985482156,1,0.9506567835199053,5.275988098260035,283.22129164676954,0.4221561842358246,2.9497519252632283,66.31336627737814,ISRU Cryogenic Mining Outpost
-89.83919990516365,119.90215561468412,-3793.115367905254,18.15636843583106,3.410138682347718,0.0,84.64709225669668,40.53049544228904,1,1.0,5.187198528707115,279.9817772730499,0.4096251094633696,0.0,66.81275741353629,ISRU Cryogenic Mining Outpost
-89.9235555313102,120.04670767869433,-3798.2420327661825,18.106254815860137,3.3082982427311847,0.6264732213497717,87.02366324844125,48.05712276211875,1,0.949423319215191,5.514323089669631,284.35070469537374,0.4364321417105717,0.8648249504125394,69.18149788108659,ISRU Cryogenic Mining Outpost
-85.01459286726121,-35.52369126014441,-3113.2723655885993,14.381196150962865,2.7499162688910666,0.0,99.00432861318372,46.504826961536814,1,0.9450192246776982,5.210919672117258,297.08066517579573,0.36910131426191845,0.0,64.93005261681448,ISRU Cryogenic Mining Outpost
-84.9385052130879,-35.52411387140705,-3078.4328561610023,13.933617908055416,2.7777883019217584,0.0,93.736872653781,40.04400677741287,1,0.9903207439553003,5.045068102786909,301.2750996750178,0.3596308169154068,1.0990529773610618,64.4540335562884,ISRU Cryogenic Mining Outpost
-84.89874839636958,-35.482506333112525,-3091.6808124907125,13.93192929882189,2.7911487138783033,0.8661547260192091,89.29022823467075,38.51850515031679,1,0.9453683816306947,4.899022454820496,281.53728316281973,0.41610493325254594,3.0987917961709566,63.34385631058473,ISRU Cryogenic Mining Outpost
-84.85004104160932,-35.396620010595825,-3090.5781764881076,13.976322406832201,2.831322408555127,1.1969825521505437,98.21054603633853,37.25332804850329,1,1.0,5.34033276689783,279.7264430536157,0.3902193355324016,4.091444538571974,65.70342270348387,ISRU Cryogenic Mining Outpost
-84.8493533602931,-35.64385181525447,-3084.178104960646,14.071759009399985,2.8389925872523127,0.0,89.64254600778551,44.287206562812635,1,0.9286244018519084,5.084256279104987,291.1637488316835,0.375979660199777,0.0,64.1275862828578,ISRU Cryogenic Mining Outpost
-84.97117816305182,-35.44858946991713,-3094.7891286708423,13.621451478277091,2.866317936454159,0.0,100.9447558754231,46.647121969180006,1,0.9700168863496964,5.11761893186422,299.5347026303015,0.3997920797498693,3.8143795230313073,65.81193801252277,ISRU Cryogenic Mining Outpost
-84.87758856430113,-35.63485127697436,-3148.3166861138757,13.960876825278401,2.764275924752865,0.0,94.58784051933708,48.313969561701626,1,0.9213731260989889,5.18951921675465,295.2679470971226,0.38075224709135136,3.7499928918715026,64.46716443705617,ISRU Cryogenic Mining Outpost
-84.90270710835637,-35.44760979934546,-3064.057103963236,13.98597687975084,2.8219879014758975,0.0,94.48479709154722,42.54953765586264,1,0.9231974833533493,5.26960577535787,290.56933581361193,0.34918718061778914,0.2508135658825441,65.72672592971162,ISRU Cryogenic Mining Outpost
-84.83787419380964,-35.61944652493439,-3077.744873978452,14.617681653589482,2.765792278185132,0.0,88.84222267336366,54.26849771715343,1,0.8952284062954923,5.060021177914916,301.277508736258,0.36631974018877733,0.0,64.12163871128953,ISRU Cryogenic Mining Outpost
-84.78049219286343,-35.52560005872975,-3104.14144062038,13.665332188443266,2.819254774862433,1.32558510423231,91.96847943372083,47.67865804663382,1,0.9220441587536921,4.9106278571667685,298.65891705748066,0.421487660268394,0.0,64.46906975305768,ISRU Cryogenic Mining Outpost
-84.83451224251986,-35.5101985825401,-3128.53668188993,14.013487458944043,2.874517999076449,0.0,96.16121427524064,39.73236164893268,1,0.9370158107863634,5.138669153944393,296.006822429497,0.37137005239506926,0.8859854122323807,65.20424633558251,ISRU Cryogenic Mining Outpost
-84.86322005023416,-35.529292863507905,-3112.4201810677773,14.588935703494535,2.806881208059959,0.0,87.61458982174784,40.33759711540332,1,0.9207304537039087,5.143941351711928,292.1501819352623,0.3803039459269732,0.0,66.30664325867383,ISRU Cryogenic Mining Outpost
-84.93687450008072,-35.47648774687929,-3110.6112007527136,13.904560366023976,2.760297715919495,0.44445487133659867,90.09828891923806,46.57127357011484,1,0.9364352351458285,5.16300198195293,300.8294516699782,0.3736483937828962,0.7320628044841065,63.52757671719667,ISRU Cryogenic Mining Outpost
-84.83419611214437,-35.53589801937965,-3104.035541449545,13.859357180607129,2.7633461855245987,3.050546839090898,97.4320580114086,45.3404358400167,1,0.9257133719647699,5.211311176026959,290.6348748799019,0.38241558381560053,4.40590310341564,62.764120598478605,ISRU Cryogenic Mining Outpost
-84.87302127727754,-35.471145482109506,-3089.436814758056,13.914528920754567,2.7703872124756814,0.33973943794125383,92.7198535488262,33.341810113143865,1,0.9152660203662766,5.068333300087215,286.37720676955894,0.3830197363298404,0.0,64.13484165387318,ISRU Cryogenic Mining Outpost
-84.79160636567784,-35.377299742637184,-3088.170161189938,14.54276867039206,2.7963707039203594,0.0,89.7220186681897,51.390775851678676,1,0.9987097779721168,5.190740965194816,306.3870887411891,0.32525325887573836,4.6793926971618545,64.04348520558597,ISRU Cryogenic Mining Outpost
-84.78220159295307,-35.32683495659571,-3084.5514917782552,13.897089408495711,2.8079119563439523,0.0,99.65399705395153,32.224974673571126,1,0.9310393337835201,5.254323740381396,300.765799027613,0.34940170477717053,0.0,63.30384653681734,ISRU Cryogenic Mining Outpost
-84.89608121081983,-35.412344917548886,-3087.9172378501166,13.682373737088964,2.83093664687176,1.08800552171565,97.44260084987684,57.3909232382793,1,0.9617895687778971,5.1967822965941215,310.0068668581901,0.39700234206098967,0.0,66.0640543068917,ISRU Cryogenic Mining Outpost
-84.92006971049102,-35.598260834413516,-3117.939551750678,14.369404683877924,2.831012288636364,1.5912540878523278,98.12545416817035,45.944236464282675,1,0.9495403447800254,5.159107847650634,290.18008049642566,0.3541939964643948,0.0,65.01618502559938,ISRU Cryogenic Mining Outpost
-84.93239186409372,-35.28703833531326,-3091.1747356661344,14.035846246973117,2.7696831342087354,1.3736055180136684,88.94028886861574,46.578857189160566,1,0.926934109602185,5.112092964274969,298.8901855392725,0.3570867535403487,0.0,62.802520822369004,ISRU Cryogenic Mining Outpost
-84.85603791289714,-35.46268666085252,-3108.0580265310423,14.590444130095525,2.864254918193225,1.5651929774171447,91.37897304617275,50.161738100836324,1,0.9502212446228772,5.027773510493503,294.1671945428224,0.3592313065738795,0.0,62.48373638818343,ISRU Cryogenic Mining Outpost
-84.85217229350742,-35.50709258208875,-3118.831976766971,14.155212298785134,2.800075165820229,1.5757582219000827,95.66668354464997,37.814061544007224,1,0.9250976901200201,4.984280511404538,299.5040632367743,0.40168921673603153,0.0,64.01325591943785,ISRU Cryogenic Mining Outpost
-84.8423624554456,-35.65591027743377,-3108.7003164813973,13.99993109038717,2.853372179235588,0.8170338484370802,98.74517398938636,48.01229990431247,1,0.9288060551895285,5.264340713774797,289.63272633343195,0.32443178608081236,0.0,64.02466362866774,ISRU Cryogenic Mining Outpost
-84.91657723742861,-35.553636452475224,-3096.9959124232732,14.360128381154196,2.8227014084810658,0.9728253053622947,89.60106211379941,42.40275405374456,1,0.961010671853712,5.110801205995118,298.81649705244234,0.392274477586933,0.3323801420623851,66.5728592649835,ISRU Cryogenic Mining Outpost
-84.92657680274372,-35.581909160511366,-3135.2993760692893,14.224580987300179,2.771497286923443,1.8990088792443736,96.2397622308759,43.30583568014378,1,0.9083608655221463,5.184651158714102,294.56890057964534,0.3853560447271603,1.2088826757827518,64.59862945097129,ISRU Cryogenic Mining Outpost
-84.94249091884008,-35.44787319653187,-3083.595985164486,14.10806871085494,2.8316174186758936,1.088316469837,93.01968573201852,42.832213561810164,1,1.0,5.232575996333437,294.6143529027,0.39365657911590524,0.0,63.30167810634714,ISRU Cryogenic Mining Outpost
-84.96234548258015,-35.471433861840026,-3094.0526966358148,14.325147831600532,2.789398303283822,1.5998818591608208,98.26456664162603,57.29615602608806,1,0.990013479245996,5.249215672774022,301.68546093337784,0.3621154922266777,0.5855880348635846,67.57133283565706,ISRU Cryogenic Mining Outpost
-84.87465226293105,-35.582177856356225,-3093.2806106419735,13.703118549777558,2.75719029006566,0.619348893131784,98.69772962273697,41.01039014946333,1,0.9232133059533347,4.957362490883181,293.96564791571194,0.34107945362278297,0.0,64.31936553094442,ISRU Cryogenic Mining Outpost
-84.98778946920031,-35.60072579170386,-3101.201833553194,13.941026903884875,2.792481853624573,0.43201934425508864,86.64158543282234,48.543300336377,1,0.9304381772991385,5.04038026979123,280.0811562264752,0.3746484566366484,1.0240605131566096,64.41235820314886,ISRU Cryogenic Mining Outpost
-84.89145935728664,-35.533904366408024,-3101.210970437452,13.66776160156506,2.7997616980653506,0.0,89.37600399312976,48.7735961964273,1,0.8927499971442403,5.1524285598845765,299.69718514029125,0.3694552233983238,2.0608179284090573,63.37748983187249,ISRU Cryogenic Mining Outpost
-84.93055780107564,-35.62003552395255,-3100.1688689708494,13.712402676974454,2.7604176878559077,0.0,94.88246309018766,51.27966815891783,1,0.9679309855603108,5.1550992241367934,293.8276030636726,0.3719196809164085,0.0,63.36557646500322,ISRU Cryogenic Mining Outpost
-84.93504651023379,-35.50787931474315,-3117.5676718824284,13.754922370268218,2.847743704448236,0.0,89.80111197564342,51.36636913259999,1,0.9282358237108979,5.237602601273977,285.66107903339963,0.3814756434150567,1.5436544327973936,62.84104269774768,ISRU Cryogenic Mining Outpost
-84.81628335921438,-35.539034978297124,-3089.818200980785,13.796583616224648,2.874580692488629,0.4550395654289793,105.48639950313637,50.89536005642377,1,0.9651109868107731,5.004488295727071,295.6708329116029,0.37366645365506856,0.05245451687841673,64.42158116700274,ISRU Cryogenic Mining Outpost
-84.94503487349493,-35.51565624603401,-3101.9277766199134,13.696931477333855,2.8400208591651093,0.33372781991451966,99.06626604959064,47.436092701425494,1,0.8885912353336441,5.016669484408075,308.22569051974847,0.3957017820150652,0.0,64.90501654879273,ISRU Cryogenic Mining Outpost
-84.94159574606404,-35.709648948825034,-3066.8558199623603,14.022597745384074,2.8108489190490187,0.0,89.23431251834405,37.04181402300004,1,0.9825092824508078,4.935667135566275,307.93427974656606,0.3602647249033324,0.0,64.11694149454033,ISRU Cryogenic Mining Outpost
-84.93421046858414,-35.49027044615939,-3117.5431305478696,13.90595517508627,2.7620803413105333,1.2918385851994696,97.56311495695238,46.23859610719518,1,0.9716064226870351,5.126317952432132,296.43039537543643,0.3776009254963072,0.0,63.12893646684581,ISRU Cryogenic Mining Outpost
-84.89264395795773,-35.398209320769894,-3088.5927251206012,14.169385448531166,2.744692193538171,0.7842477938500008,93.00396270474624,45.87868313293752,1,0.9565604460948617,4.984379280014624,296.25922972391834,0.38472524667333524,1.997269527053338,63.42468681004439,ISRU Cryogenic Mining Outpost
-84.90306071639185,-35.48300357179639,-3110.3357186127205,13.839485673650396,2.771317872002172,0.0,103.73543609292305,44.5396228694375,1,0.9546261997978237,5.103159288597624,292.53978851890673,0.3795160459593519,1.5386912206202217,64.11979884639182,ISRU Cryogenic Mining Outpost
-84.90804672646644,-35.52347733664448,-3119.8696028060253,14.31202704715673,2.7776531964566815,2.2041142945248984,96.22352998694761,52.02942694589574,1,0.9340017192932762,5.026682242407433,303.34582151114597,0.3687797156782443,2.571073637360651,65.06807062475481,ISRU Cryogenic Mining Outpost
-84.82677687438812,-35.59764717984511,-3080.8697823742555,13.777175849584939,2.680178752486122,1.3438750473489096,94.96799031751948,49.81207027085097,1,0.9427603897405299,5.102147521576248,306.9816277493701,0.3823658710873692,0.0,64.06743732646156,ISRU Cryogenic Mining Outpost
-84.89211807232873,-35.784465312043245,-3090.1778967372456,14.40767136033862,2.797550560589574,0.0,96.93883759334696,53.71773695469846,1,0.9540758458640914,5.121437364764991,291.8753660106295,0.35861007190560257,0.04681516588139852,64.26236514093021,ISRU Cryogenic Mining Outpost
-84.99660486331932,-35.57267836461075,-3076.8227747647834,13.922579127066014,2.6772087134118028,2.4017630211068166,90.5424546116804,42.64866352296406,1,0.9718676236530567,5.025792655036773,279.2403154545091,0.3843513105992879,1.5936843094933602,63.49633410276729,ISRU Cryogenic Mining Outpost
-84.9061421906646,-35.61797962415414,-3119.909271630516,13.903496810030934,2.832430611453153,0.1466621144946978,100.1002464954928,53.26805487548968,1,0.9665971651044394,4.941003655808598,292.72977571385763,0.3975399130254315,0.0,61.77098869621562,ISRU Cryogenic Mining Outpost
-84.92759894605655,-35.72724517170976,-3105.549912487553,13.794523617651212,2.781967703948599,1.7722127571162034,88.3429932183017,41.40892084390858,1,0.9057471271745217,5.207133607954128,304.0498977600401,0.38720150531755143,0.6165792052763867,62.399492661759425,ISRU Cryogenic Mining Outpost
-84.89004055065942,-35.612191041351856,-3099.1761209162746,13.896995449670246,2.7702916558509965,0.04245353858996532,98.3863095040932,53.87728459050022,1,0.9565295481293467,5.327798980510455,296.6074002961884,0.4156777465983765,0.8711681753218937,64.55968437264241,ISRU Cryogenic Mining Outpost
-84.90841139976875,-35.47008990422979,-3091.368430021537,13.574764161844215,2.835002702691374,0.0,98.50585676836583,47.99476715558478,1,0.9826374257727445,5.01378975120792,287.1031792155279,0.4021451709986248,0.0,62.44015003807282,ISRU Cryogenic Mining Outpost
-84.88956910452987,-35.5046691542958,-3096.8928932893286,14.161318010314549,2.8271655153987645,0.0,95.24076643261807,44.66507365520214,1,0.9410582307444301,4.961255109599485,301.051119680642,0.4009806675797728,1.2748584433385721,65.04075485375043,ISRU Cryogenic Mining Outpost
-84.94953005752248,-35.64152579249992,-3083.3821444469104,14.008570531840684,2.8084766191564,0.32173742932113103,96.28526382948618,48.23270367260869,1,0.9371371518526097,4.909490652482773,300.507244113991,0.3915509325282671,0.0,62.45092988507202,ISRU Cryogenic Mining Outpost
-84.85585043633654,-35.388092637807226,-3153.2728126232046,14.132252917963845,2.7889676824781695,0.11124634811916856,95.65638899378534,41.18928636531188,1,0.9595801080550709,5.0311850561293685,300.97610245973385,0.39938058307710245,0.0,62.92842095683625,ISRU Cryogenic Mining Outpost
-84.89431722319569,-35.34963433936238,-3111.854180483034,13.879041060572932,2.816053607110226,0.9851706338443083,97.63483665514502,45.161468093389935,1,0.9308344307586834,5.133182280665254,269.39544058748845,0.4173850766213617,0.0,64.47344662179302,ISRU Cryogenic Mining Outpost
-85.09503100944086,53.42586891056903,896.6423540322037,5.021898327286208,0.9223269984741257,77.46584804226173,220.79257503823197,141.75521657169563,0,0.7745860895449623,4.208741647395882,344.51542775884434,0.1969180326548732,78.84136671649024,89.36205349623067,Optimal Habitat Base
-85.19806743575653,53.56063870302826,873.1002675512087,4.9713835747416315,0.8922973596116143,75.68352349253017,228.8540230763239,151.37657166502532,0,0.7841770044901564,4.230218220648764,354.09730520386927,0.24305826952680218,78.21596293066962,90.19607267182954,Optimal Habitat Base
-85.27926791343359,53.66754974960108,811.2232107962309,4.387013440331234,0.9125915118923178,75.70386580079193,223.35834051365654,147.34454809582013,0,0.7865077383303474,4.131697745438287,351.61150592987684,0.24769668011717175,79.1603436645801,87.8747765395328,Optimal Habitat Base
-85.16127659056018,53.316776242939426,798.3652164473128,4.323653357504085,0.8828239114947469,77.08720217727083,211.64410658529474,149.94194894079394,0,0.7993626659377392,4.113696211053934,336.7393440179682,0.2823053331458423,79.06501405355263,86.67423186675364,Optimal Habitat Base
-85.19352793546183,53.64948401263941,824.2670121235612,4.351559212031975,0.8940980063486201,76.45094578570978,228.54702408570805,157.37646424659175,0,0.8334000249619208,3.9612313150421756,343.43166531691566,0.2140339870073855,80.5553509429146,89.41005915008303,Optimal Habitat Base
-85.13692315078914,53.55581135401191,837.4505769910248,4.740959796799413,0.8269289126702662,77.44221633057339,221.86970077039743,156.12149142428123,0,0.8280089094046211,4.293799952624911,355.35836728065374,0.23802146500506646,78.63496341309018,87.92313629636732,Optimal Habitat Base
-85.21293259205932,53.599914802474224,823.0277906763567,4.818998160800969,0.8166834313544317,77.05946272334145,222.70735192138733,152.51810982750519,0,0.7877250555100549,4.074302157666592,357.05884891906464,0.23251762556111444,82.08558667190243,87.77768080342405,Optimal Habitat Base
-85.22839938445351,53.62367918101036,842.6562693408565,4.676034518914587,0.9191550753169748,76.25421920975514,223.44227336940443,146.53502133651165,0,0.8508697484704406,4.084935660389154,347.50281288495063,0.2240623282852814,79.70984299750627,90.69192602960618,Optimal Habitat Base
-85.20845595727933,53.41372057066339,888.3773850853436,4.840665289322778,0.8947036306739479,76.60775189686194,218.7727000782459,149.77297166915463,0,0.8327882390287628,4.222012025270562,349.13431602241866,0.23375906839032462,81.47594749089087,88.55629327282168,Optimal Habitat Base
-85.16402626344401,53.54243112726378,836.7144824242466,4.5251596248325265,0.9529660617641833,72.48805118076237,221.65688568718048,143.02349765456043,0,0.8418238166098444,4.236478147252607,346.2053390993743,0.2852980628630893,81.75443308473902,88.79573295905479,Optimal Habitat Base
-85.12500052428794,53.43582717068424,844.4681853265433,4.9389631228287385,0.8653974162991965,74.57353447335267,220.31004028585195,149.0165818450871,0,0.8240794603426418,4.066210953405388,338.8812606073841,0.23940641021168432,81.54674828055805,87.51008281477353,Optimal Habitat Base
-85.11686047029117,53.58688731421697,828.9168388106906,4.6056271691222275,0.8843510023288599,76.22208491119414,212.80810191124453,146.23420314222818,0,0.7933909701406316,4.289055990536106,353.8154050110006,0.21403969239478537,78.12293856399467,89.13763132817286,Optimal Habitat Base
-85.21889769176146,53.441465381089465,838.9358298992995,4.943919112312499,0.830914249099158,74.86965088608163,220.36177564761292,144.4795310790151,0,0.7852909836643583,4.189686221819157,360.29084704592174,0.2354341410544615,79.42962555248626,87.49502709179995,Optimal Habitat Base
-85.30405465655635,53.51438516332463,855.9547290953224,4.597897473714996,0.8461964066027516,74.58987662722461,225.83817852982793,150.4095208250032,0,0.8458366895851555,4.019455693990934,349.6965200701432,0.2303440118470208,77.90028184324109,89.75852386643653,Optimal Habitat Base
-85.13809269529858,53.38944329146201,840.8383363917889,5.197366488637668,0.9161581984379815,76.67581769972433,226.70620183017354,153.27944721477792,0,0.8216749139028675,4.1213595012570465,352.076600417729,0.2569644861384156,78.46743188357459,88.50185552640303,Optimal Habitat Base
-85.12240032339128,53.53257265145978,848.6682851932242,4.989224005996657,0.9113644770453279,75.39132716560532,226.2255081235741,145.95616348837103,0,0.864803170278039,4.123877694995201,344.4943407167665,0.22214738276605817,80.51915650130341,86.86330644861452,Optimal Habitat Base
-85.06397678269238,53.35447471563277,868.5130976170276,4.654017238649564,0.8595566849239209,77.30659798637743,222.730214523523,157.9577642539743,0,0.7679612437501411,4.156227847504207,349.79821986467783,0.23592557776279585,80.02818966293094,85.9025722172266,Optimal Habitat Base
-85.18829964667908,53.6089053394382,859.3277425924017,4.6893688503346125,0.829309757739318,77.26192556847478,234.38053587697655,153.30934509451296,0,0.8447315675138808,4.193301673943952,348.8553690831405,0.23180975993061656,80.73704638699404,86.13041977440128,Optimal Habitat Base
-85.16741284754123,53.625891782167564,848.9728147146636,5.044205935670558,0.8722814153193255,76.55735148426974,223.63443828856063,152.29906345583396,0,0.8068642317379477,3.9323820609052578,346.25498047952885,0.2688501718471498,80.13507036551694,85.3531177742118,Optimal Habitat Base
-85.1396090624058,53.38471786441117,867.8674961945501,5.18767025236568,0.9050845011877224,75.0046606664125,221.42418096723807,153.14629069648169,0,0.7759354699512298,4.04181068510243,356.1031518551144,0.21697650539805063,81.84156276487464,86.94288084180285,Optimal Habitat Base
-85.36440783656289,53.4221779232186,856.2024682617905,5.058998973660452,0.8795805699732332,76.08415474600976,224.8455680559498,158.7095612179849,0,0.8213627685823393,4.050722683745145,368.41412078561757,0.23022416476768684,74.84936646138713,86.41975985900231,Optimal Habitat Base
-85.17208816291807,53.32227727753625,859.9610216922536,4.566009611683162,0.9588858066002864,76.75126929981664,216.81488795402285,154.57111522997252,0,0.850907926555029,3.9723166690323923,345.577690551055,0.24004768365252582,80.3634297897365,92.02986845799835,Optimal Habitat Base
-85.15545457233942,53.740078405630115,850.3882194786471,4.915088000298004,0.8715935599410713,75.7160956131374,225.73550165291206,147.0874791679468,0,0.7330774160472934,4.033319931861785,360.61355300320156,0.23145618040446597,79.15681896177358,87.35483260664144,Optimal Habitat Base
-85.18335248276372,53.66586582724412,878.0141275007502,4.909760673031024,0.8573137978020505,79.1507970945571,230.29621345630807,142.5957798650789,0,0.7572961739276977,3.9574568550260247,348.05065342757996,0.2480356564024394,80.7559029347572,89.01107976777195,Optimal Habitat Base
-85.20702270395947,53.73713080440146,850.6797607561442,4.773904399845645,0.8746210713555735,79.81798996161857,228.60449955105716,144.82755998241058,0,0.775411105838953,3.931996262996857,351.22584299520196,0.20003045733434247,76.66479440859516,90.10251202259103,Optimal Habitat Base
-85.15545018434844,53.649140197881835,820.5935945509533,4.499303959951045,0.8685717693501069,78.96012743654002,225.31441059224014,159.11012729231672,0,0.8288233263767281,4.088757863644979,356.5907035308565,0.19541237987882737,74.89152502218347,88.88888656598351,Optimal Habitat Base
-85.19927989781458,53.693361753461254,822.4210054490975,4.911735735614256,0.9347639283209275,77.01421916594009,230.4947300245555,146.8381387801697,0,0.8349669491675534,4.15615251108205,361.32683406227363,0.21977672859167166,76.6275933048964,87.55716565490964,Optimal Habitat Base
-85.2531529148215,53.44350220163761,843.3143338337292,4.526582561141145,0.9003886789399301,74.73147436362466,224.63399788358444,147.5238887814508,0,0.8063630692161843,4.139335797343319,348.6541514551695,0.2144407485802353,77.69094285866954,90.0346849141051,Optimal Habitat Base
-85.13618424859119,53.44851010071201,846.9093374727097,4.288680399604611,0.8909029694616042,74.3226667510783,222.55831276659993,155.3868620696461,0,0.7649430111341758,4.009798923947817,344.823220584453,0.1966229312961783,80.7254109545099,88.91585705070162,Optimal Habitat Base
-85.10955728924793,53.40046816006624,814.5569725562746,5.082395645640603,0.8819581087684155,75.80006388367566,232.39013204774452,150.84881181223503,0,0.8371258744222875,4.037735264832225,346.19884280583614,0.22269253632425992,80.34073321606573,88.57635013318492,Optimal Habitat Base
-85.17660195125501,53.23967674775043,812.3606334681493,4.153896230289429,0.8810353072857002,74.40351018821067,233.44827381758492,149.89307516839588,0,0.8165006535870704,3.9910207883606095,343.0320952739187,0.26102477273752356,82.56482464918943,89.12373301873725,Optimal Habitat Base
-85.30158739184655,53.45745218693762,856.265349729847,4.731610118983863,0.7939916954704593,79.27427336406318,220.82253023477574,143.29425436325442,0,0.8090737141205436,4.21842534645605,356.1041316630297,0.2036871869364315,76.03881278222967,85.21263190432138,Optimal Habitat Base
-85.21458023056604,53.45269090656068,860.2774120929295,4.594346927166195,0.9486853747178066,77.48202628293868,221.35559177248058,151.9558729728639,0,0.8498691627373948,4.003929405008817,350.29337702651145,0.22534423615446075,78.28456992572325,89.70284446462728,Optimal Habitat Base
-85.15594587106862,53.5406673191149,857.1787021493872,4.631337473385502,0.9165263979506156,74.57224553374272,237.39271006016943,156.75133197832375,0,0.838696101284442,4.140833737890665,355.27345613463024,0.1961975758477074,76.48277693380552,86.79904538735883,Optimal Habitat Base
-85.19708246436504,53.47184791418624,866.2265670505442,4.51033569405604,0.9513306694840142,75.26942957385504,222.910181815127,154.47722378229344,0,0.8251396376071479,3.9748544011239133,360.51248498501633,0.23177972598640204,74.71558685160777,87.23597713772978,Optimal Habitat Base
-85.22048132613767,53.383066157269205,876.854252867705,4.687572345318238,0.9230091490572556,76.80988149478871,228.5287269008488,158.36525320782502,0,0.83027101651216,4.274261417618556,357.61801535384564,0.23263063887875618,79.64291220834772,84.56194719348845,Optimal Habitat Base
-85.22275777302241,53.48564174446697,858.7610860444476,4.792347114193575,0.916693799051401,74.51521508267193,217.09328563878395,144.08433911848874,0,0.8571358332254924,3.9732101141970966,345.69115996481236,0.2321030695657365,75.81675411301464,87.19148275894024,Optimal Habitat Base
-85.16616091018163,53.456195759984304,883.669724654692,4.290433179422895,0.8827198405042819,75.84333284327285,224.95532922821468,143.86618201277275,0,0.792585663654696,4.178912343065407,349.8447895129632,0.20860544189586458,83.1601005197988,88.57364971600056,Optimal Habitat Base
-85.16933280216908,53.57641443125352,848.5848435443119,4.563076908635795,0.9099598837953724,75.44983255477246,226.85784398307348,149.17879830003653,0,0.8408824502902106,3.9858499540990096,357.74813538487916,0.24227560536861298,78.52195342040355,89.59529331610494,Optimal Habitat Base
-85.17905535657887,53.566715177936906,862.0703222026141,4.815036111702949,0.8701897851298134,75.58836718515046,223.92676789776183,154.21571676156248,0,0.828967466457813,4.200598147727317,360.8502257634723,0.22566013303502558,82.92484335354341,88.34402992683495,Optimal Habitat Base
-85.22469482308725,53.5333332980194,859.674239419217,4.577531988178502,0.8920673998815943,75.82954286786976,225.70771453847055,153.97929506836488,0,0.802022721701489,4.157271498853227,340.8892193325566,0.24779571649549664,78.09313928615026,87.79310778101761,Optimal Habitat Base
-85.17998300533235,53.54529014315625,847.7538404010829,4.53336038820128,0.8760215536341254,76.6428636258121,227.4492057162726,145.8852545782313,0,0.7907957375746446,4.126294363555862,351.3341765883108,0.23292996566199983,73.77111784763218,88.05763159849613,Optimal Habitat Base
-85.15733652637537,53.438412502958,859.7305115538201,4.4373766066664615,0.8218607465397773,77.12672636891695,224.72767523936858,148.32056524552834,0,0.8353939925047824,4.068815924907323,346.93904601157936,0.21518359987196645,77.09530963845515,89.199971559863,Optimal Habitat Base
-85.21560490308903,53.61425209425434,790.9533666165715,5.076852081458247,0.9179814807716696,76.36376382363696,218.5429336686072,141.7006133974652,0,0.8325327187120406,4.124214660717051,353.7857498565475,0.22795058318109687,80.69961526587228,87.62119223454833,Optimal Habitat Base
-85.21682025732966,53.482340440774166,845.7268022787317,5.200971747379737,0.8372781030696368,73.56814422284572,217.72986881631877,153.41825475595715,0,0.8069767612944265,3.9401279462869416,352.79732024279537,0.22352029247067523,80.11898919237491,89.69139960516719,Optimal Habitat Base
-85.07409205224923,53.38178491798655,812.744796812026,4.976735263075836,0.9493356318511732,74.58645842256848,218.62635590350976,151.72183143505146,0,0.8614344845730089,4.012339124991003,352.69653436276593,0.19201710546503656,78.60282891786053,88.32952837602292,Optimal Habitat Base
-85.1266229777298,53.4293322206261,863.7282078765105,4.568471430245664,0.9045166130585581,79.61598178104758,233.96550714660822,159.80283969111866,0,0.821927166238842,4.078973753641113,354.2794054530189,0.23932096545012393,79.77862944617863,87.4329201885689,Optimal Habitat Base
-85.23757798914515,53.440374208486304,871.4063085397314,5.153711137994139,1.0591716959137583,77.13846865739872,221.05785436632553,147.60554959754023,0,0.8052749348922895,4.250624862295962,357.8635105423887,0.20306382786671598,78.88631284236908,86.29278520208219,Optimal Habitat Base
-85.17037610265226,53.42931922055362,837.7753183560257,4.236380603602284,0.9378409202539479,78.31300007307439,221.53528868755998,149.18992522063505,0,0.7956207921439112,4.078174011359016,345.44275693427267,0.2079949740004603,81.73723942505033,84.54042675006237,Optimal Habitat Base
-85.17479428654926,53.528333222463395,883.0783788138119,4.729084239144488,0.8814348545669889,75.28730836940001,226.77781844586715,146.4588422035224,0,0.7761364371918138,4.026291609022494,344.4254946749266,0.20988086614864507,79.17061772928388,88.20819510658168,Optimal Habitat Base
14.127479634675282,-56.78527701236186,-2424.054434315547,2.5632347683457293,0.4471920766069105,51.145649696010096,293.7055493795319,274.9233875976011,0,0.07513819888840328,0.20871455443778142,48.250531073196726,0.9560588196852812,98.5873011621271,89.19889572667759,Optimal Habitat Base
14.068680571264213,-56.86519394259648,-2403.847651016401,3.188756163855872,0.48393779895365796,50.80950181694467,289.4883969165923,266.964123625243,0,0.038119153428002345,0.2217623175083438,47.537326755867,0.8864744621684869,100.0,86.85026291456639,Optimal Habitat Base
14.13195653954204,-56.70709285655559,-2380.3853577601644,2.9242659226392447,0.4464892606121462,53.59460178458625,286.5096112542738,271.8932673505235,0,0.09894394900378722,0.05564940424519806,42.119020477354795,0.9385292817329559,98.42574774448697,86.94266868214888,Optimal Habitat Base
14.09597867118427,-56.852636614304906,-2406.658822222041,3.5581927742263986,0.48521906054567837,50.64308550858086,285.15599798706114,280.20139571457577,0,0.059566244310641156,0.13396120636233702,52.41022981533111,0.910382084556629,100.0,83.9255424736662,Optimal Habitat Base
14.069278976908826,-56.88012277491563,-2437.6119561744936,3.041394484357323,0.49740241895758514,48.36512222158763,283.82838396852924,270.2053759044771,0,0.04760025461317608,0.07342556050016698,34.870946045680384,0.9121092606438264,96.66745126201437,86.32881780663739,Optimal Habitat Base
14.072058385366509,-56.803875394587834,-2426.21635217616,2.7809459452806298,0.5278769999003307,51.148028624431774,288.0363793508712,270.1381806385387,0,0.03650860413752819,0.20972257331197,43.375192261748666,0.9100224869426051,99.93259770613957,85.03887953996669,Optimal Habitat Base
14.107830816825329,-56.90484699893448,-2386.7090076011714,3.4446256578633476,0.43556531008374993,47.833037312040936,291.4427085175686,279.7040949461433,0,0.0765191321718144,0.07876651994143878,38.165589806859984,0.895677568809465,99.43414871722882,87.58416117803655,Optimal Habitat Base
14.068442030240396,-56.824672817771024,-2399.060873237706,3.743853937658449,0.5032576579271547,48.52857221761693,284.21678848017183,265.443878633985,0,0.08792066027892695,0.15131403990789577,42.23605077329311,0.8614940672760432,96.29473572335026,86.71595414066239,Optimal Habitat Base
14.117608380725166,-56.765654092649534,-2426.9460957832207,3.2531004171675666,0.4512044753472008,50.002836541253295,286.16112858519506,275.3521596833306,0,0.06012340891972752,0.08567673161032058,56.04302130365942,0.9125501497476297,95.16985400257244,87.7838103033965,Optimal Habitat Base
14.11261049293409,-56.83186771813532,-2412.8749056687066,3.353235062952251,0.540681752216875,48.84992762182119,292.8267010184583,271.2530305058419,0,0.025117416679215833,0.10038584300317302,40.626779354452474,0.9448067640882322,96.70216545440064,88.4633106941943,Optimal Habitat Base
14.106570571533117,-56.97455130534651,-2443.4623721029575,3.1374178568927293,0.5666813093554169,51.84592976665746,290.83156539296795,266.31465715367375,0,0.03748103768601931,0.12073499438799264,53.69845186904634,0.9313839955332748,99.93656913239464,87.16551198578806,Optimal Habitat Base
14.146944245347367,-57.02611995626565,-2417.8511560241027,2.8685561636092425,0.4400071613119333,50.00835529078104,282.76360295139796,265.2811685889992,0,0.047038834555569564,0.0,41.11065518066519,0.9327768604550843,95.54916497552163,87.39444814183253,Optimal Habitat Base
14.059691319680919,-56.77283507632747,-2422.124066181294,3.336007918341418,0.484820860797497,50.69929543205836,287.27400160652934,272.7803101180741,0,0.07540699163942503,0.11197250286558183,41.163666078795316,0.9153261044395157,95.47147045043383,86.50437768821162,Optimal Habitat Base
14.13114816375355,-56.64337309555043,-2373.8337887107896,2.9068038964649783,0.5106053736263041,49.80052047461544,296.0899811127894,266.45413669720625,0,0.07634242913378678,0.0012967634375215253,44.15214996882813,0.9023097735801112,94.06991845305802,84.84337415637668,Optimal Habitat Base
14.087124379968419,-56.657383069363334,-2421.747034155135,3.0182810057169918,0.4279825442508613,51.73291865498418,287.69768964726114,268.3081666549563,0,0.039567963083003505,0.0,33.26715491470894,0.9009643557477064,99.23203343842893,82.45113331042216,Optimal Habitat Base
14.127065336623168,-56.76569015629323,-2436.2977922907485,3.1049083676741236,0.5581930222207222,48.39421804313882,287.2401165305563,283.80527983258787,0,0.0597769362591833,0.07420060490812808,41.18353102843914,0.9274611924338344,99.36981656644433,82.96635773174414,Optimal Habitat Base
13.988303222085502,-56.89980471731421,-2403.0768679369335,3.2226707793076015,0.41482707231643023,49.692824519426644,289.6408055054882,265.7507629499855,0,0.03396528936833634,0.027349914976499135,48.71440245137513,0.9201373904822163,95.71543266174952,87.63257012353725,Optimal Habitat Base
14.03163536850785,-56.97129086743984,-2404.9030142305646,3.124934111196122,0.5036393511079267,48.22801848635507,294.465402326582,278.57368923440515,0,0.0493505485364364,0.13160104106864773,28.078871950011937,0.9113022010330513,96.60800701020405,84.91284296140546,Optimal Habitat Base
14.067124959176883,-56.85577151055765,-2429.0986592991817,3.053819610766692,0.4479159283647705,51.18250002896626,291.6516484954212,271.65850006648617,0,0.07930359159775557,0.017372087128540686,47.15831219128961,0.9414043957053523,96.20767788835177,83.1562431178781,Optimal Habitat Base
14.06546537153913,-56.70434791734314,-2419.061394191491,3.060470239057424,0.461015246435985,49.714469561159945,284.757488536094,262.58437872191996,0,0.036774592873990486,0.07295912129220083,53.931850835365886,0.9213252434979263,95.65656982139464,85.10247712121124,Optimal Habitat Base
14.135674640103362,-56.84238162950249,-2421.8621378487005,3.2246987054376097,0.4605055913512247,50.71721723830586,291.8148307171452,264.26309879239875,0,0.10354905666672519,0.08770511554071764,23.689798427690945,0.9276110951489663,92.80345469676328,87.75974502971201,Optimal Habitat Base
14.102853121196086,-56.814618192342174,-2401.692995229841,3.350523303636088,0.47174224277166144,49.8576626703111,290.1668658445983,255.1702212092793,0,0.06527909173642599,0.16781026259677756,47.93944482746229,0.9259343414084849,100.0,86.0064191500423,Optimal Habitat Base
14.095268433989887,-56.873714989343604,-2439.9747583974677,3.3118814444081264,0.46854053651974126,46.98552144733647,289.19905930443144,269.0592985822834,0,0.040544969816764004,0.1050668883081154,31.832267147169606,0.9381429863533136,98.6970641739999,87.93665590914142,Optimal Habitat Base
14.068019907445796,-56.76548127349261,-2439.0730120798535,2.924475467165038,0.4271427086945678,50.262318138209075,284.0528218514162,267.38821134513995,0,0.04733131688160691,0.050755135329751934,33.79075925809991,0.9512221459115022,98.06078947157212,88.55515096412795,Optimal Habitat Base
14.044159793695789,-56.84606963821266,-2399.958374501883,3.6342472746379806,0.5781516481099193,49.22139866506831,285.9272082667536,269.548176010744,0,0.08346205965670994,0.10508740007904185,46.86636698089314,0.9421225574161675,99.88963839729948,87.67521362898432,Optimal Habitat Base
14.131102113437414,-56.66479033398624,-2424.3009804211224,3.874778799897573,0.55301795828664,49.759537476184335,295.54857369630946,268.2627679787353,0,0.06424476582866145,0.15919748718644092,51.89721310550389,0.9108065071297574,99.7667668678182,85.53714723400354,Optimal Habitat Base
14.136548690412676,-56.80178788923107,-2436.479195699182,2.978972183967016,0.5424061299406016,49.54452434470622,296.06773922903767,263.93353661005574,0,0.07088413035232426,0.0952467704960778,43.02571821299301,0.8964338865921134,98.4200406881574,84.6866547247138,Optimal Habitat Base
14.068196954872565,-56.81406678784111,-2407.3145054875426,3.50833694544972,0.3704923375415741,49.73243671763583,288.1861069763115,269.9574449045145,0,0.03367175687177898,0.20238811349771635,42.938297346715046,0.9226589253691104,99.7845116230122,86.27800380678102,Optimal Habitat Base
14.036539523721375,-56.842658433078476,-2402.482342217029,2.7060313449499844,0.4644095358970001,49.89759991928443,300.0610196986829,271.85550980164675,0,0.0547321721925317,0.2690627969006272,49.702784727434576,0.9345778987277059,97.18620843533762,84.30178826072607,Optimal Habitat Base
14.113082377524877,-56.61778009287115,-2369.739359244584,3.3973522397141,0.46566977409875054,47.67404897826462,285.8887635887461,271.08855799756714,0,0.03586966476076138,0.20020556845683785,33.08649541323936,0.9174248287184994,96.46662289353877,87.68693134066687,Optimal Habitat Base
14.127130548634527,-56.88310055603566,-2382.915805575551,2.713170964404358,0.41067525183205356,48.672244757301314,280.08549477345485,269.43718300064756,0,0.04757635846806578,0.05944963085627597,49.311325548608394,0.9055321656123719,95.40472800397022,85.0041523541445,Optimal Habitat Base
14.038981199536464,-56.86117563587977,-2388.07965339111,2.6730745308614083,0.48301554937664665,51.43642734604093,295.3585523525639,266.58987159315086,0,0.11639671662257914,0.0,43.17223883278236,0.8965942458785164,98.86617178033086,90.40183108763559,Optimal Habitat Base
14.19218705150833,-56.71536062324668,-2412.1498086978004,3.149620106385091,0.5558023193100571,51.12425940386156,290.414586948756,270.7095620442675,0,0.08167102461188963,0.23033802721435495,32.994096946249776,0.9245405943956698,99.15634645862646,85.40176566595308,Optimal Habitat Base
14.163951036303578,-56.82885207360232,-2373.8641983533607,3.0894972947349513,0.5129687335446482,50.35589267414554,298.31313350395493,273.7049851671472,0,0.03627064097489406,0.07277453866556528,42.79064607887916,0.9203699484067831,96.11089782224346,86.07800264651735,Optimal Habitat Base
14.16840373676892,-56.66763499356251,-2431.2970127517524,2.683041430822674,0.47034342220802133,47.33134298286255,283.68306230662523,271.7560445733357,0,0.04886350915598964,0.0,54.360263744109766,0.9115607802206072,96.96344439929173,87.72483372429518,Optimal Habitat Base
14.120543964058562,-56.80424207518259,-2409.891759750655,3.3708862357349307,0.4783593732002782,49.657448390411034,284.1175213720702,275.71280167135984,0,0.09657787243699267,0.12118932214251582,41.110813532951276,0.93870899487241,99.1773018518725,85.53434565541323,Optimal Habitat Base
14.157557168603034,-56.84244568560054,-2425.722546792387,3.1802624275557982,0.5542172015164109,50.15415255522266,284.13682660533624,267.98437799037436,0,0.08588945045913007,0.12738245009018154,44.84896213877253,0.9173917376528549,100.0,87.72200153461863,Optimal Habitat Base
14.029941080653495,-56.70600718443603,-2389.6715439156674,3.6778957498028078,0.49654342517275274,51.70284907668429,292.34466488339007,264.4305117582747,0,0.08061792981892593,0.18094212757396516,39.80058867754569,0.9257902381313103,100.0,85.47544169835778,Optimal Habitat Base
14.136308429027714,-56.909487997027455,-2411.406177104889,3.443169017430033,0.5128340600145082,49.69814363493847,298.5124828054999,265.3909370823894,0,0.04562062348234065,0.1491772516492752,38.02793926663611,0.9301846046514212,100.0,86.02809694137375,Optimal Habitat Base
14.065737026597665,-56.831244014004106,-2453.5681622040697,3.5018370992155554,0.5132295166015821,49.73536052967802,281.6660487696544,275.54519662726426,0,0.03687209960521391,0.15652432124338672,44.90885401033321,0.8877020316313741,100.0,87.81787536699166,Optimal Habitat Base
14.138201678603599,-56.768515280824815,-2423.9495750515634,3.4606892255212838,0.6102499422060876,50.17420367033503,290.67844152464704,264.4908041134891,0,0.0,0.06408844040313444,56.85334535039563,0.9468751742738757,97.86918344330124,86.84519394157287,Optimal Habitat Base
14.039081912206292,-56.7888773741524,-2410.488622857983,3.2164013462869665,0.48626732801474815,49.56124079013242,294.98199468866835,279.8196137420241,0,0.04491633035520915,0.2418630385886079,35.067485580393694,0.9181552279432451,95.40761273637133,85.7314542373312,Optimal Habitat Base
14.135784942824841,-56.68813658747163,-2415.570509223903,3.3374199562019653,0.5614997173831721,51.63159139662264,291.29478509655735,267.054078814986,0,0.029334929116370805,0.015735001351922434,44.747108354643174,0.9035368909964095,99.35607873676757,86.54250505049173,Optimal Habitat Base
14.109150843917966,-56.984047554564725,-2399.444401825957,3.0622645062020712,0.6083208812060583,48.08007869025506,288.97287709411415,271.9154925666335,0,0.02081861635166895,0.2928252686791426,60.59030515621096,0.902831646738885,96.8163836107238,89.42021934067641,Optimal Habitat Base
14.169763539110859,-56.83693467267847,-2391.3712841178162,2.783981491796618,0.6098369133507786,50.10929232821711,292.9279320127393,265.32477033909316,0,0.015917276171036054,0.14510912849824148,60.330392598161,0.909190431206657,96.04179406303398,86.65769632034245,Optimal Habitat Base
14.18185965171525,-56.863858889416015,-2404.997857366463,3.451137299364811,0.5472207741006134,49.57333435218516,295.48323116599954,272.64384176767396,0,0.050485733842547995,0.1902456418978505,51.116838286226475,0.8990597451538738,100.0,86.71809919899617,Optimal Habitat Base
14.168780680279523,-56.7948206328037,-2395.047213365096,3.3196659970422453,0.5273424752691372,52.29229912441677,292.33220689923974,269.8600541210958,0,0.08028599200182426,0.14304189830695702,68.64426480701145,0.9258283584169039,100.0,87.52312320630041,Optimal Habitat Base
13.997505085938329,-56.873678827891915,-2408.7884882361896,2.750104584757158,0.48023715369271897,47.94322190302758,284.4541753147807,271.2079110479129,0,0.10758193991347753,0.0,35.276124542442616,0.9093452122054967,97.70564634230959,83.88679952384663,Optimal Habitat Base
14.065045752932168,-56.8791450650654,-2393.6327461817705,3.3276886141109636,0.4923619465656471,49.43335311403772,286.45149912673696,270.25789041009216,0,0.02071742766009378,0.2547238004694983,33.016785819294455,0.9068739244429912,99.73640290796519,85.60204402927877,Optimal Habitat Base
14.133598661085106,-56.628280615737005,-2383.3379412942504,2.8393924502464616,0.44228858840580476,49.71889938494673,292.21523898810244,276.0306777999865,0,0.026450397422086762,0.05150959182399622,42.994799142986764,0.9145856855196666,100.0,86.0439294880044,Optimal Habitat Base
-87.39234734199553,-5.108851669754336,-3368.178242324545,16.189441235702503,3.162959568054444,2.741656155894735,89.44830146311021,39.181807677665205,1,0.9856120185430466,4.912108214935128,288.09992597507255,0.4129992325941701,0.0,64.46412822989086,ISRU Cryogenic Mining Outpost
-87.49000151964158,-5.092935786016013,-3414.4342173618093,15.703836419990383,2.999931261445685,0.0,93.5555691288748,35.050540692706306,1,0.8829328223167306,4.7505779518481335,294.4604241158846,0.4186505897169307,0.2797405314040988,64.27505445023635,ISRU Cryogenic Mining Outpost
-87.36561946322945,-5.241698729576686,-3381.8097577882227,15.81474675409244,3.1243243199105057,0.0,90.714002696945,48.092838502649045,1,0.9263959453974546,4.798742235025766,289.80824879598003,0.41326618984168795,4.268004037317139,63.77866100564046,ISRU Cryogenic Mining Outpost
-87.42512569145163,-5.220865295302312,-3418.022532336184,15.828228555746746,2.978376191879365,0.0,82.97781193066717,42.48526664042432,1,0.904715757458384,4.691447824667661,271.1719568279189,0.3930132242524275,0.0,63.85924277242767,ISRU Cryogenic Mining Outpost
-87.38725512152858,-5.222679841055255,-3370.9850548068935,16.202947953672656,3.1193041079249126,1.031196678285066,87.41558824149266,39.44354611625502,1,0.9212434076041877,4.665347495037718,302.28251076666925,0.40321556290617167,0.0,65.92829045855885,ISRU Cryogenic Mining Outpost
-87.45507462822492,-5.046384927626106,-3383.73412400438,16.535108846508837,3.091222506269979,0.08379798216648837,88.28353340961962,46.981711040652954,1,0.9317520706893099,4.744151483935879,283.8995332776362,0.39970374053282864,0.0,64.96265928438814,ISRU Cryogenic Mining Outpost
-87.35958924915327,-5.119388807029704,-3395.321656030539,15.952048256532192,3.134805377683506,0.0,90.87027600122016,37.93940533623798,1,0.8933264941869038,4.753666584423088,287.32850515465395,0.39953168755734353,1.5804763055622426,62.53917282990236,ISRU Cryogenic Mining Outpost
-87.4050866767667,-5.3395612796236565,-3425.307762423926,16.286120713113732,3.131533419069956,0.0,94.66478983074686,34.960540395452696,1,0.9319561616839122,4.714822239411055,280.5539986518005,0.3847016815183038,0.0,63.45834539428568,ISRU Cryogenic Mining Outpost
-87.38185103954923,-5.229048218393753,-3387.3546531515385,16.706022418005002,3.094029439927448,0.14219366064156524,86.94135010843205,40.04020729616352,1,0.9574504179604685,4.925865821842317,286.3914601674331,0.40980503332175483,1.8409145747181617,62.13022444187341,ISRU Cryogenic Mining Outpost
-87.46529541255973,-5.131069105024198,-3382.0722476774026,16.42478364004268,3.081292558794531,2.284666307113505,91.4213237922673,36.26205215876495,1,0.8721173762170883,4.770280578404518,289.7984922408205,0.39424107633868566,3.9871247976788564,63.4059752893671,ISRU Cryogenic Mining Outpost
-87.44865743681437,-5.427034175819872,-3395.2997190160036,16.496686226908245,3.1931883604314915,0.0,98.60999552379079,35.20536180390842,1,0.9096827586204174,4.698560254584288,294.33680727000615,0.37397845240296357,0.8034992491692574,60.93725594285331,ISRU Cryogenic Mining Outpost
-87.31211092234744,-5.237425603752679,-3392.440683016951,15.663368213180293,3.025259889245641,0.0,94.25259063884612,45.29545243096777,1,0.9525616988329983,4.6490269176815575,292.05495498617057,0.3888020506446498,0.0,61.99415850381668,ISRU Cryogenic Mining Outpost
-87.40582338970336,-5.133895558403227,-3377.5438939822225,16.356321638502315,3.1316635368110433,2.7345743219694096,93.4853654580328,40.93082584253785,1,0.9374331420445422,4.970764590422845,281.0371146775741,0.3913812608331333,2.9002554986985687,62.364290623854245,ISRU Cryogenic Mining Outpost
-87.36178551624128,-5.071091274300201,-3425.1164095794543,16.077473216762876,3.1602344642019675,0.0,79.90703754028193,39.45015113478941,1,0.943833873645363,4.927649309960578,288.4067623889184,0.40967563216619995,0.0,64.15477632030749,ISRU Cryogenic Mining Outpost
-87.32874022213952,-5.123180009974552,-3402.3633349302545,16.330233319572443,3.147624395056856,0.04155253181877516,94.00264508080342,43.851544887818854,1,0.9625807340903814,4.870013764606265,284.01154082528143,0.42808988019762456,0.9201103844876344,62.590396091810796,ISRU Cryogenic Mining Outpost
-87.46770018464963,-5.176862107094183,-3363.3022221118085,15.381187124975984,2.965514343327289,1.1510090291668775,91.18086154698901,45.361918579156814,1,0.9042084221467278,4.585822266470032,281.34411998731457,0.4312001060345065,0.0,62.1356069953306,ISRU Cryogenic Mining Outpost
-87.53146999967325,-5.380447998464537,-3377.7966567217272,16.12217158350889,3.1495600942827764,0.0,82.66108981005168,40.69538209557413,1,0.9028114064260161,4.716690982388406,281.54392493372615,0.39730123794737393,0.0,61.40159750925664,ISRU Cryogenic Mining Outpost
-87.30976428133584,-5.15420449751681,-3396.830344917696,16.18003637938955,3.133280733324776,0.7977351500451849,84.82860422451611,34.33864937436267,1,0.8517774624783802,4.979193111154461,284.43752049158354,0.4118411907633666,0.4041225376445679,64.16883810749242,ISRU Cryogenic Mining Outpost
-87.40322689315579,-5.332796906942924,-3420.7423363999924,16.09477253369891,3.0207364960593686,0.0,84.00588786568242,40.35656616525055,1,0.9051190340699051,4.81194817528546,294.83573875484984,0.39514769628413654,0.0,59.72749393328617,ISRU Cryogenic Mining Outpost
-87.39188410952623,-5.266549953192843,-3403.1472277772777,16.29886234654566,3.172158850691577,0.0,84.93771187273636,41.57382853024451,1,0.8857941924419974,4.651094403198444,298.47661894945776,0.3790408591897791,0.0,61.0777757677287,ISRU Cryogenic Mining Outpost
-87.34570031024603,-5.269538165004883,-3427.712321084623,15.947951429745078,3.0975914669062243,1.3376564934094135,94.03884239613075,38.11115497022279,1,0.904066276209868,5.010288407097908,295.965476243852,0.394964396181368,0.0,62.11175701239677,ISRU Cryogenic Mining Outpost
-87.46633096810697,-5.286268138578106,-3419.3066364354595,16.130637551154877,3.103487980828369,0.0,83.61146844872974,41.105343663580456,1,0.9050516366868153,4.61024608061884,292.86056754020996,0.38542305528095583,0.0,62.47023044523326,ISRU Cryogenic Mining Outpost
-87.4007720454747,-5.185395667863106,-3426.0919553552685,16.29370754776466,3.08279332994356,1.6266644826941303,94.07489511992614,48.61381415166752,1,0.8918490365690603,4.928666500119082,288.7525962570493,0.4138037555061307,1.3487618169086342,63.48858249170113,ISRU Cryogenic Mining Outpost
-87.45441120526256,-5.104491937791721,-3392.9664297579707,15.758074369168272,3.0758159709732,0.0,82.86896358228103,46.26662122179841,1,0.8756187943831434,4.667888170488386,303.8257837307106,0.3910422839670128,1.3153215887276173,64.4872473018538,ISRU Cryogenic Mining Outpost
-87.36128931957448,-5.1850427157508525,-3400.7452815844904,16.36128190465423,3.0887668723611124,1.0423303857958186,88.70520540265495,41.27231948889636,1,0.9764528036963045,4.751960975068069,288.1539311154246,0.40861125453597646,0.9895869139611283,63.239293625571705,ISRU Cryogenic Mining Outpost
-87.46251950808362,-5.18379566317163,-3395.1434213206335,16.541988081265497,3.1369620763561343,1.8087905393762984,84.98397304265012,37.01989805792975,1,0.9298429901249776,4.913285198583963,286.3965286197383,0.385194209262815,0.0,63.34454389849779,ISRU Cryogenic Mining Outpost
-87.40564569069441,-5.243394632083058,-3381.8961992781365,16.173961613136765,3.1000443443112586,1.3498105838869718,100.95367889680679,39.777687643495526,1,0.8937128067654218,4.701094103042072,291.8145933742696,0.37818962025258174,0.0,62.37208002956667,ISRU Cryogenic Mining Outpost
-87.32218004546642,-5.080713978156977,-3430.7343039210646,16.67544727734558,3.039192439032004,0.24043651114508405,85.82728206615211,40.05847695695156,1,0.8905877316396335,4.967552252056043,286.87923565722764,0.4045117963784093,0.0,60.677402690099015,ISRU Cryogenic Mining Outpost
-87.42220722366471,-5.1478539931489635,-3402.429043028323,16.492361848920474,3.1062085445351455,0.00969782416941831,92.67556342796257,42.50149765738642,1,0.9483208761420514,4.855521078776659,295.28771937458754,0.4143291349828061,2.7205412228404318,64.04340123300035,ISRU Cryogenic Mining Outpost
-87.3126202230129,-5.254118548390771,-3383.304316968671,15.785784966118428,3.1473536522397287,0.08466687064016779,94.68400295336129,50.39755523457349,1,0.9440329014933931,4.758725439779795,279.2962234315524,0.4107202171066435,0.0,63.79539864198619,ISRU Cryogenic Mining Outpost
-87.42533702814244,-5.292947785716478,-3404.8347962787143,16.350285652925656,3.1061099352296746,0.0,99.002570566468,41.306285497334514,1,0.8521452749986016,4.89322973875648,287.9111687711458,0.3965895605184905,0.0,62.522855601458424,ISRU Cryogenic Mining Outpost
-87.31655116797715,-5.153546786495843,-3394.7924428192036,16.121178292988777,3.1864236913454724,1.264395844363738,94.94527008767673,43.390839858425494,1,0.9499981256717088,4.839318423193545,285.02968609747927,0.4073883163249975,4.194171102413656,63.1057275008646,ISRU Cryogenic Mining Outpost
-87.336491513622,-5.080862028138613,-3388.742606476022,16.69703231085689,2.9913537716020646,0.0,98.63913270044858,38.76286971276924,1,0.9233531621579503,4.975057822208076,289.59720184962504,0.4337921753605716,0.0,63.72384150230958,ISRU Cryogenic Mining Outpost
-87.39709323959701,-5.050936639208609,-3405.2323037387123,15.910708994560768,3.076619049312156,0.0,86.76424980706652,38.55638477218984,1,0.9536515182768268,4.940781950948952,291.1354199705804,0.3870534091658173,0.0,59.69063305257534,ISRU Cryogenic Mining Outpost
-87.38101571443273,-5.268273021919612,-3370.5779929197893,15.786565829563589,3.0703823783725763,0.0,92.32614776541743,51.014728314193576,1,0.8788870729641558,4.769806201412366,276.5746473542839,0.41579903181287686,0.0,62.64504442041371,ISRU Cryogenic Mining Outpost
-87.40861317691235,-5.18837130616507,-3403.125406906559,15.90849538919668,3.1042449987690603,0.0,94.07281601026907,42.28706780360036,1,0.8888077166074388,5.0406875666284625,301.2708149756689,0.4488694526966791,0.0,61.5472208889096,ISRU Cryogenic Mining Outpost
-87.3596750418418,-5.089197188899939,-3396.0654551087555,15.568877910272974,3.050944771340575,0.6337569684060929,86.69913343074221,35.17494878236397,1,0.9122703308054756,4.4753361618889915,283.17355529897293,0.39147953413581443,0.6207938605324688,63.62143172639445,ISRU Cryogenic Mining Outpost
-87.38111450920461,-5.110275116703991,-3403.359583222659,15.763323583631275,3.102209725648667,0.0,83.21556472906114,44.89508239317361,1,0.8776135155446112,4.868020952817059,277.66273015501895,0.39418908575411715,0.0,64.5053424953704,ISRU Cryogenic Mining Outpost
-87.37028316956315,-5.282424495278811,-3403.1519029605734,16.598823758086873,3.1746509802144445,0.0,96.58098369607671,48.19823964168229,1,0.9253583959229662,4.790923992714061,283.5965147877653,0.3749319228887038,0.6778861918785538,62.544914936905776,ISRU Cryogenic Mining Outpost
-87.37825397573606,-5.154118927982068,-3349.6419641228836,16.559005102301896,3.1273458324335075,0.0,91.96154708443753,49.91133774495389,1,0.9071911882845046,5.019068100421127,292.3509151666732,0.4058910995821639,0.0,65.05555047765294,ISRU Cryogenic Mining Outpost
-87.4415313174301,-5.256437364285792,-3437.6215400956817,16.468846153535775,3.1293832579424055,0.015303191330191666,93.70122463268578,45.22995020866503,1,0.9090344982104347,4.721516282470682,274.2778218798983,0.39644647316995263,0.0,63.044002148942056,ISRU Cryogenic Mining Outpost
-87.4080208685221,-5.240203079300158,-3379.0696768130297,15.90409073939619,3.007600876429907,0.0,86.30028383254914,42.6078458061002,1,0.8925921184850316,4.842052802187059,280.21695474869864,0.3803259535248075,1.2328696557405228,62.73032200023804,ISRU Cryogenic Mining Outpost
-87.45935336537725,-5.295181566640041,-3407.456289843064,15.857111462109659,3.0856032521899412,0.0,85.41467552035772,45.25019167424709,1,0.8893885265229076,4.924566826346157,286.25212665591374,0.38680683085500406,1.0787308866545433,62.851669387205625,ISRU Cryogenic Mining Outpost
-87.36200536516368,-5.400105689951096,-3389.662971433212,16.044216887258326,3.1018792140578966,0.0,96.73308044318836,32.697518166156286,1,0.9684228356542263,4.870644409794361,289.21709165793754,0.3713295012984357,0.0,61.958579942524885,ISRU Cryogenic Mining Outpost
-87.36824484879457,-5.2006002615864855,-3388.4351973275884,15.760993083732972,3.1022199836553854,1.6430720627997069,97.25943385157818,35.73016385626225,1,0.9094423288027539,4.7659202944562225,282.9890819515032,0.41815539997736556,5.742950754720007,61.129428116003844,ISRU Cryogenic Mining Outpost
-87.37876159630692,-5.170446752483362,-3393.660328392645,16.599899170848786,3.118664648710638,0.0,82.81587705699104,36.66529574626377,1,0.8975430179077912,4.786041817636974,286.2823361336115,0.3635320454694838,0.0,59.621527325426996,ISRU Cryogenic Mining Outpost
-87.47770067584027,-5.1008835746140955,-3405.4090640615195,15.914188817892514,3.0041212120864635,0.0,93.03591330454567,44.37832009445017,1,0.9124261128514112,4.773296129429575,273.8299836493236,0.38447887391545243,1.1111596686026046,61.78777798077694,ISRU Cryogenic Mining Outpost
-87.31882617975718,-5.079443447563557,-3409.075488409324,16.12039019361515,3.2111537621552655,1.2707923741953164,90.35137603186035,42.928512874695095,1,0.9244667692685137,4.79830264060364,279.43217962069,0.3919536741898196,0.0,63.8872158974241,ISRU Cryogenic Mining Outpost
-87.40662438935406,-5.1224515233481265,-3425.4885611487107,16.626623779081406,3.164885502776101,0.0,87.47059902611653,40.01335513229482,1,0.8768631510965857,4.774013195686024,292.4647349065722,0.39061142278147054,0.0,63.958732156085176,ISRU Cryogenic Mining Outpost
-87.43958479313032,-5.26862707394386,-3366.3741518991233,16.31899627628743,3.0595470249017445,0.0,94.82945280446067,46.48522480404116,1,0.9047980688978133,4.674099001459944,291.084794238449,0.411878437737052,0.0,61.14525490385282,ISRU Cryogenic Mining Outpost
-88.09876206999313,44.94617493206847,1390.2580232796367,5.87856796291783,1.0180486847852952,80.91819591335471,212.89658376590106,149.30371979488572,0,0.7479804098839216,3.7687502066651515,335.89500737245373,0.2037388005849026,77.28392285020128,86.33108704498854,Optimal Habitat Base
-88.1104182502674,44.87544260968763,1420.1115395574946,5.787261473934829,1.040979470021433,75.48374455593144,212.3548088907069,150.92351906928025,0,0.6814604558453717,3.6103396580525975,349.19752013569615,0.24065904782129321,77.24804752793618,87.0550858747889,Optimal Habitat Base
-88.04934506622779,44.964252975198534,1406.5710945470128,6.492171620168796,0.9645963530112468,77.1601479628059,220.87076048835476,164.33419056448594,0,0.7309442362002797,3.7377801844701746,345.7323534608876,0.2616950603101366,78.7805458504255,85.95342066121897,Optimal Habitat Base
-88.00766374932488,45.09615826237688,1379.5758698276827,5.860316273914454,1.0457251137690484,76.37612499333983,215.13115306574272,146.73411080114894,0,0.7700245275948285,3.608597319385843,347.00984725594793,0.21866197183181668,76.30279637214942,87.67879547080265,Optimal Habitat Base
-88.10204850605146,45.01925308283388,1422.5551706460865,6.125588416688719,0.9731115658697266,79.64246293902379,210.17382879933427,148.7003279292434,0,0.7854556019397714,3.4813475977574937,339.6483702471928,0.2521038931211788,76.95864824004997,86.62367257064936,Optimal Habitat Base
-87.98471727463023,44.80055336489921,1409.9006642283855,5.826007767388792,1.0504669463962282,78.0213166904745,213.87767581995047,155.57073334689943,0,0.7069853644130842,3.4194449670659703,349.8336108851973,0.2767527487322338,76.79559253780309,86.57737310734444,Optimal Habitat Base
-88.0424647136767,44.885118407997275,1415.538179462763,6.599940313159047,0.9711467849942594,78.93441791835913,216.98109071947405,162.45811878127353,0,0.7465461966913153,3.672926924974255,352.78308092411504,0.2485552006854484,76.6591568122221,85.98617708142623,Optimal Habitat Base
-87.9467237050812,44.74589517750331,1371.074206389581,5.873422134367924,1.0101632999467396,79.83952924478919,210.62727491299663,149.86763752480803,0,0.7414350951259463,3.6907614238897923,341.85812457245146,0.253022496337945,76.47548092173537,84.61327863806717,Optimal Habitat Base
-88.16407038408344,44.9910347780076,1387.9233408642026,6.173142604065303,0.9981376190055498,77.14826065917826,217.38599451482224,150.9932942827143,0,0.7386946433119025,3.7132724132844133,339.68257156540614,0.24100769532509306,75.33293599471048,85.11450061234348,Optimal Habitat Base
-88.12365955941421,44.8142430256844,1394.5218595381668,5.991652018309541,0.9624569749210826,76.99772590250636,218.20737998005376,151.21210648571034,0,0.8048330700409106,3.5591003861278674,348.91219851964235,0.203918154027765,75.17653260839543,83.4812891747594,Optimal Habitat Base
-88.08529563394787,44.89182032484138,1412.6024642086172,6.042222992785372,1.0480735967742194,78.86243971919305,215.42706390289194,157.89471010689414,0,0.7261581594027847,3.506198755328676,362.3205379179426,0.21387671583242043,78.50000817064573,87.41181757481354,Optimal Habitat Base
-88.15616602872856,44.83321569415391,1392.863179400196,5.86500168572914,1.0175835634610038,79.15360568373055,215.9419631606749,158.2972513418852,0,0.7683978968953701,3.753430640648159,358.34508588673765,0.2503558264785383,78.78136413517892,87.5357347176456,Optimal Habitat Base
-88.0917796709822,44.813140156805325,1403.2451174914347,5.180425393772199,1.0536162592163218,79.72552157505513,214.20407483221632,152.89640861512623,0,0.7696350765163126,3.7837514080202146,353.0006391730595,0.288044957114388,79.06870843107993,85.69189625653806,Optimal Habitat Base
-88.07561353734012,44.93900680895017,1383.8801576243034,5.677682093227593,0.9786224853822612,79.35033821874013,213.5998061242484,156.34333422809766,0,0.7629205875816681,3.7267668433713346,354.39311833726526,0.23596118362805485,81.72220582881295,85.85679914889987,Optimal Habitat Base
-88.1193796189163,44.95974958203433,1457.90599375776,5.920475635447515,0.9679209063967038,76.74101037141534,206.47087858305463,155.05479093812548,0,0.7663423730885323,3.4580186663299446,351.7757776110207,0.22372855936839778,75.65119032755698,87.84762248092387,Optimal Habitat Base
-88.13738132148843,45.03100817334069,1388.3124387477178,6.132832556504748,1.1132607591888721,78.08147793304445,227.33014336790364,155.06743055263968,0,0.731022980962425,3.5703958892174024,346.77243707813795,0.2780358059977071,80.13567478494079,88.85895222743953,Optimal Habitat Base
-88.16497064540856,44.9189302690806,1369.0061137969042,6.10332955995109,0.9758173346374766,79.95461722585942,212.4907074670661,146.22073525961187,0,0.7765545973536166,3.6962391146642353,351.1149529790069,0.2077719910906779,79.00070862248147,85.79361783909062,Optimal Habitat Base
-88.07417118431837,44.85093972008458,1392.2407767004747,5.949285251398488,0.958954753803553,78.94997381115886,217.54799429158066,165.8322456415818,0,0.7477659204601792,3.6839489314802245,340.6255348183601,0.2838926568867872,75.88392381571006,86.70171268252597,Optimal Habitat Base
-88.07443923129442,44.82200857913637,1421.6181679829585,5.6014577958227,1.0415311961580602,80.80155296055383,217.89214444668875,158.54215483922144,0,0.8259262364747655,3.641654427166134,350.8787144299648,0.25672465867451033,80.04265343680585,90.39391292838955,Optimal Habitat Base
-88.10832328726215,44.808762067465935,1423.2509887314116,5.391073559267426,1.0128879389301226,79.65693764870083,214.46331429401383,154.7572991151315,0,0.7004251918216442,3.513171862606867,357.49672662485864,0.20917462412135146,77.32801157519346,86.43115117391277,Optimal Habitat Base
-88.19962193272966,45.069237644893704,1379.3946381559986,5.964678013975979,0.9765551195883472,77.93271033155303,213.82009717290455,153.21822960392424,0,0.7443979946204966,3.521304821580973,341.88812338671835,0.27008912847959177,77.51387124438527,86.80952979958273,Optimal Habitat Base
-88.14457390303083,45.05743988571287,1398.2514284786957,5.2312872428365935,1.0137911823719998,78.05370924644937,219.55416981327437,160.19215812213534,0,0.7776880131649169,3.553859309447609,349.0968131977677,0.2549721124409394,79.28532263467453,85.34337021795125,Optimal Habitat Base
-88.09532870204299,45.08679229390015,1389.292127937072,5.792178769126723,1.1306743777467225,78.83814508054324,207.3060297174199,154.7130968570337,0,0.8001878866637403,3.7056714599541465,342.1624718463925,0.25830789427426826,77.14831029837116,88.11805059226246,Optimal Habitat Base
-88.13076987168601,44.94945177031334,1438.205056467919,5.016290087045735,1.0296446297119322,81.17860061112057,207.21831508810223,151.397015716135,0,0.7381888908245487,3.5269089852931192,343.5534906926187,0.2425051416219444,79.2033896859909,89.13147848528094,Optimal Habitat Base
-88.03486729564395,44.99938008401204,1436.6423018624062,6.409398293403324,1.0083029558516958,81.34644788351457,217.1195959926091,153.91880478300618,0,0.7485069386288972,3.7012517465832597,361.724729320805,0.2616090873030352,76.70792423011342,86.16578160989474,Optimal Habitat Base
-88.19266422408928,44.93609340319439,1405.8578518758186,5.486608794847589,1.023655246027481,79.8845000436995,207.58143790432243,153.39128011125553,0,0.7922713715593154,3.536681947594787,350.1411334601092,0.25320913608727824,77.44732760929595,87.9330560739956,Optimal Habitat Base
-88.05323891482375,45.02645826906871,1393.7300414358992,5.957159981678601,1.041991464364017,79.02249985226982,211.40419152441717,155.71789093527573,0,0.7318280540539936,3.529577190614943,351.76107126522703,0.24623367363554474,77.85104378945965,84.57316014744467,Optimal Habitat Base
-88.10877735646181,44.673973509819355,1379.0905965072714,5.773319934560584,1.0606561282378415,80.00527629175039,215.45138434108912,153.11627514070727,0,0.7424822261624026,3.730577919787954,341.1492112306364,0.2354892347887692,79.63351081973428,86.38410927994738,Optimal Habitat Base
-88.00304570069466,44.96906998839724,1423.0991412668113,5.3123117437592215,1.052971331139148,77.92591547512663,218.57882285120726,153.18149349668477,0,0.756684102556816,3.4893769718346395,336.2353568061298,0.253011128609186,76.91240021513538,85.55930656497662,Optimal Habitat Base
-88.18410249940038,44.63249459717647,1410.471184615702,5.723480553918062,0.9698067514177913,79.51921725726974,220.07202130148107,156.34783263460318,0,0.7367061293033136,3.8132488495116688,344.9139785400802,0.2218073818548305,77.69963127543922,86.51665882143473,Optimal Habitat Base
-88.05264528783619,44.84737113089251,1396.6969218690363,5.54026967462772,1.0403829260963628,79.41535499727603,213.62407618628959,154.25004816950457,0,0.7493606850252938,3.4562639042413323,359.30166705260115,0.27208056623480453,77.58136077880535,86.80071432931138,Optimal Habitat Base
-88.14983290065524,45.07273349623497,1429.709091300017,5.918318420022516,1.0410024043335804,81.04572145183678,220.13735027460388,150.719025142757,0,0.7406662052873255,3.6468182185939466,351.62659945846764,0.26506118138039353,78.78745080598445,87.27045699239723,Optimal Habitat Base
-88.2301868353239,45.01728362782908,1416.7807163149791,6.420764238675814,0.976125120721421,76.43564080513477,214.09775829820066,157.28340169438658,0,0.7367388341442153,3.7371793668092126,344.71888411934947,0.24798229353073034,77.00802014567971,91.06146718892015,Optimal Habitat Base
-88.14530388300587,44.958373147118685,1375.9758498968006,5.902889424534336,0.95227664099711,80.84991684786146,219.54064307908826,156.35760128215273,0,0.7082571158422565,3.594679569773114,347.5668983721713,0.2666078572849458,75.69502317432058,88.63259222172867,Optimal Habitat Base
-88.05163064659233,44.762559907249596,1395.6079383909498,5.784599359036337,1.0502973929679866,78.16976899030438,216.03802084633847,160.4952925934218,0,0.7575380793878598,3.4142679054884217,346.04383422613,0.26808464807813775,79.05875093733134,83.52591399523287,Optimal Habitat Base
-88.08996311046948,44.9946004560682,1410.7784897631943,5.996072499023626,1.103115821024742,79.1348202906267,216.52388272553324,150.302522442227,0,0.7309598663111899,3.566802576214043,356.79780525475826,0.23504782440893848,79.9692461792034,85.26025065238125,Optimal Habitat Base
-88.0680197548539,44.95520665589099,1405.1495617464327,6.095391597714098,0.9628729315747896,78.50080994570911,210.18323395913097,155.04506002149787,0,0.7464017373930997,3.6856455058502013,353.0944935246347,0.26378834648771954,77.10574180362826,87.50851171236751,Optimal Habitat Base
-88.0093632291256,44.76544579161301,1363.2181145478146,5.991073906729662,0.9575728633217763,77.12740307793004,217.66953894923216,149.97811924927436,0,0.7961716825530062,3.6156469613976094,348.37915333844506,0.23356839165101645,77.93037674766218,84.51361799199489,Optimal Habitat Base
-88.22341450135939,44.74458459481204,1422.7438031305733,5.5227582566274815,0.9282748866931178,79.06679789599337,226.12343814495185,160.4594730433038,0,0.7259866575925602,3.518153589485333,343.6323591030863,0.2317947073942375,78.58758659621041,86.39607727191074,Optimal Habitat Base
-88.15565699386737,44.76637328774828,1446.0206721842671,6.021623866413088,0.9571954930294658,81.01853920119393,209.2380541293295,154.3144475327502,0,0.7426030743704541,3.6182326166816754,342.4631823560945,0.2525698249763941,74.00324071158032,86.33490212897186,Optimal Habitat Base
-88.03323846151751,45.00253524846161,1386.0797181342066,5.34221923515566,0.890842755474359,80.12620628433454,216.39194766340816,156.92836593985797,0,0.8007180841067921,3.615289424473518,351.8246570085196,0.2220524081657253,80.7478741383327,86.6540632718557,Optimal Habitat Base
-88.1408438043856,44.92078566433675,1440.0062322468073,6.44055975693097,0.9514800212196166,80.9630574120309,216.67865727468595,159.93796092123395,0,0.758301489267597,3.661488488808129,360.57044198863014,0.21501660518140997,78.22074795063457,85.14573170407793,Optimal Habitat Base
-88.12317996496819,44.900097128445395,1379.8433589530277,5.6255836610390055,0.9299641769382966,78.31008005889119,217.5592575562908,159.32726329359508,0,0.7269186374325347,3.732779133742625,354.6190737949338,0.2786677814329688,73.95844424782385,87.36687631337217,Optimal Habitat Base
-88.06943934259516,44.72814759290094,1448.2849578320825,5.609031237275492,1.0271929345218105,80.59011627525382,215.5059144244367,161.929140362301,0,0.8098563960295606,3.4890388346077494,350.9291685697953,0.26831353712220973,74.23392257318297,88.49640992602616,Optimal Habitat Base
-88.01467321479379,45.02838868623434,1408.7688977403868,6.261837890639972,1.0178725637667054,77.22057487773694,212.39052730311437,153.72187945991956,0,0.7480814887850571,3.590577024368296,347.2939974286142,0.254376870479238,80.50847260826701,87.22116877170492,Optimal Habitat Base
-88.06856417590875,44.68060785071448,1402.5195436951556,6.126050441398152,1.0623425033982108,80.91765369749484,216.51705785910846,157.0696761590649,0,0.7298183630446599,3.6845018342894886,344.6608494485409,0.26361788434256783,77.58302588628784,86.92241237830929,Optimal Habitat Base
-88.04993790640017,44.956120694352016,1405.6519483491888,5.650681960580689,1.0801156617444916,79.6994452096608,218.7369366352043,155.4047355546852,0,0.7291880309145985,3.635494541943429,345.23387308762887,0.2587555561495889,70.96939743996786,86.29877907200868,Optimal Habitat Base
-88.10071743453005,44.80455716241371,1407.2756436783682,5.673332873495242,0.9997045207264049,78.37271147724309,219.85955496276068,157.7298591864839,0,0.7589371787087303,3.6061990834809725,370.24505674644985,0.24685180444631913,76.10622725469084,85.14040871334265,Optimal Habitat Base
-88.05473224435677,45.06312188190699,1383.0388794744879,5.714530996345057,0.9820284899869415,79.01385475966535,206.16113934247642,159.03363096978507,0,0.7857073244451188,3.409544549606194,364.06348058916404,0.2823507618382959,71.3602986305995,83.64002266486312,Optimal Habitat Base
-88.10664649225437,45.03160404153661,1405.7954150789153,5.806415310049468,1.0286831031033319,77.98785868610258,221.38679856680736,154.4819167700129,0,0.7010091594392059,3.520452231694376,352.9520690865951,0.24420641297113646,76.71347177093557,87.204399106921,Optimal Habitat Base
-84.4820687778661,82.6769618842652,444.4698336711114,2.0606634732342304,0.4209843165604559,72.14607288448873,237.94941628022215,134.55821857866138,0,0.4024350762069561,1.6073317598702939,340.0904503394618,0.19639903974792838,87.6589326830451,84.23239859971422,Spaceport / Landing Pad
-84.41775193345761,82.88233665715973,421.08302652863296,2.014071865472763,0.526286159613316,72.72507797071297,241.04815044076537,129.08530060403933,0,0.3731032970708787,1.4049313166974424,372.16941032604143,0.1644123386628009,87.61936889430017,82.94091228557012,Spaceport / Landing Pad
-84.42834460347272,82.72337080945123,425.14697502766586,2.253649001872256,0.33077737589339745,69.78230372811753,236.42490228514308,131.2183497903731,0,0.403494705427685,1.5880917436710922,365.21908799646195,0.16286408776701072,87.6589103871279,82.92968627154785,Spaceport / Landing Pad
-84.54148938088734,83.03016949512804,376.7912402250321,2.4722042496636796,0.44000361063546295,73.21243140728296,240.47924267390766,136.6678928669446,0,0.38654921208710985,1.6392439191495067,360.5856034039631,0.17535378190142192,88.24370401203755,81.67686136756858,Spaceport / Landing Pad
-84.53320163000672,82.9580313753396,477.63195616897417,2.255986598879305,0.44167790226572873,72.37804722778658,242.27527279482962,132.7189592885228,0,0.43106285299283625,1.7536949817538687,352.9246868914055,0.23655597047803728,88.2765379218476,83.3078940993048,Spaceport / Landing Pad
-84.52064546711726,82.75909179790492,432.3274180745875,2.29114700180919,0.4282611835618032,71.31774650528173,226.4940836844858,121.02233200454341,0,0.4003986355488307,1.633588133752026,356.64243377442597,0.16614195540145543,88.59338641822401,82.93855306807367,Spaceport / Landing Pad
-84.52382463391248,82.63844941475465,403.1213080481898,2.379777735039959,0.3518683595900176,72.99548171199193,246.93202049188173,126.04468890933133,0,0.3866603848284394,1.6987349971933843,369.8626540024532,0.167104107343422,84.75734431228132,84.982314617381,Spaceport / Landing Pad
-84.47080712116089,82.84006297258729,438.3118429457677,1.744467419419807,0.41955995177896166,71.57210021167703,243.01377909838413,133.9951918413628,0,0.4292965992908636,1.6598560975735555,362.0054661186048,0.18568325141394734,88.73352857004353,82.16354122304045,Spaceport / Landing Pad
-84.51852482073018,82.84023366427483,433.0095997155086,1.9047021411551934,0.34616840089876255,69.4870513690331,233.69332353370203,127.30221318385883,0,0.38660154303953564,1.5717163222192565,350.35985270451505,0.1437491528485814,88.2531267636364,83.29045261922381,Spaceport / Landing Pad
-84.46893321291402,82.88150380177484,427.84716143456257,2.1344002906585495,0.4438003030767665,74.13608848758916,236.6166188590584,133.85130335728124,0,0.381274699386081,1.6219034411280004,368.55631760388934,0.17452664534796553,86.09584627341162,82.41118201648044,Spaceport / Landing Pad
-84.54765241070213,82.69257872073538,444.13146796060806,2.2597112504676224,0.3640223142568539,70.52341265932202,235.42296629424075,126.40136619480283,0,0.4345797463628533,1.5889910026322538,377.05291503519686,0.17920521583938986,86.84871036345179,84.49165383471907,Spaceport / Landing Pad
-84.58350711927716,82.81884483546263,395.75651665254605,1.4453609970006884,0.3941176142935868,73.25216437701503,241.0696298351,130.46867686476742,0,0.3220365648749487,1.5845036384954008,358.8384907243127,0.19242523568502362,85.88373700722666,84.34448359109959,Spaceport / Landing Pad
-84.52546888393042,82.77007002115455,430.5587895941086,1.7431723065882125,0.441210319199929,69.96803775396549,243.27587746332654,128.8226446069477,0,0.395386906282374,1.2934861227582855,355.27393295806013,0.1757955573473415,91.09724853131142,83.04612042650555,Spaceport / Landing Pad
-84.53264841110004,82.88336582055382,409.8967234493622,2.40966374352131,0.41306746947782647,70.6506649930647,244.68932769504983,133.0051810830114,0,0.4268712227008068,1.581788376915562,364.80904908796253,0.21840976780925697,88.34280221458376,82.50203611482695,Spaceport / Landing Pad
-84.42280201925827,82.86671089919292,410.990262987089,2.620537980076411,0.3398291505351545,72.79374703095756,245.7324433041962,135.3587248637024,0,0.373000926670788,1.4759439638108107,361.83605066708037,0.19409496559479786,85.84408153627679,83.55267422998364,Spaceport / Landing Pad
-84.57287432270907,82.90608443116982,408.5743486216196,2.0507919518070374,0.4432158546847128,73.15680508542138,242.36973088446166,135.1474112085279,0,0.4122713979768138,1.7447532781787813,346.31372720322685,0.1788086652207213,87.79586833086152,82.7715439103482,Spaceport / Landing Pad
-84.47512856014677,82.82139960018611,436.49640328965717,1.744838072998237,0.5146105820183356,71.41354183420644,241.4337818148812,128.96879213215584,0,0.40243199953152425,1.5465089498625009,361.64642411028615,0.19160193475028936,83.19653206103833,82.60717831141308,Spaceport / Landing Pad
-84.51832897568535,83.03210685106882,437.2014236020145,2.5500178857155884,0.4279057933670596,72.12353655324459,241.82078671787704,135.6148719668068,0,0.45250354874335386,1.6302051175072019,355.0165487973771,0.19849148659936006,86.29365221088085,83.68559700651684,Spaceport / Landing Pad
-84.46593431410332,82.78919239957922,401.90359230147317,1.9636346471493136,0.38417896393336104,70.41961122791942,238.06951922147732,122.74017956649809,0,0.4177338382586582,1.6333340720026708,362.12558669677765,0.17228204762263255,87.49590195903153,81.85658189369464,Spaceport / Landing Pad
-84.47474146382646,82.66421599608486,421.6752846599026,1.9098907599667525,0.48786551911827963,72.79017386997101,239.9977728839376,124.4698839965968,0,0.35909442616972925,1.6495800260357218,374.39036256220044,0.18817906785288088,88.3505810442851,83.38462014122366,Spaceport / Landing Pad
-84.49484906833217,82.82033380678169,406.29681852531917,1.807929840718285,0.40546166173846954,74.24012657145951,243.88515316687378,123.83288502863881,0,0.3923443221426515,1.6728996512219036,372.134954313241,0.21582574907368376,87.57856748068764,84.33634643428837,Spaceport / Landing Pad
-84.48753641535791,82.7880272233325,421.24693365508284,2.122387583269869,0.45875818765022347,69.8932956374654,242.34073082013595,137.6970898001636,0,0.44295362574927727,1.656897344420979,353.94359672513167,0.19553556592968116,90.64988022392127,82.32728943005701,Spaceport / Landing Pad
-84.48211946122262,82.77947300761717,407.72025612803907,2.005449013547045,0.4064265289511277,70.6226459494269,234.5894496734767,125.55196975313187,0,0.4098370224768692,1.45341870873243,342.2641637302318,0.20745007647308372,85.97355712245538,82.80898631664519,Spaceport / Landing Pad
-84.45388555217045,82.65617405696501,391.21116488900947,1.9102250601397894,0.4480652337012645,71.9675302395132,239.95961939216386,128.52288474037778,0,0.4168640428142586,1.7431846498175958,383.8721960506166,0.17703828735677088,91.05189573029539,84.59889720957422,Spaceport / Landing Pad
-84.48665028224563,82.57900064526093,412.4422567294665,1.9985210222331142,0.4179400413011121,71.70379983661061,237.18400537457902,140.1500497242175,0,0.43924531562742153,1.39771764520086,357.7513009478518,0.192618457054123,90.66181343002381,82.47003486285371,Spaceport / Landing Pad
-84.51076852151277,82.80947844704666,433.2369494034519,1.6393389340404467,0.29923110770145345,73.88182548093377,235.04962620601654,140.61329775984788,0,0.3740928219134002,1.5815042249651083,362.9487981952874,0.13736086295774858,93.72878253143969,82.507504734552,Spaceport / Landing Pad
-84.54192559247896,82.68336325005048,427.23506960880394,2.1872563095172404,0.34336851068167834,69.94208756094504,245.276281365001,126.72146288300273,0,0.34836951188165854,1.585207823891142,356.7861899803587,0.21900059845400555,86.95563043503138,82.63766096058453,Spaceport / Landing Pad
-84.48902719074114,82.74291314909698,428.81913675114265,1.7949384070648988,0.3880343613973155,72.61022087185859,245.68818702748757,127.06906419196636,0,0.38205619764430404,1.7541231583209014,355.5854376696465,0.1788651702464627,91.42550553381018,83.20118605602752,Spaceport / Landing Pad
-84.5123877704247,82.78268399667914,405.19095995500277,2.2352349930401134,0.35379887338168914,73.16776326784277,240.07607755937627,131.1773685945695,0,0.45189104261594004,1.4550920947675061,360.19537593344893,0.19276163422789194,86.76753268612777,84.52667440880832,Spaceport / Landing Pad
-84.5272343103395,82.82916230647162,417.5301124974594,2.1485355300236706,0.4036974364997405,71.95205146367935,237.63266466750125,126.67647605444576,0,0.40947957498868615,1.6052706133984516,354.4632167297737,0.18686768325361122,87.07489331950262,85.43315999446841,Spaceport / Landing Pad
-84.3755409843792,82.93890468473602,446.66649069750775,2.3442502138859576,0.3895084224203063,69.15140942620633,234.87497045181044,126.61630262761842,0,0.4362321135856676,1.6256131943281518,354.7238123733724,0.14309627318130386,92.63629385693986,83.89997033394445,Spaceport / Landing Pad
-84.45457450832858,82.74643394266764,417.2277545867442,1.9968403635580199,0.4032168369480748,74.76868074364351,233.97859441371943,129.79367922351202,0,0.4108262359375353,1.5883182727052823,367.96259878799066,0.14528711154992868,91.76753808699753,81.04422119062045,Spaceport / Landing Pad
-84.55650538347163,82.75505468294783,407.0482808477663,2.2273510369466774,0.415434591411935,72.17033549279586,232.91059141002106,129.30273787609727,0,0.4005919768666334,1.7232274396116893,361.5955483982016,0.18765314863190635,91.92498969709793,81.35983994859629,Spaceport / Landing Pad
-84.51940538166988,82.68641501299693,452.1303879689714,2.6024530981612735,0.47642630097894473,72.8210957448462,241.9025085421915,127.70979268994151,0,0.42308299709911856,1.47186321702805,349.72175894675007,0.17160255249137105,91.77400201287924,82.32981702327555,Spaceport / Landing Pad
-84.51891893778273,82.82877721680597,437.9722612737017,2.4756062217633232,0.34398118874261746,71.8549877280517,241.12256759614655,131.6238276602395,0,0.42597380699337795,1.682008398916348,360.203956050922,0.20304758357553487,89.9375700684186,84.43257288631024,Spaceport / Landing Pad
-84.52644042643594,82.8712897772522,444.0713534956069,1.9458450879907327,0.40657794815123754,74.34711928584686,241.98245178582076,129.56074039284945,0,0.4438481090628532,1.5529500896684176,346.4309947918757,0.1644166452817308,90.27201880109347,83.88104049700036,Spaceport / Landing Pad
-84.49659442535257,82.90611295193672,423.33717219255254,2.033298608803555,0.44175602380275336,71.42696221887239,242.45123084385725,126.02633989349208,0,0.368363567007986,1.5134272557504531,359.79148273317344,0.16704095298191907,86.7602500171005,82.86983758847484,Spaceport / Landing Pad
-84.50361102190797,82.64489488382621,369.5515353563311,2.2199904577685166,0.4069610588758206,69.94464754836447,242.18139147852742,132.17226058120212,0,0.39093362611297255,1.7959366312111518,370.1536932739491,0.1720185741045604,87.2391578693646,80.91317899776855,Spaceport / Landing Pad
-84.43876370699266,82.8246820052931,436.4612195498071,1.459814558158821,0.4388764331391514,71.23552989119406,242.92152161969298,132.60612134841043,0,0.39938061605709435,1.5302663995934704,363.19089288516915,0.16328177367539842,90.10114780070529,82.01752593510676,Spaceport / Landing Pad
-84.49886282501193,82.72542071745008,423.1747266587967,1.7904718134984108,0.35954279974964704,75.44179426294536,244.22108639691294,131.84724713735676,0,0.415423508961405,1.6305640655279066,359.28886374344665,0.1951344036713638,86.34603060778622,85.4933029740419,Spaceport / Landing Pad
-84.49398324995234,82.88017052689192,451.46765151322205,2.2473622410753573,0.35947558673824553,73.82931628706423,248.48095305434555,120.2673891852901,0,0.3969437808067334,1.6291438264093152,357.8875605742954,0.15508115594608032,86.23389288842192,80.32631375875916,Spaceport / Landing Pad
-84.45224456596004,82.9373556898752,447.192565455029,2.0911289893575713,0.4135958453659765,73.60488479874634,238.83557000610878,125.25359168776961,0,0.3828784944935887,1.6175547869991798,354.29089235527397,0.1894659380580947,85.28979297005941,82.73602018296371,Spaceport / Landing Pad
-84.47972251643519,82.81325116974386,405.29756974476186,2.3205143204464704,0.4131244625123183,68.86650516768528,242.27658845653806,127.88901236340251,0,0.38425105440880686,1.5170074380735845,351.97578066095997,0.18413166454519264,89.09205229432986,83.32975851890949,Spaceport / Landing Pad
-84.45252732566551,82.85814045985698,379.8607586990205,1.8250440248980813,0.4594209610734479,70.09592464544257,226.32485996047615,139.15725015531737,0,0.40889837591597733,1.5316943199608763,353.21280714767477,0.1925881231675209,88.95599576100439,83.59080350992217,Spaceport / Landing Pad
-84.50943747656532,82.6719416927654,419.28070384921574,2.419543508985543,0.3729024503899839,72.90160317419483,237.9768437046696,134.00622070256424,0,0.3706016110961115,1.6013687621460548,363.65179010404074,0.16649098965478001,88.72522676944284,83.0556724038813,Spaceport / Landing Pad
-84.50220778260076,82.73222462135988,439.946851232507,1.8164612042211952,0.41398823703186965,70.72618797400935,239.66914476049925,133.2143138090474,0,0.39133446077075124,1.2923803875554174,349.24243217036314,0.13684004166344976,88.13582021753157,83.09248152141981,Spaceport / Landing Pad
-84.517531204545,82.73735436117877,424.4226373728063,1.6658042637828503,0.44780280732390676,72.11268003315973,235.2760234531116,127.90790262776433,0,0.39605998983082846,1.4619212717273775,365.3670239412549,0.19930941657807455,88.23482754702704,84.51082246962858,Spaceport / Landing Pad
-84.36749957119619,82.61216066652106,421.0381261385531,1.6970646999941583,0.4780358543329582,72.36946368048271,236.50952360418768,128.6982128289404,0,0.4400889929821601,1.6452284684124974,364.6313606026278,0.2097615879295477,89.90874309369174,84.78601135080496,Spaceport / Landing Pad
-84.50631679024161,82.57461154732407,422.0712692271415,1.9006625339657495,0.439429245934265,69.344522281101,244.14117643978062,130.94270426453633,0,0.41061393608221897,1.6618761305304264,359.77228543379425,0.17334022300291815,90.2699544304415,83.9897393495803,Spaceport / Landing Pad
-84.46555797319145,82.79174753779519,422.19061123325145,2.096027931282806,0.31279210931739376,69.9283124294437,239.38408311010292,120.61287773687123,0,0.3966958352896194,1.5105740376766819,359.39218618000325,0.183400071966424,84.28356306507179,83.58761505059832,Spaceport / Landing Pad
-81.7933,-33.8708,1593.2,0.5,0.33,62.1,206.5,149.7,0,0.0,0.28,345.1,0.141,61.9,55.05,Spaceport / Landing Pad
-85.9334,-58.134,334.8,1.59,0.23,49.9,197.4,139.9,0,0.0,0.06,307.9,0.292,49.9,51.47,Spaceport / Landing Pad
-80.7699,-118.3792,1379.3,1.18,0.28,59.8,204.8,147.8,0,0.0,0.29,338.4,0.169,59.9,54.23,Spaceport / Landing Pad
-81.0927,-38.1909,1590.9,0.74,0.38,61.9,206.4,149.5,0,0.0,0.23,344.8,0.142,61.9,54.95,Spaceport / Landing Pad
-87.4369,-79.5085,883.6,1.15,0.45,55.2,201.4,144.1,0,0.0,0.08,324.1,0.226,55.2,53.06,Spaceport / Landing Pad
-83.7398,87.4362,1523.4,0.5,0.42,61.4,206.1,149.1,0,0.0,0.21,343.1,0.15,61.3,54.89,Spaceport / Landing Pad
-80.0,128.4181,1744.2,1.2,0.37,63.1,207.3,150.5,0,0.0,0.21,346.9,0.134,63.4,55.17,Spaceport / Landing Pad
-81.5053,77.9492,1849.2,1.96,0.53,63.7,207.8,151.0,0,0.0,0.32,346.3,0.137,64.4,55.0,Spaceport / Landing Pad
-82.1537,122.3666,1659.1,0.5,0.19,62.7,207.0,150.1,0,0.0,0.19,347.0,0.134,62.6,55.21,Spaceport / Landing Pad
-83.446,-63.7999,536.5,1.05,0.32,52.0,199.0,141.6,0,0.0,0.15,314.2,0.267,51.8,52.28,Spaceport / Landing Pad
-83.3878,48.4336,1085.5,1.94,0.32,56.7,202.5,145.3,0,0.0,0.22,329.3,0.205,57.1,53.01,Spaceport / Landing Pad
-80.0,-142.6404,827.1,1.74,0.28,54.4,200.8,143.5,0,0.0,0.21,322.0,0.235,54.6,52.54,Spaceport / Landing Pad
-80.0,-42.589,945.2,0.5,0.19,56.1,202.0,144.8,0,0.0,0.2,326.4,0.217,55.7,53.5,Spaceport / Landing Pad
-81.7933,160.7407,695.9,1.4,0.48,53.3,200.0,142.7,0,0.0,0.09,318.5,0.249,53.4,52.46,Spaceport / Landing Pad
-84.0832,-96.3402,1046.7,1.43,0.32,56.5,202.4,145.2,0,0.0,0.12,328.6,0.208,56.7,53.28,Spaceport / Landing Pad
-83.1853,-36.0851,1456.4,1.05,0.25,60.5,205.4,148.4,0,0.0,0.34,340.7,0.159,60.6,54.48,Spaceport / Landing Pad
-87.6946,-68.6294,865.2,0.7,0.4,55.2,201.4,144.2,0,0.0,0.19,323.9,0.227,55.0,53.23,Spaceport / Landing Pad
-81.6668,-41.367,1925.9,0.5,0.19,65.1,208.9,152.1,0,0.0,0.17,347.5,0.132,65.1,56.12,Spaceport / Landing Pad
-80.8078,122.5604,1652.0,0.86,0.2,62.4,206.8,150.0,0,0.0,0.11,346.5,0.136,62.5,55.05,Spaceport / Landing Pad
-83.5263,-137.3373,1164.7,2.48,0.48,57.1,202.9,145.7,0,0.0,0.05,331.1,0.198,57.8,52.72,Spaceport / Landing Pad
-82.2881,128.1183,1226.5,2.33,0.32,57.8,203.3,146.2,0,0.0,0.27,333.0,0.19,58.4,53.01,Spaceport / Landing Pad
-84.7645,101.3099,1310.5,2.11,0.43,58.7,204.0,146.9,0,0.0,0.15,335.6,0.18,59.2,53.4,Spaceport / Landing Pad
-81.6002,104.8084,776.5,1.19,0.38,54.2,200.6,143.3,0,0.0,0.12,321.0,0.239,54.1,52.78,Spaceport / Landing Pad
-86.1718,-91.3972,1641.5,0.5,0.35,62.5,206.9,150.0,0,0.0,0.22,346.5,0.136,62.4,55.17,Spaceport / Landing Pad
-89.1547,-6.3402,1994.6,1.5,0.49,65.3,209.0,152.2,0,0.0,0.16,346.7,0.135,65.8,55.85,Spaceport / Landing Pad
-80.0,-153.6669,895.5,0.93,0.34,55.4,201.5,144.3,0,0.0,0.31,324.6,0.224,55.3,53.2,Spaceport / Landing Pad
-83.4994,158.9625,1167.5,0.65,0.36,58.0,203.5,146.4,0,0.0,0.15,332.7,0.192,57.9,53.98,Spaceport / Landing Pad
-82.9838,146.9442,1068.4,1.31,0.33,56.8,202.6,145.4,0,0.0,0.31,329.3,0.205,56.9,53.41,Spaceport / Landing Pad
-82.6253,-90.7252,1051.8,1.69,0.45,56.5,202.4,145.2,0,0.0,0.27,328.5,0.208,56.8,53.12,Spaceport / Landing Pad
-80.0,-47.7591,1057.2,1.21,0.48,56.8,202.6,145.4,0,0.0,0.06,329.0,0.206,56.8,53.44,Spaceport / Landing Pad
-84.2687,-142.9435,1631.0,1.13,0.42,62.1,206.6,149.7,0,0.0,0.23,345.7,0.139,62.3,54.86,Spaceport / Landing Pad
-80.8648,-172.3667,1102.8,0.5,0.28,57.5,203.1,146.0,0,0.0,0.2,330.9,0.199,57.2,53.88,Spaceport / Landing Pad
-85.1949,65.9245,-69.7,13.53,1.11,40.4,190.3,132.3,0,0.0,0.08,286.4,0.379,46.0,24.91,Secondary Exploration Zone
-82.6632,-126.7241,928.1,0.74,0.37,55.8,201.8,144.6,0,0.0,0.07,325.7,0.22,55.6,53.37,Spaceport / Landing Pad
-80.4361,24.8142,1211.1,0.98,0.4,58.3,203.7,146.6,0,0.0,0.18,333.7,0.188,58.3,53.94,Spaceport / Landing Pad
-84.2627,111.9745,836.9,5.94,0.71,52.4,199.3,142.0,0,0.0,0.3,318.8,0.248,54.7,47.1,Secondary Exploration Zone
-83.3196,74.6045,576.5,1.45,0.44,52.2,199.1,141.7,0,0.0,0.21,315.0,0.263,52.2,52.14,Spaceport / Landing Pad
-80.0,-42.9047,1061.8,1.28,0.19,56.8,202.6,145.4,0,0.0,0.17,329.1,0.206,56.9,53.41,Spaceport / Landing Pad
-81.806,137.7702,419.6,0.5,0.4,51.2,198.4,140.9,0,0.0,0.2,311.3,0.278,50.7,52.24,Spaceport / Landing Pad
-82.1403,127.2782,1319.3,1.81,0.46,58.9,204.2,147.1,0,0.0,0.11,336.1,0.178,59.3,53.66,Spaceport / Landing Pad
-80.0119,142.5946,1220.2,0.5,0.23,58.6,204.0,146.9,0,0.0,0.17,334.3,0.185,58.4,54.16,Spaceport / Landing Pad
-81.0226,171.0274,1639.4,1.4,0.39,62.1,206.5,149.6,0,0.0,0.05,345.7,0.139,62.4,54.72,Spaceport / Landing Pad
-81.6043,-171.6897,1149.6,0.5,0.42,58.0,203.5,146.4,0,0.0,0.21,332.3,0.193,57.7,53.99,Spaceport / Landing Pad
-88.0199,-81.8699,865.9,0.5,0.42,55.3,201.5,144.3,0,0.0,0.1,324.1,0.226,55.0,53.31,Spaceport / Landing Pad
-84.0832,-6.3402,-53.9,9.16,0.78,42.6,192.0,134.1,0,0.0,0.34,290.5,0.362,46.2,37.98,Secondary Exploration Zone
-80.524,-63.6874,1692.5,1.2,0.47,62.6,207.0,150.1,0,0.0,0.15,346.9,0.134,62.9,54.99,Spaceport / Landing Pad
-83.0838,158.6294,943.3,1.37,0.31,55.6,201.7,144.5,0,0.0,0.23,325.6,0.22,55.7,53.07,Spaceport / Landing Pad
-82.0522,-102.8937,1028.7,1.99,0.34,56.1,202.1,144.9,0,0.0,0.32,327.6,0.212,56.5,52.83,Spaceport / Landing Pad
-85.0239,113.1986,-206.8,4.66,0.67,0.0,65.8,43.5,1,0.215,1.33,292.2,0.356,0.0,34.68,Secondary Exploration Zone
-82.812,-90.7441,977.0,0.74,0.3,56.2,202.2,145.0,0,0.0,0.22,327.1,0.214,56.0,53.48,Spaceport / Landing Pad
-83.6899,29.2192,1221.4,1.5,0.38,58.1,203.6,146.5,0,0.0,0.32,333.5,0.188,58.4,53.65,Spaceport / Landing Pad
-85.5176,-31.373,1268.2,1.57,0.41,58.5,203.9,146.8,0,0.0,0.3,334.8,0.183,58.8,53.72,Spaceport / Landing Pad
-80.0,-55.3048,313.3,0.5,0.36,50.2,197.6,140.2,0,0.0,0.28,308.2,0.291,49.7,51.99,Spaceport / Landing Pad
-81.5012,141.2419,673.1,0.93,0.42,53.3,200.0,142.7,0,0.0,0.31,318.2,0.25,53.1,52.67,Spaceport / Landing Pad
-83.1091,-24.8293,1334.5,1.23,0.35,59.3,204.5,147.5,0,0.0,0.32,337.0,0.174,59.5,54.09,Spaceport / Landing Pad
-81.3186,89.3839,867.5,1.06,0.37,55.1,201.3,144.1,0,0.0,0.08,323.7,0.228,55.0,53.07,Spaceport / Landing Pad
-85.6358,-131.5318,1284.5,0.72,0.23,59.1,204.3,147.3,0,0.0,0.11,336.0,0.178,59.0,54.23,Spaceport / Landing Pad
-80.2413,-158.0968,1349.4,0.5,0.15,59.8,204.9,147.8,0,0.0,0.22,338.1,0.17,59.6,54.47,Spaceport / Landing Pad
-84.0363,162.6995,1310.9,0.5,0.34,59.4,204.6,147.6,0,0.0,0.19,336.9,0.174,59.2,54.38,Spaceport / Landing Pad
-84.2687,-59.6764,70.0,1.0,0.45,47.7,195.8,138.2,0,0.0,0.2,300.8,0.321,47.4,51.19,Spaceport / Landing Pad
-84.982,-43.4926,1239.4,0.89,0.31,58.6,203.9,146.9,0,0.0,0.2,334.6,0.184,58.6,54.04,Spaceport / Landing Pad
-81.4807,-4.3987,625.1,1.78,0.28,52.5,199.4,142.0,0,0.0,0.24,316.1,0.259,52.7,52.02,Spaceport / Landing Pad
-88.0199,8.1301,1895.3,1.59,0.32,64.3,208.3,151.5,0,0.0,0.24,346.6,0.135,64.8,55.45,Spaceport / Landing Pad
-84.5685,-19.0577,865.2,0.5,0.29,55.3,201.5,144.3,0,0.0,0.08,324.1,0.226,55.0,53.31,Spaceport / Landing Pad
-84.0188,112.9638,1159.1,12.29,1.17,52.4,199.3,141.9,0,0.0,0.06,322.9,0.231,57.8,31.94,Secondary Exploration Zone
-84.2687,142.9435,1842.9,2.31,0.36,63.5,207.6,150.8,0,0.0,0.26,346.0,0.138,64.3,54.68,Spaceport / Landing Pad
-80.6127,-70.8444,1947.3,1.54,0.41,64.8,208.6,151.9,0,0.0,0.11,346.6,0.135,65.3,55.66,Spaceport / Landing Pad
-80.8572,117.3499,898.6,2.47,0.41,54.7,201.0,143.7,0,0.0,0.33,323.4,0.229,55.3,52.09,Spaceport / Landing Pad
-85.7903,-176.1859,794.8,1.09,0.33,54.4,200.8,143.5,0,0.0,0.07,321.6,0.237,54.3,52.88,Spaceport / Landing Pad
-82.7685,113.587,1189.8,2.44,0.53,57.4,203.0,145.9,0,0.0,0.2,331.9,0.195,58.1,52.82,Spaceport / Landing Pad
-81.2746,-152.6126,877.8,1.53,0.43,54.9,201.2,143.9,0,0.0,0.21,323.6,0.228,55.1,52.81,Spaceport / Landing Pad
-85.5176,-148.627,913.7,0.5,0.43,55.8,201.8,144.6,0,0.0,0.28,325.5,0.221,55.4,53.43,Spaceport / Landing Pad
-80.0,-140.2538,1410.1,1.43,0.25,59.9,204.9,147.9,0,0.0,0.19,339.0,0.166,60.2,54.15,Spaceport / Landing Pad
-80.0,-58.1575,522.4,1.57,0.27,51.6,198.7,141.3,0,0.0,0.28,313.3,0.27,51.7,51.93,Spaceport / Landing Pad
-82.2475,177.93,2256.1,0.51,0.39,68.2,211.2,154.6,0,0.0,0.23,347.5,0.132,68.3,57.26,Spaceport / Landing Pad
-82.1848,82.4506,1046.9,0.5,0.15,57.0,202.7,145.6,0,0.0,0.24,329.3,0.205,56.7,53.74,Spaceport / Landing Pad
-83.3984,-56.5346,403.5,1.48,0.47,50.6,197.9,140.4,0,0.0,0.07,310.0,0.283,50.6,51.7,Spaceport / Landing Pad
-84.0363,-50.0796,873.4,2.17,0.38,54.6,200.9,143.7,0,0.0,0.12,323.0,0.231,55.1,52.31,Spaceport / Landing Pad
-88.2637,53.7462,-1622.6,7.85,0.86,0.0,70.4,39.3,1,0.602,3.28,289.6,0.366,0.0,36.82,ISRU Cryogenic Mining Outpost
-81.6752,120.3027,1454.0,1.45,0.41,60.3,205.2,148.3,0,0.0,0.31,340.3,0.161,60.6,54.24,Spaceport / Landing Pad
-89.1547,-83.6598,935.0,2.25,0.44,55.1,201.3,144.1,0,0.0,0.2,324.7,0.224,55.6,52.38,Spaceport / Landing Pad
-85.5645,81.5289,2901.1,10.0,0.9,69.6,212.2,155.7,0,0.0,0.27,339.7,0.163,74.5,44.17,Secondary Exploration Zone
-84.9405,142.4959,491.2,15.7,1.35,44.5,193.4,135.6,0,0.0,0.12,300.8,0.321,51.4,20.96,Secondary Exploration Zone
-80.0,-132.9546,1453.9,2.11,0.46,60.0,205.0,148.0,0,0.0,0.15,339.7,0.163,60.6,53.74,Spaceport / Landing Pad
-84.6786,68.3852,1060.8,5.95,0.7,54.5,200.9,143.6,0,0.0,0.06,325.2,0.222,56.8,47.62,Secondary Exploration Zone
-84.6265,-107.1759,1580.1,1.54,0.23,61.4,206.1,149.2,0,0.0,0.12,343.8,0.146,61.8,54.49,Spaceport / Landing Pad
-83.1344,7.0284,-792.8,16.27,1.33,32.4,184.3,125.9,0,0.0,0.07,282.6,0.394,39.1,17.11,Secondary Exploration Zone
-81.4155,136.7624,435.1,0.5,0.34,51.3,198.5,141.1,0,0.0,0.17,311.7,0.276,50.9,52.28,Spaceport / Landing Pad
-80.0,126.7733,2197.5,1.35,0.25,67.3,210.4,153.8,0,0.0,0.1,346.8,0.135,67.7,56.65,Spaceport / Landing Pad
-81.7298,159.5196,569.8,0.82,0.31,52.4,199.3,141.9,0,0.0,0.23,315.3,0.262,52.1,52.48,Spaceport / Landing Pad
-84.0891,105.5725,1431.7,3.22,0.6,59.3,204.4,147.4,0,0.0,0.24,338.2,0.169,60.4,52.58,Spaceport / Landing Pad
-83.4994,74.1676,544.1,0.72,0.33,52.2,199.2,141.8,0,0.0,0.16,314.7,0.265,51.9,52.46,Spaceport / Landing Pad
-83.247,-130.5154,1222.8,2.8,0.32,57.5,203.1,146.0,0,0.0,0.18,332.5,0.192,58.4,52.54,Spaceport / Landing Pad
-84.9199,-110.4328,1612.9,1.81,0.4,61.6,206.2,149.3,0,0.0,0.14,344.6,0.143,62.1,54.37,Spaceport / Landing Pad
-81.8658,-86.7108,1255.4,1.07,0.38,58.7,204.0,146.9,0,0.0,0.2,334.9,0.183,58.7,53.99,Spaceport / Landing Pad
-84.5237,29.6237,1128.0,5.56,0.66,55.3,201.5,144.3,0,0.0,0.29,327.5,0.213,57.5,48.48,Secondary Exploration Zone
-83.6733,21.6444,903.5,13.55,1.2,49.4,197.1,139.5,0,0.0,0.16,314.5,0.265,55.3,27.18,Secondary Exploration Zone
-80.2735,116.811,797.2,1.97,0.27,54.0,200.5,143.2,0,0.0,0.11,320.9,0.239,54.3,52.29,Spaceport / Landing Pad
-83.8919,51.2034,-31.0,14.5,1.37,40.3,190.2,132.2,0,0.0,0.31,286.7,0.378,46.4,21.6,Secondary Exploration Zone
-82.0522,12.8937,1329.9,1.27,0.48,59.3,204.4,147.4,0,0.0,0.35,336.9,0.175,59.4,54.06,Spaceport / Landing Pad
-82.9838,-93.8141,1107.3,0.93,0.39,57.4,203.0,145.9,0,0.0,0.23,330.7,0.199,57.3,53.71,Spaceport / Landing Pad
-82.1403,-127.2782,858.2,1.39,0.26,54.8,201.1,143.9,0,0.0,0.33,323.2,0.23,54.9,52.85,Spaceport / Landing Pad
-87.8511,-87.5104,954.5,0.78,0.37,56.0,202.0,144.8,0,0.0,0.28,326.4,0.217,55.8,53.41,Spaceport / Landing Pad
-82.4664,-146.113,168.8,0.5,0.42,48.9,196.6,139.1,0,0.0,0.22,304.0,0.308,48.3,51.64,Spaceport / Landing Pad
-80.9069,-121.569,1536.5,1.17,0.26,61.2,205.9,149.0,0,0.0,0.31,342.9,0.15,61.4,54.61,Spaceport / Landing Pad
-80.2342,54.335,671.0,0.98,0.35,53.3,200.0,142.6,0,0.0,0.3,318.1,0.251,53.1,52.64,Spaceport / Landing Pad
-84.0538,42.4552,1139.0,2.52,0.45,56.9,202.7,145.5,0,0.0,0.26,330.3,0.201,57.6,52.62,Spaceport / Landing Pad
-80.0,-50.7106,558.7,1.8,0.29,51.8,198.9,141.5,0,0.0,0.12,314.2,0.266,52.0,51.85,Spaceport / Landing Pad
-86.0376,136.9092,-15.9,6.61,0.74,44.2,193.2,135.4,0,0.0,0.3,293.7,0.349,46.5,43.78,Secondary Exploration Zone
-80.4471,146.1547,876.5,1.77,0.47,54.8,201.1,143.8,0,0.0,0.22,323.4,0.229,55.1,52.63,Spaceport / Landing Pad
-80.0,-127.3596,1505.9,1.19,0.21,60.9,205.7,148.7,0,0.0,0.1,342.0,0.154,61.1,54.53,Spaceport / Landing Pad
-84.6395,-172.9987,1292.3,2.56,0.44,58.3,203.7,146.6,0,0.0,0.31,334.7,0.183,59.1,52.95,Spaceport / Landing Pad
-81.4399,115.1679,686.2,2.23,0.47,52.8,199.6,142.3,0,0.0,0.14,317.5,0.253,53.3,51.8,Spaceport / Landing Pad
-81.5423,169.1861,1823.1,0.92,0.29,64.0,208.0,151.2,0,0.0,0.23,347.1,0.133,64.1,55.59,Spaceport / Landing Pad
-85.2022,-127.0928,1671.5,1.87,0.41,62.1,206.6,149.7,0,0.0,0.16,346.2,0.137,62.7,54.46,Spaceport / Landing Pad
-85.7245,143.8807,2006.8,6.79,0.82,62.9,207.2,150.3,0,0.0,0.24,342.3,0.153,65.9,48.63,Secondary Exploration Zone
-84.8653,-117.0309,1862.8,1.77,0.34,64.0,208.0,151.2,0,0.0,0.31,346.4,0.136,64.5,55.2,Spaceport / Landing Pad
-83.7565,-121.5514,2153.1,1.48,0.49,66.8,210.1,153.4,0,0.0,0.34,346.7,0.135,67.3,56.41,Spaceport / Landing Pad
-80.0,-138.764,778.1,0.74,0.19,54.4,200.8,143.5,0,0.0,0.15,321.4,0.237,54.1,53.01,Spaceport / Landing Pad
-85.6119,38.0888,2089.3,5.36,0.56,64.3,208.2,151.5,0,0.0,0.09,343.5,0.148,66.7,51.56,Secondary Exploration Zone
-80.0,-24.444,1443.6,2.15,0.44,59.9,204.9,147.9,0,0.0,0.14,339.4,0.164,60.5,53.68,Spaceport / Landing Pad
-88.0024,127.4054,953.1,1.28,0.33,55.8,201.8,144.6,0,0.0,0.11,326.0,0.219,55.8,53.15,Spaceport / Landing Pad
-83.1956,153.0834,1181.3,2.01,0.47,57.5,203.1,146.0,0,0.0,0.26,332.0,0.194,58.0,53.18,Spaceport / Landing Pad
-80.9337,-2.9508,1279.7,1.2,0.31,58.8,204.1,147.1,0,0.0,0.12,335.5,0.18,58.9,53.98,Spaceport / Landing Pad
-85.6119,178.7811,952.1,0.5,0.15,56.1,202.1,144.9,0,0.0,0.24,326.6,0.216,55.8,53.52,Spaceport / Landing Pad
-83.1802,177.6467,2191.9,0.88,0.33,67.4,210.6,153.9,0,0.0,0.32,347.2,0.133,67.7,56.89,Spaceport / Landing Pad
-82.1848,-82.4506,1046.5,0.5,0.39,57.0,202.7,145.6,0,0.0,0.21,329.3,0.205,56.7,53.74,Spaceport / Landing Pad
-81.4196,135.0,434.1,0.5,0.15,51.3,198.5,141.1,0,0.0,0.27,311.7,0.277,50.8,52.28,Spaceport / Landing Pad
-83.4354,29.8459,1508.2,2.62,0.34,60.3,205.2,148.2,0,0.0,0.22,340.9,0.158,61.1,53.41,Spaceport / Landing Pad
-81.1635,148.8287,603.5,1.51,0.33,52.4,199.3,141.9,0,0.0,0.1,315.7,0.26,52.5,52.16,Spaceport / Landing Pad
-81.6836,-135.0,929.9,1.44,0.21,55.5,201.6,144.4,0,0.0,0.29,325.2,0.222,55.6,53.0,Spaceport / Landing Pad
-82.8607,64.44,905.5,2.41,0.48,54.8,201.1,143.8,0,0.0,0.13,323.7,0.228,55.4,52.16,Spaceport / Landing Pad
-83.9435,-155.4099,1514.0,0.5,0.15,61.3,206.0,149.1,0,0.0,0.17,342.8,0.151,61.2,54.86,Spaceport / Landing Pad
-83.1853,53.9149,988.3,2.44,0.3,55.5,201.6,144.4,0,0.0,0.22,326.0,0.218,56.2,52.33,Spaceport / Landing Pad
-81.5795,31.3995,1788.5,1.45,0.27,63.4,207.6,150.7,0,0.0,0.19,346.7,0.135,63.8,55.17,Spaceport / Landing Pad
-81.1871,118.4652,1126.9,1.65,0.38,57.2,202.9,145.8,0,0.0,0.07,330.7,0.2,57.5,53.32,Spaceport / Landing Pad
-80.1348,-20.4926,1081.5,2.18,0.53,56.5,202.4,145.2,0,0.0,0.06,329.0,0.207,57.0,52.79,Spaceport / Landing Pad
-84.6395,-54.9262,269.3,1.98,0.4,49.1,196.8,139.3,0,0.0,0.22,305.7,0.301,49.3,51.01,Spaceport / Landing Pad
-80.0,39.2894,813.3,0.5,0.37,54.8,201.1,143.9,0,0.0,0.2,322.6,0.232,54.5,53.18,Spaceport / Landing Pad
-88.783,-175.6013,-2171.1,12.05,1.05,0.0,94.5,49.0,1,0.46,2.73,286.1,0.38,0.0,23.24,ISRU Cryogenic Mining Outpost
-81.3226,-148.1906,765.0,1.15,0.34,54.1,200.6,143.3,0,0.0,0.26,320.7,0.24,54.0,52.78,Spaceport / Landing Pad
-82.3152,-130.0729,743.1,0.5,0.36,54.2,200.6,143.3,0,0.0,0.07,320.6,0.241,53.8,53.02,Spaceport / Landing Pad
-83.5425,94.1446,1582.0,1.42,0.24,61.5,206.1,149.2,0,0.0,0.2,344.0,0.146,61.8,54.57,Spaceport / Landing Pad
-87.7559,16.9275,1616.9,12.06,1.16,56.7,202.6,145.4,0,0.0,0.09,336.2,0.177,62.2,33.78,Secondary Exploration Zone
-81.8359,30.9638,1965.5,1.7,0.52,64.9,208.7,152.0,0,0.0,0.22,346.5,0.136,65.5,55.61,Spaceport / Landing Pad
-84.0538,42.4552,1139.0,2.52,0.45,56.9,202.7,145.5,0,0.0,0.26,330.3,0.201,57.6,52.62,Spaceport / Landing Pad
-83.2936,-145.204,675.8,1.8,0.26,52.9,199.7,142.3,0,0.0,0.31,317.6,0.253,53.2,52.13,Spaceport / Landing Pad
-82.8072,92.2312,1544.1,0.5,0.19,61.6,206.2,149.3,0,0.0,0.1,343.7,0.147,61.5,54.94,Spaceport / Landing Pad
-82.7109,170.4171,1740.4,2.65,0.5,62.4,206.8,149.9,0,0.0,0.27,345.7,0.139,63.4,54.0,Spaceport / Landing Pad
-82.2745,151.8868,733.4,1.63,0.36,53.5,200.2,142.8,0,0.0,0.07,319.4,0.245,53.7,52.39,Spaceport / Landing Pad
-80.0,-42.1014,1154.7,2.12,0.35,57.2,202.9,145.8,0,0.0,0.35,331.1,0.198,57.7,53.02,Spaceport / Landing Pad
-83.8919,-141.2034,1419.4,1.89,0.44,59.8,204.8,147.8,0,0.0,0.19,338.9,0.166,60.3,53.84,Spaceport / Landing Pad
-84.6136,62.1027,-1374.6,8.32,0.78,30.8,183.1,124.6,0,0.0,0.07,289.2,0.368,33.5,35.48,Secondary Exploration Zone
-86.1627,-138.9452,927.6,0.93,0.28,55.7,201.8,144.5,0,0.0,0.06,325.5,0.22,55.6,53.28,Spaceport / Landing Pad
-83.6239,107.9044,1292.1,1.66,0.41,58.7,204.0,147.0,0,0.0,0.06,335.4,0.18,59.1,53.71,Spaceport / Landing Pad
-84.6395,97.0013,1214.4,0.5,0.32,58.6,203.9,146.8,0,0.0,0.08,334.2,0.186,58.3,54.15,Spaceport / Landing Pad
-80.6238,-136.6135,1172.6,0.5,0.23,58.2,203.6,146.5,0,0.0,0.06,333.0,0.19,57.9,54.05,Spaceport / Landing Pad
-85.2167,174.4007,1106.4,2.01,0.52,56.8,202.6,145.5,0,0.0,0.29,329.8,0.203,57.3,53.0,Spaceport / Landing Pad
-80.0679,-68.4986,1933.8,0.5,0.31,65.2,208.9,152.2,0,0.0,0.25,347.5,0.132,65.2,56.15,Spaceport / Landing Pad
-81.0265,161.1881,1017.1,2.45,0.34,55.8,201.8,144.6,0,0.0,0.29,326.9,0.215,56.4,52.4,Spaceport / Landing Pad
-89.34,-8.1301,1847.5,2.13,0.43,63.6,207.7,150.9,0,0.0,0.2,346.1,0.137,64.4,54.86,Spaceport / Landing Pad
-85.4482,-61.8584,81.9,0.62,0.3,48.0,196.0,138.4,0,0.0,0.08,301.4,0.318,47.5,51.39,Spaceport / Landing Pad
-81.6043,8.3103,1250.4,1.52,0.31,58.4,203.8,146.7,0,0.0,0.17,334.4,0.185,58.7,53.71,Spaceport / Landing Pad
-81.5053,0.6296,934.8,1.94,0.41,55.3,201.5,144.2,0,0.0,0.18,324.9,0.223,55.6,52.64,Spaceport / Landing Pad
-82.6253,-179.2748,2356.4,0.5,0.16,69.1,211.9,155.3,0,0.0,0.25,347.5,0.132,69.3,57.62,Spaceport / Landing Pad
-87.0929,5.5275,-811.0,12.5,1.12,0.0,98.9,46.4,1,0.31,1.74,285.7,0.382,0.0,18.86,Secondary Exploration Zone
-84.982,-18.4349,842.3,0.89,0.39,54.9,201.2,143.9,0,0.0,0.33,323.1,0.23,54.8,53.09,Spaceport / Landing Pad
-83.8919,-51.2034,784.0,2.6,0.36,53.6,200.2,142.8,0,0.0,0.2,320.0,0.243,54.2,51.69,Spaceport / Landing Pad
-85.7164,-11.3099,1914.8,8.05,0.69,61.4,206.1,149.1,0,0.0,0.05,341.3,0.157,65.0,45.62,Secondary Exploration Zone
-80.7586,-44.1815,1799.5,0.98,0.42,63.7,207.8,151.0,0,0.0,0.2,347.1,0.133,63.9,55.48,Spaceport / Landing Pad
-83.7901,47.4366,1306.2,3.75,0.6,57.8,203.4,146.3,0,0.0,0.28,334.1,0.186,59.2,51.63,Secondary Exploration Zone
-82.6918,-114.9285,1320.5,1.92,0.46,58.9,204.1,147.1,0,0.0,0.33,336.0,0.178,59.3,53.58,Spaceport / Landing Pad
-81.2387,-141.0542,914.6,0.5,0.14,55.8,201.8,144.6,0,0.0,0.14,325.5,0.221,55.4,53.43,Spaceport / Landing Pad
-80.7247,110.6235,353.0,0.5,0.22,50.6,197.9,140.5,0,0.0,0.08,309.3,0.286,50.1,52.08,Spaceport / Landing Pad
-83.3196,82.7757,1141.7,1.76,0.48,57.3,203.0,145.8,0,0.0,0.32,331.0,0.198,57.6,53.28,Spaceport / Landing Pad
-80.0,-37.1467,922.0,1.13,0.46,55.5,201.7,144.4,0,0.0,0.16,325.2,0.222,55.5,53.16,Spaceport / Landing Pad
-82.9838,-86.1859,801.5,0.5,0.19,54.7,201.0,143.8,0,0.0,0.07,322.3,0.234,54.4,53.16,Spaceport / Landing Pad
-85.0379,106.3895,1567.7,9.3,0.82,57.6,203.2,146.1,0,0.0,0.32,337.1,0.174,61.7,41.5,Secondary Exploration Zone
-81.8401,125.6901,1479.9,0.53,0.28,61.0,205.7,148.8,0,0.0,0.33,341.8,0.155,60.9,54.77,Spaceport / Landing Pad
-84.1722,148.0919,1361.0,0.92,0.46,59.7,204.8,147.8,0,0.0,0.26,338.0,0.17,59.7,54.33,Spaceport / Landing Pad
-86.4261,-130.7636,1196.1,0.67,0.17,58.3,203.7,146.6,0,0.0,0.12,333.5,0.188,58.1,54.04,Spaceport / Landing Pad
-81.6752,59.6973,1468.0,0.5,0.35,60.9,205.7,148.7,0,0.0,0.05,341.5,0.156,60.7,54.75,Spaceport / Landing Pad
-80.8877,173.5302,1351.8,2.26,0.35,59.0,204.2,147.2,0,0.0,0.18,336.7,0.175,59.6,53.37,Spaceport / Landing Pad
-81.7298,-143.2594,567.8,1.6,0.51,52.0,199.0,141.6,0,0.0,0.12,314.6,0.265,52.1,52.02,Spaceport / Landing Pad
-80.0,55.6197,938.2,0.5,0.22,56.0,202.0,144.8,0,0.0,0.34,326.2,0.218,55.7,53.48,Spaceport / Landing Pad
-80.0,43.0021,960.3,1.25,0.34,55.8,201.9,144.7,0,0.0,0.13,326.2,0.218,55.9,53.18,Spaceport / Landing Pad
-85.6119,119.2914,-762.9,3.49,0.46,0.0,73.1,38.7,1,0.504,2.85,293.1,0.352,0.0,41.91,ISRU Cryogenic Mining Outpost
-85.3347,-19.8852,872.1,0.5,0.39,55.4,201.5,144.3,0,0.0,0.11,324.3,0.226,55.0,53.33,Spaceport / Landing Pad
-80.1595,-128.0657,1618.8,1.17,0.48,62.0,206.5,149.6,0,0.0,0.29,345.3,0.141,62.2,54.81,Spaceport / Landing Pad
-80.3853,-143.6864,744.7,0.5,0.43,54.2,200.6,143.4,0,0.0,0.18,320.6,0.24,53.8,53.02,Spaceport / Landing Pad
-81.1006,-77.2756,1519.9,0.79,0.21,61.2,205.9,149.0,0,0.0,0.3,342.7,0.151,61.2,54.76,Spaceport / Landing Pad
-83.9148,85.6013,1446.4,0.5,0.42,60.7,205.5,148.6,0,0.0,0.31,340.8,0.159,60.5,54.7,Spaceport / Landing Pad
-80.9916,-169.8545,1181.1,1.37,0.45,57.8,203.4,146.3,0,0.0,0.24,332.5,0.192,58.0,53.64,Spaceport / Landing Pad
-80.0,-40.1207,871.7,0.69,0.43,55.3,201.5,144.2,0,0.0,0.22,324.1,0.226,55.0,53.25,Spaceport / Landing Pad
-83.712,-174.0355,2133.1,1.67,0.31,66.5,209.9,153.2,0,0.0,0.12,346.5,0.136,67.1,56.21,Spaceport / Landing Pad
-80.0,-128.2902,1723.2,1.76,0.45,62.7,207.0,150.1,0,0.0,0.32,346.4,0.136,63.2,54.72,Spaceport / Landing Pad
-80.0819,54.9638,701.1,0.63,0.41,53.7,200.3,143.0,0,0.0,0.16,319.3,0.246,53.4,52.87,Spaceport / Landing Pad
-81.7636,128.5584,1120.3,1.67,0.42,57.1,202.8,145.7,0,0.0,0.19,330.5,0.2,57.4,53.29,Spaceport / Landing Pad
-84.7181,43.5679,-1145.2,7.92,0.78,33.1,184.8,126.5,0,0.0,0.08,289.5,0.366,35.7,37.2,Secondary Exploration Zone
-82.597,76.139,926.3,0.66,0.4,55.8,201.9,144.6,0,0.0,0.26,325.7,0.22,55.6,53.4,Spaceport / Landing Pad
-82.812,52.386,1417.6,1.21,0.36,60.1,205.1,148.1,0,0.0,0.32,339.4,0.164,60.3,54.3,Spaceport / Landing Pad
-81.8572,-25.0963,1989.1,1.42,0.34,65.3,209.0,152.2,0,0.0,0.19,346.7,0.135,65.7,55.88,Spaceport / Landing Pad
-83.5479,-14.2373,1244.1,0.5,0.14,58.8,204.1,147.1,0,0.0,0.13,335.0,0.182,58.6,54.22,Spaceport / Landing Pad
-87.0335,155.8545,474.1,1.44,0.46,51.2,198.4,141.0,0,0.0,0.18,312.1,0.275,51.2,51.9,Spaceport / Landing Pad
-82.0653,-89.326,1249.6,0.73,0.41,58.8,204.1,147.0,0,0.0,0.33,335.0,0.182,58.7,54.14,Spaceport / Landing Pad
-83.1242,-48.3019,1412.8,1.51,0.24,59.9,204.9,147.9,0,0.0,0.22,339.1,0.166,60.2,54.11,Spaceport / Landing Pad
-82.2745,-64.9831,1354.4,1.6,0.27,59.3,204.5,147.5,0,0.0,0.19,337.3,0.173,59.7,53.9,Spaceport / Landing Pad
-80.0,-122.9574,1646.8,1.53,0.42,62.1,206.5,149.7,0,0.0,0.17,345.8,0.139,62.5,54.65,Spaceport / Landing Pad
-85.5332,-169.1597,681.2,0.5,0.18,53.6,200.2,142.9,0,0.0,0.07,318.8,0.248,53.2,52.87,Spaceport / Landing Pad
-80.7511,-47.454,1662.1,1.04,0.29,62.4,206.8,150.0,0,0.0,0.14,346.6,0.135,62.6,54.98,Spaceport / Landing Pad
-82.3698,7.7336,688.4,1.44,0.43,53.2,199.9,142.6,0,0.0,0.23,318.2,0.25,53.3,52.42,Spaceport / Landing Pad
-86.368,154.0935,842.5,0.98,0.37,54.9,201.2,143.9,0,0.0,0.08,323.1,0.231,54.8,53.05,Spaceport / Landing Pad
-87.3434,-71.5651,754.9,0.55,0.43,54.3,200.7,143.4,0,0.0,0.1,320.9,0.239,53.9,53.03,Spaceport / Landing Pad
-80.9222,-94.1276,1092.0,1.52,0.21,56.9,202.7,145.5,0,0.0,0.26,329.8,0.203,57.1,53.33,Spaceport / Landing Pad
-83.211,-18.4349,1413.4,0.74,0.2,60.3,205.2,148.2,0,0.0,0.06,339.7,0.163,60.2,54.53,Spaceport / Landing Pad
-83.1547,-84.5226,824.3,0.82,0.24,54.8,201.1,143.8,0,0.0,0.32,322.7,0.232,54.6,53.08,Spaceport / Landing Pad
-85.604,3.6522,-1569.8,5.58,0.49,0.0,99.4,69.5,1,0.33,2.02,291.4,0.359,0.0,35.6,Secondary Exploration Zone
-83.211,-18.4349,1413.4,0.74,0.2,60.3,205.2,148.2,0,0.0,0.06,339.7,0.163,60.2,54.53,Spaceport / Landing Pad
-82.2655,72.4397,1362.7,2.3,0.51,59.1,204.3,147.3,0,0.0,0.2,337.0,0.174,59.7,53.36,Spaceport / Landing Pad
-82.7348,-132.9174,671.2,1.02,0.28,53.3,199.9,142.6,0,0.0,0.21,318.1,0.251,53.1,52.62,Spaceport / Landing Pad
-86.3969,-53.427,806.7,2.85,0.43,53.6,200.2,142.9,0,0.0,0.15,320.5,0.241,54.4,51.49,Spaceport / Landing Pad
-82.5128,-54.1302,852.6,1.62,0.34,54.7,201.0,143.7,0,0.0,0.1,322.8,0.232,54.9,52.69,Spaceport / Landing Pad
-83.6788,-106.294,1867.5,1.1,0.42,64.3,208.2,151.5,0,0.0,0.06,347.0,0.134,64.6,55.65,Spaceport / Landing Pad
-88.2045,-152.1027,718.8,2.58,0.53,53.0,199.7,142.4,0,0.0,0.29,318.2,0.25,53.6,51.55,Spaceport / Landing Pad
-80.0,-47.5734,1013.6,0.5,0.37,56.7,202.5,145.4,0,0.0,0.26,328.4,0.209,56.4,53.66,Spaceport / Landing Pad
-80.4946,72.2768,2068.0,1.57,0.39,66.0,209.5,152.8,0,0.0,0.34,346.6,0.135,66.5,56.06,Spaceport / Landing Pad
-80.5904,-100.8641,69.9,1.08,0.31,47.7,195.7,138.1,0,0.0,0.07,300.7,0.321,47.4,51.15,Spaceport / Landing Pad
-84.5877,-45.0,1205.0,0.58,0.39,58.4,203.8,146.7,0,0.0,0.07,333.8,0.187,58.2,54.09,Spaceport / Landing Pad
-84.3299,69.7751,505.6,2.29,0.54,51.1,198.3,140.9,0,0.0,0.26,312.3,0.274,51.5,51.32,Spaceport / Landing Pad
-84.3176,-75.7355,1048.8,1.25,0.44,56.7,202.5,145.3,0,0.0,0.07,328.8,0.207,56.7,53.4,Spaceport / Landing Pad
-81.4644,-76.7236,1506.6,1.09,0.21,61.0,205.7,148.8,0,0.0,0.27,342.1,0.153,61.1,54.59,Spaceport / Landing Pad
-80.0,136.3479,1390.7,1.1,0.18,59.9,204.9,147.9,0,0.0,0.07,338.7,0.167,60.0,54.3,Spaceport / Landing Pad
-81.3146,69.2277,2053.2,0.68,0.43,66.2,209.7,153.0,0,0.0,0.07,347.3,0.132,66.3,56.5,Spaceport / Landing Pad
-80.0189,114.8874,559.8,0.84,0.37,52.3,199.2,141.9,0,0.0,0.18,315.0,0.263,52.1,52.44,Spaceport / Landing Pad
-85.5098,136.6847,-1065.4,4.78,0.66,0.0,64.6,50.7,1,0.126,0.82,292.1,0.356,0.0,32.74,Secondary Exploration Zone
-84.8517,67.6199,1550.1,6.31,0.7,58.9,204.2,147.1,0,0.0,0.1,339.1,0.166,61.5,48.12,Secondary Exploration Zone
-84.4166,38.211,855.8,3.29,0.5,53.9,200.4,143.1,0,0.0,0.22,321.5,0.237,54.9,51.11,Spaceport / Landing Pad
-82.0522,-33.5034,1561.6,0.5,0.41,61.8,206.3,149.4,0,0.0,0.31,344.2,0.145,61.6,54.98,Spaceport / Landing Pad
-86.6998,-45.0,1459.5,1.59,0.3,60.3,205.2,148.2,0,0.0,0.09,340.3,0.161,60.7,54.17,Spaceport / Landing Pad
-85.2606,32.125,1314.9,2.5,0.28,58.5,203.9,146.8,0,0.0,0.07,335.4,0.181,59.3,53.06,Spaceport / Landing Pad
-81.7298,-143.2594,567.8,1.6,0.51,52.0,199.0,141.6,0,0.0,0.12,314.6,0.265,52.1,52.02,Spaceport / Landing Pad
-85.2313,-139.7636,1375.6,2.0,0.46,59.3,204.5,147.5,0,0.0,0.3,337.6,0.172,59.9,53.65,Spaceport / Landing Pad
-86.5451,-141.5819,940.2,0.85,0.29,55.8,201.9,144.7,0,0.0,0.09,326.0,0.219,55.7,53.35,Spaceport / Landing Pad
-80.7473,-30.9638,1832.1,0.9,0.3,64.1,208.1,151.3,0,0.0,0.07,347.1,0.133,64.2,55.63,Spaceport / Landing Pad
-84.5301,-126.6743,2133.9,0.86,0.46,66.9,210.2,153.5,0,0.0,0.15,347.2,0.133,67.1,56.7,Spaceport / Landing Pad
-85.1158,26.0754,1079.6,14.1,1.37,50.8,198.1,140.6,0,0.0,0.27,319.1,0.247,57.0,25.71,Secondary Exploration Zone
-81.0226,-135.8425,1241.6,2.09,0.45,58.0,203.5,146.4,0,0.0,0.15,333.6,0.188,58.6,53.25,Spaceport / Landing Pad
-81.8572,-115.0963,654.4,0.5,0.17,53.4,200.0,142.7,0,0.0,0.34,318.0,0.251,53.0,52.8,Spaceport / Landing Pad
-80.0,-42.1729,1051.4,0.8,0.25,56.9,202.7,145.5,0,0.0,0.17,329.2,0.206,56.8,53.64,Spaceport / Landing Pad
-80.0,-29.9315,1625.9,0.71,0.27,62.3,206.7,149.8,0,0.0,0.17,345.8,0.138,62.3,55.05,Spaceport / Landing Pad
-80.0,-56.7386,358.4,0.73,0.45,50.5,197.9,140.4,0,0.0,0.17,309.3,0.286,50.1,52.01,Spaceport / Landing Pad
-81.5341,34.2157,1750.7,1.51,0.39,63.0,207.3,150.4,0,0.0,0.25,346.6,0.135,63.5,55.0,Spaceport / Landing Pad
-85.9852,72.4076,4507.4,10.23,0.9,84.4,223.3,167.5,0,0.0,0.19,339.5,0.164,89.8,49.13,Solar Power Array
-87.0929,-132.3974,1364.4,0.81,0.26,59.8,204.8,147.8,0,0.0,0.27,338.2,0.169,59.8,54.38,Spaceport / Landing Pad
-83.1853,-89.2152,807.5,0.5,0.42,54.8,201.1,143.8,0,0.0,0.17,322.4,0.233,54.4,53.17,Spaceport / Landing Pad
-81.2786,95.5275,881.9,1.06,0.33,55.2,201.4,144.2,0,0.0,0.28,324.1,0.226,55.1,53.11,Spaceport / Landing Pad
-83.1547,-5.4774,668.0,4.62,0.5,51.5,198.6,141.2,0,0.0,0.1,315.0,0.263,53.1,48.89,Secondary Exploration Zone
-85.1158,-135.0,1596.6,1.57,0.25,61.6,206.2,149.3,0,0.0,0.18,344.3,0.145,62.0,54.5,Spaceport / Landing Pad
-82.8072,-87.7688,855.9,0.5,0.17,55.2,201.4,144.2,0,0.0,0.17,323.8,0.227,54.9,53.29,Spaceport / Landing Pad
-80.0,43.172,714.4,1.6,0.41,53.4,200.0,142.7,0,0.0,0.25,318.9,0.248,53.5,52.37,Spaceport / Landing Pad
-80.0,-41.5107,952.1,1.06,0.26,55.9,201.9,144.7,0,0.0,0.15,326.1,0.218,55.8,53.27,Spaceport / Landing Pad
-81.6878,-88.0694,1402.9,1.0,0.28,60.1,205.0,148.0,0,0.0,0.28,339.2,0.165,60.1,54.38,Spaceport / Landing Pad
-81.9433,100.008,1193.2,0.82,0.33,58.2,203.7,146.6,0,0.0,0.29,333.3,0.189,58.1,53.97,Spaceport / Landing Pad
-82.252,21.9296,1879.2,0.5,0.39,64.7,208.5,151.8,0,0.0,0.33,347.5,0.132,64.7,55.96,Spaceport / Landing Pad
-81.2826,12.9946,1272.7,1.14,0.28,58.8,204.1,147.0,0,0.0,0.08,335.3,0.181,58.9,54.0,Spaceport / Landing Pad
-83.6899,-29.2192,1009.2,0.5,0.18,56.6,202.5,145.3,0,0.0,0.09,328.2,0.21,56.4,53.65,Spaceport / Landing Pad
-80.6238,80.2564,2244.4,1.51,0.4,67.6,210.7,154.1,0,0.0,0.26,346.6,0.135,68.2,56.71,Spaceport / Landing Pad
-81.2586,173.2544,1706.5,1.11,0.46,62.8,207.1,150.3,0,0.0,0.08,347.0,0.134,63.0,55.09,Spaceport / Landing Pad
-81.1202,-86.9872,1666.3,1.69,0.48,62.2,206.6,149.7,0,0.0,0.14,346.2,0.137,62.6,54.59,Spaceport / Landing Pad
-83.7453,0.8551,-2168.3,6.01,0.61,0.0,48.8,36.1,1,0.111,0.78,291.1,0.36,0.0,30.53,Secondary Exploration Zone
-81.7636,23.3691,1753.2,1.27,0.26,63.2,207.4,150.5,0,0.0,0.15,346.8,0.134,63.5,55.16,Spaceport / Landing Pad
-82.668,58.5359,1284.3,1.47,0.43,58.7,204.1,147.0,0,0.0,0.32,335.4,0.181,59.0,53.83,Spaceport / Landing Pad
-83.5533,92.4896,1611.3,0.5,0.26,62.2,206.7,149.8,0,0.0,0.3,345.6,0.139,62.1,55.1,Spaceport / Landing Pad
-80.4361,65.1858,1196.1,1.74,0.49,57.8,203.3,146.2,0,0.0,0.29,332.6,0.192,58.1,53.42,Spaceport / Landing Pad
-84.3299,32.9052,826.1,0.77,0.39,54.8,201.1,143.9,0,0.0,0.15,322.8,0.232,54.6,53.11,Spaceport / Landing Pad
-80.0,-154.1481,980.6,1.19,0.21,56.1,202.0,144.8,0,0.0,0.26,326.9,0.215,56.1,53.27,Spaceport / Landing Pad
-81.6878,77.6806,1695.3,2.24,0.42,62.2,206.6,149.7,0,0.0,0.34,346.0,0.137,62.9,54.24,Spaceport / Landing Pad
-83.8126,56.0702,1181.6,9.12,0.83,54.1,200.6,143.3,0,0.0,0.06,326.1,0.218,58.0,41.04,Secondary Exploration Zone
-85.3949,-107.7004,1470.0,0.5,0.43,60.9,205.7,148.7,0,0.0,0.18,341.5,0.156,60.8,54.76,Spaceport / Landing Pad
-84.4416,139.0856,-167.9,6.94,0.73,42.6,192.0,134.1,0,0.0,0.34,290.3,0.363,45.1,42.71,Secondary Exploration Zone
-82.0785,45.9548,1709.4,1.75,0.28,62.5,206.9,150.0,0,0.0,0.19,346.5,0.136,63.1,54.68,Spaceport / Landing Pad
-85.1158,135.0,-1640.8,3.09,0.51,0.0,51.0,67.0,1,0.443,2.63,293.5,0.35,0.0,41.11,ISRU Cryogenic Mining Outpost
-85.8654,-118.3008,1441.2,0.5,0.15,60.7,205.5,148.5,0,0.0,0.14,340.7,0.159,60.5,54.69,Spaceport / Landing Pad
-83.1956,-26.9166,1218.7,1.15,0.41,58.3,203.7,146.6,0,0.0,0.14,333.8,0.187,58.4,53.87,Spaceport / Landing Pad
-82.3698,104.8863,882.0,1.08,0.42,55.2,201.4,144.2,0,0.0,0.08,324.1,0.226,55.1,53.09,Spaceport / Landing Pad
-84.0304,116.9657,341.3,5.26,0.61,48.2,196.1,138.5,0,0.0,0.32,305.1,0.303,50.0,47.1,Secondary Exploration Zone
-81.5135,-150.3333,673.8,0.96,0.42,53.3,200.0,142.7,0,0.0,0.25,318.2,0.25,53.1,52.66,Spaceport / Landing Pad
-80.7473,-30.9638,1832.1,0.9,0.3,64.1,208.1,151.3,0,0.0,0.07,347.1,0.133,64.2,55.63,Spaceport / Landing Pad
-80.0,-47.411,1171.4,0.5,0.32,58.2,203.6,146.5,0,0.0,0.24,332.9,0.191,57.9,54.04,Spaceport / Landing Pad
-87.7872,-152.354,954.4,1.32,0.47,55.7,201.8,144.6,0,0.0,0.08,326.0,0.219,55.8,53.13,Spaceport / Landing Pad
-81.0498,-97.7921,637.1,2.47,0.56,52.3,199.2,141.8,0,0.0,0.15,315.9,0.259,52.8,51.47,Spaceport / Landing Pad
-82.0215,118.664,1375.1,1.6,0.22,59.5,204.6,147.6,0,0.0,0.14,337.9,0.171,59.9,53.95,Spaceport / Landing Pad
-85.8068,-16.8214,1040.9,0.61,0.32,56.9,202.7,145.5,0,0.0,0.16,329.1,0.206,56.7,53.69,Spaceport / Landing Pad
-83.5263,-114.7174,2118.9,1.17,0.34,66.6,210.0,153.3,0,0.0,0.33,346.9,0.134,67.0,56.49,Spaceport / Landing Pad
-87.4369,-56.8887,1095.9,2.18,0.44,56.6,202.5,145.3,0,0.0,0.25,329.4,0.205,57.2,52.83,Spaceport / Landing Pad
-84.6786,52.125,-3003.8,2.58,0.36,0.0,66.0,52.1,1,0.78,4.38,293.9,0.349,0.0,48.32,ISRU Cryogenic Mining Outpost
-80.2413,68.0968,1419.1,1.53,0.42,60.0,205.0,148.0,0,0.0,0.11,339.2,0.165,60.3,54.1,Spaceport / Landing Pad
-84.5685,19.0577,-2060.8,6.59,0.71,0.0,67.8,61.6,1,0.254,1.48,290.6,0.362,0.0,32.36,Secondary Exploration Zone
-86.6061,121.5043,2858.2,8.3,0.81,70.0,212.5,156.0,0,0.0,0.08,341.1,0.158,74.1,48.3,Secondary Exploration Zone
-80.0,-138.1108,1701.8,0.5,0.39,63.1,207.3,150.5,0,0.0,0.22,347.5,0.132,63.0,55.34,Spaceport / Landing Pad
-83.211,18.4349,2159.2,5.74,0.54,64.8,208.6,151.8,0,0.0,0.21,343.2,0.149,67.4,51.15,Secondary Exploration Zone
-82.8802,145.6849,985.6,0.54,0.27,56.4,202.3,145.1,0,0.0,0.27,327.5,0.212,56.1,53.58,Spaceport / Landing Pad
-82.4942,-158.8602,613.1,1.93,0.49,52.3,199.2,141.8,0,0.0,0.29,315.7,0.26,52.6,51.88,Spaceport / Landing Pad
-84.6071,113.459,-30.8,5.23,0.58,0.0,63.3,50.8,1,0.109,0.7,294.4,0.347,0.0,31.65,Secondary Exploration Zone
-81.2467,21.9149,1331.9,1.14,0.41,59.3,204.5,147.5,0,0.0,0.08,337.0,0.174,59.4,54.14,Spaceport / Landing Pad
-83.2728,119.0546,2762.0,1.55,0.37,72.4,214.3,157.9,0,0.0,0.23,346.6,0.135,73.1,58.48,Spaceport / Landing Pad
-81.5547,69.9628,2034.3,1.16,0.39,65.8,209.4,152.7,0,0.0,0.2,346.9,0.134,66.2,56.2,Spaceport / Landing Pad
-83.1853,-113.4047,1882.1,1.5,0.26,64.3,208.2,151.4,0,0.0,0.18,346.7,0.135,64.7,55.46,Spaceport / Landing Pad
-83.0838,68.6294,585.3,1.19,0.19,52.4,199.3,141.9,0,0.0,0.21,315.5,0.261,52.3,52.32,Spaceport / Landing Pad
-82.4988,163.369,936.0,0.95,0.41,55.8,201.8,144.6,0,0.0,0.16,325.8,0.22,55.7,53.29,Spaceport / Landing Pad
-82.6966,51.2258,1543.2,0.5,0.36,61.6,206.2,149.3,0,0.0,0.34,343.6,0.147,61.5,54.93,Spaceport / Landing Pad
-87.5911,-125.5377,1430.0,0.76,0.26,60.4,205.3,148.3,0,0.0,0.26,340.2,0.161,60.4,54.56,Spaceport / Landing Pad
-86.7638,-33.2317,1856.3,0.5,0.21,64.5,208.4,151.6,0,0.0,0.1,347.5,0.132,64.5,55.88,Spaceport / Landing Pad
-80.0,43.794,753.6,2.17,0.43,53.5,200.1,142.8,0,0.0,0.12,319.5,0.245,53.9,52.02,Spaceport / Landing Pad
-86.3489,122.4712,764.1,7.27,0.66,51.1,198.3,140.9,0,0.0,0.23,315.6,0.261,54.0,44.31,Secondary Exploration Zone
-81.1084,153.166,308.5,0.5,0.29,50.2,197.6,140.1,0,0.0,0.2,308.1,0.291,49.6,51.97,Spaceport / Landing Pad
-82.3698,7.7336,688.4,1.44,0.43,53.2,199.9,142.6,0,0.0,0.23,318.2,0.25,53.3,52.42,Spaceport / Landing Pad
-80.0,-48.7723,911.0,1.39,0.3,55.3,201.5,144.2,0,0.0,0.15,324.7,0.224,55.4,52.98,Spaceport / Landing Pad
-80.0,-133.6831,1737.8,1.23,0.41,63.1,207.3,150.4,0,0.0,0.09,346.9,0.134,63.3,55.13,Spaceport / Landing Pad
-82.4988,-73.369,1594.3,1.79,0.37,61.5,206.1,149.2,0,0.0,0.11,344.1,0.146,62.0,54.34,Spaceport / Landing Pad
-82.9838,40.684,1885.2,2.34,0.54,63.9,207.9,151.1,0,0.0,0.12,346.0,0.138,64.7,54.81,Spaceport / Landing Pad
-80.5535,-11.9761,864.4,1.06,0.44,55.0,201.3,144.0,0,0.0,0.06,323.6,0.228,55.0,53.06,Spaceport / Landing Pad
-82.9987,132.8389,850.7,3.51,0.43,53.7,200.3,143.0,0,0.0,0.06,321.2,0.238,54.8,50.85,Secondary Exploration Zone
-85.5724,145.3048,1896.3,3.79,0.48,63.3,207.5,150.6,0,0.0,0.05,344.8,0.143,64.8,53.23,Secondary Exploration Zone
-82.1848,150.6795,754.7,1.35,0.27,53.9,200.4,143.1,0,0.0,0.16,320.2,0.242,53.9,52.63,Spaceport / Landing Pad
-85.4635,143.3659,763.4,12.48,1.01,48.6,196.5,138.9,0,0.0,0.06,311.3,0.278,54.0,30.38,Secondary Exploration Zone
-86.7638,-123.2317,1509.5,1.12,0.38,61.0,205.7,148.8,0,0.0,0.05,342.2,0.153,61.1,54.58,Spaceport / Landing Pad
-86.6267,-14.4208,1462.1,0.82,0.36,60.7,205.5,148.6,0,0.0,0.17,341.0,0.158,60.7,54.61,Spaceport / Landing Pad
-83.5479,-75.7627,1220.8,0.5,0.26,58.6,204.0,146.9,0,0.0,0.06,334.3,0.185,58.4,54.16,Spaceport / Landing Pad
-84.0304,-116.9657,2261.5,0.5,0.18,68.3,211.2,154.6,0,0.0,0.12,347.5,0.132,68.3,57.29,Spaceport / Landing Pad
-86.4456,-166.3287,721.1,1.12,0.42,53.7,200.3,142.9,0,0.0,0.2,319.4,0.245,53.6,52.68,Spaceport / Landing Pad
-81.7256,11.0564,1318.1,0.5,0.33,59.5,204.6,147.6,0,0.0,0.09,337.2,0.173,59.3,54.39,Spaceport / Landing Pad
-81.0576,-166.1088,1260.6,1.19,0.35,58.7,204.0,146.9,0,0.0,0.23,334.9,0.182,58.8,53.94,Spaceport / Landing Pad
-86.2453,-145.1247,779.0,0.5,0.35,54.5,200.9,143.6,0,0.0,0.17,321.6,0.236,54.1,53.1,Spaceport / Landing Pad
-83.446,-63.7999,536.5,1.05,0.32,52.0,199.0,141.6,0,0.0,0.15,314.2,0.267,51.8,52.28,Spaceport / Landing Pad
-82.1403,105.8519,761.3,1.41,0.47,53.9,200.4,143.1,0,0.0,0.27,320.4,0.241,54.0,52.61,Spaceport / Landing Pad
-82.252,89.3097,1181.7,1.32,0.49,57.9,203.4,146.3,0,0.0,0.08,332.5,0.192,58.0,53.67,Spaceport / Landing Pad
-80.513,-156.2092,1262.2,0.84,0.33,58.8,204.1,147.1,0,0.0,0.31,335.3,0.181,58.8,54.12,Spaceport / Landing Pad
-83.9263,2.6425,-2945.8,4.61,0.65,0.0,81.7,64.4,1,0.441,2.54,292.2,0.355,0.0,39.28,ISRU Cryogenic Mining Outpost
-80.0,47.0953,1117.0,1.51,0.41,57.2,202.9,145.7,0,0.0,0.2,330.5,0.2,57.4,53.4,Spaceport / Landing Pad
-81.8145,7.2061,1083.9,1.67,0.31,56.8,202.6,145.4,0,0.0,0.18,329.4,0.205,57.1,53.2,Spaceport / Landing Pad
-83.6954,64.5731,204.4,0.5,0.28,49.2,196.9,139.3,0,0.0,0.2,305.1,0.303,48.6,51.73,Spaceport / Landing Pad
-81.4399,-25.1679,2085.4,0.52,0.14,66.6,210.0,153.3,0,0.0,0.29,347.5,0.132,66.7,56.67,Spaceport / Landing Pad
-81.9997,97.3738,1291.0,0.63,0.39,59.2,204.4,147.4,0,0.0,0.31,336.3,0.177,59.1,54.28,Spaceport / Landing Pad
-85.7491,-81.1582,1203.4,1.51,0.41,58.0,203.5,146.4,0,0.0,0.34,333.0,0.19,58.2,53.6,Spaceport / Landing Pad
-82.8266,-122.2425,1230.3,2.61,0.29,57.7,203.3,146.1,0,0.0,0.09,332.9,0.191,58.5,52.75,Spaceport / Landing Pad
-80.3853,-36.3136,1342.3,1.02,0.47,59.5,204.6,147.6,0,0.0,0.2,337.4,0.172,59.5,54.23,Spaceport / Landing Pad
-83.932,-179.1186,1798.7,1.77,0.3,63.4,207.5,150.7,0,0.0,0.12,346.4,0.136,63.9,54.98,Spaceport / Landing Pad
-85.5332,-153.9704,786.0,0.8,0.21,54.4,200.8,143.5,0,0.0,0.1,321.6,0.237,54.2,53.0,Spaceport / Landing Pad
-80.0,-38.2902,810.8,0.5,0.35,54.8,201.1,143.8,0,0.0,0.31,322.5,0.233,54.5,53.18,Spaceport / Landing Pad
-80.3708,73.6731,2131.6,2.09,0.54,66.3,209.7,153.0,0,0.0,0.3,346.2,0.137,67.1,55.88,Spaceport / Landing Pad
-83.8465,-99.6052,1302.1,1.1,0.36,59.1,204.3,147.3,0,0.0,0.33,336.2,0.177,59.2,54.09,Spaceport / Landing Pad
-80.0995,-45.0,1539.8,1.0,0.38,61.3,206.0,149.1,0,0.0,0.32,343.1,0.149,61.4,54.71,Spaceport / Landing Pad
-82.7733,144.4623,895.1,0.52,0.43,55.6,201.7,144.5,0,0.0,0.13,324.9,0.223,55.3,53.37,Spaceport / Landing Pad
-82.5501,-52.125,1087.5,2.51,0.33,56.4,202.3,145.1,0,0.0,0.25,328.8,0.207,57.1,52.5,Spaceport / Landing Pad
-82.0215,151.336,648.3,1.47,0.46,52.8,199.6,142.3,0,0.0,0.13,317.1,0.255,52.9,52.3,Spaceport / Landing Pad
-86.4261,-130.7636,1196.1,0.67,0.17,58.3,203.7,146.6,0,0.0,0.12,333.5,0.188,58.1,54.04,Spaceport / Landing Pad
-81.3791,123.518,1605.4,0.5,0.35,62.2,206.6,149.7,0,0.0,0.15,345.4,0.14,62.1,55.08,Spaceport / Landing Pad
-83.5967,126.7029,516.3,7.1,0.72,48.9,196.7,139.1,0,0.0,0.12,308.6,0.289,51.6,44.08,Secondary Exploration Zone
-82.471,137.0096,450.8,0.5,0.41,51.5,198.6,141.2,0,0.0,0.08,312.2,0.275,51.0,52.32,Spaceport / Landing Pad
-82.252,36.1796,2154.7,0.63,0.16,67.2,210.4,153.8,0,0.0,0.13,347.4,0.132,67.3,56.87,Spaceport / Landing Pad
-84.3979,-169.439,1595.8,2.41,0.43,61.2,205.9,148.9,0,0.0,0.16,343.6,0.147,62.0,53.82,Spaceport / Landing Pad
-81.6085,25.71,1709.9,1.67,0.48,62.6,206.9,150.1,0,0.0,0.13,346.5,0.136,63.1,54.74,Spaceport / Landing Pad
-80.0,-120.0686,1563.5,1.05,0.37,61.5,206.1,149.2,0,0.0,0.11,343.8,0.147,61.7,54.74,Spaceport / Landing Pad
-85.2167,162.9795,1518.1,0.5,0.27,61.4,206.0,149.1,0,0.0,0.19,342.9,0.15,61.2,54.87,Spaceport / Landing Pad
-81.9606,-105.4885,786.1,2.54,0.44,53.6,200.2,142.9,0,0.0,0.07,320.1,0.242,54.2,51.75,Spaceport / Landing Pad
-83.7398,-2.5638,-981.0,8.62,0.74,34.3,185.7,127.4,0,0.0,0.35,288.9,0.369,37.3,36.15,Secondary Exploration Zone
-80.513,-103.0791,27.5,0.5,0.19,47.5,195.7,138.0,0,0.0,0.31,300.0,0.324,47.0,51.3,Spaceport / Landing Pad
-80.0,53.5959,588.1,1.29,0.41,52.4,199.3,141.9,0,0.0,0.19,315.5,0.261,52.3,52.27,Spaceport / Landing Pad
-81.1911,-64.2495,1702.7,2.08,0.5,62.3,206.7,149.9,0,0.0,0.17,346.2,0.137,63.0,54.39,Spaceport / Landing Pad
-85.7737,-133.2101,1172.4,1.63,0.36,57.6,203.2,146.1,0,0.0,0.11,332.0,0.194,57.9,53.45,Spaceport / Landing Pad
-84.2263,-124.4608,2230.4,0.5,0.27,68.0,211.0,154.4,0,0.0,0.22,347.5,0.132,68.0,57.18,Spaceport / Landing Pad
-86.2176,164.2488,1169.1,1.6,0.41,57.6,203.2,146.1,0,0.0,0.28,331.9,0.195,57.9,53.46,Spaceport / Landing Pad
-80.0,39.6233,1208.2,1.88,0.27,57.8,203.4,146.3,0,0.0,0.14,332.9,0.191,58.3,53.35,Spaceport / Landing Pad
-82.9244,8.3439,1702.2,7.43,0.65,59.7,204.8,147.8,0,0.0,0.34,341.8,0.155,63.0,46.24,Secondary Exploration Zone
-81.2069,-170.8377,1096.4,0.5,0.41,57.5,203.1,146.0,0,0.0,0.12,330.8,0.199,57.2,53.86,Spaceport / Landing Pad
-80.0,-136.4879,912.2,0.5,0.34,55.7,201.8,144.6,0,0.0,0.25,325.5,0.221,55.4,53.42,Spaceport / Landing Pad
-80.5498,163.355,1502.1,0.75,0.19,61.1,205.8,148.9,0,0.0,0.18,342.2,0.153,61.1,54.74,Spaceport / Landing Pad
-81.6752,-72.3777,1854.1,0.89,0.44,64.3,208.2,151.4,0,0.0,0.31,347.2,0.133,64.4,55.71,Spaceport / Landing Pad
-81.3146,-88.1524,1584.9,1.38,0.49,61.6,206.2,149.3,0,0.0,0.05,344.1,0.145,61.9,54.6,Spaceport / Landing Pad
-82.7781,63.1038,1037.9,2.68,0.34,55.9,201.9,144.7,0,0.0,0.12,327.3,0.213,56.6,52.22,Spaceport / Landing Pad
-87.1049,-69.2277,677.6,0.6,0.3,53.5,200.1,142.8,0,0.0,0.06,318.6,0.249,53.2,52.82,Spaceport / Landing Pad
-82.1005,54.6197,1512.4,0.72,0.19,61.2,205.9,149.0,0,0.0,0.33,342.6,0.152,61.2,54.78,Spaceport / Landing Pad
-85.8739,-37.6476,1497.8,0.83,0.45,61.0,205.8,148.8,0,0.0,0.18,342.1,0.154,61.0,54.69,Spaceport / Landing Pad
-80.0,128.5892,1984.4,1.81,0.37,65.1,208.8,152.0,0,0.0,0.13,346.4,0.136,65.7,55.59,Spaceport / Landing Pad
-80.0,-124.1145,1509.2,0.68,0.43,61.2,205.9,149.0,0,0.0,0.31,342.5,0.152,61.1,54.79,Spaceport / Landing Pad
-80.331,130.3013,1170.7,2.55,0.32,57.2,202.9,145.7,0,0.0,0.33,331.2,0.198,57.9,52.66,Spaceport / Landing Pad
-82.7396,135.0,564.3,1.02,0.27,52.3,199.2,141.8,0,0.0,0.33,315.0,0.263,52.1,52.37,Spaceport / Landing Pad
-82.8558,-61.0908,634.6,1.7,0.39,52.6,199.4,142.1,0,0.0,0.09,316.5,0.257,52.8,52.11,Spaceport / Landing Pad
-86.0376,-15.0184,1147.0,0.98,0.41,57.7,203.3,146.2,0,0.0,0.09,331.8,0.195,57.7,53.78,Spaceport / Landing Pad
-81.991,-126.4692,926.7,0.76,0.3,55.8,201.8,144.6,0,0.0,0.1,325.7,0.22,55.6,53.36,Spaceport / Landing Pad
-82.5128,-125.8698,891.3,0.58,0.29,55.5,201.6,144.4,0,0.0,0.14,324.8,0.224,55.2,53.34,Spaceport / Landing Pad
-88.3672,-120.9638,879.6,0.85,0.22,55.3,201.5,144.2,0,0.0,0.2,324.2,0.226,55.1,53.2,Spaceport / Landing Pad
-85.7245,-53.8807,512.5,1.67,0.31,51.5,198.6,141.2,0,0.0,0.11,313.0,0.271,51.6,51.83,Spaceport / Landing Pad
-80.8992,21.0375,1091.4,1.56,0.39,56.9,202.7,145.5,0,0.0,0.09,329.7,0.203,57.1,53.3,Spaceport / Landing Pad
-86.368,64.0935,898.7,4.72,0.43,53.6,200.2,142.9,0,0.0,0.14,321.6,0.236,55.3,49.3,Secondary Exploration Zone
-82.4341,-177.8789,2209.3,1.27,0.46,67.4,210.6,153.9,0,0.0,0.07,346.8,0.134,67.8,56.74,Spaceport / Landing Pad
-80.9184,-102.4649,97.3,1.31,0.44,47.8,195.9,138.2,0,0.0,0.21,301.3,0.319,47.6,51.08,Spaceport / Landing Pad
-80.0,-132.2409,1399.6,1.57,0.34,59.8,204.8,147.8,0,0.0,0.19,338.6,0.168,60.1,54.03,Spaceport / Landing Pad
-80.2664,-114.353,1236.5,1.11,0.33,58.5,203.8,146.8,0,0.0,0.19,334.3,0.185,58.5,53.93,Spaceport / Landing Pad
-82.252,179.3097,2222.6,0.96,0.37,67.7,210.8,154.1,0,0.0,0.28,347.1,0.133,68.0,56.96,Spaceport / Landing Pad
-82.6112,93.6215,1510.2,0.74,0.25,61.2,205.9,148.9,0,0.0,0.16,342.5,0.152,61.1,54.76,Spaceport / Landing Pad
-84.2687,37.0565,774.1,0.5,0.17,54.5,200.9,143.6,0,0.0,0.23,321.5,0.237,54.1,53.09,Spaceport / Landing Pad
-80.0,34.8753,1291.5,2.16,0.32,58.5,203.9,146.8,0,0.0,0.08,335.0,0.182,59.1,53.31,Spaceport / Landing Pad
-80.0,137.411,1454.8,0.65,0.19,60.7,205.5,148.6,0,0.0,0.1,341.0,0.158,60.6,54.67,Spaceport / Landing Pad
-83.17,-86.0818,787.5,0.5,0.38,54.6,200.9,143.7,0,0.0,0.16,321.9,0.235,54.2,53.12,Spaceport / Landing Pad
-86.7317,-88.3634,1420.9,1.86,0.48,59.8,204.9,147.9,0,0.0,0.17,339.0,0.166,60.3,53.87,Spaceport / Landing Pad
-80.7548,-125.1342,1725.6,0.5,0.21,63.3,207.5,150.6,0,0.0,0.14,347.5,0.132,63.2,55.42,Spaceport / Landing Pad
-81.6168,-108.8384,378.4,1.4,0.34,50.4,197.8,140.3,0,0.0,0.3,309.3,0.286,50.3,51.7,Spaceport / Landing Pad
-80.6723,-161.9277,1486.8,0.81,0.24,60.9,205.7,148.7,0,0.0,0.05,341.8,0.155,60.9,54.68,Spaceport / Landing Pad
-81.3589,10.5816,1311.4,0.69,0.26,59.4,204.5,147.5,0,0.0,0.06,336.8,0.175,59.2,54.31,Spaceport / Landing Pad
-88.0024,127.4054,953.1,1.28,0.33,55.8,201.8,144.6,0,0.0,0.11,326.0,0.219,55.8,53.15,Spaceport / Landing Pad
-86.0201,-50.7106,851.1,1.6,0.28,54.7,201.0,143.7,0,0.0,0.33,322.8,0.232,54.8,52.69,Spaceport / Landing Pad
-81.1674,-54.4623,847.1,0.98,0.21,54.9,201.2,143.9,0,0.0,0.23,323.2,0.23,54.8,53.06,Spaceport / Landing Pad
-84.3053,0.9392,-2925.5,4.24,0.43,0.0,96.1,44.0,1,0.595,3.38,292.5,0.354,0.0,42.83,ISRU Cryogenic Mining Outpost
-80.4216,-127.875,1696.2,0.5,0.42,63.0,207.3,150.4,0,0.0,0.08,347.5,0.132,62.9,55.32,Spaceport / Landing Pad
-86.264,-102.9946,1755.9,0.5,0.39,63.6,207.7,150.9,0,0.0,0.1,347.5,0.132,63.5,55.53,Spaceport / Landing Pad
-82.4433,64.3845,1359.2,1.55,0.41,59.4,204.5,147.5,0,0.0,0.34,337.5,0.172,59.7,53.95,Spaceport / Landing Pad
-80.5867,-112.751,867.6,1.87,0.34,54.7,201.0,143.7,0,0.0,0.14,323.0,0.231,55.0,52.54,Spaceport / Landing Pad
-81.3146,-91.8476,1463.7,0.56,0.39,60.8,205.6,148.7,0,0.0,0.33,341.3,0.157,60.7,54.72,Spaceport / Landing Pad
-87.3566,47.8624,-113.9,17.03,1.32,38.3,188.7,130.6,0,0.0,0.06,282.3,0.396,45.6,19.38,Secondary Exploration Zone
-80.8992,-68.9625,2069.3,0.5,0.43,66.5,209.9,153.2,0,0.0,0.25,347.5,0.132,66.5,56.62,Spaceport / Landing Pad
-83.9263,-87.3575,871.2,0.92,0.22,55.2,201.4,144.1,0,0.0,0.34,323.9,0.227,55.0,53.15,Spaceport / Landing Pad
-80.0,-50.0006,840.6,1.69,0.22,54.5,200.9,143.6,0,0.0,0.29,322.4,0.233,54.7,52.6,Spaceport / Landing Pad
-86.9524,-27.3499,1924.2,0.97,0.22,64.9,208.7,151.9,0,0.0,0.29,347.1,0.133,65.1,55.92,Spaceport / Landing Pad
-84.7778,118.8557,-1100.7,2.88,0.49,0.0,89.0,61.7,1,0.715,3.91,293.7,0.35,0.0,46.76,ISRU Cryogenic Mining Outpost
-80.0,126.4041,2299.8,1.31,0.42,68.2,211.2,154.6,0,0.0,0.11,346.8,0.134,68.7,57.04,Spaceport / Landing Pad
-82.9838,123.0558,2061.5,4.48,0.52,64.5,208.4,151.6,0,0.0,0.1,344.2,0.145,66.4,52.86,Secondary Exploration Zone
-80.0679,68.4986,1370.4,1.18,0.22,59.7,204.8,147.7,0,0.0,0.07,338.1,0.17,59.8,54.21,Spaceport / Landing Pad
-86.4456,-66.8014,433.4,0.5,0.4,51.3,198.5,141.0,0,0.0,0.22,311.7,0.277,50.8,52.27,Spaceport / Landing Pad
-84.2687,37.0565,774.1,0.5,0.17,54.5,200.9,143.6,0,0.0,0.23,321.5,0.237,54.1,53.09,Spaceport / Landing Pad
-80.4398,62.6844,948.7,0.5,0.22,56.1,202.1,144.9,0,0.0,0.3,326.5,0.217,55.8,53.51,Spaceport / Landing Pad
-88.2045,152.1027,214.9,0.63,0.19,49.2,196.9,139.4,0,0.0,0.09,305.3,0.303,48.7,51.7,Spaceport / Landing Pad
-83.5048,97.4314,1456.3,0.53,0.16,60.8,205.6,148.6,0,0.0,0.08,341.1,0.157,60.6,54.72,Spaceport / Landing Pad
-82.597,138.0665,493.0,0.5,0.26,51.9,198.9,141.5,0,0.0,0.25,313.4,0.27,51.4,52.42,Spaceport / Landing Pad
-80.0,-115.3959,1388.3,0.5,0.35,60.2,205.1,148.1,0,0.0,0.09,339.2,0.165,60.0,54.56,Spaceport / Landing Pad
-82.6632,-143.2759,228.0,0.77,0.36,49.3,197.0,139.4,0,0.0,0.29,305.5,0.302,48.9,51.68,Spaceport / Landing Pad
-80.0,-47.9737,1273.3,1.96,0.41,58.4,203.8,146.7,0,0.0,0.19,334.7,0.184,58.9,53.44,Spaceport / Landing Pad
-80.7511,-137.454,1143.0,0.77,0.34,57.8,203.3,146.2,0,0.0,0.22,331.9,0.195,57.6,53.87,Spaceport / Landing Pad
-81.0226,64.7672,1520.6,1.19,0.3,61.1,205.8,148.8,0,0.0,0.34,342.4,0.152,61.2,54.56,Spaceport / Landing Pad
-85.7491,-98.8418,1604.5,0.89,0.37,62.0,206.5,149.6,0,0.0,0.3,345.1,0.141,62.1,54.92,Spaceport / Landing Pad
-80.0,45.7538,1278.9,0.98,0.25,58.9,204.2,147.1,0,0.0,0.29,335.6,0.18,58.9,54.1,Spaceport / Landing Pad
-82.3516,156.2505,591.8,0.5,0.26,52.8,199.6,142.2,0,0.0,0.12,316.2,0.258,52.4,52.65,Spaceport / Landing Pad
-84.1722,-31.9081,1040.3,0.9,0.27,56.7,202.6,145.4,0,0.0,0.33,328.8,0.207,56.7,53.57,Spaceport / Landing Pad
-83.8465,-80.3948,1087.3,1.16,0.21,57.1,202.8,145.6,0,0.0,0.18,330.0,0.203,57.1,53.54,Spaceport / Landing Pad
-82.8072,92.2312,1544.1,0.5,0.19,61.6,206.2,149.3,0,0.0,0.1,343.7,0.147,61.5,54.94,Spaceport / Landing Pad
-85.4943,-13.1726,1546.5,7.47,0.91,58.3,203.7,146.6,0,0.0,0.27,338.0,0.17,61.5,45.77,Secondary Exploration Zone
-81.8359,-59.0362,859.4,0.55,0.18,55.2,201.4,144.2,0,0.0,0.18,323.9,0.227,54.9,53.28,Spaceport / Landing Pad
-81.9433,153.1381,511.2,1.58,0.28,51.5,198.6,141.2,0,0.0,0.19,313.0,0.271,51.6,51.9,Spaceport / Landing Pad
-81.5053,-167.9492,1056.6,0.6,0.37,57.0,202.8,145.6,0,0.0,0.12,329.5,0.204,56.8,53.73,Spaceport / Landing Pad
-81.2228,-122.8451,1383.7,2.24,0.49,59.3,204.5,147.4,0,0.0,0.1,337.6,0.172,59.9,53.46,Spaceport / Landing Pad
-81.9476,-34.6111,1582.9,0.5,0.36,62.0,206.5,149.6,0,0.0,0.09,344.8,0.143,61.8,55.03,Spaceport / Landing Pad
-84.845,58.3245,-2667.0,4.62,0.64,0.0,103.1,38.1,1,0.657,3.73,292.2,0.355,0.0,43.59,ISRU Cryogenic Mining Outpost
-80.0,118.1625,1136.8,2.53,0.58,56.9,202.6,145.5,0,0.0,0.25,330.3,0.201,57.6,52.61,Spaceport / Landing Pad
-81.1398,11.5467,1233.5,1.28,0.23,58.4,203.8,146.7,0,0.0,0.12,334.1,0.186,58.5,53.82,Spaceport / Landing Pad
-80.8305,128.3865,1298.6,1.97,0.25,58.6,204.0,146.9,0,0.0,0.33,335.4,0.181,59.1,53.49,Spaceport / Landing Pad
-84.8994,34.5625,954.6,2.5,0.48,55.2,201.4,144.1,0,0.0,0.2,325.0,0.223,55.8,52.2,Spaceport / Landing Pad
-80.4836,-68.7204,2032.5,0.5,0.3,66.1,209.6,152.9,0,0.0,0.06,347.5,0.132,66.1,56.49,Spaceport / Landing Pad
-85.4482,-74.5388,759.3,1.45,0.27,53.9,200.4,143.1,0,0.0,0.33,320.3,0.242,54.0,52.58,Spaceport / Landing Pad
-82.6112,-116.2413,1198.6,2.36,0.47,57.5,203.1,146.0,0,0.0,0.29,332.2,0.194,58.2,52.92,Spaceport / Landing Pad
-85.1588,109.1336,745.7,7.03,0.73,51.1,198.3,140.9,0,0.0,0.34,315.3,0.262,53.8,44.78,Secondary Exploration Zone
-83.8976,96.1466,1432.1,0.82,0.31,60.4,205.3,148.3,0,0.0,0.2,340.2,0.161,60.4,54.54,Spaceport / Landing Pad
-87.5911,125.5377,1140.0,2.97,0.56,56.7,202.5,145.3,0,0.0,0.22,330.0,0.202,57.6,52.17,Spaceport / Landing Pad
-82.105,155.556,492.3,1.4,0.42,51.4,198.6,141.1,0,0.0,0.23,312.6,0.273,51.4,51.97,Spaceport / Landing Pad
-80.0,52.8291,944.2,0.66,0.33,56.0,202.0,144.8,0,0.0,0.06,326.2,0.218,55.7,53.44,Spaceport / Landing Pad
-80.0,54.353,699.2,1.14,0.44,53.5,200.1,142.8,0,0.0,0.15,318.8,0.248,53.4,52.62,Spaceport / Landing Pad
-82.3152,130.0729,953.2,1.99,0.47,55.4,201.6,144.3,0,0.0,0.15,325.4,0.221,55.8,52.64,Spaceport / Landing Pad
-85.1949,150.9454,1360.0,1.04,0.37,59.6,204.7,147.7,0,0.0,0.23,337.9,0.17,59.7,54.26,Spaceport / Landing Pad
-84.8046,-107.7839,1546.8,1.28,0.25,61.3,205.9,149.0,0,0.0,0.24,343.1,0.149,61.5,54.57,Spaceport / Landing Pad
-82.9244,-149.0362,356.1,0.5,0.37,50.6,197.9,140.5,0,0.0,0.32,309.4,0.286,50.1,52.09,Spaceport / Landing Pad
-84.0304,80.0958,1121.6,1.23,0.34,57.3,203.0,145.9,0,0.0,0.21,330.9,0.199,57.4,53.58,Spaceport / Landing Pad
-83.0037,76.8908,735.0,0.75,0.44,54.0,200.5,143.2,0,0.0,0.14,320.1,0.242,53.7,52.9,Spaceport / Landing Pad
-82.8949,80.1664,887.9,0.53,0.18,55.5,201.6,144.4,0,0.0,0.23,324.7,0.224,55.2,53.35,Spaceport / Landing Pad
-84.0071,-127.4054,2091.8,1.37,0.4,66.3,209.7,153.0,0,0.0,0.32,346.8,0.135,66.7,56.27,Spaceport / Landing Pad
-88.2637,-53.7462,1443.3,2.54,0.5,59.7,204.8,147.8,0,0.0,0.27,339.1,0.166,60.5,53.33,Spaceport / Landing Pad
-84.9405,29.876,1472.1,7.13,0.7,57.8,203.3,146.2,0,0.0,0.24,336.1,0.178,60.8,46.29,Secondary Exploration Zone
-84.0538,47.5448,-212.5,13.8,1.08,38.9,189.2,131.2,0,0.0,0.18,284.7,0.386,44.7,23.56,Secondary Exploration Zone
-80.0,-36.142,1151.5,1.07,0.25,57.7,203.3,146.2,0,0.0,0.19,331.9,0.195,57.7,53.75,Spaceport / Landing Pad
-81.5176,-114.0265,564.6,0.52,0.35,52.5,199.4,142.0,0,0.0,0.09,315.4,0.261,52.1,52.58,Spaceport / Landing Pad
-86.5049,124.1145,1228.6,13.67,1.35,52.4,199.3,141.9,0,0.0,0.05,323.7,0.228,58.5,27.54,Secondary Exploration Zone
-80.0,-56.4493,258.7,1.22,0.21,49.3,197.0,139.5,0,0.0,0.27,306.0,0.299,49.2,51.52,Spaceport / Landing Pad
-86.3489,94.3987,2076.0,15.42,1.36,59.4,204.5,147.5,0,0.0,0.24,335.2,0.181,66.6,25.22,Secondary Exploration Zone
-84.6983,116.1139,-615.6,2.96,0.39,0.0,42.6,37.5,1,0.459,2.48,293.6,0.35,0.0,41.56,ISRU Cryogenic Mining Outpost
-87.1169,-60.9454,797.1,0.65,0.22,54.6,201.0,143.7,0,0.0,0.22,322.0,0.235,54.3,53.09,Spaceport / Landing Pad
-85.1015,-149.0362,1228.4,1.89,0.33,58.0,203.5,146.4,0,0.0,0.23,333.4,0.189,58.5,53.39,Spaceport / Landing Pad
-82.7637,120.2032,1800.1,1.2,0.32,63.6,207.7,150.9,0,0.0,0.2,346.9,0.134,63.9,55.36,Spaceport / Landing Pad
-80.736,12.2157,1012.9,1.13,0.37,56.4,202.3,145.1,0,0.0,0.17,327.8,0.211,56.4,53.38,Spaceport / Landing Pad
-89.1145,-108.4349,676.7,1.15,0.22,53.3,199.9,142.6,0,0.0,0.08,318.1,0.25,53.2,52.56,Spaceport / Landing Pad
-85.4025,95.8263,1652.8,25.75,2.08,50.9,198.1,140.7,0,0.0,0.14,326.0,0.219,62.5,22.85,Hazard / Exclusion Zone
-81.5753,99.5667,1098.8,0.5,0.25,57.5,203.1,146.0,0,0.0,0.28,330.8,0.199,57.2,53.87,Spaceport / Landing Pad
-86.6998,98.1301,1730.2,18.0,1.49,54.9,201.2,143.9,0,0.0,0.31,333.1,0.19,63.3,23.76,Secondary Exploration Zone
-81.3186,126.2538,1460.2,1.43,0.42,60.4,205.3,148.3,0,0.0,0.21,340.5,0.16,60.7,54.27,Spaceport / Landing Pad
-80.0,116.3331,789.0,1.36,0.26,54.2,200.6,143.4,0,0.0,0.32,321.2,0.238,54.2,52.7,Spaceport / Landing Pad
-80.524,116.3126,707.5,1.98,0.44,53.1,199.9,142.5,0,0.0,0.24,318.3,0.25,53.5,52.07,Spaceport / Landing Pad
-80.8305,-165.2564,1410.5,0.7,0.33,60.3,205.2,148.2,0,0.0,0.27,339.7,0.163,60.2,54.54,Spaceport / Landing Pad
-80.0,-130.5526,2152.0,1.03,0.23,67.0,210.2,153.6,0,0.0,0.15,347.0,0.133,67.3,56.68,Spaceport / Landing Pad
-83.3615,62.354,441.7,2.43,0.33,50.5,197.8,140.4,0,0.0,0.16,310.3,0.282,50.9,51.04,Spaceport / Landing Pad
-80.5498,-122.9052,1743.4,0.5,0.15,63.5,207.6,150.8,0,0.0,0.3,347.5,0.132,63.4,55.49,Spaceport / Landing Pad
-80.0,-43.172,963.7,0.5,0.25,56.2,202.2,145.0,0,0.0,0.21,326.9,0.215,55.9,53.54,Spaceport / Landing Pad
-80.0,132.2409,1342.8,1.8,0.51,59.1,204.3,147.3,0,0.0,0.13,336.8,0.175,59.5,53.73,Spaceport / Landing Pad
-80.0,131.8202,1432.8,1.44,0.45,60.1,205.1,148.1,0,0.0,0.08,339.7,0.163,60.4,54.2,Spaceport / Landing Pad
-81.2706,24.6468,1433.3,1.7,0.51,60.0,205.0,148.0,0,0.0,0.32,339.5,0.164,60.4,54.02,Spaceport / Landing Pad
-84.5813,-132.2073,1987.7,0.5,0.15,65.7,209.3,152.6,0,0.0,0.22,347.5,0.132,65.7,56.33,Spaceport / Landing Pad
-83.3563,-155.9558,1076.0,2.29,0.47,56.4,202.3,145.1,0,0.0,0.3,328.7,0.208,57.0,52.68,Spaceport / Landing Pad
-83.4994,21.0375,2282.9,9.37,1.05,64.2,208.1,151.4,0,0.0,0.15,340.2,0.161,68.5,43.68,Secondary Exploration Zone
-80.4836,-68.7204,2032.5,0.5,0.3,66.1,209.6,152.9,0,0.0,0.06,347.5,0.132,66.1,56.49,Spaceport / Landing Pad
-82.252,121.2005,1655.5,1.18,0.44,62.3,206.7,149.9,0,0.0,0.09,346.3,0.136,62.5,54.89,Spaceport / Landing Pad
-89.4557,149.0362,813.3,4.45,0.45,52.9,199.7,142.3,0,0.0,0.09,319.3,0.246,54.5,49.48,Secondary Exploration Zone
-85.2167,5.5993,-2699.3,4.66,0.6,0.0,65.7,42.7,1,0.74,3.97,292.2,0.356,0.0,45.18,ISRU Cryogenic Mining Outpost
-82.5688,32.692,2226.9,0.5,0.21,67.9,211.0,154.4,0,0.0,0.21,347.5,0.132,68.0,57.17,Spaceport / Landing Pad
-84.7446,160.2777,1577.9,0.5,0.21,61.9,206.4,149.5,0,0.0,0.1,344.6,0.143,61.8,55.02,Spaceport / Landing Pad
-84.7778,-155.7256,1358.2,1.14,0.3,59.6,204.7,147.7,0,0.0,0.27,337.8,0.171,59.7,54.2,Spaceport / Landing Pad
-80.0,-42.8524,1157.2,0.53,0.26,58.0,203.5,146.4,0,0.0,0.08,332.5,0.192,57.8,54.0,Spaceport / Landing Pad
-85.782,65.1363,628.2,9.11,0.75,49.0,196.7,139.2,0,0.0,0.22,310.2,0.283,52.7,39.71,Secondary Exploration Zone
-81.3066,-86.9225,1575.8,1.33,0.37,61.5,206.1,149.2,0,0.0,0.09,343.9,0.146,61.8,54.61,Spaceport / Landing Pad
-84.9474,-64.8552,107.1,1.06,0.44,48.0,196.0,138.4,0,0.0,0.09,301.8,0.317,47.7,51.25,Spaceport / Landing Pad
-80.0,-133.768,2006.2,0.5,0.25,65.9,209.4,152.7,0,0.0,0.22,347.5,0.132,65.9,56.4,Spaceport / Landing Pad
-85.0873,-141.1702,1449.0,1.89,0.45,60.1,205.0,148.0,0,0.0,0.08,339.8,0.163,60.6,53.92,Spaceport / Landing Pad
-80.8763,-41.6822,1734.2,0.92,0.28,63.2,207.4,150.5,0,0.0,0.29,347.1,0.133,63.3,55.28,Spaceport / Landing Pad
-84.1187,-125.9605,2181.6,0.5,0.14,67.5,210.6,154.0,0,0.0,0.29,347.5,0.132,67.6,57.01,Spaceport / Landing Pad
-85.052,-144.211,1390.3,1.69,0.37,59.6,204.7,147.7,0,0.0,0.19,338.3,0.169,60.0,53.93,Spaceport / Landing Pad
-83.5102,-49.6669,1101.6,2.22,0.42,56.7,202.5,145.3,0,0.0,0.3,329.5,0.204,57.2,52.81,Spaceport / Landing Pad
-81.9303,-138.7517,587.2,0.99,0.4,52.5,199.4,142.0,0,0.0,0.29,315.7,0.26,52.3,52.43,Spaceport / Landing Pad
-81.4196,-75.5102,1609.2,1.91,0.31,61.5,206.2,149.2,0,0.0,0.05,344.4,0.144,62.1,54.28,Spaceport / Landing Pad
-80.8572,-40.0303,1614.6,1.24,0.31,61.9,206.4,149.5,0,0.0,0.25,345.1,0.141,62.1,54.76,Spaceport / Landing Pad
-85.7491,-19.2307,1021.4,0.69,0.3,56.7,202.5,145.3,0,0.0,0.13,328.4,0.209,56.5,53.61,Spaceport / Landing Pad
-86.8072,74.7449,1064.0,24.08,1.9,45.8,194.4,136.7,0,0.0,0.18,310.4,0.282,56.9,21.5,Hazard / Exclusion Zone
-80.0,133.5121,1002.0,0.81,0.44,56.4,202.3,145.1,0,0.0,0.1,327.8,0.211,56.3,53.51,Spaceport / Landing Pad
-80.0,-47.5734,1013.6,0.5,0.37,56.7,202.5,145.4,0,0.0,0.26,328.4,0.209,56.4,53.66,Spaceport / Landing Pad
-81.0732,-96.6048,818.7,1.65,0.51,54.3,200.7,143.5,0,0.0,0.3,321.8,0.236,54.5,52.59,Spaceport / Landing Pad
-86.5451,178.4518,985.7,0.98,0.43,56.2,202.2,145.0,0,0.0,0.15,327.2,0.214,56.1,53.4,Spaceport / Landing Pad
-81.789,130.3894,850.9,1.34,0.34,54.8,201.1,143.8,0,0.0,0.05,323.0,0.231,54.8,52.87,Spaceport / Landing Pad
-84.8247,140.856,-50.4,7.44,0.86,43.5,192.6,134.8,0,0.0,0.1,292.0,0.356,46.2,41.99,Secondary Exploration Zone
-80.0,63.1992,924.1,0.77,0.29,55.7,201.8,144.6,0,0.0,0.3,325.6,0.22,55.5,53.35,Spaceport / Landing Pad
-81.493,-176.855,1301.4,1.95,0.24,58.7,204.0,146.9,0,0.0,0.08,335.5,0.18,59.2,53.51,Spaceport / Landing Pad
-84.1782,77.9694,1004.2,1.46,0.21,56.1,202.1,144.9,0,0.0,0.19,327.3,0.213,56.3,53.16,Spaceport / Landing Pad
-81.6085,-25.71,2048.5,0.5,0.17,66.3,209.7,153.0,0,0.0,0.15,347.5,0.132,66.3,56.55,Spaceport / Landing Pad
-88.9357,-164.7449,48.5,12.43,0.99,42.0,191.5,133.6,0,0.0,0.22,290.7,0.361,47.2,28.83,Secondary Exploration Zone
-84.1009,-85.4622,976.3,0.5,0.37,56.3,202.3,145.1,0,0.0,0.23,327.3,0.213,56.0,53.58,Spaceport / Landing Pad
-85.7491,109.2307,1282.8,11.0,0.93,54.1,200.6,143.3,0,0.0,0.33,327.5,0.213,59.0,36.17,Secondary Exploration Zone
-85.3949,72.2996,952.3,3.68,0.47,54.6,200.9,143.7,0,0.0,0.29,324.0,0.227,55.8,50.88,Secondary Exploration Zone
-82.3425,135.9878,432.5,0.66,0.38,51.2,198.4,141.0,0,0.0,0.06,311.5,0.277,50.8,52.21,Spaceport / Landing Pad
-83.8465,-112.2856,2154.9,0.81,0.41,67.1,210.3,153.7,0,0.0,0.25,347.2,0.133,67.3,56.79,Spaceport / Landing Pad
-81.8787,-0.6585,471.8,2.15,0.38,50.9,198.2,140.7,0,0.0,0.14,311.4,0.278,51.2,51.36,Spaceport / Landing Pad
-87.7559,106.9275,117.2,17.53,1.48,40.2,190.2,132.2,0,0.0,0.08,288.5,0.37,47.8,19.89,Secondary Exploration Zone
-80.0,-140.1364,1565.6,0.67,0.4,61.7,206.3,149.4,0,0.0,0.34,344.1,0.145,61.7,54.93,Spaceport / Landing Pad
-80.3853,36.3136,1655.3,1.13,0.36,62.3,206.8,149.9,0,0.0,0.14,346.3,0.136,62.5,54.92,Spaceport / Landing Pad
-83.0788,-79.9025,1073.1,0.83,0.33,57.1,202.8,145.7,0,0.0,0.21,329.8,0.203,57.0,53.68,Spaceport / Landing Pad
-82.7348,-69.7024,1486.9,0.89,0.41,60.9,205.7,148.7,0,0.0,0.22,341.7,0.155,60.9,54.64,Spaceport / Landing Pad
-80.9607,163.8108,1406.4,1.97,0.31,59.6,204.7,147.7,0,0.0,0.25,338.5,0.168,60.2,53.75,Spaceport / Landing Pad
-80.0,47.9737,1144.7,1.7,0.33,57.3,203.0,145.9,0,0.0,0.26,331.2,0.198,57.6,53.33,Spaceport / Landing Pad
-82.597,-23.0089,1695.9,1.64,0.39,62.5,206.9,150.0,0,0.0,0.35,346.5,0.135,62.9,54.71,Spaceport / Landing Pad
-84.3793,125.5377,-1441.9,3.51,0.62,0.0,60.2,56.0,1,0.726,3.95,293.1,0.352,0.0,46.33,ISRU Cryogenic Mining Outpost
-82.2655,162.4397,846.6,1.9,0.32,54.5,200.9,143.6,0,0.0,0.11,322.4,0.233,54.8,52.46,Spaceport / Landing Pad
-82.812,-52.386,984.4,2.09,0.48,55.7,201.7,144.5,0,0.0,0.12,326.2,0.218,56.1,52.64,Spaceport / Landing Pad
-80.0,132.2409,1342.8,1.8,0.51,59.1,204.3,147.3,0,0.0,0.13,336.8,0.175,59.5,53.73,Spaceport / Landing Pad
-80.3166,107.387,661.0,0.96,0.25,53.2,199.9,142.6,0,0.0,0.27,317.8,0.252,53.0,52.63,Spaceport / Landing Pad
-87.2028,-154.29,992.2,0.5,0.4,56.5,202.4,145.2,0,0.0,0.26,327.8,0.211,56.2,53.61,Spaceport / Landing Pad
-80.3563,-25.821,1914.3,1.38,0.45,64.6,208.5,151.7,0,0.0,0.14,346.8,0.135,65.0,55.65,Spaceport / Landing Pad
-80.3563,25.821,1294.6,0.55,0.19,59.3,204.5,147.4,0,0.0,0.23,336.4,0.176,59.1,54.32,Spaceport / Landing Pad
-80.7285,106.9755,604.9,0.92,0.24,52.7,199.5,142.2,0,0.0,0.16,316.2,0.258,52.5,52.51,Spaceport / Landing Pad
-80.2628,-119.268,1632.7,0.88,0.21,62.2,206.7,149.8,0,0.0,0.18,345.9,0.138,62.3,54.99,Spaceport / Landing Pad
-80.7247,-20.6235,1492.0,2.72,0.49,60.1,205.0,148.0,0,0.0,0.22,340.3,0.161,61.0,53.26,Spaceport / Landing Pad
-80.3419,113.344,403.8,0.71,0.15,50.9,198.2,140.7,0,0.0,0.27,310.6,0.281,50.6,52.13,Spaceport / Landing Pad
-80.0,-142.8533,1389.6,1.42,0.39,59.7,204.8,147.8,0,0.0,0.19,338.5,0.168,60.0,54.11,Spaceport / Landing Pad
-85.3647,64.9831,-310.0,10.31,1.09,39.7,189.8,131.8,0,0.0,0.26,287.5,0.374,43.7,34.12,Secondary Exploration Zone
-80.0,50.6405,987.3,0.55,0.44,56.4,202.3,145.1,0,0.0,0.05,327.6,0.212,56.1,53.58,Spaceport / Landing Pad
-87.2153,129.5597,1074.9,2.1,0.26,56.5,202.4,145.2,0,0.0,0.33,328.8,0.207,57.0,52.85,Spaceport / Landing Pad
-81.7933,123.8708,1594.5,0.51,0.19,62.1,206.6,149.7,0,0.0,0.15,345.1,0.141,62.0,55.05,Spaceport / Landing Pad
-80.524,-26.3126,2005.5,0.5,0.22,65.9,209.4,152.7,0,0.0,0.07,347.5,0.132,65.9,56.4,Spaceport / Landing Pad
-83.613,-63.0605,393.7,1.52,0.41,50.5,197.8,140.4,0,0.0,0.16,309.7,0.285,50.5,51.66,Spaceport / Landing Pad
-83.5102,130.3331,758.1,10.94,0.91,49.3,197.0,139.4,0,0.0,0.25,312.4,0.274,53.9,35.08,Secondary Exploration Zone
-86.6893,158.4986,742.1,1.61,0.27,53.6,200.2,142.9,0,0.0,0.16,319.6,0.244,53.8,52.43,Spaceport / Landing Pad
-85.1158,45.0,-1742.9,6.74,0.72,0.0,89.4,53.1,1,0.379,2.06,290.5,0.362,0.0,34.57,Secondary Exploration Zone
-81.1753,-66.9606,1997.6,0.5,0.39,65.8,209.4,152.7,0,0.0,0.22,347.5,0.132,65.8,56.37,Spaceport / Landing Pad
-84.845,47.9357,-2573.3,5.19,0.62,0.0,46.6,37.6,1,0.657,3.47,291.7,0.357,0.0,42.77,ISRU Cryogenic Mining Outpost
-86.7531,-18.4349,1629.1,1.84,0.52,61.8,206.3,149.4,0,0.0,0.13,345.0,0.142,62.3,54.39,Spaceport / Landing Pad
-80.0,132.2409,1342.8,1.8,0.51,59.1,204.3,147.3,0,0.0,0.13,336.8,0.175,59.5,53.73,Spaceport / Landing Pad
-82.2251,175.1792,2233.2,0.5,0.3,68.0,211.0,154.4,0,0.0,0.19,347.5,0.132,68.1,57.19,Spaceport / Landing Pad
-88.0376,-2.7263,2085.9,1.03,0.36,66.4,209.8,153.1,0,0.0,0.05,347.0,0.133,66.7,56.45,Spaceport / Landing Pad
-80.6499,-148.0552,861.2,0.5,0.3,55.3,201.5,144.2,0,0.0,0.08,324.0,0.227,54.9,53.3,Spaceport / Landing Pad
-85.4943,76.8274,989.3,10.09,1.01,51.9,198.9,141.5,0,0.0,0.25,319.8,0.244,56.2,38.01,Secondary Exploration Zone
-81.0849,162.3239,1158.4,2.16,0.35,57.2,202.9,145.8,0,0.0,0.09,331.2,0.198,57.8,53.0,Spaceport / Landing Pad
-89.197,-54.4623,1389.8,2.27,0.37,59.3,204.5,147.5,0,0.0,0.17,337.8,0.171,60.0,53.45,Spaceport / Landing Pad
-80.0995,-45.0,1539.8,1.0,0.38,61.3,206.0,149.1,0,0.0,0.32,343.1,0.149,61.4,54.71,Spaceport / Landing Pad
-83.7398,-69.9439,925.0,2.01,0.38,55.1,201.4,144.1,0,0.0,0.25,324.6,0.224,55.5,52.56,Spaceport / Landing Pad
-82.5081,-30.7189,1461.3,0.5,0.37,60.8,205.6,148.7,0,0.0,0.24,341.3,0.157,60.7,54.74,Spaceport / Landing Pad
-86.1627,175.8151,1073.2,0.76,0.34,57.1,202.8,145.7,0,0.0,0.31,329.9,0.203,57.0,53.71,Spaceport / Landing Pad
-80.0,-138.2519,1573.1,1.08,0.35,61.6,206.2,149.3,0,0.0,0.14,344.0,0.146,61.8,54.75,Spaceport / Landing Pad
-80.8078,-9.9406,849.4,0.5,0.38,55.2,201.4,144.1,0,0.0,0.29,323.6,0.228,54.8,53.27,Spaceport / Landing Pad
-85.9249,-69.9048,419.3,1.36,0.29,50.8,198.1,140.6,0,0.0,0.16,310.5,0.281,50.7,51.82,Spaceport / Landing Pad
-82.1094,27.4744,2071.3,1.71,0.43,65.9,209.4,152.7,0,0.0,0.13,346.5,0.136,66.5,55.97,Spaceport / Landing Pad
-84.5813,137.7927,-782.2,6.05,0.82,37.4,188.0,129.9,0,0.0,0.14,291.0,0.36,39.2,42.3,Secondary Exploration Zone
-80.0,-138.0448,1587.3,1.62,0.38,61.5,206.1,149.2,0,0.0,0.1,344.0,0.146,61.9,54.44,Spaceport / Landing Pad
-81.9303,-119.8271,835.7,0.86,0.34,54.9,201.2,143.9,0,0.0,0.21,323.0,0.231,54.7,53.09,Spaceport / Landing Pad
-80.0,-46.7899,1232.6,0.75,0.38,58.6,204.0,146.9,0,0.0,0.1,334.5,0.184,58.5,54.1,Spaceport / Landing Pad
-86.6061,121.5043,2858.2,8.3,0.81,70.0,212.5,156.0,0,0.0,0.08,341.1,0.158,74.1,48.3,Secondary Exploration Zone
-80.7135,140.7106,889.9,0.5,0.42,55.5,201.7,144.4,0,0.0,0.11,324.8,0.223,55.2,53.37,Spaceport / Landing Pad
-83.211,-18.4349,1413.4,0.74,0.2,60.3,205.2,148.2,0,0.0,0.06,339.7,0.163,60.2,54.53,Spaceport / Landing Pad
-86.6893,-130.4261,1290.3,1.07,0.26,59.0,204.2,147.2,0,0.0,0.08,335.9,0.179,59.0,54.08,Spaceport / Landing Pad
-88.4549,-25.0169,2174.1,0.61,0.38,67.4,210.5,153.9,0,0.0,0.25,347.4,0.132,67.5,56.94,Spaceport / Landing Pad
-85.268,-104.8586,1426.0,0.5,0.3,60.5,205.4,148.4,0,0.0,0.21,340.3,0.161,60.3,54.65,Spaceport / Landing Pad
-80.0,28.1625,1612.4,0.87,0.31,62.1,206.5,149.7,0,0.0,0.31,345.3,0.14,62.1,54.95,Spaceport / Landing Pad
-80.0,57.0426,753.2,0.57,0.39,54.2,200.7,143.4,0,0.0,0.33,320.8,0.24,53.9,53.01,Spaceport / Landing Pad
-81.3912,80.6398,1687.3,2.4,0.5,62.0,206.5,149.6,0,0.0,0.25,345.9,0.138,62.8,54.06,Spaceport / Landing Pad
-81.8273,13.8775,1426.2,0.51,0.14,60.5,205.4,148.4,0,0.0,0.11,340.3,0.161,60.3,54.65,Spaceport / Landing Pad
-81.1556,45.0,1147.2,1.48,0.27,57.5,203.1,146.0,0,0.0,0.27,331.4,0.197,57.7,53.49,Spaceport / Landing Pad
-83.6021,23.1986,1925.4,2.49,0.37,64.2,208.1,151.4,0,0.0,0.11,345.8,0.138,65.1,54.81,Spaceport / Landing Pad
-80.0,-118.2288,1559.4,0.5,0.19,61.8,206.3,149.4,0,0.0,0.27,344.1,0.145,61.6,54.97,Spaceport / Landing Pad
-85.4482,74.5388,1964.6,13.98,1.24,59.0,204.3,147.2,0,0.0,0.1,336.4,0.177,65.5,28.54,Secondary Exploration Zone
-81.0226,-62.1027,1389.5,2.3,0.37,59.3,204.5,147.4,0,0.0,0.22,337.7,0.171,60.0,53.42,Spaceport / Landing Pad
-81.371,105.69,681.8,1.08,0.29,53.3,200.0,142.7,0,0.0,0.2,318.3,0.25,53.2,52.62,Spaceport / Landing Pad
-82.1094,-152.5256,328.7,0.5,0.38,50.3,197.8,140.3,0,0.0,0.16,308.6,0.289,49.8,52.02,Spaceport / Landing Pad
-84.6395,-54.9262,269.3,1.98,0.4,49.1,196.8,139.3,0,0.0,0.22,305.7,0.301,49.3,51.01,Spaceport / Landing Pad
-82.1403,-127.2782,858.2,1.39,0.26,54.8,201.1,143.9,0,0.0,0.33,323.2,0.23,54.9,52.85,Spaceport / Landing Pad
-82.3152,130.0729,953.2,1.99,0.47,55.4,201.6,144.3,0,0.0,0.15,325.4,0.221,55.8,52.64,Spaceport / Landing Pad
-84.5877,-32.3196,1071.0,0.8,0.42,57.1,202.8,145.7,0,0.0,0.25,329.8,0.203,56.9,53.69,Spaceport / Landing Pad
-88.346,-73.6105,944.0,1.08,0.24,55.8,201.8,144.6,0,0.0,0.34,325.9,0.219,55.7,53.24,Spaceport / Landing Pad
-80.0,-124.4265,1655.6,1.01,0.45,62.4,206.8,149.9,0,0.0,0.3,346.5,0.136,62.5,54.99,Spaceport / Landing Pad
-85.3124,-144.7276,1171.0,1.2,0.2,57.8,203.4,146.3,0,0.0,0.24,332.3,0.193,57.9,53.72,Spaceport / Landing Pad
-80.0,124.9507,2175.0,0.5,0.39,67.5,210.6,154.0,0,0.0,0.09,347.5,0.132,67.5,56.99,Spaceport / Landing Pad
-81.1871,-61.5348,1273.1,1.43,0.34,58.7,204.0,146.9,0,0.0,0.14,335.1,0.182,58.9,53.83,Spaceport / Landing Pad
-82.3107,-79.5085,1163.9,1.23,0.31,57.7,203.3,146.2,0,0.0,0.22,332.1,0.194,57.8,53.69,Spaceport / Landing Pad
-84.982,-133.4926,1736.5,1.21,0.33,63.1,207.3,150.4,0,0.0,0.33,346.9,0.134,63.3,55.13,Spaceport / Landing Pad
-82.4111,121.9307,1720.0,0.5,0.37,63.2,207.4,150.6,0,0.0,0.26,347.5,0.132,63.2,55.4,Spaceport / Landing Pad
-85.857,-165.6507,592.7,0.5,0.36,52.8,199.6,142.2,0,0.0,0.2,316.2,0.258,52.4,52.66,Spaceport / Landing Pad
-80.4946,35.4069,1621.5,0.69,0.2,62.2,206.7,149.8,0,0.0,0.12,345.7,0.139,62.2,55.05,Spaceport / Landing Pad
-84.473,-175.156,1411.1,2.31,0.5,59.5,204.6,147.6,0,0.0,0.27,338.3,0.169,60.2,53.47,Spaceport / Landing Pad
-84.5301,-143.3257,1657.8,0.5,0.22,62.7,207.0,150.1,0,0.0,0.28,346.9,0.134,62.6,55.21,Spaceport / Landing Pad
-82.7781,-63.1038,850.2,2.06,0.54,54.4,200.8,143.5,0,0.0,0.22,322.4,0.233,54.8,52.34,Spaceport / Landing Pad
-80.0,-135.0,1082.5,1.92,0.38,56.6,202.5,145.3,0,0.0,0.29,329.2,0.206,57.1,53.01,Spaceport / Landing Pad
-83.9781,-71.0033,887.5,1.59,0.41,55.0,201.2,144.0,0,0.0,0.15,323.8,0.227,55.2,52.79,Spaceport / Landing Pad
-86.8291,47.3859,1119.2,1.41,0.38,57.2,202.9,145.8,0,0.0,0.13,330.7,0.2,57.4,53.47,Spaceport / Landing Pad
-80.4946,-45.7957,1687.2,0.93,0.34,62.7,207.0,150.2,0,0.0,0.27,347.1,0.133,62.8,55.11,Spaceport / Landing Pad
-80.0,-129.7376,1442.1,0.5,0.16,60.7,205.5,148.5,0,0.0,0.2,340.7,0.159,60.5,54.69,Spaceport / Landing Pad
-89.34,98.1301,1396.8,1.97,0.5,59.5,204.7,147.6,0,0.0,0.13,338.2,0.169,60.1,53.72,Spaceport / Landing Pad
-83.1496,-19.9164,1441.2,1.11,0.18,60.4,205.3,148.3,0,0.0,0.2,340.2,0.161,60.5,54.41,Spaceport / Landing Pad
-80.0,140.1364,1649.8,0.62,0.25,62.5,206.9,150.0,0,0.0,0.31,346.6,0.135,62.5,55.15,Spaceport / Landing Pad
-80.0,-121.5043,1615.0,0.98,0.18,62.0,206.5,149.6,0,0.0,0.13,345.3,0.14,62.2,54.9,Spaceport / Landing Pad
-80.8648,-7.6333,972.6,2.33,0.43,55.4,201.6,144.3,0,0.0,0.24,325.7,0.22,56.0,52.4,Spaceport / Landing Pad
-84.8585,105.8025,2597.3,4.41,0.51,69.5,212.1,155.6,0,0.0,0.11,344.3,0.145,71.6,54.82,Secondary Exploration Zone
-82.1581,-98.9017,1307.4,1.2,0.47,59.1,204.3,147.3,0,0.0,0.1,336.3,0.177,59.2,54.05,Spaceport / Landing Pad
-83.9148,-48.7314,1065.4,1.47,0.21,56.7,202.5,145.4,0,0.0,0.35,329.1,0.206,56.9,53.3,Spaceport / Landing Pad
-81.203,19.204,1237.4,0.62,0.2,58.7,204.0,147.0,0,0.0,0.09,334.7,0.183,58.5,54.16,Spaceport / Landing Pad
-80.0,142.4606,1527.3,1.85,0.38,60.8,205.6,148.6,0,0.0,0.25,342.1,0.154,61.3,54.14,Spaceport / Landing Pad
-84.2992,129.6855,-1481.7,4.49,0.55,0.0,66.1,50.2,1,0.539,3.01,292.3,0.355,0.0,41.41,ISRU Cryogenic Mining Outpost
-83.0336,35.1807,1981.6,1.74,0.22,65.1,208.8,152.1,0,0.0,0.32,346.5,0.136,65.7,55.64,Spaceport / Landing Pad
-80.2413,158.0968,1037.8,2.17,0.43,56.1,202.1,144.9,0,0.0,0.09,327.7,0.212,56.6,52.7,Spaceport / Landing Pad
-80.0679,130.4261,1251.2,1.43,0.2,58.4,203.8,146.8,0,0.0,0.32,334.5,0.184,58.7,53.77,Spaceport / Landing Pad
-80.0,-153.6669,895.5,0.93,0.34,55.4,201.5,144.3,0,0.0,0.31,324.6,0.224,55.3,53.2,Spaceport / Landing Pad
-81.4399,-152.0378,756.7,1.09,0.34,54.0,200.5,143.2,0,0.0,0.21,320.5,0.241,53.9,52.79,Spaceport / Landing Pad
-82.4341,-51.009,1268.8,2.61,0.37,58.0,203.5,146.4,0,0.0,0.23,334.0,0.186,58.8,52.84,Spaceport / Landing Pad
-88.2045,-62.1027,1164.2,2.17,0.31,57.3,203.0,145.8,0,0.0,0.29,331.3,0.197,57.8,53.0,Spaceport / Landing Pad
-80.8763,166.3903,1625.4,0.5,0.31,62.4,206.8,149.9,0,0.0,0.1,346.0,0.138,62.3,55.13,Spaceport / Landing Pad
-86.3489,-122.4712,1410.7,1.63,0.23,59.8,204.9,147.9,0,0.0,0.3,338.9,0.166,60.2,54.02,Spaceport / Landing Pad
-82.5501,74.7449,988.5,1.84,0.24,55.8,201.9,144.7,0,0.0,0.32,326.6,0.216,56.2,52.85,Spaceport / Landing Pad
-84.5813,-42.2073,1335.9,1.31,0.32,59.3,204.5,147.4,0,0.0,0.22,337.0,0.174,59.5,54.05,Spaceport / Landing Pad
-81.7298,20.4804,1637.1,0.72,0.19,62.4,206.8,149.9,0,0.0,0.23,346.2,0.137,62.4,55.08,Spaceport / Landing Pad
-84.7181,-133.5679,1896.8,1.39,0.42,64.5,208.3,151.6,0,0.0,0.25,346.7,0.135,64.9,55.58,Spaceport / Landing Pad
-85.268,14.8586,-2023.1,5.61,0.74,0.0,67.5,55.0,1,0.491,2.76,291.4,0.359,0.0,38.79,ISRU Cryogenic Mining Outpost
-80.0,47.5169,297.1,0.5,0.38,50.0,197.5,140.0,0,0.0,0.29,307.7,0.293,49.5,51.95,Spaceport / Landing Pad
-89.197,35.5377,1924.3,0.5,0.42,65.1,208.9,152.1,0,0.0,0.12,347.5,0.132,65.1,56.11,Spaceport / Landing Pad
-80.0,142.8291,1418.9,1.36,0.21,60.0,205.0,148.0,0,0.0,0.21,339.3,0.165,60.3,54.22,Spaceport / Landing Pad
-84.6395,-97.0013,1142.2,0.5,0.31,57.9,203.4,146.3,0,0.0,0.19,332.1,0.194,57.6,53.97,Spaceport / Landing Pad
-86.6164,-114.444,1678.5,0.5,0.15,62.9,207.1,150.3,0,0.0,0.32,347.5,0.132,62.8,55.26,Spaceport / Landing Pad
-80.3094,159.121,1140.8,1.72,0.34,57.3,203.0,145.8,0,0.0,0.16,331.0,0.198,57.6,53.3,Spaceport / Landing Pad
-81.6168,71.1616,2021.6,0.83,0.16,65.9,209.4,152.7,0,0.0,0.32,347.2,0.133,66.0,56.32,Spaceport / Landing Pad
-82.7396,-135.0,568.0,1.37,0.4,52.1,199.1,141.7,0,0.0,0.23,314.8,0.264,52.1,52.17,Spaceport / Landing Pad
-86.6893,158.4986,742.1,1.61,0.27,53.6,200.2,142.9,0,0.0,0.16,319.6,0.244,53.8,52.43,Spaceport / Landing Pad
-81.3186,-0.6161,1043.2,2.36,0.46,56.1,202.1,144.9,0,0.0,0.28,327.7,0.212,56.7,52.54,Spaceport / Landing Pad
-85.5098,136.6847,-1065.4,4.78,0.66,0.0,64.6,50.7,1,0.126,0.82,292.1,0.356,0.0,32.74,Secondary Exploration Zone
-80.4471,123.8453,1801.1,0.56,0.19,64.0,208.0,151.2,0,0.0,0.26,347.4,0.132,63.9,55.66,Spaceport / Landing Pad
-82.471,132.9904,633.7,0.94,0.33,53.0,199.7,142.4,0,0.0,0.1,317.1,0.255,52.8,52.57,Spaceport / Landing Pad
-80.0,-154.1481,980.6,1.19,0.21,56.1,202.0,144.8,0,0.0,0.26,326.9,0.215,56.1,53.27,Spaceport / Landing Pad
-86.5451,-128.4181,1298.8,1.05,0.45,59.1,204.3,147.3,0,0.0,0.32,336.1,0.178,59.1,54.11,Spaceport / Landing Pad
-80.9761,129.1226,1144.3,1.59,0.21,57.4,203.0,145.9,0,0.0,0.34,331.2,0.197,57.6,53.41,Spaceport / Landing Pad
-86.8622,149.6209,498.4,0.67,0.27,51.8,198.9,141.5,0,0.0,0.29,313.4,0.27,51.5,52.37,Spaceport / Landing Pad
-80.6835,127.6736,1450.2,2.06,0.44,60.0,205.0,148.0,0,0.0,0.26,339.7,0.163,60.6,53.78,Spaceport / Landing Pad
-80.4873,47.3859,970.7,0.5,0.17,56.3,202.2,145.0,0,0.0,0.31,327.1,0.214,56.0,53.56,Spaceport / Landing Pad
-83.9148,57.5288,-62.5,10.98,1.05,41.7,191.3,133.3,0,0.0,0.14,288.7,0.369,46.1,33.0,Secondary Exploration Zone
-80.6723,-18.0723,1098.0,1.71,0.47,56.9,202.7,145.5,0,0.0,0.18,329.8,0.203,57.2,53.21,Spaceport / Landing Pad
-83.4354,150.1541,1299.2,1.04,0.33,59.1,204.3,147.3,0,0.0,0.15,336.2,0.177,59.1,54.11,Spaceport / Landing Pad
-84.982,71.5651,911.7,0.91,0.23,55.6,201.7,144.4,0,0.0,0.07,325.1,0.222,55.4,53.25,Spaceport / Landing Pad
-80.1879,27.7839,1477.1,0.74,0.26,60.9,205.7,148.7,0,0.0,0.35,341.5,0.156,60.8,54.68,Spaceport / Landing Pad
-85.0379,16.3895,-2251.4,5.34,0.55,0.0,81.7,38.2,1,0.499,2.86,291.6,0.358,0.0,39.37,ISRU Cryogenic Mining Outpost
-80.6127,-70.8444,1947.3,1.54,0.41,64.8,208.6,151.9,0,0.0,0.11,346.6,0.135,65.3,55.66,Spaceport / Landing Pad
-86.0376,-46.9092,1138.2,2.03,0.51,57.1,202.8,145.7,0,0.0,0.35,330.7,0.2,57.6,53.06,Spaceport / Landing Pad
-82.1094,152.5256,618.9,0.88,0.38,52.8,199.6,142.3,0,0.0,0.11,316.7,0.256,52.6,52.56,Spaceport / Landing Pad
-83.3878,-18.9465,1334.8,0.53,0.25,59.7,204.7,147.7,0,0.0,0.33,337.6,0.172,59.5,54.42,Spaceport / Landing Pad
-80.0,44.3489,681.7,1.45,0.27,53.2,199.9,142.5,0,0.0,0.14,318.0,0.251,53.2,52.39,Spaceport / Landing Pad
-87.803,-102.2648,1235.8,1.38,0.36,58.3,203.7,146.7,0,0.0,0.22,334.1,0.186,58.5,53.77,Spaceport / Landing Pad
-80.0,-142.3996,576.5,0.5,0.19,52.6,199.5,142.1,0,0.0,0.1,315.8,0.26,52.2,52.62,Spaceport / Landing Pad
-81.4889,21.218,1493.6,1.34,0.21,60.7,205.6,148.6,0,0.0,0.19,341.5,0.156,61.0,54.41,Spaceport / Landing Pad
-87.4505,113.7495,1461.1,9.33,1.05,56.6,202.4,145.3,0,0.0,0.25,334.0,0.186,60.7,41.15,Secondary Exploration Zone
-82.105,24.444,1969.9,0.5,0.16,65.6,209.2,152.4,0,0.0,0.26,347.5,0.132,65.6,56.27,Spaceport / Landing Pad
-84.0538,47.5448,-212.5,13.8,1.08,38.9,189.2,131.2,0,0.0,0.18,284.7,0.386,44.7,23.56,Secondary Exploration Zone
-82.959,75.4111,708.3,0.95,0.44,53.6,200.2,142.9,0,0.0,0.07,319.2,0.246,53.5,52.75,Spaceport / Landing Pad
-83.2936,-55.204,531.3,1.86,0.49,51.6,198.7,141.3,0,0.0,0.1,313.4,0.27,51.8,51.74,Spaceport / Landing Pad
-82.0522,-3.3665,226.6,1.03,0.22,49.1,196.9,139.3,0,0.0,0.2,305.3,0.303,48.9,51.55,Spaceport / Landing Pad
-83.5967,149.3227,1326.0,0.97,0.29,59.4,204.5,147.5,0,0.0,0.33,337.0,0.174,59.4,54.21,Spaceport / Landing Pad
-85.3124,54.7276,-2696.3,3.94,0.53,0.0,62.4,68.8,1,0.848,4.74,292.8,0.353,0.0,48.28,ISRU Cryogenic Mining Outpost
-81.7256,-78.9436,1314.9,0.92,0.31,59.3,204.5,147.4,0,0.0,0.21,336.7,0.175,59.3,54.21,Spaceport / Landing Pad
-81.3186,-106.8763,200.1,0.54,0.29,49.1,196.8,139.3,0,0.0,0.09,304.9,0.304,48.6,51.7,Spaceport / Landing Pad
-83.6513,-131.4237,1613.9,2.14,0.4,61.5,206.1,149.2,0,0.0,0.09,344.3,0.144,62.1,54.11,Spaceport / Landing Pad
-84.4353,157.3062,1588.8,0.5,0.31,62.0,206.5,149.6,0,0.0,0.25,345.0,0.142,61.9,55.04,Spaceport / Landing Pad
-82.2745,101.853,1124.3,1.3,0.45,57.3,203.0,145.9,0,0.0,0.06,330.9,0.199,57.5,53.55,Spaceport / Landing Pad
-85.2386,-178.8767,905.5,0.82,0.23,55.5,201.7,144.4,0,0.0,0.28,325.0,0.223,55.4,53.28,Spaceport / Landing Pad
-80.4946,-35.4069,1415.3,0.91,0.17,60.2,205.2,148.2,0,0.0,0.24,339.6,0.164,60.2,54.46,Spaceport / Landing Pad
-80.3527,61.6992,842.4,1.08,0.45,54.8,201.1,143.9,0,0.0,0.06,323.0,0.231,54.8,53.0,Spaceport / Landing Pad
-82.0259,-51.6544,1238.5,2.42,0.57,57.9,203.4,146.3,0,0.0,0.1,333.3,0.189,58.5,52.96,Spaceport / Landing Pad
-88.0024,127.4054,953.1,1.28,0.33,55.8,201.8,144.6,0,0.0,0.11,326.0,0.219,55.8,53.15,Spaceport / Landing Pad
-82.7396,98.1301,1441.7,1.0,0.22,60.4,205.3,148.3,0,0.0,0.28,340.3,0.161,60.5,54.48,Spaceport / Landing Pad
-81.2586,-173.2544,1074.8,0.56,0.31,57.2,202.9,145.8,0,0.0,0.25,330.1,0.202,57.0,53.79,Spaceport / Landing Pad
-83.9435,65.4099,204.5,2.05,0.45,48.4,196.3,138.8,0,0.0,0.3,303.8,0.309,48.6,50.8,Spaceport / Landing Pad
-83.2677,135.0,977.8,5.26,0.66,54.1,200.6,143.3,0,0.0,0.14,323.4,0.229,56.1,48.62,Secondary Exploration Zone
-84.2263,124.4608,-1076.2,4.17,0.41,0.0,99.1,62.6,1,0.59,3.12,292.6,0.354,0.0,42.83,ISRU Cryogenic Mining Outpost
-88.5479,-45.0,1715.4,2.23,0.5,62.4,206.8,149.9,0,0.0,0.24,346.1,0.137,63.1,54.32,Spaceport / Landing Pad
-82.6206,177.8253,2355.5,0.5,0.24,69.1,211.8,155.3,0,0.0,0.18,347.5,0.132,69.2,57.61,Spaceport / Landing Pad
-84.2687,-142.9435,1631.0,1.13,0.42,62.1,206.6,149.7,0,0.0,0.23,345.7,0.139,62.3,54.86,Spaceport / Landing Pad
-87.6202,-11.3099,2029.2,1.53,0.48,65.6,209.2,152.5,0,0.0,0.23,346.6,0.135,66.1,55.95,Spaceport / Landing Pad
-82.1714,-39.1933,1814.5,1.07,0.44,63.8,207.9,151.1,0,0.0,0.1,347.0,0.134,64.1,55.49,Spaceport / Landing Pad
-86.8291,132.6141,1301.0,5.73,0.75,56.8,202.6,145.5,0,0.0,0.28,332.4,0.193,59.1,48.6,Secondary Exploration Zone
-80.0,-127.3596,1505.9,1.19,0.21,60.9,205.7,148.7,0,0.0,0.1,342.0,0.154,61.1,54.53,Spaceport / Landing Pad
-81.2387,51.0542,941.4,0.62,0.44,56.0,202.0,144.8,0,0.0,0.07,326.2,0.218,55.7,53.45,Spaceport / Landing Pad
-84.4416,40.9144,1512.3,8.81,0.79,57.3,203.0,145.9,0,0.0,0.25,335.9,0.179,61.2,42.6,Secondary Exploration Zone
-83.3878,-18.9465,1334.8,0.53,0.25,59.7,204.7,147.7,0,0.0,0.33,337.6,0.172,59.5,54.42,Spaceport / Landing Pad
-81.0576,53.4889,807.0,1.32,0.41,54.4,200.8,143.5,0,0.0,0.29,321.7,0.236,54.4,52.77,Spaceport / Landing Pad
-80.3853,-36.3136,1342.3,1.02,0.47,59.5,204.6,147.6,0,0.0,0.2,337.4,0.172,59.5,54.23,Spaceport / Landing Pad
-86.3015,42.9546,1668.0,4.91,0.72,60.6,205.5,148.5,0,0.0,0.19,343.6,0.147,62.7,50.83,Secondary Exploration Zone
-84.3176,-137.663,1808.3,0.93,0.25,63.9,207.9,151.1,0,0.0,0.27,347.1,0.133,64.0,55.54,Spaceport / Landing Pad
-83.2936,-98.8068,1391.1,1.5,0.26,59.7,204.8,147.8,0,0.0,0.2,338.4,0.168,60.0,54.06,Spaceport / Landing Pad
-80.1879,27.7839,1477.1,0.74,0.26,60.9,205.7,148.7,0,0.0,0.35,341.5,0.156,60.8,54.68,Spaceport / Landing Pad
-83.2418,-147.4074,624.4,2.24,0.29,52.2,199.2,141.8,0,0.0,0.09,315.7,0.26,52.7,51.64,Spaceport / Landing Pad
-84.8517,112.3801,9.1,4.58,0.62,0.0,95.1,64.7,1,0.079,0.54,296.1,0.34,0.0,31.93,Secondary Exploration Zone
-86.6579,-35.9097,1787.6,0.6,0.29,63.8,207.9,151.1,0,0.0,0.13,347.4,0.132,63.8,55.6,Spaceport / Landing Pad
-80.4873,-137.3859,1075.9,0.74,0.18,57.2,202.9,145.7,0,0.0,0.24,330.0,0.203,57.0,53.72,Spaceport / Landing Pad
-80.535,36.9829,1582.6,0.5,0.39,62.0,206.5,149.6,0,0.0,0.32,344.8,0.143,61.8,55.03,Spaceport / Landing Pad
-80.0,129.0685,1582.0,2.37,0.45,61.1,205.8,148.8,0,0.0,0.18,343.2,0.149,61.8,53.82,Spaceport / Landing Pad
-84.3053,-89.0608,977.9,0.5,0.37,56.4,202.3,145.1,0,0.0,0.25,327.3,0.213,56.1,53.58,Spaceport / Landing Pad
-87.4642,96.3402,-1597.9,6.92,0.59,0.0,77.6,56.4,1,0.695,3.9,290.3,0.363,0.0,40.55,ISRU Cryogenic Mining Outpost
-82.3152,-139.9271,338.9,0.55,0.38,50.4,197.8,140.3,0,0.0,0.34,308.9,0.288,49.9,52.03,Spaceport / Landing Pad
-83.1091,-118.3008,1683.7,2.1,0.26,62.1,206.6,149.7,0,0.0,0.1,346.2,0.137,62.8,54.31,Spaceport / Landing Pad
-85.782,155.1363,1236.7,1.5,0.21,58.3,203.7,146.6,0,0.0,0.09,334.0,0.186,58.5,53.69,Spaceport / Landing Pad
-81.1006,-114.1455,713.3,0.97,0.27,53.7,200.3,142.9,0,0.0,0.06,319.3,0.246,53.5,52.75,Spaceport / Landing Pad
-82.7637,-30.2032,1365.2,0.5,0.38,59.9,205.0,148.0,0,0.0,0.08,338.5,0.168,59.8,54.51,Spaceport / Landing Pad
-85.4482,151.8584,1292.0,0.83,0.37,59.1,204.3,147.3,0,0.0,0.23,336.1,0.178,59.1,54.2,Spaceport / Landing Pad
-86.3015,132.9546,365.3,11.39,1.03,45.5,194.1,136.4,0,0.0,0.19,300.7,0.321,50.2,32.82,Secondary Exploration Zone
-83.8465,22.2856,531.4,13.06,1.19,46.2,194.6,137.0,0,0.0,0.15,304.1,0.307,51.8,27.94,Secondary Exploration Zone
-80.0,128.5892,1984.4,1.81,0.37,65.1,208.8,152.0,0,0.0,0.13,346.4,0.136,65.7,55.59,Spaceport / Landing Pad
-86.4456,150.0685,708.7,0.5,0.3,53.9,200.4,143.1,0,0.0,0.08,319.6,0.245,53.5,52.93,Spaceport / Landing Pad
-83.1547,95.4774,1575.7,0.5,0.32,61.9,206.4,149.5,0,0.0,0.18,344.6,0.143,61.8,55.01,Spaceport / Landing Pad
-80.0,145.3048,1114.0,0.77,0.34,57.5,203.1,146.0,0,0.0,0.28,331.0,0.198,57.4,53.8,Spaceport / Landing Pad
-83.3563,175.9717,1957.2,1.97,0.38,64.7,208.5,151.8,0,0.0,0.2,346.3,0.137,65.4,55.37,Spaceport / Landing Pad
-81.4889,-158.782,906.4,1.58,0.47,55.2,201.4,144.1,0,0.0,0.29,324.4,0.225,55.4,52.85,Spaceport / Landing Pad
-80.9916,-169.8545,1181.1,1.37,0.45,57.8,203.4,146.3,0,0.0,0.24,332.5,0.192,58.0,53.64,Spaceport / Landing Pad
-85.6358,138.4682,-536.1,6.78,0.58,39.3,189.5,131.4,0,0.0,0.22,290.4,0.363,41.6,41.76,Secondary Exploration Zone
-81.0226,27.8973,1420.6,0.51,0.29,60.5,205.3,148.4,0,0.0,0.06,340.1,0.162,60.3,54.63,Spaceport / Landing Pad
-82.7637,173.3333,2042.5,1.43,0.4,65.8,209.3,152.6,0,0.0,0.08,346.7,0.135,66.2,56.06,Spaceport / Landing Pad
-80.6015,55.5208,640.9,0.5,0.26,53.2,199.9,142.6,0,0.0,0.09,317.6,0.252,52.8,52.77,Spaceport / Landing Pad
-80.0,-130.1207,1430.1,0.82,0.19,60.4,205.3,148.3,0,0.0,0.1,340.1,0.161,60.4,54.53,Spaceport / Landing Pad
-80.0,120.9638,1700.6,2.1,0.25,62.3,206.7,149.8,0,0.0,0.24,346.2,0.137,63.0,54.37,Spaceport / Landing Pad
-80.0119,-127.4054,1598.2,0.88,0.25,61.9,206.4,149.5,0,0.0,0.2,344.9,0.142,62.0,54.91,Spaceport / Landing Pad
-82.4249,22.4569,1894.8,0.86,0.27,64.7,208.5,151.7,0,0.0,0.27,347.2,0.133,64.8,55.87,Spaceport / Landing Pad
-83.8635,-153.8247,1416.5,1.58,0.41,59.9,204.9,147.9,0,0.0,0.25,339.1,0.166,60.3,54.07,Spaceport / Landing Pad
-80.0,41.6726,1025.6,1.69,0.32,56.2,202.2,145.0,0,0.0,0.26,327.7,0.212,56.5,53.05,Spaceport / Landing Pad
-80.0,41.7481,826.9,1.88,0.39,54.3,200.7,143.4,0,0.0,0.07,321.9,0.235,54.6,52.43,Spaceport / Landing Pad
-80.5904,-100.8641,69.9,1.08,0.31,47.7,195.7,138.1,0,0.0,0.07,300.7,0.321,47.4,51.15,Spaceport / Landing Pad
-80.5682,141.4287,984.5,0.5,0.35,56.4,202.3,145.1,0,0.0,0.35,327.5,0.212,56.1,53.59,Spaceport / Landing Pad
-81.5053,12.0508,1343.4,0.71,0.27,59.6,204.7,147.7,0,0.0,0.24,337.7,0.171,59.6,54.38,Spaceport / Landing Pad
-85.7002,-152.8787,714.0,1.06,0.36,53.6,200.2,142.9,0,0.0,0.23,319.3,0.246,53.5,52.7,Spaceport / Landing Pad
-88.0199,81.8699,1371.2,1.7,0.5,59.4,204.6,147.5,0,0.0,0.06,337.7,0.171,59.8,53.88,Spaceport / Landing Pad
-84.1187,-35.9605,1281.0,0.74,0.26,59.1,204.3,147.2,0,0.0,0.13,335.9,0.179,59.0,54.21,Spaceport / Landing Pad
-87.9338,18.4349,2184.0,6.26,0.79,64.8,208.6,151.8,0,0.0,0.32,342.7,0.151,67.6,50.29,Secondary Exploration Zone
-85.3722,-138.2705,1303.8,0.99,0.44,59.1,204.4,147.3,0,0.0,0.26,336.3,0.177,59.2,54.15,Spaceport / Landing Pad
-80.2735,52.8002,708.7,0.5,0.29,53.9,200.4,143.1,0,0.0,0.05,319.6,0.245,53.5,52.93,Spaceport / Landing Pad
-86.6061,148.4957,611.7,1.59,0.24,52.4,199.3,142.0,0,0.0,0.31,315.9,0.26,52.5,52.13,Spaceport / Landing Pad
-85.1588,-160.8664,959.6,1.22,0.4,55.8,201.9,144.7,0,0.0,0.25,326.2,0.218,55.9,53.2,Spaceport / Landing Pad
-80.0,41.8202,706.4,0.5,0.42,53.8,200.4,143.1,0,0.0,0.3,319.5,0.245,53.5,52.93,Spaceport / Landing Pad
-85.3124,144.7276,2141.6,7.91,0.84,63.6,207.7,150.9,0,0.0,0.26,341.4,0.156,67.2,46.71,Secondary Exploration Zone
-80.9568,11.3099,1159.1,0.5,0.3,58.0,203.5,146.4,0,0.0,0.11,332.6,0.192,57.8,54.01,Spaceport / Landing Pad
-81.2786,-84.4725,1518.1,1.17,0.47,61.0,205.8,148.8,0,0.0,0.16,342.4,0.152,61.2,54.57,Spaceport / Landing Pad
-80.6835,114.2539,447.4,1.02,0.29,51.2,198.4,141.0,0,0.0,0.18,311.6,0.277,51.0,52.08,Spaceport / Landing Pad
-83.9091,-74.8989,1120.6,0.83,0.28,57.5,203.1,146.0,0,0.0,0.31,331.2,0.198,57.4,53.79,Spaceport / Landing Pad
-81.7383,122.074,1585.6,1.79,0.47,61.4,206.0,149.1,0,0.0,0.12,343.8,0.147,61.9,54.32,Spaceport / Landing Pad
-83.446,153.7999,1293.4,0.5,0.38,59.3,204.5,147.4,0,0.0,0.14,336.4,0.176,59.1,54.33,Spaceport / Landing Pad
-81.1202,-86.9872,1666.3,1.69,0.48,62.2,206.6,149.7,0,0.0,0.14,346.2,0.137,62.6,54.59,Spaceport / Landing Pad
-81.6043,8.3103,1250.4,1.52,0.31,58.4,203.8,146.7,0,0.0,0.17,334.4,0.185,58.7,53.71,Spaceport / Landing Pad
-81.6752,149.6973,631.6,0.86,0.18,53.0,199.7,142.4,0,0.0,0.13,317.1,0.255,52.7,52.61,Spaceport / Landing Pad
-85.3949,72.2996,952.3,3.68,0.47,54.6,200.9,143.7,0,0.0,0.29,324.0,0.227,55.8,50.88,Secondary Exploration Zone
-81.3548,37.9835,1568.2,1.44,0.32,61.4,206.0,149.1,0,0.0,0.07,343.6,0.147,61.7,54.52,Spaceport / Landing Pad
-80.7888,19.5367,994.3,1.28,0.29,56.1,202.1,144.9,0,0.0,0.23,327.2,0.214,56.2,53.25,Spaceport / Landing Pad
-83.9666,124.9194,-515.7,4.96,0.47,0.0,69.5,39.6,1,0.292,1.72,291.9,0.357,0.0,35.81,Secondary Exploration Zone
-85.3949,-72.2996,585.7,2.23,0.42,51.9,198.9,141.5,0,0.0,0.22,314.6,0.265,52.3,51.56,Spaceport / Landing Pad
-85.2313,-3.3665,-1337.2,5.93,0.81,0.0,74.0,40.1,1,0.152,0.89,291.1,0.36,0.0,31.48,Secondary Exploration Zone
-80.0,55.8855,890.8,0.5,0.36,55.6,201.7,144.4,0,0.0,0.14,324.8,0.223,55.2,53.37,Spaceport / Landing Pad
-86.6683,-11.3099,1445.8,1.76,0.52,60.1,205.1,148.1,0,0.0,0.09,339.8,0.163,60.5,54.01,Spaceport / Landing Pad
-82.2071,71.131,1473.7,2.07,0.46,60.2,205.2,148.2,0,0.0,0.12,340.3,0.161,60.8,53.83,Spaceport / Landing Pad
-80.8648,172.3667,1427.4,1.86,0.42,59.9,204.9,147.9,0,0.0,0.32,339.2,0.165,60.4,53.89,Spaceport / Landing Pad
-83.8919,51.2034,-31.0,14.5,1.37,40.3,190.2,132.2,0,0.0,0.31,286.7,0.378,46.4,21.6,Secondary Exploration Zone
-82.5081,30.7189,2215.3,0.5,0.15,67.8,210.9,154.3,0,0.0,0.3,347.5,0.132,67.9,57.13,Spaceport / Landing Pad
-85.4943,103.1726,1880.0,6.61,0.6,61.8,206.3,149.4,0,0.0,0.25,342.5,0.152,64.7,48.56,Secondary Exploration Zone
-80.0,-154.1481,980.6,1.19,0.21,56.1,202.0,144.8,0,0.0,0.26,326.9,0.215,56.1,53.27,Spaceport / Landing Pad
-81.4399,-25.1679,2085.4,0.52,0.14,66.6,210.0,153.3,0,0.0,0.29,347.5,0.132,66.7,56.67,Spaceport / Landing Pad
-80.8572,117.3499,898.6,2.47,0.41,54.7,201.0,143.7,0,0.0,0.33,323.4,0.229,55.3,52.09,Spaceport / Landing Pad
-80.6499,-121.9448,1683.2,1.13,0.28,62.6,206.9,150.1,0,0.0,0.06,347.0,0.134,62.8,54.99,Spaceport / Landing Pad
-82.3698,-104.8863,1251.2,2.34,0.34,58.0,203.5,146.4,0,0.0,0.17,333.7,0.187,58.7,53.05,Spaceport / Landing Pad
-85.3497,-79.5923,1133.7,1.04,0.47,57.5,203.2,146.0,0,0.0,0.22,331.4,0.197,57.5,53.72,Spaceport / Landing Pad
-86.8512,-101.9761,1764.3,0.5,0.2,63.7,207.7,150.9,0,0.0,0.26,347.5,0.132,63.6,55.56,Spaceport / Landing Pad
-83.6568,32.9885,1308.1,1.95,0.42,58.7,204.0,147.0,0,0.0,0.05,335.7,0.179,59.2,53.53,Spaceport / Landing Pad
-82.959,128.5412,1445.7,3.77,0.39,59.1,204.3,147.3,0,0.0,0.25,338.1,0.169,60.5,51.94,Secondary Exploration Zone
-80.9607,-163.8108,1348.4,1.17,0.4,59.5,204.6,147.6,0,0.0,0.34,337.5,0.172,59.6,54.16,Spaceport / Landing Pad
-81.2228,-147.1549,804.5,1.05,0.2,54.5,200.9,143.6,0,0.0,0.19,321.9,0.235,54.4,52.92,Spaceport / Landing Pad
-80.8496,-161.5651,1400.4,0.96,0.34,60.1,205.0,148.0,0,0.0,0.09,339.1,0.165,60.1,54.4,Spaceport / Landing Pad
-81.0849,-162.3239,1264.4,1.07,0.43,58.7,204.1,147.0,0,0.0,0.16,335.1,0.182,58.8,54.02,Spaceport / Landing Pad
-82.6206,-71.5651,1589.9,1.06,0.28,61.8,206.3,149.4,0,0.0,0.2,344.5,0.144,61.9,54.8,Spaceport / Landing Pad
-86.0376,164.9816,1265.1,0.82,0.38,58.9,204.2,147.1,0,0.0,0.21,335.4,0.181,58.8,54.14,Spaceport / Landing Pad
-84.7778,65.7256,-34.6,14.6,1.42,40.2,190.2,132.2,0,0.0,0.33,286.6,0.378,46.4,21.23,Secondary Exploration Zone
-85.6759,-166.2637,622.1,0.5,0.42,53.1,199.8,142.4,0,0.0,0.09,317.1,0.255,52.6,52.73,Spaceport / Landing Pad
-82.4341,177.8789,2327.3,0.54,0.14,68.9,211.6,155.1,0,0.0,0.35,347.4,0.132,69.0,57.5,Spaceport / Landing Pad
-84.4166,51.789,-2455.4,5.03,0.63,0.0,103.1,64.0,1,0.466,2.48,291.9,0.357,0.0,39.18,ISRU Cryogenic Mining Outpost
-80.0,135.0,1311.8,0.5,0.16,59.5,204.6,147.6,0,0.0,0.14,337.0,0.174,59.3,54.38,Spaceport / Landing Pad
-86.7317,-178.3634,930.1,0.95,0.26,55.7,201.8,144.6,0,0.0,0.11,325.6,0.22,55.6,53.28,Spaceport / Landing Pad
-83.7957,135.0,288.6,11.87,1.2,44.5,193.4,135.6,0,0.0,0.18,298.1,0.331,49.5,31.16,Secondary Exploration Zone
-83.0336,-72.0506,1402.7,0.5,0.22,60.3,205.2,148.2,0,0.0,0.13,339.6,0.164,60.1,54.6,Spaceport / Landing Pad
-82.6918,-24.9285,1583.4,1.03,0.4,61.7,206.3,149.4,0,0.0,0.11,344.4,0.144,61.9,54.8,Spaceport / Landing Pad
-84.6136,-98.9726,1191.3,1.31,0.26,57.9,203.5,146.4,0,0.0,0.24,332.8,0.191,58.1,53.7,Spaceport / Landing Pad
-88.1661,104.7436,1510.0,5.45,0.66,58.9,204.2,147.1,0,0.0,0.1,338.6,0.168,61.1,49.58,Secondary Exploration Zone
-87.1169,60.9454,762.7,1.73,0.42,53.8,200.3,143.0,0,0.0,0.1,320.1,0.242,54.0,52.39,Spaceport / Landing Pad
-83.3878,18.9465,2323.5,14.38,1.12,62.2,206.6,149.7,0,0.0,0.2,336.0,0.178,68.9,28.38,Secondary Exploration Zone
-81.444,-96.8924,1031.4,1.31,0.22,56.5,202.3,145.2,0,0.0,0.22,328.2,0.21,56.6,53.32,Spaceport / Landing Pad
-83.8126,-101.3099,1450.0,2.0,0.48,60.0,205.0,148.0,0,0.0,0.09,339.7,0.163,60.6,53.83,Spaceport / Landing Pad
-80.2592,-108.4349,563.7,1.37,0.27,52.1,199.1,141.7,0,0.0,0.3,314.7,0.264,52.1,52.16,Spaceport / Landing Pad
-80.513,-76.9209,1594.0,0.5,0.23,62.1,206.6,149.7,0,0.0,0.15,345.1,0.141,62.0,55.06,Spaceport / Landing Pad
-80.0,43.6831,816.5,2.33,0.33,54.0,200.5,143.2,0,0.0,0.11,321.2,0.238,54.5,52.02,Spaceport / Landing Pad
-82.0522,3.3665,593.0,1.46,0.28,52.3,199.2,141.9,0,0.0,0.21,315.5,0.261,52.4,52.17,Spaceport / Landing Pad
-86.7317,88.3634,1582.9,7.89,0.71,58.4,203.8,146.7,0,0.0,0.31,338.7,0.167,61.8,44.93,Secondary Exploration Zone
-82.3198,-20.6375,1785.7,1.29,0.41,63.5,207.6,150.8,0,0.0,0.08,346.8,0.134,63.8,55.26,Spaceport / Landing Pad
-81.3066,-86.9225,1575.8,1.33,0.37,61.5,206.1,149.2,0,0.0,0.09,343.9,0.146,61.8,54.61,Spaceport / Landing Pad
-80.5682,-51.4287,1042.7,1.75,0.29,56.4,202.3,145.1,0,0.0,0.32,328.2,0.21,56.7,53.05,Spaceport / Landing Pad
-83.446,-54.2726,570.6,2.14,0.3,51.8,198.8,141.4,0,0.0,0.11,314.3,0.266,52.2,51.6,Spaceport / Landing Pad
-82.5688,-122.692,1008.0,1.27,0.43,56.3,202.2,145.0,0,0.0,0.2,327.6,0.212,56.3,53.29,Spaceport / Landing Pad
-80.7737,-11.0826,809.1,0.98,0.33,54.6,200.9,143.7,0,0.0,0.3,322.1,0.234,54.4,52.97,Spaceport / Landing Pad
-80.0,137.0454,1414.3,0.82,0.26,60.3,205.2,148.2,0,0.0,0.27,339.7,0.163,60.2,54.5,Spaceport / Landing Pad
-87.2279,-45.0,1616.3,1.68,0.39,61.7,206.3,149.4,0,0.0,0.28,344.8,0.143,62.2,54.47,Spaceport / Landing Pad
-81.1202,-86.9872,1666.3,1.69,0.48,62.2,206.6,149.7,0,0.0,0.14,346.2,0.137,62.6,54.59,Spaceport / Landing Pad
-83.7733,-156.1247,1445.4,1.82,0.41,60.1,205.0,148.0,0,0.0,0.14,339.7,0.163,60.5,53.96,Spaceport / Landing Pad
-81.6293,-172.9542,1210.7,1.51,0.3,58.0,203.5,146.4,0,0.0,0.09,333.2,0.189,58.3,53.62,Spaceport / Landing Pad
-81.0032,-112.5741,592.0,0.95,0.22,52.6,199.4,142.1,0,0.0,0.31,315.9,0.26,52.4,52.47,Spaceport / Landing Pad
-80.8078,80.0594,2179.1,1.71,0.42,66.9,210.2,153.5,0,0.0,0.11,346.5,0.136,67.6,56.34,Spaceport / Landing Pad
-80.0,-46.206,1195.1,0.5,0.29,58.4,203.8,146.7,0,0.0,0.27,333.6,0.188,58.1,54.1,Spaceport / Landing Pad
-81.8145,172.7939,2047.8,0.5,0.4,66.3,209.7,153.0,0,0.0,0.13,347.5,0.132,66.3,56.54,Spaceport / Landing Pad
-81.1871,118.4652,1126.9,1.65,0.38,57.2,202.9,145.8,0,0.0,0.07,330.7,0.2,57.5,53.32,Spaceport / Landing Pad
-84.013,-149.0362,1428.4,0.63,0.33,60.5,205.4,148.4,0,0.0,0.2,340.2,0.161,60.4,54.61,Spaceport / Landing Pad
-83.1344,82.9716,1104.3,1.6,0.32,57.0,202.8,145.6,0,0.0,0.34,330.1,0.202,57.3,53.31,Spaceport / Landing Pad
-80.0,45.6366,459.1,0.96,0.22,51.3,198.5,141.1,0,0.0,0.21,312.0,0.275,51.1,52.14,Spaceport / Landing Pad
-83.1956,-116.9166,1819.0,1.83,0.36,63.5,207.6,150.8,0,0.0,0.16,346.4,0.136,64.1,55.0,Spaceport / Landing Pad
-81.0148,137.5261,569.5,0.67,0.38,52.5,199.4,142.0,0,0.0,0.35,315.4,0.261,52.1,52.54,Spaceport / Landing Pad
-85.7737,-96.3402,1621.8,0.5,0.36,62.3,206.7,149.9,0,0.0,0.14,345.9,0.138,62.2,55.12,Spaceport / Landing Pad
-86.0907,-123.3106,1346.6,0.73,0.43,59.7,204.7,147.7,0,0.0,0.26,337.8,0.171,59.6,54.37,Spaceport / Landing Pad
-80.0,61.7712,840.6,1.24,0.41,54.7,201.0,143.8,0,0.0,0.34,322.8,0.232,54.7,52.9,Spaceport / Landing Pad
-80.7737,115.7873,638.1,0.91,0.34,53.0,199.8,142.4,0,0.0,0.15,317.2,0.254,52.8,52.6,Spaceport / Landing Pad
-80.0,-132.1014,1222.0,1.27,0.4,58.3,203.7,146.6,0,0.0,0.21,333.7,0.187,58.4,53.8,Spaceport / Landing Pad
-80.0,36.7733,1461.1,2.05,0.45,60.1,205.1,148.1,0,0.0,0.12,340.0,0.162,60.7,53.81,Spaceport / Landing Pad
-83.9666,-145.0806,1406.5,1.43,0.34,59.9,204.9,147.9,0,0.0,0.31,338.9,0.166,60.2,54.14,Spaceport / Landing Pad
-81.1911,115.7505,697.3,1.81,0.24,53.1,199.8,142.5,0,0.0,0.17,318.2,0.25,53.4,52.18,Spaceport / Landing Pad
-81.2069,127.2348,1365.1,1.7,0.28,59.4,204.5,147.5,0,0.0,0.28,337.5,0.172,59.8,53.85,Spaceport / Landing Pad
-82.7733,35.5377,2151.6,1.44,0.34,66.8,210.1,153.4,0,0.0,0.35,346.7,0.135,67.3,56.44,Spaceport / Landing Pad
-80.0,45.0,739.2,1.56,0.32,53.6,200.2,142.9,0,0.0,0.31,319.6,0.245,53.8,52.46,Spaceport / Landing Pad
-86.3489,94.3987,2076.0,15.42,1.36,59.4,204.5,147.5,0,0.0,0.24,335.2,0.181,66.6,25.22,Secondary Exploration Zone
-80.331,139.6987,1001.8,0.78,0.24,56.4,202.3,145.2,0,0.0,0.2,327.8,0.211,56.3,53.53,Spaceport / Landing Pad
-80.0,-33.0031,1422.3,1.3,0.49,60.1,205.1,148.1,0,0.0,0.07,339.5,0.164,60.3,54.26,Spaceport / Landing Pad
-89.1547,96.3402,1465.0,1.13,0.45,60.6,205.4,148.5,0,0.0,0.06,340.9,0.158,60.7,54.46,Spaceport / Landing Pad
-88.7547,-167.0054,-1585.8,15.48,1.3,0.0,62.9,63.5,1,0.164,1.17,283.3,0.392,0.0,7.65,Secondary Exploration Zone
-80.3925,-32.3004,1673.2,0.88,0.39,62.6,207.0,150.1,0,0.0,0.08,347.1,0.133,62.7,55.09,Spaceport / Landing Pad
-86.6579,54.0903,1019.0,2.08,0.54,56.0,202.0,144.8,0,0.0,0.08,327.2,0.214,56.4,52.73,Spaceport / Landing Pad
-89.7048,-161.5651,-307.1,17.19,1.43,36.4,187.3,129.1,0,0.0,0.31,281.9,0.397,43.8,18.71,Secondary Exploration Zone
-81.646,-140.4403,718.1,1.16,0.36,53.6,200.2,142.9,0,0.0,0.35,319.3,0.246,53.6,52.65,Spaceport / Landing Pad
-82.3698,82.2664,1003.7,0.5,0.37,56.6,202.4,145.3,0,0.0,0.07,328.1,0.21,56.3,53.64,Spaceport / Landing Pad
-86.2827,-28.4956,1571.9,1.41,0.47,61.4,206.1,149.1,0,0.0,0.15,343.7,0.147,61.7,54.55,Spaceport / Landing Pad
-83.9148,94.3987,1487.2,0.61,0.33,61.0,205.8,148.8,0,0.0,0.35,341.9,0.154,60.9,54.76,Spaceport / Landing Pad
-85.5332,-26.0296,1070.8,0.79,0.4,57.1,202.8,145.7,0,0.0,0.14,329.8,0.203,56.9,53.69,Spaceport / Landing Pad
-80.1348,159.5074,1318.5,1.63,0.33,59.0,204.2,147.2,0,0.0,0.34,336.2,0.177,59.3,53.8,Spaceport / Landing Pad
-81.2387,14.1843,1240.6,0.99,0.21,58.6,203.9,146.8,0,0.0,0.18,334.5,0.184,58.6,54.0,Spaceport / Landing Pad
-82.2071,-34.2611,1545.8,0.56,0.33,61.6,206.2,149.3,0,0.0,0.15,343.7,0.147,61.5,54.92,Spaceport / Landing Pad
-82.9838,33.0558,2025.6,2.01,0.43,65.3,209.0,152.3,0,0.0,0.19,346.2,0.137,66.1,55.58,Spaceport / Landing Pad
-80.7247,110.6235,353.0,0.5,0.22,50.6,197.9,140.5,0,0.0,0.08,309.3,0.286,50.1,52.08,Spaceport / Landing Pad
-80.4216,-142.125,797.6,1.21,0.48,54.3,200.8,143.5,0,0.0,0.15,321.6,0.237,54.3,52.82,Spaceport / Landing Pad
-82.8802,145.6849,985.6,0.54,0.27,56.4,202.3,145.1,0,0.0,0.27,327.5,0.212,56.1,53.58,Spaceport / Landing Pad
-87.1049,20.7723,-934.6,11.52,1.13,0.0,70.0,46.4,1,0.344,1.85,286.5,0.378,0.0,22.48,Secondary Exploration Zone
-80.5535,-78.0239,1601.5,0.5,0.31,62.1,206.6,149.7,0,0.0,0.32,345.3,0.14,62.0,55.07,Spaceport / Landing Pad
-81.5547,-159.9628,889.8,1.39,0.25,55.1,201.3,144.1,0,0.0,0.18,324.1,0.226,55.2,52.93,Spaceport / Landing Pad
-81.3831,50.2739,1058.5,1.59,0.27,56.6,202.4,145.3,0,0.0,0.28,328.8,0.207,56.8,53.2,Spaceport / Landing Pad
-86.8845,-8.6156,1538.9,0.65,0.17,61.5,206.1,149.2,0,0.0,0.33,343.4,0.148,61.4,54.87,Spaceport / Landing Pad
-81.5012,-1.8882,765.2,2.13,0.28,53.6,200.2,142.9,0,0.0,0.28,319.9,0.243,54.0,52.08,Spaceport / Landing Pad
-81.4971,-72.7585,1846.7,0.8,0.25,64.3,208.2,151.4,0,0.0,0.28,347.2,0.133,64.4,55.73,Spaceport / Landing Pad
-86.8622,59.6209,799.9,0.55,0.42,54.7,201.0,143.7,0,0.0,0.1,322.2,0.234,54.3,53.14,Spaceport / Landing Pad
-80.0,122.1644,1987.1,2.09,0.46,65.0,208.7,152.0,0,0.0,0.23,346.2,0.137,65.7,55.38,Spaceport / Landing Pad
-81.7383,-122.074,981.7,1.13,0.34,56.1,202.1,144.9,0,0.0,0.33,326.9,0.215,56.1,53.31,Spaceport / Landing Pad
-84.845,-95.1944,1194.3,0.5,0.17,58.4,203.8,146.7,0,0.0,0.1,333.6,0.188,58.1,54.1,Spaceport / Landing Pad
-85.7737,-83.6598,1343.4,1.11,0.27,59.5,204.6,147.6,0,0.0,0.07,337.4,0.173,59.6,54.18,Spaceport / Landing Pad
-86.0818,-102.3808,1707.6,0.5,0.24,63.1,207.3,150.5,0,0.0,0.24,347.5,0.132,63.0,55.36,Spaceport / Landing Pad
-82.3152,49.9271,1656.9,1.22,0.47,62.3,206.7,149.8,0,0.0,0.21,346.3,0.136,62.6,54.87,Spaceport / Landing Pad
-82.3607,-35.0494,1549.2,0.95,0.31,61.4,206.1,149.2,0,0.0,0.2,343.4,0.148,61.5,54.76,Spaceport / Landing Pad
-87.069,52.7652,998.2,4.97,0.6,54.4,200.8,143.5,0,0.0,0.12,324.3,0.226,56.2,49.14,Secondary Exploration Zone
-80.0,-148.1575,611.8,0.5,0.28,53.0,199.7,142.4,0,0.0,0.17,316.8,0.256,52.5,52.7,Spaceport / Landing Pad
-84.9405,127.5041,-2023.1,0.91,0.18,0.0,72.8,56.3,1,0.921,4.86,295.3,0.343,0.0,52.15,ISRU Cryogenic Mining Outpost
-81.991,-126.4692,926.7,0.76,0.3,55.8,201.8,144.6,0,0.0,0.1,325.7,0.22,55.6,53.36,Spaceport / Landing Pad
-82.2655,-162.4397,803.4,0.54,0.3,54.7,201.0,143.8,0,0.0,0.34,322.3,0.234,54.4,53.15,Spaceport / Landing Pad
-85.0873,-75.6997,901.9,1.41,0.26,55.2,201.4,144.2,0,0.0,0.26,324.4,0.225,55.3,52.95,Spaceport / Landing Pad
-82.8949,80.1664,887.9,0.53,0.18,55.5,201.6,144.4,0,0.0,0.23,324.7,0.224,55.2,53.35,Spaceport / Landing Pad
-80.0,131.7481,1459.2,0.52,0.23,60.8,205.6,148.7,0,0.0,0.35,341.2,0.157,60.7,54.73,Spaceport / Landing Pad
-83.0136,112.7965,1271.3,2.06,0.42,58.3,203.7,146.7,0,0.0,0.14,334.5,0.184,58.9,53.35,Spaceport / Landing Pad
-86.0907,-33.3106,1566.1,1.55,0.41,61.3,206.0,149.0,0,0.0,0.33,343.4,0.148,61.7,54.45,Spaceport / Landing Pad
-81.3226,-168.2066,1102.7,0.5,0.43,57.5,203.1,146.0,0,0.0,0.06,330.9,0.199,57.2,53.88,Spaceport / Landing Pad
-87.985,103.3925,2437.0,8.89,0.94,65.9,209.4,152.7,0,0.0,0.33,340.6,0.16,70.0,45.42,Secondary Exploration Zone
-82.6065,-133.977,577.3,0.79,0.29,52.5,199.4,142.0,0,0.0,0.28,315.6,0.261,52.2,52.5,Spaceport / Landing Pad
-80.0,121.8425,1877.6,1.6,0.49,64.2,208.1,151.3,0,0.0,0.08,346.6,0.135,64.7,55.38,Spaceport / Landing Pad
-80.5867,-67.249,2044.3,0.5,0.27,66.2,209.7,153.0,0,0.0,0.1,347.5,0.132,66.3,56.53,Spaceport / Landing Pad
-83.104,-50.4923,1143.7,2.23,0.36,57.1,202.8,145.7,0,0.0,0.15,330.7,0.2,57.6,52.9,Spaceport / Landing Pad
-81.2467,68.0851,1960.9,1.63,0.43,64.9,208.7,151.9,0,0.0,0.18,346.5,0.135,65.5,55.64,Spaceport / Landing Pad
-86.5149,110.3764,2293.4,5.67,0.51,66.1,209.6,152.9,0,0.0,0.19,343.2,0.149,68.6,51.75,Secondary Exploration Zone
-80.7022,6.3402,1341.3,0.97,0.32,59.5,204.6,147.6,0,0.0,0.31,337.4,0.172,59.5,54.25,Spaceport / Landing Pad
-81.789,-130.3894,1008.9,0.88,0.24,56.5,202.3,145.2,0,0.0,0.05,327.9,0.211,56.4,53.5,Spaceport / Landing Pad
-82.6775,-11.0235,826.1,2.59,0.33,53.9,200.5,143.2,0,0.0,0.24,321.3,0.238,54.6,51.8,Spaceport / Landing Pad
-81.2786,-84.4725,1518.1,1.17,0.47,61.0,205.8,148.8,0,0.0,0.16,342.4,0.152,61.2,54.57,Spaceport / Landing Pad
-83.932,90.8814,1549.9,0.77,0.37,61.5,206.1,149.2,0,0.0,0.26,343.6,0.147,61.5,54.85,Spaceport / Landing Pad
-85.0099,172.4762,1173.3,0.84,0.42,58.0,203.5,146.4,0,0.0,0.25,332.7,0.192,57.9,53.91,Spaceport / Landing Pad
-83.6294,50.9469,1030.9,2.8,0.59,55.7,201.8,144.6,0,0.0,0.34,327.0,0.215,56.6,52.08,Spaceport / Landing Pad
-84.6395,-35.0738,1218.6,1.67,0.49,58.0,203.5,146.4,0,0.0,0.06,333.3,0.189,58.4,53.53,Spaceport / Landing Pad
-81.5341,145.7843,798.6,0.5,0.41,54.7,201.0,143.8,0,0.0,0.24,322.2,0.234,54.3,53.15,Spaceport / Landing Pad
-86.7531,-71.5651,625.4,0.96,0.3,52.9,199.7,142.3,0,0.0,0.09,316.8,0.256,52.7,52.54,Spaceport / Landing Pad
-83.478,9.0579,-2232.5,7.73,0.84,0.0,69.4,56.4,1,0.056,0.36,289.7,0.366,0.0,26.18,Secondary Exploration Zone
-84.7645,-78.6901,1114.6,0.98,0.33,57.4,203.0,145.9,0,0.0,0.13,330.9,0.199,57.4,53.71,Spaceport / Landing Pad
-80.0,147.6086,836.7,0.7,0.2,55.0,201.2,144.0,0,0.0,0.16,323.1,0.23,54.7,53.17,Spaceport / Landing Pad
-80.4216,127.875,1516.5,1.7,0.29,60.8,205.6,148.6,0,0.0,0.21,341.9,0.154,61.2,54.22,Spaceport / Landing Pad
-84.6786,68.3852,1060.8,5.95,0.7,54.5,200.9,143.6,0,0.0,0.06,325.2,0.222,56.8,47.62,Secondary Exploration Zone
-82.2071,71.131,1473.7,2.07,0.46,60.2,205.2,148.2,0,0.0,0.12,340.3,0.161,60.8,53.83,Spaceport / Landing Pad
-88.2637,53.7462,-1622.6,7.85,0.86,0.0,70.4,39.3,1,0.602,3.28,289.6,0.366,0.0,36.82,ISRU Cryogenic Mining Outpost
-80.0819,-54.9638,474.7,1.09,0.31,51.4,198.6,141.1,0,0.0,0.26,312.4,0.274,51.2,52.11,Spaceport / Landing Pad
-80.7737,-64.2127,1761.9,2.37,0.55,62.7,207.0,150.2,0,0.0,0.12,345.9,0.138,63.6,54.34,Spaceport / Landing Pad
-83.0037,-103.1092,1665.0,0.73,0.45,62.6,207.0,150.1,0,0.0,0.28,347.0,0.134,62.6,55.14,Spaceport / Landing Pad
-82.8412,-39.7099,1762.6,1.62,0.29,63.1,207.3,150.5,0,0.0,0.08,346.6,0.135,63.6,54.96,Spaceport / Landing Pad
-86.0997,-158.9625,580.3,0.5,0.42,52.7,199.5,142.1,0,0.0,0.31,315.9,0.26,52.2,52.63,Spaceport / Landing Pad
-81.3186,-89.3839,1572.0,0.74,0.28,61.8,206.3,149.4,0,0.0,0.06,344.3,0.145,61.7,54.91,Spaceport / Landing Pad
-88.5968,86.1859,1615.3,0.5,0.35,62.3,206.7,149.8,0,0.0,0.12,345.7,0.139,62.2,55.11,Spaceport / Landing Pad
-81.0967,-29.5214,1942.8,0.88,0.26,65.1,208.8,152.1,0,0.0,0.1,347.2,0.133,65.3,56.03,Spaceport / Landing Pad
-81.3912,-9.3602,555.0,0.5,0.33,52.4,199.3,142.0,0,0.0,0.19,315.2,0.263,52.0,52.57,Spaceport / Landing Pad
-82.7348,20.2976,1592.7,1.62,0.36,61.5,206.1,149.2,0,0.0,0.21,344.1,0.145,61.9,54.46,Spaceport / Landing Pad
-83.6899,-150.7808,1181.0,1.98,0.46,57.5,203.1,146.0,0,0.0,0.3,332.0,0.194,58.0,53.2,Spaceport / Landing Pad
-83.5533,124.3803,876.2,7.3,0.79,52.2,199.1,141.7,0,0.0,0.09,318.8,0.248,55.1,44.52,Secondary Exploration Zone
-81.8145,-45.924,1948.1,1.2,0.35,65.0,208.8,152.0,0,0.0,0.11,346.9,0.134,65.3,55.87,Spaceport / Landing Pad
-84.7446,160.2777,1577.9,0.5,0.21,61.9,206.4,149.5,0,0.0,0.1,344.6,0.143,61.8,55.02,Spaceport / Landing Pad
-80.0,136.9525,1496.1,0.5,0.28,61.2,205.9,148.9,0,0.0,0.26,342.3,0.153,61.0,54.82,Spaceport / Landing Pad
-83.6294,169.0193,1284.6,0.87,0.42,59.0,204.3,147.2,0,0.0,0.15,335.9,0.179,59.0,54.17,Spaceport / Landing Pad
-88.2045,171.0274,-714.9,16.99,1.37,32.8,184.6,126.2,0,0.0,0.09,282.0,0.397,39.8,17.31,Secondary Exploration Zone
-84.4416,130.9144,-1675.8,2.31,0.54,0.0,79.0,48.4,1,0.582,3.18,294.1,0.348,0.0,44.57,ISRU Cryogenic Mining Outpost
-84.3979,-169.439,1595.8,2.41,0.43,61.2,205.9,148.9,0,0.0,0.16,343.6,0.147,62.0,53.82,Spaceport / Landing Pad
-83.8976,-83.8534,967.9,0.5,0.3,56.3,202.2,145.0,0,0.0,0.2,327.1,0.214,56.0,53.55,Spaceport / Landing Pad
-85.6119,119.2914,-762.9,3.49,0.46,0.0,73.1,38.7,1,0.504,2.85,293.1,0.352,0.0,41.91,ISRU Cryogenic Mining Outpost
-80.0,-40.2364,805.8,0.67,0.41,54.7,201.0,143.7,0,0.0,0.31,322.3,0.234,54.4,53.11,Spaceport / Landing Pad
-80.6797,-119.389,1515.7,1.1,0.18,61.1,205.8,148.8,0,0.0,0.1,342.4,0.152,61.2,54.6,Spaceport / Landing Pad
-82.7348,110.2976,913.1,1.79,0.26,55.1,201.4,144.1,0,0.0,0.13,324.4,0.225,55.4,52.71,Spaceport / Landing Pad
-85.3347,70.1148,1219.5,3.96,0.42,56.9,202.7,145.5,0,0.0,0.15,331.5,0.197,58.4,51.15,Secondary Exploration Zone
-82.4019,52.9893,1566.7,0.5,0.38,61.8,206.4,149.5,0,0.0,0.12,344.3,0.144,61.7,54.99,Spaceport / Landing Pad
-80.9222,-85.8724,1747.0,0.95,0.33,63.3,207.5,150.6,0,0.0,0.24,347.1,0.133,63.4,55.31,Spaceport / Landing Pad
-81.7933,123.8708,1594.5,0.51,0.19,62.1,206.6,149.7,0,0.0,0.15,345.1,0.141,62.0,55.05,Spaceport / Landing Pad
-82.9491,-173.1572,2198.9,1.03,0.46,67.4,210.6,153.9,0,0.0,0.3,347.0,0.133,67.7,56.84,Spaceport / Landing Pad
-83.4354,60.1541,440.2,1.99,0.4,50.7,198.0,140.5,0,0.0,0.35,310.6,0.281,50.9,51.41,Spaceport / Landing Pad
-80.6797,150.611,435.4,0.67,0.39,51.2,198.4,141.0,0,0.0,0.1,311.6,0.277,50.9,52.22,Spaceport / Landing Pad
-88.224,93.0128,1543.9,0.5,0.41,61.6,206.2,149.3,0,0.0,0.28,343.7,0.147,61.5,54.94,Spaceport / Landing Pad
-88.0199,-45.0,1745.0,2.6,0.56,62.5,206.8,150.0,0,0.0,0.16,345.7,0.139,63.4,54.06,Spaceport / Landing Pad
-82.1804,113.1986,797.1,2.01,0.28,54.0,200.5,143.2,0,0.0,0.19,320.9,0.239,54.3,52.25,Spaceport / Landing Pad
-81.6043,-8.3103,454.6,1.1,0.45,51.2,198.4,141.0,0,0.0,0.12,311.8,0.276,51.0,52.06,Spaceport / Landing Pad
-83.1344,-46.1017,1625.2,2.01,0.43,61.6,206.2,149.3,0,0.0,0.24,344.8,0.143,62.3,54.24,Spaceport / Landing Pad
-81.3146,91.8476,815.1,0.92,0.38,54.6,201.0,143.7,0,0.0,0.31,322.3,0.234,54.5,53.02,Spaceport / Landing Pad
-81.5341,124.2157,1582.4,0.5,0.38,62.0,206.5,149.6,0,0.0,0.25,344.8,0.143,61.8,55.03,Spaceport / Landing Pad
-82.2071,136.9415,409.6,0.5,0.36,51.1,198.3,140.9,0,0.0,0.14,311.0,0.279,50.6,52.22,Spaceport / Landing Pad
-85.2022,127.0928,-1940.2,2.14,0.35,0.0,66.1,67.0,1,0.89,4.74,294.3,0.347,0.0,50.87,ISRU Cryogenic Mining Outpost
-83.9435,114.5901,1003.5,5.46,0.6,54.2,200.7,143.4,0,0.0,0.16,324.0,0.227,56.3,48.35,Secondary Exploration Zone
-83.8635,-26.1753,931.3,0.5,0.34,55.9,201.9,144.7,0,0.0,0.29,326.0,0.219,55.6,53.47,Spaceport / Landing Pad
-85.8739,-142.3524,885.9,0.86,0.28,55.3,201.5,144.3,0,0.0,0.09,324.4,0.225,55.2,53.21,Spaceport / Landing Pad
-81.6043,118.5596,1227.4,1.44,0.46,58.2,203.7,146.6,0,0.0,0.16,333.8,0.187,58.4,53.71,Spaceport / Landing Pad
-82.959,-128.5412,1051.8,2.55,0.34,56.1,202.0,144.8,0,0.0,0.3,327.8,0.211,56.8,52.38,Spaceport / Landing Pad
-83.2573,158.0513,1057.1,2.11,0.45,56.3,202.2,145.1,0,0.0,0.24,328.3,0.209,56.8,52.79,Spaceport / Landing Pad
-84.2687,-52.9435,495.9,2.33,0.38,51.0,198.3,140.8,0,0.0,0.09,311.9,0.276,51.4,51.25,Spaceport / Landing Pad
-86.9524,-130.0303,1386.9,0.5,0.19,60.2,205.1,148.1,0,0.0,0.2,339.1,0.165,60.0,54.56,Spaceport / Landing Pad
-83.1853,-103.4652,1712.5,1.28,0.22,62.8,207.1,150.2,0,0.0,0.12,346.8,0.134,63.1,55.01,Spaceport / Landing Pad
-80.5498,-147.0948,813.6,0.75,0.33,54.7,201.0,143.8,0,0.0,0.2,322.4,0.233,54.5,53.09,Spaceport / Landing Pad
-81.3791,109.6121,396.3,0.72,0.29,50.9,198.1,140.7,0,0.0,0.25,310.4,0.282,50.5,52.1,Spaceport / Landing Pad
-82.1893,-75.4655,1522.0,1.48,0.47,60.9,205.7,148.7,0,0.0,0.11,342.2,0.153,61.3,54.39,Spaceport / Landing Pad
-82.0873,72.8476,1548.5,2.32,0.51,60.8,205.6,148.6,0,0.0,0.06,342.3,0.153,61.5,53.79,Spaceport / Landing Pad
-80.0,-52.125,285.5,1.37,0.31,49.5,197.1,139.6,0,0.0,0.32,306.7,0.297,49.4,51.5,Spaceport / Landing Pad
-82.9838,-3.8141,372.0,3.94,0.53,49.1,196.8,139.3,0,0.0,0.32,307.1,0.295,50.3,49.14,Secondary Exploration Zone
-80.0,131.2277,1489.0,1.69,0.31,60.5,205.4,148.4,0,0.0,0.2,341.1,0.158,60.9,54.16,Spaceport / Landing Pad
-80.9069,-144.1888,876.4,0.5,0.28,55.4,201.6,144.3,0,0.0,0.22,324.4,0.225,55.1,53.34,Spaceport / Landing Pad
-80.0,-131.2277,2172.4,0.71,0.28,67.3,210.5,153.9,0,0.0,0.21,347.3,0.132,67.5,56.9,Spaceport / Landing Pad
-80.0,146.1649,995.0,1.79,0.4,55.9,201.9,144.7,0,0.0,0.15,326.8,0.215,56.2,52.9,Spaceport / Landing Pad
-80.0,127.875,2114.5,1.97,0.39,66.2,209.6,153.0,0,0.0,0.08,346.3,0.137,66.9,55.92,Spaceport / Landing Pad
-86.2827,-141.1155,880.0,1.1,0.31,55.2,201.4,144.1,0,0.0,0.11,324.0,0.227,55.1,53.08,Spaceport / Landing Pad
-80.0,128.4431,2013.7,1.38,0.25,65.5,209.2,152.4,0,0.0,0.07,346.8,0.135,66.0,55.99,Spaceport / Landing Pad
-81.8145,172.7939,2047.8,0.5,0.4,66.3,209.7,153.0,0,0.0,0.13,347.5,0.132,66.3,56.54,Spaceport / Landing Pad
-86.9296,-70.4633,640.6,1.58,0.32,52.7,199.5,142.2,0,0.0,0.31,316.7,0.256,52.8,52.21,Spaceport / Landing Pad
-86.1718,45.0,2245.2,5.83,0.62,65.6,209.2,152.4,0,0.0,0.13,343.1,0.149,68.2,51.29,Secondary Exploration Zone
-80.0,-138.4064,1146.9,1.81,0.31,57.3,203.0,145.8,0,0.0,0.29,331.1,0.198,57.7,53.25,Spaceport / Landing Pad
-80.0,-133.0908,2023.3,1.45,0.5,65.6,209.2,152.5,0,0.0,0.15,346.7,0.135,66.1,55.99,Spaceport / Landing Pad
-80.0,34.0889,1383.4,1.69,0.32,59.5,204.7,147.6,0,0.0,0.26,338.1,0.17,59.9,53.91,Spaceport / Landing Pad
-81.8572,115.0963,840.6,1.94,0.47,54.4,200.8,143.5,0,0.0,0.15,322.2,0.234,54.7,52.42,Spaceport / Landing Pad
-86.9183,-54.8658,962.6,2.93,0.31,55.0,201.3,144.0,0,0.0,0.09,324.9,0.223,55.9,51.77,Spaceport / Landing Pad
-80.0,133.5856,1183.1,1.42,0.25,57.8,203.4,146.3,0,0.0,0.06,332.5,0.192,58.0,53.61,Spaceport / Landing Pad
-86.1627,-94.1849,1702.4,0.5,0.3,63.1,207.3,150.5,0,0.0,0.12,347.5,0.132,63.0,55.34,Spaceport / Landing Pad
-81.4196,-30.75,1794.7,1.25,0.47,63.6,207.7,150.9,0,0.0,0.12,346.9,0.134,63.9,55.31,Spaceport / Landing Pad
-84.492,-89.029,1058.6,1.21,0.24,56.8,202.6,145.4,0,0.0,0.29,329.1,0.206,56.8,53.44,Spaceport / Landing Pad
-81.8529,-94.6001,1361.0,0.5,0.29,59.9,204.9,147.9,0,0.0,0.16,338.4,0.168,59.7,54.5,Spaceport / Landing Pad
-82.1448,20.1576,1773.3,1.32,0.25,63.3,207.5,150.7,0,0.0,0.33,346.8,0.134,63.7,55.2,Spaceport / Landing Pad
-80.8877,-46.6603,1770.3,0.85,0.42,63.5,207.7,150.8,0,0.0,0.13,347.2,0.133,63.6,55.44,Spaceport / Landing Pad
-82.4341,-38.991,1783.5,1.65,0.25,63.3,207.5,150.6,0,0.0,0.34,346.5,0.136,63.8,55.01,Spaceport / Landing Pad
-82.3698,-82.2664,1000.5,1.13,0.36,56.3,202.2,145.0,0,0.0,0.16,327.5,0.213,56.3,53.35,Spaceport / Landing Pad
-88.783,4.3987,2153.5,0.74,0.37,67.1,210.4,153.7,0,0.0,0.12,347.3,0.132,67.3,56.82,Spaceport / Landing Pad
-80.0,-136.9525,1641.4,0.71,0.15,62.4,206.8,149.9,0,0.0,0.29,346.3,0.136,62.4,55.09,Spaceport / Landing Pad
-80.0,36.4041,1100.3,1.1,0.41,57.2,202.9,145.8,0,0.0,0.3,330.4,0.201,57.2,53.61,Spaceport / Landing Pad
-80.0,-150.0685,756.1,0.94,0.23,54.1,200.6,143.3,0,0.0,0.1,320.6,0.241,53.9,52.87,Spaceport / Landing Pad
-87.8511,145.6197,315.8,1.51,0.35,49.7,197.3,139.8,0,0.0,0.1,307.4,0.294,49.7,51.48,Spaceport / Landing Pad
-81.6293,-7.0458,431.6,1.34,0.37,50.9,198.2,140.7,0,0.0,0.12,310.9,0.28,50.8,51.87,Spaceport / Landing Pad
-85.7737,173.6598,1152.1,1.07,0.38,57.7,203.3,146.2,0,0.0,0.15,331.9,0.195,57.7,53.75,Spaceport / Landing Pad
-83.9955,11.6593,-3352.1,3.82,0.45,0.0,61.2,38.4,1,0.578,3.16,292.9,0.353,0.0,43.02,ISRU Cryogenic Mining Outpost
-85.2459,46.5911,-2017.9,5.94,0.67,0.0,91.9,46.6,1,0.548,3.14,291.1,0.36,0.0,39.38,ISRU Cryogenic Mining Outpost
-83.6239,72.0956,432.3,0.68,0.16,51.2,198.4,141.0,0,0.0,0.31,311.5,0.277,50.8,52.21,Spaceport / Landing Pad
-83.2625,-137.2457,867.7,2.04,0.26,54.6,200.9,143.7,0,0.0,0.21,322.9,0.231,55.0,52.4,Spaceport / Landing Pad
-83.3878,-108.9465,1976.2,1.6,0.26,65.1,208.8,152.1,0,0.0,0.26,346.6,0.135,65.6,55.72,Spaceport / Landing Pad
-87.478,-128.991,1425.0,1.32,0.35,60.1,205.1,148.1,0,0.0,0.29,339.6,0.164,60.3,54.26,Spaceport / Landing Pad
-80.0119,142.5946,1220.2,0.5,0.23,58.6,204.0,146.9,0,0.0,0.17,334.3,0.185,58.4,54.16,Spaceport / Landing Pad
-80.9414,1.7715,1452.9,0.74,0.18,60.6,205.5,148.5,0,0.0,0.18,340.8,0.159,60.6,54.63,Spaceport / Landing Pad
-81.0927,141.8091,809.1,0.72,0.4,54.7,201.0,143.8,0,0.0,0.1,322.3,0.234,54.4,53.09,Spaceport / Landing Pad
-80.6238,80.2564,2244.4,1.51,0.4,67.6,210.7,154.1,0,0.0,0.26,346.6,0.135,68.2,56.71,Spaceport / Landing Pad
-85.2313,-40.2364,1345.4,0.5,0.38,59.8,204.8,147.8,0,0.0,0.13,337.9,0.17,59.6,54.46,Spaceport / Landing Pad
-87.0335,77.2756,704.8,10.22,1.11,49.2,196.9,139.3,0,0.0,0.07,311.5,0.277,53.4,36.98,Secondary Exploration Zone
-87.178,-124.2157,1547.5,0.92,0.43,61.4,206.1,149.2,0,0.0,0.16,343.4,0.148,61.5,54.77,Spaceport / Landing Pad
-82.4249,-112.4569,1079.9,1.79,0.41,56.7,202.5,145.3,0,0.0,0.14,329.2,0.206,57.0,53.11,Spaceport / Landing Pad
-80.0,-55.3663,111.7,0.65,0.27,48.3,196.2,138.6,0,0.0,0.13,302.3,0.315,47.8,51.45,Spaceport / Landing Pad
-84.1782,-102.0306,1395.8,1.29,0.44,59.9,204.9,147.9,0,0.0,0.29,338.7,0.167,60.1,54.2,Spaceport / Landing Pad
-80.5535,-101.9761,26.7,0.5,0.37,47.5,195.7,138.0,0,0.0,0.31,299.9,0.324,46.9,51.3,Spaceport / Landing Pad
-80.0,40.8653,1391.4,1.1,0.3,59.9,204.9,147.9,0,0.0,0.29,338.8,0.167,60.0,54.31,Spaceport / Landing Pad
-80.8496,18.4349,999.6,0.8,0.43,56.4,202.3,145.1,0,0.0,0.2,327.7,0.212,56.3,53.51,Spaceport / Landing Pad
-80.7586,113.1986,370.3,0.97,0.36,50.5,197.9,140.4,0,0.0,0.26,309.4,0.286,50.2,51.92,Spaceport / Landing Pad
-85.8654,-118.3008,1441.2,0.5,0.15,60.7,205.5,148.5,0,0.0,0.14,340.7,0.159,60.5,54.69,Spaceport / Landing Pad
-81.1911,164.6384,1430.8,1.12,0.39,60.3,205.2,148.2,0,0.0,0.05,339.9,0.162,60.4,54.39,Spaceport / Landing Pad
-80.0,130.6489,1552.7,2.44,0.37,60.8,205.6,148.6,0,0.0,0.21,342.3,0.153,61.6,53.69,Spaceport / Landing Pad
-80.8305,141.6135,888.7,1.02,0.18,55.3,201.5,144.2,0,0.0,0.29,324.3,0.225,55.2,53.14,Spaceport / Landing Pad
-81.6668,-41.367,1925.9,0.5,0.19,65.1,208.9,152.1,0,0.0,0.17,347.5,0.132,65.1,56.12,Spaceport / Landing Pad
-81.6043,98.3103,1121.9,0.85,0.44,57.5,203.1,146.0,0,0.0,0.05,331.2,0.198,57.4,53.79,Spaceport / Landing Pad
-82.4249,112.4569,871.4,0.98,0.2,55.1,201.4,144.1,0,0.0,0.13,323.9,0.227,55.0,53.12,Spaceport / Landing Pad
-80.0,147.0426,875.0,1.71,0.22,54.8,201.1,143.9,0,0.0,0.32,323.4,0.229,55.1,52.68,Spaceport / Landing Pad
-88.5241,161.5651,1408.7,9.96,0.85,55.8,201.9,144.7,0,0.0,0.19,332.0,0.194,60.2,39.39,Secondary Exploration Zone
-81.1202,-146.1429,836.8,0.5,0.34,55.1,201.3,144.0,0,0.0,0.21,323.3,0.23,54.7,53.24,Spaceport / Landing Pad
-84.1068,-60.5928,107.2,1.01,0.27,48.0,196.0,138.4,0,0.0,0.35,301.8,0.316,47.7,51.27,Spaceport / Landing Pad
-86.9869,16.1892,-1747.0,6.58,0.71,0.0,104.8,56.8,1,0.781,4.17,290.6,0.362,0.0,42.92,ISRU Cryogenic Mining Outpost
-82.7781,63.1038,1037.9,2.68,0.34,55.9,201.9,144.7,0,0.0,0.12,327.3,0.213,56.6,52.22,Spaceport / Landing Pad
-85.2386,178.8767,959.6,1.57,0.48,55.7,201.8,144.5,0,0.0,0.12,325.9,0.219,55.9,52.98,Spaceport / Landing Pad
-81.4196,171.8699,1860.6,1.2,0.37,64.2,208.2,151.4,0,0.0,0.29,346.9,0.134,64.5,55.57,Spaceport / Landing Pad
-86.1356,37.1467,1590.6,1.16,0.25,61.7,206.3,149.4,0,0.0,0.23,344.5,0.144,61.9,54.75,Spaceport / Landing Pad
-80.0,138.1108,1569.5,0.9,0.37,61.7,206.2,149.3,0,0.0,0.23,344.1,0.145,61.7,54.83,Spaceport / Landing Pad
-80.6536,81.3844,2120.2,1.23,0.34,66.6,209.9,153.3,0,0.0,0.21,346.9,0.134,67.0,56.45,Spaceport / Landing Pad
-85.782,65.1363,628.2,9.11,0.75,49.0,196.7,139.2,0,0.0,0.22,310.2,0.283,52.7,39.71,Secondary Exploration Zone
-81.0576,-76.1088,1585.4,1.36,0.27,61.6,206.2,149.3,0,0.0,0.28,344.1,0.145,61.9,54.62,Spaceport / Landing Pad
-80.5867,30.3791,1500.7,0.57,0.4,61.2,205.9,148.9,0,0.0,0.19,342.4,0.152,61.1,54.81,Spaceport / Landing Pad
-83.7789,117.7185,933.1,6.48,0.84,53.1,199.8,142.5,0,0.0,0.31,321.1,0.238,55.6,46.33,Secondary Exploration Zone
-88.4104,93.3665,1566.9,0.5,0.25,61.8,206.4,149.5,0,0.0,0.23,344.3,0.144,61.7,54.99,Spaceport / Landing Pad
-86.6267,14.4208,409.3,24.52,2.04,39.6,189.7,131.6,0,0.0,0.05,291.2,0.36,50.6,19.89,Hazard / Exclusion Zone
-82.3107,-169.5085,1415.8,1.46,0.33,60.0,205.0,148.0,0,0.0,0.25,339.2,0.165,60.2,54.14,Spaceport / Landing Pad
-81.1398,11.5467,1233.5,1.28,0.23,58.4,203.8,146.7,0,0.0,0.12,334.1,0.186,58.5,53.82,Spaceport / Landing Pad
-87.2028,115.71,1776.2,3.34,0.55,62.4,206.8,149.9,0,0.0,0.22,345.1,0.141,63.7,53.38,Spaceport / Landing Pad
-83.7398,92.5638,1578.4,0.72,0.34,61.8,206.4,149.5,0,0.0,0.18,344.5,0.144,61.8,54.94,Spaceport / Landing Pad
-88.3672,149.0362,296.5,0.97,0.32,49.8,197.4,139.9,0,0.0,0.32,307.3,0.294,49.5,51.75,Spaceport / Landing Pad
-86.0288,150.4222,947.0,1.07,0.4,55.8,201.8,144.6,0,0.0,0.21,326.0,0.219,55.8,53.25,Spaceport / Landing Pad
-82.9392,-114.1932,1619.9,1.91,0.46,61.6,206.2,149.3,0,0.0,0.06,344.7,0.143,62.2,54.31,Spaceport / Landing Pad
-82.252,-90.6903,1218.3,0.85,0.44,58.4,203.8,146.7,0,0.0,0.18,334.0,0.186,58.4,54.02,Spaceport / Landing Pad
-85.8993,41.3086,2323.2,7.24,0.7,65.6,209.2,152.5,0,0.0,0.23,341.9,0.154,68.9,48.81,Secondary Exploration Zone
-80.6238,136.6135,674.9,1.0,0.41,53.3,200.0,142.6,0,0.0,0.2,318.2,0.25,53.2,52.64,Spaceport / Landing Pad
-80.0,40.7636,1572.5,1.03,0.37,61.6,206.2,149.3,0,0.0,0.21,344.0,0.146,61.7,54.77,Spaceport / Landing Pad
-80.0,49.4556,1045.0,0.8,0.25,56.8,202.6,145.5,0,0.0,0.17,329.0,0.206,56.7,53.62,Spaceport / Landing Pad
-80.1348,57.3625,672.7,0.5,0.22,53.5,200.1,142.8,0,0.0,0.13,318.6,0.249,53.1,52.85,Spaceport / Landing Pad
-85.0944,-21.1941,819.1,0.5,0.37,54.9,201.2,143.9,0,0.0,0.15,322.8,0.232,54.5,53.2,Spaceport / Landing Pad
-84.6265,-162.8241,1428.5,2.05,0.42,59.8,204.8,147.8,0,0.0,0.16,339.1,0.166,60.4,53.74,Spaceport / Landing Pad
-80.5498,122.9052,1731.9,1.24,0.47,63.0,207.2,150.4,0,0.0,0.17,346.9,0.134,63.3,55.1,Spaceport / Landing Pad
-80.0995,-151.2602,832.7,0.8,0.22,54.9,201.2,143.9,0,0.0,0.3,322.9,0.231,54.7,53.12,Spaceport / Landing Pad
-80.6127,19.1556,921.0,1.07,0.29,55.6,201.7,144.4,0,0.0,0.23,325.2,0.222,55.5,53.19,Spaceport / Landing Pad
-84.8517,-157.6199,1277.6,1.5,0.4,58.7,204.0,146.9,0,0.0,0.26,335.2,0.182,58.9,53.79,Spaceport / Landing Pad
-85.5881,6.0725,-1727.2,6.14,0.64,0.0,79.1,55.3,1,0.411,2.2,291.0,0.36,0.0,36.3,ISRU Cryogenic Mining Outpost
-82.7781,63.1038,1037.9,2.68,0.34,55.9,201.9,144.7,0,0.0,0.12,327.3,0.213,56.6,52.22,Spaceport / Landing Pad
-80.4873,137.3859,772.5,0.65,0.42,54.4,200.8,143.5,0,0.0,0.32,321.3,0.238,54.1,53.03,Spaceport / Landing Pad
-85.7164,78.6901,2690.5,10.55,1.01,67.4,210.6,153.9,0,0.0,0.05,339.2,0.165,72.4,41.91,Secondary Exploration Zone
-84.6265,72.8241,820.0,0.72,0.3,54.8,201.1,143.8,0,0.0,0.22,322.6,0.232,54.5,53.12,Spaceport / Landing Pad
-83.7733,102.9946,1232.7,0.5,0.35,58.7,204.0,147.0,0,0.0,0.16,334.7,0.183,58.5,54.19,Spaceport / Landing Pad
-81.8359,112.1663,550.3,0.63,0.44,52.3,199.2,141.9,0,0.0,0.24,314.9,0.264,52.0,52.51,Spaceport / Landing Pad
-83.613,63.0605,245.5,0.81,0.29,49.4,197.1,139.5,0,0.0,0.29,306.0,0.3,49.0,51.7,Spaceport / Landing Pad
-81.5423,132.3162,608.3,1.19,0.35,52.6,199.4,142.1,0,0.0,0.3,316.1,0.259,52.5,52.37,Spaceport / Landing Pad
-82.8704,-46.0609,1725.6,1.59,0.25,62.8,207.1,150.2,0,0.0,0.21,346.6,0.135,63.2,54.85,Spaceport / Landing Pad
-82.1848,-60.6795,895.1,1.4,0.35,55.2,201.4,144.1,0,0.0,0.3,324.2,0.226,55.3,52.94,Spaceport / Landing Pad
-83.2677,-16.9275,1371.4,0.75,0.27,59.9,204.9,147.9,0,0.0,0.29,338.5,0.168,59.8,54.43,Spaceport / Landing Pad
-86.6893,130.4261,2074.6,1.68,0.44,66.0,209.5,152.8,0,0.0,0.24,346.5,0.136,66.6,56.0,Spaceport / Landing Pad
-80.0119,37.4054,1779.5,0.96,0.42,63.6,207.7,150.9,0,0.0,0.31,347.1,0.133,63.7,55.42,Spaceport / Landing Pad
-83.7901,47.4366,1306.2,3.75,0.6,57.8,203.4,146.3,0,0.0,0.28,334.1,0.186,59.2,51.63,Secondary Exploration Zone
-82.0609,-177.9786,1917.1,2.25,0.26,64.2,208.2,151.4,0,0.0,0.1,346.0,0.138,65.0,54.99,Spaceport / Landing Pad
-88.0199,-45.0,1745.0,2.6,0.56,62.5,206.8,150.0,0,0.0,0.16,345.7,0.139,63.4,54.06,Spaceport / Landing Pad
-80.8419,150.0378,477.8,1.26,0.34,51.4,198.5,141.1,0,0.0,0.23,312.3,0.274,51.3,52.02,Spaceport / Landing Pad
-82.7396,-8.1301,501.5,2.18,0.5,51.1,198.4,140.9,0,0.0,0.29,312.2,0.274,51.5,51.4,Spaceport / Landing Pad
-81.6668,175.5028,1939.6,2.0,0.46,64.6,208.4,151.6,0,0.0,0.26,346.2,0.137,65.3,55.29,Spaceport / Landing Pad
-80.0,-139.7636,1094.3,2.1,0.48,56.7,202.5,145.3,0,0.0,0.21,329.4,0.205,57.2,52.89,Spaceport / Landing Pad
-83.3668,166.1593,1158.4,1.1,0.4,57.7,203.3,146.2,0,0.0,0.13,332.1,0.194,57.8,53.75,Spaceport / Landing Pad
-80.6238,99.7436,735.4,1.61,0.27,53.6,200.2,142.9,0,0.0,0.11,319.4,0.245,53.7,52.41,Spaceport / Landing Pad
-80.0,-136.1812,1396.7,2.26,0.43,59.4,204.5,147.5,0,0.0,0.35,338.0,0.17,60.1,53.48,Spaceport / Landing Pad
-80.0,40.8653,1391.4,1.1,0.3,59.9,204.9,147.9,0,0.0,0.29,338.8,0.167,60.0,54.31,Spaceport / Landing Pad
-80.1595,-51.9343,808.4,1.61,0.32,54.3,200.7,143.4,0,0.0,0.12,321.5,0.237,54.4,52.59,Spaceport / Landing Pad
-87.0929,47.6026,1379.0,3.9,0.64,58.4,203.8,146.8,0,0.0,0.15,336.1,0.178,59.9,51.62,Secondary Exploration Zone
-86.6893,-158.4986,778.5,0.9,0.37,54.3,200.7,143.5,0,0.0,0.14,321.3,0.238,54.1,52.94,Spaceport / Landing Pad
-81.3468,23.5232,1451.8,0.92,0.27,60.6,205.4,148.4,0,0.0,0.14,340.7,0.159,60.6,54.54,Spaceport / Landing Pad
-82.1448,20.1576,1773.3,1.32,0.25,63.3,207.5,150.7,0,0.0,0.33,346.8,0.134,63.7,55.2,Spaceport / Landing Pad
-81.4644,76.7236,1979.8,2.02,0.39,64.9,208.7,151.9,0,0.0,0.09,346.2,0.137,65.6,55.41,Spaceport / Landing Pad
-80.0,123.8351,2029.7,0.65,0.28,66.0,209.5,152.8,0,0.0,0.3,347.4,0.132,66.1,56.43,Spaceport / Landing Pad
-82.7348,137.0826,512.5,0.5,0.39,52.0,199.0,141.6,0,0.0,0.11,313.9,0.267,51.6,52.46,Spaceport / Landing Pad
-84.5237,-60.3763,28.7,0.56,0.41,47.5,195.6,138.0,0,0.0,0.23,300.0,0.324,47.0,51.29,Spaceport / Landing Pad
-85.0944,158.8059,1580.9,0.5,0.37,61.9,206.5,149.6,0,0.0,0.1,344.7,0.143,61.8,55.02,Spaceport / Landing Pad
-80.0,-149.0362,634.1,0.5,0.39,53.2,199.9,142.5,0,0.0,0.09,317.4,0.253,52.8,52.76,Spaceport / Landing Pad
-81.8529,85.3999,1039.0,0.54,0.26,56.9,202.7,145.5,0,0.0,0.19,329.1,0.206,56.6,53.71,Spaceport / Landing Pad
-82.2071,6.1886,684.2,2.42,0.5,52.7,199.5,142.2,0,0.0,0.05,317.3,0.254,53.2,51.63,Spaceport / Landing Pad
-80.0,119.5537,1422.0,1.92,0.44,59.8,204.8,147.8,0,0.0,0.32,339.0,0.166,60.3,53.83,Spaceport / Landing Pad
-80.6573,-21.6951,1609.7,2.28,0.43,61.4,206.0,149.1,0,0.0,0.13,344.1,0.145,62.1,53.97,Spaceport / Landing Pad
-81.1516,136.7098,494.3,0.72,0.3,51.8,198.8,141.4,0,0.0,0.29,313.2,0.27,51.4,52.34,Spaceport / Landing Pad
-80.0,-50.0241,705.6,2.07,0.34,53.1,199.8,142.5,0,0.0,0.12,318.2,0.25,53.4,51.99,Spaceport / Landing Pad
-80.2306,44.2258,1305.2,1.69,0.26,58.8,204.1,147.1,0,0.0,0.33,335.8,0.179,59.2,53.72,Spaceport / Landing Pad
-86.0376,-133.0908,1097.7,1.14,0.19,57.2,202.9,145.7,0,0.0,0.17,330.3,0.201,57.2,53.58,Spaceport / Landing Pad
-81.4196,-149.25,720.6,1.41,0.31,53.5,200.2,142.8,0,0.0,0.21,319.2,0.246,53.6,52.51,Spaceport / Landing Pad
-85.5176,121.373,-1157.9,3.37,0.46,0.0,98.6,47.3,1,0.671,3.77,293.2,0.351,0.0,45.38,ISRU Cryogenic Mining Outpost
-85.6759,-147.3391,847.2,1.54,0.22,54.6,201.0,143.7,0,0.0,0.27,322.7,0.232,54.8,52.73,Spaceport / Landing Pad
-84.013,149.0362,1394.4,1.01,0.39,60.0,205.0,148.0,0,0.0,0.19,338.9,0.166,60.0,54.36,Spaceport / Landing Pad
-85.8993,-168.1785,621.6,0.5,0.17,53.1,199.8,142.4,0,0.0,0.24,317.1,0.255,52.6,52.73,Spaceport / Landing Pad
-80.0,134.3338,1314.8,0.5,0.4,59.5,204.6,147.6,0,0.0,0.27,337.1,0.174,59.3,54.39,Spaceport / Landing Pad
-80.0,-130.3466,1783.9,1.45,0.25,63.4,207.5,150.7,0,0.0,0.18,346.7,0.135,63.8,55.15,Spaceport / Landing Pad
-80.1879,-34.1436,1447.7,0.7,0.41,60.6,205.5,148.5,0,0.0,0.28,340.7,0.159,60.6,54.63,Spaceport / Landing Pad
-81.4196,149.25,605.3,0.83,0.19,52.7,199.6,142.2,0,0.0,0.23,316.3,0.258,52.5,52.56,Spaceport / Landing Pad
-86.2827,-28.4956,1571.9,1.41,0.47,61.4,206.1,149.1,0,0.0,0.15,343.7,0.147,61.7,54.55,Spaceport / Landing Pad
-83.4834,-51.9811,820.3,1.94,0.46,54.2,200.7,143.4,0,0.0,0.25,321.6,0.236,54.5,52.37,Spaceport / Landing Pad
-82.2071,161.131,716.3,1.18,0.27,53.6,200.2,142.9,0,0.0,0.11,319.2,0.246,53.5,52.64,Spaceport / Landing Pad
-81.692,0.6437,745.0,2.08,0.35,53.4,200.1,142.8,0,0.0,0.14,319.3,0.246,53.8,52.08,Spaceport / Landing Pad
-80.0,130.1207,1612.5,1.95,0.5,61.5,206.2,149.2,0,0.0,0.27,344.4,0.144,62.1,54.26,Spaceport / Landing Pad
-83.4994,-15.8324,1287.4,0.5,0.32,59.2,204.4,147.4,0,0.0,0.23,336.3,0.177,59.0,54.32,Spaceport / Landing Pad
-82.7637,83.3333,1042.2,0.82,0.22,56.8,202.6,145.4,0,0.0,0.21,328.9,0.207,56.7,53.61,Spaceport / Landing Pad
-88.346,106.3895,1456.0,0.66,0.26,60.7,205.5,148.6,0,0.0,0.18,341.0,0.158,60.6,54.67,Spaceport / Landing Pad
-82.3198,-73.7676,1623.8,0.5,0.2,62.3,206.8,149.9,0,0.0,0.16,346.0,0.138,62.2,55.13,Spaceport / Landing Pad
-82.6065,133.977,587.3,1.0,0.46,52.5,199.4,142.0,0,0.0,0.1,315.7,0.26,52.3,52.43,Spaceport / Landing Pad
-80.1879,117.7839,981.1,1.84,0.27,55.7,201.8,144.6,0,0.0,0.24,326.3,0.217,56.1,52.83,Spaceport / Landing Pad
-84.5428,167.1523,1312.9,0.5,0.17,59.5,204.6,147.6,0,0.0,0.12,337.0,0.174,59.3,54.38,Spaceport / Landing Pad
-88.0199,98.1301,2169.1,7.13,0.76,64.2,208.2,151.4,0,0.0,0.33,342.0,0.154,67.5,48.51,Secondary Exploration Zone
-81.9433,-169.992,1214.6,0.5,0.32,58.6,203.9,146.8,0,0.0,0.29,334.2,0.186,58.3,54.15,Spaceport / Landing Pad
-86.535,117.2553,3008.9,8.2,0.85,71.5,213.6,157.2,0,0.0,0.09,341.1,0.157,75.5,49.07,Secondary Exploration Zone
-80.1702,120.2173,1461.4,2.92,0.36,59.7,204.8,147.7,0,0.0,0.16,339.3,0.165,60.7,52.99,Spaceport / Landing Pad
-80.6797,-29.389,1964.6,0.85,0.41,65.3,209.0,152.3,0,0.0,0.1,347.2,0.133,65.5,56.12,Spaceport / Landing Pad
-81.6878,-124.9393,1099.7,1.38,0.25,57.1,202.8,145.7,0,0.0,0.22,330.1,0.202,57.2,53.44,Spaceport / Landing Pad
-85.0449,-3.2397,-1610.9,5.55,0.62,0.0,42.0,35.8,1,0.251,1.42,291.5,0.358,0.0,34.09,Secondary Exploration Zone
-83.932,89.1186,1545.0,0.5,0.3,61.6,206.2,149.3,0,0.0,0.1,343.7,0.147,61.5,54.94,Spaceport / Landing Pad
-85.8993,41.3086,2323.2,7.24,0.7,65.6,209.2,152.5,0,0.0,0.23,341.9,0.154,68.9,48.81,Secondary Exploration Zone
-88.4104,40.2364,-1239.8,9.85,0.84,0.0,55.6,63.8,1,0.522,2.86,287.9,0.373,0.0,30.57,ISRU Cryogenic Mining Outpost
-85.4025,-84.1737,1350.1,1.58,0.47,59.3,204.5,147.4,0,0.0,0.11,337.2,0.173,59.6,53.9,Spaceport / Landing Pad
-89.1547,-83.6598,935.0,2.25,0.44,55.1,201.3,144.1,0,0.0,0.2,324.7,0.224,55.6,52.38,Spaceport / Landing Pad
-80.0,-59.4,820.3,2.11,0.44,54.1,200.6,143.3,0,0.0,0.19,321.5,0.237,54.5,52.22,Spaceport / Landing Pad
-89.197,-54.4623,1389.8,2.27,0.37,59.3,204.5,147.5,0,0.0,0.17,337.8,0.171,60.0,53.45,Spaceport / Landing Pad
-87.2153,103.5704,-1491.1,8.05,0.77,0.0,59.1,55.4,1,0.728,4.1,289.4,0.367,0.0,38.93,ISRU Cryogenic Mining Outpost
-80.1348,122.6375,1825.8,1.3,0.34,63.8,207.9,151.1,0,0.0,0.16,346.8,0.134,64.2,55.39,Spaceport / Landing Pad
-83.4994,15.8324,-849.2,10.21,0.89,34.8,186.1,127.8,0,0.0,0.1,287.6,0.374,38.6,32.5,Secondary Exploration Zone
-82.0522,-86.6335,1148.4,0.73,0.43,57.8,203.4,146.3,0,0.0,0.23,332.1,0.194,57.7,53.9,Spaceport / Landing Pad
-82.6918,-114.9285,1320.5,1.92,0.46,58.9,204.1,147.1,0,0.0,0.33,336.0,0.178,59.3,53.58,Spaceport / Landing Pad
-84.5877,45.0,-1432.2,8.42,0.9,0.0,83.4,53.9,1,0.074,0.67,289.1,0.368,0.0,25.02,Secondary Exploration Zone
-80.8305,-22.1263,1763.2,1.02,0.25,63.4,207.5,150.7,0,0.0,0.19,347.0,0.133,63.6,55.33,Spaceport / Landing Pad
-84.2627,111.9745,836.9,5.94,0.71,52.4,199.3,142.0,0,0.0,0.3,318.8,0.248,54.7,47.1,Secondary Exploration Zone
-82.7396,-171.8699,1979.2,1.82,0.5,65.0,208.8,152.0,0,0.0,0.29,346.4,0.136,65.6,55.56,Spaceport / Landing Pad
-83.0838,-111.3706,1814.7,1.84,0.47,63.5,207.6,150.8,0,0.0,0.17,346.4,0.136,64.1,54.98,Spaceport / Landing Pad
-85.3347,109.8852,629.7,5.93,0.58,50.5,197.9,140.4,0,0.0,0.15,312.8,0.272,52.7,46.63,Secondary Exploration Zone
-87.5767,164.3578,321.1,0.8,0.24,50.1,197.6,140.1,0,0.0,0.13,308.2,0.291,49.8,51.89,Spaceport / Landing Pad
-85.8319,124.0459,-868.4,3.94,0.38,0.0,63.5,64.8,1,0.427,2.51,292.8,0.353,0.0,39.86,ISRU Cryogenic Mining Outpost
-82.0522,-130.2364,836.4,1.38,0.2,54.6,201.0,143.7,0,0.0,0.25,322.5,0.233,54.7,52.81,Spaceport / Landing Pad
-80.0,38.2902,1228.4,2.02,0.51,58.0,203.5,146.4,0,0.0,0.28,333.3,0.189,58.5,53.28,Spaceport / Landing Pad
-87.0218,-147.8043,1024.1,0.89,0.43,56.6,202.5,145.3,0,0.0,0.22,328.4,0.209,56.5,53.53,Spaceport / Landing Pad
-82.7733,144.4623,895.1,0.52,0.43,55.6,201.7,144.5,0,0.0,0.13,324.9,0.223,55.3,53.37,Spaceport / Landing Pad
-87.7872,-152.354,954.4,1.32,0.47,55.7,201.8,144.6,0,0.0,0.08,326.0,0.219,55.8,53.13,Spaceport / Landing Pad
-84.8247,129.144,-2036.8,0.96,0.45,0.0,88.3,59.1,1,0.853,4.67,295.2,0.343,0.0,50.78,ISRU Cryogenic Mining Outpost
-81.7256,-78.9436,1314.9,0.92,0.31,59.3,204.5,147.4,0,0.0,0.21,336.7,0.175,59.3,54.21,Spaceport / Landing Pad
-81.3066,86.9225,1034.7,1.26,0.33,56.5,202.4,145.2,0,0.0,0.3,328.4,0.209,56.6,53.36,Spaceport / Landing Pad
-81.0732,158.5323,614.1,1.24,0.4,52.6,199.5,142.1,0,0.0,0.3,316.3,0.258,52.6,52.36,Spaceport / Landing Pad
-81.5053,90.6296,891.2,0.5,0.36,55.6,201.7,144.4,0,0.0,0.3,324.8,0.223,55.2,53.37,Spaceport / Landing Pad
-82.0522,-77.1063,1396.4,1.47,0.29,59.8,204.8,147.8,0,0.0,0.22,338.6,0.168,60.1,54.1,Spaceport / Landing Pad
-83.2212,-141.7098,654.3,1.82,0.5,52.7,199.5,142.2,0,0.0,0.13,316.9,0.255,53.0,52.06,Spaceport / Landing Pad
-81.5053,-0.6296,848.6,2.13,0.55,54.4,200.8,143.5,0,0.0,0.28,322.3,0.234,54.8,52.28,Spaceport / Landing Pad
-84.4479,16.607,-2766.5,4.71,0.57,0.0,95.7,61.7,1,0.488,2.88,292.1,0.356,0.0,40.08,ISRU Cryogenic Mining Outpost
-82.2745,-151.8868,257.4,0.5,0.14,49.7,197.3,139.7,0,0.0,0.16,306.6,0.297,49.2,51.85,Spaceport / Landing Pad
-81.3468,-113.5232,553.7,0.76,0.16,52.3,199.2,141.8,0,0.0,0.18,314.9,0.264,52.0,52.46,Spaceport / Landing Pad
-80.4252,-150.1858,881.8,1.32,0.2,55.1,201.3,144.1,0,0.0,0.14,323.9,0.227,55.1,52.95,Spaceport / Landing Pad
-80.7586,45.8185,1035.2,0.69,0.19,56.8,202.6,145.4,0,0.0,0.18,328.8,0.207,56.6,53.64,Spaceport / Landing Pad
-80.0,-46.3479,1098.8,0.82,0.25,57.3,203.0,145.9,0,0.0,0.17,330.6,0.2,57.2,53.74,Spaceport / Landing Pad
-81.7298,-36.7406,1647.2,0.5,0.4,62.6,206.9,150.1,0,0.0,0.19,346.6,0.135,62.5,55.18,Spaceport / Landing Pad
-84.5877,45.0,-1432.2,8.42,0.9,0.0,83.4,53.9,1,0.074,0.67,289.1,0.368,0.0,25.02,Secondary Exploration Zone
-80.1702,-157.0872,1264.2,0.74,0.29,58.9,204.2,147.1,0,0.0,0.05,335.4,0.181,58.8,54.17,Spaceport / Landing Pad
-82.9937,2.2906,1338.5,6.35,0.84,56.9,202.7,145.5,0,0.0,0.06,332.9,0.191,59.5,47.54,Secondary Exploration Zone
-85.3798,-135.0,1383.3,1.16,0.28,59.8,204.9,147.8,0,0.0,0.15,338.5,0.168,59.9,54.25,Spaceport / Landing Pad
-80.0,140.3767,1628.3,0.52,0.16,62.4,206.8,149.9,0,0.0,0.34,346.1,0.137,62.3,55.13,Spaceport / Landing Pad
-84.7181,43.5679,-1145.2,7.92,0.78,33.1,184.8,126.5,0,0.0,0.08,289.5,0.366,35.7,37.2,Secondary Exploration Zone
-83.2264,-101.9293,1626.5,1.07,0.42,62.1,206.6,149.7,0,0.0,0.31,345.6,0.139,62.3,54.88,Spaceport / Landing Pad
-85.8739,142.3524,880.3,9.38,0.87,51.2,198.4,141.0,0,0.0,0.31,317.2,0.254,55.1,39.64,Secondary Exploration Zone
-82.1848,-150.6795,257.8,1.04,0.29,49.4,197.1,139.5,0,0.0,0.32,306.2,0.299,49.2,51.62,Spaceport / Landing Pad
-80.2092,-41.1345,1395.3,1.23,0.47,59.9,204.9,147.9,0,0.0,0.29,338.8,0.167,60.0,54.24,Spaceport / Landing Pad
-83.7453,89.1449,1572.3,0.5,0.17,61.9,206.4,149.5,0,0.0,0.09,344.5,0.144,61.7,55.0,Spaceport / Landing Pad
-81.5135,-60.3333,1046.5,1.63,0.3,56.5,202.3,145.2,0,0.0,0.15,328.4,0.209,56.7,53.14,Spaceport / Landing Pad
-84.0715,123.4399,-633.2,5.32,0.73,0.0,93.9,42.7,1,0.407,2.22,291.6,0.358,0.0,37.57,ISRU Cryogenic Mining Outpost
-81.3508,-150.9454,790.0,1.78,0.44,54.0,200.5,143.2,0,0.0,0.29,320.9,0.239,54.3,52.42,Spaceport / Landing Pad
-84.1782,-167.9694,1798.6,1.3,0.28,63.6,207.7,150.9,0,0.0,0.22,346.8,0.134,63.9,55.29,Spaceport / Landing Pad
-84.5685,-109.0577,1710.0,1.47,0.21,62.7,207.0,150.1,0,0.0,0.13,346.7,0.135,63.1,54.88,Spaceport / Landing Pad
-86.721,4.8991,1084.4,18.11,1.44,48.9,196.7,139.1,0,0.0,0.34,315.9,0.259,57.1,22.15,Secondary Exploration Zone
-80.0,-133.172,2004.4,1.1,0.23,65.6,209.2,152.5,0,0.0,0.17,347.0,0.134,65.9,56.13,Spaceport / Landing Pad
-82.1403,-74.1481,1638.7,1.64,0.51,61.9,206.5,149.6,0,0.0,0.3,345.5,0.14,62.4,54.56,Spaceport / Landing Pad
-80.0,-57.2953,373.1,1.41,0.46,50.3,197.7,140.3,0,0.0,0.15,309.2,0.287,50.3,51.68,Spaceport / Landing Pad
-83.5479,-165.7627,1905.8,1.06,0.32,64.7,208.5,151.8,0,0.0,0.14,347.0,0.134,64.9,55.81,Spaceport / Landing Pad
-87.0335,-65.8545,657.9,1.09,0.19,53.1,199.8,142.5,0,0.0,0.27,317.6,0.252,53.0,52.55,Spaceport / Landing Pad
-81.5795,-31.3995,1718.4,1.19,0.36,62.9,207.2,150.3,0,0.0,0.06,346.9,0.134,63.1,55.08,Spaceport / Landing Pad
-83.0889,-106.4769,1791.7,1.25,0.26,63.5,207.7,150.8,0,0.0,0.12,346.9,0.134,63.8,55.3,Spaceport / Landing Pad
-80.0,-64.1481,1717.3,1.59,0.38,62.7,207.0,150.2,0,0.0,0.33,346.6,0.135,63.1,54.82,Spaceport / Landing Pad
-83.4994,74.1676,544.1,0.72,0.33,52.2,199.2,141.8,0,0.0,0.16,314.7,0.265,51.9,52.46,Spaceport / Landing Pad
-82.9441,-152.418,482.1,0.99,0.39,51.5,198.6,141.2,0,0.0,0.06,312.7,0.273,51.3,52.18,Spaceport / Landing Pad
-81.2626,-71.9522,1921.9,1.39,0.45,64.7,208.5,151.7,0,0.0,0.07,346.7,0.135,65.1,55.67,Spaceport / Landing Pad
-84.5301,-53.3257,420.7,1.43,0.45,50.7,198.1,140.6,0,0.0,0.31,310.5,0.281,50.7,51.78,Spaceport / Landing Pad
-81.4644,84.3518,1226.1,1.38,0.21,58.2,203.7,146.6,0,0.0,0.1,333.8,0.187,58.4,53.74,Spaceport / Landing Pad
-82.0303,71.5651,1654.7,1.71,0.52,62.1,206.5,149.6,0,0.0,0.11,345.9,0.138,62.5,54.54,Spaceport / Landing Pad
-86.9183,-54.8658,962.6,2.93,0.31,55.0,201.3,144.0,0,0.0,0.09,324.9,0.223,55.9,51.77,Spaceport / Landing Pad
-81.5919,22.8645,1616.5,1.25,0.21,61.9,206.4,149.5,0,0.0,0.08,345.1,0.141,62.2,54.76,Spaceport / Landing Pad
-80.3925,122.3004,1722.3,1.25,0.39,62.9,207.2,150.3,0,0.0,0.13,346.9,0.134,63.2,55.06,Spaceport / Landing Pad
-81.6002,-165.1916,985.0,0.72,0.4,56.3,202.2,145.1,0,0.0,0.22,327.4,0.213,56.1,53.51,Spaceport / Landing Pad
-84.1782,131.0995,-1213.0,3.85,0.46,0.0,41.3,44.4,1,0.331,2.0,292.9,0.353,0.0,38.05,Secondary Exploration Zone
-84.4983,165.2564,1368.4,1.5,0.42,59.5,204.6,147.6,0,0.0,0.35,337.8,0.171,59.8,54.01,Spaceport / Landing Pad
-84.8247,129.144,-2036.8,0.96,0.45,0.0,88.3,59.1,1,0.853,4.67,295.2,0.343,0.0,50.78,ISRU Cryogenic Mining Outpost
-80.0,33.2614,1834.5,0.77,0.26,64.2,208.1,151.3,0,0.0,0.17,347.3,0.133,64.3,55.7,Spaceport / Landing Pad
-85.3124,102.6526,1715.1,5.61,0.64,60.7,205.6,148.6,0,0.0,0.2,343.3,0.149,63.1,49.84,Secondary Exploration Zone
-83.955,76.6075,827.6,1.13,0.27,54.7,201.0,143.7,0,0.0,0.32,322.5,0.233,54.6,52.93,Spaceport / Landing Pad
-80.0,131.5107,1397.9,0.98,0.21,60.0,205.0,148.0,0,0.0,0.06,339.1,0.166,60.1,54.38,Spaceport / Landing Pad
-80.0,-43.768,993.1,0.73,0.17,56.4,202.3,145.1,0,0.0,0.26,327.6,0.212,56.2,53.53,Spaceport / Landing Pad
-81.2228,-122.8451,1383.7,2.24,0.49,59.3,204.5,147.4,0,0.0,0.1,337.6,0.172,59.9,53.46,Spaceport / Landing Pad
-83.247,-130.5154,1222.8,2.8,0.32,57.5,203.1,146.0,0,0.0,0.18,332.5,0.192,58.4,52.54,Spaceport / Landing Pad
-80.706,-146.4695,844.9,0.5,0.14,55.1,201.3,144.1,0,0.0,0.3,323.5,0.229,54.8,53.26,Spaceport / Landing Pad
-80.0,-131.0548,1867.0,1.45,0.21,64.1,208.1,151.3,0,0.0,0.09,346.7,0.135,64.6,55.44,Spaceport / Landing Pad
-80.1879,-39.5962,1289.6,1.27,0.45,58.9,204.2,147.1,0,0.0,0.19,335.7,0.179,59.0,53.96,Spaceport / Landing Pad
-85.6759,57.3391,-1523.9,6.96,0.71,0.0,98.3,43.5,1,0.358,1.97,290.3,0.363,0.0,33.75,Secondary Exploration Zone
-80.0679,-21.5014,1172.6,2.37,0.45,57.3,203.0,145.8,0,0.0,0.22,331.4,0.197,57.9,52.84,Spaceport / Landing Pad
-80.0,143.427,1398.0,0.93,0.24,60.0,205.0,148.0,0,0.0,0.13,339.1,0.166,60.1,54.41,Spaceport / Landing Pad
-87.6946,148.2405,270.7,0.92,0.38,49.6,197.2,139.7,0,0.0,0.17,306.6,0.297,49.3,51.71,Spaceport / Landing Pad
-81.6836,-45.0,1990.3,1.07,0.37,65.5,209.1,152.4,0,0.0,0.21,347.0,0.134,65.7,56.09,Spaceport / Landing Pad
-83.8578,-36.3475,1339.7,1.4,0.34,59.3,204.5,147.4,0,0.0,0.11,337.0,0.174,59.5,54.0,Spaceport / Landing Pad
-80.8763,103.6097,819.2,0.89,0.36,54.7,201.0,143.8,0,0.0,0.33,322.5,0.233,54.5,53.04,Spaceport / Landing Pad
-81.2746,-34.5401,1585.8,0.72,0.19,61.9,206.4,149.5,0,0.0,0.11,344.7,0.143,61.9,54.95,Spaceport / Landing Pad
-80.0434,38.9115,1717.0,0.73,0.25,63.1,207.3,150.5,0,0.0,0.06,347.3,0.132,63.1,55.31,Spaceport / Landing Pad
-88.4549,64.9831,774.0,13.32,1.06,48.3,196.2,138.7,0,0.0,0.11,310.9,0.28,54.1,27.65,Secondary Exploration Zone
-86.2827,-61.5044,380.0,1.61,0.47,50.3,197.7,140.2,0,0.0,0.06,309.2,0.287,50.3,51.56,Spaceport / Landing Pad
-81.0498,-7.7921,805.0,1.29,0.36,54.4,200.8,143.5,0,0.0,0.19,321.7,0.236,54.4,52.79,Spaceport / Landing Pad
-86.9524,-152.6501,931.3,0.5,0.24,55.9,201.9,144.7,0,0.0,0.12,326.0,0.219,55.6,53.47,Spaceport / Landing Pad
-80.4361,-65.1858,1893.2,1.41,0.45,64.4,208.3,151.5,0,0.0,0.23,346.7,0.135,64.8,55.55,Spaceport / Landing Pad
-83.7789,-152.2815,1304.2,1.43,0.39,58.9,204.2,147.2,0,0.0,0.25,336.0,0.178,59.2,53.9,Spaceport / Landing Pad
-88.6734,129.2894,858.4,1.52,0.38,54.8,201.1,143.8,0,0.0,0.11,323.1,0.231,54.9,52.77,Spaceport / Landing Pad
-80.0,136.9525,1496.1,0.5,0.28,61.2,205.9,148.9,0,0.0,0.26,342.3,0.153,61.0,54.82,Spaceport / Landing Pad
-84.6786,-91.0051,1124.7,0.5,0.24,57.7,203.3,146.2,0,0.0,0.09,331.6,0.196,57.5,53.93,Spaceport / Landing Pad
-80.0,131.7481,1459.2,0.52,0.23,60.8,205.6,148.7,0,0.0,0.35,341.2,0.157,60.7,54.73,Spaceport / Landing Pad
-82.9441,-62.418,693.3,1.46,0.49,53.3,199.9,142.6,0,0.0,0.07,318.4,0.25,53.3,52.41,Spaceport / Landing Pad
-82.812,37.614,2094.2,1.4,0.35,66.3,209.7,153.0,0,0.0,0.26,346.7,0.135,66.7,56.26,Spaceport / Landing Pad
-81.1911,64.2495,1568.1,2.24,0.48,61.0,205.7,148.8,0,0.0,0.29,342.9,0.15,61.7,53.9,Spaceport / Landing Pad
-82.7348,-110.2976,1486.5,1.82,0.46,60.4,205.3,148.4,0,0.0,0.07,340.9,0.158,60.9,54.06,Spaceport / Landing Pad
-83.8919,-51.2034,784.0,2.6,0.36,53.6,200.2,142.8,0,0.0,0.2,320.0,0.243,54.2,51.69,Spaceport / Landing Pad
-87.4369,-10.4915,1910.5,1.53,0.51,64.5,208.4,151.6,0,0.0,0.32,346.6,0.135,65.0,55.54,Spaceport / Landing Pad
-80.0,38.13,1461.6,2.53,0.41,59.9,204.9,147.9,0,0.0,0.07,339.6,0.163,60.7,53.38,Spaceport / Landing Pad
-80.096,113.9077,472.4,0.91,0.42,51.5,198.6,141.2,0,0.0,0.12,312.4,0.274,51.2,52.2,Spaceport / Landing Pad
-86.3969,36.573,1551.5,0.59,0.41,61.6,206.2,149.3,0,0.0,0.35,343.8,0.147,61.5,54.92,Spaceport / Landing Pad
-84.4166,51.789,-2455.4,5.03,0.63,0.0,103.1,64.0,1,0.466,2.48,291.9,0.357,0.0,39.18,ISRU Cryogenic Mining Outpost
-86.2733,-22.0679,1389.0,1.02,0.25,59.9,204.9,147.9,0,0.0,0.14,338.8,0.167,60.0,54.34,Spaceport / Landing Pad
-81.5547,20.0372,1510.2,1.93,0.36,60.6,205.5,148.5,0,0.0,0.32,341.5,0.156,61.1,54.03,Spaceport / Landing Pad
-81.6878,-55.0607,860.1,0.78,0.18,55.1,201.3,144.1,0,0.0,0.16,323.7,0.228,54.9,53.19,Spaceport / Landing Pad
-83.2625,169.6242,1428.6,1.4,0.22,60.1,205.1,148.1,0,0.0,0.18,339.6,0.164,60.4,54.22,Spaceport / Landing Pad
-81.6002,75.1916,1946.0,2.42,0.56,64.4,208.3,151.5,0,0.0,0.34,345.9,0.138,65.3,54.94,Spaceport / Landing Pad
-80.0,48.6678,1120.5,0.5,0.36,57.7,203.3,146.1,0,0.0,0.26,331.5,0.197,57.4,53.92,Spaceport / Landing Pad
-83.4354,119.8459,1876.4,11.39,1.16,59.5,204.6,147.6,0,0.0,0.24,338.5,0.168,64.7,36.65,Secondary Exploration Zone
-80.0,-51.1155,509.4,2.5,0.45,51.1,198.3,140.8,0,0.0,0.29,312.2,0.274,51.6,51.13,Spaceport / Landing Pad
-80.0,37.1709,1744.0,1.24,0.23,63.1,207.3,150.5,0,0.0,0.24,346.9,0.134,63.4,55.14,Spaceport / Landing Pad
-82.4019,52.9893,1566.7,0.5,0.38,61.8,206.4,149.5,0,0.0,0.12,344.3,0.144,61.7,54.99,Spaceport / Landing Pad
-84.3607,12.4259,-3574.8,2.37,0.5,0.0,98.8,49.7,1,0.77,4.15,294.1,0.348,0.0,48.29,ISRU Cryogenic Mining Outpost
-80.8305,141.6135,888.7,1.02,0.18,55.3,201.5,144.2,0,0.0,0.29,324.3,0.225,55.2,53.14,Spaceport / Landing Pad
-83.8521,59.9314,806.6,3.4,0.46,53.4,200.0,142.7,0,0.0,0.07,320.0,0.243,54.4,50.87,Spaceport / Landing Pad
-81.6878,55.0607,1300.3,1.72,0.4,58.8,204.1,147.0,0,0.0,0.2,335.6,0.18,59.1,53.69,Spaceport / Landing Pad
-85.3722,-41.7295,1317.9,0.99,0.28,59.3,204.5,147.4,0,0.0,0.2,336.7,0.175,59.3,54.19,Spaceport / Landing Pad
-80.0,121.5043,1761.0,1.58,0.33,63.1,207.3,150.5,0,0.0,0.16,346.6,0.135,63.6,54.98,Spaceport / Landing Pad
-80.7888,-70.4633,2000.9,0.83,0.17,65.7,209.3,152.5,0,0.0,0.21,347.2,0.133,65.8,56.25,Spaceport / Landing Pad
-80.0,-32.3914,1563.3,1.44,0.48,61.3,206.0,149.1,0,0.0,0.25,343.4,0.148,61.7,54.51,Spaceport / Landing Pad
-84.5301,36.6743,789.2,1.63,0.39,54.1,200.5,143.3,0,0.0,0.07,321.0,0.239,54.2,52.52,Spaceport / Landing Pad
-83.1853,166.5348,1187.0,0.5,0.4,58.3,203.7,146.6,0,0.0,0.29,333.4,0.189,58.1,54.08,Spaceport / Landing Pad
-84.8585,164.1975,1475.1,0.53,0.42,61.0,205.7,148.8,0,0.0,0.19,341.7,0.155,60.8,54.76,Spaceport / Landing Pad
-83.8465,-157.7144,1558.4,1.12,0.38,61.4,206.1,149.2,0,0.0,0.19,343.6,0.148,61.6,54.69,Spaceport / Landing Pad
-80.0,-57.9381,596.3,2.74,0.58,51.7,198.8,141.4,0,0.0,0.13,314.5,0.265,52.4,51.1,Spaceport / Landing Pad
-83.8465,67.7144,245.1,0.5,0.42,49.6,197.2,139.7,0,0.0,0.06,306.2,0.299,49.0,51.82,Spaceport / Landing Pad
-80.0,32.9574,1816.5,1.32,0.29,63.7,207.8,151.0,0,0.0,0.08,346.8,0.134,64.1,55.35,Spaceport / Landing Pad
-82.1448,20.1576,1773.3,1.32,0.25,63.3,207.5,150.7,0,0.0,0.33,346.8,0.134,63.7,55.2,Spaceport / Landing Pad
-82.3334,-132.0391,666.3,0.5,0.36,53.5,200.1,142.8,0,0.0,0.11,318.4,0.25,53.1,52.83,Spaceport / Landing Pad
-82.812,-127.614,982.4,0.52,0.28,56.4,202.3,145.1,0,0.0,0.32,327.5,0.213,56.1,53.58,Spaceport / Landing Pad
-81.6085,25.71,1709.9,1.67,0.48,62.6,206.9,150.1,0,0.0,0.13,346.5,0.136,63.1,54.74,Spaceport / Landing Pad
-80.0,143.427,1398.0,0.93,0.24,60.0,205.0,148.0,0,0.0,0.13,339.1,0.166,60.1,54.41,Spaceport / Landing Pad
-82.252,179.3097,2222.6,0.96,0.37,67.7,210.8,154.1,0,0.0,0.28,347.1,0.133,68.0,56.96,Spaceport / Landing Pad
-81.4399,-18.4349,1501.8,1.38,0.43,60.8,205.6,148.6,0,0.0,0.15,341.7,0.155,61.1,54.4,Spaceport / Landing Pad
-80.0,144.2299,1298.1,1.2,0.39,59.0,204.2,147.2,0,0.0,0.27,336.0,0.178,59.1,54.02,Spaceport / Landing Pad
-86.3969,-36.573,1684.0,0.51,0.18,62.9,207.2,150.3,0,0.0,0.25,347.5,0.132,62.8,55.28,Spaceport / Landing Pad
-80.0,-59.9314,895.6,1.94,0.33,54.9,201.2,143.9,0,0.0,0.34,323.8,0.228,55.3,52.55,Spaceport / Landing Pad
-86.7854,115.821,2100.2,4.52,0.43,64.8,208.6,151.9,0,0.0,0.14,344.2,0.145,66.8,52.93,Secondary Exploration Zone
-80.0,-38.4181,1022.9,1.06,0.42,56.5,202.4,145.2,0,0.0,0.11,328.2,0.21,56.5,53.44,Spaceport / Landing Pad
-81.2706,155.3532,313.6,0.5,0.19,50.2,197.7,140.2,0,0.0,0.34,308.2,0.291,49.7,51.99,Spaceport / Landing Pad
-84.1127,-87.2737,934.4,1.48,0.33,55.5,201.6,144.4,0,0.0,0.1,325.3,0.222,55.6,52.98,Spaceport / Landing Pad
-84.5237,29.6237,1128.0,5.56,0.66,55.3,201.5,144.3,0,0.0,0.29,327.5,0.213,57.5,48.48,Secondary Exploration Zone
-83.5479,75.7627,650.8,0.97,0.29,53.1,199.8,142.5,0,0.0,0.33,317.5,0.253,52.9,52.6,Spaceport / Landing Pad
-81.692,-0.6437,654.7,1.83,0.52,52.7,199.5,142.2,0,0.0,0.34,316.9,0.255,53.0,52.06,Spaceport / Landing Pad
-84.3299,69.7751,505.6,2.29,0.54,51.1,198.3,140.9,0,0.0,0.26,312.3,0.274,51.5,51.32,Spaceport / Landing Pad
-80.0084,119.6785,1382.5,2.54,0.53,59.1,204.3,147.3,0,0.0,0.34,337.3,0.173,59.9,53.18,Spaceport / Landing Pad
-81.2786,84.4725,1309.1,1.98,0.3,58.7,204.0,147.0,0,0.0,0.3,335.7,0.179,59.2,53.51,Spaceport / Landing Pad
-80.0,139.8793,1528.3,0.93,0.19,61.3,205.9,149.0,0,0.0,0.09,342.9,0.15,61.3,54.72,Spaceport / Landing Pad
-80.0,36.2026,1332.5,1.29,0.22,59.3,204.5,147.4,0,0.0,0.12,336.9,0.174,59.4,54.05,Spaceport / Landing Pad
-82.3607,-144.9506,193.5,0.5,0.3,49.1,196.8,139.3,0,0.0,0.28,304.7,0.305,48.5,51.7,Spaceport / Landing Pad
-81.0032,59.444,994.4,2.02,0.38,55.8,201.8,144.6,0,0.0,0.29,326.6,0.216,56.2,52.72,Spaceport / Landing Pad
-80.0,139.6534,1636.3,0.5,0.14,62.5,206.8,150.0,0,0.0,0.31,346.3,0.136,62.4,55.16,Spaceport / Landing Pad
-88.1661,14.7436,2006.2,5.53,0.5,63.5,207.6,150.8,0,0.0,0.23,343.3,0.148,65.9,50.98,Secondary Exploration Zone
-83.0838,-111.3706,1814.7,1.84,0.47,63.5,207.6,150.8,0,0.0,0.17,346.4,0.136,64.1,54.98,Spaceport / Landing Pad
-80.4216,-37.875,1337.5,0.98,0.37,59.5,204.6,147.6,0,0.0,0.09,337.3,0.173,59.5,54.24,Spaceport / Landing Pad
-82.3107,-79.5085,1163.9,1.23,0.31,57.7,203.3,146.2,0,0.0,0.22,332.1,0.194,57.8,53.69,Spaceport / Landing Pad
-84.9199,-69.5672,434.1,1.97,0.38,50.6,198.0,140.5,0,0.0,0.13,310.5,0.282,50.8,51.41,Spaceport / Landing Pad
-82.0609,-87.9786,1196.0,0.62,0.37,58.3,203.7,146.7,0,0.0,0.13,333.5,0.188,58.1,54.06,Spaceport / Landing Pad
-81.7256,11.0564,1318.1,0.5,0.33,59.5,204.6,147.6,0,0.0,0.09,337.2,0.173,59.3,54.39,Spaceport / Landing Pad
-82.9838,33.0558,2025.6,2.01,0.43,65.3,209.0,152.3,0,0.0,0.19,346.2,0.137,66.1,55.58,Spaceport / Landing Pad
-84.1127,-154.6538,1554.2,0.73,0.16,61.6,206.2,149.3,0,0.0,0.07,343.8,0.147,61.6,54.87,Spaceport / Landing Pad
-82.1094,27.4744,2071.3,1.71,0.43,65.9,209.4,152.7,0,0.0,0.13,346.5,0.136,66.5,55.97,Spaceport / Landing Pad
-83.3878,138.4336,794.7,2.97,0.54,53.5,200.1,142.8,0,0.0,0.17,320.0,0.243,54.3,51.34,Spaceport / Landing Pad
-80.0,-127.875,2031.1,1.25,0.26,65.8,209.3,152.6,0,0.0,0.17,346.9,0.134,66.1,56.13,Spaceport / Landing Pad
-86.4456,-23.1986,1535.8,0.7,0.28,61.4,206.1,149.2,0,0.0,0.24,343.3,0.149,61.4,54.84,Spaceport / Landing Pad
-80.5498,-16.645,897.9,1.21,0.47,55.3,201.5,144.2,0,0.0,0.22,324.5,0.225,55.3,53.06,Spaceport / Landing Pad
-86.9869,-106.1892,1757.2,0.5,0.43,63.6,207.7,150.9,0,0.0,0.3,347.5,0.132,63.5,55.53,Spaceport / Landing Pad
-81.8145,-172.7939,1316.1,1.47,0.37,59.0,204.3,147.2,0,0.0,0.21,336.3,0.177,59.3,53.9,Spaceport / Landing Pad
-80.7135,-129.2894,1650.9,0.6,0.35,62.6,206.9,150.0,0,0.0,0.15,346.7,0.135,62.5,55.16,Spaceport / Landing Pad
-80.0,-147.0426,583.5,0.5,0.17,52.7,199.5,142.2,0,0.0,0.13,316.0,0.259,52.3,52.63,Spaceport / Landing Pad
-82.347,120.0049,1621.0,1.01,0.4,62.1,206.6,149.7,0,0.0,0.13,345.5,0.14,62.2,54.9,Spaceport / Landing Pad
-80.0,51.4108,278.3,0.97,0.26,49.6,197.2,139.7,0,0.0,0.21,306.8,0.296,49.4,51.7,Spaceport / Landing Pad
-80.4216,-74.7449,1635.9,0.5,0.23,62.5,206.8,150.0,0,0.0,0.19,346.3,0.136,62.4,55.16,Spaceport / Landing Pad
-80.0,133.5121,1002.0,0.81,0.44,56.4,202.3,145.1,0,0.0,0.1,327.8,0.211,56.3,53.51,Spaceport / Landing Pad
-86.6893,21.5014,1194.8,15.03,1.27,51.4,198.5,141.1,0,0.0,0.31,321.6,0.236,58.1,22.72,Secondary Exploration Zone
-81.8359,157.8337,445.0,0.79,0.32,51.3,198.5,141.0,0,0.0,0.07,311.8,0.276,51.0,52.19,Spaceport / Landing Pad
-80.6053,115.292,561.2,1.55,0.24,52.0,199.0,141.6,0,0.0,0.16,314.5,0.265,52.1,52.04,Spaceport / Landing Pad
-84.1902,136.302,-489.7,6.48,0.8,39.9,189.9,131.9,0,0.0,0.17,290.7,0.362,42.0,42.51,Secondary Exploration Zone
-82.2881,-141.8817,281.9,0.89,0.19,49.7,197.3,139.8,0,0.0,0.27,307.0,0.296,49.4,51.75,Spaceport / Landing Pad
-80.0,-59.2068,658.9,1.29,0.42,53.0,199.8,142.4,0,0.0,0.2,317.5,0.253,53.0,52.44,Spaceport / Landing Pad
-87.3566,-42.1376,1777.5,2.06,0.48,63.0,207.3,150.4,0,0.0,0.34,346.2,0.137,63.7,54.67,Spaceport / Landing Pad
-82.6112,-86.3785,889.8,0.86,0.3,55.4,201.5,144.3,0,0.0,0.19,324.5,0.225,55.2,53.22,Spaceport / Landing Pad
-85.1086,-48.0941,906.0,1.94,0.34,55.0,201.2,144.0,0,0.0,0.06,324.1,0.226,55.4,52.57,Spaceport / Landing Pad
-80.0434,-38.9115,1196.7,0.69,0.4,58.3,203.7,146.6,0,0.0,0.35,333.5,0.188,58.1,54.03,Spaceport / Landing Pad
-82.3152,139.9271,536.0,0.5,0.4,52.3,199.2,141.8,0,0.0,0.18,314.6,0.265,51.8,52.52,Spaceport / Landing Pad
-87.2786,149.0362,344.2,1.22,0.2,50.1,197.6,140.1,0,0.0,0.14,308.5,0.289,50.0,51.73,Spaceport / Landing Pad
-84.492,0.971,-2962.8,4.96,0.53,0.0,94.0,63.1,1,0.669,3.66,291.9,0.357,0.0,43.33,ISRU Cryogenic Mining Outpost
-82.7348,-137.0826,466.0,1.3,0.45,51.2,198.4,141.0,0,0.0,0.21,311.9,0.276,51.2,51.97,Spaceport / Landing Pad
-81.3589,-26.2883,2083.0,0.63,0.26,66.5,209.9,153.2,0,0.0,0.22,347.4,0.132,66.6,56.62,Spaceport / Landing Pad
-84.1187,54.0395,-1426.1,9.15,0.78,29.9,182.4,123.9,0,0.0,0.1,288.5,0.37,33.0,33.3,Secondary Exploration Zone
-81.1674,-35.5377,1554.9,0.5,0.4,61.7,206.3,149.4,0,0.0,0.14,344.0,0.146,61.6,54.96,Spaceport / Landing Pad
-80.4946,-162.2768,1544.7,0.68,0.17,61.5,206.1,149.2,0,0.0,0.07,343.5,0.148,61.5,54.87,Spaceport / Landing Pad
-82.7109,80.4171,913.1,0.61,0.32,55.7,201.8,144.6,0,0.0,0.27,325.4,0.221,55.4,53.38,Spaceport / Landing Pad
-81.2786,-132.3974,1323.9,0.82,0.29,59.4,204.6,147.5,0,0.0,0.26,337.1,0.174,59.4,54.28,Spaceport / Landing Pad
-83.1242,-131.6981,1026.1,2.59,0.52,55.8,201.9,144.6,0,0.0,0.33,327.0,0.214,56.5,52.28,Spaceport / Landing Pad
-80.0819,-35.0362,1339.6,1.35,0.43,59.3,204.5,147.4,0,0.0,0.22,337.1,0.174,59.5,54.03,Spaceport / Landing Pad
-88.0199,8.1301,1895.3,1.59,0.32,64.3,208.3,151.5,0,0.0,0.24,346.6,0.135,64.8,55.45,Spaceport / Landing Pad
-80.9184,-77.5351,1538.6,0.5,0.32,61.6,206.2,149.2,0,0.0,0.17,343.5,0.148,61.4,54.92,Spaceport / Landing Pad
-80.3599,-46.5694,1598.9,0.5,0.37,62.1,206.6,149.7,0,0.0,0.21,345.2,0.141,62.0,55.07,Spaceport / Landing Pad
-80.0,-51.87,402.5,1.79,0.24,50.4,197.8,140.3,0,0.0,0.25,309.7,0.285,50.5,51.49,Spaceport / Landing Pad
-80.0,39.0685,1768.7,0.5,0.15,63.7,207.8,151.0,0,0.0,0.25,347.5,0.132,63.6,55.57,Spaceport / Landing Pad
-82.9689,-84.6678,826.0,0.56,0.15,54.9,201.2,143.9,0,0.0,0.19,322.9,0.231,54.6,53.19,Spaceport / Landing Pad
-84.2687,163.9264,1352.1,0.84,0.39,59.7,204.7,147.7,0,0.0,0.28,337.9,0.171,59.6,54.34,Spaceport / Landing Pad
-80.8572,117.3499,898.6,2.47,0.41,54.7,201.0,143.7,0,0.0,0.33,323.4,0.229,55.3,52.09,Spaceport / Landing Pad
-80.8572,-27.3499,2074.3,0.5,0.38,66.5,209.9,153.2,0,0.0,0.12,347.5,0.132,66.6,56.64,Spaceport / Landing Pad
-83.7733,156.1247,1396.9,0.91,0.21,60.0,205.0,148.0,0,0.0,0.07,339.1,0.166,60.1,54.41,Spaceport / Landing Pad
-80.0,35.647,1195.6,1.83,0.44,57.7,203.3,146.2,0,0.0,0.1,332.5,0.192,58.1,53.35,Spaceport / Landing Pad
-80.0,-131.6726,1732.6,1.8,0.42,62.7,207.1,150.2,0,0.0,0.07,346.4,0.136,63.3,54.73,Spaceport / Landing Pad
-82.8558,61.0908,1017.2,2.75,0.44,55.6,201.7,144.5,0,0.0,0.07,326.6,0.216,56.4,52.1,Spaceport / Landing Pad
-83.9263,-87.3575,871.2,0.92,0.22,55.2,201.4,144.1,0,0.0,0.34,323.9,0.227,55.0,53.15,Spaceport / Landing Pad
-82.1937,26.2587,2065.3,1.44,0.35,66.0,209.5,152.8,0,0.0,0.1,346.7,0.135,66.5,56.14,Spaceport / Landing Pad
-81.5053,-0.6296,848.6,2.13,0.55,54.4,200.8,143.5,0,0.0,0.28,322.3,0.234,54.8,52.28,Spaceport / Landing Pad
-83.6788,106.294,1240.2,1.19,0.31,58.5,203.8,146.8,0,0.0,0.22,334.3,0.185,58.6,53.89,Spaceport / Landing Pad
-86.2176,74.2488,1160.2,17.31,1.55,50.0,197.5,140.0,0,0.0,0.1,318.8,0.248,57.8,22.41,Secondary Exploration Zone
-85.9334,-31.866,1468.5,1.13,0.37,60.6,205.5,148.5,0,0.0,0.3,341.0,0.158,60.8,54.47,Spaceport / Landing Pad
-80.0,-56.4493,258.7,1.22,0.21,49.3,197.0,139.5,0,0.0,0.27,306.0,0.299,49.2,51.52,Spaceport / Landing Pad
-82.9096,73.951,714.7,2.13,0.4,53.1,199.9,142.5,0,0.0,0.31,318.4,0.249,53.5,51.96,Spaceport / Landing Pad
-82.4249,-112.4569,1079.9,1.79,0.41,56.7,202.5,145.3,0,0.0,0.14,329.2,0.206,57.0,53.11,Spaceport / Landing Pad
-80.691,26.822,1315.4,0.68,0.35,59.4,204.6,147.5,0,0.0,0.21,336.9,0.174,59.3,54.32,Spaceport / Landing Pad
-82.1804,-23.1986,1889.1,1.07,0.28,64.5,208.4,151.6,0,0.0,0.34,347.0,0.134,64.8,55.74,Spaceport / Landing Pad
-82.1581,-8.9017,422.3,1.65,0.24,50.7,198.0,140.5,0,0.0,0.19,310.4,0.282,50.7,51.63,Spaceport / Landing Pad
-86.4456,66.8014,740.9,1.31,0.33,53.8,200.3,143.0,0,0.0,0.22,319.8,0.244,53.8,52.62,Spaceport / Landing Pad
-84.4416,-49.0856,880.0,1.97,0.25,54.7,201.1,143.8,0,0.0,0.31,323.3,0.229,55.1,52.49,Spaceport / Landing Pad
-80.2664,-24.353,1724.4,2.46,0.34,62.3,206.8,149.9,0,0.0,0.1,345.9,0.138,63.2,54.13,Spaceport / Landing Pad
-86.0288,-150.4222,667.3,1.12,0.41,53.2,199.9,142.5,0,0.0,0.28,317.9,0.251,53.1,52.56,Spaceport / Landing Pad
-82.2385,176.5526,2259.9,0.5,0.21,68.2,211.2,154.6,0,0.0,0.14,347.5,0.132,68.3,57.28,Spaceport / Landing Pad
-82.1403,105.8519,761.3,1.41,0.47,53.9,200.4,143.1,0,0.0,0.27,320.4,0.241,54.0,52.61,Spaceport / Landing Pad
-82.6918,118.2016,1629.2,1.62,0.4,61.9,206.4,149.5,0,0.0,0.18,345.2,0.141,62.3,54.55,Spaceport / Landing Pad
-80.3708,73.6731,2131.6,2.09,0.54,66.3,209.7,153.0,0,0.0,0.3,346.2,0.137,67.1,55.88,Spaceport / Landing Pad
-80.0,131.5107,1397.9,0.98,0.21,60.0,205.0,148.0,0,0.0,0.06,339.1,0.166,60.1,54.38,Spaceport / Landing Pad
-86.0288,-66.4477,297.0,0.5,0.28,50.0,197.5,140.0,0,0.0,0.14,307.7,0.293,49.5,51.95,Spaceport / Landing Pad
-82.3607,54.9506,1526.7,0.5,0.31,61.4,206.1,149.2,0,0.0,0.14,343.2,0.149,61.3,54.89,Spaceport / Landing Pad
-81.1911,-154.2495,979.4,0.71,0.32,56.3,202.2,145.0,0,0.0,0.24,327.2,0.214,56.1,53.5,Spaceport / Landing Pad
-83.1802,30.4258,1801.7,1.95,0.46,63.3,207.5,150.6,0,0.0,0.26,346.3,0.136,63.9,54.85,Spaceport / Landing Pad
-81.7636,-156.6309,646.8,1.49,0.21,52.8,199.6,142.3,0,0.0,0.14,317.0,0.255,52.9,52.28,Spaceport / Landing Pad
-82.597,156.9911,704.1,0.91,0.25,53.6,200.2,142.9,0,0.0,0.17,319.1,0.246,53.4,52.75,Spaceport / Landing Pad
-84.0188,67.0362,248.6,0.82,0.4,49.4,197.1,139.6,0,0.0,0.15,306.1,0.299,49.1,51.71,Spaceport / Landing Pad
-80.0,133.794,1204.9,0.5,0.36,58.5,203.8,146.8,0,0.0,0.32,333.9,0.187,58.2,54.12,Spaceport / Landing Pad
-80.0,-46.9525,1048.8,0.5,0.3,57.0,202.8,145.6,0,0.0,0.26,329.4,0.205,56.7,53.75,Spaceport / Landing Pad
-82.0215,-151.336,345.4,0.76,0.44,50.4,197.8,140.3,0,0.0,0.18,308.9,0.288,50.0,51.97,Spaceport / Landing Pad
-80.1348,159.5074,1318.5,1.63,0.33,59.0,204.2,147.2,0,0.0,0.34,336.2,0.177,59.3,53.8,Spaceport / Landing Pad
-87.069,52.7652,998.2,4.97,0.6,54.4,200.8,143.5,0,0.0,0.12,324.3,0.226,56.2,49.14,Secondary Exploration Zone
-80.0,125.5377,2104.6,1.33,0.3,66.4,209.8,153.1,0,0.0,0.09,346.8,0.134,66.8,56.34,Spaceport / Landing Pad
-82.2071,-96.1886,1370.9,0.5,0.35,60.0,205.0,148.0,0,0.0,0.33,338.7,0.167,59.8,54.52,Spaceport / Landing Pad
-80.0,-121.31,1441.7,1.05,0.31,60.4,205.3,148.3,0,0.0,0.17,340.3,0.161,60.5,54.45,Spaceport / Landing Pad
-89.34,8.1301,1897.1,1.36,0.29,64.5,208.4,151.6,0,0.0,0.32,346.8,0.135,64.9,55.6,Spaceport / Landing Pad
-81.6878,-167.6806,1033.9,0.5,0.32,56.9,202.7,145.5,0,0.0,0.15,329.0,0.207,56.6,53.71,Spaceport / Landing Pad
-81.0148,124.8457,1628.7,0.5,0.32,62.4,206.8,149.9,0,0.0,0.12,346.1,0.137,62.3,55.14,Spaceport / Landing Pad
-84.0832,-83.6598,1025.2,1.13,0.46,56.5,202.4,145.2,0,0.0,0.23,328.2,0.21,56.5,53.41,Spaceport / Landing Pad
-85.1588,-19.1336,841.8,0.5,0.38,55.1,201.3,144.1,0,0.0,0.21,323.4,0.229,54.8,53.25,Spaceport / Landing Pad
-81.3589,63.7117,1605.6,0.99,0.29,61.9,206.5,149.6,0,0.0,0.21,345.0,0.142,62.1,54.87,Spaceport / Landing Pad
-81.6878,145.0607,802.7,0.5,0.34,54.7,201.1,143.8,0,0.0,0.22,322.3,0.234,54.4,53.16,Spaceport / Landing Pad
-88.4104,49.7636,-1317.6,9.18,0.81,0.0,44.2,59.0,1,0.522,2.79,288.5,0.371,0.0,32.22,ISRU Cryogenic Mining Outpost
-83.7453,-179.1449,1965.1,2.23,0.35,64.7,208.5,151.7,0,0.0,0.12,346.1,0.137,65.5,55.18,Spaceport / Landing Pad
-81.8273,-103.8775,735.7,2.54,0.54,53.1,199.9,142.5,0,0.0,0.27,318.7,0.248,53.7,51.64,Spaceport / Landing Pad
-83.446,-10.6698,1069.9,0.84,0.22,57.0,202.8,145.6,0,0.0,0.13,329.7,0.204,56.9,53.66,Spaceport / Landing Pad
-87.8511,55.6197,-1680.9,7.93,0.94,0.0,92.1,36.1,1,0.466,2.61,289.5,0.366,0.0,33.93,ISRU Cryogenic Mining Outpost
-85.0029,32.7995,1069.3,2.08,0.54,56.4,202.3,145.2,0,0.0,0.15,328.7,0.208,56.9,52.85,Spaceport / Landing Pad
-81.2746,-62.6126,1431.0,1.69,0.31,60.0,205.0,148.0,0,0.0,0.34,339.4,0.164,60.4,54.02,Spaceport / Landing Pad
-83.9148,41.2686,904.1,1.27,0.42,55.3,201.5,144.2,0,0.0,0.27,324.6,0.224,55.3,53.04,Spaceport / Landing Pad
-83.5263,118.4127,1713.9,9.53,0.87,58.8,204.1,147.1,0,0.0,0.24,340.0,0.162,63.1,41.29,Secondary Exploration Zone
-86.4456,-113.1986,1661.2,0.5,0.41,62.7,207.0,150.2,0,0.0,0.19,347.0,0.133,62.6,55.22,Spaceport / Landing Pad
-83.2418,122.5926,2969.8,4.54,0.71,72.9,214.7,158.3,0,0.0,0.07,344.1,0.145,75.1,55.92,Secondary Exploration Zone
-82.9096,69.1791,741.2,1.97,0.27,53.5,200.1,142.8,0,0.0,0.24,319.3,0.246,53.8,52.16,Spaceport / Landing Pad
-84.1009,-85.4622,976.3,0.5,0.37,56.3,202.3,145.1,0,0.0,0.23,327.3,0.213,56.0,53.58,Spaceport / Landing Pad
-82.4942,111.1398,820.3,1.07,0.33,54.6,201.0,143.7,0,0.0,0.34,322.3,0.233,54.5,52.95,Spaceport / Landing Pad
-80.0,-44.3772,1025.6,0.5,0.23,56.8,202.6,145.4,0,0.0,0.26,328.7,0.208,56.5,53.69,Spaceport / Landing Pad
-84.0304,26.9657,1393.6,5.31,0.56,57.9,203.4,146.3,0,0.0,0.29,335.4,0.181,60.0,49.53,Secondary Exploration Zone
-81.8658,86.7108,1008.7,0.5,0.36,56.6,202.5,145.3,0,0.0,0.21,328.2,0.21,56.3,53.65,Spaceport / Landing Pad
-84.4479,-63.0042,92.0,1.32,0.48,47.8,195.8,138.2,0,0.0,0.33,301.1,0.319,47.6,51.06,Spaceport / Landing Pad
-83.1802,87.6467,1451.7,1.3,0.29,60.4,205.3,148.3,0,0.0,0.05,340.3,0.161,60.6,54.34,Spaceport / Landing Pad
-83.8126,33.9298,1143.1,1.58,0.27,57.4,203.0,145.9,0,0.0,0.08,331.2,0.197,57.6,53.41,Spaceport / Landing Pad
-82.5268,-117.5252,1087.0,2.08,0.51,56.6,202.5,145.3,0,0.0,0.34,329.2,0.206,57.1,52.89,Spaceport / Landing Pad
-85.6119,88.7811,3132.8,8.41,0.87,72.5,214.4,158.0,0,0.0,0.23,341.0,0.158,76.7,49.0,Secondary Exploration Zone
-82.0303,18.4349,1666.2,0.5,0.17,62.7,207.1,150.2,0,0.0,0.19,347.2,0.133,62.6,55.23,Spaceport / Landing Pad
-80.3527,118.3008,1069.3,1.84,0.31,56.6,202.4,145.3,0,0.0,0.17,328.9,0.207,56.9,53.05,Spaceport / Landing Pad
-82.668,58.5359,1284.3,1.47,0.43,58.7,204.1,147.0,0,0.0,0.32,335.4,0.181,59.0,53.83,Spaceport / Landing Pad
-83.5102,49.6669,923.0,0.54,0.43,55.8,201.9,144.7,0,0.0,0.33,325.7,0.22,55.5,53.43,Spaceport / Landing Pad
-85.1301,102.1715,1540.0,5.65,0.57,59.1,204.3,147.3,0,0.0,0.11,339.3,0.165,61.4,49.31,Secondary Exploration Zone
-85.4482,-15.4612,1043.0,3.39,0.49,55.6,201.7,144.5,0,0.0,0.23,326.8,0.215,56.7,51.45,Spaceport / Landing Pad
-85.052,88.9191,1574.8,23.91,1.81,50.7,198.0,140.5,0,0.0,0.16,325.3,0.222,61.8,22.74,Hazard / Exclusion Zone
-85.268,104.8586,2505.6,3.19,0.57,69.2,211.9,155.4,0,0.0,0.1,345.3,0.141,70.7,56.08,Spaceport / Landing Pad
-80.7511,-132.546,1472.4,0.5,0.42,60.9,205.7,148.8,0,0.0,0.26,341.6,0.155,60.8,54.76,Spaceport / Landing Pad
-80.524,26.3126,1295.9,0.58,0.41,59.3,204.5,147.4,0,0.0,0.3,336.4,0.176,59.1,54.31,Spaceport / Landing Pad
-81.0732,-173.3952,1046.6,0.5,0.24,57.0,202.7,145.6,0,0.0,0.05,329.3,0.205,56.7,53.74,Spaceport / Landing Pad
-82.8412,67.7824,840.5,1.14,0.4,54.8,201.1,143.8,0,0.0,0.32,322.9,0.231,54.7,52.96,Spaceport / Landing Pad
-80.4507,129.447,1261.3,1.72,0.23,58.4,203.8,146.7,0,0.0,0.21,334.5,0.184,58.8,53.59,Spaceport / Landing Pad
-80.9645,-109.9325,336.1,1.55,0.3,49.9,197.4,139.9,0,0.0,0.06,308.0,0.292,49.9,51.5,Spaceport / Landing Pad
-80.3708,106.3269,718.0,0.83,0.39,53.8,200.3,143.0,0,0.0,0.22,319.6,0.245,53.6,52.83,Spaceport / Landing Pad
-88.11,69.7751,2325.3,9.3,0.94,64.6,208.5,151.7,0,0.0,0.19,340.2,0.161,69.0,44.01,Secondary Exploration Zone
-84.3176,132.337,-1393.5,3.94,0.56,0.0,58.3,50.9,1,0.373,2.16,292.8,0.353,0.0,38.78,Secondary Exploration Zone
-80.0,-39.9994,958.1,0.86,0.45,56.0,202.0,144.8,0,0.0,0.06,326.5,0.217,55.9,53.39,Spaceport / Landing Pad
-80.6835,155.7461,466.9,1.58,0.41,51.1,198.3,140.9,0,0.0,0.19,311.7,0.276,51.2,51.79,Spaceport / Landing Pad
-82.234,-13.2011,974.4,1.59,0.37,55.8,201.9,144.6,0,0.0,0.14,326.3,0.217,56.0,53.0,Spaceport / Landing Pad
-85.5098,-110.6955,1492.5,0.5,0.23,61.1,205.8,148.9,0,0.0,0.09,342.2,0.153,61.0,54.81,Spaceport / Landing Pad
-84.6395,144.9262,1890.8,4.99,0.73,62.7,207.0,150.1,0,0.0,0.27,343.8,0.147,64.8,51.48,Secondary Exploration Zone
-86.721,-85.1009,1265.2,1.89,0.47,58.4,203.8,146.7,0,0.0,0.06,334.5,0.184,58.8,53.48,Spaceport / Landing Pad
-88.3672,59.0362,-614.1,11.93,1.11,0.0,62.6,47.2,1,0.147,0.83,286.2,0.38,0.0,17.35,Secondary Exploration Zone
-80.0,-119.9315,1380.9,0.74,0.28,60.0,205.0,148.0,0,0.0,0.13,338.8,0.167,59.9,54.45,Spaceport / Landing Pad
-80.0,-128.5812,1417.3,0.5,0.17,60.4,205.3,148.3,0,0.0,0.22,340.0,0.162,60.3,54.63,Spaceport / Landing Pad
-84.659,-5.0131,-1228.9,6.69,0.61,0.0,98.7,62.9,1,0.064,0.44,290.5,0.362,0.0,28.36,Secondary Exploration Zone
-80.0,-42.9546,985.7,0.63,0.22,56.4,202.3,145.1,0,0.0,0.09,327.5,0.213,56.1,53.55,Spaceport / Landing Pad
-81.0849,72.3239,2241.5,0.77,0.21,67.9,211.0,154.4,0,0.0,0.18,347.3,0.133,68.2,57.11,Spaceport / Landing Pad
-80.3491,-41.8636,1514.7,0.85,0.25,61.2,205.9,148.9,0,0.0,0.3,342.5,0.152,61.2,54.73,Spaceport / Landing Pad
-80.8916,135.0,555.6,0.73,0.43,52.3,199.3,141.9,0,0.0,0.35,315.0,0.263,52.0,52.48,Spaceport / Landing Pad
-86.6683,-168.6901,821.0,0.76,0.28,54.8,201.1,143.8,0,0.0,0.33,322.6,0.232,54.6,53.1,Spaceport / Landing Pad
-80.8648,-7.6333,972.6,2.33,0.43,55.4,201.6,144.3,0,0.0,0.24,325.7,0.22,56.0,52.4,Spaceport / Landing Pad
-82.6632,-36.7241,1599.5,0.89,0.35,61.9,206.5,149.5,0,0.0,0.26,344.9,0.142,62.0,54.91,Spaceport / Landing Pad
-81.2387,-51.0542,1287.1,2.63,0.34,58.2,203.7,146.6,0,0.0,0.08,334.5,0.184,59.0,52.87,Spaceport / Landing Pad
-85.5645,-8.4711,770.9,15.23,1.37,47.4,195.5,137.9,0,0.0,0.19,309.3,0.286,54.1,21.68,Secondary Exploration Zone
-82.783,5.1944,974.7,5.05,0.72,54.1,200.6,143.3,0,0.0,0.12,323.5,0.229,56.0,48.95,Secondary Exploration Zone
-84.5877,-57.6804,91.1,0.76,0.29,48.0,196.0,138.4,0,0.0,0.16,301.6,0.318,47.6,51.35,Spaceport / Landing Pad
-80.0,-151.8375,787.6,0.95,0.29,54.4,200.8,143.5,0,0.0,0.22,321.5,0.237,54.2,52.94,Spaceport / Landing Pad
-80.0,138.6914,1573.4,0.6,0.42,61.8,206.4,149.5,0,0.0,0.15,344.4,0.144,61.8,54.97,Spaceport / Landing Pad
-81.0148,-145.1543,860.9,0.5,0.34,55.3,201.5,144.2,0,0.0,0.09,324.0,0.227,54.9,53.3,Spaceport / Landing Pad
-88.6218,28.3008,1286.9,13.03,1.22,53.2,199.9,142.6,0,0.0,0.27,325.9,0.219,59.0,29.84,Secondary Exploration Zone
-80.0,41.8202,706.4,0.5,0.42,53.8,200.4,143.1,0,0.0,0.3,319.5,0.245,53.5,52.93,Spaceport / Landing Pad
-86.264,77.0054,2280.0,11.14,0.97,63.3,207.5,150.7,0,0.0,0.26,338.7,0.167,68.5,38.79,Secondary Exploration Zone
-80.9337,-92.9508,1266.7,1.25,0.22,58.7,204.0,146.9,0,0.0,0.17,335.1,0.182,58.8,53.92,Spaceport / Landing Pad
-81.7933,-160.7407,770.9,1.21,0.36,54.1,200.6,143.3,0,0.0,0.14,320.8,0.24,54.1,52.76,Spaceport / Landing Pad
-81.6752,-17.6223,1458.6,2.45,0.38,59.9,204.9,147.9,0,0.0,0.23,339.6,0.164,60.7,53.46,Spaceport / Landing Pad
-84.3607,12.4259,-3574.8,2.37,0.5,0.0,98.8,49.7,1,0.77,4.15,294.1,0.348,0.0,48.29,ISRU Cryogenic Mining Outpost
-84.5301,-143.3257,1657.8,0.5,0.22,62.7,207.0,150.1,0,0.0,0.28,346.9,0.134,62.6,55.21,Spaceport / Landing Pad
-81.0576,166.1088,1603.2,1.04,0.41,61.9,206.4,149.5,0,0.0,0.15,344.9,0.142,62.0,54.84,Spaceport / Landing Pad
-80.0,-40.7636,948.7,1.22,0.36,55.7,201.8,144.6,0,0.0,0.27,325.9,0.219,55.8,53.18,Spaceport / Landing Pad
-81.6836,45.0,1470.1,1.64,0.28,60.4,205.3,148.3,0,0.0,0.23,340.6,0.16,60.8,54.15,Spaceport / Landing Pad
-80.0,-127.1709,1455.8,0.5,0.35,60.8,205.6,148.6,0,0.0,0.11,341.1,0.157,60.6,54.72,Spaceport / Landing Pad
-83.5533,34.3803,1425.8,2.8,0.33,59.4,204.6,147.5,0,0.0,0.26,338.4,0.169,60.3,53.02,Spaceport / Landing Pad
-83.0838,-31.7595,1259.4,0.78,0.17,58.8,204.1,147.1,0,0.0,0.26,335.2,0.181,58.7,54.14,Spaceport / Landing Pad
-82.9987,42.8389,1779.9,1.65,0.29,63.2,207.4,150.6,0,0.0,0.21,346.5,0.136,63.7,55.0,Spaceport / Landing Pad
-81.2586,30.1243,1580.7,1.47,0.48,61.5,206.1,149.2,0,0.0,0.18,343.9,0.146,61.8,54.53,Spaceport / Landing Pad
-81.6043,-28.5596,1910.7,1.18,0.45,64.7,208.5,151.7,0,0.0,0.3,346.9,0.134,65.0,55.76,Spaceport / Landing Pad
-80.0,48.1798,304.5,1.0,0.34,49.9,197.4,139.9,0,0.0,0.34,307.5,0.293,49.6,51.75,Spaceport / Landing Pad
-80.0,45.6662,808.0,1.57,0.35,54.3,200.7,143.4,0,0.0,0.28,321.6,0.237,54.4,52.61,Spaceport / Landing Pad
-82.3516,23.7495,1977.7,0.5,0.39,65.6,209.2,152.5,0,0.0,0.06,347.5,0.132,65.6,56.3,Spaceport / Landing Pad
-85.7491,-8.8418,2535.0,9.48,0.98,66.5,209.9,153.2,0,0.0,0.29,340.1,0.162,71.0,44.27,Secondary Exploration Zone
-80.4143,-22.3194,1546.3,2.3,0.32,60.8,205.6,148.6,0,0.0,0.18,342.2,0.153,61.5,53.8,Spaceport / Landing Pad
-85.2459,-43.4089,1239.5,1.23,0.3,58.4,203.8,146.7,0,0.0,0.34,334.3,0.185,58.6,53.87,Spaceport / Landing Pad
-80.1879,117.7839,981.1,1.84,0.27,55.7,201.8,144.6,0,0.0,0.24,326.3,0.217,56.1,52.83,Spaceport / Landing Pad
-87.6497,-173.1572,681.9,0.85,0.36,53.4,200.1,142.8,0,0.0,0.1,318.5,0.249,53.2,52.73,Spaceport / Landing Pad
-82.1714,-50.8067,1344.8,1.76,0.33,59.2,204.4,147.3,0,0.0,0.16,336.9,0.175,59.6,53.77,Spaceport / Landing Pad
-86.5049,124.1145,1228.6,13.67,1.35,52.4,199.3,141.9,0,0.0,0.05,323.7,0.228,58.5,27.54,Secondary Exploration Zone
-85.0449,86.7603,1999.5,1.33,0.49,65.4,209.1,152.3,0,0.0,0.08,346.8,0.134,65.8,55.98,Spaceport / Landing Pad
-83.6568,122.9885,643.6,7.21,0.69,50.0,197.5,140.0,0,0.0,0.31,312.2,0.275,52.9,44.16,Secondary Exploration Zone
-84.9405,150.124,1403.2,0.5,0.39,60.3,205.2,148.2,0,0.0,0.26,339.6,0.164,60.1,54.6,Spaceport / Landing Pad
-83.8013,108.4349,1551.4,5.1,0.65,59.5,204.6,147.6,0,0.0,0.33,340.1,0.162,61.5,50.25,Secondary Exploration Zone
-80.0,124.0889,2295.5,1.19,0.35,68.2,211.2,154.6,0,0.0,0.31,346.9,0.134,68.7,57.09,Spaceport / Landing Pad
-81.1398,69.6559,2071.3,1.59,0.32,66.0,209.5,152.8,0,0.0,0.35,346.6,0.135,66.5,56.06,Spaceport / Landing Pad
-80.0,-133.6831,1737.8,1.23,0.41,63.1,207.3,150.4,0,0.0,0.09,346.9,0.134,63.3,55.13,Spaceport / Landing Pad
-80.0,-138.1798,1693.6,0.5,0.39,63.0,207.2,150.4,0,0.0,0.28,347.5,0.132,62.9,55.31,Spaceport / Landing Pad
-85.3572,30.1735,1666.5,5.86,0.64,60.2,205.1,148.1,0,0.0,0.13,342.8,0.151,62.6,49.23,Secondary Exploration Zone
-80.535,126.9829,1593.5,1.81,0.52,61.4,206.1,149.2,0,0.0,0.35,344.0,0.146,61.9,54.32,Spaceport / Landing Pad
-86.2827,51.1155,1111.3,9.02,0.84,53.5,200.1,142.8,0,0.0,0.32,324.2,0.226,57.3,41.1,Secondary Exploration Zone
-81.7298,-20.4804,1830.2,1.22,0.24,63.9,207.9,151.1,0,0.0,0.34,346.9,0.134,64.2,55.45,Spaceport / Landing Pad
-80.8078,-122.5604,1642.2,0.91,0.21,62.3,206.7,149.9,0,0.0,0.12,346.2,0.137,62.4,55.0,Spaceport / Landing Pad
-80.0,53.7974,769.9,0.68,0.3,54.3,200.8,143.5,0,0.0,0.1,321.2,0.238,54.1,53.01,Spaceport / Landing Pad
-80.0679,49.5739,953.6,1.54,0.43,55.6,201.7,144.5,0,0.0,0.28,325.8,0.219,55.8,52.98,Spaceport / Landing Pad
-82.3516,23.7495,1977.7,0.5,0.39,65.6,209.2,152.5,0,0.0,0.06,347.5,0.132,65.6,56.3,Spaceport / Landing Pad
-86.5451,-88.4518,1479.6,1.82,0.25,60.4,205.3,148.3,0,0.0,0.29,340.7,0.159,60.9,54.04,Spaceport / Landing Pad
-84.562,-140.5722,1729.8,1.17,0.25,63.0,207.3,150.4,0,0.0,0.23,346.9,0.134,63.3,55.13,Spaceport / Landing Pad
-81.3589,-153.7117,856.0,1.14,0.32,54.9,201.2,143.9,0,0.0,0.3,323.3,0.23,54.9,53.0,Spaceport / Landing Pad
-82.4341,38.991,2125.4,0.79,0.27,66.9,210.1,153.5,0,0.0,0.1,347.2,0.133,67.0,56.7,Spaceport / Landing Pad
-84.7446,109.7223,734.1,5.09,0.62,51.9,198.9,141.5,0,0.0,0.14,316.5,0.257,53.7,48.32,Secondary Exploration Zone
-81.0226,-8.9726,760.6,1.43,0.41,53.9,200.4,143.1,0,0.0,0.28,320.3,0.242,54.0,52.6,Spaceport / Landing Pad
-83.9955,-168.3407,1926.1,1.19,0.27,64.8,208.6,151.9,0,0.0,0.25,346.9,0.134,65.1,55.8,Spaceport / Landing Pad
-81.8145,97.2061,1213.3,0.87,0.33,58.4,203.8,146.7,0,0.0,0.1,333.8,0.187,58.3,53.99,Spaceport / Landing Pad
-84.845,31.6755,1030.2,2.03,0.46,56.1,202.1,144.9,0,0.0,0.09,327.6,0.212,56.6,52.8,Spaceport / Landing Pad
-83.8919,141.2034,1406.2,5.4,0.49,58.0,203.5,146.4,0,0.0,0.05,335.7,0.18,60.2,49.42,Secondary Exploration Zone
-87.6202,41.8202,-1577.3,8.56,0.76,0.0,45.5,66.8,1,0.438,2.57,289.0,0.369,0.0,31.98,ISRU Cryogenic Mining Outpost
-81.2347,82.0425,1646.1,2.35,0.44,61.7,206.2,149.3,0,0.0,0.35,345.1,0.141,62.5,53.99,Spaceport / Landing Pad
-86.2453,145.1247,934.2,4.26,0.65,54.2,200.6,143.3,0,0.0,0.16,323.0,0.231,55.6,50.06,Secondary Exploration Zone
-85.3572,30.1735,1666.5,5.86,0.64,60.2,205.1,148.1,0,0.0,0.13,342.8,0.151,62.6,49.23,Secondary Exploration Zone
-81.0967,150.4786,457.2,0.55,0.14,51.5,198.6,141.2,0,0.0,0.22,312.3,0.274,51.1,52.31,Spaceport / Landing Pad
-87.3303,126.4692,1191.3,2.12,0.49,57.6,203.2,146.0,0,0.0,0.32,332.2,0.194,58.1,53.11,Spaceport / Landing Pad
-80.9069,72.6811,2255.5,0.52,0.26,68.2,211.1,154.6,0,0.0,0.34,347.5,0.132,68.3,57.26,Spaceport / Landing Pad
-80.2735,-52.8002,732.9,1.39,0.23,53.7,200.2,142.9,0,0.0,0.18,319.6,0.245,53.7,52.56,Spaceport / Landing Pad
-81.6002,165.1916,1381.8,2.83,0.39,59.0,204.2,147.2,0,0.0,0.21,337.1,0.174,59.9,52.89,Spaceport / Landing Pad
-83.9148,-48.7314,1065.4,1.47,0.21,56.7,202.5,145.4,0,0.0,0.35,329.1,0.206,56.9,53.3,Spaceport / Landing Pad
-82.6253,-89.2748,977.3,0.78,0.25,56.2,202.2,145.0,0,0.0,0.12,327.1,0.214,56.0,53.47,Spaceport / Landing Pad
-80.6573,-68.3049,2063.1,0.5,0.3,66.4,209.8,153.1,0,0.0,0.08,347.5,0.132,66.4,56.6,Spaceport / Landing Pad
-81.5423,-137.6838,907.7,1.07,0.41,55.4,201.6,144.3,0,0.0,0.13,324.9,0.223,55.4,53.16,Spaceport / Landing Pad
-84.3299,122.9052,-1105.6,3.7,0.48,0.0,68.0,53.4,1,0.658,3.56,293.0,0.352,0.0,44.75,ISRU Cryogenic Mining Outpost
-85.9592,-6.6325,2633.6,9.8,1.07,67.2,210.4,153.8,0,0.0,0.34,339.8,0.163,71.9,43.77,Secondary Exploration Zone
-81.6668,175.5028,1939.6,2.0,0.46,64.6,208.4,151.6,0,0.0,0.26,346.2,0.137,65.3,55.29,Spaceport / Landing Pad
-81.3186,90.6161,828.0,0.7,0.28,54.9,201.2,143.9,0,0.0,0.2,322.9,0.231,54.6,53.15,Spaceport / Landing Pad
-86.6998,-45.0,1459.5,1.59,0.3,60.3,205.2,148.2,0,0.0,0.09,340.3,0.161,60.7,54.17,Spaceport / Landing Pad
-84.2445,171.6071,1243.1,0.5,0.21,58.8,204.1,147.1,0,0.0,0.12,335.0,0.182,58.6,54.21,Spaceport / Landing Pad
-80.0,-136.4879,912.2,0.5,0.34,55.7,201.8,144.6,0,0.0,0.25,325.5,0.221,55.4,53.42,Spaceport / Landing Pad
-82.5128,-125.8698,891.3,0.58,0.29,55.5,201.6,144.4,0,0.0,0.14,324.8,0.224,55.2,53.34,Spaceport / Landing Pad
-83.8521,-149.9314,1314.5,1.26,0.35,59.1,204.3,147.3,0,0.0,0.21,336.4,0.176,59.3,54.03,Spaceport / Landing Pad
-81.0927,-128.1909,1560.7,0.59,0.2,61.7,206.3,149.4,0,0.0,0.13,344.1,0.145,61.6,54.94,Spaceport / Landing Pad
-85.9765,86.0091,4201.4,1.22,0.43,85.9,224.4,168.7,0,0.0,0.1,346.9,0.134,86.9,63.7,Optimal Habitat Base
-84.8247,172.7468,1165.9,0.99,0.26,57.9,203.4,146.3,0,0.0,0.24,332.4,0.193,57.9,53.82,Spaceport / Landing Pad
-86.9183,-144.8658,1032.2,1.24,0.41,56.5,202.4,145.2,0,0.0,0.14,328.3,0.209,56.6,53.37,Spaceport / Landing Pad
-83.3984,146.5346,1153.0,1.1,0.35,57.7,203.3,146.2,0,0.0,0.2,331.9,0.195,57.7,53.73,Spaceport / Landing Pad
-82.1893,-14.5345,1151.1,1.34,0.26,57.6,203.2,146.0,0,0.0,0.23,331.6,0.196,57.7,53.59,Spaceport / Landing Pad
-80.8078,9.9406,1155.5,1.0,0.39,57.8,203.3,146.2,0,0.0,0.23,332.1,0.194,57.8,53.79,Spaceport / Landing Pad
-81.5423,47.6838,1254.3,1.54,0.49,58.4,203.8,146.7,0,0.0,0.28,334.5,0.184,58.7,53.7,Spaceport / Landing Pad
-82.2251,-94.8208,1361.9,0.5,0.15,59.9,204.9,147.9,0,0.0,0.05,338.4,0.168,59.7,54.5,Spaceport / Landing Pad
-80.1879,-64.6538,1813.2,1.81,0.31,63.5,207.6,150.8,0,0.0,0.26,346.4,0.136,64.1,55.0,Spaceport / Landing Pad
-82.4341,-92.1211,1209.5,1.02,0.2,58.3,203.7,146.6,0,0.0,0.22,333.6,0.188,58.3,53.91,Spaceport / Landing Pad
-82.4249,176.4677,2304.7,0.5,0.21,68.7,211.5,154.9,0,0.0,0.29,347.5,0.132,68.8,57.44,Spaceport / Landing Pad
-80.4143,-67.6806,2032.0,0.5,0.15,66.1,209.6,152.9,0,0.0,0.14,347.5,0.132,66.1,56.49,Spaceport / Landing Pad
-87.5767,-15.6422,2078.9,0.89,0.38,66.4,209.8,153.1,0,0.0,0.32,347.2,0.133,66.6,56.49,Spaceport / Landing Pad
-84.3793,125.5377,-1441.9,3.51,0.62,0.0,60.2,56.0,1,0.726,3.95,293.1,0.352,0.0,46.33,ISRU Cryogenic Mining Outpost
-82.597,174.9364,2227.3,0.93,0.3,67.7,210.8,154.2,0,0.0,0.33,347.1,0.133,68.0,56.99,Spaceport / Landing Pad
-80.0,42.5372,695.4,1.05,0.24,53.5,200.1,142.8,0,0.0,0.1,318.8,0.248,53.3,52.66,Spaceport / Landing Pad
-82.4387,89.2927,1266.3,1.3,0.33,58.7,204.0,146.9,0,0.0,0.27,335.0,0.182,58.8,53.89,Spaceport / Landing Pad
-81.6794,-46.8183,1882.0,0.56,0.3,64.7,208.5,151.8,0,0.0,0.33,347.4,0.132,64.7,55.95,Spaceport / Landing Pad
-81.8744,-1.9749,401.3,1.68,0.4,50.4,197.8,140.4,0,0.0,0.26,309.8,0.284,50.5,51.56,Spaceport / Landing Pad
-85.9334,-58.134,334.8,1.59,0.23,49.9,197.4,139.9,0,0.0,0.06,307.9,0.292,49.9,51.47,Spaceport / Landing Pad
-88.6734,-50.7106,1541.6,2.69,0.34,60.5,205.4,148.4,0,0.0,0.17,341.8,0.155,61.5,53.41,Spaceport / Landing Pad
-80.0,-57.6086,482.6,1.13,0.35,51.5,198.6,141.2,0,0.0,0.33,312.6,0.273,51.3,52.11,Spaceport / Landing Pad
-81.6168,-142.2369,673.7,1.11,0.35,53.2,199.9,142.6,0,0.0,0.33,318.1,0.251,53.1,52.58,Spaceport / Landing Pad
-83.8013,71.5651,421.1,1.0,0.35,51.0,198.2,140.8,0,0.0,0.3,310.9,0.28,50.7,52.03,Spaceport / Landing Pad
-82.7975,-176.2847,2313.3,1.18,0.26,68.4,211.3,154.7,0,0.0,0.31,346.9,0.134,68.8,57.15,Spaceport / Landing Pad
-80.9299,-66.3369,1988.1,0.82,0.37,65.6,209.2,152.5,0,0.0,0.31,347.2,0.133,65.7,56.21,Spaceport / Landing Pad
-85.0099,172.4762,1173.3,0.84,0.42,58.0,203.5,146.4,0,0.0,0.25,332.7,0.192,57.9,53.91,Spaceport / Landing Pad
-81.2866,134.1319,489.0,1.06,0.2,51.6,198.7,141.2,0,0.0,0.17,312.8,0.272,51.4,52.16,Spaceport / Landing Pad
-81.2586,-96.7456,926.2,1.83,0.45,55.2,201.4,144.2,0,0.0,0.23,324.8,0.224,55.6,52.71,Spaceport / Landing Pad
-85.0944,-158.8059,1046.1,1.57,0.26,56.5,202.4,145.2,0,0.0,0.22,328.4,0.209,56.7,53.18,Spaceport / Landing Pad
-82.4571,77.8557,999.1,1.66,0.46,56.0,202.0,144.8,0,0.0,0.35,327.0,0.215,56.3,53.01,Spaceport / Landing Pad
-86.3489,-94.3987,1712.5,0.8,0.16,63.0,207.3,150.4,0,0.0,0.28,347.2,0.133,63.1,55.26,Spaceport / Landing Pad
-81.5795,-144.0193,649.9,1.43,0.3,52.9,199.7,142.3,0,0.0,0.09,317.1,0.255,52.9,52.33,Spaceport / Landing Pad
-80.0,-112.4965,1157.0,1.09,0.43,57.7,203.3,146.2,0,0.0,0.12,332.0,0.194,57.8,53.75,Spaceport / Landing Pad
-84.1722,-31.9081,1040.3,0.9,0.27,56.7,202.6,145.4,0,0.0,0.33,328.8,0.207,56.7,53.57,Spaceport / Landing Pad
-84.5237,-150.3763,1537.8,0.5,0.41,61.6,206.2,149.2,0,0.0,0.27,343.5,0.148,61.4,54.92,Spaceport / Landing Pad
-81.8145,-134.076,869.1,1.11,0.43,55.1,201.3,144.0,0,0.0,0.31,323.7,0.228,55.0,53.05,Spaceport / Landing Pad
-85.7491,-98.8418,1604.5,0.89,0.37,62.0,206.5,149.6,0,0.0,0.3,345.1,0.141,62.1,54.92,Spaceport / Landing Pad
-83.3405,-121.2392,1816.5,2.23,0.55,63.3,207.5,150.6,0,0.0,0.23,346.1,0.137,64.1,54.66,Spaceport / Landing Pad
-81.0576,103.8912,814.6,0.5,0.39,54.8,201.1,143.9,0,0.0,0.08,322.6,0.232,54.5,53.19,Spaceport / Landing Pad
-81.9693,19.6986,1715.8,0.88,0.2,63.0,207.3,150.4,0,0.0,0.31,347.2,0.133,63.1,55.24,Spaceport / Landing Pad
-84.7979,99.2933,1220.0,0.5,0.29,58.6,204.0,146.9,0,0.0,0.05,334.3,0.185,58.4,54.16,Spaceport / Landing Pad
-88.2839,157.6199,168.3,5.95,0.57,46.2,194.7,137.0,0,0.0,0.11,299.5,0.326,48.3,45.48,Secondary Exploration Zone
-80.0,-135.7538,1000.9,0.73,0.44,56.5,202.3,145.2,0,0.0,0.31,327.8,0.211,56.3,53.55,Spaceport / Landing Pad
-80.7473,30.9638,1496.3,0.5,0.39,61.2,205.9,148.9,0,0.0,0.19,342.3,0.153,61.0,54.82,Spaceport / Landing Pad
-83.9435,-155.4099,1514.0,0.5,0.15,61.3,206.0,149.1,0,0.0,0.17,342.8,0.151,61.2,54.86,Spaceport / Landing Pad
-80.1066,116.3233,730.5,1.7,0.37,53.5,200.1,142.8,0,0.0,0.15,319.2,0.246,53.7,52.34,Spaceport / Landing Pad
-83.9148,-32.4712,1095.5,1.07,0.34,57.2,202.9,145.7,0,0.0,0.16,330.3,0.201,57.2,53.61,Spaceport / Landing Pad
-82.9838,-139.316,514.8,2.76,0.46,51.0,198.2,140.8,0,0.0,0.3,312.1,0.275,51.6,50.88,Spaceport / Landing Pad
-80.0,-145.5735,570.2,0.62,0.4,52.5,199.4,142.0,0,0.0,0.29,315.5,0.261,52.2,52.56,Spaceport / Landing Pad
-84.9199,69.5672,1127.6,4.81,0.46,55.7,201.8,144.5,0,0.0,0.26,328.1,0.21,57.5,49.7,Secondary Exploration Zone
-80.0119,52.5946,801.8,0.5,0.3,54.7,201.0,143.8,0,0.0,0.17,322.3,0.234,54.4,53.16,Spaceport / Landing Pad
-81.6794,133.1817,518.0,0.59,0.2,52.1,199.0,141.6,0,0.0,0.22,314.0,0.267,51.7,52.45,Spaceport / Landing Pad
-80.5498,20.2249,947.3,1.19,0.27,55.7,201.8,144.6,0,0.0,0.14,325.9,0.219,55.8,53.19,Spaceport / Landing Pad
-87.7872,117.646,1368.2,3.69,0.65,58.4,203.8,146.8,0,0.0,0.22,336.0,0.178,59.8,51.85,Secondary Exploration Zone
-84.6136,27.8973,1896.6,2.75,0.45,63.8,207.8,151.0,0,0.0,0.26,345.6,0.139,64.8,54.44,Spaceport / Landing Pad
-81.5506,135.8952,404.9,0.5,0.17,51.0,198.3,140.8,0,0.0,0.3,310.8,0.28,50.6,52.21,Spaceport / Landing Pad
-83.6568,-32.9885,1166.2,1.4,0.41,57.7,203.3,146.1,0,0.0,0.07,332.0,0.194,57.9,53.58,Spaceport / Landing Pad
-81.0927,5.4119,1372.7,0.5,0.27,60.0,205.0,148.0,0,0.0,0.35,338.7,0.167,59.8,54.52,Spaceport / Landing Pad
-87.6202,-101.3099,1353.6,1.63,0.33,59.3,204.5,147.4,0,0.0,0.27,337.2,0.173,59.7,53.88,Spaceport / Landing Pad
-84.982,71.5651,911.7,0.91,0.23,55.6,201.7,144.4,0,0.0,0.07,325.1,0.222,55.4,53.25,Spaceport / Landing Pad
-84.473,85.156,1347.6,0.55,0.29,59.8,204.8,147.8,0,0.0,0.35,338.0,0.17,59.6,54.45,Spaceport / Landing Pad
-85.9249,-110.0952,1563.4,0.88,0.33,61.6,206.2,149.3,0,0.0,0.07,343.9,0.146,61.7,54.83,Spaceport / Landing Pad
-81.6668,41.367,1621.0,2.19,0.45,61.5,206.1,149.2,0,0.0,0.12,344.5,0.144,62.2,54.08,Spaceport / Landing Pad
-80.5941,49.8304,793.3,1.04,0.34,54.4,200.8,143.5,0,0.0,0.29,321.6,0.237,54.3,52.9,Spaceport / Landing Pad
-83.8465,157.7144,1386.3,1.56,0.43,59.6,204.7,147.7,0,0.0,0.12,338.2,0.169,60.0,54.01,Spaceport / Landing Pad
-83.3405,-5.6307,1280.6,7.85,0.7,55.6,201.7,144.5,0,0.0,0.1,330.0,0.202,59.0,44.29,Secondary Exploration Zone
-83.7287,-75.3432,1177.4,1.15,0.39,57.9,203.4,146.3,0,0.0,0.23,332.6,0.192,58.0,53.76,Spaceport / Landing Pad
-80.6127,160.8444,1190.5,2.3,0.41,57.5,203.1,146.0,0,0.0,0.24,332.0,0.194,58.1,52.95,Spaceport / Landing Pad
-80.3635,-45.0,1650.6,1.29,0.26,62.2,206.7,149.8,0,0.0,0.29,346.1,0.137,62.5,54.81,Spaceport / Landing Pad
-83.9148,147.5288,1304.7,1.13,0.45,59.1,204.3,147.3,0,0.0,0.32,336.2,0.177,59.2,54.08,Spaceport / Landing Pad
-83.3878,-71.0535,1189.2,1.27,0.23,57.9,203.5,146.4,0,0.0,0.22,332.8,0.191,58.1,53.72,Spaceport / Landing Pad
-83.7453,-179.1449,1965.1,2.23,0.35,64.7,208.5,151.7,0,0.0,0.12,346.1,0.137,65.5,55.18,Spaceport / Landing Pad
-86.7317,178.3634,951.3,0.78,0.39,56.0,202.0,144.8,0,0.0,0.31,326.4,0.217,55.8,53.41,Spaceport / Landing Pad
-81.7383,147.926,749.4,0.78,0.42,54.1,200.6,143.3,0,0.0,0.11,320.5,0.241,53.9,52.92,Spaceport / Landing Pad
-82.4249,157.5431,613.8,0.53,0.39,53.0,199.7,142.4,0,0.0,0.13,316.8,0.256,52.6,52.69,Spaceport / Landing Pad
-81.6043,151.4404,489.3,0.63,0.24,51.8,198.8,141.4,0,0.0,0.31,313.2,0.271,51.4,52.36,Spaceport / Landing Pad
-89.197,144.4623,711.3,1.89,0.26,53.2,199.9,142.6,0,0.0,0.18,318.5,0.249,53.5,52.14,Spaceport / Landing Pad
-82.0653,-0.674,309.8,1.59,0.36,49.6,197.2,139.7,0,0.0,0.14,307.2,0.295,49.7,51.41,Spaceport / Landing Pad
-83.2625,100.3758,1308.7,0.97,0.34,59.2,204.4,147.4,0,0.0,0.32,336.5,0.176,59.2,54.17,Spaceport / Landing Pad
-86.4261,40.7636,1451.7,1.19,0.33,60.4,205.3,148.3,0,0.0,0.05,340.4,0.16,60.6,54.4,Spaceport / Landing Pad
-80.2735,-63.189,1602.8,2.28,0.45,61.3,206.0,149.0,0,0.0,0.2,343.9,0.146,62.0,53.95,Spaceport / Landing Pad
-83.0136,22.7965,1576.2,1.82,0.26,61.3,206.0,149.0,0,0.0,0.25,343.5,0.148,61.8,54.27,Spaceport / Landing Pad
-84.9474,25.1448,467.6,14.51,1.38,44.9,193.7,135.9,0,0.0,0.11,301.1,0.319,51.2,22.77,Secondary Exploration Zone
-82.471,137.0096,450.8,0.5,0.41,51.5,198.6,141.2,0,0.0,0.08,312.2,0.275,51.0,52.32,Spaceport / Landing Pad
-81.6668,-138.633,779.0,1.33,0.43,54.1,200.6,143.3,0,0.0,0.19,320.9,0.239,54.1,52.7,Spaceport / Landing Pad
-80.0,-134.3905,1900.4,1.68,0.48,64.3,208.3,151.5,0,0.0,0.25,346.5,0.136,64.9,55.4,Spaceport / Landing Pad
-82.2071,6.1886,684.2,2.42,0.5,52.7,199.5,142.2,0,0.0,0.05,317.3,0.254,53.2,51.63,Spaceport / Landing Pad
-80.8992,158.9625,751.2,1.83,0.33,53.6,200.2,142.9,0,0.0,0.07,319.7,0.244,53.9,52.29,Spaceport / Landing Pad
-85.6119,-91.2189,1543.1,1.01,0.24,61.4,206.0,149.1,0,0.0,0.27,343.2,0.149,61.5,54.72,Spaceport / Landing Pad
-80.0,41.6726,1025.6,1.69,0.32,56.2,202.2,145.0,0,0.0,0.26,327.7,0.212,56.5,53.05,Spaceport / Landing Pad
-82.0522,93.3665,1251.6,0.73,0.28,58.8,204.1,147.0,0,0.0,0.3,335.0,0.182,58.7,54.15,Spaceport / Landing Pad
-85.2827,-117.0721,1602.1,1.61,0.43,61.6,206.2,149.3,0,0.0,0.16,344.4,0.144,62.0,54.49,Spaceport / Landing Pad
-82.9738,109.3978,1007.2,1.88,0.26,56.0,202.0,144.8,0,0.0,0.11,327.1,0.214,56.3,52.86,Spaceport / Landing Pad
-82.3198,106.2324,776.2,1.18,0.33,54.2,200.6,143.3,0,0.0,0.16,321.0,0.239,54.1,52.78,Spaceport / Landing Pad
-87.3303,-53.5308,1208.9,1.83,0.36,57.9,203.4,146.3,0,0.0,0.05,332.9,0.191,58.3,53.38,Spaceport / Landing Pad
-82.9244,149.0362,1099.7,1.73,0.44,56.9,202.7,145.5,0,0.0,0.3,329.8,0.203,57.2,53.2,Spaceport / Landing Pad
-83.5533,-55.6197,417.8,1.59,0.44,50.6,198.0,140.5,0,0.0,0.18,310.3,0.282,50.7,51.66,Spaceport / Landing Pad
-80.9414,88.2285,979.3,1.41,0.43,55.9,202.0,144.7,0,0.0,0.06,326.6,0.216,56.1,53.13,Spaceport / Landing Pad
-82.9987,132.8389,850.7,3.51,0.43,53.7,200.3,143.0,0,0.0,0.06,321.2,0.238,54.8,50.85,Secondary Exploration Zone
-87.8511,2.4896,1916.3,2.73,0.48,64.0,208.0,151.2,0,0.0,0.1,345.6,0.139,65.0,54.54,Spaceport / Landing Pad
-82.6395,-167.55,1484.8,1.8,0.32,60.4,205.3,148.3,0,0.0,0.28,340.9,0.158,60.9,54.07,Spaceport / Landing Pad
-82.1848,119.3205,1504.9,1.19,0.31,60.9,205.7,148.7,0,0.0,0.09,342.0,0.154,61.1,54.52,Spaceport / Landing Pad
-81.6168,18.8384,1519.4,1.57,0.4,60.9,205.6,148.7,0,0.0,0.05,342.1,0.154,61.2,54.32,Spaceport / Landing Pad
-80.5498,-147.0948,813.6,0.75,0.33,54.7,201.0,143.8,0,0.0,0.2,322.4,0.233,54.5,53.09,Spaceport / Landing Pad
-80.7473,177.1087,941.1,1.77,0.38,55.4,201.6,144.3,0,0.0,0.31,325.2,0.222,55.7,52.79,Spaceport / Landing Pad
-83.7733,-130.1355,1801.9,2.36,0.36,63.1,207.3,150.5,0,0.0,0.11,345.9,0.138,63.9,54.5,Spaceport / Landing Pad
-88.783,-4.3987,2177.4,0.5,0.28,67.5,210.6,154.0,0,0.0,0.13,347.5,0.132,67.5,56.99,Spaceport / Landing Pad
-83.8465,-9.6052,1841.1,6.38,0.7,61.5,206.2,149.2,0,0.0,0.31,342.6,0.151,64.3,48.86,Secondary Exploration Zone
-83.1853,-76.5348,1270.2,1.3,0.4,58.7,204.0,146.9,0,0.0,0.33,335.1,0.182,58.9,53.9,Spaceport / Landing Pad
-80.0,46.232,393.8,1.38,0.3,50.5,197.9,140.4,0,0.0,0.06,309.8,0.284,50.5,51.75,Spaceport / Landing Pad
-81.9346,-66.1048,1661.3,2.13,0.3,61.9,206.4,149.5,0,0.0,0.15,345.7,0.139,62.6,54.23,Spaceport / Landing Pad
-85.6119,-113.8387,1491.5,0.5,0.28,61.1,205.8,148.9,0,0.0,0.12,342.1,0.153,61.0,54.81,Spaceport / Landing Pad
-84.0304,-26.9657,886.0,0.5,0.25,55.5,201.6,144.4,0,0.0,0.14,324.7,0.224,55.2,53.36,Spaceport / Landing Pad
-81.6002,-75.1916,1623.5,0.95,0.46,62.1,206.6,149.7,0,0.0,0.27,345.6,0.139,62.2,54.94,Spaceport / Landing Pad
-80.0,50.7824,1012.0,0.62,0.42,56.6,202.5,145.3,0,0.0,0.26,328.2,0.21,56.4,53.62,Spaceport / Landing Pad
-80.0,-63.6669,1611.0,0.53,0.28,62.2,206.7,149.8,0,0.0,0.18,345.6,0.139,62.1,55.09,Spaceport / Landing Pad
-80.0,49.2364,1051.2,1.46,0.27,56.6,202.4,145.3,0,0.0,0.31,328.7,0.208,56.8,53.27,Spaceport / Landing Pad
-80.0,41.1432,785.2,1.5,0.5,54.1,200.6,143.3,0,0.0,0.32,321.0,0.239,54.2,52.61,Spaceport / Landing Pad
-83.0889,-73.5231,1384.0,0.66,0.34,60.0,205.0,148.0,0,0.0,0.24,338.9,0.166,59.9,54.49,Spaceport / Landing Pad
-85.7491,-109.2307,1527.5,1.06,0.26,61.2,205.9,148.9,0,0.0,0.29,342.7,0.151,61.3,54.65,Spaceport / Landing Pad
-84.3607,-155.556,1569.9,0.5,0.21,61.8,206.4,149.5,0,0.0,0.14,344.4,0.144,61.7,55.0,Spaceport / Landing Pad
-83.0436,11.6115,298.8,16.05,1.49,42.6,191.9,134.1,0,0.0,0.12,295.0,0.344,49.6,20.47,Secondary Exploration Zone
-81.8529,-94.6001,1361.0,0.5,0.29,59.9,204.9,147.9,0,0.0,0.16,338.4,0.168,59.7,54.5,Spaceport / Landing Pad
-80.3419,156.656,757.0,2.24,0.52,53.5,200.1,142.8,0,0.0,0.31,319.6,0.245,53.9,51.97,Spaceport / Landing Pad
-82.3927,-6.3402,233.3,0.78,0.4,49.3,197.0,139.5,0,0.0,0.15,305.7,0.301,48.9,51.69,Spaceport / Landing Pad
-84.5813,10.9228,-3665.3,1.46,0.23,0.0,52.3,62.2,1,0.893,4.83,294.8,0.345,0.0,51.34,ISRU Cryogenic Mining Outpost
-80.7964,126.7537,1531.3,2.14,0.43,60.7,205.5,148.6,0,0.0,0.3,341.9,0.154,61.4,53.9,Spaceport / Landing Pad
-86.0907,-123.3106,1346.6,0.73,0.43,59.7,204.7,147.7,0,0.0,0.26,337.8,0.171,59.6,54.37,Spaceport / Landing Pad
-83.8521,-30.0686,994.0,0.92,0.44,56.3,202.2,145.0,0,0.0,0.32,327.5,0.213,56.2,53.44,Spaceport / Landing Pad
-83.8635,153.8247,1468.7,0.5,0.37,60.9,205.7,148.7,0,0.0,0.27,341.5,0.156,60.8,54.75,Spaceport / Landing Pad
-85.9334,-58.134,334.8,1.59,0.23,49.9,197.4,139.9,0,0.0,0.06,307.9,0.292,49.9,51.47,Spaceport / Landing Pad
-87.7872,27.646,207.1,19.04,1.67,40.3,190.2,132.3,0,0.0,0.14,289.9,0.365,48.7,19.95,Secondary Exploration Zone
-83.17,-3.9182,959.5,7.82,0.74,52.7,199.5,142.1,0,0.0,0.09,320.8,0.24,55.9,43.59,Secondary Exploration Zone
-80.469,-165.8277,1560.1,1.15,0.31,61.4,206.1,149.2,0,0.0,0.22,343.6,0.147,61.6,54.68,Spaceport / Landing Pad
-87.5339,-60.5241,996.2,1.1,0.34,56.2,202.2,145.0,0,0.0,0.26,327.4,0.213,56.2,53.36,Spaceport / Landing Pad
-87.9338,108.4349,2284.5,7.75,0.67,65.0,208.7,152.0,0,0.0,0.13,341.5,0.156,68.6,47.58,Secondary Exploration Zone
-85.166,-100.008,1352.6,0.8,0.16,59.7,204.8,147.8,0,0.0,0.31,337.9,0.17,59.6,54.36,Spaceport / Landing Pad
-82.2071,-133.0585,665.6,1.25,0.21,53.1,199.8,142.5,0,0.0,0.15,317.7,0.252,53.1,52.48,Spaceport / Landing Pad
-87.7404,-51.7098,1426.8,2.33,0.51,59.6,204.7,147.7,0,0.0,0.25,338.8,0.167,60.4,53.49,Spaceport / Landing Pad
-85.2022,-52.9072,471.1,1.87,0.43,51.0,198.3,140.8,0,0.0,0.2,311.6,0.277,51.2,51.58,Spaceport / Landing Pad
-83.9666,-124.9194,2161.6,0.98,0.24,67.1,210.3,153.7,0,0.0,0.31,347.1,0.133,67.4,56.74,Spaceport / Landing Pad
-84.3299,159.7751,1510.1,0.94,0.27,61.1,205.8,148.9,0,0.0,0.13,342.3,0.153,61.1,54.67,Spaceport / Landing Pad
-84.4983,14.7436,-3188.2,3.9,0.47,0.0,94.1,49.5,1,0.666,3.72,292.8,0.353,0.0,44.69,ISRU Cryogenic Mining Outpost
-81.7678,29.1808,1900.1,1.22,0.19,64.6,208.4,151.7,0,0.0,0.11,346.9,0.134,64.9,55.7,Spaceport / Landing Pad
-82.347,-30.0049,1546.2,0.55,0.21,61.6,206.2,149.3,0,0.0,0.28,343.7,0.147,61.5,54.92,Spaceport / Landing Pad
-85.3497,-10.4077,2496.3,10.91,0.96,65.4,209.1,152.4,0,0.0,0.13,338.9,0.166,70.6,40.22,Secondary Exploration Zone
-83.0336,107.9494,997.3,1.05,0.38,56.3,202.2,145.0,0,0.0,0.21,327.5,0.213,56.2,53.39,Spaceport / Landing Pad
-83.2573,68.0513,450.5,1.16,0.43,51.2,198.4,140.9,0,0.0,0.1,311.6,0.277,51.0,52.01,Spaceport / Landing Pad
-85.7737,59.4703,-883.2,7.98,0.85,0.0,96.6,37.0,1,0.041,0.48,289.4,0.367,0.0,25.33,Secondary Exploration Zone
-80.7548,-54.8658,716.8,0.5,0.35,53.9,200.5,143.2,0,0.0,0.19,319.8,0.244,53.6,52.95,Spaceport / Landing Pad
-81.6043,-98.3103,995.0,2.44,0.32,55.6,201.7,144.5,0,0.0,0.17,326.2,0.218,56.2,52.35,Spaceport / Landing Pad
-80.0,37.6004,1823.5,0.5,0.28,64.2,208.1,151.4,0,0.0,0.12,347.5,0.132,64.1,55.76,Spaceport / Landing Pad
-86.0288,60.4222,279.7,11.75,1.2,44.5,193.4,135.6,0,0.0,0.17,298.0,0.332,49.4,31.53,Secondary Exploration Zone
-87.6946,-58.2405,1140.1,1.85,0.37,57.2,202.9,145.8,0,0.0,0.3,330.9,0.199,57.6,53.21,Spaceport / Landing Pad
-87.2153,-129.5597,1442.4,0.55,0.2,60.6,205.5,148.5,0,0.0,0.34,340.7,0.159,60.5,54.67,Spaceport / Landing Pad
-83.1091,171.4309,1675.9,2.0,0.27,62.1,206.6,149.7,0,0.0,0.3,346.2,0.137,62.7,54.37,Spaceport / Landing Pad
-80.0,-143.6371,594.7,0.5,0.19,52.8,199.6,142.2,0,0.0,0.3,316.3,0.258,52.4,52.66,Spaceport / Landing Pad
-84.8653,-1.0416,-2325.3,5.2,0.72,0.0,56.7,52.7,1,0.519,2.9,291.7,0.357,0.0,39.97,ISRU Cryogenic Mining Outpost
-84.3607,-24.444,811.3,0.5,0.42,54.8,201.1,143.9,0,0.0,0.22,322.5,0.233,54.5,53.18,Spaceport / Landing Pad
-82.2071,18.869,1695.9,1.21,0.21,62.7,207.0,150.1,0,0.0,0.28,346.9,0.134,62.9,54.99,Spaceport / Landing Pad
-80.7473,30.9638,1496.3,0.5,0.39,61.2,205.9,148.9,0,0.0,0.19,342.3,0.153,61.0,54.82,Spaceport / Landing Pad
-83.9148,48.7314,283.5,12.69,1.08,44.1,193.1,135.3,0,0.0,0.33,297.3,0.335,49.4,28.56,Secondary Exploration Zone
-84.1127,-64.6538,286.5,1.96,0.39,49.2,196.9,139.4,0,0.0,0.08,306.2,0.299,49.4,51.08,Spaceport / Landing Pad
-82.597,-103.861,1473.7,1.26,0.28,60.6,205.4,148.5,0,0.0,0.13,341.0,0.158,60.8,54.41,Spaceport / Landing Pad
-82.234,103.2011,1002.0,1.33,0.33,56.2,202.1,144.9,0,0.0,0.24,327.4,0.213,56.3,53.23,Spaceport / Landing Pad
-88.9357,74.7449,1714.2,1.74,0.43,62.6,206.9,150.1,0,0.0,0.26,346.5,0.136,63.1,54.7,Spaceport / Landing Pad
-85.8319,34.0459,1595.3,0.79,0.37,61.9,206.5,149.6,0,0.0,0.06,344.9,0.142,62.0,54.94,Spaceport / Landing Pad
-82.2881,128.1183,1226.5,2.33,0.32,57.8,203.3,146.2,0,0.0,0.27,333.0,0.19,58.4,53.01,Spaceport / Landing Pad
-86.4456,-13.6713,1341.7,1.64,0.28,59.2,204.4,147.3,0,0.0,0.31,336.9,0.175,59.5,53.85,Spaceport / Landing Pad
-80.8305,-38.3865,1511.3,0.59,0.34,61.3,205.9,149.0,0,0.0,0.17,342.6,0.151,61.2,54.82,Spaceport / Landing Pad
-86.6998,98.1301,1730.2,18.0,1.49,54.9,201.2,143.9,0,0.0,0.31,333.1,0.19,63.3,23.76,Secondary Exploration Zone
-82.5782,83.5007,1024.4,0.5,0.39,56.8,202.6,145.4,0,0.0,0.32,328.7,0.208,56.5,53.69,Spaceport / Landing Pad
-83.1853,-76.5348,1270.2,1.3,0.4,58.7,204.0,146.9,0,0.0,0.33,335.1,0.182,58.9,53.9,Spaceport / Landing Pad
-82.6206,-124.6952,979.4,1.53,0.36,55.9,201.9,144.7,0,0.0,0.25,326.5,0.216,56.1,53.06,Spaceport / Landing Pad
-81.1006,24.1455,1310.8,1.57,0.23,58.9,204.2,147.1,0,0.0,0.18,336.1,0.178,59.2,53.82,Spaceport / Landing Pad
-81.0148,137.5261,569.5,0.67,0.38,52.5,199.4,142.0,0,0.0,0.35,315.4,0.261,52.1,52.54,Spaceport / Landing Pad
-80.0,-139.1347,1008.6,1.13,0.42,56.3,202.3,145.1,0,0.0,0.18,327.7,0.212,56.3,53.37,Spaceport / Landing Pad
-87.3964,104.5345,-1627.3,6.69,0.57,0.0,81.3,38.5,1,0.805,4.29,290.5,0.362,0.0,43.19,ISRU Cryogenic Mining Outpost
-83.7901,42.5634,965.1,1.25,0.48,55.9,201.9,144.7,0,0.0,0.16,326.4,0.217,55.9,53.2,Spaceport / Landing Pad
-86.4456,-103.6713,1787.4,0.5,0.35,63.9,207.9,151.1,0,0.0,0.32,347.5,0.132,63.8,55.64,Spaceport / Landing Pad
-85.0239,156.8014,1582.7,0.5,0.29,62.0,206.5,149.6,0,0.0,0.2,344.8,0.143,61.8,55.03,Spaceport / Landing Pad
-85.166,10.008,-2809.1,5.14,0.55,0.0,52.1,38.9,1,0.774,4.08,291.8,0.357,0.0,45.17,ISRU Cryogenic Mining Outpost
-84.8585,-93.1221,1200.4,0.84,0.39,58.3,203.7,146.6,0,0.0,0.1,333.5,0.188,58.2,53.98,Spaceport / Landing Pad
-80.0749,58.8514,710.0,0.78,0.18,53.7,200.3,143.0,0,0.0,0.05,319.4,0.245,53.5,52.83,Spaceport / Landing Pad
-84.7247,76.7014,1036.9,0.51,0.41,56.9,202.7,145.5,0,0.0,0.28,329.0,0.206,56.6,53.72,Spaceport / Landing Pad
-86.9524,-117.3499,1669.9,0.96,0.46,62.6,206.9,150.0,0,0.0,0.34,346.9,0.134,62.7,55.04,Spaceport / Landing Pad
-84.2143,-10.2222,2419.0,4.81,0.55,67.7,210.7,154.1,0,0.0,0.25,343.9,0.146,69.9,53.59,Secondary Exploration Zone
-82.0653,179.326,2090.2,1.83,0.4,66.0,209.5,152.8,0,0.0,0.28,346.4,0.136,66.7,55.95,Spaceport / Landing Pad
-81.5547,110.0372,414.8,0.93,0.42,50.9,198.2,140.7,0,0.0,0.08,310.8,0.28,50.7,52.05,Spaceport / Landing Pad
-81.9693,109.6986,538.0,0.83,0.27,52.1,199.1,141.7,0,0.0,0.31,314.4,0.266,51.8,52.39,Spaceport / Landing Pad
-82.6395,-77.55,1279.3,1.59,0.36,58.6,204.0,146.9,0,0.0,0.07,335.1,0.182,58.9,53.73,Spaceport / Landing Pad
-83.0436,-78.3885,1177.9,1.2,0.29,57.9,203.4,146.3,0,0.0,0.34,332.5,0.192,58.0,53.73,Spaceport / Landing Pad
-82.1804,23.1986,1936.6,0.5,0.36,65.2,208.9,152.2,0,0.0,0.08,347.5,0.132,65.2,56.16,Spaceport / Landing Pad
-81.0732,-158.5323,1197.8,0.95,0.33,58.2,203.6,146.5,0,0.0,0.11,333.3,0.189,58.2,53.92,Spaceport / Landing Pad
-86.1627,41.0548,1803.7,4.7,0.53,62.0,206.5,149.6,0,0.0,0.3,344.0,0.146,64.0,51.63,Secondary Exploration Zone
-80.7247,-159.3765,1394.7,1.27,0.2,59.9,204.9,147.9,0,0.0,0.24,338.7,0.167,60.0,54.22,Spaceport / Landing Pad
-81.8273,13.8775,1426.2,0.51,0.14,60.5,205.4,148.4,0,0.0,0.11,340.3,0.161,60.3,54.65,Spaceport / Landing Pad
-87.2153,-129.5597,1442.4,0.55,0.2,60.6,205.5,148.5,0,0.0,0.34,340.7,0.159,60.5,54.67,Spaceport / Landing Pad
-85.3798,8.1301,-2336.1,5.29,0.61,0.0,66.6,49.6,1,0.636,3.61,291.7,0.358,0.0,42.18,ISRU Cryogenic Mining Outpost
-82.0084,112.6713,663.1,0.99,0.43,53.2,199.9,142.6,0,0.0,0.32,317.9,0.252,53.0,52.61,Spaceport / Landing Pad
-80.0084,-29.6785,1839.6,0.5,0.17,64.3,208.3,151.5,0,0.0,0.32,347.5,0.132,64.3,55.82,Spaceport / Landing Pad
-82.668,158.334,726.8,1.04,0.4,53.8,200.3,143.0,0,0.0,0.19,319.7,0.244,53.6,52.74,Spaceport / Landing Pad
-85.1086,-138.0941,1519.7,1.41,0.21,60.9,205.7,148.8,0,0.0,0.32,342.2,0.153,61.2,54.43,Spaceport / Landing Pad
-80.0,-36.573,1002.0,1.24,0.41,56.2,202.2,145.0,0,0.0,0.05,327.4,0.213,56.3,53.29,Spaceport / Landing Pad
-86.6164,-114.444,1678.5,0.5,0.15,62.9,207.1,150.3,0,0.0,0.32,347.5,0.132,62.8,55.26,Spaceport / Landing Pad
-83.17,-176.0818,2352.7,0.5,0.36,69.1,211.8,155.3,0,0.0,0.25,347.5,0.132,69.2,57.6,Spaceport / Landing Pad
-87.8349,-97.4314,1135.2,1.42,0.34,57.4,203.0,145.9,0,0.0,0.3,331.1,0.198,57.6,53.5,Spaceport / Landing Pad
-84.9474,101.7251,1397.1,3.97,0.46,58.6,203.9,146.9,0,0.0,0.29,336.6,0.176,60.1,51.57,Secondary Exploration Zone
-84.1902,136.302,-489.7,6.48,0.8,39.9,189.9,131.9,0,0.0,0.17,290.7,0.362,42.0,42.51,Secondary Exploration Zone
-80.0,-43.794,1043.8,0.81,0.34,56.8,202.6,145.5,0,0.0,0.14,329.0,0.207,56.7,53.61,Spaceport / Landing Pad
-81.2746,-34.5401,1585.8,0.72,0.19,61.9,206.4,149.5,0,0.0,0.11,344.7,0.143,61.9,54.95,Spaceport / Landing Pad
-84.845,-58.3245,63.7,1.0,0.35,47.6,195.7,138.1,0,0.0,0.25,300.6,0.321,47.3,51.18,Spaceport / Landing Pad
-84.1365,166.185,1259.2,0.5,0.14,59.0,204.2,147.2,0,0.0,0.2,335.5,0.18,58.7,54.25,Spaceport / Landing Pad
-80.9916,-169.8545,1181.1,1.37,0.45,57.8,203.4,146.3,0,0.0,0.24,332.5,0.192,58.0,53.64,Spaceport / Landing Pad
-87.2153,-13.5704,1834.3,1.71,0.27,63.7,207.8,151.0,0,0.0,0.16,346.5,0.136,64.3,55.14,Spaceport / Landing Pad
-80.9337,-118.94,1322.8,1.68,0.23,59.0,204.2,147.2,0,0.0,0.27,336.3,0.177,59.4,53.77,Spaceport / Landing Pad
-84.0715,-56.5601,218.4,0.51,0.38,49.3,197.0,139.5,0,0.0,0.23,305.5,0.302,48.8,51.76,Spaceport / Landing Pad
-81.3186,-106.8763,200.1,0.54,0.29,49.1,196.8,139.3,0,0.0,0.09,304.9,0.304,48.6,51.7,Spaceport / Landing Pad
-85.1301,12.1715,-2721.6,4.03,0.41,0.0,61.8,41.4,1,0.725,3.94,292.7,0.353,0.0,45.71,ISRU Cryogenic Mining Outpost
-87.4505,156.2505,283.0,0.61,0.24,49.9,197.4,139.9,0,0.0,0.19,307.2,0.295,49.4,51.88,Spaceport / Landing Pad
-84.6136,-8.9726,387.2,14.55,1.12,44.1,193.1,135.3,0,0.0,0.33,298.8,0.329,50.4,22.44,Secondary Exploration Zone
-80.0,138.1108,1569.5,0.9,0.37,61.7,206.2,149.3,0,0.0,0.23,344.1,0.145,61.7,54.83,Spaceport / Landing Pad
-80.0,42.2409,1327.2,0.8,0.26,59.5,204.6,147.6,0,0.0,0.08,337.2,0.173,59.4,54.3,Spaceport / Landing Pad
-87.6946,121.7595,1259.9,1.75,0.43,58.4,203.8,146.7,0,0.0,0.17,334.4,0.184,58.8,53.57,Spaceport / Landing Pad
-80.0,55.1247,800.8,0.59,0.3,54.7,201.0,143.7,0,0.0,0.16,322.2,0.234,54.4,53.12,Spaceport / Landing Pad
-81.1006,155.8545,351.3,0.5,0.37,50.5,197.9,140.4,0,0.0,0.24,309.3,0.286,50.1,52.08,Spaceport / Landing Pad
-80.0,57.0426,753.2,0.57,0.39,54.2,200.7,143.4,0,0.0,0.33,320.8,0.24,53.9,53.01,Spaceport / Landing Pad
-88.7547,12.9946,2105.0,1.68,0.25,66.2,209.7,153.0,0,0.0,0.26,346.5,0.136,66.8,56.11,Spaceport / Landing Pad
-81.7636,51.4416,1340.5,0.8,0.36,59.6,204.7,147.7,0,0.0,0.24,337.6,0.172,59.5,54.33,Spaceport / Landing Pad
-80.0,-134.3489,1797.9,1.17,0.25,63.6,207.7,150.9,0,0.0,0.32,346.9,0.134,63.9,55.37,Spaceport / Landing Pad
-80.6797,-119.389,1515.7,1.1,0.18,61.1,205.8,148.8,0,0.0,0.1,342.4,0.152,61.2,54.6,Spaceport / Landing Pad
-80.8305,38.3865,1462.0,0.67,0.32,60.8,205.6,148.6,0,0.0,0.08,341.2,0.157,60.7,54.68,Spaceport / Landing Pad
-80.2664,-155.647,1186.7,1.05,0.19,58.0,203.5,146.4,0,0.0,0.33,332.9,0.191,58.1,53.84,Spaceport / Landing Pad
-80.0,-135.7538,1000.9,0.73,0.44,56.5,202.3,145.2,0,0.0,0.31,327.8,0.211,56.3,53.55,Spaceport / Landing Pad
-81.789,130.3894,850.9,1.34,0.34,54.8,201.1,143.8,0,0.0,0.05,323.0,0.231,54.8,52.87,Spaceport / Landing Pad
-87.6946,121.7595,1259.9,1.75,0.43,58.4,203.8,146.7,0,0.0,0.17,334.4,0.184,58.8,53.57,Spaceport / Landing Pad
-84.845,42.0643,-674.7,9.29,0.84,36.8,187.6,129.5,0,0.0,0.1,288.4,0.371,40.2,35.54,Secondary Exploration Zone
-87.478,-128.991,1425.0,1.32,0.35,60.1,205.1,148.1,0,0.0,0.29,339.6,0.164,60.3,54.26,Spaceport / Landing Pad
-81.2626,-108.0478,202.4,0.66,0.39,49.1,196.8,139.3,0,0.0,0.35,304.9,0.304,48.6,51.66,Spaceport / Landing Pad
-82.252,143.8204,783.9,1.07,0.2,54.3,200.7,143.4,0,0.0,0.33,321.3,0.238,54.2,52.86,Spaceport / Landing Pad
-81.2786,132.3974,628.8,1.12,0.48,52.8,199.6,142.3,0,0.0,0.24,316.8,0.256,52.7,52.47,Spaceport / Landing Pad
-80.0,114.444,557.0,0.73,0.16,52.3,199.3,141.9,0,0.0,0.1,315.0,0.263,52.0,52.48,Spaceport / Landing Pad
-82.812,90.7441,1495.5,1.17,0.22,60.8,205.6,148.7,0,0.0,0.23,341.7,0.155,61.0,54.52,Spaceport / Landing Pad
-83.6294,-50.9469,899.9,1.97,0.36,54.9,201.2,143.9,0,0.0,0.22,323.9,0.227,55.3,52.53,Spaceport / Landing Pad
-80.1702,157.0872,938.9,1.42,0.46,55.6,201.7,144.4,0,0.0,0.19,325.5,0.221,55.7,53.03,Spaceport / Landing Pad
-83.9148,94.3987,1487.2,0.61,0.33,61.0,205.8,148.8,0,0.0,0.35,341.9,0.154,60.9,54.76,Spaceport / Landing Pad
-81.9736,8.6955,1076.9,1.71,0.22,56.7,202.5,145.4,0,0.0,0.05,329.2,0.206,57.0,53.16,Spaceport / Landing Pad
-83.6294,140.9469,953.2,2.71,0.44,55.1,201.3,144.1,0,0.0,0.29,324.8,0.223,55.8,51.99,Spaceport / Landing Pad
-82.9392,65.8068,780.1,1.94,0.43,53.8,200.4,143.1,0,0.0,0.13,320.5,0.241,54.2,52.27,Spaceport / Landing Pad
-80.9453,-127.4606,1644.4,1.27,0.41,62.2,206.6,149.7,0,0.0,0.18,345.9,0.138,62.4,54.81,Spaceport / Landing Pad
-80.3094,159.121,1140.8,1.72,0.34,57.3,203.0,145.8,0,0.0,0.16,331.0,0.198,57.6,53.3,Spaceport / Landing Pad
-83.9148,175.6013,1529.5,1.42,0.36,61.0,205.8,148.8,0,0.0,0.34,342.5,0.152,61.3,54.45,Spaceport / Landing Pad
-81.7763,153.7258,419.4,0.5,0.24,51.2,198.4,140.9,0,0.0,0.17,311.3,0.278,50.7,52.24,Spaceport / Landing Pad
-81.7636,-51.4416,1279.7,2.38,0.3,58.3,203.7,146.6,0,0.0,0.06,334.5,0.184,58.9,53.09,Spaceport / Landing Pad
-82.0609,92.0214,1204.0,1.69,0.44,57.9,203.4,146.3,0,0.0,0.19,332.9,0.191,58.2,53.48,Spaceport / Landing Pad
-81.6043,151.4404,489.3,0.63,0.24,51.8,198.8,141.4,0,0.0,0.31,313.2,0.271,51.4,52.36,Spaceport / Landing Pad
-85.3949,17.7004,-1117.9,7.15,0.65,0.0,94.7,43.2,1,0.171,1.05,290.1,0.364,0.0,29.63,Secondary Exploration Zone
-86.2176,105.7512,1987.2,5.43,0.49,63.3,207.5,150.7,0,0.0,0.33,343.4,0.148,65.7,51.09,Secondary Exploration Zone
-80.3744,-160.1593,1481.4,0.7,0.25,60.9,205.7,148.7,0,0.0,0.1,341.7,0.155,60.9,54.71,Spaceport / Landing Pad
-82.1581,-8.9017,422.3,1.65,0.24,50.7,198.0,140.5,0,0.0,0.19,310.4,0.282,50.7,51.63,Spaceport / Landing Pad
-80.0,145.3663,1186.8,1.05,0.32,58.0,203.5,146.4,0,0.0,0.27,332.9,0.191,58.1,53.84,Spaceport / Landing Pad
-85.5332,100.8403,1360.6,2.79,0.39,58.8,204.1,147.0,0,0.0,0.24,336.5,0.176,59.7,52.88,Spaceport / Landing Pad
-84.7778,65.7256,-34.6,14.6,1.42,40.2,190.2,132.2,0,0.0,0.33,286.6,0.378,46.4,21.23,Secondary Exploration Zone
-80.0,59.5603,938.0,0.5,0.42,56.0,202.0,144.8,0,0.0,0.22,326.2,0.218,55.7,53.48,Spaceport / Landing Pad
-81.6878,-91.9306,1434.8,0.54,0.23,60.6,205.4,148.5,0,0.0,0.08,340.5,0.16,60.4,54.66,Spaceport / Landing Pad
-80.0,43.8188,1003.3,1.64,0.5,56.0,202.0,144.8,0,0.0,0.24,327.1,0.214,56.3,53.03,Spaceport / Landing Pad
-86.3489,-57.5288,549.6,1.21,0.26,52.0,199.0,141.6,0,0.0,0.08,314.4,0.265,52.0,52.23,Spaceport / Landing Pad
-81.1635,58.8287,1068.1,2.45,0.39,56.3,202.2,145.0,0,0.0,0.28,328.3,0.209,56.9,52.52,Spaceport / Landing Pad
-85.0873,-14.3003,1346.0,6.85,0.79,56.7,202.5,145.4,0,0.0,0.28,332.7,0.191,59.6,46.58,Secondary Exploration Zone
-82.2655,107.5603,691.3,1.72,0.47,53.1,199.8,142.5,0,0.0,0.07,318.1,0.251,53.3,52.23,Spaceport / Landing Pad
-82.6918,24.9285,1947.7,1.35,0.31,64.9,208.7,152.0,0,0.0,0.11,346.8,0.135,65.3,55.78,Spaceport / Landing Pad
-80.0,-145.9111,1016.6,1.63,0.48,56.2,202.1,144.9,0,0.0,0.11,327.5,0.212,56.4,53.07,Spaceport / Landing Pad
-87.0335,-77.2756,840.5,1.08,0.38,54.8,201.1,143.8,0,0.0,0.05,322.9,0.231,54.7,53.0,Spaceport / Landing Pad
-82.0917,-168.4248,1181.8,1.33,0.39,57.8,203.4,146.3,0,0.0,0.13,332.5,0.192,58.0,53.67,Spaceport / Landing Pad
-81.4196,-98.1301,874.8,1.99,0.4,54.7,201.0,143.8,0,0.0,0.3,323.2,0.23,55.1,52.46,Spaceport / Landing Pad
-82.668,121.4641,1797.6,0.74,0.25,63.8,207.9,151.1,0,0.0,0.24,347.3,0.132,63.9,55.58,Spaceport / Landing Pad
-82.9689,174.6678,2075.7,1.32,0.33,66.1,209.6,152.9,0,0.0,0.15,346.8,0.134,66.6,56.24,Spaceport / Landing Pad
-84.7778,-114.2744,1835.4,1.22,0.21,64.0,208.0,151.2,0,0.0,0.09,346.9,0.134,64.3,55.47,Spaceport / Landing Pad
-85.4405,-157.1094,793.1,1.24,0.39,54.3,200.7,143.4,0,0.0,0.24,321.4,0.237,54.3,52.79,Spaceport / Landing Pad
-80.861,124.177,1684.8,0.5,0.41,62.9,207.2,150.3,0,0.0,0.32,347.5,0.132,62.8,55.28,Spaceport / Landing Pad
-80.0,45.6228,418.8,0.5,0.36,51.2,198.4,140.9,0,0.0,0.31,311.2,0.278,50.7,52.24,Spaceport / Landing Pad
-89.1547,-83.6598,935.0,2.25,0.44,55.1,201.3,144.1,0,0.0,0.2,324.7,0.224,55.6,52.38,Spaceport / Landing Pad
-80.0,-50.5055,646.2,1.34,0.21,52.9,199.7,142.3,0,0.0,0.35,317.1,0.255,52.9,52.38,Spaceport / Landing Pad
-80.7247,-69.3765,2047.0,0.5,0.34,66.3,209.7,153.0,0,0.0,0.15,347.5,0.132,66.3,56.54,Spaceport / Landing Pad
-80.0,-42.1729,1051.4,0.8,0.25,56.9,202.7,145.5,0,0.0,0.17,329.2,0.206,56.8,53.64,Spaceport / Landing Pad
-86.2733,-22.0679,1389.0,1.02,0.25,59.9,204.9,147.9,0,0.0,0.14,338.8,0.167,60.0,54.34,Spaceport / Landing Pad
-82.8607,-101.3099,1569.1,0.5,0.39,61.8,206.4,149.5,0,0.0,0.15,344.4,0.144,61.7,55.0,Spaceport / Landing Pad
-81.8401,35.6901,1932.8,0.97,0.27,65.0,208.7,152.0,0,0.0,0.22,347.1,0.133,65.2,55.94,Spaceport / Landing Pad
-81.0927,51.8091,839.3,0.99,0.2,54.8,201.1,143.9,0,0.0,0.13,322.9,0.231,54.7,53.04,Spaceport / Landing Pad
-82.5501,37.875,2163.0,0.53,0.4,67.3,210.5,153.9,0,0.0,0.05,347.5,0.132,67.4,56.93,Spaceport / Landing Pad
-80.8877,-136.6603,1204.3,0.68,0.35,58.4,203.8,146.7,0,0.0,0.05,333.7,0.187,58.2,54.06,Spaceport / Landing Pad
-86.4851,169.2869,1058.0,0.83,0.4,56.9,202.7,145.6,0,0.0,0.15,329.4,0.205,56.8,53.64,Spaceport / Landing Pad
-80.8305,-104.7436,42.9,0.5,0.31,47.7,195.8,138.2,0,0.0,0.08,300.4,0.322,47.1,51.34,Spaceport / Landing Pad
-84.9405,-29.876,1007.1,1.42,0.42,56.2,202.1,145.0,0,0.0,0.21,327.4,0.213,56.3,53.19,Spaceport / Landing Pad
-85.7002,-62.8787,147.3,0.5,0.4,48.7,196.5,138.9,0,0.0,0.13,303.4,0.31,48.1,51.59,Spaceport / Landing Pad
-82.959,-104.5889,1691.7,0.96,0.32,62.8,207.1,150.2,0,0.0,0.18,347.1,0.133,62.9,55.11,Spaceport / Landing Pad
-84.2263,34.4608,836.2,1.15,0.25,54.7,201.1,143.8,0,0.0,0.15,322.7,0.232,54.7,52.95,Spaceport / Landing Pad
-87.6946,68.6294,1431.0,4.39,0.54,58.7,204.0,147.0,0,0.0,0.28,337.2,0.173,60.4,51.06,Secondary Exploration Zone
-82.783,-174.8056,2227.7,0.5,0.2,67.9,211.0,154.4,0,0.0,0.33,347.5,0.132,68.0,57.17,Spaceport / Landing Pad
-82.4341,92.1211,1397.8,0.94,0.25,60.0,205.0,148.0,0,0.0,0.14,339.1,0.166,60.1,54.4,Spaceport / Landing Pad
-82.4988,-163.369,979.8,1.86,0.39,55.7,201.8,144.6,0,0.0,0.22,326.3,0.217,56.1,52.81,Spaceport / Landing Pad
-84.6136,152.1027,1533.6,0.52,0.41,61.5,206.1,149.2,0,0.0,0.1,343.3,0.148,61.4,54.91,Spaceport / Landing Pad
-84.5877,32.3196,854.3,1.35,0.36,54.8,201.1,143.8,0,0.0,0.2,323.1,0.23,54.9,52.87,Spaceport / Landing Pad
-81.5547,-110.0372,365.7,1.3,0.3,50.3,197.7,140.2,0,0.0,0.33,309.0,0.287,50.2,51.73,Spaceport / Landing Pad
-82.2071,-173.8114,1716.1,2.31,0.39,62.3,206.8,149.9,0,0.0,0.14,346.0,0.138,63.1,54.24,Spaceport / Landing Pad
-82.5221,24.3256,1981.6,0.76,0.4,65.5,209.2,152.4,0,0.0,0.24,347.3,0.133,65.7,56.21,Spaceport / Landing Pad
-80.0,-35.5377,1173.0,0.84,0.17,58.0,203.5,146.4,0,0.0,0.18,332.7,0.192,57.9,53.91,Spaceport / Landing Pad
-83.9781,-71.0033,887.5,1.59,0.41,55.0,201.2,144.0,0,0.0,0.15,323.8,0.227,55.2,52.79,Spaceport / Landing Pad
-81.6002,-75.1916,1623.5,0.95,0.46,62.1,206.6,149.7,0,0.0,0.27,345.6,0.139,62.2,54.94,Spaceport / Landing Pad
-81.444,-83.1076,1377.9,0.75,0.32,59.9,205.0,148.0,0,0.0,0.13,338.7,0.167,59.9,54.44,Spaceport / Landing Pad
-80.0,-117.2553,1420.4,0.55,0.29,60.4,205.3,148.3,0,0.0,0.12,340.1,0.162,60.3,54.62,Spaceport / Landing Pad
-80.4507,-129.447,1625.9,0.52,0.19,62.4,206.8,149.9,0,0.0,0.3,346.0,0.138,62.3,55.13,Spaceport / Landing Pad
-80.0,135.0,1311.6,0.5,0.3,59.5,204.6,147.6,0,0.0,0.15,337.0,0.174,59.2,54.38,Spaceport / Landing Pad
-80.0,144.353,1312.1,2.21,0.51,58.6,204.0,146.9,0,0.0,0.19,335.6,0.18,59.3,53.32,Spaceport / Landing Pad
-84.8247,-82.7468,1223.2,0.5,0.41,58.6,204.0,146.9,0,0.0,0.33,334.4,0.185,58.4,54.17,Spaceport / Landing Pad
-80.0,-132.589,1976.4,1.34,0.37,65.2,208.9,152.2,0,0.0,0.13,346.8,0.134,65.6,55.89,Spaceport / Landing Pad
-84.013,-30.9638,1005.6,0.5,0.33,56.6,202.5,145.3,0,0.0,0.09,328.1,0.21,56.3,53.65,Spaceport / Landing Pad
-80.0,140.7824,1417.6,1.15,0.48,60.1,205.1,148.1,0,0.0,0.06,339.5,0.164,60.3,54.34,Spaceport / Landing Pad
-80.1879,-129.5962,1543.1,1.17,0.27,61.3,206.0,149.0,0,0.0,0.15,343.1,0.149,61.5,54.63,Spaceport / Landing Pad
-80.7737,-25.7873,2057.1,0.78,0.39,66.2,209.7,153.0,0,0.0,0.2,347.2,0.133,66.4,56.47,Spaceport / Landing Pad
-80.7511,-42.546,1736.6,0.8,0.18,63.3,207.4,150.6,0,0.0,0.22,347.2,0.133,63.3,55.35,Spaceport / Landing Pad
-81.1556,-135.0,1252.8,1.1,0.31,58.6,204.0,146.9,0,0.0,0.28,334.8,0.183,58.7,53.97,Spaceport / Landing Pad
-82.7781,-14.2159,1235.3,1.63,0.4,58.2,203.7,146.6,0,0.0,0.27,333.8,0.187,58.5,53.6,Spaceport / Landing Pad
-85.0099,-82.4762,1248.3,0.5,0.38,58.9,204.1,147.1,0,0.0,0.07,335.1,0.182,58.6,54.23,Spaceport / Landing Pad
-80.0,143.7974,1388.6,0.98,0.34,59.9,205.0,147.9,0,0.0,0.21,338.8,0.167,60.0,54.36,Spaceport / Landing Pad
-85.5098,69.3045,1384.0,1.65,0.5,59.6,204.7,147.7,0,0.0,0.2,338.1,0.17,59.9,53.94,Spaceport / Landing Pad
-86.3298,82.6942,3519.4,6.41,0.78,77.1,217.8,161.7,0,0.0,0.23,342.6,0.151,80.4,54.64,Secondary Exploration Zone
-83.8976,-173.8534,1998.3,0.5,0.29,65.8,209.4,152.7,0,0.0,0.19,347.5,0.132,65.8,56.37,Spaceport / Landing Pad
-81.8572,-25.0963,1989.1,1.42,0.34,65.3,209.0,152.2,0,0.0,0.19,346.7,0.135,65.7,55.88,Spaceport / Landing Pad
-84.5047,69.1022,633.5,3.37,0.36,51.8,198.8,141.4,0,0.0,0.16,315.1,0.263,52.8,50.49,Spaceport / Landing Pad
-83.7453,127.725,-58.1,6.36,0.71,43.9,193.0,135.2,0,0.0,0.33,292.7,0.354,46.1,44.18,Secondary Exploration Zone
-80.0,129.6233,1774.8,1.99,0.36,63.0,207.3,150.4,0,0.0,0.19,346.3,0.137,63.7,54.72,Spaceport / Landing Pad
-81.646,129.5597,974.0,2.3,0.46,55.5,201.6,144.4,0,0.0,0.25,325.8,0.22,56.0,52.43,Spaceport / Landing Pad
-80.4216,164.7449,1593.4,0.5,0.3,62.1,206.5,149.7,0,0.0,0.1,345.1,0.141,61.9,55.05,Spaceport / Landing Pad
-80.7888,-109.5367,366.6,1.21,0.19,50.3,197.8,140.3,0,0.0,0.1,309.1,0.287,50.2,51.79,Spaceport / Landing Pad
-80.0,122.9574,1934.3,1.56,0.49,64.7,208.5,151.8,0,0.0,0.1,346.6,0.135,65.2,55.6,Spaceport / Landing Pad
-84.659,95.0131,1217.4,0.68,0.27,58.5,203.9,146.8,0,0.0,0.14,334.1,0.186,58.3,54.09,Spaceport / Landing Pad
-83.1853,143.9149,943.6,0.95,0.43,55.8,201.9,144.7,0,0.0,0.06,326.0,0.219,55.7,53.31,Spaceport / Landing Pad
-80.0679,40.4261,1632.6,1.41,0.5,62.0,206.5,149.6,0,0.0,0.33,345.5,0.14,62.3,54.7,Spaceport / Landing Pad
-81.5795,35.9807,1750.1,1.03,0.45,63.3,207.4,150.6,0,0.0,0.2,347.0,0.133,63.4,55.28,Spaceport / Landing Pad
-85.7245,53.8807,-1567.7,6.83,0.64,0.0,62.7,52.7,1,0.415,2.48,290.4,0.363,0.0,35.14,ISRU Cryogenic Mining Outpost
-84.1543,-70.4077,759.8,2.09,0.53,53.6,200.2,142.9,0,0.0,0.23,319.8,0.244,54.0,52.1,Spaceport / Landing Pad
-80.0,-55.0493,225.0,0.5,0.41,49.4,197.0,139.5,0,0.0,0.13,305.7,0.301,48.8,51.77,Spaceport / Landing Pad
-82.9838,146.9442,1068.4,1.31,0.33,56.8,202.6,145.4,0,0.0,0.31,329.3,0.205,56.9,53.41,Spaceport / Landing Pad
-83.6623,-80.6764,1057.3,0.66,0.32,57.0,202.8,145.6,0,0.0,0.06,329.5,0.204,56.8,53.71,Spaceport / Landing Pad
-83.3196,74.6045,576.5,1.45,0.44,52.2,199.1,141.7,0,0.0,0.21,315.0,0.263,52.2,52.14,Spaceport / Landing Pad
-83.7733,66.1247,204.5,0.74,0.3,49.1,196.8,139.3,0,0.0,0.31,304.9,0.304,48.6,51.63,Spaceport / Landing Pad
-80.6797,-60.611,1143.3,1.46,0.29,57.4,203.1,145.9,0,0.0,0.21,331.3,0.197,57.6,53.49,Spaceport / Landing Pad
-87.4919,-45.0,1678.4,1.9,0.25,62.2,206.6,149.7,0,0.0,0.29,346.3,0.136,62.8,54.46,Spaceport / Landing Pad
-88.11,69.7751,2325.3,9.3,0.94,64.6,208.5,151.7,0,0.0,0.19,340.2,0.161,69.0,44.01,Secondary Exploration Zone
-82.6253,-89.2748,977.3,0.78,0.25,56.2,202.2,145.0,0,0.0,0.12,327.1,0.214,56.0,53.47,Spaceport / Landing Pad
-85.2313,-139.7636,1375.6,2.0,0.46,59.3,204.5,147.5,0,0.0,0.3,337.6,0.172,59.9,53.65,Spaceport / Landing Pad
-86.8072,142.125,614.3,2.07,0.26,52.2,199.2,141.8,0,0.0,0.11,315.6,0.261,52.6,51.77,Spaceport / Landing Pad
-80.0,45.0,495.1,1.01,0.37,51.6,198.7,141.3,0,0.0,0.3,313.0,0.271,51.4,52.2,Spaceport / Landing Pad
-86.1627,71.5651,2882.6,16.69,1.32,66.2,209.7,153.0,0,0.0,0.14,334.1,0.186,74.3,27.9,Secondary Exploration Zone
-85.9765,-93.9909,1671.1,0.5,0.15,62.8,207.1,150.2,0,0.0,0.3,347.3,0.132,62.7,55.24,Spaceport / Landing Pad
-82.4157,-103.5232,1337.4,2.31,0.55,58.8,204.1,147.1,0,0.0,0.31,336.2,0.177,59.5,53.29,Spaceport / Landing Pad
-86.3969,53.427,1793.9,3.01,0.53,62.7,207.0,150.2,0,0.0,0.19,345.4,0.14,63.9,53.81,Spaceport / Landing Pad
-80.6499,58.0552,716.8,0.66,0.35,53.9,200.4,143.1,0,0.0,0.26,319.7,0.244,53.6,52.89,Spaceport / Landing Pad
-86.2176,-74.2488,694.3,1.41,0.22,53.3,200.0,142.6,0,0.0,0.17,318.4,0.249,53.3,52.45,Spaceport / Landing Pad
-80.0,47.411,423.6,1.95,0.44,50.5,197.9,140.4,0,0.0,0.31,310.2,0.283,50.7,51.41,Spaceport / Landing Pad
-80.2915,-33.2317,1560.3,0.66,0.32,61.7,206.3,149.3,0,0.0,0.34,344.0,0.146,61.6,54.91,Spaceport / Landing Pad
-85.7985,-91.273,1594.9,0.51,0.26,62.1,206.6,149.7,0,0.0,0.22,345.1,0.141,62.0,55.05,Spaceport / Landing Pad
-81.692,-117.4287,762.4,0.5,0.22,54.4,200.8,143.5,0,0.0,0.16,321.1,0.238,54.0,53.06,Spaceport / Landing Pad
-82.3927,83.6598,1019.4,0.5,0.19,56.7,202.6,145.4,0,0.0,0.11,328.5,0.208,56.5,53.68,Spaceport / Landing Pad
-81.203,70.796,2154.1,0.5,0.25,67.3,210.4,153.8,0,0.0,0.16,347.5,0.132,67.3,56.91,Spaceport / Landing Pad
-81.5341,145.7843,798.6,0.5,0.41,54.7,201.0,143.8,0,0.0,0.24,322.2,0.234,54.3,53.15,Spaceport / Landing Pad
-85.7164,-168.6901,635.6,0.69,0.27,53.1,199.8,142.5,0,0.0,0.29,317.3,0.254,52.8,52.69,Spaceport / Landing Pad
-82.4942,21.1398,1786.9,0.68,0.23,63.8,207.8,151.0,0,0.0,0.32,347.3,0.132,63.8,55.57,Spaceport / Landing Pad
-83.17,-176.0818,2352.7,0.5,0.36,69.1,211.8,155.3,0,0.0,0.25,347.5,0.132,69.2,57.6,Spaceport / Landing Pad
-83.1395,-104.9816,1768.9,1.04,0.42,63.4,207.6,150.7,0,0.0,0.32,347.0,0.133,63.6,55.34,Spaceport / Landing Pad
-81.3548,52.0165,1012.8,1.6,0.46,56.2,202.1,144.9,0,0.0,0.23,327.4,0.213,56.4,53.09,Spaceport / Landing Pad
-80.9761,39.1226,1426.2,0.5,0.18,60.5,205.4,148.4,0,0.0,0.26,340.3,0.161,60.3,54.65,Spaceport / Landing Pad
-88.4104,-86.6335,833.1,0.5,0.29,55.0,201.3,144.0,0,0.0,0.15,323.2,0.23,54.7,53.23,Spaceport / Landing Pad
-82.7253,-56.5138,618.1,1.55,0.31,52.5,199.4,142.0,0,0.0,0.31,316.1,0.259,52.6,52.17,Spaceport / Landing Pad
-84.3176,137.663,-388.4,6.28,0.6,40.9,190.7,132.7,0,0.0,0.34,290.9,0.361,43.0,43.26,Secondary Exploration Zone
-82.1804,156.8014,510.9,1.11,0.3,51.7,198.8,141.4,0,0.0,0.17,313.4,0.27,51.6,52.19,Spaceport / Landing Pad
-80.4946,54.5931,633.2,0.5,0.34,53.2,199.9,142.5,0,0.0,0.12,317.4,0.253,52.8,52.75,Spaceport / Landing Pad
-87.6202,168.6901,370.8,1.74,0.5,50.1,197.6,140.1,0,0.0,0.16,308.8,0.288,50.2,51.45,Spaceport / Landing Pad
-85.0944,158.8059,1580.9,0.5,0.37,61.9,206.5,149.6,0,0.0,0.1,344.7,0.143,61.8,55.02,Spaceport / Landing Pad
-86.5049,-55.8855,709.5,2.59,0.55,52.9,199.7,142.3,0,0.0,0.28,317.9,0.251,53.5,51.53,Spaceport / Landing Pad
-82.3334,42.0391,1988.5,0.64,0.3,65.7,209.2,152.5,0,0.0,0.07,347.4,0.132,65.7,56.29,Spaceport / Landing Pad
-87.4505,156.2505,283.0,0.61,0.24,49.9,197.4,139.9,0,0.0,0.19,307.2,0.295,49.4,51.88,Spaceport / Landing Pad
-88.224,-3.0128,2157.6,1.12,0.34,67.0,210.3,153.6,0,0.0,0.1,347.0,0.134,67.3,56.65,Spaceport / Landing Pad
-81.646,76.4296,1828.7,2.61,0.52,63.2,207.4,150.6,0,0.0,0.08,345.7,0.139,64.2,54.35,Spaceport / Landing Pad
-84.8585,-15.8025,1004.4,3.18,0.38,55.3,201.5,144.3,0,0.0,0.09,325.9,0.219,56.3,51.6,Spaceport / Landing Pad
-82.0609,87.9786,1057.3,1.35,0.33,56.7,202.5,145.4,0,0.0,0.32,328.9,0.207,56.8,53.36,Spaceport / Landing Pad
-83.6623,170.6764,1368.4,1.4,0.28,59.5,204.7,147.6,0,0.0,0.14,337.9,0.171,59.8,54.07,Spaceport / Landing Pad
-81.4277,125.2476,1534.6,1.06,0.19,61.3,205.9,149.0,0,0.0,0.08,342.9,0.15,61.4,54.67,Spaceport / Landing Pad
-89.34,98.1301,1396.8,1.97,0.5,59.5,204.7,147.6,0,0.0,0.13,338.2,0.169,60.1,53.72,Spaceport / Landing Pad
-82.4249,-112.4569,1079.9,1.79,0.41,56.7,202.5,145.3,0,0.0,0.14,329.2,0.206,57.0,53.11,Spaceport / Landing Pad
-80.0,45.0,1178.2,2.59,0.55,57.2,202.9,145.8,0,0.0,0.3,331.4,0.197,58.0,52.65,Spaceport / Landing Pad
-83.1853,89.2152,1535.6,0.5,0.36,61.5,206.1,149.2,0,0.0,0.26,343.4,0.148,61.4,54.92,Spaceport / Landing Pad
-81.0849,17.6761,1135.6,1.42,0.24,57.4,203.0,145.9,0,0.0,0.12,331.1,0.198,57.6,53.5,Spaceport / Landing Pad
-80.6238,170.2564,1411.6,1.71,0.33,59.8,204.8,147.8,0,0.0,0.16,338.8,0.167,60.2,53.96,Spaceport / Landing Pad
-81.0967,-60.4786,1117.0,1.53,0.47,57.2,202.9,145.7,0,0.0,0.23,330.5,0.2,57.4,53.38,Spaceport / Landing Pad
-83.1802,-149.5742,598.3,2.38,0.34,51.9,199.0,141.5,0,0.0,0.11,314.9,0.264,52.4,51.45,Spaceport / Landing Pad
-83.3196,-74.6045,1294.4,0.5,0.14,59.3,204.5,147.4,0,0.0,0.33,336.5,0.176,59.1,54.34,Spaceport / Landing Pad
-80.0,145.3663,1186.8,1.05,0.32,58.0,203.5,146.4,0,0.0,0.27,332.9,0.191,58.1,53.84,Spaceport / Landing Pad
-83.8578,-143.6525,1328.8,2.32,0.47,58.7,204.1,147.0,0,0.0,0.24,336.0,0.178,59.4,53.26,Spaceport / Landing Pad
-83.8748,-7.8831,2405.0,9.75,0.84,65.2,208.9,152.1,0,0.0,0.27,339.9,0.163,69.7,43.11,Secondary Exploration Zone
-88.3887,100.008,1526.8,0.5,0.35,61.4,206.1,149.2,0,0.0,0.28,343.2,0.149,61.3,54.89,Spaceport / Landing Pad
-84.9062,13.7816,-2957.6,4.48,0.57,0.0,81.7,45.2,1,0.733,4.1,292.3,0.355,0.0,45.29,ISRU Cryogenic Mining Outpost
-80.0,112.4965,464.1,0.67,0.39,51.5,198.6,141.2,0,0.0,0.24,312.4,0.274,51.1,52.28,Spaceport / Landing Pad
-81.0927,174.5881,1467.4,2.28,0.51,60.0,205.0,148.0,0,0.0,0.2,340.0,0.162,60.7,53.63,Spaceport / Landing Pad
-80.6053,25.292,1227.6,0.81,0.45,58.5,203.9,146.8,0,0.0,0.3,334.3,0.185,58.4,54.06,Spaceport / Landing Pad
-88.0376,177.2737,-14.6,12.62,0.99,41.3,191.0,133.1,0,0.0,0.11,288.8,0.369,46.6,28.09,Secondary Exploration Zone
-82.668,-21.666,1673.2,0.63,0.16,62.7,207.1,150.2,0,0.0,0.1,347.3,0.132,62.7,55.2,Spaceport / Landing Pad
-85.6119,-66.1613,198.1,1.07,0.39,48.9,196.6,139.1,0,0.0,0.12,304.4,0.306,48.6,51.46,Spaceport / Landing Pad
-86.907,95.1944,801.8,25.43,1.88,43.0,192.2,134.4,0,0.0,0.24,301.7,0.317,54.4,20.8,Hazard / Exclusion Zone
-81.3186,-53.7462,939.8,1.48,0.48,55.5,201.7,144.4,0,0.0,0.31,325.4,0.221,55.7,52.99,Spaceport / Landing Pad
-81.3186,-0.6161,1043.2,2.36,0.46,56.1,202.1,144.9,0,0.0,0.28,327.7,0.212,56.7,52.54,Spaceport / Landing Pad
-87.2028,-154.29,992.2,0.5,0.4,56.5,202.4,145.2,0,0.0,0.26,327.8,0.211,56.2,53.61,Spaceport / Landing Pad
-80.0,46.9092,376.7,0.84,0.39,50.6,198.0,140.5,0,0.0,0.18,309.7,0.284,50.3,52.0,Spaceport / Landing Pad
-87.1049,-110.7723,1724.0,1.07,0.32,63.0,207.3,150.4,0,0.0,0.13,347.0,0.134,63.2,55.17,Spaceport / Landing Pad
-80.8763,131.6822,798.3,1.84,0.5,54.1,200.5,143.2,0,0.0,0.28,321.1,0.239,54.3,52.39,Spaceport / Landing Pad
-84.2809,116.1468,-66.0,5.9,0.64,0.0,95.8,61.7,1,0.166,0.94,292.8,0.353,0.0,31.75,Secondary Exploration Zone
-83.7565,-121.5514,2153.1,1.48,0.49,66.8,210.1,153.4,0,0.0,0.34,346.7,0.135,67.3,56.41,Spaceport / Landing Pad
-85.7985,178.727,967.0,0.77,0.33,56.1,202.1,144.9,0,0.0,0.1,326.8,0.215,55.9,53.45,Spaceport / Landing Pad
-83.2936,34.796,1724.2,2.02,0.45,62.5,206.9,150.0,0,0.0,0.26,346.2,0.137,63.2,54.52,Spaceport / Landing Pad
-83.4994,-57.9074,311.6,1.35,0.21,49.8,197.3,139.8,0,0.0,0.2,307.4,0.294,49.7,51.57,Spaceport / Landing Pad
-86.4261,-40.7636,1582.0,1.38,0.44,61.5,206.2,149.2,0,0.0,0.24,344.0,0.146,61.8,54.59,Spaceport / Landing Pad
-80.3058,-141.254,780.4,0.53,0.34,54.5,200.9,143.6,0,0.0,0.09,321.6,0.236,54.2,53.1,Spaceport / Landing Pad
-82.5501,-74.7449,1504.5,0.5,0.15,61.2,205.9,149.0,0,0.0,0.12,342.5,0.152,61.1,54.84,Spaceport / Landing Pad
-80.0,-119.0546,1396.4,0.92,0.34,60.0,205.0,148.0,0,0.0,0.11,339.1,0.166,60.1,54.41,Spaceport / Landing Pad
-85.5098,-133.3153,1325.8,2.21,0.32,58.8,204.1,147.0,0,0.0,0.24,336.0,0.178,59.4,53.35,Spaceport / Landing Pad
-83.8126,-168.6901,2021.4,1.29,0.19,65.7,209.2,152.5,0,0.0,0.09,346.8,0.134,66.0,56.08,Spaceport / Landing Pad
-82.3607,26.8781,2116.5,0.5,0.41,66.9,210.2,153.5,0,0.0,0.19,347.5,0.132,67.0,56.78,Spaceport / Landing Pad
-82.9987,42.8389,1779.9,1.65,0.29,63.2,207.4,150.6,0,0.0,0.21,346.5,0.136,63.7,55.0,Spaceport / Landing Pad
-84.2992,-87.1844,1007.6,1.35,0.34,56.2,202.2,145.0,0,0.0,0.26,327.5,0.213,56.3,53.24,Spaceport / Landing Pad
-83.1242,131.6981,1239.7,5.28,0.73,56.5,202.4,145.2,0,0.0,0.23,331.0,0.199,58.6,49.21,Secondary Exploration Zone
-84.4416,49.0856,-2163.0,6.11,0.77,0.0,97.5,40.3,1,0.36,2.1,291.0,0.36,0.0,35.32,Secondary Exploration Zone
-86.1627,94.1849,2470.4,10.09,0.81,65.6,209.2,152.5,0,0.0,0.22,339.6,0.164,70.3,42.43,Secondary Exploration Zone
-84.982,80.3625,1136.8,9.3,0.87,53.6,200.2,142.9,0,0.0,0.1,324.7,0.224,57.6,40.46,Secondary Exploration Zone
-85.5332,169.1597,1317.7,1.21,0.35,59.2,204.4,147.3,0,0.0,0.1,336.6,0.176,59.3,54.07,Spaceport / Landing Pad
-84.7049,-139.2892,1731.3,0.96,0.28,63.1,207.3,150.5,0,0.0,0.22,347.1,0.133,63.3,55.25,Spaceport / Landing Pad
-83.7901,-137.4366,1454.9,2.07,0.49,60.0,205.0,148.0,0,0.0,0.19,339.8,0.163,60.6,53.78,Spaceport / Landing Pad
-80.0,146.7386,951.8,1.54,0.33,55.6,201.7,144.5,0,0.0,0.07,325.7,0.22,55.8,52.98,Spaceport / Landing Pad
-88.1661,14.7436,2006.2,5.53,0.5,63.5,207.6,150.8,0,0.0,0.23,343.3,0.148,65.9,50.98,Secondary Exploration Zone
-88.5241,18.4349,2549.9,4.89,0.68,68.8,211.6,155.1,0,0.0,0.32,343.9,0.146,71.1,53.93,Secondary Exploration Zone
-83.6623,-170.6764,2125.3,0.86,0.33,66.8,210.1,153.5,0,0.0,0.16,347.2,0.133,67.0,56.67,Spaceport / Landing Pad
-81.8787,-142.4716,487.3,1.5,0.32,51.3,198.5,141.1,0,0.0,0.25,312.4,0.274,51.4,51.9,Spaceport / Landing Pad
-81.9954,121.6513,1609.7,1.03,0.25,62.0,206.5,149.6,0,0.0,0.3,345.1,0.141,62.1,54.86,Spaceport / Landing Pad
-81.6085,154.29,351.5,0.5,0.16,50.6,197.9,140.4,0,0.0,0.08,309.3,0.286,50.1,52.08,Spaceport / Landing Pad
-81.3226,-58.1906,850.0,1.26,0.38,54.8,201.1,143.8,0,0.0,0.08,323.0,0.231,54.8,52.92,Spaceport / Landing Pad
-80.4216,-52.125,883.5,1.95,0.44,54.8,201.1,143.8,0,0.0,0.19,323.4,0.229,55.1,52.51,Spaceport / Landing Pad
-85.0379,163.6105,1507.9,0.5,0.2,61.3,206.0,149.0,0,0.0,0.21,342.6,0.151,61.1,54.85,Spaceport / Landing Pad
-81.1202,123.8571,1634.4,0.5,0.15,62.4,206.8,150.0,0,0.0,0.29,346.3,0.137,62.3,55.15,Spaceport / Landing Pad
-82.8558,-72.512,1484.5,1.03,0.2,60.8,205.6,148.6,0,0.0,0.35,341.5,0.156,60.9,54.56,Spaceport / Landing Pad
-81.9997,-97.3738,1293.3,1.16,0.19,59.0,204.2,147.2,0,0.0,0.3,335.9,0.179,59.1,54.04,Spaceport / Landing Pad
-86.0907,33.3106,1662.9,0.52,0.41,62.7,207.0,150.2,0,0.0,0.26,347.1,0.133,62.6,55.21,Spaceport / Landing Pad
-86.8512,-78.0239,880.6,1.59,0.42,54.9,201.2,143.9,0,0.0,0.15,323.7,0.228,55.1,52.78,Spaceport / Landing Pad
-86.1718,-1.3972,1139.3,15.05,1.3,50.9,198.2,140.7,0,0.0,0.24,320.0,0.243,57.6,22.58,Secondary Exploration Zone
-83.5533,-177.5104,2180.1,1.26,0.23,67.1,210.4,153.7,0,0.0,0.21,346.9,0.134,67.6,56.65,Spaceport / Landing Pad
-80.5498,163.355,1502.1,0.75,0.19,61.1,205.8,148.9,0,0.0,0.18,342.2,0.153,61.1,54.74,Spaceport / Landing Pad
-81.2786,95.5275,881.9,1.06,0.33,55.2,201.4,144.2,0,0.0,0.28,324.1,0.226,55.1,53.11,Spaceport / Landing Pad
-82.8949,170.1664,1633.3,2.36,0.55,61.5,206.2,149.2,0,0.0,0.13,344.7,0.143,62.3,53.96,Spaceport / Landing Pad
-80.6536,81.3844,2120.2,1.23,0.34,66.6,209.9,153.3,0,0.0,0.21,346.9,0.134,67.0,56.45,Spaceport / Landing Pad
-87.2028,-25.71,2028.4,1.36,0.33,65.7,209.3,152.5,0,0.0,0.09,346.8,0.135,66.1,56.06,Spaceport / Landing Pad
-82.9937,-177.7094,2385.3,0.5,0.31,69.4,212.1,155.5,0,0.0,0.12,347.5,0.132,69.5,57.72,Spaceport / Landing Pad
-81.4807,-94.3987,1295.4,1.35,0.37,58.9,204.2,147.1,0,0.0,0.3,335.8,0.179,59.1,53.93,Spaceport / Landing Pad
-83.3668,-140.7106,845.0,1.79,0.27,54.5,200.9,143.6,0,0.0,0.26,322.5,0.233,54.8,52.54,Spaceport / Landing Pad
-82.6918,118.2016,1629.2,1.62,0.4,61.9,206.4,149.5,0,0.0,0.18,345.2,0.141,62.3,54.55,Spaceport / Landing Pad
-80.0,-124.6337,1489.5,0.53,0.3,61.1,205.8,148.9,0,0.0,0.15,342.1,0.154,61.0,54.79,Spaceport / Landing Pad
-81.5795,-144.0193,649.9,1.43,0.3,52.9,199.7,142.3,0,0.0,0.09,317.1,0.255,52.9,52.33,Spaceport / Landing Pad
-83.6623,46.1935,987.9,1.49,0.26,56.0,202.0,144.8,0,0.0,0.19,326.8,0.215,56.1,53.1,Spaceport / Landing Pad
-81.6878,34.9393,1842.0,0.88,0.29,64.2,208.1,151.4,0,0.0,0.16,347.2,0.133,64.3,55.68,Spaceport / Landing Pad
-83.1853,-126.0851,1411.7,2.28,0.3,59.5,204.6,147.6,0,0.0,0.29,338.4,0.168,60.2,53.5,Spaceport / Landing Pad
-89.4557,-59.0362,1286.2,3.88,0.56,57.6,203.2,146.1,0,0.0,0.25,333.5,0.188,59.0,51.42,Secondary Exploration Zone
-84.1543,-109.5923,1941.0,0.66,0.29,65.2,208.9,152.2,0,0.0,0.1,347.3,0.132,65.3,56.12,Spaceport / Landing Pad
-87.2786,-112.1663,1662.1,0.5,0.15,62.7,207.0,150.2,0,0.0,0.13,347.1,0.133,62.6,55.22,Spaceport / Landing Pad
-80.0,-50.6405,688.2,1.63,0.28,53.1,199.8,142.5,0,0.0,0.14,318.1,0.251,53.3,52.28,Spaceport / Landing Pad
-82.4111,31.9307,2227.5,0.5,0.15,67.9,211.0,154.4,0,0.0,0.06,347.5,0.132,68.0,57.17,Spaceport / Landing Pad
-87.6202,64.44,1906.6,7.55,0.9,61.6,206.2,149.3,0,0.0,0.12,341.7,0.155,64.9,46.69,Secondary Exploration Zone
-84.1782,138.9005,324.3,12.21,1.17,44.7,193.5,135.7,0,0.0,0.26,298.9,0.328,49.8,30.19,Secondary Exploration Zone
-84.5301,-126.6743,2133.9,0.86,0.46,66.9,210.2,153.5,0,0.0,0.15,347.2,0.133,67.1,56.7,Spaceport / Landing Pad
-83.5533,-124.3803,1887.5,2.11,0.37,64.0,208.0,151.2,0,0.0,0.2,346.2,0.137,64.8,55.01,Spaceport / Landing Pad
-83.104,129.5077,1639.0,6.63,0.78,59.5,204.7,147.6,0,0.0,0.24,341.4,0.156,62.4,47.72,Secondary Exploration Zone
-84.5813,-10.9228,2511.4,6.29,0.76,67.8,210.8,154.2,0,0.0,0.15,342.7,0.151,70.7,51.37,Secondary Exploration Zone
-84.7979,80.7067,1166.8,0.58,0.32,58.1,203.6,146.5,0,0.0,0.22,332.7,0.191,57.9,54.0,Spaceport / Landing Pad
-80.1879,-50.4038,1063.2,1.9,0.31,56.5,202.4,145.2,0,0.0,0.31,328.7,0.208,56.9,52.99,Spaceport / Landing Pad
-80.0,-130.1207,1430.1,0.82,0.19,60.4,205.3,148.3,0,0.0,0.1,340.1,0.161,60.4,54.53,Spaceport / Landing Pad
-80.0,57.2953,914.3,0.5,0.43,55.8,201.8,144.6,0,0.0,0.31,325.5,0.221,55.4,53.43,Spaceport / Landing Pad
-83.1344,-7.0284,623.6,2.75,0.46,52.0,199.0,141.6,0,0.0,0.27,315.3,0.262,52.7,51.15,Spaceport / Landing Pad
-83.3878,131.5664,2168.3,7.03,0.69,64.3,208.2,151.4,0,0.0,0.32,342.1,0.153,67.5,48.72,Secondary Exploration Zone
-83.3984,-33.4654,1247.0,0.9,0.18,58.7,204.0,146.9,0,0.0,0.15,334.8,0.183,58.6,54.06,Spaceport / Landing Pad
-80.4471,-33.8453,1523.5,1.9,0.32,60.7,205.6,148.6,0,0.0,0.17,341.9,0.154,61.3,54.09,Spaceport / Landing Pad
-83.1956,-116.9166,1819.0,1.83,0.36,63.5,207.6,150.8,0,0.0,0.16,346.4,0.136,64.1,55.0,Spaceport / Landing Pad
-83.7287,14.6568,-2092.8,7.95,0.92,0.0,93.5,39.5,1,0.104,0.6,289.5,0.366,0.0,26.66,Secondary Exploration Zone
-80.1066,153.6767,572.2,1.1,0.27,52.3,199.2,141.8,0,0.0,0.14,315.2,0.262,52.2,52.34,Spaceport / Landing Pad
-84.1543,38.5169,800.4,1.04,0.33,54.5,200.8,143.6,0,0.0,0.06,321.8,0.236,54.4,52.92,Spaceport / Landing Pad
-83.2936,-98.8068,1391.1,1.5,0.26,59.7,204.8,147.8,0,0.0,0.2,338.4,0.168,60.0,54.06,Spaceport / Landing Pad
-81.646,-140.4403,718.1,1.16,0.36,53.6,200.2,142.9,0,0.0,0.35,319.3,0.246,53.6,52.65,Spaceport / Landing Pad
-80.9299,66.3369,1642.6,1.76,0.27,61.9,206.4,149.5,0,0.0,0.32,345.5,0.14,62.4,54.48,Spaceport / Landing Pad
-83.4834,-141.9811,945.1,2.24,0.41,55.2,201.4,144.2,0,0.0,0.33,325.0,0.223,55.7,52.42,Spaceport / Landing Pad
-81.2387,-51.0542,1287.1,2.63,0.34,58.2,203.7,146.6,0,0.0,0.08,334.5,0.184,59.0,52.87,Spaceport / Landing Pad
-83.4994,-68.9625,981.0,1.8,0.52,55.8,201.8,144.6,0,0.0,0.11,326.4,0.217,56.1,52.87,Spaceport / Landing Pad
-84.8585,-3.1221,-1792.9,6.21,0.75,0.0,59.8,69.3,1,0.307,1.92,290.9,0.361,0.0,34.1,Secondary Exploration Zone
-83.3668,103.8407,1148.7,1.15,0.34,57.6,203.2,146.1,0,0.0,0.15,331.7,0.195,57.7,53.69,Spaceport / Landing Pad
-80.9645,56.8024,818.8,1.11,0.27,54.6,200.9,143.7,0,0.0,0.15,322.3,0.234,54.5,52.93,Spaceport / Landing Pad
-82.7301,-164.3578,1237.2,2.49,0.48,57.8,203.4,146.2,0,0.0,0.19,333.2,0.19,58.5,52.88,Spaceport / Landing Pad
-83.1547,5.4774,-874.3,16.52,1.3,31.5,183.6,125.2,0,0.0,0.27,282.4,0.395,38.3,16.8,Secondary Exploration Zone
-84.3979,-10.561,2506.1,6.82,0.65,67.5,210.6,154.0,0,0.0,0.17,342.3,0.153,70.7,50.31,Secondary Exploration Zone
-80.0,55.5735,744.4,0.94,0.4,54.0,200.5,143.2,0,0.0,0.11,320.3,0.242,53.8,52.84,Spaceport / Landing Pad
-81.3186,-106.8763,200.1,0.54,0.29,49.1,196.8,139.3,0,0.0,0.09,304.9,0.304,48.6,51.7,Spaceport / Landing Pad
-83.446,-107.4027,1933.3,0.5,0.19,65.2,208.9,152.2,0,0.0,0.06,347.5,0.132,65.2,56.15,Spaceport / Landing Pad
-83.1853,-53.9149,689.2,2.28,0.37,52.8,199.6,142.3,0,0.0,0.32,317.6,0.253,53.3,51.76,Spaceport / Landing Pad
-87.2786,-67.8337,736.8,0.85,0.39,54.0,200.5,143.2,0,0.0,0.3,320.1,0.242,53.7,52.86,Spaceport / Landing Pad
-80.3094,-20.879,1259.2,1.94,0.48,58.3,203.7,146.6,0,0.0,0.08,334.3,0.185,58.7,53.42,Spaceport / Landing Pad
-81.8658,3.2892,765.3,1.69,0.22,53.8,200.4,143.1,0,0.0,0.17,320.2,0.242,54.0,52.43,Spaceport / Landing Pad
-83.7789,-62.2815,271.9,0.95,0.37,49.6,197.2,139.7,0,0.0,0.28,306.6,0.297,49.3,51.7,Spaceport / Landing Pad
-86.0376,15.0184,595.5,8.99,0.77,48.7,196.6,139.0,0,0.0,0.11,309.3,0.286,52.4,39.93,Secondary Exploration Zone
-88.0199,135.0,655.0,2.04,0.39,52.6,199.5,142.1,0,0.0,0.34,316.8,0.256,53.0,51.89,Spaceport / Landing Pad
-80.4398,-62.6844,1520.3,2.59,0.37,60.4,205.3,148.3,0,0.0,0.12,341.3,0.157,61.2,53.47,Spaceport / Landing Pad
-85.4482,164.5388,1455.7,0.7,0.4,60.7,205.5,148.6,0,0.0,0.07,340.9,0.158,60.6,54.65,Spaceport / Landing Pad
-81.5053,-167.9492,1056.6,0.6,0.37,57.0,202.8,145.6,0,0.0,0.12,329.5,0.204,56.8,53.73,Spaceport / Landing Pad
-84.3607,-102.4259,1376.0,1.35,0.21,59.6,204.7,147.7,0,0.0,0.13,338.1,0.17,59.9,54.12,Spaceport / Landing Pad
-81.9433,136.8779,392.3,0.5,0.24,50.9,198.2,140.7,0,0.0,0.23,310.5,0.281,50.4,52.18,Spaceport / Landing Pad
-81.1753,23.0394,1317.3,1.46,0.24,59.0,204.3,147.2,0,0.0,0.33,336.3,0.177,59.3,53.91,Spaceport / Landing Pad
-85.9506,154.0256,1101.5,1.03,0.38,57.3,202.9,145.8,0,0.0,0.33,330.5,0.201,57.2,53.65,Spaceport / Landing Pad
-84.1782,-167.9694,1798.6,1.3,0.28,63.6,207.7,150.9,0,0.0,0.22,346.8,0.134,63.9,55.29,Spaceport / Landing Pad
-87.2028,115.71,1776.2,3.34,0.55,62.4,206.8,149.9,0,0.0,0.22,345.1,0.141,63.7,53.38,Spaceport / Landing Pad
-80.3744,-109.8407,649.8,1.42,0.37,52.9,199.7,142.3,0,0.0,0.13,317.1,0.255,52.9,52.34,Spaceport / Landing Pad
-80.6053,-25.292,1982.5,2.59,0.35,64.7,208.5,151.7,0,0.0,0.08,345.8,0.139,65.7,54.91,Spaceport / Landing Pad
-80.4143,-112.3194,925.8,1.51,0.47,55.4,201.5,144.3,0,0.0,0.07,325.0,0.223,55.6,52.94,Spaceport / Landing Pad
-80.0,-136.9525,1641.4,0.71,0.15,62.4,206.8,149.9,0,0.0,0.29,346.3,0.136,62.4,55.09,Spaceport / Landing Pad
-80.0,43.6196,1250.1,1.04,0.46,58.6,204.0,146.9,0,0.0,0.29,334.7,0.183,58.7,54.0,Spaceport / Landing Pad
-81.2387,104.1843,804.4,0.5,0.25,54.8,201.1,143.8,0,0.0,0.2,322.3,0.233,54.4,53.16,Spaceport / Landing Pad
-80.0,50.2624,957.9,0.83,0.34,56.0,202.0,144.8,0,0.0,0.27,326.5,0.217,55.9,53.4,Spaceport / Landing Pad
-81.3186,89.3839,867.5,1.06,0.37,55.1,201.3,144.1,0,0.0,0.08,323.7,0.228,55.0,53.07,Spaceport / Landing Pad
-80.0679,68.4986,1370.4,1.18,0.22,59.7,204.8,147.7,0,0.0,0.07,338.1,0.17,59.8,54.21,Spaceport / Landing Pad
-81.4807,57.5288,1233.3,1.7,0.48,58.2,203.6,146.5,0,0.0,0.34,333.7,0.187,58.5,53.54,Spaceport / Landing Pad
-80.0,120.0686,1504.4,2.22,0.26,60.4,205.3,148.3,0,0.0,0.18,341.1,0.157,61.1,53.77,Spaceport / Landing Pad
-85.9852,-88.6678,1554.5,0.69,0.29,61.6,206.2,149.3,0,0.0,0.05,343.8,0.147,61.6,54.89,Spaceport / Landing Pad
-80.9069,-121.569,1536.5,1.17,0.26,61.2,205.9,149.0,0,0.0,0.31,342.9,0.15,61.4,54.61,Spaceport / Landing Pad
-84.0304,-99.9042,1278.4,1.45,0.23,58.7,204.0,147.0,0,0.0,0.13,335.2,0.181,58.9,53.83,Spaceport / Landing Pad
-85.8993,-101.8215,1646.2,0.5,0.35,62.6,206.9,150.0,0,0.0,0.11,346.6,0.135,62.5,55.18,Spaceport / Landing Pad
-85.3124,-12.6526,1900.4,7.79,0.82,61.4,206.1,149.1,0,0.0,0.15,341.5,0.156,64.9,46.14,Secondary Exploration Zone
-81.6752,-72.3777,1854.1,0.89,0.44,64.3,208.2,151.4,0,0.0,0.31,347.2,0.133,64.4,55.71,Spaceport / Landing Pad
-84.562,-50.5722,702.0,1.9,0.47,53.1,199.8,142.5,0,0.0,0.09,318.2,0.25,53.4,52.12,Spaceport / Landing Pad
-87.4642,96.3402,-1597.9,6.92,0.59,0.0,77.6,56.4,1,0.695,3.9,290.3,0.363,0.0,40.55,ISRU Cryogenic Mining Outpost
-88.783,-57.5288,1361.8,2.26,0.42,59.1,204.3,147.3,0,0.0,0.3,337.0,0.174,59.7,53.4,Spaceport / Landing Pad
-80.0,-30.6,1763.5,1.03,0.29,63.4,207.5,150.7,0,0.0,0.12,347.0,0.133,63.6,55.33,Spaceport / Landing Pad
-80.7586,179.4213,861.1,1.29,0.34,54.9,201.2,143.9,0,0.0,0.22,323.3,0.229,54.9,52.92,Spaceport / Landing Pad
-81.6752,-59.6973,946.0,1.36,0.23,55.7,201.7,144.5,0,0.0,0.33,325.7,0.22,55.7,53.08,Spaceport / Landing Pad
-86.5149,69.6236,685.6,5.17,0.61,51.4,198.6,141.1,0,0.0,0.29,315.1,0.263,53.3,48.07,Secondary Exploration Zone
-81.5258,-26.8473,2031.2,1.32,0.27,65.7,209.3,152.6,0,0.0,0.22,346.8,0.134,66.1,56.09,Spaceport / Landing Pad
-86.8072,74.7449,1064.0,24.08,1.9,45.8,194.4,136.7,0,0.0,0.18,310.4,0.282,56.9,21.5,Hazard / Exclusion Zone
-81.7763,63.7258,1707.7,1.24,0.23,62.8,207.1,150.2,0,0.0,0.25,346.9,0.134,63.0,55.01,Spaceport / Landing Pad
-83.7789,62.2815,250.8,2.56,0.46,48.6,196.5,138.9,0,0.0,0.11,304.7,0.305,49.1,50.45,Spaceport / Landing Pad
-81.3226,121.8094,1550.0,1.11,0.34,61.4,206.0,149.1,0,0.0,0.11,343.3,0.148,61.5,54.68,Spaceport / Landing Pad
-84.3917,18.4349,-2217.7,6.35,0.62,0.0,94.6,59.4,1,0.266,1.67,290.8,0.361,0.0,33.04,Secondary Exploration Zone
-82.2745,11.853,1132.7,1.6,0.42,57.3,202.9,145.8,0,0.0,0.34,330.9,0.199,57.5,53.37,Spaceport / Landing Pad
-83.4301,-22.5572,1223.4,1.27,0.21,58.3,203.7,146.6,0,0.0,0.11,333.8,0.187,58.4,53.81,Spaceport / Landing Pad
-81.4196,157.6199,428.2,1.04,0.33,51.0,198.3,140.8,0,0.0,0.34,311.1,0.279,50.8,52.03,Spaceport / Landing Pad
-80.0,45.0,470.0,0.52,0.14,51.6,198.7,141.3,0,0.0,0.19,312.7,0.273,51.2,52.35,Spaceport / Landing Pad
-83.247,40.5154,1645.4,2.34,0.52,61.7,206.2,149.3,0,0.0,0.22,345.1,0.141,62.4,54.0,Spaceport / Landing Pad
-82.4571,130.9858,860.1,1.54,0.49,54.8,201.1,143.8,0,0.0,0.06,323.1,0.23,54.9,52.76,Spaceport / Landing Pad
-83.0788,79.9025,878.6,0.83,0.37,55.3,201.5,144.2,0,0.0,0.25,324.2,0.226,55.1,53.21,Spaceport / Landing Pad
-82.597,84.9364,1092.6,0.63,0.2,57.4,203.0,145.9,0,0.0,0.29,330.5,0.2,57.2,53.81,Spaceport / Landing Pad
-89.34,-45.0,1491.6,2.17,0.53,60.3,205.2,148.3,0,0.0,0.17,340.8,0.159,61.0,53.78,Spaceport / Landing Pad
-83.3984,43.8542,1326.1,2.99,0.52,58.4,203.8,146.7,0,0.0,0.17,335.3,0.181,59.4,52.59,Spaceport / Landing Pad
-80.736,-139.0856,1041.4,0.5,0.42,56.9,202.7,145.6,0,0.0,0.24,329.2,0.206,56.7,53.73,Spaceport / Landing Pad
-80.9299,23.6631,1208.0,0.68,0.15,58.4,203.8,146.7,0,0.0,0.31,333.8,0.187,58.3,54.06,Spaceport / Landing Pad
-82.0697,-137.8624,534.7,0.5,0.36,52.2,199.2,141.8,0,0.0,0.23,314.6,0.265,51.8,52.52,Spaceport / Landing Pad
-81.4033,-138.5215,952.6,0.97,0.29,55.9,201.9,144.7,0,0.0,0.26,326.2,0.218,55.8,53.32,Spaceport / Landing Pad
-80.3635,-135.0,1207.4,1.34,0.45,58.1,203.6,146.5,0,0.0,0.28,333.3,0.189,58.3,53.73,Spaceport / Landing Pad
-80.0,53.7974,769.9,0.68,0.3,54.3,200.8,143.5,0,0.0,0.1,321.2,0.238,54.1,53.01,Spaceport / Landing Pad
-84.7446,-56.5922,148.0,0.72,0.36,48.6,196.4,138.8,0,0.0,0.35,303.3,0.311,48.1,51.51,Spaceport / Landing Pad
-80.1066,116.3233,730.5,1.7,0.37,53.5,200.1,142.8,0,0.0,0.15,319.2,0.246,53.7,52.34,Spaceport / Landing Pad
-81.5053,-102.0508,550.8,2.38,0.31,51.5,198.6,141.2,0,0.0,0.14,313.5,0.269,52.0,51.34,Spaceport / Landing Pad
-86.6998,-98.1301,1745.1,0.5,0.26,63.5,207.6,150.8,0,0.0,0.14,347.5,0.132,63.4,55.49,Spaceport / Landing Pad
-80.0,-48.2519,940.8,1.28,0.27,55.6,201.7,144.5,0,0.0,0.11,325.6,0.22,55.7,53.12,Spaceport / Landing Pad
-81.011,-105.0464,76.8,0.5,0.34,48.0,196.0,138.4,0,0.0,0.34,301.4,0.318,47.4,51.42,Spaceport / Landing Pad
-80.6499,165.5476,1597.7,0.5,0.27,62.1,206.6,149.7,0,0.0,0.24,345.2,0.141,62.0,55.06,Spaceport / Landing Pad
-82.9987,47.1611,1553.7,2.03,0.44,61.0,205.7,148.8,0,0.0,0.23,342.7,0.151,61.6,54.05,Spaceport / Landing Pad
-83.0136,67.2035,670.7,2.3,0.39,52.6,199.5,142.1,0,0.0,0.18,317.0,0.255,53.1,51.7,Spaceport / Landing Pad
-80.2628,150.732,482.1,0.5,0.15,51.8,198.8,141.4,0,0.0,0.08,313.1,0.271,51.3,52.39,Spaceport / Landing Pad
-80.5498,-16.645,897.9,1.21,0.47,55.3,201.5,144.2,0,0.0,0.22,324.5,0.225,55.3,53.06,Spaceport / Landing Pad
-85.2459,46.5911,-2017.9,5.94,0.67,0.0,91.9,46.6,1,0.548,3.14,291.1,0.36,0.0,39.38,ISRU Cryogenic Mining Outpost
-80.3527,61.6992,842.4,1.08,0.45,54.8,201.1,143.9,0,0.0,0.06,323.0,0.231,54.8,53.0,Spaceport / Landing Pad
-86.1718,88.6028,3879.0,5.01,0.73,81.1,220.8,164.9,0,0.0,0.17,343.8,0.147,83.8,58.36,Solar Power Array
-81.4644,84.3518,1226.1,1.38,0.21,58.2,203.7,146.6,0,0.0,0.1,333.8,0.187,58.4,53.74,Spaceport / Landing Pad
-88.224,-3.0128,2157.6,1.12,0.34,67.0,210.3,153.6,0,0.0,0.1,347.0,0.134,67.3,56.65,Spaceport / Landing Pad
-82.252,-31.2005,1543.8,0.53,0.16,61.6,206.2,149.3,0,0.0,0.17,343.6,0.147,61.5,54.92,Spaceport / Landing Pad
-86.6579,-54.0903,884.4,2.17,0.28,54.7,201.0,143.8,0,0.0,0.16,323.3,0.23,55.2,52.33,Spaceport / Landing Pad
-83.7789,152.2815,1438.6,0.5,0.19,60.6,205.5,148.5,0,0.0,0.14,340.6,0.159,60.5,54.68,Spaceport / Landing Pad
-81.9087,168.6901,1760.3,1.41,0.37,63.2,207.4,150.5,0,0.0,0.26,346.7,0.135,63.5,55.1,Spaceport / Landing Pad
-84.7778,118.8557,-1100.7,2.88,0.49,0.0,89.0,61.7,1,0.715,3.91,293.7,0.35,0.0,46.76,ISRU Cryogenic Mining Outpost
-80.8305,14.7436,989.5,0.61,0.19,56.4,202.3,145.1,0,0.0,0.08,327.6,0.212,56.2,53.57,Spaceport / Landing Pad
-84.7247,-13.2986,1674.8,7.91,0.83,59.3,204.4,147.4,0,0.0,0.28,341.3,0.157,62.7,45.09,Secondary Exploration Zone
-80.0,128.13,1997.5,0.9,0.29,65.6,209.2,152.5,0,0.0,0.15,347.1,0.133,65.8,56.2,Spaceport / Landing Pad
-81.0732,-158.5323,1197.8,0.95,0.33,58.2,203.6,146.5,0,0.0,0.11,333.3,0.189,58.2,53.92,Spaceport / Landing Pad
-82.9987,-89.2361,847.0,0.86,0.44,55.0,201.2,144.0,0,0.0,0.08,323.3,0.23,54.8,53.12,Spaceport / Landing Pad
-84.7778,61.1443,-1905.3,6.23,0.55,0.0,42.9,46.2,1,0.276,1.5,290.9,0.361,0.0,33.43,Secondary Exploration Zone
-82.3836,-70.6768,1694.1,0.5,0.18,63.0,207.2,150.4,0,0.0,0.06,347.5,0.132,62.9,55.31,Spaceport / Landing Pad
-80.4216,37.875,1602.4,1.1,0.44,61.9,206.4,149.5,0,0.0,0.3,344.9,0.142,62.0,54.81,Spaceport / Landing Pad
-84.1543,-109.5923,1941.0,0.66,0.29,65.2,208.9,152.2,0,0.0,0.1,347.3,0.132,65.3,56.12,Spaceport / Landing Pad
-83.3878,41.5664,1445.4,2.46,0.29,59.8,204.8,147.8,0,0.0,0.2,339.2,0.165,60.5,53.42,Spaceport / Landing Pad
-85.7985,91.273,3141.2,8.09,0.73,72.8,214.6,158.2,0,0.0,0.3,341.2,0.157,76.8,49.79,Secondary Exploration Zone
-81.2866,-44.1319,1952.6,0.7,0.2,65.3,209.0,152.2,0,0.0,0.27,347.3,0.132,65.4,56.14,Spaceport / Landing Pad
-80.6835,65.7461,1411.7,1.71,0.46,59.8,204.9,147.8,0,0.0,0.06,338.9,0.167,60.2,53.96,Spaceport / Landing Pad
-88.8721,-155.556,815.8,4.12,0.44,53.1,199.8,142.5,0,0.0,0.3,319.7,0.244,54.5,49.96,Secondary Exploration Zone
-82.2251,94.8208,1377.2,0.76,0.34,59.9,205.0,147.9,0,0.0,0.31,338.6,0.167,59.9,54.43,Spaceport / Landing Pad
-81.3791,-19.6121,1649.9,1.63,0.39,62.0,206.5,149.6,0,0.0,0.16,345.8,0.139,62.5,54.59,Spaceport / Landing Pad
-84.4353,157.3062,1588.8,0.5,0.31,62.0,206.5,149.6,0,0.0,0.25,345.0,0.142,61.9,55.04,Spaceport / Landing Pad
-84.5685,19.0577,-2060.8,6.59,0.71,0.0,67.8,61.6,1,0.254,1.48,290.6,0.362,0.0,32.36,Secondary Exploration Zone
-85.8739,127.6476,-977.6,4.83,0.67,0.0,74.6,51.8,1,0.355,2.04,292.0,0.356,0.0,37.24,Secondary Exploration Zone
-89.7048,-18.4349,319.4,21.14,1.61,40.3,190.3,132.3,0,0.0,0.3,291.4,0.359,49.7,20.01,Hazard / Exclusion Zone
-85.0309,95.3893,1107.5,1.31,0.19,57.2,202.9,145.7,0,0.0,0.34,330.4,0.201,57.3,53.5,Spaceport / Landing Pad
-80.6947,-13.3392,784.3,0.5,0.29,54.6,200.9,143.7,0,0.0,0.22,321.8,0.236,54.2,53.12,Spaceport / Landing Pad
-86.5049,145.8855,667.5,1.02,0.27,53.2,199.9,142.6,0,0.0,0.21,318.0,0.251,53.1,52.61,Spaceport / Landing Pad
-81.8572,154.9037,410.9,0.87,0.25,50.9,198.2,140.7,0,0.0,0.27,310.7,0.281,50.6,52.07,Spaceport / Landing Pad
-80.721,174.8056,1079.7,1.63,0.41,56.8,202.6,145.4,0,0.0,0.16,329.3,0.205,57.0,53.22,Spaceport / Landing Pad
-81.011,-15.0464,887.2,1.15,0.25,55.2,201.4,144.2,0,0.0,0.25,324.2,0.226,55.2,53.07,Spaceport / Landing Pad
-82.7348,-69.7024,1486.9,0.89,0.41,60.9,205.7,148.7,0,0.0,0.22,341.7,0.155,60.9,54.64,Spaceport / Landing Pad
-83.3984,46.1458,1203.8,1.94,0.52,57.8,203.3,146.2,0,0.0,0.23,332.7,0.192,58.2,53.29,Spaceport / Landing Pad
-84.6786,105.2551,2209.4,6.87,0.65,64.7,208.5,151.8,0,0.0,0.2,342.2,0.153,67.8,49.18,Secondary Exploration Zone
-80.0,-48.2519,940.8,1.28,0.27,55.6,201.7,144.5,0,0.0,0.11,325.6,0.22,55.7,53.12,Spaceport / Landing Pad
-81.1753,-10.3591,647.4,1.16,0.29,53.0,199.7,142.4,0,0.0,0.32,317.3,0.254,52.9,52.49,Spaceport / Landing Pad
-84.9405,127.5041,-2023.1,0.91,0.18,0.0,72.8,56.3,1,0.921,4.86,295.3,0.343,0.0,52.15,ISRU Cryogenic Mining Outpost
-84.0597,-81.8699,1073.1,1.02,0.43,57.0,202.7,145.6,0,0.0,0.19,329.7,0.204,57.0,53.59,Spaceport / Landing Pad
-82.597,-23.0089,1695.9,1.64,0.39,62.5,206.9,150.0,0,0.0,0.35,346.5,0.135,62.9,54.71,Spaceport / Landing Pad
-87.6497,96.8428,-997.9,11.1,0.98,0.0,57.7,52.1,1,0.409,2.26,286.9,0.377,0.0,24.98,ISRU Cryogenic Mining Outpost
-80.0,144.5742,1290.9,1.7,0.4,58.7,204.0,146.9,0,0.0,0.19,335.4,0.181,59.1,53.68,Spaceport / Landing Pad
-80.0,40.7636,1572.5,1.03,0.37,61.6,206.2,149.3,0,0.0,0.21,344.0,0.146,61.7,54.77,Spaceport / Landing Pad
-87.3434,18.4349,-1187.9,9.92,0.92,0.0,62.2,45.3,1,0.472,2.72,287.9,0.373,0.0,29.4,ISRU Cryogenic Mining Outpost
-86.1627,-94.1849,1702.4,0.5,0.3,63.1,207.3,150.5,0,0.0,0.12,347.5,0.132,63.0,55.34,Spaceport / Landing Pad
-81.2786,-5.5275,745.7,1.79,0.49,53.6,200.2,142.9,0,0.0,0.17,319.6,0.245,53.8,52.31,Spaceport / Landing Pad
-86.1992,65.3231,1071.9,5.07,0.64,55.0,201.3,144.0,0,0.0,0.33,326.3,0.217,57.0,49.15,Secondary Exploration Zone
-81.4196,157.6199,428.2,1.04,0.33,51.0,198.3,140.8,0,0.0,0.34,311.1,0.279,50.8,52.03,Spaceport / Landing Pad
-80.0,120.7932,1741.1,1.68,0.29,62.9,207.2,150.3,0,0.0,0.33,346.5,0.136,63.4,54.84,Spaceport / Landing Pad
-82.105,-155.556,430.1,0.5,0.2,51.3,198.5,141.0,0,0.0,0.07,311.6,0.277,50.8,52.27,Spaceport / Landing Pad
-83.372,179.1931,2166.2,1.54,0.42,66.9,210.2,153.5,0,0.0,0.06,346.6,0.135,67.4,56.42,Spaceport / Landing Pad
-80.0,-132.4266,1994.6,0.96,0.38,65.6,209.2,152.5,0,0.0,0.12,347.1,0.133,65.8,56.16,Spaceport / Landing Pad
-83.7453,-142.275,1240.6,2.06,0.43,58.0,203.5,146.4,0,0.0,0.26,333.6,0.188,58.6,53.28,Spaceport / Landing Pad
-82.668,68.334,1021.8,2.05,0.31,56.0,202.0,144.8,0,0.0,0.11,327.3,0.213,56.5,52.76,Spaceport / Landing Pad
-82.347,-59.9951,779.0,1.67,0.42,54.0,200.5,143.2,0,0.0,0.32,320.7,0.24,54.1,52.48,Spaceport / Landing Pad
-80.0,-62.7447,1448.6,2.21,0.31,59.9,204.9,147.9,0,0.0,0.17,339.5,0.164,60.6,53.64,Spaceport / Landing Pad
-81.7594,-99.7824,982.8,1.8,0.32,55.8,201.8,144.6,0,0.0,0.26,326.4,0.217,56.1,52.87,Spaceport / Landing Pad
-88.4104,93.3665,1566.9,0.5,0.25,61.8,206.4,149.5,0,0.0,0.23,344.3,0.144,61.7,54.99,Spaceport / Landing Pad
-85.1158,-116.0754,1678.0,0.76,0.33,62.7,207.0,150.2,0,0.0,0.25,347.3,0.133,62.8,55.16,Spaceport / Landing Pad
-81.0226,154.7672,315.3,1.08,0.24,49.9,197.5,139.9,0,0.0,0.24,307.8,0.292,49.7,51.74,Spaceport / Landing Pad
-84.9474,-115.1448,1756.9,0.81,0.4,63.4,207.6,150.7,0,0.0,0.35,347.2,0.133,63.5,55.41,Spaceport / Landing Pad
-83.446,100.6698,1289.9,0.5,0.14,59.3,204.4,147.4,0,0.0,0.19,336.3,0.177,59.0,54.33,Spaceport / Landing Pad
-80.5904,100.8641,773.7,0.5,0.31,54.5,200.8,143.6,0,0.0,0.08,321.5,0.237,54.1,53.09,Spaceport / Landing Pad
-82.6918,65.0715,1079.5,2.65,0.5,56.3,202.2,145.0,0,0.0,0.1,328.5,0.208,57.0,52.35,Spaceport / Landing Pad
-82.4249,-157.5431,505.2,1.76,0.39,51.4,198.5,141.1,0,0.0,0.31,312.7,0.273,51.5,51.75,Spaceport / Landing Pad
-87.803,167.7352,269.5,1.08,0.29,49.5,197.1,139.6,0,0.0,0.07,306.5,0.298,49.3,51.63,Spaceport / Landing Pad
-80.0,39.9759,782.4,0.5,0.17,54.5,200.9,143.6,0,0.0,0.15,321.7,0.236,54.2,53.11,Spaceport / Landing Pad
-80.9337,-87.0492,1741.4,0.5,0.18,63.4,207.6,150.7,0,0.0,0.28,347.5,0.132,63.4,55.48,Spaceport / Landing Pad
-80.9184,102.4649,861.4,0.56,0.31,55.2,201.4,144.2,0,0.0,0.28,323.9,0.227,54.9,53.28,Spaceport / Landing Pad
-80.9069,35.8112,1523.6,0.5,0.34,61.4,206.1,149.1,0,0.0,0.11,343.1,0.15,61.3,54.89,Spaceport / Landing Pad
-86.4456,-103.6713,1787.4,0.5,0.35,63.9,207.9,151.1,0,0.0,0.32,347.5,0.132,63.8,55.64,Spaceport / Landing Pad
-80.0,140.8395,1636.2,0.5,0.39,62.5,206.8,150.0,0,0.0,0.29,346.3,0.136,62.4,55.16,Spaceport / Landing Pad
-84.0304,63.0343,691.5,1.97,0.36,53.0,199.7,142.4,0,0.0,0.18,317.9,0.251,53.3,52.04,Spaceport / Landing Pad
-80.8305,-51.6135,1101.4,1.93,0.39,56.8,202.6,145.5,0,0.0,0.34,329.7,0.204,57.2,53.05,Spaceport / Landing Pad
-82.9244,-98.3439,1430.3,0.67,0.32,60.5,205.4,148.4,0,0.0,0.16,340.2,0.161,60.4,54.6,Spaceport / Landing Pad
-80.0,-64.1481,1717.3,1.59,0.38,62.7,207.0,150.2,0,0.0,0.33,346.6,0.135,63.1,54.82,Spaceport / Landing Pad
-81.2746,34.5401,1610.0,0.68,0.29,62.1,206.6,149.7,0,0.0,0.15,345.4,0.14,62.1,55.03,Spaceport / Landing Pad
-88.2045,-8.9726,2216.0,0.57,0.41,67.8,210.9,154.2,0,0.0,0.2,347.4,0.132,67.9,57.1,Spaceport / Landing Pad
-82.3516,23.7495,1977.7,0.5,0.39,65.6,209.2,152.5,0,0.0,0.06,347.5,0.132,65.6,56.3,Spaceport / Landing Pad
-85.268,-104.8586,1426.0,0.5,0.3,60.5,205.4,148.4,0,0.0,0.21,340.3,0.161,60.3,54.65,Spaceport / Landing Pad
-82.2745,-154.9831,365.5,1.31,0.2,50.3,197.7,140.2,0,0.0,0.06,309.0,0.287,50.2,51.72,Spaceport / Landing Pad
-80.9568,11.3099,1159.1,0.5,0.3,58.0,203.5,146.4,0,0.0,0.11,332.6,0.192,57.8,54.01,Spaceport / Landing Pad
-80.0,-57.8356,412.9,1.89,0.26,50.5,197.8,140.4,0,0.0,0.25,309.9,0.284,50.6,51.43,Spaceport / Landing Pad
-82.2745,28.1132,2142.6,0.5,0.3,67.2,210.4,153.7,0,0.0,0.29,347.5,0.132,67.2,56.87,Spaceport / Landing Pad
-83.6513,-131.4237,1613.9,2.14,0.4,61.5,206.1,149.2,0,0.0,0.09,344.3,0.144,62.1,54.11,Spaceport / Landing Pad
-85.9334,148.134,1008.9,2.23,0.55,55.8,201.9,144.7,0,0.0,0.27,326.8,0.215,56.4,52.58,Spaceport / Landing Pad
-82.2071,6.1886,684.2,2.42,0.5,52.7,199.5,142.2,0,0.0,0.05,317.3,0.254,53.2,51.63,Spaceport / Landing Pad
-82.9392,-24.1932,1461.3,0.86,0.33,60.7,205.5,148.5,0,0.0,0.31,341.0,0.158,60.7,54.59,Spaceport / Landing Pad
-85.4943,129.9575,-1706.2,2.73,0.48,0.0,71.3,56.2,1,0.646,3.54,293.8,0.349,0.0,45.51,ISRU Cryogenic Mining Outpost
-80.7888,160.4633,1033.7,2.2,0.55,56.1,202.0,144.8,0,0.0,0.11,327.6,0.212,56.6,52.66,Spaceport / Landing Pad
-81.3066,3.0775,1242.5,1.46,0.36,58.4,203.8,146.7,0,0.0,0.31,334.2,0.185,58.6,53.73,Spaceport / Landing Pad
-82.3927,83.6598,1019.4,0.5,0.19,56.7,202.6,145.4,0,0.0,0.11,328.5,0.208,56.5,53.68,Spaceport / Landing Pad
-82.8558,72.512,753.6,0.99,0.44,54.0,200.5,143.2,0,0.0,0.14,320.5,0.241,53.9,52.84,Spaceport / Landing Pad
-85.9334,99.2461,2197.1,2.42,0.43,66.7,210.1,153.4,0,0.0,0.1,345.9,0.138,67.7,55.81,Spaceport / Landing Pad
-80.0,-145.8855,572.0,0.5,0.43,52.6,199.4,142.1,0,0.0,0.23,315.7,0.261,52.2,52.61,Spaceport / Landing Pad
-82.6632,-126.7241,928.1,0.74,0.37,55.8,201.8,144.6,0,0.0,0.07,325.7,0.22,55.6,53.37,Spaceport / Landing Pad
-82.4249,157.5431,613.8,0.53,0.39,53.0,199.7,142.4,0,0.0,0.13,316.8,0.256,52.6,52.69,Spaceport / Landing Pad
-85.0873,141.1702,-90.5,7.92,0.83,42.9,192.2,134.3,0,0.0,0.09,290.5,0.363,45.8,40.84,Secondary Exploration Zone
-89.197,-54.4623,1389.8,2.27,0.37,59.3,204.5,147.5,0,0.0,0.17,337.8,0.171,60.0,53.45,Spaceport / Landing Pad
-81.6085,-64.29,1582.5,1.32,0.33,61.6,206.2,149.3,0,0.0,0.21,344.1,0.145,61.8,54.63,Spaceport / Landing Pad
-81.5053,77.9492,1849.2,1.96,0.53,63.7,207.8,151.0,0,0.0,0.32,346.3,0.137,64.4,55.0,Spaceport / Landing Pad
-84.6786,-164.7449,1365.7,1.82,0.41,59.3,204.5,147.5,0,0.0,0.05,337.4,0.172,59.8,53.77,Spaceport / Landing Pad
-86.5149,172.3039,1045.3,0.94,0.28,56.8,202.6,145.4,0,0.0,0.16,328.9,0.207,56.7,53.56,Spaceport / Landing Pad
-82.7685,-66.413,1210.2,2.16,0.39,57.7,203.3,146.2,0,0.0,0.13,332.7,0.192,58.3,53.12,Spaceport / Landing Pad
-82.8412,157.7824,823.4,1.22,0.25,54.6,200.9,143.7,0,0.0,0.16,322.3,0.234,54.6,52.87,Spaceport / Landing Pad
-81.5506,-73.9677,1739.0,1.13,0.23,63.1,207.3,150.5,0,0.0,0.34,347.0,0.134,63.3,55.19,Spaceport / Landing Pad
-85.4943,166.8274,1393.6,1.15,0.35,59.9,204.9,147.9,0,0.0,0.2,338.8,0.167,60.0,54.28,Spaceport / Landing Pad
-85.4405,22.8906,496.2,9.72,1.04,47.5,195.6,138.0,0,0.0,0.15,305.9,0.3,51.4,37.84,Secondary Exploration Zone
-81.646,-13.5704,862.8,2.02,0.29,54.6,200.9,143.6,0,0.0,0.18,322.8,0.232,55.0,52.41,Spaceport / Landing Pad
-82.7301,-74.3578,1479.0,1.1,0.43,60.7,205.5,148.6,0,0.0,0.09,341.3,0.157,60.9,54.51,Spaceport / Landing Pad
-88.0199,-45.0,1745.0,2.6,0.56,62.5,206.8,150.0,0,0.0,0.16,345.7,0.139,63.4,54.06,Spaceport / Landing Pad
-80.0,-142.0379,739.6,1.6,0.32,53.6,200.2,142.9,0,0.0,0.21,319.6,0.245,53.8,52.43,Spaceport / Landing Pad
-80.0,140.7106,1614.9,0.7,0.21,62.2,206.6,149.7,0,0.0,0.18,345.5,0.14,62.2,55.03,Spaceport / Landing Pad
-85.7573,-140.3558,989.2,1.12,0.41,56.2,202.1,144.9,0,0.0,0.16,327.2,0.214,56.2,53.33,Spaceport / Landing Pad
-80.0,43.741,561.3,1.16,0.24,52.2,199.1,141.7,0,0.0,0.12,314.8,0.264,52.1,52.28,Spaceport / Landing Pad
-81.0226,25.2328,1314.4,1.44,0.49,59.0,204.3,147.2,0,0.0,0.34,336.3,0.177,59.3,53.91,Spaceport / Landing Pad
-83.8013,71.5651,421.1,1.0,0.35,51.0,198.2,140.8,0,0.0,0.3,310.9,0.28,50.7,52.03,Spaceport / Landing Pad
-87.985,13.3925,1810.1,4.44,0.53,62.2,206.6,149.7,0,0.0,0.07,344.2,0.145,64.0,52.03,Secondary Exploration Zone
-81.0148,-55.1543,771.3,0.53,0.23,54.4,200.8,143.5,0,0.0,0.32,321.4,0.237,54.1,53.07,Spaceport / Landing Pad
-81.0927,84.5881,1400.3,1.83,0.42,59.6,204.7,147.7,0,0.0,0.14,338.4,0.168,60.1,53.84,Spaceport / Landing Pad
-81.6878,55.0607,1300.3,1.72,0.4,58.8,204.1,147.0,0,0.0,0.2,335.6,0.18,59.1,53.69,Spaceport / Landing Pad
-80.1702,-67.0872,1978.5,0.5,0.19,65.6,209.2,152.5,0,0.0,0.29,347.5,0.132,65.6,56.3,Spaceport / Landing Pad
-83.613,153.0605,1379.1,0.91,0.34,59.9,204.9,147.9,0,0.0,0.18,338.6,0.168,59.9,54.37,Spaceport / Landing Pad
-88.6218,28.3008,1286.9,13.03,1.22,53.2,199.9,142.6,0,0.0,0.27,325.9,0.219,59.0,29.84,Secondary Exploration Zone
-80.1879,-39.5962,1289.6,1.27,0.45,58.9,204.2,147.1,0,0.0,0.19,335.7,0.179,59.0,53.96,Spaceport / Landing Pad
-80.0,126.7733,2197.5,1.35,0.25,67.3,210.4,153.8,0,0.0,0.1,346.8,0.135,67.7,56.65,Spaceport / Landing Pad
-81.6085,-25.71,2048.5,0.5,0.17,66.3,209.7,153.0,0,0.0,0.15,347.5,0.132,66.3,56.55,Spaceport / Landing Pad
-87.478,-38.991,1919.4,1.49,0.24,64.6,208.5,151.7,0,0.0,0.12,346.7,0.135,65.1,55.59,Spaceport / Landing Pad
-81.9087,-39.3824,1822.7,0.52,0.18,64.2,208.1,151.3,0,0.0,0.14,347.5,0.132,64.1,55.76,Spaceport / Landing Pad
-81.3791,-70.3879,2003.7,0.56,0.4,65.8,209.4,152.7,0,0.0,0.21,347.4,0.132,65.9,56.37,Spaceport / Landing Pad
-80.0,-50.9743,501.2,1.85,0.52,51.3,198.5,141.0,0,0.0,0.14,312.5,0.273,51.5,51.68,Spaceport / Landing Pad
-80.0,-122.0619,1678.2,1.31,0.31,62.5,206.8,150.0,0,0.0,0.09,346.8,0.134,62.8,54.87,Spaceport / Landing Pad
-81.6043,-118.5596,860.4,1.38,0.48,54.8,201.1,143.9,0,0.0,0.09,323.2,0.23,54.9,52.86,Spaceport / Landing Pad
-88.6999,21.0375,2474.9,4.32,0.51,68.4,211.3,154.7,0,0.0,0.08,344.3,0.144,70.4,54.52,Secondary Exploration Zone
-85.4943,-39.9575,1380.4,0.5,0.26,60.1,205.1,148.1,0,0.0,0.08,338.9,0.166,59.9,54.54,Spaceport / Landing Pad
-82.4571,102.1443,1123.6,1.95,0.36,57.0,202.8,145.6,0,0.0,0.23,330.4,0.201,57.4,53.08,Spaceport / Landing Pad
-82.668,-31.4641,1395.7,0.78,0.23,60.1,205.1,148.1,0,0.0,0.31,339.2,0.165,60.1,54.47,Spaceport / Landing Pad
-83.7398,2.5638,-2572.4,5.76,0.8,0.0,71.0,44.8,1,0.237,1.33,291.3,0.359,0.0,33.45,Secondary Exploration Zone
-80.7473,-2.8913,1458.9,2.2,0.26,60.0,205.0,148.0,0,0.0,0.21,339.8,0.163,60.7,53.68,Spaceport / Landing Pad
-81.4807,-32.4712,1669.5,0.5,0.37,62.8,207.1,150.2,0,0.0,0.19,347.3,0.132,62.7,55.24,Spaceport / Landing Pad
-80.0,-147.5288,862.5,2.21,0.43,54.5,200.9,143.6,0,0.0,0.17,322.6,0.232,54.9,52.24,Spaceport / Landing Pad
-80.5904,100.8641,773.7,0.5,0.31,54.5,200.8,143.6,0,0.0,0.08,321.5,0.237,54.1,53.09,Spaceport / Landing Pad
-82.6206,87.8253,1262.8,0.65,0.29,58.9,204.2,147.1,0,0.0,0.18,335.4,0.18,58.8,54.21,Spaceport / Landing Pad
-80.0,-124.3803,1461.8,0.5,0.16,60.8,205.6,148.7,0,0.0,0.33,341.3,0.157,60.7,54.74,Spaceport / Landing Pad
-80.0,-32.7047,1488.3,0.78,0.32,61.0,205.7,148.8,0,0.0,0.1,341.8,0.155,60.9,54.69,Spaceport / Landing Pad
-80.6127,70.8444,1982.7,2.03,0.26,64.9,208.7,152.0,0,0.0,0.14,346.2,0.137,65.7,55.41,Spaceport / Landing Pad
-83.8126,-78.6901,1135.6,0.5,0.25,57.8,203.4,146.3,0,0.0,0.07,331.9,0.195,57.6,53.96,Spaceport / Landing Pad
-83.0788,10.0975,-202.8,15.46,1.2,38.2,188.7,130.6,0,0.0,0.29,283.3,0.392,44.7,19.24,Secondary Exploration Zone
-81.2866,-44.1319,1952.6,0.7,0.2,65.3,209.0,152.2,0,0.0,0.27,347.3,0.132,65.4,56.14,Spaceport / Landing Pad
-80.0,34.8753,1291.5,2.16,0.32,58.5,203.9,146.8,0,0.0,0.08,335.0,0.182,59.1,53.31,Spaceport / Landing Pad
-80.7586,-23.1986,1859.1,2.07,0.26,63.8,207.8,151.0,0,0.0,0.08,346.2,0.137,64.5,54.95,Spaceport / Landing Pad
-86.7854,-115.821,1682.3,0.73,0.27,62.8,207.1,150.2,0,0.0,0.08,347.3,0.132,62.8,55.18,Spaceport / Landing Pad
-81.0498,7.7921,1319.5,0.5,0.19,59.5,204.6,147.6,0,0.0,0.17,337.2,0.173,59.3,54.4,Spaceport / Landing Pad
-80.0,119.9315,1541.6,2.31,0.56,60.7,205.5,148.6,0,0.0,0.21,342.1,0.153,61.5,53.78,Spaceport / Landing Pad
-81.3791,109.6121,396.3,0.72,0.29,50.9,198.1,140.7,0,0.0,0.25,310.4,0.282,50.5,52.1,Spaceport / Landing Pad
-80.513,-76.9209,1594.0,0.5,0.23,62.1,206.6,149.7,0,0.0,0.15,345.1,0.141,62.0,55.06,Spaceport / Landing Pad
-80.0,131.4237,1336.9,1.94,0.4,59.0,204.2,147.2,0,0.0,0.3,336.5,0.176,59.5,53.6,Spaceport / Landing Pad
-80.0,126.573,2150.6,1.32,0.34,66.8,210.1,153.5,0,0.0,0.27,346.8,0.134,67.3,56.51,Spaceport / Landing Pad
-82.8949,99.8336,1341.3,1.42,0.3,59.3,204.5,147.4,0,0.0,0.27,337.1,0.174,59.5,53.99,Spaceport / Landing Pad
-82.0522,33.5034,2098.8,1.18,0.31,66.4,209.8,153.1,0,0.0,0.3,346.9,0.134,66.8,56.41,Spaceport / Landing Pad
-81.2706,-155.3532,966.7,0.7,0.39,56.2,202.1,144.9,0,0.0,0.18,326.9,0.215,55.9,53.48,Spaceport / Landing Pad
-82.8217,77.2288,803.3,0.87,0.25,54.6,200.9,143.7,0,0.0,0.25,322.0,0.235,54.4,53.01,Spaceport / Landing Pad
-88.5968,-176.1859,-2966.8,4.16,0.4,0.0,86.5,53.1,1,0.898,4.79,292.6,0.354,0.0,49.0,ISRU Cryogenic Mining Outpost
-80.0,-137.0953,1018.0,1.58,0.38,56.2,202.2,145.0,0,0.0,0.34,327.6,0.212,56.4,53.11,Spaceport / Landing Pad
-85.6278,73.8866,3849.5,14.46,1.13,76.3,217.2,161.0,0,0.0,0.11,336.0,0.178,83.5,33.42,Secondary Exploration Zone
-82.8412,140.2901,637.4,0.74,0.3,53.1,199.8,142.5,0,0.0,0.34,317.3,0.254,52.8,52.67,Spaceport / Landing Pad
-81.0732,173.3952,1536.5,1.97,0.45,60.8,205.6,148.7,0,0.0,0.21,342.2,0.153,61.4,54.06,Spaceport / Landing Pad
-83.2573,-111.9487,1949.5,0.96,0.31,65.1,208.9,152.1,0,0.0,0.15,347.1,0.133,65.4,56.01,Spaceport / Landing Pad
-82.9838,86.1859,1292.7,1.49,0.44,58.8,204.1,147.0,0,0.0,0.23,335.6,0.18,59.1,53.83,Spaceport / Landing Pad
-81.0576,-76.1088,1585.4,1.36,0.27,61.6,206.2,149.3,0,0.0,0.28,344.1,0.145,61.9,54.62,Spaceport / Landing Pad
-83.0336,-144.8193,418.4,0.84,0.18,51.0,198.3,140.8,0,0.0,0.17,310.9,0.28,50.7,52.1,Spaceport / Landing Pad
-85.166,79.992,2905.7,21.91,1.82,64.0,208.0,151.2,0,0.0,0.3,329.8,0.203,74.5,27.46,Hazard / Exclusion Zone
-82.1804,-156.8014,463.4,0.93,0.21,51.4,198.5,141.1,0,0.0,0.22,312.2,0.275,51.1,52.17,Spaceport / Landing Pad
-84.1127,-92.7263,920.7,0.92,0.31,55.6,201.7,144.5,0,0.0,0.07,325.4,0.221,55.5,53.27,Spaceport / Landing Pad
-86.9869,163.8108,661.1,1.74,0.26,52.8,199.6,142.3,0,0.0,0.24,317.2,0.254,53.0,52.14,Spaceport / Landing Pad
-84.0538,-47.5448,1142.6,2.1,0.27,57.1,202.8,145.7,0,0.0,0.24,330.8,0.199,57.6,53.01,Spaceport / Landing Pad
-81.692,89.3563,955.9,0.53,0.43,56.1,202.1,144.9,0,0.0,0.12,326.7,0.216,55.8,53.52,Spaceport / Landing Pad
-84.2687,83.4537,1337.4,0.59,0.24,59.6,204.7,147.7,0,0.0,0.31,337.6,0.172,59.5,54.41,Spaceport / Landing Pad
-83.3563,155.9558,1184.0,1.79,0.42,57.6,203.2,146.1,0,0.0,0.31,332.2,0.193,58.0,53.35,Spaceport / Landing Pad
-81.4399,71.5651,2123.8,1.34,0.4,66.6,209.9,153.3,0,0.0,0.11,346.8,0.134,67.0,56.4,Spaceport / Landing Pad
-82.2071,-145.7389,232.2,1.05,0.31,49.2,196.9,139.3,0,0.0,0.33,305.4,0.302,48.9,51.55,Spaceport / Landing Pad
-80.4726,48.9725,864.6,0.69,0.25,55.2,201.4,144.2,0,0.0,0.34,323.9,0.227,55.0,53.24,Spaceport / Landing Pad
-81.6794,-136.8183,851.6,1.24,0.29,54.8,201.1,143.9,0,0.0,0.08,323.1,0.23,54.8,52.93,Spaceport / Landing Pad
-82.9244,-126.4164,1132.6,1.73,0.47,57.2,202.9,145.8,0,0.0,0.15,330.8,0.199,57.5,53.28,Spaceport / Landing Pad
-86.1992,-114.6769,1559.6,0.5,0.21,61.8,206.3,149.4,0,0.0,0.17,344.1,0.145,61.6,54.97,Spaceport / Landing Pad
-82.1937,48.8785,1657.3,1.48,0.49,62.2,206.6,149.7,0,0.0,0.27,346.1,0.137,62.6,54.71,Spaceport / Landing Pad
-83.1802,-120.4258,1680.6,2.22,0.39,62.0,206.5,149.6,0,0.0,0.11,346.1,0.137,62.8,54.19,Spaceport / Landing Pad
-80.7473,149.0362,567.9,0.79,0.19,52.4,199.3,141.9,0,0.0,0.12,315.3,0.262,52.1,52.48,Spaceport / Landing Pad
-81.0032,149.444,536.6,0.5,0.18,52.3,199.2,141.8,0,0.0,0.07,314.6,0.265,51.8,52.52,Spaceport / Landing Pad
-84.845,47.9357,-2573.3,5.19,0.62,0.0,46.6,37.6,1,0.657,3.47,291.7,0.357,0.0,42.77,ISRU Cryogenic Mining Outpost
-85.6278,-73.8866,689.4,1.99,0.52,53.0,199.7,142.4,0,0.0,0.25,317.8,0.252,53.3,52.02,Spaceport / Landing Pad
-87.8838,-41.4237,1871.8,1.78,0.27,64.0,208.0,151.2,0,0.0,0.29,346.4,0.136,64.6,55.22,Spaceport / Landing Pad
-86.4456,-76.3287,815.7,1.34,0.43,54.5,200.8,143.6,0,0.0,0.12,322.0,0.235,54.5,52.78,Spaceport / Landing Pad
-86.7854,154.179,587.4,1.01,0.47,52.5,199.4,142.0,0,0.0,0.26,315.7,0.26,52.3,52.43,Spaceport / Landing Pad
-85.3798,-135.0,1383.3,1.16,0.28,59.8,204.9,147.8,0,0.0,0.15,338.5,0.168,59.9,54.25,Spaceport / Landing Pad
-82.959,14.5889,1908.2,3.66,0.59,63.5,207.6,150.8,0,0.0,0.31,344.9,0.142,65.0,53.44,Secondary Exploration Zone
-81.6878,12.3194,1366.1,0.62,0.43,59.9,204.9,147.9,0,0.0,0.2,338.4,0.168,59.8,54.46,Spaceport / Landing Pad
-87.0335,-155.8545,931.0,0.5,0.27,55.9,201.9,144.7,0,0.0,0.06,326.0,0.219,55.6,53.47,Spaceport / Landing Pad
-83.613,-63.0605,393.7,1.52,0.41,50.5,197.8,140.4,0,0.0,0.16,309.7,0.285,50.5,51.66,Spaceport / Landing Pad
-80.0,114.444,557.0,0.73,0.16,52.3,199.3,141.9,0,0.0,0.1,315.0,0.263,52.0,52.48,Spaceport / Landing Pad
-81.0226,-64.7672,1807.6,2.1,0.37,63.3,207.5,150.6,0,0.0,0.07,346.2,0.137,64.0,54.74,Spaceport / Landing Pad
-84.3793,-35.5377,1239.3,0.62,0.32,58.7,204.0,147.0,0,0.0,0.33,334.8,0.183,58.6,54.16,Spaceport / Landing Pad
-81.0927,-128.1909,1560.7,0.59,0.2,61.7,206.3,149.4,0,0.0,0.13,344.1,0.145,61.6,54.94,Spaceport / Landing Pad
-81.9433,79.992,1286.4,1.26,0.28,58.9,204.1,147.1,0,0.0,0.15,335.6,0.18,59.0,53.96,Spaceport / Landing Pad
-87.1169,60.9454,762.7,1.73,0.42,53.8,200.3,143.0,0,0.0,0.1,320.1,0.242,54.0,52.39,Spaceport / Landing Pad
-83.478,99.0579,1374.1,0.97,0.36,59.8,204.9,147.8,0,0.0,0.13,338.4,0.169,59.8,54.33,Spaceport / Landing Pad
-82.8217,-167.2288,1600.0,2.75,0.41,61.0,205.8,148.8,0,0.0,0.19,343.4,0.148,62.0,53.5,Spaceport / Landing Pad
-85.8319,-145.9541,808.8,0.62,0.43,54.7,201.0,143.8,0,0.0,0.09,322.4,0.233,54.4,53.13,Spaceport / Landing Pad
-85.0944,-21.1941,819.1,0.5,0.37,54.9,201.2,143.9,0,0.0,0.15,322.8,0.232,54.5,53.2,Spaceport / Landing Pad
-80.0,141.7536,1274.6,1.52,0.32,58.6,204.0,146.9,0,0.0,0.29,335.1,0.182,58.9,53.76,Spaceport / Landing Pad
-82.5501,164.7449,1080.8,1.85,0.47,56.7,202.5,145.3,0,0.0,0.1,329.2,0.206,57.0,53.07,Spaceport / Landing Pad
-81.8359,-120.9638,896.7,0.73,0.36,55.5,201.6,144.4,0,0.0,0.09,324.8,0.223,55.3,53.3,Spaceport / Landing Pad
-80.0,-45.6662,1085.2,0.5,0.21,57.4,203.0,145.9,0,0.0,0.32,330.4,0.201,57.1,53.84,Spaceport / Landing Pad
-80.0,-132.8524,1187.4,0.61,0.4,58.2,203.7,146.6,0,0.0,0.13,333.3,0.189,58.1,54.04,Spaceport / Landing Pad
-83.8635,-116.1753,2244.1,1.44,0.37,67.6,210.7,154.1,0,0.0,0.28,346.7,0.135,68.2,56.76,Spaceport / Landing Pad
-80.9453,-89.4093,1644.1,0.93,0.29,62.3,206.7,149.9,0,0.0,0.1,346.2,0.137,62.4,55.0,Spaceport / Landing Pad
-80.3925,-32.3004,1673.2,0.88,0.39,62.6,207.0,150.1,0,0.0,0.08,347.1,0.133,62.7,55.09,Spaceport / Landing Pad
-80.9337,61.06,1077.2,2.08,0.49,56.5,202.4,145.2,0,0.0,0.1,328.9,0.207,57.0,52.87,Spaceport / Landing Pad
-80.0,36.9643,1224.6,1.62,0.38,58.1,203.6,146.5,0,0.0,0.09,333.5,0.188,58.4,53.58,Spaceport / Landing Pad
-85.9852,-35.5377,1540.6,1.21,0.38,61.2,205.9,149.0,0,0.0,0.18,343.0,0.15,61.4,54.6,Spaceport / Landing Pad
-80.0,134.3338,1314.8,0.5,0.4,59.5,204.6,147.6,0,0.0,0.27,337.1,0.174,59.3,54.39,Spaceport / Landing Pad
-82.3334,42.0391,1988.5,0.64,0.3,65.7,209.2,152.5,0,0.0,0.07,347.4,0.132,65.7,56.29,Spaceport / Landing Pad
-80.0,120.4397,1626.1,2.32,0.53,61.5,206.1,149.2,0,0.0,0.34,344.5,0.144,62.3,53.98,Spaceport / Landing Pad
-83.6954,-64.5731,469.6,1.94,0.29,51.0,198.2,140.8,0,0.0,0.31,311.5,0.277,51.2,51.53,Spaceport / Landing Pad
-87.7872,117.646,1368.2,3.69,0.65,58.4,203.8,146.8,0,0.0,0.22,336.0,0.178,59.8,51.85,Secondary Exploration Zone
-84.4291,58.707,-1988.8,5.88,0.74,0.0,73.0,68.6,1,0.197,1.33,291.2,0.36,0.0,32.46,Secondary Exploration Zone
-87.7559,-135.0,1233.1,1.79,0.25,58.1,203.6,146.5,0,0.0,0.11,333.6,0.188,58.5,53.47,Spaceport / Landing Pad
-83.712,95.9645,1484.5,0.65,0.2,61.0,205.7,148.8,0,0.0,0.33,341.8,0.155,60.9,54.74,Spaceport / Landing Pad
-81.8529,-175.3999,1525.1,1.81,0.3,60.8,205.6,148.6,0,0.0,0.27,342.0,0.154,61.3,54.16,Spaceport / Landing Pad
-88.6734,129.2894,858.4,1.52,0.38,54.8,201.1,143.8,0,0.0,0.11,323.1,0.231,54.9,52.77,Spaceport / Landing Pad
-80.0,-112.4965,1157.0,1.09,0.43,57.7,203.3,146.2,0,0.0,0.12,332.0,0.194,57.8,53.75,Spaceport / Landing Pad
-80.3419,-124.7652,1763.8,0.5,0.32,63.6,207.7,150.9,0,0.0,0.2,347.5,0.132,63.6,55.56,Spaceport / Landing Pad
-81.2387,104.1843,804.4,0.5,0.25,54.8,201.1,143.8,0,0.0,0.2,322.3,0.233,54.4,53.16,Spaceport / Landing Pad
-82.2745,-25.0169,1812.8,0.97,0.41,63.9,207.9,151.1,0,0.0,0.09,347.1,0.133,64.0,55.53,Spaceport / Landing Pad
-81.0576,-166.1088,1260.6,1.19,0.35,58.7,204.0,146.9,0,0.0,0.23,334.9,0.182,58.8,53.94,Spaceport / Landing Pad
-84.2627,21.9745,-728.1,9.46,0.99,36.2,187.2,129.0,0,0.0,0.07,288.2,0.372,39.7,34.93,Secondary Exploration Zone
-84.473,-85.156,1115.5,0.5,0.32,57.6,203.2,146.1,0,0.0,0.25,331.3,0.197,57.4,53.91,Spaceport / Landing Pad
-85.4176,176.4965,1030.6,0.61,0.36,56.8,202.6,145.4,0,0.0,0.29,328.8,0.207,56.6,53.67,Spaceport / Landing Pad
-82.0215,-61.336,1024.9,2.13,0.38,56.0,202.0,144.8,0,0.0,0.24,327.4,0.213,56.5,52.7,Spaceport / Landing Pad
-80.4726,-131.0275,1535.4,1.81,0.31,60.9,205.7,148.7,0,0.0,0.27,342.3,0.152,61.4,54.19,Spaceport / Landing Pad
-81.1398,-138.4166,1067.6,0.71,0.15,57.1,202.8,145.7,0,0.0,0.06,329.8,0.203,56.9,53.71,Spaceport / Landing Pad
-84.7778,155.7256,1604.3,0.9,0.38,62.0,206.5,149.6,0,0.0,0.32,345.1,0.141,62.1,54.92,Spaceport / Landing Pad
-82.5548,-172.0731,1856.6,1.75,0.44,63.9,207.9,151.1,0,0.0,0.34,346.5,0.136,64.5,55.2,Spaceport / Landing Pad
-86.0907,-56.6894,473.2,1.72,0.33,51.1,198.3,140.9,0,0.0,0.17,311.8,0.276,51.2,51.71,Spaceport / Landing Pad
-83.7733,113.8753,1664.9,8.87,0.95,58.7,204.0,147.0,0,0.0,0.32,340.3,0.161,62.6,42.79,Secondary Exploration Zone
-87.9338,-161.5651,731.6,0.5,0.37,54.1,200.6,143.3,0,0.0,0.19,320.3,0.242,53.7,52.99,Spaceport / Landing Pad
-82.1094,152.5256,618.9,0.88,0.38,52.8,199.6,142.3,0,0.0,0.11,316.7,0.256,52.6,52.56,Spaceport / Landing Pad
-82.5782,-39.8978,1822.1,0.64,0.43,64.1,208.1,151.3,0,0.0,0.22,347.4,0.132,64.1,55.71,Spaceport / Landing Pad
-88.783,32.4712,1864.7,11.22,1.17,59.4,204.6,147.5,0,0.0,0.06,338.6,0.167,64.5,37.11,Secondary Exploration Zone
-81.0732,83.3952,1581.3,2.55,0.31,61.0,205.7,148.8,0,0.0,0.27,343.0,0.15,61.8,53.65,Spaceport / Landing Pad
-84.9681,-40.486,1333.9,0.5,0.21,59.7,204.7,147.7,0,0.0,0.19,337.6,0.172,59.5,54.43,Spaceport / Landing Pad
-81.5547,-20.0372,1754.5,1.8,0.39,62.9,207.2,150.3,0,0.0,0.16,346.4,0.136,63.5,54.8,Spaceport / Landing Pad
-81.0498,82.2079,1762.9,2.43,0.28,62.7,207.0,150.2,0,0.0,0.09,345.9,0.138,63.6,54.29,Spaceport / Landing Pad
-87.4505,66.2505,920.1,5.11,0.47,53.6,200.2,142.9,0,0.0,0.28,321.9,0.235,55.5,48.73,Secondary Exploration Zone
-85.7737,173.6598,1152.1,1.07,0.38,57.7,203.3,146.2,0,0.0,0.15,331.9,0.195,57.7,53.75,Spaceport / Landing Pad
-86.264,-167.0054,670.9,0.76,0.18,53.4,200.0,142.7,0,0.0,0.14,318.3,0.25,53.1,52.75,Spaceport / Landing Pad
-84.3607,118.6861,-610.8,4.03,0.39,0.0,60.5,59.1,1,0.469,2.55,292.7,0.353,0.0,40.59,ISRU Cryogenic Mining Outpost
-80.0,-34.1145,1329.6,1.18,0.32,59.3,204.5,147.4,0,0.0,0.06,336.9,0.174,59.4,54.11,Spaceport / Landing Pad
-84.2809,-116.1468,2185.5,0.92,0.38,67.4,210.5,153.9,0,0.0,0.06,347.1,0.133,67.6,56.85,Spaceport / Landing Pad
-83.446,10.6698,-1918.0,7.87,0.88,26.0,179.5,120.8,0,0.0,0.1,289.5,0.366,28.3,34.63,Secondary Exploration Zone
-83.8521,59.9314,806.6,3.4,0.46,53.4,200.0,142.7,0,0.0,0.07,320.0,0.243,54.4,50.87,Spaceport / Landing Pad
-84.4291,-81.3268,1146.8,0.5,0.24,57.9,203.4,146.3,0,0.0,0.24,332.2,0.193,57.7,53.98,Spaceport / Landing Pad
-86.5451,-128.4181,1298.8,1.05,0.45,59.1,204.3,147.3,0,0.0,0.32,336.1,0.178,59.1,54.11,Spaceport / Landing Pad
-80.0,-38.5892,812.1,0.75,0.33,54.7,201.0,143.8,0,0.0,0.1,322.4,0.233,54.5,53.08,Spaceport / Landing Pad
-83.9263,-133.7546,1751.9,2.02,0.48,62.8,207.1,150.2,0,0.0,0.32,346.2,0.137,63.5,54.62,Spaceport / Landing Pad
-81.5795,35.9807,1750.1,1.03,0.45,63.3,207.4,150.6,0,0.0,0.2,347.0,0.133,63.4,55.28,Spaceport / Landing Pad
-81.0148,124.8457,1628.7,0.5,0.32,62.4,206.8,149.9,0,0.0,0.12,346.1,0.137,62.3,55.14,Spaceport / Landing Pad
-83.3249,20.4623,2033.4,5.31,0.51,63.8,207.9,151.1,0,0.0,0.33,343.5,0.148,66.2,51.46,Secondary Exploration Zone
-87.5198,-19.7989,2109.2,0.58,0.32,66.8,210.1,153.4,0,0.0,0.12,347.4,0.132,66.9,56.73,Spaceport / Landing Pad
-83.9955,-101.6593,1421.5,1.55,0.44,60.0,205.0,148.0,0,0.0,0.27,339.3,0.165,60.3,54.1,Spaceport / Landing Pad
-82.2745,-115.0169,893.9,1.55,0.29,55.1,201.3,144.1,0,0.0,0.12,324.1,0.226,55.2,52.83,Spaceport / Landing Pad
-80.0,-57.5288,316.6,1.64,0.33,49.7,197.3,139.7,0,0.0,0.15,307.3,0.294,49.7,51.39,Spaceport / Landing Pad
-82.4387,151.2202,846.0,1.52,0.43,54.6,201.0,143.7,0,0.0,0.06,322.7,0.232,54.8,52.74,Spaceport / Landing Pad
-82.0917,-11.5752,710.9,1.92,0.32,53.2,199.9,142.6,0,0.0,0.33,318.5,0.249,53.5,52.12,Spaceport / Landing Pad
-80.0,48.5763,1120.9,0.84,0.21,57.5,203.1,146.0,0,0.0,0.09,331.2,0.198,57.4,53.79,Spaceport / Landing Pad
-85.9765,3.9909,-271.7,7.27,0.82,41.5,191.1,133.2,0,0.0,0.19,290.0,0.364,44.1,41.66,Secondary Exploration Zone
-88.0376,-25.3462,2226.1,0.73,0.39,67.8,210.9,154.3,0,0.0,0.05,347.3,0.132,68.0,57.08,Spaceport / Landing Pad
-84.2687,6.5463,-3772.3,1.06,0.18,0.0,50.9,67.9,1,0.84,4.62,295.1,0.344,0.0,50.49,ISRU Cryogenic Mining Outpost
-80.4216,127.875,1516.5,1.7,0.29,60.8,205.6,148.6,0,0.0,0.21,341.9,0.154,61.2,54.22,Spaceport / Landing Pad
-81.4155,-136.7624,1032.2,0.5,0.16,56.9,202.6,145.5,0,0.0,0.06,328.9,0.207,56.6,53.71,Spaceport / Landing Pad
-84.0891,-68.7026,641.1,1.8,0.51,52.6,199.5,142.1,0,0.0,0.18,316.6,0.257,52.8,52.05,Spaceport / Landing Pad
-80.0,-128.2464,1517.7,0.87,0.29,61.2,205.9,148.9,0,0.0,0.15,342.6,0.151,61.2,54.72,Spaceport / Landing Pad
-81.3186,-73.1237,1825.4,0.94,0.3,64.0,208.0,151.2,0,0.0,0.26,347.1,0.133,64.2,55.59,Spaceport / Landing Pad
-83.6294,-129.0531,1722.1,2.37,0.32,62.4,206.8,149.9,0,0.0,0.15,345.9,0.138,63.2,54.2,Spaceport / Landing Pad
-80.5166,118.8355,1162.7,2.14,0.33,57.3,203.0,145.8,0,0.0,0.15,331.3,0.197,57.8,53.02,Spaceport / Landing Pad
-80.7511,-132.546,1472.4,0.5,0.42,60.9,205.7,148.8,0,0.0,0.26,341.6,0.155,60.8,54.76,Spaceport / Landing Pad
-85.5724,-71.5651,515.7,1.5,0.37,51.6,198.7,141.3,0,0.0,0.1,313.2,0.27,51.6,51.96,Spaceport / Landing Pad
-80.0995,118.7398,1179.5,1.72,0.37,57.6,203.2,146.1,0,0.0,0.28,332.2,0.194,58.0,53.4,Spaceport / Landing Pad
-82.1537,-122.3666,874.3,0.5,0.35,55.4,201.5,144.3,0,0.0,0.33,324.4,0.225,55.1,53.33,Spaceport / Landing Pad
-82.7109,9.5829,1111.8,4.43,0.45,55.7,201.8,144.6,0,0.0,0.19,328.0,0.211,57.3,50.23,Secondary Exploration Zone
-85.604,93.6522,1604.2,18.19,1.6,53.7,200.3,142.9,0,0.0,0.15,330.8,0.199,62.0,23.38,Secondary Exploration Zone
-81.8787,-37.5284,1698.5,0.8,0.18,62.9,207.2,150.3,0,0.0,0.11,347.2,0.133,63.0,55.21,Spaceport / Landing Pad
-80.8916,135.0,555.6,0.73,0.43,52.3,199.3,141.9,0,0.0,0.35,315.0,0.263,52.0,52.48,Spaceport / Landing Pad
-80.0,139.4556,1240.4,0.84,0.17,58.6,204.0,146.9,0,0.0,0.32,334.6,0.184,58.6,54.07,Spaceport / Landing Pad
-80.0,148.3602,871.2,0.66,0.33,55.3,201.5,144.2,0,0.0,0.2,324.1,0.226,55.0,53.26,Spaceport / Landing Pad
-80.0,-48.1798,967.2,0.8,0.16,56.1,202.1,144.9,0,0.0,0.34,326.8,0.215,56.0,53.43,Spaceport / Landing Pad
-82.9392,-114.1932,1619.9,1.91,0.46,61.6,206.2,149.3,0,0.0,0.06,344.7,0.143,62.2,54.31,Spaceport / Landing Pad
-81.0498,97.7921,842.2,1.14,0.2,54.8,201.1,143.8,0,0.0,0.29,322.9,0.231,54.8,52.96,Spaceport / Landing Pad
-80.0,-41.3322,1154.5,0.86,0.46,57.8,203.4,146.3,0,0.0,0.17,332.1,0.194,57.7,53.86,Spaceport / Landing Pad
-80.7964,-126.7537,1707.4,0.78,0.24,63.0,207.2,150.4,0,0.0,0.1,347.3,0.133,63.0,55.25,Spaceport / Landing Pad
-87.803,102.2648,-132.3,18.49,1.42,37.4,188.1,129.9,0,0.0,0.31,280.8,0.402,45.4,19.18,Secondary Exploration Zone
-80.0819,-125.0362,1698.9,0.72,0.27,62.9,207.2,150.3,0,0.0,0.29,347.3,0.132,63.0,55.25,Spaceport / Landing Pad
-80.0,49.1347,931.4,1.01,0.39,55.7,201.8,144.5,0,0.0,0.13,325.6,0.22,55.6,53.25,Spaceport / Landing Pad
-81.132,0.6031,1287.1,1.23,0.28,58.9,204.2,147.1,0,0.0,0.23,335.7,0.18,59.0,53.98,Spaceport / Landing Pad
-87.5767,-74.3578,814.1,0.5,0.21,54.8,201.1,143.9,0,0.0,0.26,322.6,0.232,54.5,53.19,Spaceport / Landing Pad
-85.3949,-72.2996,585.7,2.23,0.42,51.9,198.9,141.5,0,0.0,0.22,314.6,0.265,52.3,51.56,Spaceport / Landing Pad
-80.0189,65.1126,1043.0,0.76,0.41,56.8,202.6,145.5,0,0.0,0.22,329.0,0.206,56.7,53.63,Spaceport / Landing Pad
-82.0259,64.3348,1666.4,0.94,0.33,62.5,206.9,150.0,0,0.0,0.23,346.8,0.134,62.6,55.05,Spaceport / Landing Pad
-84.8247,7.2532,-3478.9,1.78,0.43,0.0,40.7,53.1,1,0.933,4.95,294.6,0.346,0.0,51.98,ISRU Cryogenic Mining Outpost
-80.0,29.0546,1638.5,0.5,0.4,62.5,206.9,150.0,0,0.0,0.2,346.4,0.136,62.4,55.16,Spaceport / Landing Pad
-83.1091,171.4309,1675.9,2.0,0.27,62.1,206.6,149.7,0,0.0,0.3,346.2,0.137,62.7,54.37,Spaceport / Landing Pad
-80.0119,-52.5946,653.7,1.79,0.46,52.7,199.6,142.2,0,0.0,0.18,316.9,0.255,52.9,52.08,Spaceport / Landing Pad
-80.0,141.4188,1469.1,0.5,0.19,60.9,205.7,148.7,0,0.0,0.34,341.5,0.156,60.8,54.76,Spaceport / Landing Pad
-84.7446,33.4078,882.7,1.04,0.18,55.2,201.4,144.2,0,0.0,0.14,324.2,0.226,55.1,53.11,Spaceport / Landing Pad
-81.2866,-135.8681,1148.4,1.27,0.44,57.6,203.2,146.1,0,0.0,0.14,331.6,0.196,57.7,53.63,Spaceport / Landing Pad
-83.5048,97.4314,1456.3,0.53,0.16,60.8,205.6,148.6,0,0.0,0.08,341.1,0.157,60.6,54.72,Spaceport / Landing Pad
-84.3237,-45.0,1267.3,1.51,0.38,58.6,203.9,146.8,0,0.0,0.19,334.9,0.183,58.8,53.76,Spaceport / Landing Pad
-80.0,-34.6337,1213.2,1.45,0.5,58.1,203.6,146.5,0,0.0,0.14,333.4,0.189,58.3,53.67,Spaceport / Landing Pad
-83.6623,80.6764,1069.0,1.87,0.3,56.5,202.4,145.2,0,0.0,0.29,328.8,0.207,56.9,53.02,Spaceport / Landing Pad
-83.5263,65.2826,281.1,0.5,0.43,49.9,197.4,139.9,0,0.0,0.16,307.3,0.294,49.4,51.91,Spaceport / Landing Pad
-80.4946,-162.2768,1544.7,0.68,0.17,61.5,206.1,149.2,0,0.0,0.07,343.5,0.148,61.5,54.87,Spaceport / Landing Pad
-86.907,95.1944,801.8,25.43,1.88,43.0,192.2,134.4,0,0.0,0.24,301.7,0.317,54.4,20.8,Hazard / Exclusion Zone
-83.1395,104.9816,1061.6,0.56,0.19,57.1,202.8,145.7,0,0.0,0.14,329.7,0.204,56.9,53.76,Spaceport / Landing Pad
-81.5258,-116.8473,770.2,1.13,0.25,54.1,200.6,143.3,0,0.0,0.32,320.8,0.24,54.1,52.8,Spaceport / Landing Pad
-86.4851,-169.2869,775.1,0.51,0.36,54.5,200.9,143.6,0,0.0,0.34,321.5,0.237,54.1,53.09,Spaceport / Landing Pad
-83.4834,-128.0189,1627.4,1.46,0.36,61.9,206.4,149.5,0,0.0,0.2,345.3,0.141,62.3,54.65,Spaceport / Landing Pad
-83.1956,26.9166,1653.1,2.32,0.27,61.7,206.3,149.4,0,0.0,0.09,345.3,0.14,62.5,54.04,Spaceport / Landing Pad
-84.9474,11.7251,-3134.4,3.64,0.44,0.0,104.6,61.1,1,0.825,4.46,293.0,0.352,0.0,48.16,ISRU Cryogenic Mining Outpost
-85.5098,110.6955,600.7,5.64,0.73,50.4,197.8,140.3,0,0.0,0.14,312.2,0.274,52.4,47.07,Secondary Exploration Zone
-80.1702,67.0872,1271.0,1.46,0.48,58.6,204.0,146.9,0,0.0,0.34,335.0,0.182,58.9,53.8,Spaceport / Landing Pad
-81.4196,-120.75,1113.2,1.56,0.4,57.1,202.8,145.7,0,0.0,0.23,330.4,0.201,57.3,53.35,Spaceport / Landing Pad
-85.8654,118.3008,-150.9,5.01,0.57,0.0,79.8,67.9,1,0.192,1.08,291.9,0.357,0.0,33.72,Secondary Exploration Zone
-81.0654,32.1957,1542.5,0.5,0.31,61.6,206.2,149.3,0,0.0,0.34,343.6,0.147,61.5,54.93,Spaceport / Landing Pad
-87.5767,-164.3578,846.9,0.5,0.15,55.1,201.4,144.1,0,0.0,0.08,323.6,0.228,54.8,53.26,Spaceport / Landing Pad
-80.0,54.0085,890.4,0.5,0.25,55.5,201.7,144.4,0,0.0,0.21,324.8,0.223,55.2,53.37,Spaceport / Landing Pad
-80.0,-46.3804,1147.9,0.7,0.45,57.8,203.4,146.3,0,0.0,0.33,332.1,0.194,57.7,53.91,Spaceport / Landing Pad
-80.513,113.7908,412.3,1.61,0.43,50.6,197.9,140.5,0,0.0,0.21,310.1,0.283,50.6,51.64,Spaceport / Landing Pad
-80.0,40.5444,1691.6,0.5,0.43,63.0,207.2,150.4,0,0.0,0.08,347.5,0.132,62.9,55.31,Spaceport / Landing Pad
-84.2263,-55.5392,261.9,1.5,0.24,49.2,196.9,139.4,0,0.0,0.06,305.9,0.3,49.2,51.36,Spaceport / Landing Pad
-80.0,136.828,1436.3,1.34,0.35,60.2,205.2,148.2,0,0.0,0.19,339.9,0.162,60.4,54.27,Spaceport / Landing Pad
-84.982,9.6375,-3208.7,3.52,0.36,0.0,91.0,60.5,1,0.873,4.66,293.1,0.352,0.0,49.26,ISRU Cryogenic Mining Outpost
-80.0,-140.3767,1191.8,1.61,0.46,57.8,203.4,146.2,0,0.0,0.11,332.6,0.192,58.1,53.51,Spaceport / Landing Pad
-87.4642,-6.3402,1847.2,0.65,0.26,64.3,208.3,151.5,0,0.0,0.32,347.4,0.132,64.4,55.79,Spaceport / Landing Pad
-82.0522,-77.1063,1396.4,1.47,0.29,59.8,204.8,147.8,0,0.0,0.22,338.6,0.168,60.1,54.1,Spaceport / Landing Pad
-87.069,99.1623,-1055.3,10.95,0.91,0.0,43.0,46.0,1,0.416,2.39,287.0,0.376,0.0,25.54,ISRU Cryogenic Mining Outpost
-80.6275,-45.0,1754.1,1.08,0.23,63.3,207.5,150.6,0,0.0,0.24,347.0,0.134,63.5,55.27,Spaceport / Landing Pad
-85.9592,173.3675,1154.5,1.03,0.2,57.7,203.3,146.2,0,0.0,0.25,332.0,0.194,57.7,53.77,Spaceport / Landing Pad
-84.9199,159.5672,1594.5,0.5,0.24,62.1,206.6,149.7,0,0.0,0.07,345.1,0.141,62.0,55.06,Spaceport / Landing Pad
-83.0037,76.8908,735.0,0.75,0.44,54.0,200.5,143.2,0,0.0,0.14,320.1,0.242,53.7,52.9,Spaceport / Landing Pad
-83.4354,-29.8459,1100.8,0.5,0.28,57.5,203.1,146.0,0,0.0,0.28,330.9,0.199,57.2,53.87,Spaceport / Landing Pad
-83.2264,-11.9293,1097.6,1.47,0.49,57.0,202.8,145.6,0,0.0,0.28,330.0,0.202,57.2,53.38,Spaceport / Landing Pad
-80.6053,154.708,417.5,1.27,0.2,50.8,198.1,140.6,0,0.0,0.29,310.6,0.281,50.7,51.87,Spaceport / Landing Pad
-85.0379,163.6105,1507.9,0.5,0.2,61.3,206.0,149.0,0,0.0,0.21,342.6,0.151,61.1,54.85,Spaceport / Landing Pad
-80.0,51.1155,779.7,0.65,0.18,54.5,200.8,143.6,0,0.0,0.34,321.5,0.237,54.2,53.05,Spaceport / Landing Pad
-83.5533,-124.3803,1887.5,2.11,0.37,64.0,208.0,151.2,0,0.0,0.2,346.2,0.137,64.8,55.01,Spaceport / Landing Pad
-86.2733,67.9321,778.0,0.52,0.36,54.5,200.9,143.6,0,0.0,0.26,321.6,0.237,54.1,53.09,Spaceport / Landing Pad
-80.0,133.0475,1351.2,0.74,0.34,59.7,204.8,147.8,0,0.0,0.23,337.9,0.17,59.6,54.38,Spaceport / Landing Pad
-80.4726,-48.9725,1387.7,1.09,0.35,59.9,204.9,147.9,0,0.0,0.06,338.7,0.167,60.0,54.3,Spaceport / Landing Pad
-85.5332,169.1597,1317.7,1.21,0.35,59.2,204.4,147.3,0,0.0,0.1,336.6,0.176,59.3,54.07,Spaceport / Landing Pad
-82.2071,6.1886,684.2,2.42,0.5,52.7,199.5,142.2,0,0.0,0.05,317.3,0.254,53.2,51.63,Spaceport / Landing Pad
-82.597,23.0089,1874.0,1.84,0.27,64.0,208.0,151.2,0,0.0,0.14,346.4,0.136,64.6,55.18,Spaceport / Landing Pad
-81.4889,-68.782,2001.6,0.5,0.25,65.9,209.4,152.7,0,0.0,0.33,347.5,0.132,65.9,56.38,Spaceport / Landing Pad
-85.3497,128.4802,-1869.6,2.25,0.42,0.0,63.1,62.3,1,0.792,4.31,294.2,0.347,0.0,48.82,ISRU Cryogenic Mining Outpost
-85.0379,16.3895,-2251.4,5.34,0.55,0.0,81.7,38.2,1,0.499,2.86,291.6,0.358,0.0,39.37,ISRU Cryogenic Mining Outpost
-87.478,-92.1211,1228.1,1.42,0.42,58.2,203.7,146.6,0,0.0,0.11,333.8,0.187,58.4,53.72,Spaceport / Landing Pad
-82.5081,149.2811,938.7,0.94,0.44,55.8,201.8,144.6,0,0.0,0.2,325.9,0.219,55.7,53.3,Spaceport / Landing Pad
-82.1893,-165.4655,1003.3,0.97,0.42,56.4,202.3,145.1,0,0.0,0.18,327.7,0.212,56.3,53.44,Spaceport / Landing Pad
-86.2733,67.9321,778.0,0.52,0.36,54.5,200.9,143.6,0,0.0,0.26,321.6,0.237,54.1,53.09,Spaceport / Landing Pad
-82.6253,0.7252,92.9,1.23,0.37,47.8,195.9,138.2,0,0.0,0.33,301.2,0.319,47.6,51.12,Spaceport / Landing Pad
-83.5533,55.6197,641.6,2.73,0.39,52.2,199.1,141.7,0,0.0,0.17,315.8,0.26,52.8,51.22,Spaceport / Landing Pad
-86.7854,64.179,717.7,1.13,0.23,53.6,200.2,142.9,0,0.0,0.29,319.3,0.246,53.6,52.67,Spaceport / Landing Pad
-80.0,-123.8351,1603.0,0.76,0.44,62.0,206.5,149.6,0,0.0,0.3,345.2,0.141,62.0,54.98,Spaceport / Landing Pad
-80.8763,-76.3903,1580.8,0.5,0.38,61.9,206.5,149.6,0,0.0,0.19,344.7,0.143,61.8,55.02,Spaceport / Landing Pad
-80.0,-139.548,1519.0,1.2,0.23,61.0,205.8,148.8,0,0.0,0.33,342.4,0.152,61.2,54.56,Spaceport / Landing Pad
-83.9263,136.2454,180.1,12.09,0.98,43.4,192.6,134.7,0,0.0,0.2,294.8,0.345,48.4,30.24,Secondary Exploration Zone
-80.0,-131.236,1347.6,0.93,0.23,59.6,204.7,147.7,0,0.0,0.15,337.6,0.171,59.6,54.29,Spaceport / Landing Pad
-80.7586,-90.5787,1526.2,0.71,0.37,61.3,206.0,149.1,0,0.0,0.21,343.0,0.15,61.3,54.82,Spaceport / Landing Pad
-82.3425,134.0122,518.8,1.53,0.36,51.6,198.7,141.3,0,0.0,0.26,313.3,0.27,51.7,51.95,Spaceport / Landing Pad
-80.6462,-143.9306,836.6,0.94,0.4,54.8,201.1,143.9,0,0.0,0.19,322.9,0.231,54.7,53.06,Spaceport / Landing Pad
-81.1753,-113.0394,563.7,2.01,0.27,51.8,198.8,141.4,0,0.0,0.1,314.2,0.267,52.1,51.69,Spaceport / Landing Pad
-82.2071,-55.7389,778.6,0.5,0.4,54.5,200.9,143.6,0,0.0,0.18,321.6,0.236,54.1,53.1,Spaceport / Landing Pad
-80.7964,143.2463,937.2,0.7,0.3,55.9,201.9,144.7,0,0.0,0.32,326.0,0.219,55.7,53.41,Spaceport / Landing Pad
-84.1187,54.0395,-1426.1,9.15,0.78,29.9,182.4,123.9,0,0.0,0.1,288.5,0.37,33.0,33.3,Secondary Exploration Zone
-80.0854,131.9471,1036.9,1.37,0.25,56.5,202.4,145.2,0,0.0,0.13,328.3,0.209,56.6,53.29,Spaceport / Landing Pad
-81.1202,-146.1429,836.8,0.5,0.34,55.1,201.3,144.0,0,0.0,0.21,323.3,0.23,54.7,53.24,Spaceport / Landing Pad
-80.0,145.1247,1217.8,1.31,0.29,58.2,203.6,146.6,0,0.0,0.05,333.6,0.188,58.3,53.77,Spaceport / Landing Pad
-80.0,-47.1476,1215.6,1.19,0.24,58.2,203.7,146.6,0,0.0,0.25,333.6,0.188,58.3,53.83,Spaceport / Landing Pad
-87.2915,88.0251,2016.8,7.51,0.79,62.6,207.0,150.1,0,0.0,0.25,341.7,0.155,66.0,47.16,Secondary Exploration Zone
-80.0,36.142,1853.2,0.5,0.42,64.5,208.4,151.6,0,0.0,0.25,347.5,0.132,64.4,55.87,Spaceport / Landing Pad
-84.7446,70.2777,814.1,2.08,0.47,54.1,200.6,143.3,0,0.0,0.22,321.3,0.238,54.5,52.24,Spaceport / Landing Pad
-86.6998,81.8699,1586.9,9.44,1.04,57.7,203.3,146.2,0,0.0,0.2,337.5,0.172,61.9,41.18,Secondary Exploration Zone
-83.7065,144.6599,1099.3,1.26,0.41,57.1,202.8,145.7,0,0.0,0.16,330.2,0.202,57.2,53.51,Spaceport / Landing Pad
-88.8721,-114.444,638.1,0.67,0.27,53.1,199.8,142.5,0,0.0,0.23,317.4,0.253,52.8,52.7,Spaceport / Landing Pad
-84.3299,-110.2249,1898.2,0.86,0.41,64.7,208.5,151.8,0,0.0,0.11,347.2,0.133,64.9,55.88,Spaceport / Landing Pad
-83.8465,67.7144,245.1,0.5,0.42,49.6,197.2,139.7,0,0.0,0.06,306.2,0.299,49.0,51.82,Spaceport / Landing Pad
-87.2786,174.0939,671.4,1.31,0.26,53.1,199.8,142.5,0,0.0,0.29,317.8,0.252,53.1,52.45,Spaceport / Landing Pad
-83.1395,123.9063,2574.4,6.41,0.75,68.3,211.2,154.7,0,0.0,0.22,342.6,0.151,71.3,51.35,Secondary Exploration Zone
-82.4571,-49.0142,1539.9,2.37,0.5,60.7,205.5,148.5,0,0.0,0.14,342.0,0.154,61.4,53.73,Spaceport / Landing Pad
-83.1802,-59.5742,422.4,0.5,0.32,51.2,198.4,141.0,0,0.0,0.25,311.3,0.278,50.7,52.25,Spaceport / Landing Pad
-83.7789,-62.2815,271.9,0.95,0.37,49.6,197.2,139.7,0,0.0,0.28,306.6,0.297,49.3,51.7,Spaceport / Landing Pad
-80.0819,144.9638,1060.4,1.11,0.43,56.8,202.6,145.5,0,0.0,0.1,329.2,0.206,56.8,53.51,Spaceport / Landing Pad
-81.4033,-138.5215,952.6,0.97,0.29,55.9,201.9,144.7,0,0.0,0.26,326.2,0.218,55.8,53.32,Spaceport / Landing Pad
-82.8558,61.0908,1017.2,2.75,0.44,55.6,201.7,144.5,0,0.0,0.07,326.6,0.216,56.4,52.1,Spaceport / Landing Pad
-84.3607,-155.556,1569.9,0.5,0.21,61.8,206.4,149.5,0,0.0,0.14,344.4,0.144,61.7,55.0,Spaceport / Landing Pad
-82.4433,115.6155,1213.5,2.61,0.43,57.5,203.1,146.0,0,0.0,0.1,332.4,0.193,58.3,52.71,Spaceport / Landing Pad
-85.6119,51.9112,-1900.5,6.17,0.64,0.0,59.8,69.4,1,0.57,3.01,290.9,0.361,0.0,39.43,ISRU Cryogenic Mining Outpost
-82.9838,-40.684,1774.6,0.88,0.4,63.6,207.7,150.9,0,0.0,0.14,347.2,0.133,63.7,55.44,Spaceport / Landing Pad
-82.6206,2.1747,183.6,3.04,0.52,47.8,195.8,138.2,0,0.0,0.25,302.4,0.314,48.4,49.79,Spaceport / Landing Pad
-83.3353,142.9696,912.7,0.79,0.34,55.6,201.7,144.5,0,0.0,0.31,325.2,0.222,55.4,53.31,Spaceport / Landing Pad
-84.7049,-49.2892,816.3,2.26,0.34,54.0,200.5,143.2,0,0.0,0.11,321.2,0.238,54.5,52.09,Spaceport / Landing Pad
-80.2306,134.2258,815.4,0.69,0.37,54.8,201.1,143.8,0,0.0,0.25,322.5,0.233,54.5,53.12,Spaceport / Landing Pad
-80.9761,-50.8774,1255.7,1.96,0.4,58.2,203.7,146.6,0,0.0,0.33,334.1,0.186,58.7,53.39,Spaceport / Landing Pad
-85.0099,7.5238,-3183.5,4.54,0.67,0.0,83.9,43.1,1,0.878,4.86,292.3,0.355,0.0,48.1,ISRU Cryogenic Mining Outpost
-80.5498,159.7751,1075.3,1.17,0.19,56.9,202.7,145.6,0,0.0,0.1,329.6,0.204,57.0,53.51,Spaceport / Landing Pad
-80.4361,-161.2114,1522.5,0.5,0.35,61.4,206.1,149.1,0,0.0,0.09,343.0,0.15,61.3,54.88,Spaceport / Landing Pad
-82.1537,-147.6334,244.5,0.99,0.17,49.3,197.0,139.5,0,0.0,0.15,305.8,0.3,49.0,51.61,Spaceport / Landing Pad
-82.0522,33.5034,2098.8,1.18,0.31,66.4,209.8,153.1,0,0.0,0.3,346.9,0.134,66.8,56.41,Spaceport / Landing Pad
-80.9453,179.4093,1003.7,1.45,0.37,56.1,202.1,144.9,0,0.0,0.14,327.3,0.213,56.3,53.16,Spaceport / Landing Pad
-87.0929,42.3974,1496.9,5.49,0.64,58.8,204.1,147.0,0,0.0,0.31,338.2,0.169,61.0,49.48,Secondary Exploration Zone
-86.0376,133.0908,-452.2,5.91,0.53,40.5,190.4,132.4,0,0.0,0.28,291.2,0.36,42.4,43.72,Secondary Exploration Zone
-80.0,50.2624,957.9,0.83,0.34,56.0,202.0,144.8,0,0.0,0.27,326.5,0.217,55.9,53.4,Spaceport / Landing Pad
-82.252,90.6903,1245.9,1.3,0.37,58.5,203.8,146.8,0,0.0,0.09,334.4,0.185,58.6,53.84,Spaceport / Landing Pad
-80.0434,128.9115,1505.0,2.55,0.5,60.3,205.2,148.2,0,0.0,0.18,340.8,0.159,61.1,53.47,Spaceport / Landing Pad
-83.8465,99.6052,1312.7,0.5,0.36,59.5,204.6,147.6,0,0.0,0.24,337.0,0.174,59.3,54.38,Spaceport / Landing Pad
-86.0288,-113.5523,1537.3,0.7,0.31,61.5,206.1,149.2,0,0.0,0.13,343.3,0.149,61.4,54.85,Spaceport / Landing Pad
-84.8585,105.8025,2597.3,4.41,0.51,69.5,212.1,155.6,0,0.0,0.11,344.3,0.145,71.6,54.82,Secondary Exploration Zone
-85.7737,149.4703,1080.1,1.6,0.47,56.8,202.6,145.4,0,0.0,0.15,329.4,0.205,57.0,53.25,Spaceport / Landing Pad
-80.8916,-45.0,1844.4,0.78,0.3,64.3,208.2,151.4,0,0.0,0.09,347.2,0.133,64.3,55.73,Spaceport / Landing Pad
-80.706,33.5305,1555.1,0.5,0.27,61.7,206.3,149.4,0,0.0,0.25,344.0,0.146,61.6,54.96,Spaceport / Landing Pad
-85.2459,-43.4089,1239.5,1.23,0.3,58.4,203.8,146.7,0,0.0,0.34,334.3,0.185,58.6,53.87,Spaceport / Landing Pad
-81.5795,58.6005,1356.2,1.24,0.33,59.5,204.6,147.6,0,0.0,0.15,337.6,0.172,59.7,54.14,Spaceport / Landing Pad
-81.0576,126.5111,1485.5,1.93,0.27,60.4,205.3,148.3,0,0.0,0.35,340.8,0.159,60.9,53.97,Spaceport / Landing Pad
-86.4851,-100.7131,1791.2,0.5,0.25,63.9,207.9,151.1,0,0.0,0.32,347.5,0.132,63.8,55.65,Spaceport / Landing Pad
-83.9955,-78.3407,1136.6,0.71,0.3,57.7,203.3,146.2,0,0.0,0.08,331.8,0.195,57.6,53.88,Spaceport / Landing Pad
-80.6797,-172.5191,1139.3,0.75,0.38,57.7,203.3,146.2,0,0.0,0.14,331.8,0.195,57.6,53.87,Spaceport / Landing Pad
-83.4089,167.7352,1245.8,0.88,0.32,58.7,204.0,146.9,0,0.0,0.08,334.8,0.183,58.6,54.07,Spaceport / Landing Pad
-80.6797,-29.389,1964.6,0.85,0.41,65.3,209.0,152.3,0,0.0,0.1,347.2,0.133,65.5,56.12,Spaceport / Landing Pad
-85.7164,11.3099,-1113.1,6.84,0.68,0.0,41.5,58.0,1,0.216,1.32,290.4,0.363,0.0,31.13,Secondary Exploration Zone
-83.6623,-46.1935,1408.1,1.54,0.37,59.8,204.9,147.9,0,0.0,0.09,338.9,0.166,60.2,54.07,Spaceport / Landing Pad
-81.493,93.145,926.0,1.4,0.48,55.4,201.6,144.4,0,0.0,0.28,325.1,0.222,55.6,53.01,Spaceport / Landing Pad
-82.5688,-147.308,173.1,0.5,0.35,48.9,196.7,139.1,0,0.0,0.09,304.2,0.307,48.3,51.65,Spaceport / Landing Pad
-80.7473,-59.0362,901.0,0.93,0.39,55.4,201.6,144.3,0,0.0,0.19,324.8,0.224,55.3,53.21,Spaceport / Landing Pad
-81.0732,-6.6048,863.5,2.34,0.56,54.4,200.8,143.5,0,0.0,0.27,322.5,0.233,55.0,52.13,Spaceport / Landing Pad
-87.2531,-170.2176,862.8,0.84,0.39,55.1,201.3,144.1,0,0.0,0.11,323.8,0.228,55.0,53.17,Spaceport / Landing Pad
-81.5547,-110.0372,365.7,1.3,0.3,50.3,197.7,140.2,0,0.0,0.33,309.0,0.287,50.2,51.73,Spaceport / Landing Pad
-81.5012,-141.2419,780.6,1.51,0.47,54.0,200.5,143.2,0,0.0,0.08,320.8,0.24,54.2,52.59,Spaceport / Landing Pad
-81.5795,-58.6005,866.7,0.88,0.32,55.1,201.4,144.1,0,0.0,0.27,323.8,0.227,55.0,53.16,Spaceport / Landing Pad
-80.7737,115.7873,638.1,0.91,0.34,53.0,199.8,142.4,0,0.0,0.15,317.2,0.254,52.8,52.6,Spaceport / Landing Pad
-80.7285,73.0245,2240.3,1.08,0.18,67.8,210.8,154.2,0,0.0,0.25,347.0,0.134,68.1,56.96,Spaceport / Landing Pad
-80.0,125.1939,2249.9,0.66,0.21,68.1,211.1,154.5,0,0.0,0.22,347.3,0.132,68.2,57.19,Spaceport / Landing Pad
-86.3015,100.1755,1643.7,20.34,1.75,53.0,199.8,142.4,0,0.0,0.32,330.2,0.202,62.4,23.26,Hazard / Exclusion Zone
-80.0,43.172,714.4,1.6,0.41,53.4,200.0,142.7,0,0.0,0.25,318.9,0.248,53.5,52.37,Spaceport / Landing Pad
-86.5149,20.3764,2661.2,8.33,0.97,68.2,211.2,154.6,0,0.0,0.12,341.0,0.158,72.2,47.56,Secondary Exploration Zone
-82.8217,-102.7712,1596.7,0.72,0.22,62.0,206.5,149.6,0,0.0,0.1,345.0,0.142,62.0,54.98,Spaceport / Landing Pad
-87.2153,-129.5597,1442.4,0.55,0.2,60.6,205.5,148.5,0,0.0,0.34,340.7,0.159,60.5,54.67,Spaceport / Landing Pad
-81.493,3.145,1098.6,1.65,0.32,56.9,202.7,145.5,0,0.0,0.31,329.9,0.203,57.2,53.25,Spaceport / Landing Pad
-88.4104,93.3665,1566.9,0.5,0.25,61.8,206.4,149.5,0,0.0,0.23,344.3,0.144,61.7,54.99,Spaceport / Landing Pad
-84.6852,-120.6186,2060.4,1.16,0.24,66.1,209.6,152.9,0,0.0,0.07,346.9,0.134,66.4,56.29,Spaceport / Landing Pad
-80.0,49.4556,1045.0,0.8,0.25,56.8,202.6,145.5,0,0.0,0.17,329.0,0.206,56.7,53.62,Spaceport / Landing Pad
-83.0336,107.9494,997.3,1.05,0.38,56.3,202.2,145.0,0,0.0,0.21,327.5,0.213,56.2,53.39,Spaceport / Landing Pad
-82.5782,-6.4993,279.7,0.93,0.46,49.7,197.3,139.7,0,0.0,0.35,306.9,0.296,49.4,51.73,Spaceport / Landing Pad
-80.0,135.0,1258.3,0.96,0.18,58.7,204.1,147.0,0,0.0,0.2,335.0,0.182,58.7,54.06,Spaceport / Landing Pad
-84.0188,157.0362,1477.7,1.3,0.47,60.6,205.5,148.5,0,0.0,0.09,341.1,0.158,60.8,54.39,Spaceport / Landing Pad
-84.0891,-74.4275,1051.0,1.4,0.3,56.6,202.5,145.3,0,0.0,0.07,328.7,0.208,56.8,53.31,Spaceport / Landing Pad
-81.5919,67.1355,1904.4,0.5,0.43,64.9,208.7,152.0,0,0.0,0.33,347.5,0.132,64.9,56.05,Spaceport / Landing Pad
-84.492,-89.029,1058.6,1.21,0.24,56.8,202.6,145.4,0,0.0,0.29,329.1,0.206,56.8,53.44,Spaceport / Landing Pad
-81.9476,-34.6111,1582.9,0.5,0.36,62.0,206.5,149.6,0,0.0,0.09,344.8,0.143,61.8,55.03,Spaceport / Landing Pad
-82.597,138.0665,493.0,0.5,0.26,51.9,198.9,141.5,0,0.0,0.25,313.4,0.27,51.4,52.42,Spaceport / Landing Pad
-80.0,-133.8188,1636.6,2.34,0.29,61.6,206.2,149.3,0,0.0,0.18,344.8,0.142,62.4,53.98,Spaceport / Landing Pad
-87.8511,124.3803,1107.9,1.43,0.26,57.1,202.8,145.7,0,0.0,0.23,330.3,0.201,57.3,53.43,Spaceport / Landing Pad
-85.8068,-106.8214,1564.9,0.5,0.37,61.8,206.4,149.4,0,0.0,0.22,344.3,0.145,61.7,54.99,Spaceport / Landing Pad
-81.4685,-36.9953,1627.2,0.88,0.34,62.2,206.6,149.8,0,0.0,0.23,345.7,0.139,62.3,54.98,Spaceport / Landing Pad
-82.2745,-64.9831,1354.4,1.6,0.27,59.3,204.5,147.5,0,0.0,0.19,337.3,0.173,59.7,53.9,Spaceport / Landing Pad
-83.3984,-46.1458,1517.3,1.63,0.43,60.8,205.6,148.7,0,0.0,0.19,342.0,0.154,61.2,54.27,Spaceport / Landing Pad
-82.3516,113.7495,948.6,1.07,0.39,55.8,201.9,144.6,0,0.0,0.25,326.0,0.219,55.8,53.26,Spaceport / Landing Pad
-81.9476,-124.6111,940.7,0.5,0.43,56.0,202.0,144.8,0,0.0,0.12,326.3,0.218,55.7,53.49,Spaceport / Landing Pad
-87.2028,154.29,371.6,1.72,0.35,50.2,197.6,140.1,0,0.0,0.17,308.9,0.288,50.2,51.46,Spaceport / Landing Pad
-81.2706,-114.6468,681.8,1.51,0.22,53.1,199.8,142.5,0,0.0,0.28,318.0,0.251,53.2,52.36,Spaceport / Landing Pad
-83.0286,116.222,1650.8,3.34,0.48,61.2,205.9,149.0,0,0.0,0.23,344.4,0.144,62.5,52.96,Spaceport / Landing Pad
-82.0917,-149.5002,282.7,0.81,0.22,49.8,197.3,139.8,0,0.0,0.18,307.1,0.295,49.4,51.79,Spaceport / Landing Pad
-82.0609,2.0214,482.9,2.21,0.54,50.9,198.2,140.8,0,0.0,0.17,311.7,0.277,51.3,51.33,Spaceport / Landing Pad
-82.0303,-71.5651,1815.8,1.02,0.21,63.9,207.9,151.1,0,0.0,0.34,347.0,0.133,64.1,55.51,Spaceport / Landing Pad
-80.3491,48.1364,957.0,1.7,0.39,55.6,201.7,144.5,0,0.0,0.05,325.8,0.22,55.9,52.88,Spaceport / Landing Pad
-80.0,31.5043,1779.7,1.01,0.35,63.5,207.7,150.8,0,0.0,0.25,347.1,0.133,63.7,55.39,Spaceport / Landing Pad
-84.6983,-63.8861,86.5,1.13,0.26,47.8,195.8,138.2,0,0.0,0.18,301.1,0.319,47.5,51.16,Spaceport / Landing Pad
-82.5221,-24.3256,1703.6,0.81,0.41,62.9,207.2,150.4,0,0.0,0.23,347.2,0.133,63.0,55.22,Spaceport / Landing Pad
-83.4994,32.0926,1479.3,1.51,0.33,60.5,205.4,148.4,0,0.0,0.12,341.0,0.158,60.9,54.27,Spaceport / Landing Pad
-80.0,-28.2288,1838.2,0.66,0.19,64.3,208.2,151.4,0,0.0,0.27,347.3,0.132,64.3,55.76,Spaceport / Landing Pad
-80.4361,-155.1858,1188.9,0.5,0.37,58.3,203.7,146.7,0,0.0,0.32,333.4,0.189,58.1,54.08,Spaceport / Landing Pad
-80.736,-130.9144,1569.7,0.75,0.43,61.7,206.3,149.4,0,0.0,0.34,344.2,0.145,61.7,54.9,Spaceport / Landing Pad
-80.5166,-118.8355,1546.1,0.5,0.31,61.6,206.2,149.3,0,0.0,0.08,343.7,0.147,61.5,54.94,Spaceport / Landing Pad
-84.3299,57.0948,-2004.1,6.57,0.64,0.0,75.1,69.9,1,0.19,1.13,290.6,0.362,0.0,31.11,Secondary Exploration Zone
-80.0,-57.2953,373.1,1.41,0.46,50.3,197.7,140.3,0,0.0,0.15,309.2,0.287,50.3,51.68,Spaceport / Landing Pad
-84.7645,11.3099,-3451.9,3.03,0.51,0.0,104.1,62.3,1,0.88,4.87,293.5,0.35,0.0,49.92,ISRU Cryogenic Mining Outpost
-83.613,-153.0605,1179.6,1.73,0.48,57.6,203.2,146.1,0,0.0,0.3,332.1,0.194,58.0,53.39,Spaceport / Landing Pad
-84.6071,-156.541,1467.9,1.21,0.23,60.6,205.4,148.4,0,0.0,0.28,340.9,0.158,60.7,54.43,Spaceport / Landing Pad
-81.9303,-131.2483,883.8,1.23,0.28,55.1,201.4,144.1,0,0.0,0.1,324.0,0.227,55.2,53.01,Spaceport / Landing Pad
-83.9435,151.46,1469.1,0.54,0.34,60.9,205.7,148.7,0,0.0,0.12,341.5,0.156,60.8,54.74,Spaceport / Landing Pad
-81.2866,-44.1319,1952.6,0.7,0.2,65.3,209.0,152.2,0,0.0,0.27,347.3,0.132,65.4,56.14,Spaceport / Landing Pad
-80.0,40.6568,1676.1,0.9,0.33,62.6,207.0,150.1,0,0.0,0.17,347.1,0.133,62.7,55.09,Spaceport / Landing Pad
-80.0,-55.9111,104.5,0.5,0.18,48.3,196.2,138.6,0,0.0,0.22,302.2,0.315,47.7,51.49,Spaceport / Landing Pad
-87.8349,7.4314,2201.0,4.74,0.63,65.7,209.2,152.5,0,0.0,0.2,344.0,0.146,67.8,52.94,Secondary Exploration Zone
-82.4019,127.0107,1393.7,1.61,0.49,59.7,204.8,147.7,0,0.0,0.14,338.4,0.168,60.0,53.99,Spaceport / Landing Pad
-80.0,47.7591,1000.4,1.63,0.49,56.0,202.0,144.8,0,0.0,0.11,327.1,0.214,56.3,53.03,Spaceport / Landing Pad
-80.469,-14.1723,806.2,0.5,0.19,54.8,201.1,143.8,0,0.0,0.15,322.4,0.233,54.4,53.17,Spaceport / Landing Pad
-86.9296,-109.5367,1763.8,0.58,0.24,63.6,207.7,150.9,0,0.0,0.15,347.4,0.132,63.6,55.53,Spaceport / Landing Pad
-85.2313,49.7636,-2635.2,4.04,0.5,0.0,74.1,47.8,1,0.817,4.42,292.7,0.353,0.0,47.53,ISRU Cryogenic Mining Outpost
-88.1661,-75.2564,894.2,0.83,0.25,55.4,201.6,144.3,0,0.0,0.15,324.7,0.224,55.3,53.25,Spaceport / Landing Pad
-87.9507,-59.9314,1163.7,1.91,0.46,57.4,203.1,145.9,0,0.0,0.23,331.5,0.196,57.8,53.22,Spaceport / Landing Pad
-89.34,45.0,1817.5,1.08,0.19,63.9,207.9,151.1,0,0.0,0.1,347.0,0.134,64.1,55.49,Spaceport / Landing Pad
-85.1086,-131.9059,1673.5,1.76,0.31,62.2,206.7,149.8,0,0.0,0.11,346.4,0.136,62.7,54.55,Spaceport / Landing Pad
-87.6497,6.8428,1150.1,15.74,1.27,50.6,198.0,140.5,0,0.0,0.34,319.8,0.244,57.7,22.54,Secondary Exploration Zone
-80.6238,-9.7436,988.4,1.82,0.32,55.8,201.9,144.7,0,0.0,0.29,326.6,0.216,56.2,52.86,Spaceport / Landing Pad
-87.2786,-59.0362,939.9,2.56,0.48,55.0,201.3,144.0,0,0.0,0.21,324.6,0.224,55.7,52.11,Spaceport / Landing Pad
-81.1398,163.4742,1298.0,1.02,0.38,59.1,204.3,147.3,0,0.0,0.33,336.1,0.178,59.1,54.12,Spaceport / Landing Pad
-81.4399,117.9622,1097.8,2.08,0.4,56.7,202.5,145.4,0,0.0,0.23,329.5,0.204,57.2,52.91,Spaceport / Landing Pad
-87.6946,-68.6294,865.2,0.7,0.4,55.2,201.4,144.2,0,0.0,0.19,323.9,0.227,55.0,53.23,Spaceport / Landing Pad
-80.4143,67.6806,1474.2,1.09,0.48,60.7,205.5,148.5,0,0.0,0.33,341.2,0.157,60.8,54.51,Spaceport / Landing Pad
-86.0818,77.6192,2763.4,10.05,0.95,68.3,211.2,154.7,0,0.0,0.3,339.6,0.163,73.1,43.57,Secondary Exploration Zone
-83.9781,18.9967,-1366.1,9.13,0.79,30.5,182.9,124.4,0,0.0,0.17,288.5,0.37,33.6,33.56,Secondary Exploration Zone
-86.4851,100.7131,1441.0,8.28,0.88,56.9,202.7,145.5,0,0.0,0.28,334.3,0.185,60.5,43.69,Secondary Exploration Zone
-84.562,-140.5722,1729.8,1.17,0.25,63.0,207.3,150.4,0,0.0,0.23,346.9,0.134,63.3,55.13,Spaceport / Landing Pad
-86.264,102.9946,1561.2,2.21,0.37,60.9,205.7,148.8,0,0.0,0.08,342.7,0.151,61.6,53.92,Spaceport / Landing Pad
-83.1547,174.5226,1960.8,1.89,0.28,64.8,208.6,151.8,0,0.0,0.12,346.3,0.136,65.5,55.44,Spaceport / Landing Pad
-84.0715,123.4399,-633.2,5.32,0.73,0.0,93.9,42.7,1,0.407,2.22,291.6,0.358,0.0,37.57,ISRU Cryogenic Mining Outpost
-80.535,-143.0171,817.4,0.79,0.31,54.7,201.0,143.8,0,0.0,0.17,322.5,0.233,54.5,53.08,Spaceport / Landing Pad
-83.6239,72.0956,432.3,0.68,0.16,51.2,198.4,141.0,0,0.0,0.31,311.5,0.277,50.8,52.21,Spaceport / Landing Pad
-80.2413,68.0968,1419.1,1.53,0.42,60.0,205.0,148.0,0,0.0,0.11,339.2,0.165,60.3,54.1,Spaceport / Landing Pad
-81.8359,-120.9638,896.7,0.73,0.36,55.5,201.6,144.4,0,0.0,0.09,324.8,0.223,55.3,53.3,Spaceport / Landing Pad
-80.0,146.7386,951.8,1.54,0.33,55.6,201.7,144.5,0,0.0,0.07,325.7,0.22,55.8,52.98,Spaceport / Landing Pad
-86.368,-64.0935,387.5,1.26,0.23,50.5,197.9,140.4,0,0.0,0.09,309.7,0.285,50.4,51.81,Spaceport / Landing Pad
-81.0226,-8.9726,760.6,1.43,0.41,53.9,200.4,143.1,0,0.0,0.28,320.3,0.242,54.0,52.6,Spaceport / Landing Pad
-80.0749,-121.1486,1690.0,0.5,0.19,63.0,207.2,150.4,0,0.0,0.24,347.5,0.132,62.9,55.3,Spaceport / Landing Pad
-83.6623,136.1935,1921.0,5.19,0.61,62.9,207.1,150.3,0,0.0,0.12,343.6,0.147,65.1,51.26,Secondary Exploration Zone
-80.0,124.6952,2086.7,0.6,0.26,66.6,209.9,153.3,0,0.0,0.15,347.4,0.132,66.7,56.64,Spaceport / Landing Pad
-82.812,-90.7441,977.0,0.74,0.3,56.2,202.2,145.0,0,0.0,0.22,327.1,0.214,56.0,53.48,Spaceport / Landing Pad
-82.7781,-165.7841,1419.0,1.75,0.5,59.8,204.9,147.9,0,0.0,0.21,339.0,0.166,60.3,53.95,Spaceport / Landing Pad
-85.9852,91.3322,3409.3,7.06,0.87,75.8,216.8,160.6,0,0.0,0.19,342.1,0.154,79.3,52.97,Secondary Exploration Zone
-80.0,142.0379,1491.2,0.5,0.17,61.1,205.8,148.9,0,0.0,0.21,342.1,0.153,61.0,54.81,Spaceport / Landing Pad
-85.9852,107.5924,2849.5,2.51,0.31,72.7,214.6,158.2,0,0.0,0.17,345.8,0.138,74.0,57.99,Spaceport / Landing Pad
-86.0818,77.6192,2763.4,10.05,0.95,68.3,211.2,154.7,0,0.0,0.3,339.6,0.163,73.1,43.57,Secondary Exploration Zone
-80.1879,-124.1436,1740.9,0.5,0.22,63.4,207.6,150.7,0,0.0,0.27,347.5,0.132,63.4,55.48,Spaceport / Landing Pad
-80.0,-45.6511,1065.9,0.5,0.23,57.2,202.9,145.7,0,0.0,0.11,329.9,0.203,56.9,53.79,Spaceport / Landing Pad
-87.8674,-156.8014,845.3,1.56,0.35,54.6,201.0,143.7,0,0.0,0.27,322.7,0.232,54.8,52.71,Spaceport / Landing Pad
-80.0,-131.5107,1363.4,1.02,0.43,59.7,204.8,147.7,0,0.0,0.13,338.0,0.17,59.7,54.28,Spaceport / Landing Pad
-80.7135,129.2894,1195.3,2.11,0.43,57.6,203.2,146.1,0,0.0,0.1,332.3,0.193,58.1,53.12,Spaceport / Landing Pad
-80.0,124.1145,2128.4,1.14,0.43,66.7,210.0,153.4,0,0.0,0.17,347.0,0.134,67.1,56.54,Spaceport / Landing Pad
-81.3548,37.9835,1568.2,1.44,0.32,61.4,206.0,149.1,0,0.0,0.07,343.6,0.147,61.7,54.52,Spaceport / Landing Pad
-82.8704,133.9391,676.1,1.48,0.21,53.1,199.8,142.5,0,0.0,0.24,317.8,0.252,53.2,52.36,Spaceport / Landing Pad
-80.0,-137.4628,1704.6,1.79,0.43,62.5,206.9,150.0,0,0.0,0.18,346.4,0.136,63.0,54.64,Spaceport / Landing Pad
-81.3791,70.3879,2108.4,0.5,0.43,66.8,210.1,153.5,0,0.0,0.09,347.5,0.132,66.9,56.75,Spaceport / Landing Pad
-82.9244,-126.4164,1132.6,1.73,0.47,57.2,202.9,145.8,0,0.0,0.15,330.8,0.199,57.5,53.28,Spaceport / Landing Pad
-81.3226,101.7934,959.2,0.79,0.33,56.0,202.0,144.8,0,0.0,0.15,326.6,0.216,55.9,53.42,Spaceport / Landing Pad
-81.7298,-163.6105,896.7,1.31,0.25,55.2,201.4,144.2,0,0.0,0.33,324.3,0.225,55.3,52.99,Spaceport / Landing Pad
-86.3489,-57.5288,549.6,1.21,0.26,52.0,199.0,141.6,0,0.0,0.08,314.4,0.265,52.0,52.23,Spaceport / Landing Pad
-82.5782,50.1022,1639.1,0.87,0.45,62.3,206.7,149.8,0,0.0,0.27,346.1,0.137,62.4,55.01,Spaceport / Landing Pad
-81.3548,37.9835,1568.2,1.44,0.32,61.4,206.0,149.1,0,0.0,0.07,343.6,0.147,61.7,54.52,Spaceport / Landing Pad
-83.7733,-40.1355,1531.5,0.5,0.36,61.5,206.1,149.2,0,0.0,0.33,343.3,0.149,61.4,54.91,Spaceport / Landing Pad
-81.7636,-51.4416,1279.7,2.38,0.3,58.3,203.7,146.6,0,0.0,0.06,334.5,0.184,58.9,53.09,Spaceport / Landing Pad
-81.0226,-8.9726,760.6,1.43,0.41,53.9,200.4,143.1,0,0.0,0.28,320.3,0.242,54.0,52.6,Spaceport / Landing Pad
-82.7781,153.1038,948.7,1.4,0.36,55.7,201.7,144.5,0,0.0,0.06,325.8,0.22,55.8,53.06,Spaceport / Landing Pad
-85.7737,-136.7899,1078.6,1.09,0.19,57.0,202.8,145.6,0,0.0,0.14,329.8,0.203,57.0,53.56,Spaceport / Landing Pad
-83.2677,-135.0,987.7,1.59,0.35,55.9,201.9,144.7,0,0.0,0.1,326.7,0.216,56.1,53.03,Spaceport / Landing Pad
-81.9087,163.2374,1002.4,1.92,0.27,55.9,201.9,144.7,0,0.0,0.35,326.9,0.215,56.3,52.82,Spaceport / Landing Pad
-81.1398,-110.3441,328.7,0.53,0.29,50.3,197.7,140.3,0,0.0,0.17,308.6,0.289,49.8,52.01,Spaceport / Landing Pad
-81.8787,142.4716,701.5,0.5,0.2,53.8,200.3,143.0,0,0.0,0.33,319.4,0.245,53.4,52.92,Spaceport / Landing Pad
-86.9869,-73.8108,726.8,0.5,0.21,54.0,200.5,143.2,0,0.0,0.33,320.1,0.242,53.6,52.98,Spaceport / Landing Pad
-88.7547,167.0054,-781.2,19.05,1.48,31.1,183.4,124.9,0,0.0,0.15,280.3,0.404,39.2,16.87,Secondary Exploration Zone
-85.2827,-27.0721,998.4,0.69,0.16,56.5,202.3,145.2,0,0.0,0.08,327.8,0.211,56.2,53.56,Spaceport / Landing Pad
-82.7637,149.7968,1034.8,0.5,0.16,56.9,202.7,145.5,0,0.0,0.2,329.0,0.207,56.6,53.72,Spaceport / Landing Pad
-80.0,-142.2143,613.4,0.5,0.38,53.0,199.7,142.4,0,0.0,0.06,316.8,0.256,52.6,52.71,Spaceport / Landing Pad
-80.9645,109.9325,364.0,0.5,0.16,50.7,198.0,140.5,0,0.0,0.33,309.7,0.285,50.2,52.11,Spaceport / Landing Pad
-83.7287,-75.3432,1177.4,1.15,0.39,57.9,203.4,146.3,0,0.0,0.23,332.6,0.192,58.0,53.76,Spaceport / Landing Pad
-84.2143,-100.2222,1263.1,1.5,0.41,58.5,203.9,146.8,0,0.0,0.08,334.7,0.183,58.8,53.76,Spaceport / Landing Pad
-86.2176,15.7512,1509.2,13.28,1.08,55.2,201.4,144.1,0,0.0,0.12,332.1,0.194,61.1,29.56,Secondary Exploration Zone
-83.478,-80.9421,1025.9,1.04,0.33,56.5,202.4,145.2,0,0.0,0.09,328.3,0.209,56.5,53.46,Spaceport / Landing Pad
-84.2263,34.4608,836.2,1.15,0.25,54.7,201.1,143.8,0,0.0,0.15,322.7,0.232,54.7,52.95,Spaceport / Landing Pad
-80.0,-144.8061,750.3,1.09,0.33,54.0,200.5,143.2,0,0.0,0.17,320.3,0.242,53.9,52.77,Spaceport / Landing Pad
-80.0,126.4041,2299.8,1.31,0.42,68.2,211.2,154.6,0,0.0,0.11,346.8,0.134,68.7,57.04,Spaceport / Landing Pad
-85.3798,-81.8699,1254.9,1.26,0.47,58.6,203.9,146.9,0,0.0,0.34,334.7,0.183,58.7,53.89,Spaceport / Landing Pad
-84.4291,-171.3268,1537.3,1.76,0.22,60.9,205.7,148.8,0,0.0,0.31,342.4,0.152,61.4,54.23,Spaceport / Landing Pad
-82.2745,64.9831,1506.1,1.66,0.3,60.7,205.5,148.6,0,0.0,0.05,341.6,0.155,61.1,54.22,Spaceport / Landing Pad
-81.4399,-64.8321,1713.8,2.54,0.52,62.2,206.7,149.8,0,0.0,0.24,345.8,0.138,63.1,54.02,Spaceport / Landing Pad
-81.7933,-123.8708,1007.4,0.5,0.24,56.6,202.5,145.3,0,0.0,0.16,328.2,0.21,56.3,53.65,Spaceport / Landing Pad
-82.4249,22.4569,1894.8,0.86,0.27,64.7,208.5,151.7,0,0.0,0.27,347.2,0.133,64.8,55.87,Spaceport / Landing Pad
-81.1871,-28.4652,2008.5,0.6,0.31,65.9,209.4,152.7,0,0.0,0.25,347.4,0.132,65.9,56.37,Spaceport / Landing Pad
-80.0,137.4628,1508.7,0.55,0.19,61.3,205.9,149.0,0,0.0,0.28,342.6,0.151,61.1,54.83,Spaceport / Landing Pad
-88.5241,-108.4349,785.7,1.84,0.38,53.9,200.4,143.1,0,0.0,0.3,320.7,0.24,54.2,52.36,Spaceport / Landing Pad
-88.0376,87.2737,1446.6,1.66,0.29,60.1,205.1,148.1,0,0.0,0.26,339.9,0.162,60.5,54.08,Spaceport / Landing Pad
-81.4971,-162.7585,989.4,0.84,0.4,56.3,202.2,145.0,0,0.0,0.12,327.4,0.213,56.2,53.47,Spaceport / Landing Pad
-86.8072,-37.875,1793.8,1.41,0.38,63.5,207.6,150.8,0,0.0,0.05,346.7,0.135,63.9,55.21,Spaceport / Landing Pad
-86.8512,168.0239,833.6,1.79,0.35,54.4,200.8,143.5,0,0.0,0.17,322.1,0.234,54.7,52.51,Spaceport / Landing Pad
-85.1949,-150.9454,1107.8,2.05,0.39,56.8,202.6,145.5,0,0.0,0.24,329.8,0.203,57.3,52.96,Spaceport / Landing Pad
-83.3615,117.646,2821.3,2.39,0.53,72.5,214.4,158.0,0,0.0,0.28,345.9,0.138,73.7,58.01,Spaceport / Landing Pad
-81.789,171.5014,1993.2,0.5,0.34,65.8,209.3,152.6,0,0.0,0.16,347.5,0.132,65.8,56.35,Spaceport / Landing Pad
-83.9435,61.46,779.4,2.56,0.34,53.5,200.1,142.8,0,0.0,0.13,319.9,0.243,54.2,51.72,Spaceport / Landing Pad
-86.9639,-135.0,1267.1,0.67,0.32,59.0,204.2,147.2,0,0.0,0.19,335.5,0.18,58.8,54.21,Spaceport / Landing Pad
-81.0265,108.8119,426.0,1.14,0.22,50.9,198.2,140.7,0,0.0,0.27,310.9,0.28,50.8,51.97,Spaceport / Landing Pad
-80.0,56.9969,969.9,0.5,0.25,56.3,202.2,145.0,0,0.0,0.15,327.1,0.214,56.0,53.56,Spaceport / Landing Pad
-80.0,41.0548,947.2,0.95,0.35,55.9,201.9,144.7,0,0.0,0.28,326.1,0.218,55.8,53.32,Spaceport / Landing Pad
-84.287,-175.3141,1593.3,2.01,0.38,61.3,206.0,149.1,0,0.0,0.23,343.8,0.146,61.9,54.16,Spaceport / Landing Pad
-81.2626,-108.0478,202.4,0.66,0.39,49.1,196.8,139.3,0,0.0,0.35,304.9,0.304,48.6,51.66,Spaceport / Landing Pad
-80.0,-50.0006,840.6,1.69,0.22,54.5,200.9,143.6,0,0.0,0.29,322.4,0.233,54.7,52.6,Spaceport / Landing Pad
-85.1949,-29.0546,1046.4,0.86,0.28,56.8,202.6,145.5,0,0.0,0.13,329.0,0.206,56.7,53.6,Spaceport / Landing Pad
-86.5149,69.6236,685.6,5.17,0.61,51.4,198.6,141.1,0,0.0,0.29,315.1,0.263,53.3,48.07,Secondary Exploration Zone
-81.692,117.4287,1093.8,2.02,0.54,56.7,202.5,145.4,0,0.0,0.07,329.4,0.205,57.2,52.96,Spaceport / Landing Pad
-80.8305,-51.6135,1101.4,1.93,0.39,56.8,202.6,145.5,0,0.0,0.34,329.7,0.204,57.2,53.05,Spaceport / Landing Pad
-82.1848,-150.6795,257.8,1.04,0.29,49.4,197.1,139.5,0,0.0,0.32,306.2,0.299,49.2,51.62,Spaceport / Landing Pad
-80.0,-48.5763,1063.1,1.64,0.46,56.6,202.5,145.3,0,0.0,0.29,328.9,0.207,56.9,53.18,Spaceport / Landing Pad
-81.0226,-62.1027,1389.5,2.3,0.37,59.3,204.5,147.4,0,0.0,0.22,337.7,0.171,60.0,53.42,Spaceport / Landing Pad
-82.3107,123.1113,1687.2,0.5,0.14,62.9,207.2,150.3,0,0.0,0.19,347.5,0.132,62.8,55.29,Spaceport / Landing Pad
-85.5332,-10.8403,2331.6,4.66,0.59,66.9,210.2,153.5,0,0.0,0.17,344.1,0.146,69.0,53.52,Secondary Exploration Zone
-85.1949,97.8153,1141.4,0.87,0.41,57.7,203.3,146.2,0,0.0,0.3,331.8,0.195,57.6,53.82,Spaceport / Landing Pad
-80.0,-47.7591,1057.2,1.21,0.48,56.8,202.6,145.4,0,0.0,0.06,329.0,0.206,56.8,53.44,Spaceport / Landing Pad
-84.3979,79.439,1141.6,1.92,0.44,57.2,202.9,145.8,0,0.0,0.25,330.9,0.199,57.6,53.16,Spaceport / Landing Pad
-82.7396,8.1301,1121.1,5.69,0.54,55.2,201.4,144.2,0,0.0,0.29,327.2,0.214,57.4,48.23,Secondary Exploration Zone
-86.6998,8.1301,323.9,23.36,1.97,39.3,189.5,131.5,0,0.0,0.1,289.7,0.366,49.8,19.8,Hazard / Exclusion Zone
-82.0785,68.5747,1660.1,1.12,0.21,62.4,206.8,149.9,0,0.0,0.12,346.5,0.136,62.6,54.94,Spaceport / Landing Pad
-83.5912,102.6193,1217.4,1.53,0.4,58.1,203.6,146.5,0,0.0,0.33,333.4,0.189,58.3,53.63,Spaceport / Landing Pad
-80.0,47.5734,405.4,2.21,0.43,50.2,197.7,140.2,0,0.0,0.31,309.4,0.286,50.6,51.15,Spaceport / Landing Pad
-85.5098,-133.3153,1325.8,2.21,0.32,58.8,204.1,147.0,0,0.0,0.24,336.0,0.178,59.4,53.35,Spaceport / Landing Pad
-80.0,123.0031,2125.9,0.82,0.44,66.9,210.1,153.5,0,0.0,0.19,347.2,0.133,67.0,56.69,Spaceport / Landing Pad
-81.2069,80.8377,1816.6,1.35,0.36,63.7,207.8,151.0,0,0.0,0.3,346.8,0.134,64.1,55.33,Spaceport / Landing Pad
-81.2866,134.1319,489.0,1.06,0.2,51.6,198.7,141.2,0,0.0,0.17,312.8,0.272,51.4,52.16,Spaceport / Landing Pad
-84.0363,-162.6995,1778.2,0.63,0.32,63.7,207.8,151.0,0,0.0,0.26,347.4,0.132,63.7,55.56,Spaceport / Landing Pad
-82.6775,-168.9765,1658.5,1.89,0.31,62.0,206.5,149.6,0,0.0,0.17,345.8,0.138,62.6,54.42,Spaceport / Landing Pad
-82.959,14.5889,1908.2,3.66,0.59,63.5,207.6,150.8,0,0.0,0.31,344.9,0.142,65.0,53.44,Secondary Exploration Zone
-81.6376,-33.1579,1622.8,0.5,0.41,62.3,206.8,149.9,0,0.0,0.22,345.9,0.138,62.2,55.12,Spaceport / Landing Pad
-81.5919,-157.1355,783.5,1.79,0.28,53.9,200.5,143.1,0,0.0,0.22,320.7,0.24,54.2,52.4,Spaceport / Landing Pad
-84.982,99.6375,1226.4,1.03,0.46,58.4,203.8,146.7,0,0.0,0.16,334.1,0.186,58.4,53.94,Spaceport / Landing Pad
-84.8994,-34.5625,1221.6,0.95,0.3,58.4,203.8,146.7,0,0.0,0.08,334.0,0.186,58.4,53.97,Spaceport / Landing Pad
-80.721,5.1944,1413.4,1.31,0.36,60.0,205.0,148.0,0,0.0,0.09,339.2,0.165,60.2,54.23,Spaceport / Landing Pad
-85.684,-158.4287,640.8,0.51,0.18,53.2,199.9,142.6,0,0.0,0.31,317.6,0.253,52.8,52.77,Spaceport / Landing Pad
-84.4416,40.9144,1512.3,8.81,0.79,57.3,203.0,145.9,0,0.0,0.25,335.9,0.179,61.2,42.6,Secondary Exploration Zone
-83.5587,0.8303,-1669.4,7.75,0.81,28.3,181.3,122.7,0,0.0,0.32,289.6,0.366,30.7,35.77,Secondary Exploration Zone
-86.3489,94.3987,2076.0,15.42,1.36,59.4,204.5,147.5,0,0.0,0.24,335.2,0.181,66.6,25.22,Secondary Exploration Zone
-84.1543,-70.4077,759.8,2.09,0.53,53.6,200.2,142.9,0,0.0,0.23,319.8,0.244,54.0,52.1,Spaceport / Landing Pad
-84.7778,61.1443,-1905.3,6.23,0.55,0.0,42.9,46.2,1,0.276,1.5,290.9,0.361,0.0,33.43,Secondary Exploration Zone
-84.4857,-146.0409,1601.9,0.56,0.31,62.1,206.6,149.7,0,0.0,0.26,345.3,0.141,62.0,55.05,Spaceport / Landing Pad
-88.6734,-50.7106,1541.6,2.69,0.34,60.5,205.4,148.4,0,0.0,0.17,341.8,0.155,61.5,53.41,Spaceport / Landing Pad
-80.706,-123.5305,1717.4,1.62,0.47,62.7,207.0,150.1,0,0.0,0.16,346.6,0.135,63.1,54.8,Spaceport / Landing Pad
-84.0891,-68.7026,641.1,1.8,0.51,52.6,199.5,142.1,0,0.0,0.18,316.6,0.257,52.8,52.05,Spaceport / Landing Pad
-83.7398,87.4362,1523.4,0.5,0.42,61.4,206.1,149.1,0,0.0,0.21,343.1,0.15,61.3,54.89,Spaceport / Landing Pad
-80.0,-137.0454,1214.9,1.1,0.34,58.3,203.7,146.6,0,0.0,0.23,333.7,0.188,58.3,53.88,Spaceport / Landing Pad
-81.9954,-31.6513,1608.0,0.5,0.19,62.2,206.7,149.8,0,0.0,0.18,345.5,0.14,62.1,55.09,Spaceport / Landing Pad
-80.0,48.7723,227.6,0.5,0.38,49.4,197.1,139.5,0,0.0,0.06,305.7,0.301,48.9,51.78,Spaceport / Landing Pad
-86.0288,113.5523,998.2,7.29,0.79,53.3,200.0,142.6,0,0.0,0.14,322.3,0.233,56.2,44.84,Secondary Exploration Zone
-85.857,-165.6507,592.7,0.5,0.36,52.8,199.6,142.2,0,0.0,0.2,316.2,0.258,52.4,52.66,Spaceport / Landing Pad
-82.2071,-55.7389,778.6,0.5,0.4,54.5,200.9,143.6,0,0.0,0.18,321.6,0.236,54.1,53.1,Spaceport / Landing Pad
-86.7317,-88.3634,1420.9,1.86,0.48,59.8,204.9,147.9,0,0.0,0.17,339.0,0.166,60.3,53.87,Spaceport / Landing Pad
-83.0037,-103.1092,1665.0,0.73,0.45,62.6,207.0,150.1,0,0.0,0.28,347.0,0.134,62.6,55.14,Spaceport / Landing Pad
-81.493,-176.855,1301.4,1.95,0.24,58.7,204.0,146.9,0,0.0,0.08,335.5,0.18,59.2,53.51,Spaceport / Landing Pad
-82.471,-47.0096,1766.3,1.93,0.37,63.0,207.2,150.4,0,0.0,0.22,346.3,0.136,63.6,54.74,Spaceport / Landing Pad
-86.0818,-167.6192,635.3,0.5,0.29,53.2,199.9,142.5,0,0.0,0.06,317.5,0.253,52.8,52.76,Spaceport / Landing Pad
-81.7763,-116.2742,692.3,0.54,0.21,53.7,200.3,143.0,0,0.0,0.34,319.1,0.247,53.3,52.88,Spaceport / Landing Pad
-83.0838,-121.7595,1517.9,2.44,0.37,60.4,205.3,148.3,0,0.0,0.24,341.3,0.157,61.2,53.6,Spaceport / Landing Pad
-87.1049,20.7723,-934.6,11.52,1.13,0.0,70.0,46.4,1,0.344,1.85,286.5,0.378,0.0,22.48,Secondary Exploration Zone
-80.0,-51.7536,730.4,2.06,0.42,53.3,200.0,142.7,0,0.0,0.27,318.9,0.247,53.7,52.05,Spaceport / Landing Pad
-80.0,137.7591,1434.5,1.24,0.48,60.2,205.2,148.2,0,0.0,0.12,339.9,0.162,60.4,54.33,Spaceport / Landing Pad
-85.9852,178.6678,984.8,1.42,0.24,56.0,202.0,144.8,0,0.0,0.22,326.8,0.215,56.1,53.14,Spaceport / Landing Pad
-83.2625,42.7543,1532.3,1.27,0.38,61.1,205.8,148.9,0,0.0,0.23,342.7,0.151,61.4,54.55,Spaceport / Landing Pad
-80.8572,49.9697,801.8,1.03,0.29,54.5,200.9,143.6,0,0.0,0.27,321.8,0.235,54.4,52.93,Spaceport / Landing Pad
-81.5135,-150.3333,673.8,0.96,0.42,53.3,200.0,142.7,0,0.0,0.25,318.2,0.25,53.1,52.66,Spaceport / Landing Pad
-81.0927,5.4119,1372.7,0.5,0.27,60.0,205.0,148.0,0,0.0,0.35,338.7,0.167,59.8,54.52,Spaceport / Landing Pad
-81.789,49.6106,1391.1,1.78,0.34,59.6,204.7,147.7,0,0.0,0.14,338.2,0.169,60.0,53.86,Spaceport / Landing Pad
-82.4341,141.009,616.5,0.5,0.19,53.0,199.8,142.4,0,0.0,0.28,316.9,0.255,52.6,52.71,Spaceport / Landing Pad
-81.9736,98.6955,1255.2,0.5,0.21,58.9,204.2,147.1,0,0.0,0.09,335.3,0.181,58.7,54.24,Spaceport / Landing Pad
-80.0,-49.0377,852.8,1.8,0.26,54.6,200.9,143.7,0,0.0,0.3,322.7,0.232,54.9,52.55,Spaceport / Landing Pad
-85.052,54.211,-3082.5,1.63,0.51,0.0,65.9,43.4,1,0.94,5.18,294.7,0.345,0.0,52.2,ISRU Cryogenic Mining Outpost
-81.3226,78.2066,1990.2,1.76,0.33,65.1,208.9,152.1,0,0.0,0.22,346.4,0.136,65.7,55.65,Spaceport / Landing Pad
-83.17,-3.9182,959.5,7.82,0.74,52.7,199.5,142.1,0,0.0,0.09,320.8,0.24,55.9,43.59,Secondary Exploration Zone
-83.8748,-97.8831,1165.1,1.4,0.27,57.7,203.2,146.1,0,0.0,0.3,332.0,0.194,57.8,53.58,Spaceport / Landing Pad
-82.2071,43.0585,1898.5,0.5,0.41,64.9,208.7,151.9,0,0.0,0.13,347.5,0.132,64.9,56.02,Spaceport / Landing Pad
-87.178,55.7843,1113.9,1.22,0.41,57.3,203.0,145.8,0,0.0,0.13,330.7,0.2,57.4,53.57,Spaceport / Landing Pad
-80.9414,-1.7715,1344.3,2.12,0.45,59.0,204.2,147.2,0,0.0,0.12,336.6,0.176,59.6,53.47,Spaceport / Landing Pad
-81.8359,84.0939,1096.9,0.5,0.28,57.5,203.1,146.0,0,0.0,0.33,330.8,0.199,57.2,53.86,Spaceport / Landing Pad
-85.4176,3.5035,-2079.7,5.44,0.77,0.0,63.0,63.9,1,0.515,3.01,291.5,0.358,0.0,39.54,ISRU Cryogenic Mining Outpost
-80.3599,46.5694,1071.4,1.17,0.43,56.9,202.7,145.5,0,0.0,0.12,329.5,0.204,56.9,53.5,Spaceport / Landing Pad
-81.9476,-34.6111,1582.9,0.5,0.36,62.0,206.5,149.6,0,0.0,0.09,344.8,0.143,61.8,55.03,Spaceport / Landing Pad
-81.5423,-79.1861,1348.2,0.87,0.28,59.6,204.7,147.7,0,0.0,0.07,337.7,0.171,59.6,54.32,Spaceport / Landing Pad
-80.0,142.289,1547.4,0.62,0.23,61.6,206.2,149.3,0,0.0,0.25,343.7,0.147,61.5,54.9,Spaceport / Landing Pad
-85.6119,-38.0888,1426.1,0.54,0.17,60.5,205.4,148.4,0,0.0,0.17,340.2,0.161,60.3,54.64,Spaceport / Landing Pad
-82.0303,-161.5651,733.8,0.59,0.3,54.1,200.5,143.2,0,0.0,0.2,320.2,0.242,53.7,52.96,Spaceport / Landing Pad
-80.0,-128.8845,1620.3,1.59,0.27,61.8,206.3,149.4,0,0.0,0.22,345.0,0.142,62.2,54.55,Spaceport / Landing Pad
-83.3878,41.5664,1445.4,2.46,0.29,59.8,204.8,147.8,0,0.0,0.2,339.2,0.165,60.5,53.42,Spaceport / Landing Pad
-81.5176,-24.0265,2061.7,0.66,0.29,66.3,209.7,153.1,0,0.0,0.28,347.3,0.132,66.4,56.53,Spaceport / Landing Pad
-86.5653,-47.2026,1284.3,2.22,0.31,58.4,203.8,146.7,0,0.0,0.17,334.8,0.183,59.0,53.24,Spaceport / Landing Pad
-83.4354,-60.1541,330.7,0.8,0.21,50.2,197.7,140.2,0,0.0,0.28,308.4,0.29,49.9,51.91,Spaceport / Landing Pad
-81.1871,151.5348,391.5,0.5,0.18,50.9,198.2,140.7,0,0.0,0.27,310.5,0.282,50.4,52.17,Spaceport / Landing Pad
-86.0907,146.6894,964.5,4.22,0.55,54.4,200.8,143.6,0,0.0,0.14,323.9,0.227,55.9,50.18,Secondary Exploration Zone
-80.1595,-38.0657,1232.4,0.83,0.39,58.6,203.9,146.8,0,0.0,0.2,334.4,0.185,58.5,54.06,Spaceport / Landing Pad
-82.4571,130.9858,860.1,1.54,0.49,54.8,201.1,143.8,0,0.0,0.06,323.1,0.23,54.9,52.76,Spaceport / Landing Pad
-88.224,-93.0128,880.8,0.91,0.23,55.3,201.4,144.2,0,0.0,0.35,324.2,0.226,55.1,53.18,Spaceport / Landing Pad
-80.1879,-140.4038,769.2,0.83,0.3,54.3,200.7,143.4,0,0.0,0.2,321.1,0.239,54.1,52.95,Spaceport / Landing Pad
-82.783,-174.8056,2227.7,0.5,0.2,67.9,211.0,154.4,0,0.0,0.33,347.5,0.132,68.0,57.17,Spaceport / Landing Pad
-89.1547,6.3402,2021.1,0.59,0.2,66.0,209.5,152.8,0,0.0,0.33,347.4,0.132,66.0,56.42,Spaceport / Landing Pad
-81.4644,13.2764,1345.2,0.67,0.28,59.7,204.8,147.7,0,0.0,0.21,337.8,0.171,59.6,54.4,Spaceport / Landing Pad
-80.8305,104.7436,759.1,0.52,0.21,54.3,200.7,143.5,0,0.0,0.19,321.0,0.239,54.0,53.05,Spaceport / Landing Pad
-80.0,115.8519,682.7,0.78,0.28,53.5,200.1,142.8,0,0.0,0.23,318.6,0.249,53.2,52.76,Spaceport / Landing Pad
-82.1714,129.1933,1055.2,2.18,0.45,56.3,202.2,145.0,0,0.0,0.23,328.2,0.21,56.8,52.73,Spaceport / Landing Pad
-84.5301,-126.6743,2133.9,0.86,0.46,66.9,210.2,153.5,0,0.0,0.15,347.2,0.133,67.1,56.7,Spaceport / Landing Pad
-84.6983,-63.8861,86.5,1.13,0.26,47.8,195.8,138.2,0,0.0,0.18,301.1,0.319,47.5,51.16,Spaceport / Landing Pad
-84.4479,26.9958,2029.4,4.08,0.54,64.4,208.3,151.5,0,0.0,0.35,344.5,0.144,66.1,53.31,Secondary Exploration Zone
-81.6293,-7.0458,431.6,1.34,0.37,50.9,198.2,140.7,0,0.0,0.12,310.9,0.28,50.8,51.87,Spaceport / Landing Pad
-85.5332,100.8403,1360.6,2.79,0.39,58.8,204.1,147.0,0,0.0,0.24,336.5,0.176,59.7,52.88,Spaceport / Landing Pad
-86.535,62.7447,817.2,1.91,0.24,54.2,200.6,143.4,0,0.0,0.33,321.6,0.237,54.5,52.39,Spaceport / Landing Pad
-80.0,-133.794,1871.7,1.24,0.37,64.3,208.2,151.4,0,0.0,0.24,346.9,0.134,64.6,55.59,Spaceport / Landing Pad
-84.2627,21.9745,-728.1,9.46,0.99,36.2,187.2,129.0,0,0.0,0.07,288.2,0.372,39.7,34.93,Secondary Exploration Zone
-80.7699,-118.3792,1379.3,1.18,0.28,59.8,204.8,147.8,0,0.0,0.29,338.4,0.169,59.9,54.23,Spaceport / Landing Pad
-87.2153,76.4296,753.5,0.75,0.16,54.2,200.6,143.3,0,0.0,0.24,320.7,0.24,53.9,52.94,Spaceport / Landing Pad
-80.9299,156.3369,427.9,1.3,0.33,50.9,198.2,140.7,0,0.0,0.21,310.8,0.28,50.8,51.88,Spaceport / Landing Pad
-80.1879,117.7839,981.1,1.84,0.27,55.7,201.8,144.6,0,0.0,0.24,326.3,0.217,56.1,52.83,Spaceport / Landing Pad
-81.2467,-21.9149,1895.6,1.53,0.44,64.4,208.3,151.5,0,0.0,0.14,346.6,0.135,64.8,55.49,Spaceport / Landing Pad
-82.8607,138.1798,558.6,0.5,0.15,52.5,199.4,142.0,0,0.0,0.13,315.3,0.262,52.0,52.57,Spaceport / Landing Pad
-84.5685,160.9423,1534.8,0.95,0.21,61.3,206.0,149.0,0,0.0,0.24,343.0,0.15,61.4,54.73,Spaceport / Landing Pad
-80.0329,146.4588,916.0,1.23,0.36,55.4,201.6,144.3,0,0.0,0.26,325.0,0.223,55.5,53.09,Spaceport / Landing Pad
-83.2573,21.9487,1557.7,2.97,0.31,60.5,205.4,148.4,0,0.0,0.22,342.0,0.154,61.6,53.16,Spaceport / Landing Pad
-80.9607,-16.1892,993.6,1.29,0.2,56.1,202.1,144.9,0,0.0,0.24,327.2,0.214,56.2,53.24,Spaceport / Landing Pad
-80.0,-58.4957,639.0,2.66,0.34,52.2,199.1,141.7,0,0.0,0.16,315.8,0.26,52.8,51.28,Spaceport / Landing Pad
-82.7781,-153.1038,396.9,2.04,0.3,50.2,197.7,140.2,0,0.0,0.15,309.3,0.286,50.5,51.28,Spaceport / Landing Pad
-87.5339,-150.5241,1056.8,0.5,0.27,57.1,202.8,145.7,0,0.0,0.24,329.6,0.204,56.8,53.77,Spaceport / Landing Pad
-84.1543,-160.4077,1691.4,1.33,0.21,62.6,206.9,150.1,0,0.0,0.28,346.8,0.134,62.9,54.9,Spaceport / Landing Pad
-80.1348,-69.5074,1905.8,0.98,0.24,64.7,208.6,151.8,0,0.0,0.22,347.1,0.133,64.9,55.85,Spaceport / Landing Pad
-80.0,-129.0685,1438.2,1.2,0.31,60.3,205.2,148.2,0,0.0,0.09,340.0,0.162,60.5,54.36,Spaceport / Landing Pad
-85.2022,-52.9072,471.1,1.87,0.43,51.0,198.3,140.8,0,0.0,0.2,311.6,0.277,51.2,51.58,Spaceport / Landing Pad
-87.0218,-122.1957,1581.9,0.68,0.27,61.9,206.4,149.5,0,0.0,0.28,344.6,0.143,61.8,54.96,Spaceport / Landing Pad
-86.3584,88.5312,3451.7,6.48,0.79,76.4,217.3,161.1,0,0.0,0.12,342.6,0.152,79.7,54.27,Secondary Exploration Zone
-83.2625,-100.3758,1516.8,0.68,0.33,61.3,206.0,149.0,0,0.0,0.2,342.7,0.151,61.2,54.8,Spaceport / Landing Pad
-86.3489,-4.3987,2071.5,7.07,0.85,63.3,207.5,150.7,0,0.0,0.09,342.1,0.154,66.5,48.3,Secondary Exploration Zone
-83.7287,-4.2679,-206.9,9.09,0.78,41.3,190.9,133.0,0,0.0,0.18,288.5,0.37,44.7,37.68,Secondary Exploration Zone
-83.5641,70.5139,364.2,1.38,0.28,50.2,197.7,140.2,0,0.0,0.23,308.9,0.288,50.2,51.68,Spaceport / Landing Pad
-83.0788,10.0975,-202.8,15.46,1.2,38.2,188.7,130.6,0,0.0,0.29,283.3,0.392,44.7,19.24,Secondary Exploration Zone
-81.0265,71.1881,2171.3,0.94,0.43,67.2,210.4,153.8,0,0.0,0.17,347.1,0.133,67.5,56.79,Spaceport / Landing Pad
-81.1911,164.6384,1430.8,1.12,0.39,60.3,205.2,148.2,0,0.0,0.05,339.9,0.162,60.4,54.39,Spaceport / Landing Pad
-84.4857,-146.0409,1601.9,0.56,0.31,62.1,206.6,149.7,0,0.0,0.26,345.3,0.141,62.0,55.05,Spaceport / Landing Pad
-81.5795,-35.9807,1608.9,0.5,0.28,62.2,206.7,149.8,0,0.0,0.1,345.5,0.14,62.1,55.09,Spaceport / Landing Pad
-80.8534,155.2657,371.9,1.19,0.36,50.4,197.8,140.3,0,0.0,0.23,309.3,0.286,50.3,51.81,Spaceport / Landing Pad
-81.2387,165.8157,1551.8,0.96,0.39,61.5,206.1,149.2,0,0.0,0.1,343.5,0.148,61.5,54.76,Spaceport / Landing Pad
-84.5047,-20.8978,829.8,1.13,0.47,54.7,201.0,143.7,0,0.0,0.06,322.6,0.233,54.6,52.94,Spaceport / Landing Pad
-85.0449,-86.7603,1313.9,0.91,0.37,59.3,204.5,147.4,0,0.0,0.29,336.7,0.175,59.3,54.22,Spaceport / Landing Pad
-84.6395,-54.9262,269.3,1.98,0.4,49.1,196.8,139.3,0,0.0,0.22,305.7,0.301,49.3,51.01,Spaceport / Landing Pad
-82.812,142.386,765.0,0.5,0.37,54.4,200.8,143.5,0,0.0,0.19,321.2,0.238,54.0,53.07,Spaceport / Landing Pad
-81.4644,5.6482,1226.6,0.62,0.38,58.6,204.0,146.9,0,0.0,0.32,334.4,0.185,58.4,54.13,Spaceport / Landing Pad
-85.0029,147.2005,1568.8,4.64,0.5,59.9,204.9,147.9,0,0.0,0.26,341.0,0.158,61.7,51.02,Secondary Exploration Zone
-80.0,-56.4493,258.7,1.22,0.21,49.3,197.0,139.5,0,0.0,0.27,306.0,0.299,49.2,51.52,Spaceport / Landing Pad
-82.783,84.8056,1134.1,0.5,0.43,57.8,203.4,146.2,0,0.0,0.15,331.8,0.195,57.5,53.95,Spaceport / Landing Pad
-82.0917,59.5002,1549.7,0.9,0.32,61.5,206.1,149.2,0,0.0,0.06,343.5,0.148,61.5,54.79,Spaceport / Landing Pad
-85.9852,54.4623,-511.3,8.56,0.98,38.7,189.0,130.9,0,0.0,0.2,289.0,0.369,41.8,37.93,Secondary Exploration Zone
-83.8919,38.7966,980.8,2.24,0.39,55.6,201.7,144.4,0,0.0,0.2,326.0,0.219,56.1,52.5,Spaceport / Landing Pad
-85.3798,171.8699,1213.3,0.94,0.33,58.3,203.7,146.7,0,0.0,0.13,333.8,0.187,58.3,53.96,Spaceport / Landing Pad
-82.7781,104.2159,1012.4,0.71,0.43,56.6,202.4,145.3,0,0.0,0.29,328.2,0.21,56.4,53.58,Spaceport / Landing Pad
-82.252,111.9296,735.0,1.64,0.46,53.6,200.2,142.8,0,0.0,0.11,319.4,0.245,53.7,52.39,Spaceport / Landing Pad
-80.4946,54.5931,633.2,0.5,0.34,53.2,199.9,142.5,0,0.0,0.12,317.4,0.253,52.8,52.75,Spaceport / Landing Pad
-84.562,129.4278,-1850.3,2.67,0.38,0.0,98.6,67.9,1,0.743,4.19,293.8,0.349,0.0,47.5,ISRU Cryogenic Mining Outpost
-80.9607,-73.8108,1755.7,1.16,0.29,63.3,207.4,150.6,0,0.0,0.32,346.9,0.134,63.5,55.23,Spaceport / Landing Pad
-82.0522,33.5034,2098.8,1.18,0.31,66.4,209.8,153.1,0,0.0,0.3,346.9,0.134,66.8,56.41,Spaceport / Landing Pad
-82.5595,-19.7989,1682.5,0.92,0.46,62.7,207.0,150.2,0,0.0,0.22,347.1,0.133,62.8,55.1,Spaceport / Landing Pad
-87.1049,88.1524,1498.4,10.69,1.04,56.3,202.2,145.0,0,0.0,0.22,334.0,0.186,61.0,37.56,Secondary Exploration Zone
-86.6061,-31.5043,1788.6,0.64,0.34,63.8,207.9,151.0,0,0.0,0.06,347.4,0.132,63.8,55.59,Spaceport / Landing Pad
-84.8585,3.1221,-3098.1,2.88,0.38,0.0,84.9,37.6,1,0.813,4.37,293.6,0.35,0.0,48.7,ISRU Cryogenic Mining Outpost
-84.1543,-19.5923,969.3,0.51,0.24,56.3,202.2,145.0,0,0.0,0.15,327.1,0.214,56.0,53.56,Spaceport / Landing Pad
-81.4277,-144.7524,726.2,1.13,0.26,53.7,200.3,143.0,0,0.0,0.28,319.6,0.245,53.6,52.69,Spaceport / Landing Pad
-81.3589,100.5816,1007.1,0.5,0.29,56.6,202.5,145.3,0,0.0,0.2,328.2,0.21,56.3,53.65,Spaceport / Landing Pad
-81.6002,75.1916,1946.0,2.42,0.56,64.4,208.3,151.5,0,0.0,0.34,345.9,0.138,65.3,54.94,Spaceport / Landing Pad
-82.252,158.0704,551.2,1.05,0.34,52.1,199.1,141.7,0,0.0,0.05,314.6,0.265,52.0,52.32,Spaceport / Landing Pad
-80.0,-47.6943,1019.6,0.94,0.18,56.5,202.4,145.2,0,0.0,0.16,328.2,0.21,56.5,53.49,Spaceport / Landing Pad
-87.6202,48.1798,-1674.6,8.12,0.7,0.0,81.4,53.0,1,0.438,2.43,289.3,0.367,0.0,32.96,ISRU Cryogenic Mining Outpost
-85.9592,96.6325,1305.5,22.07,1.74,49.0,196.8,139.2,0,0.0,0.24,319.0,0.247,59.2,22.28,Hazard / Exclusion Zone
-80.4398,152.6844,398.2,0.72,0.32,50.9,198.2,140.7,0,0.0,0.19,310.5,0.282,50.5,52.11,Spaceport / Landing Pad
-81.3791,56.482,1108.1,1.42,0.24,57.1,202.8,145.7,0,0.0,0.1,330.3,0.201,57.3,53.43,Spaceport / Landing Pad
-80.2413,-111.9032,980.9,1.04,0.37,56.1,202.1,144.9,0,0.0,0.2,327.0,0.215,56.1,53.35,Spaceport / Landing Pad
-87.3698,-117.4744,1599.9,0.85,0.36,62.0,206.5,149.6,0,0.0,0.27,345.0,0.142,62.0,54.93,Spaceport / Landing Pad
-85.3497,51.5198,-2583.3,4.59,0.57,0.0,79.8,43.5,1,0.824,4.62,292.2,0.355,0.0,46.96,ISRU Cryogenic Mining Outpost
-82.9244,-53.5836,805.4,2.07,0.4,54.0,200.5,143.2,0,0.0,0.19,321.1,0.239,54.4,52.22,Spaceport / Landing Pad
-84.1068,29.4072,968.5,1.55,0.51,55.8,201.8,144.6,0,0.0,0.22,326.2,0.218,56.0,53.01,Spaceport / Landing Pad
-84.6136,-81.0274,1170.0,0.5,0.23,58.1,203.6,146.5,0,0.0,0.26,332.9,0.191,57.9,54.04,Spaceport / Landing Pad
-82.959,-51.4588,1062.8,2.21,0.43,56.3,202.2,145.1,0,0.0,0.11,328.4,0.209,56.9,52.72,Spaceport / Landing Pad
-82.0522,-167.1063,1070.1,0.95,0.35,57.0,202.7,145.6,0,0.0,0.29,329.6,0.204,56.9,53.61,Spaceport / Landing Pad
-81.8958,-32.7749,1597.0,0.64,0.26,62.0,206.5,149.6,0,0.0,0.35,345.1,0.141,62.0,55.01,Spaceport / Landing Pad
-83.9435,151.46,1469.1,0.54,0.34,60.9,205.7,148.7,0,0.0,0.12,341.5,0.156,60.8,54.74,Spaceport / Landing Pad
-81.646,140.4403,593.7,0.98,0.31,52.6,199.4,142.1,0,0.0,0.24,315.9,0.26,52.4,52.45,Spaceport / Landing Pad
-81.2746,27.3874,1522.2,1.18,0.4,61.1,205.8,148.9,0,0.0,0.19,342.5,0.152,61.3,54.57,Spaceport / Landing Pad
-83.2677,73.0725,525.3,0.5,0.2,52.2,199.1,141.7,0,0.0,0.07,314.3,0.266,51.7,52.49,Spaceport / Landing Pad
-82.7348,-42.9174,1887.5,0.5,0.18,64.8,208.6,151.8,0,0.0,0.24,347.5,0.132,64.8,55.99,Spaceport / Landing Pad
-80.1066,26.3233,1402.4,1.04,0.3,60.0,205.0,148.0,0,0.0,0.1,339.1,0.165,60.1,54.36,Spaceport / Landing Pad
-86.2827,-61.5044,380.0,1.61,0.47,50.3,197.7,140.2,0,0.0,0.06,309.2,0.287,50.3,51.56,Spaceport / Landing Pad
-88.5721,-168.6901,-2360.1,11.16,0.92,0.0,64.5,57.4,1,0.601,3.26,286.8,0.377,0.0,28.67,ISRU Cryogenic Mining Outpost
-87.803,12.2648,2730.5,8.39,0.94,68.8,211.6,155.1,0,0.0,0.29,341.0,0.158,72.8,47.66,Secondary Exploration Zone
-83.0186,-150.3501,466.1,1.4,0.33,51.2,198.4,140.9,0,0.0,0.24,311.9,0.276,51.2,51.91,Spaceport / Landing Pad
-82.9392,114.1932,1362.9,1.99,0.37,59.2,204.4,147.4,0,0.0,0.2,337.2,0.173,59.7,53.62,Spaceport / Landing Pad
-86.535,-4.6355,1557.5,3.81,0.41,60.1,205.1,148.1,0,0.0,0.28,341.3,0.157,61.6,52.16,Secondary Exploration Zone
-85.857,22.5206,1653.1,13.54,1.14,56.4,202.3,145.1,0,0.0,0.08,336.1,0.178,62.5,29.03,Secondary Exploration Zone
-85.9592,6.6325,-409.5,8.67,0.97,39.6,189.7,131.7,0,0.0,0.12,288.9,0.369,42.8,38.02,Secondary Exploration Zone
-87.3964,-165.4655,879.8,0.78,0.4,55.3,201.5,144.3,0,0.0,0.17,324.3,0.226,55.1,53.24,Spaceport / Landing Pad
-83.6899,-60.7808,246.3,0.5,0.3,49.6,197.2,139.7,0,0.0,0.12,306.3,0.299,49.0,51.83,Spaceport / Landing Pad
-84.5047,20.8978,-1410.7,7.1,0.87,31.0,183.3,124.8,0,0.0,0.07,290.2,0.364,33.2,38.07,Secondary Exploration Zone
-87.2915,-88.0251,1186.6,1.41,0.49,57.9,203.4,146.3,0,0.0,0.29,332.6,0.192,58.1,53.63,Spaceport / Landing Pad
-86.6998,-98.1301,1745.1,0.5,0.26,63.5,207.6,150.8,0,0.0,0.14,347.5,0.132,63.4,55.49,Spaceport / Landing Pad
-80.4873,137.3859,772.5,0.65,0.42,54.4,200.8,143.5,0,0.0,0.32,321.3,0.238,54.1,53.03,Spaceport / Landing Pad
-83.1242,131.6981,1239.7,5.28,0.73,56.5,202.4,145.2,0,0.0,0.23,331.0,0.199,58.6,49.21,Secondary Exploration Zone
-84.5047,69.1022,633.5,3.37,0.36,51.8,198.8,141.4,0,0.0,0.16,315.1,0.263,52.8,50.49,Spaceport / Landing Pad
-80.0,-53.858,392.7,1.39,0.42,50.5,197.9,140.4,0,0.0,0.34,309.8,0.284,50.5,51.74,Spaceport / Landing Pad
-80.6462,143.9306,971.9,0.93,0.37,56.1,202.1,144.9,0,0.0,0.22,326.8,0.215,56.0,53.39,Spaceport / Landing Pad
-84.3979,-169.439,1595.8,2.41,0.43,61.2,205.9,148.9,0,0.0,0.16,343.6,0.147,62.0,53.82,Spaceport / Landing Pad
-83.7565,31.5514,1193.1,2.2,0.53,57.5,203.2,146.0,0,0.0,0.06,332.1,0.194,58.1,53.04,Spaceport / Landing Pad
-83.1395,-104.9816,1768.9,1.04,0.42,63.4,207.6,150.7,0,0.0,0.32,347.0,0.133,63.6,55.34,Spaceport / Landing Pad
-83.9091,-164.8989,1875.8,0.54,0.25,64.7,208.5,151.7,0,0.0,0.3,347.4,0.132,64.6,55.93,Spaceport / Landing Pad
-83.5263,-132.6627,1408.8,2.53,0.45,59.4,204.5,147.5,0,0.0,0.1,338.1,0.17,60.2,53.26,Spaceport / Landing Pad
-80.0,116.8008,837.3,1.18,0.41,54.7,201.0,143.8,0,0.0,0.09,322.7,0.232,54.7,52.93,Spaceport / Landing Pad
-81.5423,47.6838,1254.3,1.54,0.49,58.4,203.8,146.7,0,0.0,0.28,334.5,0.184,58.7,53.7,Spaceport / Landing Pad
-81.0576,143.4889,867.6,0.5,0.24,55.3,201.5,144.3,0,0.0,0.08,324.2,0.226,55.0,53.31,Spaceport / Landing Pad
-81.7256,-101.0564,845.0,2.73,0.45,54.1,200.5,143.2,0,0.0,0.13,321.7,0.236,54.8,51.7,Spaceport / Landing Pad
-81.8658,-3.2892,351.3,1.58,0.28,50.0,197.5,140.0,0,0.0,0.1,308.4,0.29,50.1,51.51,Spaceport / Landing Pad
-87.478,-177.8789,692.0,1.16,0.19,53.4,200.0,142.7,0,0.0,0.31,318.6,0.249,53.3,52.59,Spaceport / Landing Pad
-84.8046,-162.2161,1269.9,1.86,0.24,58.4,203.8,146.7,0,0.0,0.28,334.6,0.184,58.8,53.51,Spaceport / Landing Pad
-82.8558,151.0908,1054.8,0.5,0.2,57.1,202.8,145.7,0,0.0,0.27,329.6,0.204,56.8,53.76,Spaceport / Landing Pad
-85.3798,98.1301,1149.8,2.2,0.42,57.1,202.9,145.7,0,0.0,0.17,330.9,0.199,57.7,52.94,Spaceport / Landing Pad
-85.8739,-37.6476,1497.8,0.83,0.45,61.0,205.8,148.8,0,0.0,0.18,342.1,0.154,61.0,54.69,Spaceport / Landing Pad
-81.646,166.4296,1537.2,1.59,0.28,61.0,205.8,148.8,0,0.0,0.23,342.6,0.152,61.4,54.35,Spaceport / Landing Pad
-85.9334,-99.2461,1674.7,0.5,0.27,62.8,207.1,150.3,0,0.0,0.13,347.4,0.132,62.7,55.25,Spaceport / Landing Pad
-85.4176,-146.6336,1037.3,1.3,0.46,56.5,202.4,145.2,0,0.0,0.29,328.4,0.209,56.6,53.34,Spaceport / Landing Pad
-86.9869,-73.8108,726.8,0.5,0.21,54.0,200.5,143.2,0,0.0,0.33,320.1,0.242,53.6,52.98,Spaceport / Landing Pad
-80.5682,-128.5713,1683.3,0.5,0.31,62.9,207.2,150.3,0,0.0,0.23,347.5,0.132,62.8,55.28,Spaceport / Landing Pad
-82.9937,92.2906,1591.3,0.5,0.14,62.0,206.5,149.6,0,0.0,0.31,345.0,0.142,61.9,55.05,Spaceport / Landing Pad
-83.1242,48.3019,1373.9,2.38,0.35,59.1,204.3,147.3,0,0.0,0.09,337.2,0.173,59.8,53.31,Spaceport / Landing Pad
-80.0,137.0454,1414.3,0.82,0.26,60.3,205.2,148.2,0,0.0,0.27,339.7,0.163,60.2,54.5,Spaceport / Landing Pad
-80.6462,126.0694,1651.2,1.29,0.39,62.2,206.7,149.8,0,0.0,0.22,346.1,0.137,62.5,54.82,Spaceport / Landing Pad
-81.1202,3.0128,1362.4,1.4,0.44,59.5,204.6,147.6,0,0.0,0.23,337.7,0.171,59.7,54.06,Spaceport / Landing Pad
-82.6775,107.049,851.7,1.38,0.45,54.8,201.1,143.8,0,0.0,0.33,323.0,0.231,54.8,52.84,Spaceport / Landing Pad
-81.5547,-20.0372,1754.5,1.8,0.39,62.9,207.2,150.3,0,0.0,0.16,346.4,0.136,63.5,54.8,Spaceport / Landing Pad
-81.1084,63.166,1404.7,2.27,0.51,59.5,204.6,147.6,0,0.0,0.09,338.2,0.169,60.1,53.48,Spaceport / Landing Pad
-80.0,-37.7857,987.6,0.5,0.28,56.4,202.3,145.2,0,0.0,0.31,327.6,0.212,56.1,53.6,Spaceport / Landing Pad
-84.2143,-100.2222,1263.1,1.5,0.41,58.5,203.9,146.8,0,0.0,0.08,334.7,0.183,58.8,53.76,Spaceport / Landing Pad
-83.478,-80.9421,1025.9,1.04,0.33,56.5,202.4,145.2,0,0.0,0.09,328.3,0.209,56.5,53.46,Spaceport / Landing Pad
-80.9453,52.5394,755.6,0.57,0.39,54.3,200.7,143.4,0,0.0,0.22,320.9,0.239,53.9,53.02,Spaceport / Landing Pad
-85.857,-67.4794,292.6,1.57,0.39,49.5,197.1,139.6,0,0.0,0.26,306.7,0.297,49.5,51.38,Spaceport / Landing Pad
-82.4249,67.5431,1320.1,1.93,0.34,58.8,204.1,147.1,0,0.0,0.25,336.0,0.178,59.3,53.58,Spaceport / Landing Pad
-85.2167,174.4007,1106.4,2.01,0.52,56.8,202.6,145.5,0,0.0,0.29,329.8,0.203,57.3,53.0,Spaceport / Landing Pad
-80.0,-134.2838,1087.7,0.73,0.44,57.3,202.9,145.8,0,0.0,0.11,330.3,0.201,57.1,53.75,Spaceport / Landing Pad
-80.0,135.0,1311.8,0.5,0.16,59.5,204.6,147.6,0,0.0,0.14,337.0,0.174,59.3,54.38,Spaceport / Landing Pad
-82.4249,3.5323,294.2,1.9,0.26,49.3,197.0,139.5,0,0.0,0.26,306.5,0.298,49.5,51.14,Spaceport / Landing Pad
-80.0,47.2605,1161.3,0.74,0.38,57.9,203.5,146.4,0,0.0,0.25,332.4,0.193,57.8,53.93,Spaceport / Landing Pad
-82.5221,-114.3256,1146.4,2.66,0.31,56.9,202.7,145.5,0,0.0,0.32,330.4,0.201,57.7,52.5,Spaceport / Landing Pad
-80.524,-26.3126,2005.5,0.5,0.22,65.9,209.4,152.7,0,0.0,0.07,347.5,0.132,65.9,56.4,Spaceport / Landing Pad
-87.2786,-30.9638,2055.8,0.96,0.35,66.1,209.6,152.9,0,0.0,0.2,347.1,0.133,66.4,56.38,Spaceport / Landing Pad
-86.6893,139.5739,850.4,4.94,0.52,53.0,199.8,142.4,0,0.0,0.1,320.0,0.243,54.8,48.83,Secondary Exploration Zone
-80.6015,34.4792,1587.0,0.98,0.21,61.8,206.3,149.4,0,0.0,0.31,344.5,0.144,61.9,54.83,Spaceport / Landing Pad
-80.0,129.0685,1582.0,2.37,0.45,61.1,205.8,148.8,0,0.0,0.18,343.2,0.149,61.8,53.82,Spaceport / Landing Pad
-80.6499,-75.5476,1620.2,0.95,0.27,62.1,206.6,149.7,0,0.0,0.22,345.5,0.14,62.2,54.93,Spaceport / Landing Pad
-82.5128,-35.8698,1568.7,0.74,0.16,61.7,206.3,149.4,0,0.0,0.15,344.2,0.145,61.7,54.91,Spaceport / Landing Pad
-84.1127,2.7263,-3192.3,3.8,0.62,0.0,86.3,55.9,1,0.602,3.4,292.9,0.353,0.0,43.52,ISRU Cryogenic Mining Outpost
-86.9639,-135.0,1267.1,0.67,0.32,59.0,204.2,147.2,0,0.0,0.19,335.5,0.18,58.8,54.21,Spaceport / Landing Pad
-83.8126,-33.9298,1195.8,0.91,0.34,58.2,203.6,146.5,0,0.0,0.15,333.3,0.189,58.1,53.93,Spaceport / Landing Pad
-81.6878,77.6806,1695.3,2.24,0.42,62.2,206.6,149.7,0,0.0,0.34,346.0,0.137,62.9,54.24,Spaceport / Landing Pad
-81.444,-6.8924,547.1,2.01,0.52,51.6,198.7,141.3,0,0.0,0.34,313.7,0.268,51.9,51.66,Spaceport / Landing Pad
-83.9148,-159.3411,1653.0,0.5,0.29,62.6,207.0,150.1,0,0.0,0.27,346.8,0.134,62.5,55.2,Spaceport / Landing Pad
-83.372,90.8069,1612.2,0.5,0.43,62.2,206.7,149.8,0,0.0,0.17,345.6,0.139,62.1,55.1,Spaceport / Landing Pad
-81.6794,93.2155,1034.4,0.95,0.46,56.7,202.5,145.3,0,0.0,0.19,328.6,0.208,56.6,53.53,Spaceport / Landing Pad
-80.2915,-56.7683,574.8,1.25,0.35,52.3,199.2,141.8,0,0.0,0.21,315.1,0.263,52.2,52.26,Spaceport / Landing Pad
-81.4644,-95.6482,1173.9,1.82,0.36,57.5,203.2,146.0,0,0.0,0.23,331.9,0.195,57.9,53.31,Spaceport / Landing Pad
-83.4994,-105.8324,1855.9,0.97,0.23,64.3,208.2,151.4,0,0.0,0.2,347.1,0.133,64.5,55.68,Spaceport / Landing Pad
-87.2153,50.4403,1905.5,6.33,0.79,62.2,206.6,149.7,0,0.0,0.14,342.7,0.151,64.9,49.18,Secondary Exploration Zone
-83.8748,97.8831,1371.2,0.5,0.14,60.0,205.0,148.0,0,0.0,0.18,338.7,0.167,59.8,54.52,Spaceport / Landing Pad
-83.6899,119.2192,1003.9,7.4,0.71,53.3,200.0,142.6,0,0.0,0.29,322.4,0.233,56.3,44.6,Secondary Exploration Zone
-88.9357,-164.7449,48.5,12.43,0.99,42.0,191.5,133.6,0,0.0,0.22,290.7,0.361,47.2,28.83,Secondary Exploration Zone
-83.6239,-17.9044,1242.4,2.09,0.26,58.0,203.5,146.4,0,0.0,0.07,333.7,0.188,58.6,53.26,Spaceport / Landing Pad
-80.3058,141.254,1091.3,1.04,0.26,57.2,202.9,145.7,0,0.0,0.05,330.2,0.202,57.1,53.62,Spaceport / Landing Pad
-81.1084,-63.166,1553.8,1.76,0.35,61.1,205.8,148.9,0,0.0,0.31,342.9,0.15,61.6,54.27,Spaceport / Landing Pad
-81.4889,21.218,1493.6,1.34,0.21,60.7,205.6,148.6,0,0.0,0.19,341.5,0.156,61.0,54.41,Spaceport / Landing Pad
-80.0,130.2364,1646.9,1.25,0.24,62.2,206.6,149.8,0,0.0,0.08,346.0,0.138,62.5,54.83,Spaceport / Landing Pad
-80.0,-35.4258,1109.1,1.24,0.47,57.2,202.9,145.8,0,0.0,0.25,330.5,0.2,57.3,53.55,Spaceport / Landing Pad
-85.0029,122.7995,-1663.1,2.82,0.32,0.0,56.9,50.7,1,0.92,5.03,293.7,0.349,0.0,50.91,ISRU Cryogenic Mining Outpost
-84.1187,54.0395,-1426.1,9.15,0.78,29.9,182.4,123.9,0,0.0,0.1,288.5,0.37,33.0,33.3,Secondary Exploration Zone
-87.2153,-76.4296,814.4,2.0,0.35,54.1,200.6,143.3,0,0.0,0.14,321.4,0.237,54.5,52.31,Spaceport / Landing Pad
-85.1158,135.0,-1640.8,3.09,0.51,0.0,51.0,67.0,1,0.443,2.63,293.5,0.35,0.0,41.11,ISRU Cryogenic Mining Outpost
-80.0,-122.4712,1402.0,0.5,0.33,60.3,205.2,148.2,0,0.0,0.13,339.6,0.164,60.1,54.6,Spaceport / Landing Pad
-80.0,-131.7481,1940.0,1.63,0.23,64.7,208.6,151.8,0,0.0,0.28,346.5,0.135,65.3,55.57,Spaceport / Landing Pad
-85.8993,-78.1785,986.0,2.37,0.38,55.5,201.7,144.4,0,0.0,0.07,326.0,0.218,56.1,52.39,Spaceport / Landing Pad
-84.8517,22.3801,-754.6,7.81,0.95,36.8,187.6,129.4,0,0.0,0.1,289.6,0.366,39.5,38.82,Secondary Exploration Zone
-85.4405,67.1094,696.1,11.3,0.97,48.6,196.4,138.8,0,0.0,0.15,310.3,0.282,53.4,33.87,Secondary Exploration Zone
-84.2143,10.2222,-3740.1,2.48,0.31,0.0,74.8,65.9,1,0.787,4.42,294.0,0.348,0.0,48.55,ISRU Cryogenic Mining Outpost
-81.9044,-20.9427,1872.3,0.86,0.24,64.5,208.4,151.6,0,0.0,0.09,347.2,0.133,64.6,55.79,Spaceport / Landing Pad
-85.1301,-167.8285,909.7,1.14,0.47,55.4,201.6,144.3,0,0.0,0.22,324.9,0.223,55.4,53.13,Spaceport / Landing Pad
-82.9096,-73.951,1439.3,0.75,0.17,60.5,205.4,148.4,0,0.0,0.26,340.4,0.16,60.5,54.59,Spaceport / Landing Pad
-80.7888,109.5367,399.1,0.5,0.37,51.0,198.2,140.8,0,0.0,0.12,310.7,0.281,50.5,52.19,Spaceport / Landing Pad
-80.0119,-52.5946,653.7,1.79,0.46,52.7,199.6,142.2,0,0.0,0.18,316.9,0.255,52.9,52.08,Spaceport / Landing Pad
-82.347,149.9951,853.8,0.81,0.34,55.1,201.3,144.0,0,0.0,0.16,323.5,0.229,54.9,53.16,Spaceport / Landing Pad
-80.0,-39.1605,763.8,0.77,0.18,54.2,200.7,143.4,0,0.0,0.09,321.0,0.239,54.0,52.96,Spaceport / Landing Pad
-80.1879,-50.4038,1063.2,1.9,0.31,56.5,202.4,145.2,0,0.0,0.31,328.7,0.208,56.9,52.99,Spaceport / Landing Pad
-80.0854,48.0529,1057.3,1.73,0.29,56.5,202.4,145.2,0,0.0,0.28,328.6,0.208,56.8,53.1,Spaceport / Landing Pad
-82.9987,-132.8389,846.3,1.53,0.23,54.6,201.0,143.7,0,0.0,0.28,322.7,0.232,54.8,52.74,Spaceport / Landing Pad
-80.0,64.6041,1011.7,0.82,0.32,56.5,202.4,145.2,0,0.0,0.12,328.1,0.21,56.4,53.53,Spaceport / Landing Pad
-81.1084,-63.166,1553.8,1.76,0.35,61.1,205.8,148.9,0,0.0,0.31,342.9,0.15,61.6,54.27,Spaceport / Landing Pad
-81.7383,147.926,749.4,0.78,0.42,54.1,200.6,143.3,0,0.0,0.11,320.5,0.241,53.9,52.92,Spaceport / Landing Pad
-80.9761,50.8774,804.9,0.53,0.4,54.7,201.1,143.8,0,0.0,0.3,322.3,0.233,54.4,53.15,Spaceport / Landing Pad
-80.0,-130.6568,1313.0,0.76,0.2,59.3,204.5,147.5,0,0.0,0.25,336.8,0.175,59.3,54.28,Spaceport / Landing Pad
-80.0,42.4266,719.8,0.73,0.39,53.9,200.4,143.1,0,0.0,0.05,319.7,0.244,53.6,52.87,Spaceport / Landing Pad
-83.6568,-32.9885,1166.2,1.4,0.41,57.7,203.3,146.1,0,0.0,0.07,332.0,0.194,57.9,53.58,Spaceport / Landing Pad
-80.2735,-26.811,1933.3,1.32,0.45,64.8,208.6,151.9,0,0.0,0.32,346.8,0.134,65.2,55.75,Spaceport / Landing Pad
-85.1949,60.9454,-1885.3,6.69,0.65,0.0,65.5,40.0,1,0.41,2.22,290.5,0.362,0.0,35.31,ISRU Cryogenic Mining Outpost
-84.845,-42.0643,1306.4,0.5,0.42,59.4,204.6,147.5,0,0.0,0.3,336.8,0.175,59.2,54.37,Spaceport / Landing Pad
-80.9453,179.4093,1003.7,1.45,0.37,56.1,202.1,144.9,0,0.0,0.14,327.3,0.213,56.3,53.16,Spaceport / Landing Pad
-80.7473,-92.8913,1198.2,2.41,0.3,57.5,203.1,146.0,0,0.0,0.28,332.1,0.194,58.2,52.87,Spaceport / Landing Pad
-80.0,41.236,1621.9,1.42,0.35,61.9,206.4,149.5,0,0.0,0.27,345.2,0.141,62.2,54.67,Spaceport / Landing Pad
-80.8572,-49.9697,1363.8,1.82,0.5,59.3,204.5,147.4,0,0.0,0.26,337.4,0.173,59.7,53.77,Spaceport / Landing Pad
-86.9524,62.6501,730.1,1.01,0.35,53.8,200.4,143.1,0,0.0,0.09,319.8,0.244,53.7,52.77,Spaceport / Landing Pad
-87.4369,-33.1113,2066.3,0.72,0.39,66.3,209.8,153.1,0,0.0,0.13,347.3,0.132,66.5,56.53,Spaceport / Landing Pad
-82.668,-21.666,1673.2,0.63,0.16,62.7,207.1,150.2,0,0.0,0.1,347.3,0.132,62.7,55.2,Spaceport / Landing Pad
-82.8072,177.7688,2340.3,1.7,0.44,68.4,211.3,154.7,0,0.0,0.3,346.5,0.136,69.1,56.91,Spaceport / Landing Pad
-81.9954,58.3487,1523.3,0.5,0.19,61.4,206.1,149.1,0,0.0,0.32,343.1,0.15,61.3,54.89,Spaceport / Landing Pad
-85.052,-1.0809,-2118.8,5.83,0.8,0.0,47.6,45.9,1,0.463,2.49,291.2,0.359,0.0,37.86,ISRU Cryogenic Mining Outpost
-82.1848,7.5494,822.0,1.86,0.32,54.3,200.7,143.4,0,0.0,0.23,321.7,0.236,54.6,52.44,Spaceport / Landing Pad
-81.6794,-3.2155,508.3,1.75,0.41,51.4,198.6,141.1,0,0.0,0.32,312.8,0.272,51.6,51.77,Spaceport / Landing Pad
-80.7813,-105.8657,80.9,0.5,0.39,48.0,196.0,138.4,0,0.0,0.16,301.5,0.318,47.5,51.43,Spaceport / Landing Pad
-85.1949,-29.0546,1046.4,0.86,0.28,56.8,202.6,145.5,0,0.0,0.13,329.0,0.206,56.7,53.6,Spaceport / Landing Pad
-80.0434,-128.9115,1532.9,1.01,0.41,61.3,205.9,149.0,0,0.0,0.31,342.9,0.15,61.4,54.69,Spaceport / Landing Pad
-81.5423,-42.3162,1955.2,0.96,0.33,65.2,208.9,152.2,0,0.0,0.26,347.1,0.133,65.4,56.03,Spaceport / Landing Pad
-81.4277,125.2476,1534.6,1.06,0.19,61.3,205.9,149.0,0,0.0,0.08,342.9,0.15,61.4,54.67,Spaceport / Landing Pad
-84.8517,-157.6199,1277.6,1.5,0.4,58.7,204.0,146.9,0,0.0,0.26,335.2,0.182,58.9,53.79,Spaceport / Landing Pad
-81.2746,55.4599,989.8,1.38,0.47,56.0,202.0,144.8,0,0.0,0.21,327.0,0.215,56.2,53.17,Spaceport / Landing Pad
-80.524,-153.6874,1104.1,0.85,0.36,57.4,203.0,145.9,0,0.0,0.3,330.7,0.2,57.3,53.74,Spaceport / Landing Pad
-82.1094,62.5256,1597.0,1.1,0.42,61.8,206.4,149.4,0,0.0,0.06,344.7,0.143,62.0,54.8,Spaceport / Landing Pad
-82.3698,-14.8863,1242.9,1.58,0.21,58.3,203.7,146.6,0,0.0,0.16,334.1,0.186,58.6,53.65,Spaceport / Landing Pad
-82.4341,-38.991,1783.5,1.65,0.25,63.3,207.5,150.6,0,0.0,0.34,346.5,0.136,63.8,55.01,Spaceport / Landing Pad
-80.3094,-20.879,1259.2,1.94,0.48,58.3,203.7,146.6,0,0.0,0.08,334.3,0.185,58.7,53.42,Spaceport / Landing Pad
-86.3969,143.427,905.2,4.37,0.53,53.8,200.4,143.1,0,0.0,0.16,322.1,0.235,55.4,49.83,Secondary Exploration Zone
-84.7979,-170.7067,1174.1,2.02,0.3,57.4,203.1,146.0,0,0.0,0.16,331.8,0.195,57.9,53.15,Spaceport / Landing Pad
-84.3979,169.439,1239.5,0.5,0.18,58.8,204.1,147.0,0,0.0,0.3,334.9,0.183,58.6,54.21,Spaceport / Landing Pad
-86.6998,8.1301,323.9,23.36,1.97,39.3,189.5,131.5,0,0.0,0.1,289.7,0.366,49.8,19.8,Hazard / Exclusion Zone
-86.0376,46.9092,442.6,13.71,1.16,45.1,193.8,136.0,0,0.0,0.32,301.0,0.32,50.9,25.54,Secondary Exploration Zone
-86.5653,-47.2026,1284.3,2.22,0.31,58.4,203.8,146.7,0,0.0,0.17,334.8,0.183,59.0,53.24,Spaceport / Landing Pad
-83.7453,-127.725,1899.6,2.16,0.27,64.1,208.1,151.3,0,0.0,0.16,346.1,0.137,64.9,55.02,Spaceport / Landing Pad
-80.2235,137.3215,891.2,1.36,0.29,55.1,201.4,144.1,0,0.0,0.2,324.1,0.226,55.2,52.96,Spaceport / Landing Pad
-82.2881,38.1183,2118.1,0.75,0.4,66.8,210.1,153.4,0,0.0,0.33,347.3,0.132,67.0,56.69,Spaceport / Landing Pad
-84.1782,-41.0995,1436.3,1.26,0.32,60.2,205.2,148.2,0,0.0,0.23,339.9,0.162,60.4,54.32,Spaceport / Landing Pad
-81.2228,32.8451,1595.5,0.79,0.44,61.9,206.5,149.6,0,0.0,0.06,344.9,0.142,62.0,54.94,Spaceport / Landing Pad
-81.7298,-163.6105,896.7,1.31,0.25,55.2,201.4,144.2,0,0.0,0.33,324.3,0.225,55.3,52.99,Spaceport / Landing Pad
-81.4033,-131.4785,1277.7,2.14,0.54,58.4,203.8,146.7,0,0.0,0.19,334.6,0.184,58.9,53.3,Spaceport / Landing Pad
-84.982,-43.4926,1239.4,0.89,0.31,58.6,203.9,146.9,0,0.0,0.2,334.6,0.184,58.6,54.04,Spaceport / Landing Pad
-84.8517,112.3801,9.1,4.58,0.62,0.0,95.1,64.7,1,0.079,0.54,296.1,0.34,0.0,31.93,Secondary Exploration Zone
-81.2467,68.0851,1960.9,1.63,0.43,64.9,208.7,151.9,0,0.0,0.18,346.5,0.135,65.5,55.64,Spaceport / Landing Pad
-81.1006,-12.7244,725.4,0.5,0.2,54.0,200.5,143.2,0,0.0,0.25,320.1,0.243,53.6,52.97,Spaceport / Landing Pad
-82.234,13.2011,1271.1,1.72,0.4,58.5,203.9,146.8,0,0.0,0.09,334.8,0.183,58.9,53.62,Spaceport / Landing Pad
-84.1127,87.2737,1479.3,0.5,0.2,61.0,205.8,148.8,0,0.0,0.16,341.8,0.155,60.9,54.78,Spaceport / Landing Pad
-86.4456,156.8014,864.2,1.9,0.47,54.6,201.0,143.7,0,0.0,0.17,322.9,0.231,55.0,52.5,Spaceport / Landing Pad
-80.0,50.1282,1032.3,0.5,0.41,56.9,202.6,145.5,0,0.0,0.32,328.9,0.207,56.6,53.71,Spaceport / Landing Pad
-82.039,-175.2921,1687.6,2.24,0.38,62.1,206.6,149.7,0,0.0,0.32,346.0,0.137,62.8,54.2,Spaceport / Landing Pad
-82.8266,147.7575,1047.7,0.5,0.29,57.0,202.8,145.6,0,0.0,0.29,329.4,0.205,56.7,53.75,Spaceport / Landing Pad
-80.0,-127.9621,1456.6,0.6,0.29,60.8,205.6,148.6,0,0.0,0.11,341.1,0.158,60.6,54.69,Spaceport / Landing Pad
-84.4291,-31.293,1005.2,0.5,0.42,56.6,202.5,145.3,0,0.0,0.3,328.1,0.21,56.3,53.64,Spaceport / Landing Pad
-88.969,95.1944,1518.3,1.9,0.25,60.7,205.5,148.6,0,0.0,0.29,341.8,0.155,61.2,54.07,Spaceport / Landing Pad
-80.0,137.1476,1242.8,1.26,0.28,58.5,203.8,146.8,0,0.0,0.19,334.4,0.185,58.6,53.86,Spaceport / Landing Pad
-82.3152,130.0729,953.2,1.99,0.47,55.4,201.6,144.3,0,0.0,0.15,325.4,0.221,55.8,52.64,Spaceport / Landing Pad
-80.7586,-66.8014,2029.7,0.5,0.14,66.1,209.6,152.9,0,0.0,0.15,347.5,0.132,66.1,56.48,Spaceport / Landing Pad
-80.0,-135.0,1234.3,1.96,0.26,58.0,203.5,146.4,0,0.0,0.33,333.5,0.188,58.5,53.35,Spaceport / Landing Pad
-84.9405,142.4959,491.2,15.7,1.35,44.5,193.4,135.6,0,0.0,0.12,300.8,0.321,51.4,20.96,Secondary Exploration Zone
-85.4635,-36.6341,1388.2,0.87,0.44,60.0,205.0,148.0,0,0.0,0.24,338.9,0.167,60.0,54.41,Spaceport / Landing Pad
-84.5237,29.6237,1128.0,5.56,0.66,55.3,201.5,144.3,0,0.0,0.29,327.5,0.213,57.5,48.48,Secondary Exploration Zone
-87.7404,-141.7098,1141.5,0.5,0.4,57.9,203.4,146.3,0,0.0,0.27,332.1,0.194,57.6,53.97,Spaceport / Landing Pad
-80.0,-133.1323,2073.9,0.5,0.16,66.5,209.9,153.2,0,0.0,0.35,347.5,0.132,66.5,56.63,Spaceport / Landing Pad
-80.9453,179.4093,1003.7,1.45,0.37,56.1,202.1,144.9,0,0.0,0.14,327.3,0.213,56.3,53.16,Spaceport / Landing Pad
-86.1356,142.8533,1575.3,0.5,0.28,61.9,206.4,149.5,0,0.0,0.28,344.6,0.143,61.8,55.01,Spaceport / Landing Pad
-80.2413,-68.0968,1994.3,0.5,0.26,65.8,209.3,152.6,0,0.0,0.13,347.5,0.132,65.8,56.36,Spaceport / Landing Pad
-88.4549,25.0169,1074.4,14.19,1.36,50.7,198.0,140.5,0,0.0,0.21,318.9,0.248,57.0,25.35,Secondary Exploration Zone
-81.7298,-126.7406,1090.8,1.05,0.29,57.1,202.9,145.7,0,0.0,0.2,330.2,0.202,57.1,53.61,Spaceport / Landing Pad
-80.0,-123.8351,1603.0,0.76,0.44,62.0,206.5,149.6,0,0.0,0.3,345.2,0.141,62.0,54.98,Spaceport / Landing Pad
-80.0,-45.0,1088.4,0.5,0.24,57.4,203.0,145.9,0,0.0,0.28,330.5,0.2,57.1,53.84,Spaceport / Landing Pad
-84.2687,127.0565,-1357.2,3.06,0.37,0.0,82.8,52.1,1,0.612,3.53,293.5,0.35,0.0,44.51,ISRU Cryogenic Mining Outpost
-89.197,54.4623,1823.0,1.3,0.33,63.8,207.9,151.0,0,0.0,0.27,346.8,0.134,64.1,55.38,Spaceport / Landing Pad
-84.9062,-76.2184,967.1,1.27,0.22,55.9,201.9,144.7,0,0.0,0.2,326.4,0.217,56.0,53.19,Spaceport / Landing Pad
-86.9524,27.3499,1981.3,5.67,0.5,63.2,207.4,150.5,0,0.0,0.32,343.2,0.149,65.7,50.65,Secondary Exploration Zone
-80.0,37.1709,1744.0,1.24,0.23,63.1,207.3,150.5,0,0.0,0.24,346.9,0.134,63.4,55.14,Spaceport / Landing Pad
-86.2453,-145.1247,779.0,0.5,0.35,54.5,200.9,143.6,0,0.0,0.17,321.6,0.236,54.1,53.1,Spaceport / Landing Pad
-82.4111,58.0693,1462.8,1.49,0.21,60.4,205.3,148.3,0,0.0,0.07,340.5,0.16,60.7,54.24,Spaceport / Landing Pad
-81.2069,-9.1623,642.0,0.62,0.39,53.2,199.9,142.5,0,0.0,0.33,317.6,0.253,52.8,52.73,Spaceport / Landing Pad
-83.1344,-7.0284,623.6,2.75,0.46,52.0,199.0,141.6,0,0.0,0.27,315.3,0.262,52.7,51.15,Spaceport / Landing Pad
-80.0,-34.4265,1366.4,1.35,0.29,59.6,204.7,147.6,0,0.0,0.27,337.8,0.171,59.8,54.1,Spaceport / Landing Pad
-83.7287,-104.6568,1742.1,1.29,0.32,63.1,207.3,150.5,0,0.0,0.34,346.8,0.134,63.4,55.1,Spaceport / Landing Pad
-81.789,-8.4986,406.8,0.53,0.34,51.0,198.3,140.8,0,0.0,0.17,310.9,0.28,50.6,52.2,Spaceport / Landing Pad
-82.9096,106.049,960.7,0.51,0.17,56.2,202.1,145.0,0,0.0,0.17,326.8,0.215,55.9,53.53,Spaceport / Landing Pad
-86.9183,125.1342,1659.0,5.02,0.49,60.5,205.4,148.4,0,0.0,0.18,343.3,0.149,62.6,50.65,Secondary Exploration Zone
-81.1202,-140.1173,988.3,0.89,0.18,56.3,202.2,145.0,0,0.0,0.32,327.3,0.213,56.2,53.44,Spaceport / Landing Pad
-83.0737,-37.3332,1564.2,1.31,0.28,61.4,206.1,149.1,0,0.0,0.1,343.6,0.147,61.7,54.6,Spaceport / Landing Pad
-80.9761,140.8774,797.8,0.92,0.25,54.5,200.9,143.6,0,0.0,0.16,321.8,0.236,54.3,52.97,Spaceport / Landing Pad
-81.1911,164.6384,1430.8,1.12,0.39,60.3,205.2,148.2,0,0.0,0.05,339.9,0.162,60.4,54.39,Spaceport / Landing Pad
-82.3107,100.4915,1236.1,1.21,0.42,58.4,203.8,146.7,0,0.0,0.3,334.2,0.185,58.5,53.87,Spaceport / Landing Pad
-80.0,-66.5226,1906.8,1.13,0.4,64.7,208.5,151.7,0,0.0,0.18,347.0,0.134,64.9,55.77,Spaceport / Landing Pad
-81.5012,-88.1118,1499.3,1.32,0.25,60.8,205.6,148.6,0,0.0,0.28,341.7,0.155,61.0,54.43,Spaceport / Landing Pad
-86.5451,-38.4181,1695.7,0.89,0.26,62.8,207.1,150.3,0,0.0,0.07,347.2,0.133,62.9,55.16,Spaceport / Landing Pad
-80.9069,84.6991,1495.5,1.92,0.32,60.5,205.4,148.4,0,0.0,0.24,341.1,0.157,61.0,54.01,Spaceport / Landing Pad
-80.1879,39.5962,1630.8,1.09,0.43,62.1,206.6,149.7,0,0.0,0.35,345.7,0.139,62.3,54.88,Spaceport / Landing Pad
-85.1086,48.0941,-2525.5,4.67,0.6,0.0,102.8,60.7,1,0.728,4.0,292.2,0.356,0.0,44.94,ISRU Cryogenic Mining Outpost
-84.5428,-12.8477,1744.7,7.03,0.76,60.3,205.3,148.3,0,0.0,0.12,342.1,0.153,63.4,47.24,Secondary Exploration Zone
-83.9148,159.3411,1366.2,0.88,0.44,59.8,204.8,147.8,0,0.0,0.22,338.2,0.169,59.8,54.35,Spaceport / Landing Pad
-81.3146,69.2277,2053.2,0.68,0.43,66.2,209.7,153.0,0,0.0,0.07,347.3,0.132,66.3,56.5,Spaceport / Landing Pad
-82.0259,-154.3348,419.7,0.89,0.46,51.0,198.2,140.8,0,0.0,0.19,310.9,0.28,50.7,52.08,Spaceport / Landing Pad
-88.2839,-67.6199,1042.6,1.15,0.34,56.6,202.5,145.3,0,0.0,0.2,328.7,0.208,56.7,53.44,Spaceport / Landing Pad
-80.3527,-28.3008,1972.1,0.5,0.27,65.6,209.2,152.5,0,0.0,0.16,347.5,0.132,65.6,56.28,Spaceport / Landing Pad
-80.0,138.4064,1521.5,0.5,0.15,61.4,206.0,149.1,0,0.0,0.26,343.0,0.15,61.3,54.88,Spaceport / Landing Pad
-84.8994,145.4375,1984.8,4.6,0.72,63.7,207.8,151.0,0,0.0,0.13,344.1,0.145,65.7,52.41,Secondary Exploration Zone
-84.4479,-73.393,879.9,1.99,0.39,54.7,201.1,143.8,0,0.0,0.29,323.3,0.23,55.1,52.47,Spaceport / Landing Pad
-81.3066,93.0775,824.2,0.98,0.24,54.7,201.0,143.8,0,0.0,0.3,322.5,0.233,54.6,53.01,Spaceport / Landing Pad
-80.9761,39.1226,1426.2,0.5,0.18,60.5,205.4,148.4,0,0.0,0.26,340.3,0.161,60.3,54.65,Spaceport / Landing Pad
-83.9263,-92.6425,889.2,0.62,0.36,55.5,201.6,144.4,0,0.0,0.29,324.7,0.224,55.2,53.32,Spaceport / Landing Pad
-84.7778,61.1443,-1905.3,6.23,0.55,0.0,42.9,46.2,1,0.276,1.5,290.9,0.361,0.0,33.43,Secondary Exploration Zone
-85.1588,146.0035,1910.2,5.36,0.67,62.7,207.0,150.1,0,0.0,0.19,343.5,0.148,65.0,50.95,Secondary Exploration Zone
-85.0449,-93.2397,1292.6,1.22,0.34,58.9,204.2,147.1,0,0.0,0.14,335.8,0.179,59.1,54.0,Spaceport / Landing Pad
-88.0199,-98.1301,1028.8,1.21,0.24,56.5,202.4,145.2,0,0.0,0.16,328.2,0.21,56.5,53.37,Spaceport / Landing Pad
-80.6797,-29.389,1964.6,0.85,0.41,65.3,209.0,152.3,0,0.0,0.1,347.2,0.133,65.5,56.12,Spaceport / Landing Pad
-85.9334,-58.134,334.8,1.59,0.23,49.9,197.4,139.9,0,0.0,0.06,307.9,0.292,49.9,51.47,Spaceport / Landing Pad
-80.331,30.774,1594.0,1.07,0.27,61.8,206.3,149.4,0,0.0,0.17,344.6,0.143,62.0,54.81,Spaceport / Landing Pad
-80.0,-54.7067,382.9,0.67,0.29,50.8,198.1,140.6,0,0.0,0.15,310.1,0.283,50.4,52.09,Spaceport / Landing Pad
-81.1006,24.1455,1310.8,1.57,0.23,58.9,204.2,147.1,0,0.0,0.18,336.1,0.178,59.2,53.82,Spaceport / Landing Pad
-80.0,49.3432,1087.0,0.77,0.33,57.2,202.9,145.8,0,0.0,0.06,330.3,0.201,57.1,53.74,Spaceport / Landing Pad
-80.0,-152.2658,813.8,0.79,0.44,54.7,201.0,143.8,0,0.0,0.08,322.4,0.233,54.5,53.07,Spaceport / Landing Pad
-81.6878,-102.3194,704.7,1.98,0.52,53.1,199.8,142.5,0,0.0,0.21,318.3,0.25,53.4,52.06,Spaceport / Landing Pad
-84.7778,151.1443,1474.7,0.5,0.29,61.0,205.7,148.8,0,0.0,0.29,341.7,0.155,60.8,54.77,Spaceport / Landing Pad
-80.0,-129.8636,2099.8,1.16,0.46,66.4,209.8,153.2,0,0.0,0.26,346.9,0.134,66.8,56.42,Spaceport / Landing Pad
-86.7854,-64.179,568.2,0.78,0.31,52.4,199.3,141.9,0,0.0,0.13,315.3,0.262,52.1,52.49,Spaceport / Landing Pad
-81.6752,162.3777,941.4,2.3,0.53,55.2,201.4,144.1,0,0.0,0.26,324.8,0.223,55.7,52.35,Spaceport / Landing Pad
-81.0732,83.3952,1581.3,2.55,0.31,61.0,205.7,148.8,0,0.0,0.27,343.0,0.15,61.8,53.65,Spaceport / Landing Pad
-82.5128,35.8698,2209.1,0.5,0.15,67.8,210.8,154.2,0,0.0,0.17,347.5,0.132,67.8,57.1,Spaceport / Landing Pad
-80.0,52.4606,762.9,1.25,0.42,54.0,200.5,143.2,0,0.0,0.11,320.5,0.241,54.0,52.71,Spaceport / Landing Pad
-81.6752,149.6973,631.6,0.86,0.18,53.0,199.7,142.4,0,0.0,0.13,317.1,0.255,52.7,52.61,Spaceport / Landing Pad
-88.1661,14.7436,2006.2,5.53,0.5,63.5,207.6,150.8,0,0.0,0.23,343.3,0.148,65.9,50.98,Secondary Exploration Zone
-84.8517,-67.6199,292.6,1.64,0.47,49.5,197.1,139.6,0,0.0,0.27,306.7,0.297,49.5,51.33,Spaceport / Landing Pad
-80.1595,51.9343,781.2,0.73,0.16,54.4,200.8,143.5,0,0.0,0.16,321.5,0.237,54.2,53.02,Spaceport / Landing Pad
-80.861,124.177,1684.8,0.5,0.41,62.9,207.2,150.3,0,0.0,0.32,347.5,0.132,62.8,55.28,Spaceport / Landing Pad
-83.7453,142.275,1027.0,2.24,0.28,56.0,202.0,144.8,0,0.0,0.06,327.3,0.213,56.5,52.61,Spaceport / Landing Pad
-81.4196,-45.0,1965.9,0.5,0.4,65.5,209.1,152.4,0,0.0,0.16,347.5,0.132,65.5,56.26,Spaceport / Landing Pad
-83.7398,69.9439,330.8,1.12,0.48,50.1,197.5,140.0,0,0.0,0.05,308.2,0.291,49.9,51.75,Spaceport / Landing Pad
-81.2706,24.6468,1433.3,1.7,0.51,60.0,205.0,148.0,0,0.0,0.32,339.5,0.164,60.4,54.02,Spaceport / Landing Pad
-81.4277,125.2476,1534.6,1.06,0.19,61.3,205.9,149.0,0,0.0,0.08,342.9,0.15,61.4,54.67,Spaceport / Landing Pad
-80.0,53.0357,675.9,1.27,0.43,53.2,199.9,142.5,0,0.0,0.24,318.0,0.251,53.2,52.49,Spaceport / Landing Pad
-85.4405,22.8906,496.2,9.72,1.04,47.5,195.6,138.0,0,0.0,0.15,305.9,0.3,51.4,37.84,Secondary Exploration Zone
-83.4834,-51.9811,820.3,1.94,0.46,54.2,200.7,143.4,0,0.0,0.25,321.6,0.236,54.5,52.37,Spaceport / Landing Pad
-82.2071,-124.2611,874.5,0.86,0.19,55.2,201.4,144.2,0,0.0,0.28,324.1,0.226,55.1,53.19,Spaceport / Landing Pad
-81.0032,59.444,994.4,2.02,0.38,55.8,201.8,144.6,0,0.0,0.29,326.6,0.216,56.2,52.72,Spaceport / Landing Pad
-84.9405,-150.124,1327.9,1.1,0.25,59.3,204.5,147.5,0,0.0,0.23,336.9,0.174,59.4,54.15,Spaceport / Landing Pad
-83.8748,7.8831,-3399.8,3.61,0.57,0.0,60.0,60.5,1,0.557,3.09,293.0,0.352,0.0,42.84,ISRU Cryogenic Mining Outpost
-80.0,-135.6821,1292.8,1.43,0.21,58.8,204.1,147.1,0,0.0,0.17,335.7,0.18,59.1,53.87,Spaceport / Landing Pad
-80.0,-133.6196,1319.6,2.07,0.54,58.8,204.1,147.0,0,0.0,0.09,335.9,0.179,59.3,53.46,Spaceport / Landing Pad
-82.2745,-28.1132,1666.6,1.15,0.45,62.4,206.8,149.9,0,0.0,0.07,346.7,0.135,62.6,54.94,Spaceport / Landing Pad
-82.9738,109.3978,1007.2,1.88,0.26,56.0,202.0,144.8,0,0.0,0.11,327.1,0.214,56.3,52.86,Spaceport / Landing Pad
-82.9244,8.3439,1702.2,7.43,0.65,59.7,204.8,147.8,0,0.0,0.34,341.8,0.155,63.0,46.24,Secondary Exploration Zone
-86.0201,129.2894,-630.0,5.35,0.7,0.0,63.3,53.3,1,0.116,0.85,291.6,0.358,0.0,31.69,Secondary Exploration Zone
-81.1635,-121.1713,1331.9,1.01,0.43,59.4,204.5,147.5,0,0.0,0.1,337.1,0.174,59.4,54.21,Spaceport / Landing Pad
-81.3589,-153.7117,856.0,1.14,0.32,54.9,201.2,143.9,0,0.0,0.3,323.3,0.23,54.9,53.0,Spaceport / Landing Pad
-84.0188,157.0362,1477.7,1.3,0.47,60.6,205.5,148.5,0,0.0,0.09,341.1,0.158,60.8,54.39,Spaceport / Landing Pad
-82.4387,-61.2202,840.1,1.72,0.24,54.5,200.9,143.6,0,0.0,0.22,322.4,0.233,54.7,52.58,Spaceport / Landing Pad
-80.0,44.3179,1107.2,1.86,0.43,56.9,202.7,145.5,0,0.0,0.12,330.0,0.203,57.3,53.12,Spaceport / Landing Pad
-86.3393,-19.359,1366.4,1.14,0.21,59.7,204.7,147.7,0,0.0,0.13,338.0,0.17,59.8,54.22,Spaceport / Landing Pad
-87.0929,137.6026,696.7,2.19,0.36,52.9,199.7,142.4,0,0.0,0.18,317.9,0.252,53.4,51.86,Spaceport / Landing Pad
-82.6206,-92.1747,1137.2,1.73,0.39,57.2,202.9,145.8,0,0.0,0.08,330.9,0.199,57.6,53.29,Spaceport / Landing Pad
-89.4557,-30.9638,1586.7,1.24,0.35,61.6,206.2,149.3,0,0.0,0.34,344.3,0.145,61.9,54.69,Spaceport / Landing Pad
-82.6966,38.7742,2109.5,0.65,0.29,66.8,210.1,153.4,0,0.0,0.17,347.4,0.132,66.9,56.7,Spaceport / Landing Pad
-86.7638,-123.2317,1509.5,1.12,0.38,61.0,205.7,148.8,0,0.0,0.05,342.2,0.153,61.1,54.58,Spaceport / Landing Pad
-85.3497,10.4077,-2324.8,5.27,0.69,0.0,67.7,62.1,1,0.631,3.47,291.7,0.358,0.0,42.13,ISRU Cryogenic Mining Outpost
-84.3176,75.7355,889.1,2.31,0.27,54.7,201.0,143.7,0,0.0,0.07,323.3,0.23,55.2,52.22,Spaceport / Landing Pad
-87.6202,138.1798,565.2,1.93,0.26,51.8,198.9,141.5,0,0.0,0.19,314.3,0.266,52.1,51.76,Spaceport / Landing Pad
-84.7778,-61.1443,12.6,0.5,0.32,47.4,195.6,137.9,0,0.0,0.25,299.5,0.326,46.8,51.27,Spaceport / Landing Pad
-80.1348,-147.3625,666.3,1.39,0.35,53.0,199.8,142.4,0,0.0,0.13,317.6,0.253,53.1,52.39,Spaceport / Landing Pad
-82.3334,-137.9609,411.5,0.7,0.17,51.0,198.3,140.8,0,0.0,0.32,310.9,0.28,50.6,52.15,Spaceport / Landing Pad
-80.4361,-161.2114,1522.5,0.5,0.35,61.4,206.1,149.1,0,0.0,0.09,343.0,0.15,61.3,54.88,Spaceport / Landing Pad
-80.2915,-33.2317,1560.3,0.66,0.32,61.7,206.3,149.3,0,0.0,0.34,344.0,0.146,61.6,54.91,Spaceport / Landing Pad
-88.4104,40.2364,-1239.8,9.85,0.84,0.0,55.6,63.8,1,0.522,2.86,287.9,0.373,0.0,30.57,ISRU Cryogenic Mining Outpost
-89.868,-135.0,-2541.4,15.2,1.33,0.0,63.3,44.2,1,0.684,3.87,283.5,0.391,0.0,18.05,ISRU Cryogenic Mining Outpost
-80.6462,126.0694,1651.2,1.29,0.39,62.2,206.7,149.8,0,0.0,0.22,346.1,0.137,62.5,54.82,Spaceport / Landing Pad
-82.7109,9.5829,1111.8,4.43,0.45,55.7,201.8,144.6,0,0.0,0.19,328.0,0.211,57.3,50.23,Secondary Exploration Zone
-81.3791,-160.3879,1026.1,1.67,0.48,56.2,202.2,145.0,0,0.0,0.28,327.8,0.211,56.5,53.07,Spaceport / Landing Pad
-85.3124,54.7276,-2696.3,3.94,0.53,0.0,62.4,68.8,1,0.848,4.74,292.8,0.353,0.0,48.28,ISRU Cryogenic Mining Outpost
-84.8585,3.1221,-3098.1,2.88,0.38,0.0,84.9,37.6,1,0.813,4.37,293.6,0.35,0.0,48.7,ISRU Cryogenic Mining Outpost
-80.0,53.0272,914.5,0.62,0.36,55.7,201.8,144.6,0,0.0,0.3,325.4,0.221,55.4,53.38,Spaceport / Landing Pad
-80.1348,-110.4926,883.4,2.42,0.31,54.6,200.9,143.7,0,0.0,0.07,323.0,0.231,55.1,52.11,Spaceport / Landing Pad
-87.0335,77.2756,704.8,10.22,1.11,49.2,196.9,139.3,0,0.0,0.07,311.5,0.277,53.4,36.98,Secondary Exploration Zone
-82.8607,-41.8202,1841.4,0.5,0.35,64.4,208.3,151.5,0,0.0,0.26,347.5,0.132,64.3,55.83,Spaceport / Landing Pad
-83.9148,-69.3411,783.2,1.92,0.27,53.9,200.4,143.1,0,0.0,0.17,320.6,0.241,54.2,52.3,Spaceport / Landing Pad
-84.3176,165.7355,1310.2,0.51,0.36,59.4,204.6,147.5,0,0.0,0.12,336.9,0.174,59.2,54.37,Spaceport / Landing Pad
-83.8126,-168.6901,2021.4,1.29,0.19,65.7,209.2,152.5,0,0.0,0.09,346.8,0.134,66.0,56.08,Spaceport / Landing Pad
-81.4196,14.4898,1335.2,0.5,0.15,59.7,204.8,147.7,0,0.0,0.06,337.6,0.171,59.5,54.44,Spaceport / Landing Pad
-81.5053,-179.3704,1465.2,2.34,0.44,60.0,205.0,148.0,0,0.0,0.28,339.9,0.162,60.7,53.57,Spaceport / Landing Pad
-80.0,39.6233,1208.2,1.88,0.27,57.8,203.4,146.3,0,0.0,0.14,332.9,0.191,58.3,53.35,Spaceport / Landing Pad
-83.3196,15.3955,-137.3,11.78,1.21,40.6,190.5,132.5,0,0.0,0.19,286.3,0.379,45.4,30.42,Secondary Exploration Zone
-82.4387,-0.7073,82.5,0.5,0.16,48.1,196.0,138.4,0,0.0,0.15,301.5,0.318,47.5,51.43,Spaceport / Landing Pad
-80.6797,-150.611,956.1,1.72,0.51,55.6,201.7,144.5,0,0.0,0.21,325.7,0.22,55.8,52.86,Spaceport / Landing Pad
-86.2827,118.4956,980.8,6.68,0.72,53.4,200.1,142.7,0,0.0,0.13,322.3,0.233,56.1,46.04,Secondary Exploration Zone
-82.0259,-154.3348,419.7,0.89,0.46,51.0,198.2,140.8,0,0.0,0.19,310.9,0.28,50.7,52.08,Spaceport / Landing Pad
-84.1543,-141.4831,1614.5,1.04,0.2,62.0,206.5,149.6,0,0.0,0.33,345.2,0.141,62.1,54.87,Spaceport / Landing Pad
-83.5425,4.1446,-2317.7,6.99,0.61,0.0,73.6,41.1,1,0.071,0.7,290.3,0.363,0.0,27.93,Secondary Exploration Zone
-83.5263,24.7174,1410.7,1.98,0.52,59.7,204.7,147.7,0,0.0,0.31,338.6,0.168,60.2,53.75,Spaceport / Landing Pad
-82.252,-121.2005,884.2,0.5,0.3,55.5,201.6,144.4,0,0.0,0.11,324.6,0.224,55.2,53.35,Spaceport / Landing Pad
-86.8622,-149.6209,929.4,0.82,0.39,55.8,201.8,144.6,0,0.0,0.06,325.7,0.22,55.6,53.34,Spaceport / Landing Pad
-82.0215,96.0441,1300.5,0.56,0.16,59.3,204.5,147.5,0,0.0,0.19,336.6,0.176,59.1,54.33,Spaceport / Landing Pad
-81.9736,-8.6955,396.7,1.12,0.25,50.7,198.0,140.5,0,0.0,0.22,310.1,0.283,50.5,51.91,Spaceport / Landing Pad
-81.6085,25.71,1709.9,1.67,0.48,62.6,206.9,150.1,0,0.0,0.13,346.5,0.136,63.1,54.74,Spaceport / Landing Pad
-80.1879,145.8564,952.3,1.19,0.47,55.8,201.8,144.6,0,0.0,0.19,326.0,0.218,55.8,53.2,Spaceport / Landing Pad
-84.1187,35.9605,866.9,0.82,0.22,55.2,201.4,144.1,0,0.0,0.11,323.9,0.227,55.0,53.19,Spaceport / Landing Pad
-80.4252,60.1858,760.6,0.79,0.4,54.2,200.7,143.4,0,0.0,0.08,320.8,0.239,54.0,52.94,Spaceport / Landing Pad
-84.287,-94.6859,1002.4,0.62,0.41,56.5,202.4,145.2,0,0.0,0.09,328.0,0.211,56.3,53.6,Spaceport / Landing Pad
-80.0,-135.6511,1718.3,2.13,0.43,62.4,206.8,150.0,0,0.0,0.24,346.1,0.137,63.1,54.41,Spaceport / Landing Pad
-84.4291,31.293,860.4,2.01,0.43,54.5,200.9,143.6,0,0.0,0.16,322.7,0.232,54.9,52.41,Spaceport / Landing Pad
-80.6053,115.292,561.2,1.55,0.24,52.0,199.0,141.6,0,0.0,0.16,314.5,0.265,52.1,52.04,Spaceport / Landing Pad
-85.4176,-123.3664,1540.9,0.94,0.25,61.4,206.0,149.1,0,0.0,0.21,343.2,0.149,61.4,54.75,Spaceport / Landing Pad
-83.2212,-38.2902,1593.2,1.03,0.31,61.8,206.4,149.4,0,0.0,0.08,344.6,0.143,61.9,54.82,Spaceport / Landing Pad
-88.6999,111.0375,1307.4,2.35,0.5,58.5,203.9,146.8,0,0.0,0.14,335.3,0.181,59.2,53.18,Spaceport / Landing Pad
-88.224,-3.0128,2157.6,1.12,0.34,67.0,210.3,153.6,0,0.0,0.1,347.0,0.134,67.3,56.65,Spaceport / Landing Pad
-83.8919,38.7966,980.8,2.24,0.39,55.6,201.7,144.4,0,0.0,0.2,326.0,0.219,56.1,52.5,Spaceport / Landing Pad
-83.613,-116.9395,2155.8,2.11,0.27,66.5,209.9,153.2,0,0.0,0.11,346.1,0.137,67.3,55.94,Spaceport / Landing Pad
-80.8572,-152.6501,1043.4,0.69,0.16,56.9,202.7,145.5,0,0.0,0.18,329.1,0.206,56.7,53.67,Spaceport / Landing Pad
-81.1911,-115.7505,831.9,1.33,0.34,54.6,201.0,143.7,0,0.0,0.23,322.5,0.233,54.7,52.83,Spaceport / Landing Pad
-80.2735,52.8002,708.7,0.5,0.29,53.9,200.4,143.1,0,0.0,0.05,319.6,0.245,53.5,52.93,Spaceport / Landing Pad
-81.371,15.69,1316.1,0.63,0.34,59.4,204.6,147.5,0,0.0,0.25,337.0,0.174,59.3,54.34,Spaceport / Landing Pad
-81.1911,-74.6384,1692.8,0.76,0.35,62.9,207.1,150.3,0,0.0,0.31,347.3,0.133,62.9,55.21,Spaceport / Landing Pad
-80.0,-128.5892,2121.7,1.1,0.4,66.7,210.0,153.3,0,0.0,0.2,347.0,0.134,67.0,56.54,Spaceport / Landing Pad
-85.2022,37.0928,1712.9,5.19,0.74,60.9,205.7,148.7,0,0.0,0.18,343.6,0.147,63.1,50.54,Secondary Exploration Zone
-80.5867,22.751,1077.8,0.97,0.35,57.1,202.8,145.6,0,0.0,0.28,329.8,0.203,57.0,53.62,Spaceport / Landing Pad
-85.7002,117.1213,-307.2,4.74,0.57,0.0,82.9,45.0,1,0.29,1.58,292.1,0.356,0.0,36.07,Secondary Exploration Zone
-86.6998,-151.2602,832.4,0.91,0.41,54.8,201.1,143.9,0,0.0,0.33,322.8,0.232,54.7,53.06,Spaceport / Landing Pad
-80.736,49.0856,830.3,1.12,0.44,54.7,201.0,143.8,0,0.0,0.24,322.6,0.232,54.6,52.95,Spaceport / Landing Pad
-80.0,56.7386,855.0,0.54,0.22,55.2,201.4,144.2,0,0.0,0.28,323.8,0.228,54.9,53.27,Spaceport / Landing Pad
-84.3053,0.9392,-2925.5,4.24,0.43,0.0,96.1,44.0,1,0.595,3.38,292.5,0.354,0.0,42.83,ISRU Cryogenic Mining Outpost
-84.0715,-146.5601,1469.9,1.5,0.36,60.4,205.3,148.4,0,0.0,0.17,340.7,0.159,60.8,54.25,Spaceport / Landing Pad
-82.234,-103.2011,1187.6,1.34,0.26,57.9,203.4,146.3,0,0.0,0.22,332.7,0.191,58.1,53.68,Spaceport / Landing Pad
-86.0201,-50.7106,851.1,1.6,0.28,54.7,201.0,143.7,0,0.0,0.33,322.8,0.232,54.8,52.69,Spaceport / Landing Pad
-86.4456,60.0685,1094.0,5.46,0.65,55.1,201.3,144.0,0,0.0,0.32,326.6,0.216,57.2,48.57,Secondary Exploration Zone
-80.7548,-178.2643,856.0,1.14,0.48,54.9,201.2,143.9,0,0.0,0.13,323.3,0.23,54.9,53.0,Spaceport / Landing Pad
-80.0,-129.9994,1357.3,0.5,0.15,59.9,204.9,147.9,0,0.0,0.3,338.3,0.169,59.7,54.49,Spaceport / Landing Pad
-81.132,179.3969,1171.3,1.18,0.19,57.8,203.4,146.3,0,0.0,0.11,332.4,0.193,57.9,53.73,Spaceport / Landing Pad
-83.4089,12.2648,-1461.9,9.01,0.93,29.7,182.2,123.7,0,0.0,0.1,288.6,0.37,32.7,33.52,Secondary Exploration Zone
-87.9338,-71.5651,891.4,0.96,0.41,55.3,201.5,144.3,0,0.0,0.3,324.5,0.225,55.2,53.18,Spaceport / Landing Pad
-81.5795,-148.6005,611.5,0.82,0.45,52.8,199.6,142.2,0,0.0,0.26,316.5,0.257,52.5,52.57,Spaceport / Landing Pad
-80.0,140.8395,1636.2,0.5,0.39,62.5,206.8,150.0,0,0.0,0.29,346.3,0.136,62.4,55.16,Spaceport / Landing Pad
-80.2915,33.2317,1687.4,0.5,0.15,62.9,207.2,150.4,0,0.0,0.17,347.5,0.132,62.8,55.29,Spaceport / Landing Pad
-80.0,-144.0903,582.5,0.63,0.26,52.6,199.5,142.1,0,0.0,0.24,315.8,0.26,52.3,52.59,Spaceport / Landing Pad
-83.712,-84.0355,915.5,0.66,0.15,55.7,201.8,144.6,0,0.0,0.26,325.4,0.221,55.5,53.37,Spaceport / Landing Pad
-82.5268,-62.4748,921.8,1.33,0.29,55.4,201.6,144.4,0,0.0,0.14,325.0,0.222,55.5,53.04,Spaceport / Landing Pad
-80.0,-50.9743,501.2,1.85,0.52,51.3,198.5,141.0,0,0.0,0.14,312.5,0.273,51.5,51.68,Spaceport / Landing Pad
-81.2706,24.6468,1433.3,1.7,0.51,60.0,205.0,148.0,0,0.0,0.32,339.5,0.164,60.4,54.02,Spaceport / Landing Pad
-80.0,-142.0379,739.6,1.6,0.32,53.6,200.2,142.9,0,0.0,0.21,319.6,0.245,53.8,52.43,Spaceport / Landing Pad
-85.0873,-104.3003,1394.2,0.77,0.38,60.1,205.1,148.1,0,0.0,0.09,339.1,0.166,60.0,54.47,Spaceport / Landing Pad
-84.4291,-98.6732,1163.5,1.3,0.28,57.7,203.3,146.2,0,0.0,0.08,332.0,0.194,57.8,53.64,Spaceport / Landing Pad
-83.8126,-11.3099,1317.4,3.29,0.5,58.2,203.6,146.5,0,0.0,0.28,334.8,0.183,59.3,52.23,Spaceport / Landing Pad
-80.6797,-29.389,1964.6,0.85,0.41,65.3,209.0,152.3,0,0.0,0.1,347.2,0.133,65.5,56.12,Spaceport / Landing Pad
-86.6164,155.556,719.8,1.34,0.36,53.6,200.2,142.9,0,0.0,0.1,319.2,0.246,53.6,52.56,Spaceport / Landing Pad
-86.4456,-150.0685,739.0,0.5,0.15,54.1,200.6,143.3,0,0.0,0.12,320.5,0.241,53.8,53.01,Spaceport / Landing Pad
-85.1949,97.8153,1141.4,0.87,0.41,57.7,203.3,146.2,0,0.0,0.3,331.8,0.195,57.6,53.82,Spaceport / Landing Pad
-80.096,23.9077,1228.6,1.68,0.33,58.1,203.6,146.5,0,0.0,0.21,333.6,0.188,58.5,53.54,Spaceport / Landing Pad
-81.789,-8.4986,406.8,0.53,0.34,51.0,198.3,140.8,0,0.0,0.17,310.9,0.28,50.6,52.2,Spaceport / Landing Pad
-80.0,51.4188,982.7,0.9,0.21,56.2,202.2,145.0,0,0.0,0.23,327.2,0.214,56.1,53.43,Spaceport / Landing Pad
-85.7737,-96.3402,1621.8,0.5,0.36,62.3,206.7,149.9,0,0.0,0.14,345.9,0.138,62.2,55.12,Spaceport / Landing Pad
-80.8877,6.4698,1357.2,0.6,0.34,59.8,204.9,147.9,0,0.0,0.05,338.2,0.169,59.7,54.45,Spaceport / Landing Pad
-88.783,147.5288,461.9,1.63,0.46,51.0,198.3,140.8,0,0.0,0.19,311.5,0.277,51.1,51.74,Spaceport / Landing Pad
-82.1448,-159.8424,626.7,1.28,0.36,52.7,199.5,142.2,0,0.0,0.19,316.6,0.257,52.7,52.37,Spaceport / Landing Pad
-82.4571,-77.8557,1276.4,1.44,0.5,58.7,204.0,146.9,0,0.0,0.3,335.2,0.181,58.9,53.83,Spaceport / Landing Pad
-88.1661,-165.2564,121.1,13.79,1.1,42.0,191.5,133.6,0,0.0,0.33,291.7,0.357,47.9,24.48,Secondary Exploration Zone
-82.4111,-94.9392,1340.5,0.5,0.28,59.7,204.8,147.8,0,0.0,0.18,337.8,0.171,59.5,54.45,Spaceport / Landing Pad
-82.0785,111.4253,619.0,1.34,0.41,52.6,199.5,142.1,0,0.0,0.35,316.3,0.258,52.6,52.31,Spaceport / Landing Pad
-80.0,-38.7365,855.1,0.57,0.28,55.2,201.4,144.1,0,0.0,0.27,323.7,0.228,54.9,53.26,Spaceport / Landing Pad
-88.11,-147.0948,854.0,1.58,0.46,54.7,201.0,143.8,0,0.0,0.1,322.9,0.231,54.9,52.72,Spaceport / Landing Pad
-81.3226,78.2066,1990.2,1.76,0.33,65.1,208.9,152.1,0,0.0,0.22,346.4,0.136,65.7,55.65,Spaceport / Landing Pad
-84.7247,-103.2986,1363.1,0.5,0.3,59.9,204.9,147.9,0,0.0,0.14,338.4,0.168,59.7,54.5,Spaceport / Landing Pad
-83.6899,-82.3493,984.4,0.97,0.36,56.2,202.1,145.0,0,0.0,0.27,327.1,0.214,56.1,53.39,Spaceport / Landing Pad
-84.1543,-160.4077,1691.4,1.33,0.21,62.6,206.9,150.1,0,0.0,0.28,346.8,0.134,62.9,54.9,Spaceport / Landing Pad
-83.3984,-43.8542,1649.0,0.5,0.42,62.6,206.9,150.1,0,0.0,0.35,346.7,0.135,62.5,55.19,Spaceport / Landing Pad
-83.3878,-41.5664,1676.6,0.79,0.37,62.7,207.0,150.2,0,0.0,0.21,347.2,0.133,62.7,55.14,Spaceport / Landing Pad
-85.2313,-86.6335,1372.8,0.5,0.31,60.0,205.0,148.0,0,0.0,0.25,338.7,0.167,59.8,54.53,Spaceport / Landing Pad
-82.2071,6.1886,684.2,2.42,0.5,52.7,199.5,142.2,0,0.0,0.05,317.3,0.254,53.2,51.63,Spaceport / Landing Pad
-80.0,-131.8892,2156.0,1.29,0.33,66.9,210.2,153.5,0,0.0,0.35,346.8,0.134,67.3,56.54,Spaceport / Landing Pad
-82.4249,22.4569,1894.8,0.86,0.27,64.7,208.5,151.7,0,0.0,0.27,347.2,0.133,64.8,55.87,Spaceport / Landing Pad
-81.2387,-128.9458,1458.6,1.29,0.23,60.4,205.3,148.4,0,0.0,0.09,340.6,0.16,60.7,54.36,Spaceport / Landing Pad
-80.0,-139.4556,708.4,0.51,0.31,53.9,200.4,143.1,0,0.0,0.17,319.6,0.245,53.5,52.93,Spaceport / Landing Pad
-86.6061,-58.4957,633.2,1.16,0.3,52.8,199.6,142.3,0,0.0,0.35,316.9,0.256,52.8,52.46,Spaceport / Landing Pad
-86.0818,167.6192,1237.6,0.5,0.42,58.8,204.1,147.0,0,0.0,0.12,334.8,0.183,58.5,54.2,Spaceport / Landing Pad
-83.8578,73.2174,539.6,1.01,0.25,52.1,199.0,141.6,0,0.0,0.06,314.3,0.266,51.9,52.31,Spaceport / Landing Pad
-86.3969,73.4429,5275.2,3.48,0.45,93.5,230.1,174.8,0,0.0,0.11,345.0,0.142,97.2,65.03,Optimal Habitat Base
-80.736,-130.9144,1569.7,0.75,0.43,61.7,206.3,149.4,0,0.0,0.34,344.2,0.145,61.7,54.9,Spaceport / Landing Pad
-86.0288,23.5523,2869.7,4.32,0.67,72.1,214.0,157.7,0,0.0,0.25,344.3,0.144,74.2,55.9,Secondary Exploration Zone
-81.3468,156.4768,357.2,0.98,0.19,50.4,197.8,140.3,0,0.0,0.14,309.1,0.287,50.1,51.89,Spaceport / Landing Pad
-83.8748,82.1169,1234.9,1.35,0.27,58.3,203.7,146.7,0,0.0,0.34,334.1,0.186,58.5,53.78,Spaceport / Landing Pad
-82.1714,-140.8067,365.0,0.78,0.29,50.5,197.9,140.4,0,0.0,0.25,309.5,0.286,50.2,52.0,Spaceport / Landing Pad
-84.2143,-162.1497,1708.5,1.73,0.38,62.5,206.9,150.0,0,0.0,0.17,346.5,0.136,63.0,54.69,Spaceport / Landing Pad
-80.0,49.2364,1051.2,1.46,0.27,56.6,202.4,145.3,0,0.0,0.31,328.7,0.208,56.8,53.27,Spaceport / Landing Pad
-80.0,-143.2356,569.4,0.64,0.42,52.5,199.4,142.0,0,0.0,0.25,315.5,0.261,52.1,52.55,Spaceport / Landing Pad
-82.7975,-86.2847,835.8,0.5,0.19,55.0,201.3,144.0,0,0.0,0.22,323.3,0.23,54.7,53.24,Spaceport / Landing Pad
-84.1187,-0.9094,-2266.3,6.53,0.86,0.0,88.1,41.1,1,0.308,1.84,290.6,0.362,0.0,33.56,Secondary Exploration Zone
-80.0,-152.7447,833.1,0.5,0.18,55.0,201.3,144.0,0,0.0,0.09,323.2,0.23,54.7,53.23,Spaceport / Landing Pad
-82.0259,115.6652,993.8,1.72,0.49,55.9,201.9,144.7,0,0.0,0.13,326.8,0.215,56.2,52.95,Spaceport / Landing Pad
-81.0732,21.4677,1202.2,1.14,0.39,58.1,203.6,146.5,0,0.0,0.35,333.3,0.189,58.2,53.83,Spaceport / Landing Pad
-82.6112,86.3785,1174.7,0.67,0.18,58.1,203.6,146.5,0,0.0,0.07,332.9,0.191,57.9,53.99,Spaceport / Landing Pad
-85.7491,98.8418,1711.8,22.77,1.72,52.5,199.4,142.0,0,0.0,0.34,329.1,0.206,63.1,23.22,Hazard / Exclusion Zone
-82.8949,-99.8336,1512.1,0.5,0.18,61.3,206.0,149.0,0,0.0,0.26,342.7,0.151,61.2,54.86,Spaceport / Landing Pad
-86.1992,-65.3231,328.5,1.26,0.28,50.0,197.5,140.0,0,0.0,0.15,308.0,0.291,49.8,51.66,Spaceport / Landing Pad
-82.6017,29.4759,2173.6,0.5,0.34,67.4,210.6,154.0,0,0.0,0.28,347.5,0.132,67.5,56.98,Spaceport / Landing Pad
-85.2313,-86.6335,1372.8,0.5,0.31,60.0,205.0,148.0,0,0.0,0.25,338.7,0.167,59.8,54.53,Spaceport / Landing Pad
-82.8607,-168.6901,1774.2,2.34,0.41,62.9,207.1,150.3,0,0.0,0.34,346.0,0.138,63.7,54.42,Spaceport / Landing Pad
-85.4253,-91.1691,1475.5,1.59,0.24,60.5,205.3,148.4,0,0.0,0.24,340.8,0.159,60.8,54.2,Spaceport / Landing Pad
-82.8607,131.8202,884.1,2.57,0.3,54.5,200.9,143.6,0,0.0,0.15,322.9,0.231,55.2,51.96,Spaceport / Landing Pad
-82.6632,126.7241,1488.2,2.19,0.47,60.3,205.2,148.2,0,0.0,0.11,340.7,0.159,60.9,53.76,Spaceport / Landing Pad
-80.0,131.8892,1383.8,1.08,0.42,59.8,204.9,147.9,0,0.0,0.07,338.6,0.168,59.9,54.3,Spaceport / Landing Pad
-83.4301,157.4428,1176.6,0.98,0.36,58.0,203.5,146.4,0,0.0,0.32,332.7,0.192,58.0,53.85,Spaceport / Landing Pad
-83.9263,43.7546,1113.0,1.81,0.4,57.0,202.7,145.6,0,0.0,0.19,330.2,0.202,57.3,53.17,Spaceport / Landing Pad
-80.0,130.7636,1472.0,2.05,0.3,60.2,205.1,148.2,0,0.0,0.07,340.3,0.161,60.8,53.84,Spaceport / Landing Pad
-83.8521,149.9314,1406.0,0.8,0.38,60.2,205.1,148.1,0,0.0,0.15,339.4,0.164,60.2,54.49,Spaceport / Landing Pad
-83.9781,-161.0033,1726.8,0.64,0.23,63.2,207.4,150.6,0,0.0,0.17,347.4,0.132,63.2,55.38,Spaceport / Landing Pad
-82.7301,105.6422,921.0,0.5,0.35,55.8,201.9,144.7,0,0.0,0.27,325.7,0.22,55.5,53.44,Spaceport / Landing Pad
-80.096,113.9077,472.4,0.91,0.42,51.5,198.6,141.2,0,0.0,0.12,312.4,0.274,51.2,52.2,Spaceport / Landing Pad
-81.0967,-150.4786,901.8,1.09,0.3,55.4,201.5,144.3,0,0.0,0.21,324.7,0.224,55.3,53.13,Spaceport / Landing Pad
-83.3196,-97.2243,1258.3,1.13,0.34,58.7,204.0,146.9,0,0.0,0.16,334.9,0.183,58.7,53.97,Spaceport / Landing Pad
-80.469,-14.1723,806.2,0.5,0.19,54.8,201.1,143.8,0,0.0,0.15,322.4,0.233,54.4,53.17,Spaceport / Landing Pad
-81.3226,101.7934,959.2,0.79,0.33,56.0,202.0,144.8,0,0.0,0.15,326.6,0.216,55.9,53.42,Spaceport / Landing Pad
-85.052,-1.0809,-2118.8,5.83,0.8,0.0,47.6,45.9,1,0.463,2.49,291.2,0.359,0.0,37.86,ISRU Cryogenic Mining Outpost
-80.0,53.427,922.1,0.5,0.4,55.8,201.9,144.7,0,0.0,0.22,325.7,0.22,55.5,53.45,Spaceport / Landing Pad
-82.9987,137.1611,590.9,0.77,0.17,52.6,199.5,142.1,0,0.0,0.12,316.0,0.259,52.3,52.55,Spaceport / Landing Pad
-84.3607,-77.5741,1104.8,0.5,0.41,57.5,203.2,146.0,0,0.0,0.34,331.0,0.198,57.3,53.88,Spaceport / Landing Pad
-86.3298,-82.6942,1223.0,1.68,0.34,58.1,203.5,146.5,0,0.0,0.09,333.4,0.188,58.4,53.53,Spaceport / Landing Pad
-80.0,39.6233,1208.2,1.88,0.27,57.8,203.4,146.3,0,0.0,0.14,332.9,0.191,58.3,53.35,Spaceport / Landing Pad
-84.1722,-121.9081,2266.3,0.5,0.36,68.3,211.2,154.6,0,0.0,0.3,347.5,0.132,68.4,57.3,Spaceport / Landing Pad
-82.1271,100.2441,1220.7,1.04,0.18,58.4,203.8,146.7,0,0.0,0.29,333.9,0.187,58.4,53.93,Spaceport / Landing Pad
-82.5501,-127.875,835.1,0.97,0.19,54.8,201.1,143.8,0,0.0,0.1,322.8,0.231,54.7,53.04,Spaceport / Landing Pad
-81.4277,-35.2476,1587.8,0.5,0.36,62.0,206.5,149.6,0,0.0,0.12,344.9,0.142,61.9,55.04,Spaceport / Landing Pad
-85.4253,-1.1691,-1439.1,5.51,0.59,0.0,89.2,52.5,1,0.221,1.27,291.5,0.358,0.0,33.55,Secondary Exploration Zone
-85.6759,57.3391,-1523.9,6.96,0.71,0.0,98.3,43.5,1,0.358,1.97,290.3,0.363,0.0,33.75,Secondary Exploration Zone
-80.0,-53.7974,116.9,1.13,0.34,48.1,196.1,138.5,0,0.0,0.27,302.0,0.316,47.8,51.24,Spaceport / Landing Pad
-82.9491,-83.1572,880.2,1.17,0.26,55.1,201.3,144.1,0,0.0,0.13,324.0,0.227,55.1,53.04,Spaceport / Landing Pad
-81.8529,-161.9802,794.6,0.5,0.2,54.7,201.0,143.7,0,0.0,0.29,322.1,0.235,54.3,53.14,Spaceport / Landing Pad
-88.346,16.3895,2350.7,4.29,0.45,67.3,210.5,153.8,0,0.0,0.32,344.4,0.144,69.2,54.14,Secondary Exploration Zone
-80.2735,-52.8002,732.9,1.39,0.23,53.7,200.2,142.9,0,0.0,0.18,319.6,0.245,53.7,52.56,Spaceport / Landing Pad
-80.7473,-59.0362,901.0,0.93,0.39,55.4,201.6,144.3,0,0.0,0.19,324.8,0.224,55.3,53.21,Spaceport / Landing Pad
-84.0188,67.0362,248.6,0.82,0.4,49.4,197.1,139.6,0,0.0,0.15,306.1,0.299,49.1,51.71,Spaceport / Landing Pad
-83.2264,-11.9293,1097.6,1.47,0.49,57.0,202.8,145.6,0,0.0,0.28,330.0,0.202,57.2,53.38,Spaceport / Landing Pad
-80.0,-141.7536,616.5,1.19,0.24,52.7,199.5,142.1,0,0.0,0.15,316.4,0.258,52.6,52.4,Spaceport / Landing Pad
-83.2936,98.8068,1403.1,0.98,0.38,60.1,205.1,148.1,0,0.0,0.33,339.2,0.165,60.1,54.4,Spaceport / Landing Pad
-80.0,-40.3466,763.7,0.5,0.37,54.4,200.8,143.5,0,0.0,0.3,321.2,0.238,54.0,53.07,Spaceport / Landing Pad
-84.5877,135.0,-1423.4,4.2,0.6,0.0,59.3,39.3,1,0.317,1.87,292.6,0.354,0.0,37.34,Secondary Exploration Zone
-83.7287,-165.3432,1909.0,0.5,0.31,65.0,208.7,152.0,0,0.0,0.14,347.5,0.132,65.0,56.06,Spaceport / Landing Pad
-80.0,-131.4237,1279.1,0.5,0.16,59.2,204.4,147.3,0,0.0,0.05,336.0,0.178,58.9,54.3,Spaceport / Landing Pad
-82.0522,130.2364,889.8,2.15,0.5,54.8,201.1,143.8,0,0.0,0.07,323.5,0.229,55.2,52.36,Spaceport / Landing Pad
-86.2453,-55.1247,632.2,1.26,0.45,52.8,199.6,142.2,0,0.0,0.25,316.8,0.256,52.7,52.39,Spaceport / Landing Pad
-82.5688,-32.692,1437.1,0.76,0.25,60.5,205.4,148.4,0,0.0,0.16,340.4,0.16,60.4,54.58,Spaceport / Landing Pad
-83.0889,-73.5231,1384.0,0.66,0.34,60.0,205.0,148.0,0,0.0,0.24,338.9,0.166,59.9,54.49,Spaceport / Landing Pad
-88.4104,-93.3665,823.6,0.59,0.16,54.9,201.2,143.9,0,0.0,0.2,322.8,0.231,54.6,53.18,Spaceport / Landing Pad
-86.7531,-18.4349,1629.1,1.84,0.52,61.8,206.3,149.4,0,0.0,0.13,345.0,0.142,62.3,54.39,Spaceport / Landing Pad
-87.3964,-75.4655,804.9,0.5,0.41,54.8,201.1,143.8,0,0.0,0.26,322.4,0.233,54.4,53.16,Spaceport / Landing Pad
-80.0,-46.7899,1232.6,0.75,0.38,58.6,204.0,146.9,0,0.0,0.1,334.5,0.184,58.5,54.1,Spaceport / Landing Pad
-80.9645,56.8024,818.8,1.11,0.27,54.6,200.9,143.7,0,0.0,0.15,322.3,0.234,54.5,52.93,Spaceport / Landing Pad
-81.2069,127.2348,1365.1,1.7,0.28,59.4,204.5,147.5,0,0.0,0.28,337.5,0.172,59.8,53.85,Spaceport / Landing Pad
-83.8465,-157.7144,1558.4,1.12,0.38,61.4,206.1,149.2,0,0.0,0.19,343.6,0.148,61.6,54.69,Spaceport / Landing Pad
-83.3405,121.2392,3144.2,8.97,0.92,72.4,214.3,157.9,0,0.0,0.22,340.5,0.16,76.8,47.69,Secondary Exploration Zone
-86.5451,51.5819,1264.9,4.24,0.49,57.2,202.9,145.8,0,0.0,0.09,332.5,0.192,58.8,50.87,Secondary Exploration Zone
-82.7733,144.4623,895.1,0.52,0.43,55.6,201.7,144.5,0,0.0,0.13,324.9,0.223,55.3,53.37,Spaceport / Landing Pad
-85.4635,143.3659,763.4,12.48,1.01,48.6,196.5,138.9,0,0.0,0.06,311.3,0.278,54.0,30.38,Secondary Exploration Zone
-89.039,-150.9454,406.7,1.62,0.28,50.5,197.9,140.4,0,0.0,0.08,310.0,0.284,50.6,51.62,Spaceport / Landing Pad
-85.8739,-37.6476,1497.8,0.83,0.45,61.0,205.8,148.8,0,0.0,0.18,342.1,0.154,61.0,54.69,Spaceport / Landing Pad
-82.5782,173.5007,2120.3,1.15,0.2,66.6,210.0,153.3,0,0.0,0.21,346.9,0.134,67.0,56.5,Spaceport / Landing Pad
-80.0,-129.4945,1521.5,0.5,0.22,61.4,206.0,149.1,0,0.0,0.24,343.0,0.15,61.3,54.88,Spaceport / Landing Pad
-80.8572,139.9697,785.4,0.5,0.4,54.6,200.9,143.7,0,0.0,0.12,321.8,0.236,54.2,53.12,Spaceport / Landing Pad
-82.039,94.7079,1285.8,1.17,0.39,58.9,204.2,147.1,0,0.0,0.09,335.7,0.179,59.0,54.01,Spaceport / Landing Pad
-82.0303,71.5651,1654.7,1.71,0.52,62.1,206.5,149.6,0,0.0,0.11,345.9,0.138,62.5,54.54,Spaceport / Landing Pad
-85.3572,120.1735,-1190.7,3.19,0.55,0.0,95.4,39.4,1,0.722,4.05,293.4,0.351,0.0,46.59,ISRU Cryogenic Mining Outpost
-80.0,-142.2143,613.4,0.5,0.38,53.0,199.7,142.4,0,0.0,0.06,316.8,0.256,52.6,52.71,Spaceport / Landing Pad
-80.0,-47.411,1171.4,0.5,0.32,58.2,203.6,146.5,0,0.0,0.24,332.9,0.191,57.9,54.04,Spaceport / Landing Pad
-80.0,-118.2288,1559.4,0.5,0.19,61.8,206.3,149.4,0,0.0,0.27,344.1,0.145,61.6,54.97,Spaceport / Landing Pad
-80.7285,73.0245,2240.3,1.08,0.18,67.8,210.8,154.2,0,0.0,0.25,347.0,0.134,68.1,56.96,Spaceport / Landing Pad
-86.3489,-175.6013,865.8,1.1,0.32,55.0,201.3,144.0,0,0.0,0.08,323.6,0.228,55.0,53.04,Spaceport / Landing Pad
-85.4176,86.4965,2478.9,11.18,0.99,65.2,208.9,152.1,0,0.0,0.11,338.7,0.167,70.4,39.38,Secondary Exploration Zone
-80.0,-146.1738,794.5,1.65,0.45,54.1,200.6,143.3,0,0.0,0.12,321.1,0.238,54.3,52.53,Spaceport / Landing Pad
-83.9148,-159.3411,1653.0,0.5,0.29,62.6,207.0,150.1,0,0.0,0.27,346.8,0.134,62.5,55.2,Spaceport / Landing Pad
-82.668,121.4641,1797.6,0.74,0.25,63.8,207.9,151.1,0,0.0,0.24,347.3,0.132,63.9,55.58,Spaceport / Landing Pad
-83.1344,-46.1017,1625.2,2.01,0.43,61.6,206.2,149.3,0,0.0,0.24,344.8,0.143,62.3,54.24,Spaceport / Landing Pad
-82.4111,-4.9392,149.4,0.67,0.39,48.6,196.4,138.9,0,0.0,0.3,303.3,0.31,48.1,51.53,Spaceport / Landing Pad
-87.2153,-166.4296,892.5,0.5,0.16,55.6,201.7,144.5,0,0.0,0.35,324.9,0.223,55.2,53.37,Spaceport / Landing Pad
-83.8465,-22.2856,1013.7,0.95,0.44,56.5,202.4,145.2,0,0.0,0.28,328.0,0.21,56.4,53.48,Spaceport / Landing Pad
-82.6632,-36.7241,1599.5,0.89,0.35,61.9,206.5,149.5,0,0.0,0.26,344.9,0.142,62.0,54.91,Spaceport / Landing Pad
-80.3419,113.344,403.8,0.71,0.15,50.9,198.2,140.7,0,0.0,0.27,310.6,0.281,50.6,52.13,Spaceport / Landing Pad
-84.8653,152.9691,1527.6,0.66,0.31,61.4,206.0,149.1,0,0.0,0.07,343.1,0.15,61.3,54.84,Spaceport / Landing Pad
-82.3107,79.5085,1055.8,1.11,0.33,56.8,202.6,145.4,0,0.0,0.24,329.1,0.206,56.8,53.49,Spaceport / Landing Pad
-80.0854,41.9471,1530.5,0.92,0.25,61.3,206.0,149.0,0,0.0,0.15,342.9,0.15,61.3,54.73,Spaceport / Landing Pad
-81.4155,43.2376,1367.8,1.33,0.38,59.6,204.7,147.7,0,0.0,0.24,337.9,0.17,59.8,54.11,Spaceport / Landing Pad
-82.4341,-177.8789,2209.3,1.27,0.46,67.4,210.6,153.9,0,0.0,0.07,346.8,0.134,67.8,56.74,Spaceport / Landing Pad
-80.4252,-150.1858,881.8,1.32,0.2,55.1,201.3,144.1,0,0.0,0.14,323.9,0.227,55.1,52.95,Spaceport / Landing Pad
-80.0,-57.8356,412.9,1.89,0.26,50.5,197.8,140.4,0,0.0,0.25,309.9,0.284,50.6,51.43,Spaceport / Landing Pad
-86.8622,157.249,600.5,1.06,0.23,52.6,199.4,142.1,0,0.0,0.12,316.0,0.259,52.4,52.43,Spaceport / Landing Pad
-81.8744,88.0251,1004.5,0.66,0.23,56.5,202.4,145.2,0,0.0,0.32,328.0,0.211,56.3,53.58,Spaceport / Landing Pad
-83.5263,5.7928,-2432.2,6.65,0.81,0.0,56.1,49.6,1,0.109,0.66,290.5,0.362,0.0,29.35,Secondary Exploration Zone
-80.0,-135.0,1759.5,2.07,0.46,62.9,207.1,150.3,0,0.0,0.27,346.2,0.137,63.5,54.6,Spaceport / Landing Pad
-84.4857,-2.9108,-1892.9,6.81,0.72,0.0,76.3,44.8,1,0.288,1.84,290.4,0.363,0.0,32.63,Secondary Exploration Zone
-80.8648,172.3667,1427.4,1.86,0.42,59.9,204.9,147.9,0,0.0,0.32,339.2,0.165,60.4,53.89,Spaceport / Landing Pad
-85.4635,143.3659,763.4,12.48,1.01,48.6,196.5,138.9,0,0.0,0.06,311.3,0.278,54.0,30.38,Secondary Exploration Zone
-80.9453,-127.4606,1644.4,1.27,0.41,62.2,206.6,149.7,0,0.0,0.18,345.9,0.138,62.4,54.81,Spaceport / Landing Pad
-87.478,-51.009,1385.4,2.61,0.43,59.1,204.3,147.3,0,0.0,0.2,337.4,0.173,60.0,53.12,Spaceport / Landing Pad
-80.0,-48.6914,975.8,1.14,0.37,56.0,202.0,144.8,0,0.0,0.07,326.8,0.216,56.0,53.29,Spaceport / Landing Pad
-83.3196,172.7757,1697.7,1.57,0.41,62.5,206.9,150.0,0,0.0,0.1,346.6,0.135,62.9,54.77,Spaceport / Landing Pad
-81.3468,113.5232,478.1,1.44,0.23,51.3,198.5,141.0,0,0.0,0.2,312.2,0.275,51.3,51.91,Spaceport / Landing Pad
-80.4398,-62.6844,1520.3,2.59,0.37,60.4,205.3,148.3,0,0.0,0.12,341.3,0.157,61.2,53.47,Spaceport / Landing Pad
-80.4361,155.1858,529.7,1.3,0.47,51.8,198.9,141.5,0,0.0,0.06,313.8,0.268,51.8,52.12,Spaceport / Landing Pad
-84.3979,10.561,-3764.7,1.36,0.36,0.0,80.9,68.9,1,0.862,4.55,294.9,0.345,0.0,50.78,ISRU Cryogenic Mining Outpost
-80.0,-129.7462,1908.3,1.73,0.38,64.4,208.3,151.5,0,0.0,0.26,346.5,0.136,65.0,55.39,Spaceport / Landing Pad
-80.5498,159.7751,1075.3,1.17,0.19,56.9,202.7,145.6,0,0.0,0.1,329.6,0.204,57.0,53.51,Spaceport / Landing Pad
-81.0654,-32.1957,1716.6,0.98,0.25,63.0,207.2,150.4,0,0.0,0.14,347.1,0.133,63.1,55.19,Spaceport / Landing Pad
-80.3058,38.746,1619.6,0.89,0.26,62.1,206.6,149.7,0,0.0,0.26,345.5,0.14,62.2,54.96,Spaceport / Landing Pad
-80.736,139.0856,774.8,0.81,0.25,54.3,200.7,143.5,0,0.0,0.32,321.2,0.238,54.1,52.97,Spaceport / Landing Pad
-85.604,93.6522,1604.2,18.19,1.6,53.7,200.3,142.9,0,0.0,0.15,330.8,0.199,62.0,23.38,Secondary Exploration Zone
-86.4456,29.9315,1661.5,1.21,0.27,62.4,206.8,149.9,0,0.0,0.33,346.5,0.136,62.6,54.89,Spaceport / Landing Pad
-85.8319,124.0459,-868.4,3.94,0.38,0.0,63.5,64.8,1,0.427,2.51,292.8,0.353,0.0,39.86,ISRU Cryogenic Mining Outpost
-81.4644,-76.7236,1506.6,1.09,0.21,61.0,205.7,148.8,0,0.0,0.27,342.1,0.153,61.1,54.59,Spaceport / Landing Pad
-84.2263,55.5392,-1817.5,6.98,0.59,0.0,43.4,54.4,1,0.102,0.84,290.3,0.363,0.0,28.57,Secondary Exploration Zone
-86.6893,-111.5014,1742.5,1.01,0.27,63.2,207.4,150.6,0,0.0,0.27,347.1,0.133,63.4,55.26,Spaceport / Landing Pad
-80.0,-131.2277,2172.4,0.71,0.28,67.3,210.5,153.9,0,0.0,0.21,347.3,0.132,67.5,56.9,Spaceport / Landing Pad
-86.5451,-178.4518,940.8,0.5,0.37,56.0,202.0,144.8,0,0.0,0.16,326.3,0.217,55.7,53.49,Spaceport / Landing Pad
-81.2069,9.1623,1303.6,1.55,0.32,58.9,204.2,147.1,0,0.0,0.07,335.9,0.179,59.2,53.81,Spaceport / Landing Pad
-83.1853,-53.9149,689.2,2.28,0.37,52.8,199.6,142.3,0,0.0,0.32,317.6,0.253,53.3,51.76,Spaceport / Landing Pad
-83.6294,-140.9469,1145.7,1.67,0.27,57.4,203.0,145.9,0,0.0,0.13,331.2,0.197,57.7,53.35,Spaceport / Landing Pad
-82.7253,-56.5138,618.1,1.55,0.31,52.5,199.4,142.0,0,0.0,0.31,316.1,0.259,52.6,52.17,Spaceport / Landing Pad
-80.0,-153.6669,895.5,0.93,0.34,55.4,201.5,144.3,0,0.0,0.31,324.6,0.224,55.3,53.2,Spaceport / Landing Pad
-80.4946,107.7232,590.0,1.86,0.3,52.1,199.1,141.7,0,0.0,0.19,315.1,0.263,52.3,51.88,Spaceport / Landing Pad
-84.1902,-66.3179,385.9,1.92,0.37,50.2,197.6,140.2,0,0.0,0.18,309.1,0.287,50.4,51.35,Spaceport / Landing Pad
-86.2827,128.8845,190.9,6.84,0.81,46.0,194.5,136.8,0,0.0,0.12,299.5,0.326,48.5,43.83,Secondary Exploration Zone
-82.4341,-87.8789,1002.2,1.16,0.19,56.3,202.2,145.0,0,0.0,0.19,327.5,0.213,56.3,53.34,Spaceport / Landing Pad
-84.5301,-53.3257,420.7,1.43,0.45,50.7,198.1,140.6,0,0.0,0.31,310.5,0.281,50.7,51.78,Spaceport / Landing Pad
-80.0,135.5846,1201.9,1.27,0.29,58.1,203.5,146.5,0,0.0,0.31,333.2,0.19,58.2,53.75,Spaceport / Landing Pad
-85.4482,-105.4612,1466.7,0.5,0.34,60.9,205.7,148.7,0,0.0,0.09,341.4,0.156,60.7,54.75,Spaceport / Landing Pad
-84.4166,-38.211,1349.6,0.91,0.44,59.6,204.7,147.7,0,0.0,0.3,337.7,0.171,59.6,54.3,Spaceport / Landing Pad
-87.478,141.009,480.6,1.25,0.35,51.4,198.5,141.1,0,0.0,0.11,312.4,0.274,51.3,52.04,Spaceport / Landing Pad
-88.0024,-142.5946,987.8,1.49,0.42,56.0,202.0,144.8,0,0.0,0.2,326.8,0.215,56.1,53.1,Spaceport / Landing Pad
-80.0,-133.5856,1178.2,0.92,0.29,58.0,203.5,146.4,0,0.0,0.17,332.8,0.191,58.0,53.89,Spaceport / Landing Pad
-80.0,-135.0,1013.0,1.32,0.33,56.3,202.2,145.0,0,0.0,0.13,327.7,0.212,56.4,53.27,Spaceport / Landing Pad
-85.3347,160.1148,1528.1,0.5,0.29,61.5,206.1,149.2,0,0.0,0.28,343.2,0.149,61.3,54.9,Spaceport / Landing Pad
-81.6878,145.0607,802.7,0.5,0.34,54.7,201.1,143.8,0,0.0,0.22,322.3,0.234,54.4,53.16,Spaceport / Landing Pad
-80.5682,38.5713,1520.3,1.17,0.32,61.1,205.8,148.9,0,0.0,0.32,342.4,0.152,61.2,54.57,Spaceport / Landing Pad
-84.1187,-89.0906,907.1,0.5,0.42,55.7,201.8,144.6,0,0.0,0.25,325.3,0.221,55.4,53.41,Spaceport / Landing Pad
-82.6395,-102.45,1508.3,1.56,0.25,60.8,205.6,148.6,0,0.0,0.19,341.8,0.155,61.1,54.3,Spaceport / Landing Pad
-80.0,38.4431,1011.8,0.93,0.35,56.5,202.4,145.2,0,0.0,0.31,328.0,0.211,56.4,53.48,Spaceport / Landing Pad
-85.9506,-154.0256,619.8,0.78,0.35,52.9,199.7,142.3,0,0.0,0.11,316.8,0.256,52.6,52.61,Spaceport / Landing Pad
-84.982,108.4349,953.0,6.24,0.59,53.4,200.0,142.7,0,0.0,0.23,321.9,0.235,55.8,46.82,Secondary Exploration Zone
-84.7446,-19.7223,822.1,0.5,0.2,54.9,201.2,143.9,0,0.0,0.31,322.9,0.231,54.6,53.21,Spaceport / Landing Pad
-81.5753,-9.5667,503.3,1.19,0.41,51.6,198.7,141.3,0,0.0,0.15,313.1,0.271,51.5,52.13,Spaceport / Landing Pad
-81.4889,-68.782,2001.6,0.5,0.25,65.9,209.4,152.7,0,0.0,0.33,347.5,0.132,65.9,56.38,Spaceport / Landing Pad
-84.3176,42.337,493.3,9.33,0.88,47.6,195.7,138.1,0,0.0,0.16,306.1,0.299,51.4,38.85,Secondary Exploration Zone
-80.0,-142.125,1469.9,1.51,0.43,60.4,205.3,148.3,0,0.0,0.06,340.7,0.159,60.8,54.24,Spaceport / Landing Pad
-81.011,74.9536,2323.2,0.5,0.38,68.8,211.6,155.1,0,0.0,0.26,347.5,0.132,68.9,57.5,Spaceport / Landing Pad
-80.6723,-18.0723,1098.0,1.71,0.47,56.9,202.7,145.5,0,0.0,0.18,329.8,0.203,57.2,53.21,Spaceport / Landing Pad
-80.0,53.0357,675.9,1.27,0.43,53.2,199.9,142.5,0,0.0,0.24,318.0,0.251,53.2,52.49,Spaceport / Landing Pad
-86.907,84.8056,4889.9,4.49,0.71,90.7,228.0,172.6,0,0.0,0.35,344.2,0.145,93.5,62.67,Optimal Habitat Base
-82.1537,-57.6334,740.9,0.5,0.24,54.2,200.6,143.3,0,0.0,0.34,320.5,0.241,53.8,53.01,Spaceport / Landing Pad
-82.9244,36.4164,2051.0,1.02,0.32,66.1,209.5,152.8,0,0.0,0.17,347.0,0.133,66.3,56.33,Spaceport / Landing Pad
-88.783,32.4712,1864.7,11.22,1.17,59.4,204.6,147.5,0,0.0,0.06,338.6,0.167,64.5,37.11,Secondary Exploration Zone
-81.646,166.4296,1537.2,1.59,0.28,61.0,205.8,148.8,0,0.0,0.23,342.6,0.152,61.4,54.35,Spaceport / Landing Pad
-80.0,54.0903,760.5,0.5,0.16,54.3,200.8,143.5,0,0.0,0.23,321.1,0.239,54.0,53.06,Spaceport / Landing Pad
-81.789,-8.4986,406.8,0.53,0.34,51.0,198.3,140.8,0,0.0,0.17,310.9,0.28,50.6,52.2,Spaceport / Landing Pad
-80.4361,-71.2114,1879.1,1.32,0.28,64.3,208.2,151.5,0,0.0,0.27,346.8,0.134,64.7,55.57,Spaceport / Landing Pad
-87.478,-177.8789,692.0,1.16,0.19,53.4,200.0,142.7,0,0.0,0.31,318.6,0.249,53.3,52.59,Spaceport / Landing Pad
-84.6852,-149.3814,1495.2,0.5,0.32,61.2,205.9,148.9,0,0.0,0.06,342.3,0.153,61.0,54.82,Spaceport / Landing Pad
-80.721,-5.1944,1320.3,2.63,0.45,58.5,203.9,146.8,0,0.0,0.16,335.5,0.18,59.3,52.94,Spaceport / Landing Pad
-87.1169,150.9454,392.8,0.98,0.19,50.7,198.0,140.6,0,0.0,0.27,310.1,0.283,50.5,51.97,Spaceport / Landing Pad
-80.9414,-153.699,1070.5,0.75,0.31,57.1,202.8,145.7,0,0.0,0.07,329.8,0.203,56.9,53.7,Spaceport / Landing Pad
-89.039,-60.9454,1286.3,2.5,0.28,58.3,203.7,146.6,0,0.0,0.23,334.6,0.184,59.0,52.99,Spaceport / Landing Pad
-82.0917,-78.4248,1280.2,0.88,0.41,59.0,204.2,147.2,0,0.0,0.29,335.7,0.179,58.9,54.15,Spaceport / Landing Pad
-80.0434,128.9115,1505.0,2.55,0.5,60.3,205.2,148.2,0,0.0,0.18,340.8,0.159,61.1,53.47,Spaceport / Landing Pad
-81.3146,-178.1524,1214.0,1.42,0.3,58.1,203.6,146.5,0,0.0,0.21,333.4,0.189,58.3,53.69,Spaceport / Landing Pad
-80.0,57.8356,971.0,0.57,0.34,56.3,202.2,145.0,0,0.0,0.27,327.1,0.214,56.0,53.54,Spaceport / Landing Pad
-80.0,45.0,1178.2,2.59,0.55,57.2,202.9,145.8,0,0.0,0.3,331.4,0.197,58.0,52.65,Spaceport / Landing Pad
-83.9148,-122.4712,2208.8,0.5,0.18,67.8,210.8,154.2,0,0.0,0.12,347.5,0.132,67.8,57.1,Spaceport / Landing Pad
-80.0,137.9737,1129.6,0.87,0.34,57.6,203.2,146.1,0,0.0,0.34,331.4,0.197,57.5,53.79,Spaceport / Landing Pad
-80.0,137.7591,1434.5,1.24,0.48,60.2,205.2,148.2,0,0.0,0.12,339.9,0.162,60.4,54.33,Spaceport / Landing Pad
-83.7733,-139.8645,1341.9,2.07,0.41,59.0,204.2,147.2,0,0.0,0.33,336.5,0.176,59.5,53.52,Spaceport / Landing Pad
-80.8877,136.6603,575.6,1.12,0.22,52.3,199.2,141.9,0,0.0,0.17,315.2,0.262,52.2,52.34,Spaceport / Landing Pad
-81.6627,-158.3177,768.2,2.04,0.38,53.7,200.3,142.9,0,0.0,0.15,320.0,0.243,54.0,52.16,Spaceport / Landing Pad
-85.7737,149.4703,1080.1,1.6,0.47,56.8,202.6,145.4,0,0.0,0.15,329.4,0.205,57.0,53.25,Spaceport / Landing Pad
-86.6998,98.1301,1730.2,18.0,1.49,54.9,201.2,143.9,0,0.0,0.31,333.1,0.19,63.3,23.76,Secondary Exploration Zone
-81.2069,99.1623,955.6,0.93,0.29,55.9,202.0,144.8,0,0.0,0.14,326.4,0.217,55.8,53.35,Spaceport / Landing Pad
-83.9148,85.6013,1446.4,0.5,0.42,60.7,205.5,148.6,0,0.0,0.31,340.8,0.159,60.5,54.7,Spaceport / Landing Pad
-85.684,158.4287,1376.3,1.11,0.47,59.8,204.8,147.8,0,0.0,0.2,338.3,0.169,59.9,54.26,Spaceport / Landing Pad
-85.782,-65.1363,200.2,0.5,0.4,49.1,196.9,139.3,0,0.0,0.28,304.9,0.304,48.6,51.72,Spaceport / Landing Pad
-82.8217,-12.7712,1085.1,1.48,0.5,56.9,202.7,145.5,0,0.0,0.07,329.6,0.204,57.1,53.34,Spaceport / Landing Pad
-80.0,45.7162,1312.3,0.63,0.38,59.4,204.5,147.5,0,0.0,0.34,336.9,0.175,59.3,54.33,Spaceport / Landing Pad
-81.6085,-64.29,1582.5,1.32,0.33,61.6,206.2,149.3,0,0.0,0.21,344.1,0.145,61.8,54.63,Spaceport / Landing Pad
-82.9838,-40.684,1774.6,0.88,0.4,63.6,207.7,150.9,0,0.0,0.14,347.2,0.133,63.7,55.44,Spaceport / Landing Pad
-88.2045,81.0274,1470.7,0.98,0.23,60.7,205.5,148.6,0,0.0,0.33,341.2,0.157,60.8,54.56,Spaceport / Landing Pad
-83.1802,177.6467,2191.9,0.88,0.33,67.4,210.6,153.9,0,0.0,0.32,347.2,0.133,67.7,56.89,Spaceport / Landing Pad
-80.0,-48.5763,1063.1,1.64,0.46,56.6,202.5,145.3,0,0.0,0.29,328.9,0.207,56.9,53.18,Spaceport / Landing Pad
-84.8517,45.0,-1788.3,7.19,0.64,0.0,50.0,59.0,1,0.308,1.76,290.1,0.364,0.0,32.28,Secondary Exploration Zone
-80.0,132.1729,1285.1,0.79,0.2,59.1,204.3,147.3,0,0.0,0.09,336.0,0.178,59.0,54.2,Spaceport / Landing Pad
-84.7181,43.5679,-1145.2,7.92,0.78,33.1,184.8,126.5,0,0.0,0.08,289.5,0.366,35.7,37.2,Secondary Exploration Zone
-83.712,-84.0355,915.5,0.66,0.15,55.7,201.8,144.6,0,0.0,0.26,325.4,0.221,55.5,53.37,Spaceport / Landing Pad
-82.7301,-74.3578,1479.0,1.1,0.43,60.7,205.5,148.6,0,0.0,0.09,341.3,0.157,60.9,54.51,Spaceport / Landing Pad
-86.1356,-52.8533,735.5,1.38,0.33,53.7,200.3,143.0,0,0.0,0.24,319.6,0.244,53.7,52.57,Spaceport / Landing Pad
-84.2445,8.3929,-3818.6,1.58,0.4,0.0,41.8,53.7,1,0.836,4.46,294.7,0.345,0.0,50.14,ISRU Cryogenic Mining Outpost
-82.8949,-9.8336,766.7,1.37,0.22,54.0,200.5,143.2,0,0.0,0.16,320.5,0.241,54.0,52.65,Spaceport / Landing Pad
-82.6206,87.8253,1262.8,0.65,0.29,58.9,204.2,147.1,0,0.0,0.18,335.4,0.18,58.8,54.21,Spaceport / Landing Pad
-84.2687,-142.9435,1631.0,1.13,0.42,62.1,206.6,149.7,0,0.0,0.23,345.7,0.139,62.3,54.86,Spaceport / Landing Pad
-84.9405,37.5041,1519.9,2.07,0.39,60.6,205.5,148.5,0,0.0,0.33,341.7,0.155,61.2,53.94,Spaceport / Landing Pad
-88.2045,-117.8973,1015.3,0.51,0.25,56.7,202.5,145.4,0,0.0,0.19,328.4,0.209,56.4,53.67,Spaceport / Landing Pad
-85.8739,142.3524,880.3,9.38,0.87,51.2,198.4,141.0,0,0.0,0.31,317.2,0.254,55.1,39.64,Secondary Exploration Zone
-84.2687,142.9435,1842.9,2.31,0.36,63.5,207.6,150.8,0,0.0,0.26,346.0,0.138,64.3,54.68,Spaceport / Landing Pad
-86.721,-94.8991,1666.8,1.14,0.26,62.4,206.8,150.0,0,0.0,0.16,346.7,0.135,62.6,54.94,Spaceport / Landing Pad
-85.7245,53.8807,-1567.7,6.83,0.64,0.0,62.7,52.7,1,0.415,2.48,290.4,0.363,0.0,35.14,ISRU Cryogenic Mining Outpost
-85.1949,7.8153,-2801.3,4.62,0.44,0.0,86.4,53.8,1,0.778,4.31,292.2,0.355,0.0,46.02,ISRU Cryogenic Mining Outpost
-84.3607,-114.444,2091.3,0.82,0.4,66.5,209.9,153.2,0,0.0,0.1,347.2,0.133,66.7,56.57,Spaceport / Landing Pad
-86.2827,28.4956,1743.0,1.81,0.39,62.8,207.1,150.3,0,0.0,0.16,346.4,0.136,63.4,54.75,Spaceport / Landing Pad
-80.8877,-46.6603,1770.3,0.85,0.42,63.5,207.7,150.8,0,0.0,0.13,347.2,0.133,63.6,55.44,Spaceport / Landing Pad
-85.9765,176.0091,1072.3,0.92,0.3,57.0,202.8,145.6,0,0.0,0.08,329.7,0.204,57.0,53.63,Spaceport / Landing Pad
-83.7453,142.275,1027.0,2.24,0.28,56.0,202.0,144.8,0,0.0,0.06,327.3,0.213,56.5,52.61,Spaceport / Landing Pad
-80.0,137.5734,1553.4,0.59,0.35,61.7,206.2,149.3,0,0.0,0.16,343.9,0.146,61.6,54.93,Spaceport / Landing Pad
-81.4399,27.9622,1643.3,1.37,0.48,62.1,206.6,149.7,0,0.0,0.2,345.8,0.138,62.4,54.75,Spaceport / Landing Pad
-80.0,-45.6095,1146.1,0.9,0.18,57.7,203.3,146.2,0,0.0,0.17,331.9,0.195,57.7,53.82,Spaceport / Landing Pad
-85.2386,1.1233,-2212.3,5.04,0.71,0.0,93.5,60.3,1,0.533,2.99,291.9,0.357,0.0,40.5,ISRU Cryogenic Mining Outpost
-82.2881,-51.8817,1173.5,1.43,0.45,57.7,203.3,146.2,0,0.0,0.11,332.2,0.193,57.9,53.58,Spaceport / Landing Pad
-80.0,-128.5892,2121.7,1.1,0.4,66.7,210.0,153.3,0,0.0,0.2,347.0,0.134,67.0,56.54,Spaceport / Landing Pad
-84.7049,49.2892,-2720.2,4.51,0.57,0.0,54.1,68.3,1,0.674,3.62,292.3,0.355,0.0,44.08,ISRU Cryogenic Mining Outpost
-82.4433,-154.3845,337.2,1.3,0.34,50.0,197.5,140.0,0,0.0,0.08,308.2,0.291,49.9,51.66,Spaceport / Landing Pad
-88.5241,161.5651,1408.7,9.96,0.85,55.8,201.9,144.7,0,0.0,0.19,332.0,0.194,60.2,39.39,Secondary Exploration Zone
-87.8674,-156.8014,845.3,1.56,0.35,54.6,201.0,143.7,0,0.0,0.27,322.7,0.232,54.8,52.71,Spaceport / Landing Pad
-80.0,44.3013,1295.8,1.15,0.29,59.0,204.2,147.2,0,0.0,0.17,336.0,0.178,59.1,54.05,Spaceport / Landing Pad
-88.2839,22.3801,1234.5,14.46,1.25,52.0,199.0,141.6,0,0.0,0.27,323.2,0.23,58.5,24.77,Secondary Exploration Zone
-80.6499,14.4524,902.9,0.73,0.16,55.6,201.7,144.4,0,0.0,0.29,325.0,0.223,55.3,53.31,Spaceport / Landing Pad
-80.5498,122.9052,1731.9,1.24,0.47,63.0,207.2,150.4,0,0.0,0.17,346.9,0.134,63.3,55.1,Spaceport / Landing Pad
-84.6786,111.6148,308.3,4.46,0.48,48.3,196.2,138.6,0,0.0,0.27,304.8,0.304,49.6,48.27,Secondary Exploration Zone
-80.3563,64.179,1053.9,0.92,0.28,56.9,202.6,145.5,0,0.0,0.32,329.2,0.206,56.8,53.59,Spaceport / Landing Pad
-82.0259,141.6544,643.4,0.97,0.23,53.0,199.8,142.4,0,0.0,0.2,317.3,0.254,52.9,52.58,Spaceport / Landing Pad
-80.736,85.9555,1393.0,1.76,0.51,59.6,204.7,147.7,0,0.0,0.16,338.3,0.169,60.0,53.88,Spaceport / Landing Pad
-86.2827,61.5044,1466.7,3.47,0.48,59.5,204.6,147.6,0,0.0,0.28,339.0,0.166,60.7,52.37,Spaceport / Landing Pad
-80.0,138.4893,1447.9,0.59,0.31,60.7,205.5,148.5,0,0.0,0.05,340.8,0.159,60.6,54.67,Spaceport / Landing Pad
-80.9414,153.699,307.0,0.5,0.35,50.1,197.6,140.1,0,0.0,0.23,308.0,0.291,49.6,51.97,Spaceport / Landing Pad
-80.0,137.4628,1508.7,0.55,0.19,61.3,205.9,149.0,0,0.0,0.28,342.6,0.151,61.1,54.83,Spaceport / Landing Pad
-83.7287,-4.2679,-206.9,9.09,0.78,41.3,190.9,133.0,0,0.0,0.18,288.5,0.37,44.7,37.68,Secondary Exploration Zone
-81.646,-13.5704,862.8,2.02,0.29,54.6,200.9,143.6,0,0.0,0.18,322.8,0.232,55.0,52.41,Spaceport / Landing Pad
-80.4873,42.6141,1324.1,0.64,0.31,59.5,204.6,147.6,0,0.0,0.24,337.2,0.173,59.4,54.36,Spaceport / Landing Pad
-86.3489,57.5288,1721.0,2.94,0.33,62.1,206.6,149.7,0,0.0,0.07,345.5,0.14,63.2,53.63,Spaceport / Landing Pad
-80.1348,-122.6375,1727.3,0.65,0.43,63.2,207.4,150.6,0,0.0,0.26,347.4,0.132,63.2,55.38,Spaceport / Landing Pad
-88.2839,157.6199,168.3,5.95,0.57,46.2,194.7,137.0,0,0.0,0.11,299.5,0.326,48.3,45.48,Secondary Exploration Zone
-84.845,84.8056,1207.0,3.28,0.45,57.1,202.9,145.7,0,0.0,0.2,331.7,0.196,58.2,51.97,Spaceport / Landing Pad
-81.1674,54.4623,887.0,0.84,0.41,55.4,201.5,144.3,0,0.0,0.11,324.4,0.225,55.2,53.22,Spaceport / Landing Pad
-83.0838,-158.6294,1009.0,2.44,0.41,55.7,201.8,144.6,0,0.0,0.34,326.6,0.216,56.4,52.38,Spaceport / Landing Pad
-81.6668,-131.367,1079.0,1.58,0.44,56.8,202.6,145.4,0,0.0,0.31,329.4,0.205,57.0,53.26,Spaceport / Landing Pad
-80.736,167.7843,1613.2,0.5,0.42,62.2,206.7,149.8,0,0.0,0.26,345.7,0.139,62.1,55.1,Spaceport / Landing Pad
-80.0,-135.6366,1854.3,0.62,0.26,64.4,208.3,151.5,0,0.0,0.25,347.4,0.132,64.4,55.83,Spaceport / Landing Pad
-85.4253,91.1691,1585.6,18.38,1.53,53.4,200.1,142.7,0,0.0,0.31,330.1,0.202,61.9,23.32,Secondary Exploration Zone
-81.1202,39.8827,1411.7,0.5,0.29,60.4,205.3,148.3,0,0.0,0.19,339.8,0.163,60.2,54.62,Spaceport / Landing Pad
-86.0376,-46.9092,1138.2,2.03,0.51,57.1,202.8,145.7,0,0.0,0.35,330.7,0.2,57.6,53.06,Spaceport / Landing Pad
-80.6947,13.3392,951.9,0.86,0.23,55.9,202.0,144.8,0,0.0,0.28,326.3,0.217,55.8,53.37,Spaceport / Landing Pad
-88.6999,-158.9625,-149.9,14.01,1.19,39.4,189.6,131.5,0,0.0,0.2,284.5,0.387,45.3,23.05,Secondary Exploration Zone
-85.9592,96.6325,1305.5,22.07,1.74,49.0,196.8,139.2,0,0.0,0.24,319.0,0.247,59.2,22.28,Hazard / Exclusion Zone
-80.8305,128.3865,1298.6,1.97,0.25,58.6,204.0,146.9,0,0.0,0.33,335.4,0.181,59.1,53.49,Spaceport / Landing Pad
-83.5102,139.6669,874.9,4.2,0.4,53.6,200.2,142.9,0,0.0,0.24,321.3,0.238,55.1,49.99,Secondary Exploration Zone
-82.1271,100.2441,1220.7,1.04,0.18,58.4,203.8,146.7,0,0.0,0.29,333.9,0.187,58.4,53.93,Spaceport / Landing Pad
-80.2664,-155.647,1186.7,1.05,0.19,58.0,203.5,146.4,0,0.0,0.33,332.9,0.191,58.1,53.84,Spaceport / Landing Pad
-80.3166,72.613,1991.8,1.88,0.51,65.1,208.8,152.1,0,0.0,0.34,346.3,0.136,65.8,55.56,Spaceport / Landing Pad
-80.0,139.548,1652.5,0.5,0.28,62.6,207.0,150.1,0,0.0,0.25,346.8,0.134,62.5,55.2,Spaceport / Landing Pad
-83.9148,94.3987,1487.2,0.61,0.33,61.0,205.8,148.8,0,0.0,0.35,341.9,0.154,60.9,54.76,Spaceport / Landing Pad
-81.8145,44.076,1608.6,1.95,0.38,61.5,206.1,149.2,0,0.0,0.29,344.3,0.144,62.1,54.25,Spaceport / Landing Pad
-85.6119,-29.2914,1231.7,0.73,0.34,58.6,204.0,146.9,0,0.0,0.16,334.5,0.184,58.5,54.1,Spaceport / Landing Pad
-84.7778,-118.8557,1966.9,1.78,0.37,64.9,208.7,151.9,0,0.0,0.28,346.4,0.136,65.5,55.55,Spaceport / Landing Pad
-86.5755,72.5528,1613.8,28.95,2.16,50.5,197.9,140.4,0,0.0,0.13,322.2,0.234,62.1,22.85,Hazard / Exclusion Zone
-82.0697,47.8624,1632.2,1.46,0.45,62.0,206.5,149.6,0,0.0,0.26,345.4,0.14,62.3,54.66,Spaceport / Landing Pad
-80.9222,-94.1276,1092.0,1.52,0.21,56.9,202.7,145.5,0,0.0,0.26,329.8,0.203,57.1,53.33,Spaceport / Landing Pad
-82.3107,-10.4915,632.6,2.03,0.51,52.4,199.3,141.9,0,0.0,0.15,316.1,0.259,52.7,51.84,Spaceport / Landing Pad
-84.4479,-116.9958,2131.3,1.33,0.25,66.7,210.0,153.3,0,0.0,0.15,346.8,0.134,67.1,56.44,Spaceport / Landing Pad
-81.3912,-80.6398,1367.4,0.5,0.14,60.0,205.0,148.0,0,0.0,0.23,338.6,0.168,59.8,54.51,Spaceport / Landing Pad
-80.7511,42.546,1257.0,1.46,0.37,58.5,203.9,146.8,0,0.0,0.26,334.6,0.184,58.7,53.77,Spaceport / Landing Pad
-80.6238,43.3865,1227.4,1.1,0.24,58.4,203.8,146.7,0,0.0,0.32,334.0,0.186,58.4,53.91,Spaceport / Landing Pad
-86.6683,78.6901,1101.2,18.29,1.54,49.0,196.7,139.2,0,0.0,0.23,316.2,0.258,57.2,22.17,Secondary Exploration Zone
-80.0,-31.8425,1590.9,0.56,0.25,62.0,206.5,149.6,0,0.0,0.11,345.0,0.142,61.9,55.03,Spaceport / Landing Pad
-84.8653,117.0309,-865.4,3.43,0.38,0.0,55.3,55.6,1,0.595,3.38,293.2,0.351,0.0,43.81,ISRU Cryogenic Mining Outpost
-84.8585,164.1975,1475.1,0.53,0.42,61.0,205.7,148.8,0,0.0,0.19,341.7,0.155,60.8,54.76,Spaceport / Landing Pad
-80.8381,-81.2095,1619.5,1.18,0.24,62.0,206.5,149.6,0,0.0,0.08,345.3,0.141,62.2,54.81,Spaceport / Landing Pad
-81.8572,154.9037,410.9,0.87,0.25,50.9,198.2,140.7,0,0.0,0.27,310.7,0.281,50.6,52.07,Spaceport / Landing Pad
-83.6623,-136.1935,1374.4,1.89,0.44,59.4,204.5,147.5,0,0.0,0.11,337.6,0.172,59.8,53.73,Spaceport / Landing Pad
-80.0,-135.5846,1311.2,1.7,0.31,58.9,204.2,147.1,0,0.0,0.2,336.0,0.178,59.2,53.73,Spaceport / Landing Pad
-80.0,130.9623,1547.2,0.5,0.39,61.6,206.2,149.3,0,0.0,0.26,343.8,0.147,61.5,54.94,Spaceport / Landing Pad
-88.6734,129.2894,858.4,1.52,0.38,54.8,201.1,143.8,0,0.0,0.11,323.1,0.231,54.9,52.77,Spaceport / Landing Pad
-84.1543,38.5169,800.4,1.04,0.33,54.5,200.8,143.6,0,0.0,0.06,321.8,0.236,54.4,52.92,Spaceport / Landing Pad
-81.3589,-63.7117,1580.9,1.86,0.48,61.3,206.0,149.0,0,0.0,0.08,343.6,0.147,61.8,54.25,Spaceport / Landing Pad
-80.6947,13.3392,951.9,0.86,0.23,55.9,202.0,144.8,0,0.0,0.28,326.3,0.217,55.8,53.37,Spaceport / Landing Pad
-80.0,-35.1939,1151.9,0.97,0.31,57.7,203.3,146.2,0,0.0,0.3,332.0,0.194,57.7,53.8,Spaceport / Landing Pad
-80.0,-43.0908,900.6,0.89,0.26,55.5,201.6,144.4,0,0.0,0.29,324.8,0.223,55.3,53.24,Spaceport / Landing Pad
-81.991,-143.5308,385.4,1.32,0.23,50.5,197.9,140.4,0,0.0,0.29,309.6,0.285,50.4,51.77,Spaceport / Landing Pad
-82.0522,3.3665,593.0,1.46,0.28,52.3,199.2,141.9,0,0.0,0.21,315.5,0.261,52.4,52.17,Spaceport / Landing Pad
-81.1556,-135.0,1252.8,1.1,0.31,58.6,204.0,146.9,0,0.0,0.28,334.8,0.183,58.7,53.97,Spaceport / Landing Pad
-85.5176,58.627,-1800.5,6.04,0.67,0.0,104.6,55.7,1,0.457,2.45,291.0,0.36,0.0,37.39,ISRU Cryogenic Mining Outpost
-80.4836,-158.7204,1408.5,1.26,0.3,60.0,205.0,148.0,0,0.0,0.22,339.1,0.165,60.2,54.25,Spaceport / Landing Pad
-80.0,131.7481,1459.2,0.52,0.23,60.8,205.6,148.7,0,0.0,0.35,341.2,0.157,60.7,54.73,Spaceport / Landing Pad
-85.857,165.6507,1335.0,0.62,0.37,59.6,204.7,147.7,0,0.0,0.23,337.5,0.172,59.5,54.39,Spaceport / Landing Pad
-88.2839,-45.0,1743.0,2.16,0.49,62.7,207.0,150.1,0,0.0,0.2,346.1,0.137,63.4,54.47,Spaceport / Landing Pad
-81.2467,-68.0851,2037.1,1.08,0.4,65.9,209.4,152.7,0,0.0,0.22,347.0,0.134,66.2,56.25,Spaceport / Landing Pad
-80.0,30.6,1722.8,0.5,0.43,63.3,207.4,150.6,0,0.0,0.18,347.5,0.132,63.2,55.41,Spaceport / Landing Pad
-81.5795,35.9807,1750.1,1.03,0.45,63.3,207.4,150.6,0,0.0,0.2,347.0,0.133,63.4,55.28,Spaceport / Landing Pad
-81.6878,12.3194,1366.1,0.62,0.43,59.9,204.9,147.9,0,0.0,0.2,338.4,0.168,59.8,54.46,Spaceport / Landing Pad
-80.6462,53.9306,651.7,0.5,0.27,53.3,200.0,142.7,0,0.0,0.21,317.9,0.251,52.9,52.8,Spaceport / Landing Pad
-88.6734,129.2894,858.4,1.52,0.38,54.8,201.1,143.8,0,0.0,0.11,323.1,0.231,54.9,52.77,Spaceport / Landing Pad
-84.1902,-43.698,1375.8,0.5,0.26,60.0,205.0,148.0,0,0.0,0.3,338.8,0.167,59.9,54.53,Spaceport / Landing Pad
-82.8558,-162.512,1158.7,2.16,0.49,57.2,202.9,145.8,0,0.0,0.16,331.2,0.198,57.8,52.99,Spaceport / Landing Pad
-81.7298,-163.6105,896.7,1.31,0.25,55.2,201.4,144.2,0,0.0,0.33,324.3,0.225,55.3,52.99,Spaceport / Landing Pad
-80.0,140.2624,1227.1,0.74,0.23,58.6,203.9,146.8,0,0.0,0.31,334.3,0.185,58.4,54.08,Spaceport / Landing Pad
-85.3798,-171.8699,758.7,1.28,0.45,54.0,200.5,143.2,0,0.0,0.18,320.4,0.241,54.0,52.69,Spaceport / Landing Pad
-84.0304,-63.0343,214.0,1.83,0.47,48.6,196.5,138.9,0,0.0,0.19,304.2,0.307,48.7,51.0,Spaceport / Landing Pad
-81.8572,-28.0339,1857.3,0.63,0.26,64.4,208.3,151.6,0,0.0,0.27,347.4,0.132,64.5,55.83,Spaceport / Landing Pad
-80.0,30.7932,1628.2,1.85,0.37,61.7,206.3,149.4,0,0.0,0.07,345.0,0.142,62.3,54.38,Spaceport / Landing Pad
-80.0,-50.2538,627.6,1.45,0.47,52.7,199.5,142.1,0,0.0,0.19,316.5,0.257,52.7,52.26,Spaceport / Landing Pad
-88.8721,155.556,390.2,4.48,0.6,49.0,196.7,139.2,0,0.0,0.13,307.1,0.295,50.4,48.43,Secondary Exploration Zone
-80.6499,-75.5476,1620.2,0.95,0.27,62.1,206.6,149.7,0,0.0,0.22,345.5,0.14,62.2,54.93,Spaceport / Landing Pad
-82.6253,-0.7252,47.3,1.67,0.49,47.2,195.4,137.7,0,0.0,0.09,299.6,0.326,47.1,50.72,Spaceport / Landing Pad
-83.8578,126.3475,-326.8,6.15,0.79,0.0,67.0,44.0,1,0.131,0.86,291.0,0.36,0.0,30.68,Secondary Exploration Zone
-83.0838,-68.6294,1208.3,2.05,0.45,57.8,203.3,146.2,0,0.0,0.08,332.7,0.191,58.3,53.21,Spaceport / Landing Pad
-80.0,-127.875,2031.1,1.25,0.26,65.8,209.3,152.6,0,0.0,0.17,346.9,0.134,66.1,56.13,Spaceport / Landing Pad
-82.3107,-10.4915,632.6,2.03,0.51,52.4,199.3,141.9,0,0.0,0.15,316.1,0.259,52.7,51.84,Spaceport / Landing Pad
-80.0,-43.5121,1374.6,0.5,0.26,60.0,205.0,148.0,0,0.0,0.24,338.8,0.167,59.9,54.53,Spaceport / Landing Pad
-81.5919,-67.1355,1897.8,1.26,0.26,64.5,208.4,151.6,0,0.0,0.31,346.8,0.134,64.9,55.66,Spaceport / Landing Pad
-80.0,-33.8262,1319.3,1.62,0.31,59.0,204.2,147.2,0,0.0,0.32,336.3,0.177,59.3,53.81,Spaceport / Landing Pad
-80.9916,169.8545,1666.4,0.87,0.32,62.6,206.9,150.1,0,0.0,0.34,346.9,0.134,62.6,55.08,Spaceport / Landing Pad
-83.6954,154.5731,1395.2,0.78,0.42,60.1,205.1,148.1,0,0.0,0.18,339.1,0.165,60.0,54.47,Spaceport / Landing Pad
-82.0522,-86.6335,1148.4,0.73,0.43,57.8,203.4,146.3,0,0.0,0.23,332.1,0.194,57.7,53.9,Spaceport / Landing Pad
-83.0788,169.9025,1526.7,1.86,0.31,60.8,205.6,148.6,0,0.0,0.24,342.0,0.154,61.3,54.12,Spaceport / Landing Pad
-83.0286,-153.778,622.2,1.87,0.39,52.4,199.3,141.9,0,0.0,0.35,316.0,0.259,52.6,51.95,Spaceport / Landing Pad
-81.5341,-145.7843,649.3,0.73,0.35,53.2,199.9,142.6,0,0.0,0.28,317.7,0.252,52.9,52.7,Spaceport / Landing Pad
-88.5968,176.1859,-2722.4,7.73,0.68,0.0,82.0,64.6,1,0.736,4.16,289.7,0.366,0.0,39.75,ISRU Cryogenic Mining Outpost
-86.7317,1.6366,2262.2,6.03,0.65,65.6,209.2,152.5,0,0.0,0.09,342.9,0.15,68.3,51.0,Secondary Exploration Zone
-86.8291,-137.3859,1158.2,1.28,0.3,57.7,203.2,146.1,0,0.0,0.06,331.9,0.195,57.8,53.64,Spaceport / Landing Pad
-82.0303,71.5651,1654.7,1.71,0.52,62.1,206.5,149.6,0,0.0,0.11,345.9,0.138,62.5,54.54,Spaceport / Landing Pad
-86.1901,59.0362,816.2,10.36,0.94,50.1,197.6,140.1,0,0.0,0.27,314.6,0.265,54.5,36.88,Secondary Exploration Zone
-85.1086,-48.0941,906.0,1.94,0.34,55.0,201.2,144.0,0,0.0,0.06,324.1,0.226,55.4,52.57,Spaceport / Landing Pad
-81.3226,148.1906,670.5,1.34,0.43,53.1,199.8,142.5,0,0.0,0.34,317.8,0.252,53.1,52.44,Spaceport / Landing Pad
-84.659,-95.0131,1117.3,0.5,0.27,57.7,203.2,146.1,0,0.0,0.25,331.4,0.197,57.4,53.91,Spaceport / Landing Pad
-82.1271,79.7559,1164.7,1.67,0.31,57.5,203.1,146.0,0,0.0,0.13,331.8,0.195,57.8,53.4,Spaceport / Landing Pad
-80.0,63.6669,985.6,1.25,0.25,56.1,202.1,144.9,0,0.0,0.23,327.0,0.215,56.1,53.25,Spaceport / Landing Pad
-80.9453,-142.5394,914.3,0.5,0.4,55.8,201.8,144.6,0,0.0,0.32,325.5,0.221,55.4,53.43,Spaceport / Landing Pad
-81.9087,163.2374,1002.4,1.92,0.27,55.9,201.9,144.7,0,0.0,0.35,326.9,0.215,56.3,52.82,Spaceport / Landing Pad
-82.9838,86.1859,1292.7,1.49,0.44,58.8,204.1,147.0,0,0.0,0.23,335.6,0.18,59.1,53.83,Spaceport / Landing Pad
-80.0119,52.5946,801.8,0.5,0.3,54.7,201.0,143.8,0,0.0,0.17,322.3,0.234,54.4,53.16,Spaceport / Landing Pad
-80.0,-41.6726,828.4,0.58,0.35,54.9,201.2,143.9,0,0.0,0.3,323.0,0.231,54.6,53.19,Spaceport / Landing Pad
-86.8072,15.2551,-1101.8,12.32,1.07,0.0,66.5,62.9,1,0.496,2.65,285.9,0.381,0.0,23.15,ISRU Cryogenic Mining Outpost
-82.6206,2.1747,183.6,3.04,0.52,47.8,195.8,138.2,0,0.0,0.25,302.4,0.314,48.4,49.79,Spaceport / Landing Pad
-82.7685,-23.587,1584.8,0.98,0.26,61.8,206.3,149.4,0,0.0,0.23,344.4,0.144,61.9,54.83,Spaceport / Landing Pad
-80.0,147.5288,944.3,0.5,0.33,56.0,202.0,144.8,0,0.0,0.15,326.4,0.217,55.7,53.5,Spaceport / Landing Pad
-81.6168,-52.2369,1160.6,1.95,0.43,57.4,203.0,145.9,0,0.0,0.13,331.4,0.197,57.8,53.18,Spaceport / Landing Pad
-80.0,145.1247,1217.8,1.31,0.29,58.2,203.6,146.6,0,0.0,0.05,333.6,0.188,58.3,53.77,Spaceport / Landing Pad
-82.8558,-17.488,1497.3,0.5,0.42,61.2,205.9,148.9,0,0.0,0.13,342.3,0.153,61.0,54.82,Spaceport / Landing Pad
-80.2735,52.8002,708.7,0.5,0.29,53.9,200.4,143.1,0,0.0,0.05,319.6,0.245,53.5,52.93,Spaceport / Landing Pad
-84.9474,-11.7251,2376.2,5.07,0.71,67.1,210.3,153.7,0,0.0,0.1,343.7,0.147,69.4,53.03,Secondary Exploration Zone
-85.7985,88.727,3720.8,6.08,0.79,79.1,219.3,163.3,0,0.0,0.13,342.9,0.15,82.3,55.97,Secondary Exploration Zone
-83.1344,133.8983,879.3,5.18,0.62,53.2,199.9,142.6,0,0.0,0.31,320.7,0.24,55.1,48.51,Secondary Exploration Zone
-83.5479,-75.7627,1220.8,0.5,0.26,58.6,204.0,146.9,0,0.0,0.06,334.3,0.185,58.4,54.16,Spaceport / Landing Pad
-81.6668,85.5028,1063.7,0.94,0.17,56.9,202.7,145.6,0,0.0,0.23,329.5,0.205,56.9,53.6,Spaceport / Landing Pad
-82.9738,109.3978,1007.2,1.88,0.26,56.0,202.0,144.8,0,0.0,0.11,327.1,0.214,56.3,52.86,Spaceport / Landing Pad
-87.6202,-25.56,2173.8,1.2,0.43,67.1,210.3,153.7,0,0.0,0.32,346.9,0.134,67.5,56.66,Spaceport / Landing Pad
-88.8721,-65.556,1185.8,2.44,0.34,57.4,203.0,145.9,0,0.0,0.15,331.7,0.195,58.0,52.81,Spaceport / Landing Pad
-84.2992,129.6855,-1481.7,4.49,0.55,0.0,66.1,50.2,1,0.539,3.01,292.3,0.355,0.0,41.41,ISRU Cryogenic Mining Outpost
-82.9244,-59.0362,515.3,1.0,0.3,51.8,198.9,141.5,0,0.0,0.22,313.6,0.269,51.6,52.26,Spaceport / Landing Pad
-85.5645,-8.4711,770.9,15.23,1.37,47.4,195.5,137.9,0,0.0,0.19,309.3,0.286,54.1,21.68,Secondary Exploration Zone
-83.6568,-32.9885,1166.2,1.4,0.41,57.7,203.3,146.1,0,0.0,0.07,332.0,0.194,57.9,53.58,Spaceport / Landing Pad
-83.3196,82.7757,1141.7,1.76,0.48,57.3,203.0,145.8,0,0.0,0.32,331.0,0.198,57.6,53.28,Spaceport / Landing Pad
-80.0,-44.2462,1467.9,0.5,0.16,60.9,205.7,148.7,0,0.0,0.25,341.5,0.156,60.7,54.75,Spaceport / Landing Pad
-82.1005,-144.6197,298.9,1.15,0.33,49.7,197.3,139.8,0,0.0,0.2,307.2,0.295,49.6,51.66,Spaceport / Landing Pad
-85.1015,-120.9638,1757.8,1.26,0.47,63.2,207.4,150.6,0,0.0,0.12,346.8,0.134,63.5,55.18,Spaceport / Landing Pad
-80.5498,-69.7751,2002.2,0.5,0.35,65.9,209.4,152.7,0,0.0,0.2,347.5,0.132,65.9,56.39,Spaceport / Landing Pad
-84.1127,25.3462,2121.6,6.3,0.6,64.2,208.1,151.3,0,0.0,0.22,342.7,0.151,67.0,49.99,Secondary Exploration Zone
-88.2045,98.9726,1541.0,2.59,0.43,60.6,205.4,148.5,0,0.0,0.29,341.9,0.154,61.4,53.52,Spaceport / Landing Pad
-80.736,102.2157,834.0,0.5,0.37,55.0,201.3,144.0,0,0.0,0.21,323.2,0.23,54.7,53.23,Spaceport / Landing Pad
-85.268,157.9887,1535.9,0.88,0.38,61.4,206.0,149.1,0,0.0,0.13,343.1,0.149,61.4,54.76,Spaceport / Landing Pad
-87.0218,57.8043,819.0,0.94,0.23,54.7,201.0,143.7,0,0.0,0.13,322.4,0.233,54.5,53.01,Spaceport / Landing Pad
-89.1145,-71.5651,1102.7,2.31,0.37,56.6,202.5,145.3,0,0.0,0.21,329.5,0.205,57.2,52.73,Spaceport / Landing Pad
-81.1084,4.2142,1376.0,1.07,0.4,59.8,204.8,147.8,0,0.0,0.16,338.4,0.169,59.9,54.28,Spaceport / Landing Pad
-85.6119,-91.2189,1543.1,1.01,0.24,61.4,206.0,149.1,0,0.0,0.27,343.2,0.149,61.5,54.72,Spaceport / Landing Pad
-81.5795,-35.9807,1608.9,0.5,0.28,62.2,206.7,149.8,0,0.0,0.1,345.5,0.14,62.1,55.09,Spaceport / Landing Pad
-80.1242,-126.545,1671.4,0.57,0.32,62.8,207.1,150.2,0,0.0,0.2,347.3,0.132,62.7,55.22,Spaceport / Landing Pad
-80.0,-45.0,1427.9,1.01,0.19,60.3,205.2,148.2,0,0.0,0.18,339.9,0.162,60.4,54.44,Spaceport / Landing Pad
-88.0199,8.1301,1895.3,1.59,0.32,64.3,208.3,151.5,0,0.0,0.24,346.6,0.135,64.8,55.45,Spaceport / Landing Pad
-86.6683,168.6901,954.7,1.25,0.38,55.8,201.8,144.6,0,0.0,0.26,326.1,0.218,55.8,53.17,Spaceport / Landing Pad
-84.1902,-66.3179,385.9,1.92,0.37,50.2,197.6,140.2,0,0.0,0.18,309.1,0.287,50.4,51.35,Spaceport / Landing Pad
-84.2143,10.2222,-3740.1,2.48,0.31,0.0,74.8,65.9,1,0.787,4.42,294.0,0.348,0.0,48.55,ISRU Cryogenic Mining Outpost
-81.2467,-158.0851,1068.1,1.07,0.31,56.9,202.7,145.5,0,0.0,0.09,329.5,0.205,56.9,53.54,Spaceport / Landing Pad
-82.3607,-63.1219,1081.7,1.76,0.31,56.7,202.5,145.4,0,0.0,0.13,329.3,0.205,57.0,53.13,Spaceport / Landing Pad
-84.6071,23.459,-396.8,8.66,0.9,39.7,189.8,131.8,0,0.0,0.19,288.9,0.369,42.9,38.09,Secondary Exploration Zone
-80.0,-128.5812,1417.3,0.5,0.17,60.4,205.3,148.3,0,0.0,0.22,340.0,0.162,60.3,54.63,Spaceport / Landing Pad
-81.0226,-27.8973,2055.8,0.5,0.19,66.4,209.8,153.1,0,0.0,0.15,347.5,0.132,66.4,56.57,Spaceport / Landing Pad
-85.7985,178.727,967.0,0.77,0.33,56.1,202.1,144.9,0,0.0,0.1,326.8,0.215,55.9,53.45,Spaceport / Landing Pad
-82.2475,177.93,2256.1,0.51,0.39,68.2,211.2,154.6,0,0.0,0.23,347.5,0.132,68.3,57.26,Spaceport / Landing Pad
-81.7678,60.8192,1560.4,0.85,0.4,61.6,206.2,149.3,0,0.0,0.16,343.8,0.146,61.6,54.84,Spaceport / Landing Pad
-81.4644,-5.6482,576.6,1.69,0.33,52.1,199.1,141.7,0,0.0,0.28,314.8,0.264,52.2,51.98,Spaceport / Landing Pad
-80.0,127.5394,2120.1,1.32,0.32,66.6,209.9,153.2,0,0.0,0.07,346.8,0.134,67.0,56.4,Spaceport / Landing Pad
-80.9222,4.1276,1438.3,0.5,0.2,60.6,205.5,148.5,0,0.0,0.32,340.6,0.159,60.5,54.68,Spaceport / Landing Pad
-84.0304,-153.0343,1491.2,0.5,0.33,61.1,205.8,148.9,0,0.0,0.18,342.1,0.153,61.0,54.81,Spaceport / Landing Pad
-80.0,38.4181,1794.4,0.5,0.16,63.9,207.9,151.1,0,0.0,0.34,347.5,0.132,63.9,55.66,Spaceport / Landing Pad
-82.0917,-30.4998,1624.8,0.69,0.25,62.3,206.7,149.8,0,0.0,0.22,345.8,0.138,62.2,55.06,Spaceport / Landing Pad
-80.0,-143.5959,1299.7,1.3,0.42,59.0,204.2,147.2,0,0.0,0.25,336.0,0.178,59.1,53.97,Spaceport / Landing Pad
-85.4482,-74.5388,759.3,1.45,0.27,53.9,200.4,143.1,0,0.0,0.33,320.3,0.242,54.0,52.58,Spaceport / Landing Pad
-81.9476,-55.3889,830.7,0.52,0.3,55.0,201.2,144.0,0,0.0,0.08,323.1,0.23,54.6,53.22,Spaceport / Landing Pad
-80.6015,15.5546,869.0,1.07,0.2,55.1,201.3,144.1,0,0.0,0.3,323.7,0.228,55.0,53.07,Spaceport / Landing Pad
-80.0,57.8356,971.0,0.57,0.34,56.3,202.2,145.0,0,0.0,0.27,327.1,0.214,56.0,53.54,Spaceport / Landing Pad
-86.4456,29.9315,1661.5,1.21,0.27,62.4,206.8,149.9,0,0.0,0.33,346.5,0.136,62.6,54.89,Spaceport / Landing Pad
-84.6136,-81.0274,1170.0,0.5,0.23,58.1,203.6,146.5,0,0.0,0.26,332.9,0.191,57.9,54.04,Spaceport / Landing Pad
-84.562,-39.4278,1359.6,0.5,0.31,59.9,204.9,147.9,0,0.0,0.12,338.3,0.169,59.7,54.49,Spaceport / Landing Pad
-84.473,-175.156,1411.1,2.31,0.5,59.5,204.6,147.6,0,0.0,0.27,338.3,0.169,60.2,53.47,Spaceport / Landing Pad
-80.0,53.6371,925.3,0.5,0.15,55.9,201.9,144.7,0,0.0,0.1,325.8,0.219,55.5,53.45,Spaceport / Landing Pad
-80.0,121.6398,1924.8,1.88,0.35,64.5,208.4,151.6,0,0.0,0.33,346.3,0.136,65.1,55.33,Spaceport / Landing Pad
-88.2045,-81.0274,859.9,0.5,0.27,55.3,201.4,144.2,0,0.0,0.22,323.9,0.227,54.9,53.3,Spaceport / Landing Pad
-82.9689,84.6678,1180.5,1.07,0.24,58.0,203.5,146.4,0,0.0,0.25,332.7,0.191,58.0,53.81,Spaceport / Landing Pad
-80.4361,24.8142,1211.1,0.98,0.4,58.3,203.7,146.6,0,0.0,0.18,333.7,0.188,58.3,53.94,Spaceport / Landing Pad
-81.2347,-82.0425,1457.9,1.0,0.33,60.6,205.4,148.5,0,0.0,0.24,340.8,0.159,60.6,54.52,Spaceport / Landing Pad
-83.3563,175.9717,1957.2,1.97,0.38,64.7,208.5,151.8,0,0.0,0.2,346.3,0.137,65.4,55.37,Spaceport / Landing Pad
-80.0,53.2267,835.7,0.98,0.42,54.8,201.1,143.8,0,0.0,0.23,322.9,0.231,54.7,53.03,Spaceport / Landing Pad
-81.2586,149.8757,527.8,0.65,0.22,52.1,199.1,141.7,0,0.0,0.35,314.3,0.266,51.7,52.44,Spaceport / Landing Pad
-85.9334,99.2461,2197.1,2.42,0.43,66.7,210.1,153.4,0,0.0,0.1,345.9,0.138,67.7,55.81,Spaceport / Landing Pad
-80.4471,56.1547,630.2,0.5,0.41,53.1,199.9,142.5,0,0.0,0.15,317.3,0.254,52.7,52.75,Spaceport / Landing Pad
-87.2786,-5.9061,1728.9,1.84,0.37,62.7,207.0,150.1,0,0.0,0.29,346.4,0.136,63.2,54.68,Spaceport / Landing Pad
-83.4994,21.0375,2282.9,9.37,1.05,64.2,208.1,151.4,0,0.0,0.15,340.2,0.161,68.5,43.68,Secondary Exploration Zone
-80.0,47.0454,946.1,1.47,0.33,55.6,201.7,144.5,0,0.0,0.27,325.6,0.22,55.7,53.02,Spaceport / Landing Pad
-80.8916,-135.0,1310.8,0.72,0.25,59.3,204.5,147.5,0,0.0,0.07,336.8,0.175,59.2,54.29,Spaceport / Landing Pad
-80.9222,175.8724,1193.8,1.98,0.28,57.6,203.2,146.1,0,0.0,0.07,332.4,0.193,58.1,53.23,Spaceport / Landing Pad
-83.247,-40.5154,1695.5,0.5,0.39,63.0,207.3,150.4,0,0.0,0.08,347.5,0.132,62.9,55.32,Spaceport / Landing Pad
-82.1537,-32.3666,1548.6,0.5,0.29,61.7,206.2,149.3,0,0.0,0.33,343.8,0.147,61.5,54.95,Spaceport / Landing Pad
-80.0,-44.3772,1025.6,0.5,0.23,56.8,202.6,145.4,0,0.0,0.26,328.7,0.208,56.5,53.69,Spaceport / Landing Pad
-80.3563,25.821,1294.6,0.55,0.19,59.3,204.5,147.4,0,0.0,0.23,336.4,0.176,59.1,54.32,Spaceport / Landing Pad
-88.0024,142.5946,398.7,1.34,0.28,50.6,197.9,140.5,0,0.0,0.22,310.0,0.284,50.5,51.79,Spaceport / Landing Pad
-82.0259,-51.6544,1238.5,2.42,0.57,57.9,203.4,146.3,0,0.0,0.1,333.3,0.189,58.5,52.96,Spaceport / Landing Pad
-81.1753,-66.9606,1997.6,0.5,0.39,65.8,209.4,152.7,0,0.0,0.22,347.5,0.132,65.8,56.37,Spaceport / Landing Pad
-83.712,-95.9645,1061.9,1.13,0.41,56.8,202.6,145.5,0,0.0,0.08,329.3,0.205,56.9,53.5,Spaceport / Landing Pad
-84.2687,6.5463,-3772.3,1.06,0.18,0.0,50.9,67.9,1,0.84,4.62,295.1,0.344,0.0,50.49,ISRU Cryogenic Mining Outpost
-85.8319,-55.9541,409.7,1.53,0.43,50.6,197.9,140.5,0,0.0,0.16,310.1,0.283,50.6,51.69,Spaceport / Landing Pad
-80.8381,8.7905,1228.6,1.08,0.35,58.4,203.8,146.7,0,0.0,0.07,334.1,0.186,58.5,53.93,Spaceport / Landing Pad
-86.4456,-166.3287,721.1,1.12,0.42,53.7,200.3,142.9,0,0.0,0.2,319.4,0.245,53.6,52.68,Spaceport / Landing Pad
-83.2212,-38.2902,1593.2,1.03,0.31,61.8,206.4,149.4,0,0.0,0.08,344.6,0.143,61.9,54.82,Spaceport / Landing Pad
-80.0,136.2873,1447.1,1.14,0.47,60.4,205.3,148.3,0,0.0,0.24,340.3,0.161,60.5,54.42,Spaceport / Landing Pad
-86.5451,128.4181,1207.4,11.75,1.03,53.1,199.8,142.5,0,0.0,0.12,324.7,0.224,58.3,33.74,Secondary Exploration Zone
-82.3607,-153.1219,283.5,0.5,0.34,49.9,197.4,139.9,0,0.0,0.28,307.3,0.294,49.4,51.92,Spaceport / Landing Pad
-82.9096,-159.1791,900.7,2.31,0.5,54.8,201.1,143.8,0,0.0,0.27,323.6,0.228,55.3,52.25,Spaceport / Landing Pad
-80.0,52.6404,894.1,1.07,0.45,55.3,201.5,144.2,0,0.0,0.26,324.5,0.225,55.3,53.13,Spaceport / Landing Pad
-80.0,-63.6669,1611.0,0.53,0.28,62.2,206.7,149.8,0,0.0,0.18,345.6,0.139,62.1,55.09,Spaceport / Landing Pad
-80.0,-51.1155,509.4,2.5,0.45,51.1,198.3,140.8,0,0.0,0.29,312.2,0.274,51.6,51.13,Spaceport / Landing Pad
-88.3887,100.008,1526.8,0.5,0.35,61.4,206.1,149.2,0,0.0,0.28,343.2,0.149,61.3,54.89,Spaceport / Landing Pad
-80.0,-142.2143,613.4,0.5,0.38,53.0,199.7,142.4,0,0.0,0.06,316.8,0.256,52.6,52.71,Spaceport / Landing Pad
-81.0654,-57.8043,809.8,0.5,0.3,54.8,201.1,143.8,0,0.0,0.14,322.5,0.233,54.4,53.18,Spaceport / Landing Pad
-82.0303,-161.5651,733.8,0.59,0.3,54.1,200.5,143.2,0,0.0,0.2,320.2,0.242,53.7,52.96,Spaceport / Landing Pad
-82.0084,-104.1986,907.7,2.05,0.48,55.0,201.2,144.0,0,0.0,0.11,324.0,0.227,55.4,52.49,Spaceport / Landing Pad
-80.0,50.0006,1042.7,0.5,0.31,57.0,202.7,145.6,0,0.0,0.33,329.2,0.206,56.7,53.73,Spaceport / Landing Pad
-85.9078,45.0,316.5,14.88,1.31,43.3,192.5,134.7,0,0.0,0.22,296.4,0.338,49.7,21.06,Secondary Exploration Zone
-88.6999,68.9625,2148.9,3.37,0.41,65.8,209.4,152.7,0,0.0,0.09,345.1,0.141,67.3,54.63,Spaceport / Landing Pad
-85.3124,144.7276,2141.6,7.91,0.84,63.6,207.7,150.9,0,0.0,0.26,341.4,0.156,67.2,46.71,Secondary Exploration Zone
-80.3094,20.879,977.2,0.65,0.26,56.3,202.2,145.0,0,0.0,0.19,327.2,0.214,56.0,53.52,Spaceport / Landing Pad
-80.691,153.178,341.4,0.5,0.27,50.5,197.8,140.4,0,0.0,0.23,309.0,0.287,50.0,52.05,Spaceport / Landing Pad
-84.3176,-165.7355,1683.3,0.5,0.21,62.9,207.2,150.3,0,0.0,0.28,347.5,0.132,62.8,55.28,Spaceport / Landing Pad
-87.478,-141.009,1220.4,0.77,0.44,58.5,203.9,146.8,0,0.0,0.21,334.1,0.186,58.4,54.05,Spaceport / Landing Pad
-80.4216,74.7449,2246.7,1.03,0.42,67.9,210.9,154.3,0,0.0,0.32,347.0,0.133,68.2,57.01,Spaceport / Landing Pad
-82.8558,-17.488,1497.3,0.5,0.42,61.2,205.9,148.9,0,0.0,0.13,342.3,0.153,61.0,54.82,Spaceport / Landing Pad
-80.9568,-168.6901,1240.9,0.99,0.35,58.6,203.9,146.9,0,0.0,0.11,334.5,0.184,58.6,54.0,Spaceport / Landing Pad
-81.3791,-70.3879,2003.7,0.56,0.4,65.8,209.4,152.7,0,0.0,0.21,347.4,0.132,65.9,56.37,Spaceport / Landing Pad
-85.1015,149.0362,1365.7,1.33,0.21,59.6,204.7,147.6,0,0.0,0.26,337.8,0.171,59.8,54.11,Spaceport / Landing Pad
-85.6119,-23.8387,1041.0,0.88,0.32,56.8,202.6,145.4,0,0.0,0.21,328.9,0.207,56.7,53.58,Spaceport / Landing Pad
-80.0,43.172,714.4,1.6,0.41,53.4,200.0,142.7,0,0.0,0.25,318.9,0.248,53.5,52.37,Spaceport / Landing Pad
-80.0,127.9621,1955.9,1.74,0.32,64.8,208.6,151.9,0,0.0,0.1,346.5,0.136,65.4,55.54,Spaceport / Landing Pad
-80.0,-136.232,1802.2,1.01,0.29,63.8,207.8,151.0,0,0.0,0.11,347.1,0.133,63.9,55.47,Spaceport / Landing Pad
-81.0032,157.4259,509.5,1.42,0.3,51.6,198.7,141.3,0,0.0,0.17,313.1,0.271,51.6,52.0,Spaceport / Landing Pad
-87.3434,-161.5651,926.9,0.52,0.17,55.9,201.9,144.7,0,0.0,0.07,325.9,0.219,55.6,53.45,Spaceport / Landing Pad
-83.0186,150.3501,1139.1,0.5,0.22,57.9,203.4,146.3,0,0.0,0.13,332.0,0.194,57.6,53.97,Spaceport / Landing Pad
-88.4549,-25.0169,2174.1,0.61,0.38,67.4,210.5,153.9,0,0.0,0.25,347.4,0.132,67.5,56.94,Spaceport / Landing Pad
-84.9062,-76.2184,967.1,1.27,0.22,55.9,201.9,144.7,0,0.0,0.2,326.4,0.217,56.0,53.19,Spaceport / Landing Pad
-82.4341,87.8789,1190.5,0.59,0.3,58.3,203.7,146.6,0,0.0,0.06,333.4,0.189,58.1,54.06,Spaceport / Landing Pad
-85.2606,-147.875,1128.6,1.0,0.24,57.5,203.1,146.0,0,0.0,0.2,331.3,0.197,57.5,53.73,Spaceport / Landing Pad
-80.0,151.3482,657.7,0.64,0.24,53.3,200.0,142.7,0,0.0,0.34,318.0,0.251,53.0,52.76,Spaceport / Landing Pad
-80.0,45.0,470.0,0.52,0.14,51.6,198.7,141.3,0,0.0,0.19,312.7,0.273,51.2,52.35,Spaceport / Landing Pad
-80.5498,-106.645,202.0,1.9,0.25,48.5,196.4,138.8,0,0.0,0.06,303.8,0.308,48.6,50.92,Spaceport / Landing Pad
-81.0576,-76.1088,1585.4,1.36,0.27,61.6,206.2,149.3,0,0.0,0.28,344.1,0.145,61.9,54.62,Spaceport / Landing Pad
-86.6164,-114.444,1678.5,0.5,0.15,62.9,207.1,150.3,0,0.0,0.32,347.5,0.132,62.8,55.26,Spaceport / Landing Pad
-86.1176,-80.3112,1106.4,2.46,0.53,56.6,202.5,145.3,0,0.0,0.23,329.4,0.205,57.3,52.6,Spaceport / Landing Pad
-80.2092,138.8655,1004.7,1.14,0.2,56.3,202.2,145.0,0,0.0,0.07,327.6,0.212,56.3,53.36,Spaceport / Landing Pad
-81.8359,157.8337,445.0,0.79,0.32,51.3,198.5,141.0,0,0.0,0.07,311.8,0.276,51.0,52.19,Spaceport / Landing Pad
-80.0,123.2614,2041.6,0.81,0.37,66.1,209.6,152.9,0,0.0,0.21,347.2,0.133,66.2,56.4,Spaceport / Landing Pad
-80.513,-76.9209,1594.0,0.5,0.23,62.1,206.6,149.7,0,0.0,0.15,345.1,0.141,62.0,55.06,Spaceport / Landing Pad
-82.3425,-134.0122,581.4,0.87,0.27,52.5,199.4,142.0,0,0.0,0.16,315.6,0.261,52.3,52.48,Spaceport / Landing Pad
-83.7287,175.7321,1669.9,1.91,0.29,62.1,206.6,149.7,0,0.0,0.22,346.1,0.137,62.7,54.42,Spaceport / Landing Pad
-80.0,-138.4064,1146.9,1.81,0.31,57.3,203.0,145.8,0,0.0,0.29,331.1,0.198,57.7,53.25,Spaceport / Landing Pad
-81.6168,-161.1616,880.6,1.16,0.27,55.1,201.4,144.1,0,0.0,0.35,324.0,0.227,55.1,53.04,Spaceport / Landing Pad
-82.9738,-109.3978,1734.2,2.24,0.35,62.5,206.9,150.0,0,0.0,0.24,346.0,0.137,63.3,54.37,Spaceport / Landing Pad
-80.3563,25.821,1294.6,0.55,0.19,59.3,204.5,147.4,0,0.0,0.23,336.4,0.176,59.1,54.32,Spaceport / Landing Pad
-80.0434,-128.9115,1532.9,1.01,0.41,61.3,205.9,149.0,0,0.0,0.31,342.9,0.15,61.4,54.69,Spaceport / Landing Pad
-80.331,-59.226,868.6,1.93,0.45,54.7,201.0,143.7,0,0.0,0.05,323.0,0.231,55.0,52.49,Spaceport / Landing Pad
-80.4143,157.6806,853.7,2.23,0.4,54.4,200.8,143.5,0,0.0,0.27,322.3,0.233,54.9,52.2,Spaceport / Landing Pad
-86.9524,-40.0303,1765.3,1.44,0.24,63.2,207.4,150.6,0,0.0,0.19,346.7,0.135,63.6,55.09,Spaceport / Landing Pad
-83.1395,104.9816,1061.6,0.56,0.19,57.1,202.8,145.7,0,0.0,0.14,329.7,0.204,56.9,53.76,Spaceport / Landing Pad
-81.8529,161.9802,841.6,1.76,0.42,54.5,200.9,143.6,0,0.0,0.13,322.4,0.233,54.7,52.56,Spaceport / Landing Pad
-80.0,44.3489,681.7,1.45,0.27,53.2,199.9,142.5,0,0.0,0.14,318.0,0.251,53.2,52.39,Spaceport / Landing Pad
-88.4104,-93.3665,823.6,0.59,0.16,54.9,201.2,143.9,0,0.0,0.2,322.8,0.231,54.6,53.18,Spaceport / Landing Pad
-80.0,-124.1145,1509.2,0.68,0.43,61.2,205.9,149.0,0,0.0,0.31,342.5,0.152,61.1,54.79,Spaceport / Landing Pad
-85.3497,-169.5923,760.0,1.43,0.34,53.9,200.4,143.1,0,0.0,0.28,320.3,0.242,54.0,52.6,Spaceport / Landing Pad
-85.5332,100.8403,1360.6,2.79,0.39,58.8,204.1,147.0,0,0.0,0.24,336.5,0.176,59.7,52.88,Spaceport / Landing Pad
-84.2809,63.8532,1114.3,8.84,0.84,53.6,200.2,142.9,0,0.0,0.27,324.4,0.225,57.4,41.57,Secondary Exploration Zone
-82.3425,-80.8821,1070.2,1.0,0.31,57.0,202.7,145.6,0,0.0,0.27,329.6,0.204,56.9,53.59,Spaceport / Landing Pad
-85.7737,133.2101,-1079.0,4.09,0.69,0.0,63.5,46.3,1,0.215,1.23,292.7,0.354,0.0,35.43,Secondary Exploration Zone
-83.932,-90.8814,855.0,0.82,0.34,55.1,201.3,144.1,0,0.0,0.23,323.5,0.229,54.9,53.16,Spaceport / Landing Pad
-84.2143,-72.1497,871.9,1.61,0.37,54.8,201.1,143.9,0,0.0,0.14,323.4,0.229,55.0,52.74,Spaceport / Landing Pad
-81.9736,171.3045,2003.3,0.84,0.36,65.7,209.3,152.6,0,0.0,0.2,347.2,0.133,65.9,56.25,Spaceport / Landing Pad
-80.0,146.4493,1022.4,1.04,0.22,56.5,202.4,145.2,0,0.0,0.34,328.2,0.21,56.5,53.45,Spaceport / Landing Pad
-83.3353,127.0304,1557.5,10.39,0.95,57.0,202.7,145.6,0,0.0,0.1,335.9,0.179,61.6,38.56,Secondary Exploration Zone
-87.4505,-66.2505,817.4,0.5,0.35,54.9,201.2,143.9,0,0.0,0.32,322.7,0.232,54.5,53.19,Spaceport / Landing Pad
-83.372,0.8069,-1031.4,9.37,0.88,33.5,185.1,126.8,0,0.0,0.21,288.3,0.371,36.8,34.1,Secondary Exploration Zone
-87.1169,60.9454,762.7,1.73,0.42,53.8,200.3,143.0,0,0.0,0.1,320.1,0.242,54.0,52.39,Spaceport / Landing Pad
-81.6752,107.6223,545.9,1.14,0.39,52.0,199.0,141.6,0,0.0,0.11,314.4,0.266,51.9,52.26,Spaceport / Landing Pad
-86.5451,-1.5482,1821.6,5.88,0.52,61.6,206.2,149.3,0,0.0,0.16,343.0,0.15,64.1,49.72,Secondary Exploration Zone
-82.959,75.4111,708.3,0.95,0.44,53.6,200.2,142.9,0,0.0,0.07,319.2,0.246,53.5,52.75,Spaceport / Landing Pad
-81.9433,-100.008,1113.6,1.45,0.24,57.2,202.9,145.7,0,0.0,0.07,330.5,0.2,57.4,53.43,Spaceport / Landing Pad
-81.444,-96.8924,1031.4,1.31,0.22,56.5,202.3,145.2,0,0.0,0.22,328.2,0.21,56.6,53.32,Spaceport / Landing Pad
-83.5533,-177.5104,2180.1,1.26,0.23,67.1,210.4,153.7,0,0.0,0.21,346.9,0.134,67.6,56.65,Spaceport / Landing Pad
-84.6265,-72.8241,783.8,0.63,0.42,54.5,200.9,143.6,0,0.0,0.15,321.7,0.236,54.2,53.07,Spaceport / Landing Pad
-81.2626,71.9522,2197.6,0.85,0.28,67.5,210.6,154.0,0,0.0,0.1,347.2,0.133,67.7,56.92,Spaceport / Landing Pad
-80.0,33.8262,1605.5,1.38,0.41,61.8,206.3,149.4,0,0.0,0.2,344.7,0.143,62.1,54.65,Spaceport / Landing Pad
-82.4433,72.0127,1175.6,1.99,0.36,57.5,203.1,146.0,0,0.0,0.24,331.8,0.195,57.9,53.18,Spaceport / Landing Pad
-86.3489,57.5288,1721.0,2.94,0.33,62.1,206.6,149.7,0,0.0,0.07,345.5,0.14,63.2,53.63,Spaceport / Landing Pad
-86.3015,-132.9546,1106.5,1.15,0.48,57.2,202.9,145.8,0,0.0,0.18,330.5,0.2,57.3,53.59,Spaceport / Landing Pad
-85.7737,-83.6598,1343.4,1.11,0.27,59.5,204.6,147.6,0,0.0,0.07,337.4,0.173,59.6,54.18,Spaceport / Landing Pad
-80.0,48.7723,227.6,0.5,0.38,49.4,197.1,139.5,0,0.0,0.06,305.7,0.301,48.9,51.78,Spaceport / Landing Pad
-84.2809,-26.1468,831.2,0.5,0.29,55.0,201.2,144.0,0,0.0,0.26,323.1,0.23,54.6,53.23,Spaceport / Landing Pad
-81.5258,-139.4672,837.2,1.22,0.22,54.7,201.0,143.8,0,0.0,0.06,322.7,0.232,54.7,52.91,Spaceport / Landing Pad
-86.368,25.9065,1781.3,2.19,0.41,63.0,207.2,150.4,0,0.0,0.08,346.1,0.137,63.7,54.58,Spaceport / Landing Pad
-89.604,135.0,1503.6,7.99,0.8,57.6,203.2,146.1,0,0.0,0.15,336.3,0.177,61.1,44.5,Secondary Exploration Zone
-81.8572,-25.0963,1989.1,1.42,0.34,65.3,209.0,152.2,0,0.0,0.19,346.7,0.135,65.7,55.88,Spaceport / Landing Pad
-85.7491,-160.7693,601.4,0.64,0.17,52.8,199.6,142.2,0,0.0,0.33,316.4,0.258,52.4,52.62,Spaceport / Landing Pad
-80.8381,-81.2095,1619.5,1.18,0.24,62.0,206.5,149.6,0,0.0,0.08,345.3,0.141,62.2,54.81,Spaceport / Landing Pad
-87.4369,146.8887,333.7,0.58,0.41,50.3,197.8,140.3,0,0.0,0.33,308.7,0.289,49.9,52.01,Spaceport / Landing Pad
-82.9838,130.684,1137.4,4.31,0.58,56.0,202.0,144.8,0,0.0,0.29,328.8,0.207,57.6,50.47,Secondary Exploration Zone
-81.3791,33.518,1666.4,1.14,0.2,62.4,206.8,149.9,0,0.0,0.35,346.7,0.135,62.6,54.94,Spaceport / Landing Pad
-80.0,-146.4493,635.9,0.61,0.41,53.1,199.9,142.5,0,0.0,0.26,317.4,0.253,52.8,52.72,Spaceport / Landing Pad
-84.4542,6.7662,-3782.0,0.96,0.21,0.0,52.3,65.3,1,0.915,5.01,295.2,0.343,0.0,52.01,ISRU Cryogenic Mining Outpost
-84.4542,-136.3639,1872.1,1.3,0.23,64.3,208.2,151.4,0,0.0,0.24,346.8,0.134,64.6,55.55,Spaceport / Landing Pad
-83.6568,122.9885,643.6,7.21,0.69,50.0,197.5,140.0,0,0.0,0.31,312.2,0.275,52.9,44.16,Secondary Exploration Zone
-81.5258,153.1527,368.8,1.29,0.35,50.3,197.7,140.3,0,0.0,0.14,309.1,0.287,50.2,51.74,Spaceport / Landing Pad
-80.5498,-106.645,202.0,1.9,0.25,48.5,196.4,138.8,0,0.0,0.06,303.8,0.308,48.6,50.92,Spaceport / Landing Pad
-82.7109,-170.4171,1825.2,1.32,0.39,63.8,207.9,151.1,0,0.0,0.1,346.8,0.134,64.2,55.38,Spaceport / Landing Pad
-81.4889,158.782,525.1,1.41,0.33,51.7,198.8,141.4,0,0.0,0.28,313.5,0.269,51.7,52.04,Spaceport / Landing Pad
-86.7854,25.821,2080.7,5.12,0.69,64.4,208.3,151.5,0,0.0,0.23,343.7,0.147,66.6,51.94,Secondary Exploration Zone
-82.3152,-49.9271,1446.8,1.77,0.35,60.1,205.1,148.1,0,0.0,0.11,339.8,0.163,60.5,54.0,Spaceport / Landing Pad
-84.5301,64.7468,-83.9,13.37,1.1,40.3,190.3,132.3,0,0.0,0.23,286.2,0.38,45.9,25.43,Secondary Exploration Zone
-82.4571,-102.1443,1400.9,1.09,0.42,60.0,205.0,148.0,0,0.0,0.34,339.1,0.166,60.1,54.33,Spaceport / Landing Pad
-85.0099,172.4762,1173.3,0.84,0.42,58.0,203.5,146.4,0,0.0,0.25,332.7,0.192,57.9,53.91,Spaceport / Landing Pad
-80.0,-147.2953,612.2,1.13,0.23,52.7,199.5,142.1,0,0.0,0.35,316.3,0.258,52.6,52.42,Spaceport / Landing Pad
-83.0838,-111.3706,1814.7,1.84,0.47,63.5,207.6,150.8,0,0.0,0.17,346.4,0.136,64.1,54.98,Spaceport / Landing Pad
-82.4111,-121.9307,937.2,0.68,0.19,55.9,201.9,144.7,0,0.0,0.06,326.0,0.219,55.7,53.41,Spaceport / Landing Pad
-86.8072,-52.125,1068.6,2.03,0.45,56.5,202.3,145.2,0,0.0,0.24,328.7,0.208,56.9,52.89,Spaceport / Landing Pad
-86.8845,98.6156,414.0,13.46,1.33,44.9,193.7,135.9,0,0.0,0.26,300.4,0.322,50.7,26.32,Secondary Exploration Zone
-86.0997,-21.0375,1248.9,1.73,0.3,58.3,203.7,146.6,0,0.0,0.15,334.1,0.186,58.6,53.56,Spaceport / Landing Pad
-80.0434,141.0885,1203.3,0.63,0.17,58.4,203.8,146.7,0,0.0,0.2,333.7,0.187,58.2,54.07,Spaceport / Landing Pad
-85.4176,176.4965,1030.6,0.61,0.36,56.8,202.6,145.4,0,0.0,0.29,328.8,0.207,56.6,53.67,Spaceport / Landing Pad
-85.8068,-16.8214,1040.9,0.61,0.32,56.9,202.7,145.5,0,0.0,0.16,329.1,0.206,56.7,53.69,Spaceport / Landing Pad
-86.0288,-119.5778,1424.5,0.5,0.38,60.5,205.4,148.4,0,0.0,0.1,340.2,0.161,60.3,54.65,Spaceport / Landing Pad
-85.4405,157.1094,1460.7,0.97,0.45,60.6,205.5,148.5,0,0.0,0.28,340.9,0.158,60.7,54.54,Spaceport / Landing Pad
-81.6794,43.1817,1548.4,1.28,0.46,61.3,206.0,149.0,0,0.0,0.18,343.1,0.149,61.5,54.58,Spaceport / Landing Pad
-80.0,132.4831,1354.1,1.34,0.45,59.4,204.6,147.6,0,0.0,0.33,337.5,0.172,59.7,54.07,Spaceport / Landing Pad
-81.6878,102.3194,996.2,0.61,0.31,56.5,202.4,145.2,0,0.0,0.13,327.8,0.211,56.2,53.58,Spaceport / Landing Pad
-80.0,-132.8524,1187.4,0.61,0.4,58.2,203.7,146.6,0,0.0,0.13,333.3,0.189,58.1,54.04,Spaceport / Landing Pad
-80.0,144.353,1312.1,2.21,0.51,58.6,204.0,146.9,0,0.0,0.19,335.6,0.18,59.3,53.32,Spaceport / Landing Pad
-84.2992,-177.1844,1524.3,1.8,0.38,60.8,205.6,148.6,0,0.0,0.06,342.0,0.154,61.3,54.16,Spaceport / Landing Pad
-87.3698,152.5256,300.3,0.5,0.33,50.1,197.6,140.1,0,0.0,0.24,307.8,0.292,49.6,51.96,Spaceport / Landing Pad
-86.6893,-139.5739,1046.2,1.6,0.28,56.5,202.3,145.2,0,0.0,0.18,328.4,0.209,56.7,53.16,Spaceport / Landing Pad
-82.0522,-123.5034,894.2,1.26,0.4,55.2,201.4,144.2,0,0.0,0.08,324.3,0.225,55.3,53.02,Spaceport / Landing Pad
-85.3798,81.8699,1986.9,15.23,1.45,58.6,204.0,146.9,0,0.0,0.07,335.3,0.181,65.7,24.93,Secondary Exploration Zone
-80.0,-45.0,1209.2,0.83,0.26,58.3,203.8,146.7,0,0.0,0.29,333.7,0.187,58.3,54.0,Spaceport / Landing Pad
-83.4834,-128.0189,1627.4,1.46,0.36,61.9,206.4,149.5,0,0.0,0.2,345.3,0.141,62.3,54.65,Spaceport / Landing Pad
-83.1802,120.4258,2591.7,6.38,0.73,68.5,211.4,154.8,0,0.0,0.35,342.6,0.151,71.5,51.48,Secondary Exploration Zone
-81.1556,45.0,1147.2,1.48,0.27,57.5,203.1,146.0,0,0.0,0.27,331.4,0.197,57.7,53.49,Spaceport / Landing Pad
-85.3949,-162.2996,759.3,2.01,0.45,53.6,200.2,142.9,0,0.0,0.18,319.8,0.244,54.0,52.17,Spaceport / Landing Pad
-81.4889,-68.782,2001.6,0.5,0.25,65.9,209.4,152.7,0,0.0,0.33,347.5,0.132,65.9,56.38,Spaceport / Landing Pad
-82.6112,-116.2413,1198.6,2.36,0.47,57.5,203.1,146.0,0,0.0,0.29,332.2,0.194,58.2,52.92,Spaceport / Landing Pad
-82.4341,38.991,2125.4,0.79,0.27,66.9,210.1,153.5,0,0.0,0.1,347.2,0.133,67.0,56.7,Spaceport / Landing Pad
-80.6015,-74.4454,1673.5,0.5,0.19,62.8,207.1,150.2,0,0.0,0.17,347.4,0.132,62.7,55.25,Spaceport / Landing Pad
-83.1395,33.9063,1888.5,1.99,0.53,64.1,208.1,151.3,0,0.0,0.09,346.3,0.137,64.8,55.12,Spaceport / Landing Pad
-81.2746,-152.6126,877.8,1.53,0.43,54.9,201.2,143.9,0,0.0,0.21,323.6,0.228,55.1,52.81,Spaceport / Landing Pad
-80.0,131.9552,1314.8,0.5,0.33,59.5,204.6,147.6,0,0.0,0.13,337.1,0.174,59.3,54.39,Spaceport / Landing Pad
-84.2627,-68.0255,503.9,1.92,0.48,51.3,198.5,141.0,0,0.0,0.13,312.5,0.273,51.5,51.62,Spaceport / Landing Pad
-81.0498,97.7921,842.2,1.14,0.2,54.8,201.1,143.8,0,0.0,0.29,322.9,0.231,54.8,52.96,Spaceport / Landing Pad
-84.6136,-27.8973,866.4,0.75,0.38,55.2,201.4,144.2,0,0.0,0.14,323.9,0.227,55.0,53.22,Spaceport / Landing Pad
-81.8529,71.9802,1822.9,2.24,0.35,63.4,207.5,150.7,0,0.0,0.3,346.0,0.137,64.1,54.67,Spaceport / Landing Pad
-80.3853,-36.3136,1342.3,1.02,0.47,59.5,204.6,147.6,0,0.0,0.2,337.4,0.172,59.5,54.23,Spaceport / Landing Pad
-80.0,53.7974,769.9,0.68,0.3,54.3,200.8,143.5,0,0.0,0.1,321.2,0.238,54.1,53.01,Spaceport / Landing Pad
-81.1871,-118.4652,1099.1,1.51,0.32,57.0,202.7,145.6,0,0.0,0.06,330.0,0.202,57.2,53.35,Spaceport / Landing Pad
-81.0265,161.1881,1017.1,2.45,0.34,55.8,201.8,144.6,0,0.0,0.29,326.9,0.215,56.4,52.4,Spaceport / Landing Pad
-80.3419,-113.344,1089.8,1.91,0.5,56.7,202.5,145.4,0,0.0,0.26,329.4,0.205,57.1,53.04,Spaceport / Landing Pad
-80.9337,-61.06,1219.5,2.39,0.49,57.7,203.3,146.2,0,0.0,0.06,332.8,0.191,58.4,52.94,Spaceport / Landing Pad
-80.0,137.8986,1245.3,1.69,0.28,58.3,203.7,146.6,0,0.0,0.35,334.1,0.186,58.6,53.58,Spaceport / Landing Pad
-86.0288,-23.5523,1271.2,1.13,0.38,58.8,204.1,147.0,0,0.0,0.14,335.3,0.181,58.9,54.0,Spaceport / Landing Pad
-80.3094,-159.121,1422.8,1.01,0.25,60.2,205.2,148.2,0,0.0,0.28,339.7,0.163,60.3,54.43,Spaceport / Landing Pad
-86.2453,-124.8753,1324.3,1.02,0.31,59.3,204.5,147.5,0,0.0,0.18,336.9,0.175,59.4,54.18,Spaceport / Landing Pad
-82.4433,25.6155,2062.8,1.08,0.34,66.1,209.6,152.9,0,0.0,0.18,347.0,0.134,66.4,56.34,Spaceport / Landing Pad
-80.3166,-17.387,867.4,1.03,0.47,55.1,201.3,144.1,0,0.0,0.29,323.7,0.228,55.0,53.09,Spaceport / Landing Pad
-80.0,56.4493,933.3,0.85,0.38,55.8,201.8,144.6,0,0.0,0.34,325.8,0.22,55.6,53.33,Spaceport / Landing Pad
-82.6206,-161.5651,894.4,1.87,0.25,54.9,201.2,143.9,0,0.0,0.25,323.8,0.227,55.3,52.6,Spaceport / Landing Pad
-81.1084,116.834,846.2,1.27,0.21,54.8,201.1,143.8,0,0.0,0.21,322.9,0.231,54.8,52.9,Spaceport / Landing Pad
-83.2728,150.9454,1245.3,1.47,0.34,58.4,203.8,146.7,0,0.0,0.21,334.3,0.185,58.6,53.73,Spaceport / Landing Pad
-88.0199,-81.8699,865.9,0.5,0.42,55.3,201.5,144.3,0,0.0,0.1,324.1,0.226,55.0,53.31,Spaceport / Landing Pad
-80.524,116.3126,707.5,1.98,0.44,53.1,199.9,142.5,0,0.0,0.24,318.3,0.25,53.5,52.07,Spaceport / Landing Pad
-87.478,-128.991,1425.0,1.32,0.35,60.1,205.1,148.1,0,0.0,0.29,339.6,0.164,60.3,54.26,Spaceport / Landing Pad
-80.9184,-12.4649,739.7,0.5,0.18,54.2,200.6,143.3,0,0.0,0.14,320.5,0.241,53.8,53.01,Spaceport / Landing Pad
-87.5911,144.4623,362.3,1.21,0.44,50.3,197.7,140.3,0,0.0,0.18,309.0,0.287,50.2,51.78,Spaceport / Landing Pad
-85.4943,39.9575,765.1,14.06,1.24,47.9,195.9,138.3,0,0.0,0.14,310.0,0.283,54.0,25.08,Secondary Exploration Zone
-81.6168,-52.2369,1160.6,1.95,0.43,57.4,203.0,145.9,0,0.0,0.13,331.4,0.197,57.8,53.18,Spaceport / Landing Pad
-80.4726,-138.9725,967.3,0.5,0.31,56.3,202.2,145.0,0,0.0,0.23,327.0,0.214,56.0,53.55,Spaceport / Landing Pad
-83.9955,101.6593,1263.4,0.5,0.3,59.0,204.3,147.2,0,0.0,0.3,335.6,0.18,58.8,54.26,Spaceport / Landing Pad
-84.5301,36.6743,789.2,1.63,0.39,54.1,200.5,143.3,0,0.0,0.07,321.0,0.239,54.2,52.52,Spaceport / Landing Pad
-83.7733,167.0054,1206.1,0.5,0.36,58.5,203.9,146.8,0,0.0,0.13,333.9,0.187,58.2,54.13,Spaceport / Landing Pad
-84.2687,-173.4537,1659.4,1.9,0.3,62.0,206.5,149.6,0,0.0,0.11,345.8,0.138,62.6,54.41,Spaceport / Landing Pad
-85.052,-54.211,341.9,1.68,0.25,49.9,197.4,139.9,0,0.0,0.26,308.0,0.291,50.0,51.42,Spaceport / Landing Pad
-80.0,49.1347,931.4,1.01,0.39,55.7,201.8,144.5,0,0.0,0.13,325.6,0.22,55.6,53.25,Spaceport / Landing Pad
-89.2891,66.8014,1710.8,1.47,0.22,62.7,207.0,150.2,0,0.0,0.1,346.7,0.135,63.1,54.88,Spaceport / Landing Pad
-80.0,-36.3629,1070.1,1.77,0.48,56.6,202.5,145.3,0,0.0,0.08,329.0,0.207,56.9,53.1,Spaceport / Landing Pad
-86.2733,-22.0679,1389.0,1.02,0.25,59.9,204.9,147.9,0,0.0,0.14,338.8,0.167,60.0,54.34,Spaceport / Landing Pad
-87.985,76.6075,1297.5,2.33,0.54,58.4,203.8,146.8,0,0.0,0.06,335.0,0.182,59.1,53.17,Spaceport / Landing Pad
-80.0,38.4431,1011.8,0.93,0.35,56.5,202.4,145.2,0,0.0,0.31,328.0,0.211,56.4,53.48,Spaceport / Landing Pad
-81.4155,-136.7624,1032.2,0.5,0.16,56.9,202.6,145.5,0,0.0,0.06,328.9,0.207,56.6,53.71,Spaceport / Landing Pad
-85.7985,88.727,3720.8,6.08,0.79,79.1,219.3,163.3,0,0.0,0.13,342.9,0.15,82.3,55.97,Secondary Exploration Zone
-81.9087,78.6901,1405.3,3.06,0.33,59.1,204.3,147.3,0,0.0,0.19,337.6,0.172,60.1,52.7,Spaceport / Landing Pad
-83.5263,-28.4127,1052.8,1.57,0.38,56.5,202.4,145.2,0,0.0,0.25,328.6,0.208,56.8,53.2,Spaceport / Landing Pad
-81.5258,130.5328,837.7,1.93,0.38,54.4,200.8,143.5,0,0.0,0.14,322.1,0.234,54.7,52.41,Spaceport / Landing Pad
-82.8558,-61.0908,634.6,1.7,0.39,52.6,199.4,142.1,0,0.0,0.09,316.5,0.257,52.8,52.11,Spaceport / Landing Pad
-81.5795,125.9807,1457.9,1.74,0.31,60.2,205.2,148.2,0,0.0,0.13,340.2,0.161,60.6,54.05,Spaceport / Landing Pad
-81.9693,-109.6986,656.5,1.58,0.36,52.9,199.6,142.3,0,0.0,0.07,317.2,0.254,53.0,52.24,Spaceport / Landing Pad
-84.4291,-98.6732,1163.5,1.3,0.28,57.7,203.3,146.2,0,0.0,0.08,332.0,0.194,57.8,53.64,Spaceport / Landing Pad
-81.2786,-137.6026,1060.6,0.7,0.27,57.0,202.8,145.6,0,0.0,0.31,329.6,0.204,56.8,53.7,Spaceport / Landing Pad
-81.9087,-106.7626,673.0,1.64,0.49,53.0,199.7,142.4,0,0.0,0.29,317.6,0.253,53.1,52.24,Spaceport / Landing Pad
-80.0,-136.3804,1149.9,1.8,0.46,57.3,203.0,145.9,0,0.0,0.16,331.2,0.197,57.7,53.27,Spaceport / Landing Pad
-87.2531,-170.2176,862.8,0.84,0.39,55.1,201.3,144.1,0,0.0,0.11,323.8,0.228,55.0,53.17,Spaceport / Landing Pad
-82.0917,11.5752,1218.2,1.7,0.5,58.0,203.5,146.4,0,0.0,0.25,333.3,0.189,58.4,53.51,Spaceport / Landing Pad
-80.3491,131.8636,948.1,1.51,0.42,55.6,201.7,144.5,0,0.0,0.27,325.7,0.22,55.8,52.99,Spaceport / Landing Pad
-84.4166,141.789,943.0,10.85,0.98,51.1,198.3,140.9,0,0.0,0.16,317.8,0.252,55.7,35.77,Secondary Exploration Zone
-84.3917,71.5651,641.5,1.71,0.52,52.7,199.5,142.1,0,0.0,0.33,316.7,0.256,52.8,52.12,Spaceport / Landing Pad
-80.0,117.2553,951.4,1.9,0.38,55.4,201.6,144.4,0,0.0,0.09,325.4,0.221,55.8,52.71,Spaceport / Landing Pad
-81.3831,-129.7261,1341.5,1.63,0.22,59.2,204.4,147.4,0,0.0,0.21,336.9,0.175,59.5,53.85,Spaceport / Landing Pad
-83.5587,90.8303,1611.3,0.5,0.38,62.2,206.7,149.8,0,0.0,0.08,345.6,0.139,62.1,55.1,Spaceport / Landing Pad
-83.2936,81.1932,1008.9,1.41,0.4,56.2,202.2,145.0,0,0.0,0.17,327.5,0.213,56.3,53.2,Spaceport / Landing Pad
-85.3647,64.9831,-310.0,10.31,1.09,39.7,189.8,131.8,0,0.0,0.26,287.5,0.374,43.7,34.12,Secondary Exploration Zone
-82.9244,8.3439,1702.2,7.43,0.65,59.7,204.8,147.8,0,0.0,0.34,341.8,0.155,63.0,46.24,Secondary Exploration Zone
-81.2586,-96.7456,926.2,1.83,0.45,55.2,201.4,144.2,0,0.0,0.23,324.8,0.224,55.6,52.71,Spaceport / Landing Pad
-80.5867,-59.6209,969.3,1.53,0.41,55.8,201.8,144.6,0,0.0,0.22,326.3,0.218,56.0,53.03,Spaceport / Landing Pad
-81.1202,33.8571,1563.2,0.5,0.38,61.8,206.3,149.4,0,0.0,0.21,344.2,0.145,61.7,54.98,Spaceport / Landing Pad
-86.2827,-51.1155,916.4,2.23,0.48,55.0,201.2,144.0,0,0.0,0.06,324.1,0.226,55.5,52.35,Spaceport / Landing Pad
-81.0732,158.5323,614.1,1.24,0.4,52.6,199.5,142.1,0,0.0,0.3,316.3,0.258,52.6,52.36,Spaceport / Landing Pad
-83.9091,-15.1011,1178.9,0.5,0.25,58.2,203.7,146.6,0,0.0,0.24,333.1,0.19,58.0,54.06,Spaceport / Landing Pad
-82.3198,16.2324,1477.1,1.87,0.52,60.3,205.2,148.3,0,0.0,0.21,340.6,0.16,60.8,53.99,Spaceport / Landing Pad
-88.2839,-135.0,867.5,1.98,0.48,54.6,201.0,143.7,0,0.0,0.05,322.9,0.231,55.0,52.45,Spaceport / Landing Pad
-83.6513,48.5763,1034.9,2.55,0.36,55.9,201.9,144.7,0,0.0,0.14,327.3,0.213,56.6,52.34,Spaceport / Landing Pad
-86.6998,171.8699,963.4,0.51,0.15,56.2,202.2,145.0,0,0.0,0.32,326.9,0.215,55.9,53.54,Spaceport / Landing Pad
-80.2735,52.8002,708.7,0.5,0.29,53.9,200.4,143.1,0,0.0,0.05,319.6,0.245,53.5,52.93,Spaceport / Landing Pad
-83.0889,-106.4769,1791.7,1.25,0.26,63.5,207.7,150.8,0,0.0,0.12,346.9,0.134,63.8,55.3,Spaceport / Landing Pad
-86.0997,-111.0375,1600.1,0.5,0.16,62.1,206.6,149.7,0,0.0,0.24,345.3,0.141,62.0,55.07,Spaceport / Landing Pad
-80.0,143.858,1248.5,0.8,0.33,58.7,204.0,147.0,0,0.0,0.16,334.9,0.183,58.6,54.11,Spaceport / Landing Pad
-81.3548,-127.9835,1387.2,1.64,0.25,59.6,204.7,147.7,0,0.0,0.14,338.2,0.169,60.0,53.95,Spaceport / Landing Pad
-82.5782,39.8978,2096.3,1.04,0.42,66.5,209.9,153.2,0,0.0,0.26,347.0,0.133,66.8,56.48,Spaceport / Landing Pad
-88.0199,-8.1301,2156.9,0.77,0.42,67.2,210.4,153.7,0,0.0,0.25,347.3,0.133,67.3,56.82,Spaceport / Landing Pad
-82.0215,173.9559,2145.8,1.13,0.43,66.9,210.2,153.5,0,0.0,0.28,347.0,0.134,67.2,56.6,Spaceport / Landing Pad
-80.0,-128.5892,2121.7,1.1,0.4,66.7,210.0,153.3,0,0.0,0.2,347.0,0.134,67.0,56.54,Spaceport / Landing Pad
-88.5721,-78.6901,905.7,1.09,0.42,55.4,201.6,144.3,0,0.0,0.13,324.8,0.224,55.4,53.14,Spaceport / Landing Pad
-89.1145,-108.4349,676.7,1.15,0.22,53.3,199.9,142.6,0,0.0,0.08,318.1,0.25,53.2,52.56,Spaceport / Landing Pad
-80.1595,-38.0657,1232.4,0.83,0.39,58.6,203.9,146.8,0,0.0,0.2,334.4,0.185,58.5,54.06,Spaceport / Landing Pad
-81.7763,116.2742,961.8,1.83,0.52,55.6,201.7,144.5,0,0.0,0.24,325.8,0.219,55.9,52.8,Spaceport / Landing Pad
-88.346,-106.3895,885.2,1.15,0.18,55.2,201.4,144.2,0,0.0,0.13,324.1,0.226,55.2,53.06,Spaceport / Landing Pad
-84.6721,93.0128,1233.2,0.56,0.23,58.7,204.0,147.0,0,0.0,0.32,334.7,0.184,58.5,54.17,Spaceport / Landing Pad
-80.9337,2.9508,1454.6,1.07,0.43,60.5,205.4,148.4,0,0.0,0.13,340.6,0.159,60.6,54.47,Spaceport / Landing Pad
-80.6499,75.5476,2358.8,0.65,0.2,69.1,211.8,155.3,0,0.0,0.25,347.4,0.132,69.3,57.57,Spaceport / Landing Pad
-80.6015,55.5208,640.9,0.5,0.26,53.2,199.9,142.6,0,0.0,0.09,317.6,0.252,52.8,52.77,Spaceport / Landing Pad
-80.861,34.177,1538.0,0.5,0.25,61.6,206.2,149.2,0,0.0,0.24,343.5,0.148,61.4,54.92,Spaceport / Landing Pad
-80.469,165.8277,1593.8,0.5,0.16,62.1,206.6,149.7,0,0.0,0.25,345.1,0.141,61.9,55.05,Spaceport / Landing Pad
-84.0597,81.8699,1248.7,1.55,0.47,58.4,203.8,146.7,0,0.0,0.22,334.3,0.185,58.6,53.69,Spaceport / Landing Pad
-83.9148,138.7314,1983.1,5.36,0.49,63.3,207.5,150.7,0,0.0,0.07,343.5,0.148,65.7,51.2,Secondary Exploration Zone
-80.0,145.6197,1136.1,1.05,0.37,57.6,203.2,146.1,0,0.0,0.26,331.5,0.197,57.6,53.72,Spaceport / Landing Pad
-80.0,-35.647,1087.9,1.44,0.46,56.9,202.7,145.5,0,0.0,0.08,329.7,0.203,57.1,53.37,Spaceport / Landing Pad
-83.7398,-177.4362,2040.9,2.2,0.51,65.4,209.1,152.3,0,0.0,0.09,346.1,0.137,66.2,55.47,Spaceport / Landing Pad
-84.9405,-52.4959,487.0,1.67,0.3,51.2,198.4,141.0,0,0.0,0.29,312.2,0.274,51.4,51.78,Spaceport / Landing Pad
-81.2746,-34.5401,1585.8,0.72,0.19,61.9,206.4,149.5,0,0.0,0.11,344.7,0.143,61.9,54.95,Spaceport / Landing Pad
-83.1853,-179.2152,2331.3,0.9,0.27,68.7,211.5,155.0,0,0.0,0.1,347.1,0.133,69.0,57.37,Spaceport / Landing Pad
-83.5425,94.1446,1582.0,1.42,0.24,61.5,206.1,149.2,0,0.0,0.2,344.0,0.146,61.8,54.57,Spaceport / Landing Pad
-86.5149,-110.3764,1729.7,1.05,0.4,63.1,207.3,150.5,0,0.0,0.05,347.0,0.133,63.3,55.2,Spaceport / Landing Pad
-80.8572,130.0303,1036.2,2.09,0.5,56.1,202.1,144.9,0,0.0,0.31,327.7,0.212,56.6,52.77,Spaceport / Landing Pad
-81.0148,34.8457,1539.1,0.68,0.31,61.5,206.1,149.2,0,0.0,0.09,343.4,0.148,61.4,54.86,Spaceport / Landing Pad
-82.3152,40.0729,2061.1,0.5,0.29,66.4,209.8,153.1,0,0.0,0.08,347.5,0.132,66.4,56.59,Spaceport / Landing Pad
-85.4176,56.6336,-2322.6,5.09,0.6,0.0,62.3,65.4,1,0.693,3.77,291.8,0.357,0.0,43.63,ISRU Cryogenic Mining Outpost
-86.2827,-38.8845,1599.6,0.97,0.25,61.9,206.4,149.5,0,0.0,0.29,344.9,0.142,62.0,54.87,Spaceport / Landing Pad
-84.5685,160.9423,1534.8,0.95,0.21,61.3,206.0,149.0,0,0.0,0.24,343.0,0.15,61.4,54.73,Spaceport / Landing Pad
-81.1398,-101.5467,286.9,1.35,0.24,49.5,197.2,139.6,0,0.0,0.27,306.7,0.297,49.4,51.51,Spaceport / Landing Pad
-80.0,58.3602,1021.8,0.5,0.33,56.8,202.6,145.4,0,0.0,0.13,328.6,0.208,56.5,53.68,Spaceport / Landing Pad
-80.0,149.5603,732.3,0.5,0.18,54.1,200.6,143.3,0,0.0,0.19,320.3,0.242,53.7,52.99,Spaceport / Landing Pad
-81.692,152.5713,446.7,1.07,0.18,51.2,198.4,140.9,0,0.0,0.16,311.6,0.277,51.0,52.06,Spaceport / Landing Pad
-80.0,-135.0,1013.0,1.32,0.33,56.3,202.2,145.0,0,0.0,0.13,327.7,0.212,56.4,53.27,Spaceport / Landing Pad
-81.1084,85.7858,1229.3,1.93,0.52,58.0,203.5,146.4,0,0.0,0.29,333.4,0.189,58.5,53.35,Spaceport / Landing Pad
-81.0226,45.8425,1057.4,0.5,0.41,57.1,202.8,145.7,0,0.0,0.26,329.6,0.204,56.8,53.77,Spaceport / Landing Pad
-83.1853,-36.0851,1456.4,1.05,0.25,60.5,205.4,148.4,0,0.0,0.34,340.7,0.159,60.6,54.48,Spaceport / Landing Pad
-81.6501,-84.2257,1295.6,1.25,0.42,58.9,204.2,147.2,0,0.0,0.14,335.9,0.179,59.1,53.99,Spaceport / Landing Pad
-84.0597,-135.0,1793.2,1.99,0.37,63.2,207.4,150.6,0,0.0,0.11,346.3,0.137,63.9,54.79,Spaceport / Landing Pad
-80.0,134.3013,1206.9,0.7,0.31,58.4,203.8,146.7,0,0.0,0.29,333.8,0.187,58.2,54.05,Spaceport / Landing Pad
-80.0,35.7701,1743.9,1.4,0.38,63.0,207.3,150.4,0,0.0,0.12,346.7,0.135,63.4,55.05,Spaceport / Landing Pad
-82.8266,57.7575,1169.7,1.29,0.21,57.8,203.3,146.2,0,0.0,0.18,332.2,0.193,57.9,53.67,Spaceport / Landing Pad
-80.691,-116.822,1274.8,1.68,0.47,58.5,203.9,146.8,0,0.0,0.21,334.9,0.182,58.9,53.65,Spaceport / Landing Pad
-83.0286,153.778,1067.9,1.64,0.43,56.6,202.5,145.3,0,0.0,0.15,329.0,0.206,56.9,53.19,Spaceport / Landing Pad
-87.4369,-123.1113,1519.1,1.2,0.45,61.0,205.8,148.8,0,0.0,0.13,342.4,0.152,61.2,54.55,Spaceport / Landing Pad
-80.0,130.5444,1332.3,1.77,0.52,59.0,204.3,147.2,0,0.0,0.25,336.5,0.176,59.4,53.73,Spaceport / Landing Pad
-87.069,127.2348,1287.2,2.93,0.46,58.1,203.5,146.5,0,0.0,0.07,334.3,0.185,59.0,52.56,Spaceport / Landing Pad
-84.0363,-72.6995,978.7,1.42,0.28,55.9,201.9,144.7,0,0.0,0.2,326.6,0.216,56.1,53.13,Spaceport / Landing Pad
-82.1937,41.1215,1973.2,1.44,0.48,65.1,208.9,152.1,0,0.0,0.08,346.7,0.135,65.6,55.82,Spaceport / Landing Pad
-82.0259,38.3456,1983.0,1.84,0.33,65.0,208.8,152.0,0,0.0,0.1,346.4,0.136,65.7,55.57,Spaceport / Landing Pad
-80.0,-129.9994,1357.3,0.5,0.15,59.9,204.9,147.9,0,0.0,0.3,338.3,0.169,59.7,54.49,Spaceport / Landing Pad
-81.1202,-93.0128,1323.3,1.24,0.34,59.2,204.4,147.4,0,0.0,0.23,336.7,0.175,59.4,54.06,Spaceport / Landing Pad
-84.6786,37.875,1186.6,1.47,0.36,57.8,203.4,146.3,0,0.0,0.22,332.6,0.192,58.1,53.59,Spaceport / Landing Pad
-81.5795,144.0193,791.1,0.5,0.41,54.6,201.0,143.7,0,0.0,0.11,322.0,0.235,54.3,53.13,Spaceport / Landing Pad
-86.0201,-39.2894,1511.5,1.14,0.37,61.0,205.7,148.8,0,0.0,0.33,342.2,0.153,61.2,54.57,Spaceport / Landing Pad
-80.4873,-132.6141,1429.3,1.45,0.23,60.1,205.1,148.1,0,0.0,0.24,339.6,0.164,60.4,54.19,Spaceport / Landing Pad
-86.3489,175.6013,1057.4,0.76,0.25,57.0,202.7,145.6,0,0.0,0.27,329.4,0.205,56.8,53.67,Spaceport / Landing Pad
-80.096,-46.5275,1499.0,0.57,0.23,61.2,205.9,148.9,0,0.0,0.12,342.3,0.153,61.0,54.8,Spaceport / Landing Pad
-82.9491,-173.1572,2198.9,1.03,0.46,67.4,210.6,153.9,0,0.0,0.3,347.0,0.133,67.7,56.84,Spaceport / Landing Pad
-80.2092,-131.1345,1447.7,1.1,0.33,60.4,205.3,148.3,0,0.0,0.26,340.4,0.16,60.6,54.44,Spaceport / Landing Pad
-81.444,173.1076,1852.9,1.15,0.23,64.2,208.1,151.3,0,0.0,0.07,346.9,0.134,64.4,55.57,Spaceport / Landing Pad
-80.1986,-109.4703,725.2,1.78,0.37,53.4,200.0,142.7,0,0.0,0.2,319.0,0.247,53.6,52.26,Spaceport / Landing Pad
-85.5098,-20.6955,933.4,0.58,0.41,55.9,201.9,144.7,0,0.0,0.19,326.0,0.219,55.6,53.45,Spaceport / Landing Pad
-86.3969,16.5571,3316.0,6.51,0.65,75.2,216.4,160.1,0,0.0,0.21,342.5,0.152,78.4,53.74,Secondary Exploration Zone
-81.0967,-60.4786,1117.0,1.53,0.47,57.2,202.9,145.7,0,0.0,0.23,330.5,0.2,57.4,53.38,Spaceport / Landing Pad
-83.8126,-56.0702,311.5,1.11,0.41,49.9,197.4,139.9,0,0.0,0.19,307.6,0.293,49.7,51.71,Spaceport / Landing Pad
-82.0522,3.3665,593.0,1.46,0.28,52.3,199.2,141.9,0,0.0,0.21,315.5,0.261,52.4,52.17,Spaceport / Landing Pad
-85.5176,148.627,1256.3,2.22,0.43,58.1,203.6,146.5,0,0.0,0.17,334.0,0.186,58.7,53.18,Spaceport / Landing Pad
-80.0,-43.8188,1109.3,1.15,0.4,57.3,202.9,145.8,0,0.0,0.11,330.6,0.2,57.3,53.6,Spaceport / Landing Pad
-85.4405,157.1094,1460.7,0.97,0.45,60.6,205.5,148.5,0,0.0,0.28,340.9,0.158,60.7,54.54,Spaceport / Landing Pad
-87.4369,33.1113,709.1,12.24,1.0,48.2,196.2,138.6,0,0.0,0.14,309.9,0.284,53.5,31.01,Secondary Exploration Zone
-81.9954,121.6513,1609.7,1.03,0.25,62.0,206.5,149.6,0,0.0,0.3,345.1,0.141,62.1,54.86,Spaceport / Landing Pad
-82.4111,31.9307,2227.5,0.5,0.15,67.9,211.0,154.4,0,0.0,0.06,347.5,0.132,68.0,57.17,Spaceport / Landing Pad
-80.4216,37.875,1602.4,1.1,0.44,61.9,206.4,149.5,0,0.0,0.3,344.9,0.142,62.0,54.81,Spaceport / Landing Pad
-80.0,-31.8425,1590.9,0.56,0.25,62.0,206.5,149.6,0,0.0,0.11,345.0,0.142,61.9,55.03,Spaceport / Landing Pad
-81.4399,62.0378,1504.5,1.2,0.22,60.9,205.7,148.7,0,0.0,0.08,341.9,0.154,61.1,54.52,Spaceport / Landing Pad
-83.3405,58.7608,583.7,1.98,0.37,52.0,199.0,141.6,0,0.0,0.33,314.8,0.264,52.3,51.77,Spaceport / Landing Pad
-82.0084,104.1986,880.2,1.56,0.3,54.9,201.2,144.0,0,0.0,0.08,323.7,0.228,55.1,52.79,Spaceport / Landing Pad
-84.4291,31.293,860.4,2.01,0.43,54.5,200.9,143.6,0,0.0,0.16,322.7,0.232,54.9,52.41,Spaceport / Landing Pad
-81.5135,60.3333,1420.0,1.12,0.47,60.2,205.1,148.1,0,0.0,0.09,339.6,0.164,60.3,54.36,Spaceport / Landing Pad
-84.5685,-160.9423,1483.9,0.7,0.36,61.0,205.7,148.8,0,0.0,0.11,341.8,0.155,60.9,54.72,Spaceport / Landing Pad
-80.3925,57.6996,653.0,0.78,0.2,53.2,199.9,142.6,0,0.0,0.25,317.8,0.252,52.9,52.69,Spaceport / Landing Pad
-84.1187,-179.0906,1626.0,2.44,0.47,61.4,206.1,149.1,0,0.0,0.08,344.4,0.144,62.3,53.86,Spaceport / Landing Pad
-80.9568,-11.3099,726.2,0.5,0.2,54.0,200.5,143.2,0,0.0,0.08,320.1,0.243,53.6,52.98,Spaceport / Landing Pad
-82.3927,96.3402,1441.3,0.5,0.15,60.7,205.5,148.5,0,0.0,0.16,340.7,0.159,60.5,54.69,Spaceport / Landing Pad
-82.1403,74.1481,1433.5,2.19,0.27,59.8,204.8,147.8,0,0.0,0.12,339.1,0.166,60.4,53.63,Spaceport / Landing Pad
-82.4341,92.1211,1397.8,0.94,0.25,60.0,205.0,148.0,0,0.0,0.14,339.1,0.166,60.1,54.4,Spaceport / Landing Pad
-81.8701,-167.3998,1038.0,0.5,0.26,56.9,202.7,145.5,0,0.0,0.12,329.1,0.206,56.6,53.72,Spaceport / Landing Pad
-83.3878,-108.9465,1976.2,1.6,0.26,65.1,208.8,152.1,0,0.0,0.26,346.6,0.135,65.6,55.72,Spaceport / Landing Pad
-87.2786,22.1663,-381.7,14.4,1.28,0.0,75.1,55.1,1,0.043,0.38,284.2,0.388,0.0,7.33,Secondary Exploration Zone
-86.1627,-18.4349,1234.6,1.32,0.24,58.3,203.8,146.7,0,0.0,0.24,334.1,0.186,58.5,53.8,Spaceport / Landing Pad
-84.0832,96.3402,1374.8,1.01,0.21,59.8,204.8,147.8,0,0.0,0.17,338.4,0.169,59.9,54.31,Spaceport / Landing Pad
-86.7638,33.2317,1471.9,1.58,0.43,60.4,205.3,148.3,0,0.0,0.33,340.7,0.159,60.8,54.2,Spaceport / Landing Pad
-80.0,41.4237,1597.7,0.93,0.38,61.9,206.4,149.5,0,0.0,0.24,344.9,0.142,62.0,54.89,Spaceport / Landing Pad
-80.331,120.774,1531.4,1.88,0.47,60.8,205.6,148.7,0,0.0,0.05,342.2,0.153,61.4,54.12,Spaceport / Landing Pad
-82.105,-114.444,762.6,1.95,0.51,53.7,200.2,142.9,0,0.0,0.16,319.9,0.243,54.0,52.22,Spaceport / Landing Pad
-81.4399,-152.0378,756.7,1.09,0.34,54.0,200.5,143.2,0,0.0,0.21,320.5,0.241,53.9,52.79,Spaceport / Landing Pad
-82.3516,66.2505,1421.9,2.3,0.36,59.6,204.7,147.7,0,0.0,0.32,338.7,0.167,60.3,53.5,Spaceport / Landing Pad
-83.9666,34.9194,993.5,1.79,0.53,55.9,201.9,144.7,0,0.0,0.14,326.7,0.216,56.2,52.9,Spaceport / Landing Pad
-85.3572,-30.1735,1155.6,1.02,0.29,57.8,203.3,146.2,0,0.0,0.24,332.0,0.194,57.8,53.78,Spaceport / Landing Pad
-80.0,-50.7824,747.1,2.14,0.44,53.4,200.1,142.7,0,0.0,0.32,319.3,0.246,53.8,52.02,Spaceport / Landing Pad
-87.2786,174.0939,671.4,1.31,0.26,53.1,199.8,142.5,0,0.0,0.29,317.8,0.252,53.1,52.45,Spaceport / Landing Pad
-84.4353,-67.3062,376.9,1.89,0.36,50.1,197.6,140.1,0,0.0,0.07,308.9,0.288,50.3,51.35,Spaceport / Landing Pad
-80.0,-52.3996,575.1,1.86,0.31,52.0,199.0,141.6,0,0.0,0.14,314.6,0.265,52.2,51.85,Spaceport / Landing Pad
-89.34,-135.0,582.5,0.83,0.43,52.5,199.4,142.0,0,0.0,0.15,315.7,0.26,52.3,52.5,Spaceport / Landing Pad
-87.8674,156.8014,174.4,0.5,0.23,48.9,196.7,139.1,0,0.0,0.3,304.2,0.307,48.4,51.65,Spaceport / Landing Pad
-84.0304,116.9657,341.3,5.26,0.61,48.2,196.1,138.5,0,0.0,0.32,305.1,0.303,50.0,47.1,Secondary Exploration Zone
-85.8068,-106.8214,1564.9,0.5,0.37,61.8,206.4,149.4,0,0.0,0.22,344.3,0.145,61.7,54.99,Spaceport / Landing Pad
-86.368,64.0935,898.7,4.72,0.43,53.6,200.2,142.9,0,0.0,0.14,321.6,0.236,55.3,49.3,Secondary Exploration Zone
-87.478,-2.1211,1905.5,2.41,0.42,64.0,208.0,151.2,0,0.0,0.32,345.9,0.138,64.9,54.81,Spaceport / Landing Pad
-81.5053,-167.9492,1056.6,0.6,0.37,57.0,202.8,145.6,0,0.0,0.12,329.5,0.204,56.8,53.73,Spaceport / Landing Pad
-80.0,60.9454,1003.6,0.53,0.14,56.6,202.4,145.3,0,0.0,0.24,328.1,0.21,56.3,53.63,Spaceport / Landing Pad
-82.5268,152.4748,835.2,0.64,0.34,55.0,201.2,144.0,0,0.0,0.15,323.1,0.23,54.7,53.19,Spaceport / Landing Pad
-85.684,-21.5713,1023.7,0.98,0.43,56.6,202.4,145.2,0,0.0,0.21,328.3,0.209,56.5,53.49,Spaceport / Landing Pad
-80.1879,62.2161,850.7,1.0,0.31,54.9,201.2,144.0,0,0.0,0.22,323.3,0.23,54.8,53.06,Spaceport / Landing Pad
-83.6623,-9.3236,1429.1,5.96,0.65,57.9,203.4,146.3,0,0.0,0.27,335.9,0.179,60.4,48.49,Secondary Exploration Zone
-84.1365,103.815,1311.9,0.63,0.31,59.4,204.5,147.5,0,0.0,0.09,336.9,0.175,59.3,54.33,Spaceport / Landing Pad
-82.9096,110.8209,1045.0,1.76,0.29,56.4,202.3,145.1,0,0.0,0.21,328.2,0.21,56.7,53.05,Spaceport / Landing Pad
-83.6899,7.6507,-2977.3,5.1,0.73,0.0,69.2,35.3,1,0.352,2.03,291.8,0.357,0.0,36.8,Secondary Exploration Zone
-81.4807,4.3987,1168.6,1.77,0.52,57.5,203.1,146.0,0,0.0,0.18,331.8,0.195,57.9,53.34,Spaceport / Landing Pad
-85.1301,12.1715,-2721.6,4.03,0.41,0.0,61.8,41.4,1,0.725,3.94,292.7,0.353,0.0,45.71,ISRU Cryogenic Mining Outpost
-84.9474,64.8552,-576.8,9.48,0.96,37.6,188.2,130.1,0,0.0,0.21,288.2,0.372,41.2,35.41,Secondary Exploration Zone
-85.0029,32.7995,1069.3,2.08,0.54,56.4,202.3,145.2,0,0.0,0.15,328.7,0.208,56.9,52.85,Spaceport / Landing Pad
-80.0084,119.6785,1382.5,2.54,0.53,59.1,204.3,147.3,0,0.0,0.34,337.3,0.173,59.9,53.18,Spaceport / Landing Pad
-85.9592,83.3675,4104.3,2.37,0.42,84.5,223.3,167.6,0,0.0,0.12,345.9,0.138,86.0,62.49,Optimal Habitat Base
-82.8558,-151.0908,364.0,1.29,0.38,50.3,197.7,140.2,0,0.0,0.06,309.0,0.287,50.2,51.73,Spaceport / Landing Pad
-80.3853,143.6864,1057.7,0.6,0.25,57.1,202.8,145.6,0,0.0,0.24,329.6,0.204,56.8,53.74,Spaceport / Landing Pad
-82.8266,-122.2425,1230.3,2.61,0.29,57.7,203.3,146.1,0,0.0,0.09,332.9,0.191,58.5,52.75,Spaceport / Landing Pad
-81.7933,-160.7407,770.9,1.21,0.36,54.1,200.6,143.3,0,0.0,0.14,320.8,0.24,54.1,52.76,Spaceport / Landing Pad
-80.0,-146.7386,565.5,0.5,0.42,52.5,199.4,142.0,0,0.0,0.1,315.5,0.261,52.1,52.59,Spaceport / Landing Pad
-83.8635,-153.8247,1416.5,1.58,0.41,59.9,204.9,147.9,0,0.0,0.25,339.1,0.166,60.3,54.07,Spaceport / Landing Pad
-83.712,5.9645,-2980.2,5.51,0.73,0.0,70.9,58.3,1,0.357,2.03,291.5,0.358,0.0,36.26,Secondary Exploration Zone
-80.0,51.1155,779.7,0.65,0.18,54.5,200.8,143.6,0,0.0,0.34,321.5,0.237,54.2,53.05,Spaceport / Landing Pad
-81.0032,-157.4259,1201.0,1.23,0.46,58.1,203.6,146.5,0,0.0,0.07,333.2,0.19,58.2,53.77,Spaceport / Landing Pad
-88.5241,18.4349,2549.9,4.89,0.68,68.8,211.6,155.1,0,0.0,0.32,343.9,0.146,71.1,53.93,Secondary Exploration Zone
-81.6878,65.4495,1802.0,1.31,0.29,63.6,207.7,150.9,0,0.0,0.18,346.8,0.134,63.9,55.3,Spaceport / Landing Pad
-80.0,-53.427,249.4,0.86,0.46,49.4,197.1,139.5,0,0.0,0.22,306.1,0.299,49.1,51.69,Spaceport / Landing Pad
-83.7453,52.275,1332.5,7.24,0.77,56.4,202.3,145.1,0,0.0,0.18,332.0,0.194,59.4,45.74,Secondary Exploration Zone
-83.0788,10.0975,-202.8,15.46,1.2,38.2,188.7,130.6,0,0.0,0.29,283.3,0.392,44.7,19.24,Secondary Exploration Zone
-84.1068,-150.5928,1491.9,1.05,0.26,60.9,205.6,148.7,0,0.0,0.18,341.7,0.155,61.0,54.57,Spaceport / Landing Pad
-82.8266,57.7575,1169.7,1.29,0.21,57.8,203.3,146.2,0,0.0,0.18,332.2,0.193,57.9,53.67,Spaceport / Landing Pad
-88.9357,-127.875,550.0,0.64,0.35,52.3,199.2,141.9,0,0.0,0.08,314.9,0.264,52.0,52.5,Spaceport / Landing Pad
-80.0,-49.3432,992.2,2.03,0.37,55.8,201.8,144.6,0,0.0,0.27,326.5,0.217,56.2,52.71,Spaceport / Landing Pad
-85.0873,-38.8298,1345.7,0.5,0.31,59.8,204.8,147.8,0,0.0,0.2,337.9,0.17,59.6,54.46,Spaceport / Landing Pad
-84.2809,-153.8532,1563.5,0.5,0.23,61.8,206.3,149.4,0,0.0,0.08,344.2,0.145,61.7,54.98,Spaceport / Landing Pad
-80.4143,-112.3194,925.8,1.51,0.47,55.4,201.5,144.3,0,0.0,0.07,325.0,0.223,55.6,52.94,Spaceport / Landing Pad
-81.8359,-174.0939,1417.5,2.04,0.24,59.7,204.8,147.8,0,0.0,0.24,338.7,0.167,60.3,53.72,Spaceport / Landing Pad
-80.9069,-174.6991,994.8,0.5,0.22,56.5,202.4,145.2,0,0.0,0.17,327.8,0.211,56.2,53.62,Spaceport / Landing Pad
-82.9987,-179.2361,2383.2,0.69,0.3,69.3,212.0,155.4,0,0.0,0.06,347.3,0.132,69.5,57.64,Spaceport / Landing Pad
-86.8072,164.7449,802.5,1.3,0.37,54.3,200.8,143.5,0,0.0,0.22,321.6,0.236,54.4,52.78,Spaceport / Landing Pad
-85.5645,171.5289,1231.3,0.71,0.37,58.6,204.0,146.9,0,0.0,0.12,334.5,0.184,58.5,54.11,Spaceport / Landing Pad
-84.4479,-153.0042,1541.9,0.5,0.19,61.6,206.2,149.3,0,0.0,0.11,343.6,0.147,61.5,54.93,Spaceport / Landing Pad
-81.6168,37.7631,1726.3,1.32,0.4,62.9,207.2,150.3,0,0.0,0.09,346.8,0.134,63.2,55.03,Spaceport / Landing Pad
-80.9568,168.6901,1673.8,0.62,0.19,62.8,207.1,150.2,0,0.0,0.28,347.3,0.132,62.7,55.2,Spaceport / Landing Pad
-85.3124,77.3474,3502.0,0.75,0.32,79.6,219.7,163.7,0,0.0,0.14,347.3,0.133,80.2,61.5,Spaceport / Landing Pad
-84.1068,-150.5928,1491.9,1.05,0.26,60.9,205.6,148.7,0,0.0,0.18,341.7,0.155,61.0,54.57,Spaceport / Landing Pad
-80.7022,-83.6598,1796.3,1.41,0.47,63.5,207.6,150.8,0,0.0,0.24,346.7,0.135,63.9,55.22,Spaceport / Landing Pad
-81.1006,12.7244,1187.6,0.55,0.4,58.3,203.7,146.6,0,0.0,0.29,333.4,0.189,58.1,54.07,Spaceport / Landing Pad
-85.9765,3.9909,-271.7,7.27,0.82,41.5,191.1,133.2,0,0.0,0.19,290.0,0.364,44.1,41.66,Secondary Exploration Zone
-83.3984,-146.5346,793.7,2.64,0.35,53.6,200.2,142.9,0,0.0,0.24,320.3,0.242,54.3,51.67,Spaceport / Landing Pad
-80.0,-40.452,747.5,0.5,0.4,54.2,200.7,143.4,0,0.0,0.14,320.7,0.24,53.8,53.03,Spaceport / Landing Pad
-80.2592,-161.5651,1535.9,0.61,0.26,61.5,206.1,149.2,0,0.0,0.16,343.3,0.148,61.4,54.88,Spaceport / Landing Pad
-84.6786,-52.125,528.2,2.23,0.27,51.4,198.5,141.1,0,0.0,0.12,313.0,0.271,51.7,51.43,Spaceport / Landing Pad
-81.991,53.5308,1473.3,0.68,0.32,60.9,205.6,148.7,0,0.0,0.24,341.5,0.156,60.8,54.7,Spaceport / Landing Pad
-84.2687,16.0736,-2813.9,5.3,0.6,0.0,78.1,58.9,1,0.457,2.52,291.7,0.358,0.0,38.6,ISRU Cryogenic Mining Outpost
-82.5268,-117.5252,1087.0,2.08,0.51,56.6,202.5,145.3,0,0.0,0.34,329.2,0.206,57.1,52.89,Spaceport / Landing Pad
-82.0522,56.4966,1505.8,0.93,0.28,61.0,205.8,148.8,0,0.0,0.08,342.2,0.153,61.1,54.67,Spaceport / Landing Pad
-87.4505,-66.2505,817.4,0.5,0.35,54.9,201.2,143.9,0,0.0,0.32,322.7,0.232,54.5,53.19,Spaceport / Landing Pad
-80.8763,166.3903,1625.4,0.5,0.31,62.4,206.8,149.9,0,0.0,0.1,346.0,0.138,62.3,55.13,Spaceport / Landing Pad
-80.0,35.9915,1563.1,2.0,0.34,61.1,205.8,148.9,0,0.0,0.34,343.0,0.15,61.7,54.1,Spaceport / Landing Pad
-83.7733,139.8645,1406.4,5.74,0.65,57.8,203.4,146.3,0,0.0,0.23,335.4,0.181,60.2,48.82,Secondary Exploration Zone
-81.6878,-102.3194,704.7,1.98,0.52,53.1,199.8,142.5,0,0.0,0.21,318.3,0.25,53.4,52.06,Spaceport / Landing Pad
-86.368,25.9065,1781.3,2.19,0.41,63.0,207.2,150.4,0,0.0,0.08,346.1,0.137,63.7,54.58,Spaceport / Landing Pad
-83.0037,135.0,660.7,1.3,0.43,53.0,199.8,142.4,0,0.0,0.29,317.6,0.253,53.0,52.44,Spaceport / Landing Pad
-80.691,63.178,1125.2,0.92,0.32,57.5,203.1,146.0,0,0.0,0.16,331.2,0.197,57.5,53.76,Spaceport / Landing Pad
-80.8381,-98.7905,362.2,1.18,0.27,50.3,197.7,140.3,0,0.0,0.17,309.0,0.287,50.2,51.79,Spaceport / Landing Pad
-81.0226,-8.9726,760.6,1.43,0.41,53.9,200.4,143.1,0,0.0,0.28,320.3,0.242,54.0,52.6,Spaceport / Landing Pad
-84.7049,49.2892,-2720.2,4.51,0.57,0.0,54.1,68.3,1,0.674,3.62,292.3,0.355,0.0,44.08,ISRU Cryogenic Mining Outpost
-83.5533,-145.6197,974.2,2.0,0.51,55.6,201.7,144.5,0,0.0,0.16,326.0,0.219,56.0,52.69,Spaceport / Landing Pad
-82.8949,170.1664,1633.3,2.36,0.55,61.5,206.2,149.2,0,0.0,0.13,344.7,0.143,62.3,53.96,Spaceport / Landing Pad
-83.9955,-101.6593,1421.5,1.55,0.44,60.0,205.0,148.0,0,0.0,0.27,339.3,0.165,60.3,54.1,Spaceport / Landing Pad
-82.2655,107.5603,691.3,1.72,0.47,53.1,199.8,142.5,0,0.0,0.07,318.1,0.251,53.3,52.23,Spaceport / Landing Pad
-81.6794,-86.7845,1365.6,1.64,0.34,59.4,204.6,147.5,0,0.0,0.19,337.6,0.172,59.8,53.9,Spaceport / Landing Pad
-88.224,86.9872,1519.2,0.81,0.27,61.2,205.9,149.0,0,0.0,0.34,342.7,0.151,61.2,54.75,Spaceport / Landing Pad
-82.2745,-101.853,1277.2,1.89,0.36,58.5,203.9,146.8,0,0.0,0.11,334.8,0.183,58.9,53.5,Spaceport / Landing Pad
-80.0,-60.8431,1100.9,2.32,0.34,56.6,202.5,145.3,0,0.0,0.29,329.4,0.205,57.2,52.72,Spaceport / Landing Pad
-81.0032,22.5741,1199.0,0.8,0.2,58.3,203.7,146.6,0,0.0,0.32,333.5,0.188,58.2,53.99,Spaceport / Landing Pad
-82.9738,70.6022,665.8,1.97,0.37,52.8,199.6,142.2,0,0.0,0.25,317.1,0.254,53.1,51.97,Spaceport / Landing Pad
-80.0,34.4265,1829.8,0.5,0.28,64.3,208.2,151.4,0,0.0,0.17,347.5,0.132,64.2,55.79,Spaceport / Landing Pad
-87.6946,-21.3706,2185.2,1.28,0.22,67.2,210.4,153.7,0,0.0,0.28,346.8,0.134,67.6,56.65,Spaceport / Landing Pad
-80.0,140.9743,1631.1,0.55,0.15,62.4,206.8,149.9,0,0.0,0.06,346.1,0.137,62.3,55.13,Spaceport / Landing Pad
-80.1986,-70.5297,1858.8,1.37,0.34,64.1,208.1,151.3,0,0.0,0.2,346.8,0.135,64.5,55.46,Spaceport / Landing Pad
-83.6899,-150.7808,1181.0,1.98,0.46,57.5,203.1,146.0,0,0.0,0.3,332.0,0.194,58.0,53.2,Spaceport / Landing Pad
-80.0,-36.7644,1152.9,1.09,0.41,57.7,203.3,146.2,0,0.0,0.13,331.9,0.195,57.7,53.74,Spaceport / Landing Pad
-82.347,-149.9951,202.5,0.65,0.21,49.1,196.8,139.3,0,0.0,0.21,304.9,0.304,48.6,51.67,Spaceport / Landing Pad
-81.011,-105.0464,76.8,0.5,0.34,48.0,196.0,138.4,0,0.0,0.34,301.4,0.318,47.4,51.42,Spaceport / Landing Pad
-80.8496,71.5651,2161.2,1.66,0.45,66.8,210.1,153.4,0,0.0,0.13,346.5,0.136,67.4,56.32,Spaceport / Landing Pad
-85.5098,69.3045,1384.0,1.65,0.5,59.6,204.7,147.7,0,0.0,0.2,338.1,0.17,59.9,53.94,Spaceport / Landing Pad
-84.982,46.5074,-2245.9,5.58,0.55,0.0,58.4,45.6,1,0.558,3.17,291.4,0.359,0.0,40.18,ISRU Cryogenic Mining Outpost
-86.9524,152.6501,475.8,0.88,0.34,51.5,198.6,141.2,0,0.0,0.12,312.6,0.273,51.2,52.22,Spaceport / Landing Pad
-87.1049,-178.1524,848.6,0.5,0.17,55.2,201.4,144.1,0,0.0,0.27,323.6,0.228,54.8,53.27,Spaceport / Landing Pad
-81.5547,-69.9628,1985.2,0.5,0.29,65.7,209.3,152.6,0,0.0,0.17,347.5,0.132,65.7,56.33,Spaceport / Landing Pad
-80.0,137.1476,1242.8,1.26,0.28,58.5,203.8,146.8,0,0.0,0.19,334.4,0.185,58.6,53.86,Spaceport / Landing Pad
-80.7699,28.3792,1395.1,0.5,0.31,60.2,205.2,148.2,0,0.0,0.11,339.4,0.164,60.0,54.58,Spaceport / Landing Pad
-82.7301,74.3578,842.5,1.86,0.4,54.4,200.8,143.6,0,0.0,0.1,322.3,0.234,54.8,52.48,Spaceport / Landing Pad
-83.104,-50.4923,1143.7,2.23,0.36,57.1,202.8,145.7,0,0.0,0.15,330.7,0.2,57.6,52.9,Spaceport / Landing Pad
-84.6721,-86.9872,1166.8,1.48,0.36,57.6,203.2,146.1,0,0.0,0.13,332.0,0.194,57.9,53.53,Spaceport / Landing Pad
-82.9244,-143.5836,349.0,1.38,0.27,50.1,197.6,140.1,0,0.0,0.09,308.5,0.289,50.0,51.64,Spaceport / Landing Pad
-83.8976,-96.1466,1046.9,1.46,0.39,56.5,202.4,145.2,0,0.0,0.28,328.5,0.208,56.7,53.26,Spaceport / Landing Pad
-85.7573,39.6442,2281.9,6.36,0.73,65.6,209.2,152.5,0,0.0,0.34,342.7,0.151,68.5,50.43,Secondary Exploration Zone
-81.5795,-35.9807,1608.9,0.5,0.28,62.2,206.7,149.8,0,0.0,0.1,345.5,0.14,62.1,55.09,Spaceport / Landing Pad
-80.0,-140.5055,962.5,1.58,0.4,55.7,201.8,144.6,0,0.0,0.35,326.0,0.219,55.9,52.98,Spaceport / Landing Pad
-80.0,-49.8793,787.5,1.39,0.28,54.2,200.6,143.3,0,0.0,0.31,321.1,0.238,54.2,52.69,Spaceport / Landing Pad
-80.0,-137.0454,1214.9,1.1,0.34,58.3,203.7,146.6,0,0.0,0.23,333.7,0.188,58.3,53.88,Spaceport / Landing Pad
-83.1547,-174.5226,2315.4,0.5,0.24,68.8,211.6,155.0,0,0.0,0.13,347.5,0.132,68.9,57.47,Spaceport / Landing Pad
-80.0,-146.1738,794.5,1.65,0.45,54.1,200.6,143.3,0,0.0,0.12,321.1,0.238,54.3,52.53,Spaceport / Landing Pad
-81.4196,-14.4898,924.3,1.5,0.43,55.4,201.5,144.3,0,0.0,0.06,325.0,0.223,55.5,52.94,Spaceport / Landing Pad
-80.0,-44.3338,1032.7,0.5,0.19,56.9,202.7,145.5,0,0.0,0.2,328.9,0.207,56.6,53.71,Spaceport / Landing Pad
-81.5423,100.8139,1051.8,0.61,0.19,57.0,202.7,145.6,0,0.0,0.24,329.4,0.205,56.8,53.72,Spaceport / Landing Pad
-80.5867,120.3791,1430.7,1.26,0.31,60.2,205.1,148.2,0,0.0,0.3,339.8,0.163,60.4,54.31,Spaceport / Landing Pad
-81.1006,114.1455,479.9,1.82,0.46,51.1,198.3,140.9,0,0.0,0.29,311.9,0.276,51.3,51.64,Spaceport / Landing Pad
-80.0,126.9643,2222.3,1.64,0.33,67.3,210.5,153.9,0,0.0,0.09,346.5,0.135,68.0,56.54,Spaceport / Landing Pad
-82.1448,-20.1576,1792.8,0.83,0.18,63.8,207.8,151.0,0,0.0,0.11,347.2,0.133,63.9,55.52,Spaceport / Landing Pad
-84.013,149.0362,1394.4,1.01,0.39,60.0,205.0,148.0,0,0.0,0.19,338.9,0.166,60.0,54.36,Spaceport / Landing Pad
-84.0538,-137.5448,1683.1,2.0,0.36,62.2,206.6,149.7,0,0.0,0.29,346.2,0.137,62.8,54.39,Spaceport / Landing Pad
-81.8273,166.1225,1447.7,1.3,0.34,60.3,205.2,148.3,0,0.0,0.11,340.2,0.161,60.6,54.32,Spaceport / Landing Pad
-83.5587,89.1697,1579.8,0.5,0.22,61.9,206.5,149.6,0,0.0,0.25,344.7,0.143,61.8,55.02,Spaceport / Landing Pad
-89.604,-135.0,1260.9,6.35,0.77,56.2,202.1,144.9,0,0.0,0.33,330.7,0.2,58.8,47.36,Secondary Exploration Zone
-81.7636,38.5584,1800.1,1.46,0.4,63.5,207.6,150.8,0,0.0,0.15,346.7,0.135,63.9,55.2,Spaceport / Landing Pad
-80.6015,-15.5546,840.6,1.07,0.37,54.8,201.1,143.9,0,0.0,0.24,322.9,0.231,54.7,53.0,Spaceport / Landing Pad
-81.3186,90.6161,828.0,0.7,0.28,54.9,201.2,143.9,0,0.0,0.2,322.9,0.231,54.6,53.15,Spaceport / Landing Pad
-88.783,-57.5288,1361.8,2.26,0.42,59.1,204.3,147.3,0,0.0,0.3,337.0,0.174,59.7,53.4,Spaceport / Landing Pad
-81.3186,73.1237,2199.9,0.99,0.2,67.5,210.6,154.0,0,0.0,0.19,347.1,0.133,67.8,56.87,Spaceport / Landing Pad
-80.4216,105.2551,764.1,0.67,0.32,54.3,200.7,143.4,0,0.0,0.07,321.0,0.239,54.0,53.0,Spaceport / Landing Pad
-87.5767,-164.3578,846.9,0.5,0.15,55.1,201.4,144.1,0,0.0,0.08,323.6,0.228,54.8,53.26,Spaceport / Landing Pad
-80.0,59.9314,836.5,0.85,0.23,54.9,201.2,143.9,0,0.0,0.15,323.0,0.231,54.7,53.1,Spaceport / Landing Pad
-80.7586,135.8185,600.5,0.5,0.23,52.9,199.6,142.3,0,0.0,0.2,316.5,0.257,52.4,52.67,Spaceport / Landing Pad
-80.5498,-147.0948,813.6,0.75,0.33,54.7,201.0,143.8,0,0.0,0.2,322.4,0.233,54.5,53.09,Spaceport / Landing Pad
-87.985,166.6075,199.1,4.68,0.56,47.1,195.3,137.7,0,0.0,0.23,301.5,0.318,48.6,47.67,Secondary Exploration Zone
-84.8247,50.856,-3023.6,2.2,0.3,0.0,55.7,44.0,1,0.844,4.59,294.2,0.347,0.0,49.9,ISRU Cryogenic Mining Outpost
-82.7975,-71.0954,1500.8,1.05,0.3,60.9,205.7,148.8,0,0.0,0.3,342.0,0.154,61.1,54.59,Spaceport / Landing Pad
-87.8349,-97.4314,1135.2,1.42,0.34,57.4,203.0,145.9,0,0.0,0.3,331.1,0.198,57.6,53.5,Spaceport / Landing Pad
-84.2992,92.8156,1392.4,0.5,0.17,60.2,205.2,148.2,0,0.0,0.23,339.3,0.165,60.0,54.57,Spaceport / Landing Pad
-81.3791,-19.6121,1649.9,1.63,0.39,62.0,206.5,149.6,0,0.0,0.16,345.8,0.139,62.5,54.59,Spaceport / Landing Pad
-84.5877,-32.3196,1071.0,0.8,0.42,57.1,202.8,145.7,0,0.0,0.25,329.8,0.203,56.9,53.69,Spaceport / Landing Pad
-80.0,40.9623,1166.7,1.72,0.45,57.5,203.1,146.0,0,0.0,0.14,331.8,0.195,57.9,53.37,Spaceport / Landing Pad
-85.4176,-3.5035,-966.9,6.55,0.73,0.0,71.2,53.4,1,0.009,0.31,290.6,0.362,0.0,27.54,Secondary Exploration Zone
-81.4644,-5.6482,576.6,1.69,0.33,52.1,199.1,141.7,0,0.0,0.28,314.8,0.264,52.2,51.98,Spaceport / Landing Pad
-85.6358,131.5318,-1444.5,3.68,0.53,0.0,102.4,47.6,1,0.454,2.65,293.0,0.352,0.0,40.7,ISRU Cryogenic Mining Outpost
-87.9507,-59.9314,1163.7,1.91,0.46,57.4,203.1,145.9,0,0.0,0.23,331.5,0.196,57.8,53.22,Spaceport / Landing Pad
-81.2866,45.8681,1161.7,1.23,0.35,57.7,203.3,146.2,0,0.0,0.15,332.0,0.194,57.8,53.68,Spaceport / Landing Pad
-85.7245,-36.1193,1455.2,0.54,0.24,60.8,205.6,148.6,0,0.0,0.33,341.1,0.158,60.6,54.71,Spaceport / Landing Pad
-80.0,148.4957,730.1,1.11,0.21,53.8,200.3,143.0,0,0.0,0.25,319.7,0.244,53.7,52.71,Spaceport / Landing Pad
-87.1169,-60.9454,797.1,0.65,0.22,54.6,201.0,143.7,0,0.0,0.22,322.0,0.235,54.3,53.09,Spaceport / Landing Pad
-80.0,-43.172,963.7,0.5,0.25,56.2,202.2,145.0,0,0.0,0.21,326.9,0.215,55.9,53.54,Spaceport / Landing Pad
-80.8992,68.9625,1925.6,1.77,0.41,64.5,208.4,151.6,0,0.0,0.14,346.4,0.136,65.1,55.42,Spaceport / Landing Pad
-81.6168,71.1616,2021.6,0.83,0.16,65.9,209.4,152.7,0,0.0,0.32,347.2,0.133,66.0,56.32,Spaceport / Landing Pad
-85.2167,-17.0205,904.0,0.84,0.27,55.5,201.6,144.4,0,0.0,0.26,324.9,0.223,55.3,53.27,Spaceport / Landing Pad
-80.7135,50.7106,749.1,0.5,0.34,54.2,200.7,143.4,0,0.0,0.31,320.8,0.24,53.9,53.03,Spaceport / Landing Pad
-81.6752,-162.3777,882.0,1.42,0.25,55.0,201.3,144.0,0,0.0,0.16,323.8,0.227,55.1,52.89,Spaceport / Landing Pad
-86.907,-95.1944,1612.3,1.53,0.5,61.7,206.3,149.4,0,0.0,0.27,344.8,0.143,62.1,54.57,Spaceport / Landing Pad
-87.0335,77.2756,704.8,10.22,1.11,49.2,196.9,139.3,0,0.0,0.07,311.5,0.277,53.4,36.98,Secondary Exploration Zone
-85.3347,160.1148,1528.1,0.5,0.29,61.5,206.1,149.2,0,0.0,0.28,343.2,0.149,61.3,54.9,Spaceport / Landing Pad
-83.6294,129.0531,300.1,6.12,0.74,47.4,195.5,137.9,0,0.0,0.2,303.2,0.311,49.6,45.49,Secondary Exploration Zone
-80.2342,-58.2849,708.0,1.85,0.43,53.2,199.9,142.6,0,0.0,0.3,318.5,0.249,53.5,52.17,Spaceport / Landing Pad
-80.4216,-74.7449,1635.9,0.5,0.23,62.5,206.8,150.0,0,0.0,0.19,346.3,0.136,62.4,55.16,Spaceport / Landing Pad
-83.2625,79.6242,883.2,1.06,0.25,55.2,201.4,144.2,0,0.0,0.09,324.2,0.226,55.1,53.11,Spaceport / Landing Pad
-80.0,45.6228,418.8,0.5,0.36,51.2,198.4,140.9,0,0.0,0.31,311.2,0.278,50.7,52.24,Spaceport / Landing Pad
-86.5049,55.8855,1235.0,5.54,0.54,56.3,202.2,145.1,0,0.0,0.28,330.6,0.2,58.5,48.76,Secondary Exploration Zone
-83.0838,-158.6294,1009.0,2.44,0.41,55.7,201.8,144.6,0,0.0,0.34,326.6,0.216,56.4,52.38,Spaceport / Landing Pad
-83.0136,-157.2035,832.7,2.23,0.34,54.2,200.6,143.3,0,0.0,0.12,321.7,0.236,54.7,52.15,Spaceport / Landing Pad
-85.166,79.992,2905.7,21.91,1.82,64.0,208.0,151.2,0,0.0,0.3,329.8,0.203,74.5,27.46,Hazard / Exclusion Zone
-84.0891,105.5725,1431.7,3.22,0.6,59.3,204.4,147.4,0,0.0,0.24,338.2,0.169,60.4,52.58,Spaceport / Landing Pad
-80.9607,-16.1892,993.6,1.29,0.2,56.1,202.1,144.9,0,0.0,0.24,327.2,0.214,56.2,53.24,Spaceport / Landing Pad
-80.0995,-135.0,1105.5,0.82,0.3,57.4,203.0,145.9,0,0.0,0.1,330.8,0.199,57.3,53.76,Spaceport / Landing Pad
-80.7813,15.8657,949.4,0.5,0.19,56.1,202.1,144.9,0,0.0,0.09,326.5,0.216,55.8,53.51,Spaceport / Landing Pad
-83.446,-100.6698,1501.2,1.19,0.47,60.9,205.7,148.7,0,0.0,0.12,341.9,0.154,61.1,54.52,Spaceport / Landing Pad
-82.3425,134.0122,518.8,1.53,0.36,51.6,198.7,141.3,0,0.0,0.26,313.3,0.27,51.7,51.95,Spaceport / Landing Pad
-86.1627,161.5651,1165.4,0.94,0.21,57.9,203.4,146.3,0,0.0,0.15,332.4,0.193,57.8,53.84,Spaceport / Landing Pad
-81.9954,-31.6513,1608.0,0.5,0.19,62.2,206.7,149.8,0,0.0,0.18,345.5,0.14,62.1,55.09,Spaceport / Landing Pad
-84.8517,-45.0,1164.2,1.66,0.44,57.5,203.1,146.0,0,0.0,0.15,331.8,0.195,57.8,53.4,Spaceport / Landing Pad
-85.6119,-113.8387,1491.5,0.5,0.28,61.1,205.8,148.9,0,0.0,0.12,342.1,0.153,61.0,54.81,Spaceport / Landing Pad
-86.1627,41.0548,1803.7,4.7,0.53,62.0,206.5,149.6,0,0.0,0.3,344.0,0.146,64.0,51.63,Secondary Exploration Zone
-82.7637,-173.3333,2115.0,2.03,0.49,66.2,209.6,152.9,0,0.0,0.27,346.2,0.137,66.9,55.87,Spaceport / Landing Pad
-87.985,103.3925,2437.0,8.89,0.94,65.9,209.4,152.7,0,0.0,0.33,340.6,0.16,70.0,45.42,Secondary Exploration Zone
-80.0,43.741,561.3,1.16,0.24,52.2,199.1,141.7,0,0.0,0.12,314.8,0.264,52.1,52.28,Spaceport / Landing Pad
-88.1472,40.9144,-2163.5,5.04,0.55,0.0,80.5,42.6,1,0.869,4.66,291.9,0.357,0.0,47.22,ISRU Cryogenic Mining Outpost
-83.7733,40.1355,1058.3,2.1,0.5,56.3,202.3,145.1,0,0.0,0.11,328.3,0.209,56.8,52.81,Spaceport / Landing Pad
-80.4726,41.0275,1432.7,0.75,0.44,60.5,205.3,148.4,0,0.0,0.3,340.2,0.161,60.4,54.57,Spaceport / Landing Pad
-85.0944,-21.1941,819.1,0.5,0.37,54.9,201.2,143.9,0,0.0,0.15,322.8,0.232,54.5,53.2,Spaceport / Landing Pad
-83.6239,17.9044,-606.2,10.74,0.87,36.8,187.6,129.4,0,0.0,0.29,287.2,0.376,40.9,31.87,Secondary Exploration Zone
-80.0,135.0,1258.3,0.96,0.18,58.7,204.1,147.0,0,0.0,0.2,335.0,0.182,58.7,54.06,Spaceport / Landing Pad
-80.0,147.6086,836.7,0.7,0.2,55.0,201.2,144.0,0,0.0,0.16,323.1,0.23,54.7,53.17,Spaceport / Landing Pad
-84.7446,56.5922,-2897.5,3.39,0.45,0.0,81.1,55.8,1,0.731,4.05,293.2,0.351,0.0,46.57,ISRU Cryogenic Mining Outpost
-82.0215,-61.336,1024.9,2.13,0.38,56.0,202.0,144.8,0,0.0,0.24,327.4,0.213,56.5,52.7,Spaceport / Landing Pad
-85.9765,-3.9909,792.8,17.56,1.44,46.5,194.8,137.2,0,0.0,0.21,308.0,0.292,54.3,21.5,Secondary Exploration Zone
-86.368,-64.0935,387.5,1.26,0.23,50.5,197.9,140.4,0,0.0,0.09,309.7,0.285,50.4,51.81,Spaceport / Landing Pad
-82.1403,127.2782,1319.3,1.81,0.46,58.9,204.2,147.1,0,0.0,0.11,336.1,0.178,59.3,53.66,Spaceport / Landing Pad
-88.224,-176.9872,-1983.5,13.74,1.19,0.0,58.0,46.7,1,0.399,2.29,284.7,0.386,0.0,16.66,Secondary Exploration Zone
-84.5237,60.3763,-1776.7,7.19,0.85,0.0,93.6,35.1,1,0.123,0.76,290.1,0.364,0.0,28.6,Secondary Exploration Zone
-81.8572,-25.0963,1989.1,1.42,0.34,65.3,209.0,152.2,0,0.0,0.19,346.7,0.135,65.7,55.88,Spaceport / Landing Pad
-85.4176,-146.6336,1037.3,1.3,0.46,56.5,202.4,145.2,0,0.0,0.29,328.4,0.209,56.6,53.34,Spaceport / Landing Pad
-80.7247,-159.3765,1394.7,1.27,0.2,59.9,204.9,147.9,0,0.0,0.24,338.7,0.167,60.0,54.22,Spaceport / Landing Pad
-82.0522,93.3665,1251.6,0.73,0.28,58.8,204.1,147.0,0,0.0,0.3,335.0,0.182,58.7,54.15,Spaceport / Landing Pad
-82.3107,169.5085,1767.4,2.59,0.46,62.7,207.0,150.1,0,0.0,0.12,345.8,0.139,63.6,54.16,Spaceport / Landing Pad
-80.1595,-51.9343,808.4,1.61,0.32,54.3,200.7,143.4,0,0.0,0.12,321.5,0.237,54.4,52.59,Spaceport / Landing Pad
-83.5587,-179.1697,2115.3,1.67,0.44,66.3,209.8,153.1,0,0.0,0.29,346.5,0.136,66.9,56.15,Spaceport / Landing Pad
-83.9148,-122.4712,2208.8,0.5,0.18,67.8,210.8,154.2,0,0.0,0.12,347.5,0.132,67.8,57.1,Spaceport / Landing Pad
-80.9299,-156.3369,1192.0,0.5,0.38,58.3,203.8,146.7,0,0.0,0.17,333.5,0.188,58.1,54.09,Spaceport / Landing Pad
-80.0,-138.5763,802.3,0.64,0.16,54.7,201.0,143.7,0,0.0,0.08,322.2,0.234,54.4,53.11,Spaceport / Landing Pad
-81.6794,-136.8183,851.6,1.24,0.29,54.8,201.1,143.9,0,0.0,0.08,323.1,0.23,54.8,52.93,Spaceport / Landing Pad
-83.0737,-37.3332,1564.2,1.31,0.28,61.4,206.1,149.1,0,0.0,0.1,343.6,0.147,61.7,54.6,Spaceport / Landing Pad
-86.0997,-111.0375,1600.1,0.5,0.16,62.1,206.6,149.7,0,0.0,0.24,345.3,0.141,62.0,55.07,Spaceport / Landing Pad
-87.2915,-88.0251,1186.6,1.41,0.49,57.9,203.4,146.3,0,0.0,0.29,332.6,0.192,58.1,53.63,Spaceport / Landing Pad
-80.6275,-45.0,1754.1,1.08,0.23,63.3,207.5,150.6,0,0.0,0.24,347.0,0.134,63.5,55.27,Spaceport / Landing Pad
-81.6293,-7.0458,431.6,1.34,0.37,50.9,198.2,140.7,0,0.0,0.12,310.9,0.28,50.8,51.87,Spaceport / Landing Pad
-82.2655,-72.4397,1708.7,1.29,0.29,62.8,207.1,150.2,0,0.0,0.28,346.8,0.134,63.0,54.99,Spaceport / Landing Pad
-88.2839,-157.6199,1184.5,8.01,0.75,54.7,201.0,143.7,0,0.0,0.22,327.1,0.214,58.0,43.69,Secondary Exploration Zone
-82.0084,112.6713,663.1,0.99,0.43,53.2,199.9,142.6,0,0.0,0.32,317.9,0.252,53.0,52.61,Spaceport / Landing Pad
-84.6786,88.9949,1275.3,1.71,0.51,58.5,203.9,146.8,0,0.0,0.15,334.9,0.182,58.9,53.64,Spaceport / Landing Pad
-81.3186,16.8763,1291.0,0.89,0.43,59.1,204.3,147.3,0,0.0,0.31,336.0,0.178,59.1,54.17,Spaceport / Landing Pad
-83.3563,-85.9717,793.4,0.5,0.33,54.6,201.0,143.7,0,0.0,0.17,322.0,0.235,54.3,53.14,Spaceport / Landing Pad
-81.5795,-54.0193,942.1,1.0,0.23,55.8,201.8,144.6,0,0.0,0.12,325.9,0.219,55.7,53.28,Spaceport / Landing Pad
-80.0,-55.0493,225.0,0.5,0.41,49.4,197.0,139.5,0,0.0,0.13,305.7,0.301,48.8,51.77,Spaceport / Landing Pad
-80.2592,-71.5651,1800.5,0.97,0.25,63.8,207.8,151.0,0,0.0,0.2,347.1,0.133,63.9,55.49,Spaceport / Landing Pad
-86.4456,103.6713,1597.5,2.56,0.46,61.1,205.8,148.9,0,0.0,0.34,343.5,0.148,62.0,53.68,Spaceport / Landing Pad
-81.1006,-167.2756,1212.4,0.63,0.2,58.5,203.9,146.8,0,0.0,0.1,334.0,0.186,58.3,54.1,Spaceport / Landing Pad
-89.7048,-71.5651,18.0,18.35,1.66,38.9,189.2,131.1,0,0.0,0.12,285.0,0.385,46.9,19.57,Secondary Exploration Zone
-82.8412,-112.2176,1559.5,2.2,0.34,60.9,205.7,148.7,0,0.0,0.08,342.7,0.151,61.6,53.92,Spaceport / Landing Pad
-83.712,-84.0355,915.5,0.66,0.15,55.7,201.8,144.6,0,0.0,0.26,325.4,0.221,55.5,53.37,Spaceport / Landing Pad
-84.1187,144.0395,1317.7,3.66,0.6,58.0,203.5,146.4,0,0.0,0.32,334.5,0.184,59.3,51.78,Secondary Exploration Zone
-82.5782,6.4993,556.6,2.79,0.3,51.4,198.5,141.1,0,0.0,0.18,313.3,0.27,52.0,50.95,Spaceport / Landing Pad
-80.0,42.7974,1553.6,0.5,0.33,61.7,206.3,149.4,0,0.0,0.28,343.9,0.146,61.6,54.96,Spaceport / Landing Pad
-80.0,117.7342,1017.7,1.98,0.5,56.0,202.0,144.8,0,0.0,0.16,327.3,0.213,56.4,52.81,Spaceport / Landing Pad
-81.3146,88.1524,936.3,1.12,0.24,55.7,201.8,144.5,0,0.0,0.22,325.6,0.22,55.7,53.2,Spaceport / Landing Pad
-80.0,46.1812,763.4,1.8,0.29,53.7,200.3,143.0,0,0.0,0.23,320.1,0.243,54.0,52.34,Spaceport / Landing Pad
-83.9148,85.6013,1446.4,0.5,0.42,60.7,205.5,148.6,0,0.0,0.31,340.8,0.159,60.5,54.7,Spaceport / Landing Pad
-81.6002,14.8084,1415.0,1.09,0.35,60.1,205.1,148.1,0,0.0,0.11,339.5,0.164,60.2,54.37,Spaceport / Landing Pad
-80.9069,-17.3189,1112.1,1.37,0.25,57.2,202.9,145.7,0,0.0,0.16,330.5,0.2,57.3,53.48,Spaceport / Landing Pad
-83.5263,174.2072,1696.1,1.71,0.28,62.4,206.8,149.9,0,0.0,0.19,346.5,0.136,62.9,54.66,Spaceport / Landing Pad
-84.6983,116.1139,-615.6,2.96,0.39,0.0,42.6,37.5,1,0.459,2.48,293.6,0.35,0.0,41.56,ISRU Cryogenic Mining Outpost
-80.0,47.6943,806.8,1.67,0.36,54.2,200.7,143.4,0,0.0,0.23,321.5,0.237,54.4,52.54,Spaceport / Landing Pad
-84.2809,-63.8532,176.5,0.79,0.31,48.8,196.6,139.0,0,0.0,0.21,304.0,0.308,48.4,51.55,Spaceport / Landing Pad
-82.7637,173.3333,2042.5,1.43,0.4,65.8,209.3,152.6,0,0.0,0.08,346.7,0.135,66.2,56.06,Spaceport / Landing Pad
-83.6899,29.2192,1221.4,1.5,0.38,58.1,203.6,146.5,0,0.0,0.32,333.5,0.188,58.4,53.65,Spaceport / Landing Pad
-80.0,-64.1481,1717.3,1.59,0.38,62.7,207.0,150.2,0,0.0,0.33,346.6,0.135,63.1,54.82,Spaceport / Landing Pad
-87.6946,-68.6294,865.2,0.7,0.4,55.2,201.4,144.2,0,0.0,0.19,323.9,0.227,55.0,53.23,Spaceport / Landing Pad
-83.3405,-84.3693,840.4,1.68,0.33,54.5,200.9,143.6,0,0.0,0.32,322.4,0.233,54.7,52.61,Spaceport / Landing Pad
-80.0,-134.3338,1592.0,1.16,0.28,61.7,206.3,149.4,0,0.0,0.25,344.5,0.144,61.9,54.75,Spaceport / Landing Pad
-83.7398,69.9439,330.8,1.12,0.48,50.1,197.5,140.0,0,0.0,0.05,308.2,0.291,49.9,51.75,Spaceport / Landing Pad
-85.9249,69.9048,961.5,15.29,1.38,49.1,196.8,139.3,0,0.0,0.26,314.7,0.264,55.9,22.13,Secondary Exploration Zone
-84.0832,96.3402,1374.8,1.01,0.21,59.8,204.8,147.8,0,0.0,0.17,338.4,0.169,59.9,54.31,Spaceport / Landing Pad
-80.0679,68.4986,1370.4,1.18,0.22,59.7,204.8,147.7,0,0.0,0.07,338.1,0.17,59.8,54.21,Spaceport / Landing Pad
-81.3548,37.9835,1568.2,1.44,0.32,61.4,206.0,149.1,0,0.0,0.07,343.6,0.147,61.7,54.52,Spaceport / Landing Pad
-83.955,13.3925,-2985.7,4.97,0.58,0.0,87.4,42.1,1,0.443,2.4,291.9,0.357,0.0,38.81,ISRU Cryogenic Mining Outpost
-85.6119,-113.8387,1491.5,0.5,0.28,61.1,205.8,148.9,0,0.0,0.12,342.1,0.153,61.0,54.81,Spaceport / Landing Pad
-85.5332,-116.0296,1501.5,0.5,0.25,61.2,205.9,149.0,0,0.0,0.12,342.4,0.152,61.1,54.83,Spaceport / Landing Pad
-86.0818,102.3808,1524.6,0.5,0.14,61.4,206.1,149.1,0,0.0,0.27,343.1,0.149,61.3,54.89,Spaceport / Landing Pad
-81.0148,-132.4739,1439.1,0.96,0.3,60.4,205.3,148.3,0,0.0,0.13,340.3,0.161,60.5,54.49,Spaceport / Landing Pad
-81.5176,-155.9735,805.6,1.64,0.49,54.2,200.7,143.4,0,0.0,0.17,321.4,0.237,54.4,52.56,Spaceport / Landing Pad
-81.2069,127.2348,1365.1,1.7,0.28,59.4,204.5,147.5,0,0.0,0.28,337.5,0.172,59.8,53.85,Spaceport / Landing Pad
-81.2387,51.0542,941.4,0.62,0.44,56.0,202.0,144.8,0,0.0,0.07,326.2,0.218,55.7,53.45,Spaceport / Landing Pad
-81.2387,-128.9458,1458.6,1.29,0.23,60.4,205.3,148.4,0,0.0,0.09,340.6,0.16,60.7,54.36,Spaceport / Landing Pad
-85.1301,-167.8285,909.7,1.14,0.47,55.4,201.6,144.3,0,0.0,0.22,324.9,0.223,55.4,53.13,Spaceport / Landing Pad
-80.0,-46.7899,1232.6,0.75,0.38,58.6,204.0,146.9,0,0.0,0.1,334.5,0.184,58.5,54.1,Spaceport / Landing Pad
-80.0,130.452,1647.6,1.13,0.25,62.3,206.7,149.8,0,0.0,0.14,346.1,0.137,62.5,54.9,Spaceport / Landing Pad
-87.4642,173.6598,552.8,1.56,0.5,51.9,198.9,141.5,0,0.0,0.29,314.2,0.266,52.0,52.01,Spaceport / Landing Pad
-86.6893,21.5014,1194.8,15.03,1.27,51.4,198.5,141.1,0,0.0,0.31,321.6,0.236,58.1,22.72,Secondary Exploration Zone
-83.8635,26.1753,1421.0,5.0,0.72,58.3,203.7,146.6,0,0.0,0.24,336.4,0.176,60.3,50.1,Secondary Exploration Zone
-80.6238,133.3865,708.8,0.62,0.4,53.8,200.4,143.0,0,0.0,0.19,319.5,0.245,53.5,52.89,Spaceport / Landing Pad
-84.1127,-87.2737,934.4,1.48,0.33,55.5,201.6,144.4,0,0.0,0.1,325.3,0.222,55.6,52.98,Spaceport / Landing Pad
-81.4685,126.9953,1354.3,1.47,0.49,59.4,204.5,147.5,0,0.0,0.12,337.4,0.172,59.7,53.99,Spaceport / Landing Pad
-81.6794,-136.8183,851.6,1.24,0.29,54.8,201.1,143.9,0,0.0,0.08,323.1,0.23,54.8,52.93,Spaceport / Landing Pad
-85.5724,-71.5651,515.7,1.5,0.37,51.6,198.7,141.3,0,0.0,0.1,313.2,0.27,51.6,51.96,Spaceport / Landing Pad
-86.1718,-45.0,1299.4,2.16,0.47,58.5,203.9,146.8,0,0.0,0.31,335.2,0.181,59.1,53.33,Spaceport / Landing Pad
-82.6112,-63.7587,1016.5,2.12,0.34,55.9,202.0,144.8,0,0.0,0.24,327.1,0.214,56.4,52.69,Spaceport / Landing Pad
-85.857,22.5206,1653.1,13.54,1.14,56.4,202.3,145.1,0,0.0,0.08,336.1,0.178,62.5,29.03,Secondary Exploration Zone
-81.7256,-168.9436,1081.9,0.5,0.3,57.3,203.0,145.9,0,0.0,0.27,330.3,0.201,57.0,53.83,Spaceport / Landing Pad
-81.7636,113.3691,609.6,1.61,0.23,52.4,199.3,141.9,0,0.0,0.18,315.8,0.26,52.5,52.11,Spaceport / Landing Pad
-87.0335,-167.2756,885.0,0.5,0.15,55.5,201.6,144.4,0,0.0,0.25,324.7,0.224,55.2,53.36,Spaceport / Landing Pad
-83.1091,-114.8293,1784.2,1.79,0.25,63.2,207.4,150.6,0,0.0,0.06,346.4,0.136,63.8,54.91,Spaceport / Landing Pad
-80.0,-116.8008,1475.9,1.51,0.49,60.5,205.4,148.4,0,0.0,0.07,340.9,0.158,60.8,54.25,Spaceport / Landing Pad
-86.2827,38.8845,1537.1,1.51,0.42,61.1,205.8,148.8,0,0.0,0.16,342.6,0.151,61.4,54.4,Spaceport / Landing Pad
-81.3146,-88.1524,1584.9,1.38,0.49,61.6,206.2,149.3,0,0.0,0.05,344.1,0.145,61.9,54.6,Spaceport / Landing Pad
-83.1395,75.0184,631.1,1.24,0.23,52.8,199.6,142.2,0,0.0,0.12,316.7,0.256,52.7,52.4,Spaceport / Landing Pad
-80.8877,46.6603,983.9,1.01,0.17,56.2,202.1,144.9,0,0.0,0.35,327.1,0.214,56.1,53.38,Spaceport / Landing Pad
-81.5053,-90.6296,1496.6,0.5,0.3,61.2,205.9,148.9,0,0.0,0.21,342.3,0.153,61.0,54.82,Spaceport / Landing Pad
-84.1902,43.698,454.0,8.88,1.02,47.5,195.6,138.0,0,0.0,0.24,305.3,0.302,51.0,39.87,Secondary Exploration Zone
-84.982,-46.5074,1043.2,1.79,0.3,56.3,202.3,145.1,0,0.0,0.05,328.2,0.21,56.7,53.02,Spaceport / Landing Pad
-80.7285,-106.9755,159.7,1.27,0.44,48.4,196.3,138.7,0,0.0,0.23,303.1,0.311,48.2,51.25,Spaceport / Landing Pad
-84.9062,76.2184,1027.1,1.29,0.26,56.4,202.3,145.1,0,0.0,0.31,328.1,0.21,56.5,53.32,Spaceport / Landing Pad
-87.3964,104.5345,-1627.3,6.69,0.57,0.0,81.3,38.5,1,0.805,4.29,290.5,0.362,0.0,43.19,ISRU Cryogenic Mining Outpost
-85.7245,53.8807,-1567.7,6.83,0.64,0.0,62.7,52.7,1,0.415,2.48,290.4,0.363,0.0,35.14,ISRU Cryogenic Mining Outpost
-84.1543,70.4077,459.0,1.11,0.46,51.3,198.4,141.0,0,0.0,0.33,311.9,0.276,51.1,52.06,Spaceport / Landing Pad
-88.2637,-36.2538,2006.2,1.09,0.35,65.6,209.2,152.5,0,0.0,0.28,347.0,0.134,65.9,56.14,Spaceport / Landing Pad
-80.0,-45.0,1088.2,0.59,0.43,57.3,203.0,145.9,0,0.0,0.09,330.4,0.201,57.1,53.81,Spaceport / Landing Pad
-82.7348,-42.9174,1887.5,0.5,0.18,64.8,208.6,151.8,0,0.0,0.24,347.5,0.132,64.8,55.99,Spaceport / Landing Pad
-83.1091,151.6992,1166.0,0.9,0.43,57.9,203.4,146.3,0,0.0,0.34,332.4,0.193,57.9,53.86,Spaceport / Landing Pad
-88.0024,52.5946,-2160.3,4.2,0.49,0.0,47.5,56.6,1,0.761,4.05,292.6,0.354,0.0,46.22,ISRU Cryogenic Mining Outpost
-88.6999,-68.9625,1092.6,1.62,0.3,56.9,202.7,145.5,0,0.0,0.06,329.7,0.204,57.2,53.26,Spaceport / Landing Pad
-83.1344,-136.1017,792.5,1.97,0.43,53.9,200.5,143.1,0,0.0,0.13,320.8,0.24,54.3,52.28,Spaceport / Landing Pad
-84.8247,39.144,761.3,9.25,1.01,50.1,197.6,140.1,0,0.0,0.22,313.9,0.268,54.0,39.68,Secondary Exploration Zone
-83.0037,-45.0,1747.0,0.92,0.38,63.3,207.5,150.6,0,0.0,0.34,347.1,0.133,63.4,55.32,Spaceport / Landing Pad
-81.0927,174.5881,1467.4,2.28,0.51,60.0,205.0,148.0,0,0.0,0.2,340.0,0.162,60.7,53.63,Spaceport / Landing Pad
-83.7398,-177.4362,2040.9,2.2,0.51,65.4,209.1,152.3,0,0.0,0.09,346.1,0.137,66.2,55.47,Spaceport / Landing Pad
-80.2342,-58.2849,708.0,1.85,0.43,53.2,199.9,142.6,0,0.0,0.3,318.5,0.249,53.5,52.17,Spaceport / Landing Pad
-84.2687,173.4537,1262.1,0.95,0.42,58.8,204.1,147.0,0,0.0,0.27,335.2,0.182,58.8,54.07,Spaceport / Landing Pad
-80.0,119.1569,1299.1,2.25,0.41,58.5,203.9,146.8,0,0.0,0.09,335.2,0.182,59.1,53.26,Spaceport / Landing Pad
-82.2745,-154.9831,365.5,1.31,0.2,50.3,197.7,140.2,0,0.0,0.06,309.0,0.287,50.2,51.72,Spaceport / Landing Pad
-87.3303,-143.5308,1175.7,1.1,0.31,57.9,203.4,146.3,0,0.0,0.19,332.6,0.192,57.9,53.79,Spaceport / Landing Pad
-85.9852,-144.4623,801.5,0.5,0.31,54.7,201.0,143.8,0,0.0,0.2,322.3,0.234,54.4,53.16,Spaceport / Landing Pad
-84.3176,-47.663,1052.5,1.8,0.44,56.4,202.3,145.1,0,0.0,0.24,328.4,0.209,56.8,53.03,Spaceport / Landing Pad
-86.3969,53.427,1793.9,3.01,0.53,62.7,207.0,150.2,0,0.0,0.19,345.4,0.14,63.9,53.81,Spaceport / Landing Pad
-81.8744,-1.9749,401.3,1.68,0.4,50.4,197.8,140.4,0,0.0,0.26,309.8,0.284,50.5,51.56,Spaceport / Landing Pad
-86.4851,-79.2869,988.3,1.71,0.48,55.9,201.9,144.7,0,0.0,0.33,326.7,0.216,56.2,52.95,Spaceport / Landing Pad
-88.5721,78.6901,1634.8,2.4,0.56,61.5,206.2,149.2,0,0.0,0.17,344.7,0.143,62.3,53.92,Spaceport / Landing Pad
-80.8078,122.5604,1652.0,0.86,0.2,62.4,206.8,150.0,0,0.0,0.11,346.5,0.136,62.5,55.05,Spaceport / Landing Pad
-86.1627,-4.1849,2671.8,9.56,1.05,67.7,210.8,154.2,0,0.0,0.24,340.0,0.162,72.3,44.54,Secondary Exploration Zone
-80.3419,-34.7652,1422.9,1.24,0.36,60.1,205.1,148.1,0,0.0,0.18,339.6,0.164,60.3,54.3,Spaceport / Landing Pad
-80.5941,130.1696,1097.1,1.9,0.51,56.8,202.6,145.4,0,0.0,0.31,329.6,0.204,57.2,53.06,Spaceport / Landing Pad
-83.0838,-58.2405,452.0,0.54,0.21,51.5,198.6,141.2,0,0.0,0.25,312.2,0.275,51.0,52.3,Spaceport / Landing Pad
-80.535,-36.9829,1377.3,0.98,0.23,59.8,204.9,147.9,0,0.0,0.08,338.5,0.168,59.9,54.34,Spaceport / Landing Pad
-83.955,-13.3925,1213.1,0.93,0.27,58.3,203.7,146.7,0,0.0,0.11,333.8,0.187,58.3,53.96,Spaceport / Landing Pad
-82.959,-38.5412,1667.9,0.94,0.33,62.5,206.9,150.0,0,0.0,0.23,346.9,0.134,62.7,55.05,Spaceport / Landing Pad
-80.0,39.7376,1712.8,0.5,0.15,63.2,207.4,150.5,0,0.0,0.2,347.5,0.132,63.1,55.38,Spaceport / Landing Pad
-80.6723,-108.0723,274.2,2.24,0.27,49.0,196.7,139.2,0,0.0,0.19,305.6,0.301,49.3,50.8,Spaceport / Landing Pad
-82.2071,46.9415,1734.4,1.1,0.27,63.1,207.3,150.5,0,0.0,0.34,347.0,0.134,63.3,55.19,Spaceport / Landing Pad
-80.0,-139.7636,1094.3,2.1,0.48,56.7,202.5,145.3,0,0.0,0.21,329.4,0.205,57.2,52.89,Spaceport / Landing Pad
-86.6579,125.9097,2564.9,6.66,0.57,68.1,211.1,154.5,0,0.0,0.27,342.4,0.152,71.2,50.84,Secondary Exploration Zone
-81.9433,-79.992,1206.8,0.9,0.4,58.3,203.7,146.6,0,0.0,0.26,333.6,0.188,58.2,53.96,Spaceport / Landing Pad
-85.7985,-1.273,-371.4,7.24,0.69,40.6,190.5,132.5,0,0.0,0.28,290.1,0.364,43.1,41.39,Secondary Exploration Zone
-86.5149,-110.3764,1729.7,1.05,0.4,63.1,207.3,150.5,0,0.0,0.05,347.0,0.133,63.3,55.2,Spaceport / Landing Pad
-82.1448,69.8424,1575.7,2.26,0.48,61.1,205.8,148.8,0,0.0,0.1,343.1,0.149,61.8,53.9,Spaceport / Landing Pad
-83.3196,15.3955,-137.3,11.78,1.21,40.6,190.5,132.5,0,0.0,0.19,286.3,0.379,45.4,30.42,Secondary Exploration Zone
-80.0,-57.6086,482.6,1.13,0.35,51.5,198.6,141.2,0,0.0,0.33,312.6,0.273,51.3,52.11,Spaceport / Landing Pad
-82.7348,47.0826,1728.8,0.89,0.34,63.1,207.4,150.5,0,0.0,0.24,347.2,0.133,63.2,55.28,Spaceport / Landing Pad
-81.4644,-166.7236,1054.8,0.51,0.36,57.1,202.8,145.7,0,0.0,0.16,329.6,0.204,56.8,53.76,Spaceport / Landing Pad
-80.7548,54.8658,674.4,0.5,0.22,53.5,200.2,142.8,0,0.0,0.14,318.6,0.249,53.1,52.85,Spaceport / Landing Pad
-82.7205,-139.1596,371.6,1.3,0.37,50.4,197.8,140.3,0,0.0,0.28,309.2,0.287,50.2,51.74,Spaceport / Landing Pad
-83.6513,41.4237,1144.6,1.87,0.48,57.2,202.9,145.8,0,0.0,0.31,331.0,0.198,57.6,53.2,Spaceport / Landing Pad
-80.331,-130.3013,1544.9,0.64,0.38,61.5,206.2,149.2,0,0.0,0.34,343.6,0.147,61.5,54.89,Spaceport / Landing Pad
-82.9096,-106.049,1685.3,1.28,0.37,62.5,206.9,150.0,0,0.0,0.25,346.8,0.134,62.8,54.92,Spaceport / Landing Pad
-80.5498,-163.355,1547.3,0.5,0.33,61.6,206.2,149.3,0,0.0,0.3,343.8,0.147,61.5,54.94,Spaceport / Landing Pad
-80.0,61.3482,903.2,1.57,0.46,55.2,201.4,144.1,0,0.0,0.08,324.3,0.225,55.3,52.84,Spaceport / Landing Pad
-80.2092,138.8655,1004.7,1.14,0.2,56.3,202.2,145.0,0,0.0,0.07,327.6,0.212,56.3,53.36,Spaceport / Landing Pad
-80.0,127.5394,2120.1,1.32,0.32,66.6,209.9,153.2,0,0.0,0.07,346.8,0.134,67.0,56.4,Spaceport / Landing Pad
-81.6752,17.6223,1518.0,0.5,0.32,61.4,206.0,149.1,0,0.0,0.26,342.9,0.15,61.2,54.87,Spaceport / Landing Pad
-81.2746,-117.3874,941.7,1.46,0.48,55.6,201.7,144.5,0,0.0,0.06,325.5,0.221,55.7,53.01,Spaceport / Landing Pad
-81.6794,136.8183,400.7,0.5,0.29,51.0,198.3,140.8,0,0.0,0.33,310.7,0.281,50.5,52.2,Spaceport / Landing Pad
-84.1962,-27.8015,871.1,0.5,0.27,55.4,201.5,144.3,0,0.0,0.23,324.3,0.226,55.0,53.32,Spaceport / Landing Pad
-85.3347,-70.1148,420.5,1.81,0.42,50.6,197.9,140.5,0,0.0,0.11,310.2,0.283,50.7,51.52,Spaceport / Landing Pad
-81.1753,-66.9606,1997.6,0.5,0.39,65.8,209.4,152.7,0,0.0,0.22,347.5,0.132,65.8,56.37,Spaceport / Landing Pad
-82.9244,126.4164,1693.0,3.64,0.47,61.5,206.1,149.2,0,0.0,0.21,344.9,0.142,62.9,52.72,Secondary Exploration Zone
-81.6878,-178.0694,1559.4,1.43,0.32,61.3,206.0,149.0,0,0.0,0.08,343.3,0.148,61.6,54.51,Spaceport / Landing Pad
-82.8558,151.0908,1054.8,0.5,0.2,57.1,202.8,145.7,0,0.0,0.27,329.6,0.204,56.8,53.76,Spaceport / Landing Pad
-82.252,89.3097,1181.7,1.32,0.49,57.9,203.4,146.3,0,0.0,0.08,332.5,0.192,58.0,53.67,Spaceport / Landing Pad
-86.0997,-68.9625,400.2,1.29,0.21,50.6,198.0,140.5,0,0.0,0.08,310.1,0.283,50.5,51.82,Spaceport / Landing Pad
-80.721,95.1944,579.4,0.5,0.14,52.7,199.5,142.1,0,0.0,0.32,315.9,0.26,52.2,52.62,Spaceport / Landing Pad
-85.8993,138.6914,-17.4,6.31,0.59,44.3,193.3,135.5,0,0.0,0.27,293.9,0.349,46.5,44.36,Secondary Exploration Zone
-82.6775,-101.0235,1512.6,0.62,0.38,61.3,205.9,149.0,0,0.0,0.1,342.7,0.151,61.2,54.82,Spaceport / Landing Pad
-83.6788,106.294,1240.2,1.19,0.31,58.5,203.8,146.8,0,0.0,0.22,334.3,0.185,58.6,53.89,Spaceport / Landing Pad
-81.5506,16.0323,1418.4,1.12,0.22,60.1,205.1,148.1,0,0.0,0.17,339.5,0.164,60.3,54.36,Spaceport / Landing Pad
-86.4261,-139.2364,959.5,0.89,0.3,56.0,202.0,144.8,0,0.0,0.19,326.5,0.217,55.9,53.38,Spaceport / Landing Pad
-80.0,-129.6233,1699.1,1.89,0.45,62.4,206.8,149.9,0,0.0,0.27,346.3,0.136,63.0,54.54,Spaceport / Landing Pad
-80.9993,40.7946,1348.6,0.87,0.44,59.6,204.7,147.7,0,0.0,0.18,337.7,0.171,59.6,54.32,Spaceport / Landing Pad
-80.8648,82.3667,1870.5,1.71,0.44,64.1,208.0,151.2,0,0.0,0.27,346.5,0.136,64.6,55.27,Spaceport / Landing Pad
-81.0226,-8.9726,760.6,1.43,0.41,53.9,200.4,143.1,0,0.0,0.28,320.3,0.242,54.0,52.6,Spaceport / Landing Pad
-84.982,108.4349,953.0,6.24,0.59,53.4,200.0,142.7,0,0.0,0.23,321.9,0.235,55.8,46.82,Secondary Exploration Zone
-81.1202,56.1429,897.2,1.52,0.27,55.1,201.3,144.1,0,0.0,0.31,324.2,0.226,55.3,52.86,Spaceport / Landing Pad
-81.2387,-75.8157,1595.6,0.95,0.23,61.9,206.4,149.5,0,0.0,0.18,344.8,0.143,62.0,54.87,Spaceport / Landing Pad
-85.2167,-84.4007,1328.9,0.62,0.31,59.6,204.7,147.6,0,0.0,0.15,337.4,0.173,59.4,54.38,Spaceport / Landing Pad
-81.692,-117.4287,762.4,0.5,0.22,54.4,200.8,143.5,0,0.0,0.16,321.1,0.238,54.0,53.06,Spaceport / Landing Pad
-82.2745,28.1132,2142.6,0.5,0.3,67.2,210.4,153.7,0,0.0,0.29,347.5,0.132,67.2,56.87,Spaceport / Landing Pad
-83.5641,19.4861,338.7,17.87,1.64,42.1,191.6,133.7,0,0.0,0.18,294.6,0.346,49.9,20.38,Secondary Exploration Zone
-81.6878,-77.6806,1403.8,0.93,0.25,60.1,205.1,148.1,0,0.0,0.24,339.3,0.165,60.1,54.42,Spaceport / Landing Pad
-80.7586,23.1986,1129.6,0.63,0.26,57.7,203.3,146.2,0,0.0,0.1,331.6,0.196,57.5,53.9,Spaceport / Landing Pad
-81.011,-15.0464,887.2,1.15,0.25,55.2,201.4,144.2,0,0.0,0.25,324.2,0.226,55.2,53.07,Spaceport / Landing Pad
-80.0,30.0686,1722.6,0.5,0.17,63.3,207.4,150.6,0,0.0,0.3,347.5,0.132,63.2,55.41,Spaceport / Landing Pad
-88.0199,8.1301,1895.3,1.59,0.32,64.3,208.3,151.5,0,0.0,0.24,346.6,0.135,64.8,55.45,Spaceport / Landing Pad
-82.252,-126.1796,851.1,0.72,0.17,55.1,201.3,144.1,0,0.0,0.25,323.5,0.229,54.8,53.19,Spaceport / Landing Pad
-80.9645,-160.0675,1305.7,1.57,0.49,58.9,204.2,147.1,0,0.0,0.06,335.9,0.178,59.2,53.81,Spaceport / Landing Pad
-81.6878,-155.4495,663.7,0.65,0.34,53.4,200.0,142.7,0,0.0,0.21,318.2,0.25,53.0,52.77,Spaceport / Landing Pad
-81.2786,174.4725,1654.3,1.93,0.52,61.9,206.5,149.6,0,0.0,0.06,345.7,0.139,62.5,54.37,Spaceport / Landing Pad
-81.6376,-56.8421,800.1,0.54,0.17,54.7,201.0,143.8,0,0.0,0.14,322.2,0.234,54.4,53.14,Spaceport / Landing Pad
-83.5533,145.6197,1131.0,0.85,0.39,57.6,203.2,146.1,0,0.0,0.23,331.5,0.196,57.5,53.8,Spaceport / Landing Pad
-82.6395,167.55,1404.8,2.52,0.45,59.3,204.5,147.5,0,0.0,0.16,338.0,0.17,60.1,53.25,Spaceport / Landing Pad
-85.2827,117.0721,-808.2,3.44,0.44,0.0,51.4,58.4,1,0.56,3.02,293.2,0.351,0.0,43.09,ISRU Cryogenic Mining Outpost
-80.0,-126.7733,1564.3,0.78,0.32,61.7,206.2,149.3,0,0.0,0.18,344.0,0.146,61.7,54.88,Spaceport / Landing Pad
-84.8653,-1.0416,-2325.3,5.2,0.72,0.0,56.7,52.7,1,0.519,2.9,291.7,0.357,0.0,39.97,ISRU Cryogenic Mining Outpost
-81.1398,16.5258,1168.4,1.59,0.35,57.6,203.2,146.1,0,0.0,0.19,331.9,0.195,57.9,53.47,Spaceport / Landing Pad
-83.6568,-147.0115,1091.9,1.83,0.52,56.8,202.6,145.4,0,0.0,0.18,329.5,0.204,57.1,53.11,Spaceport / Landing Pad
-85.857,22.5206,1653.1,13.54,1.14,56.4,202.3,145.1,0,0.0,0.08,336.1,0.178,62.5,29.03,Secondary Exploration Zone
-80.8763,-166.3903,1359.7,0.61,0.25,59.8,204.9,147.9,0,0.0,0.3,338.3,0.169,59.7,54.45,Spaceport / Landing Pad
-80.0,146.9969,977.7,0.81,0.2,56.2,202.2,145.0,0,0.0,0.16,327.1,0.214,56.1,53.46,Spaceport / Landing Pad
-81.8145,44.076,1608.6,1.95,0.38,61.5,206.1,149.2,0,0.0,0.29,344.3,0.144,62.1,54.25,Spaceport / Landing Pad
-88.969,-84.8056,881.7,1.17,0.34,55.1,201.4,144.1,0,0.0,0.26,324.0,0.227,55.1,53.04,Spaceport / Landing Pad
-85.2827,152.9279,1401.9,1.7,0.39,59.7,204.8,147.8,0,0.0,0.16,338.6,0.168,60.1,53.94,Spaceport / Landing Pad
-80.0,-48.4893,1002.1,1.64,0.23,56.0,202.0,144.8,0,0.0,0.1,327.1,0.214,56.3,53.03,Spaceport / Landing Pad
-82.4111,31.9307,2227.5,0.5,0.15,67.9,211.0,154.4,0,0.0,0.06,347.5,0.132,68.0,57.17,Spaceport / Landing Pad
-80.0,-36.9643,924.7,1.51,0.49,55.4,201.5,144.3,0,0.0,0.05,325.0,0.223,55.5,52.94,Spaceport / Landing Pad
-80.0,126.9643,2222.3,1.64,0.33,67.3,210.5,153.9,0,0.0,0.09,346.5,0.135,68.0,56.54,Spaceport / Landing Pad
-80.535,-143.0171,817.4,0.79,0.31,54.7,201.0,143.8,0,0.0,0.17,322.5,0.233,54.5,53.08,Spaceport / Landing Pad
-84.0304,-99.9042,1278.4,1.45,0.23,58.7,204.0,147.0,0,0.0,0.13,335.2,0.181,58.9,53.83,Spaceport / Landing Pad
-84.3607,-102.4259,1376.0,1.35,0.21,59.6,204.7,147.7,0,0.0,0.13,338.1,0.17,59.9,54.12,Spaceport / Landing Pad
-88.5968,-3.8141,2208.4,0.78,0.29,67.6,210.7,154.1,0,0.0,0.22,347.3,0.133,67.8,57.0,Spaceport / Landing Pad
-84.3607,-24.444,811.3,0.5,0.42,54.8,201.1,143.9,0,0.0,0.22,322.5,0.233,54.5,53.18,Spaceport / Landing Pad
-88.1661,-165.2564,121.1,13.79,1.1,42.0,191.5,133.6,0,0.0,0.33,291.7,0.357,47.9,24.48,Secondary Exploration Zone
-81.8787,-0.6585,471.8,2.15,0.38,50.9,198.2,140.7,0,0.0,0.14,311.4,0.278,51.2,51.36,Spaceport / Landing Pad
-81.1202,-3.0128,1085.3,1.36,0.38,56.9,202.7,145.6,0,0.0,0.22,329.7,0.204,57.1,53.42,Spaceport / Landing Pad
-80.0,43.6196,1250.1,1.04,0.46,58.6,204.0,146.9,0,0.0,0.29,334.7,0.183,58.7,54.0,Spaceport / Landing Pad
-82.5128,-125.8698,891.3,0.58,0.29,55.5,201.6,144.4,0,0.0,0.14,324.8,0.224,55.2,53.34,Spaceport / Landing Pad
-80.7964,-143.2463,883.7,0.5,0.26,55.5,201.6,144.4,0,0.0,0.25,324.6,0.224,55.2,53.35,Spaceport / Landing Pad
-83.5967,-53.2971,628.3,2.1,0.36,52.4,199.3,141.9,0,0.0,0.26,316.0,0.259,52.7,51.78,Spaceport / Landing Pad
-80.4946,-162.2768,1544.7,0.68,0.17,61.5,206.1,149.2,0,0.0,0.07,343.5,0.148,61.5,54.87,Spaceport / Landing Pad
-84.1902,-66.3179,385.9,1.92,0.37,50.2,197.6,140.2,0,0.0,0.18,309.1,0.287,50.4,51.35,Spaceport / Landing Pad
-87.4642,96.3402,-1597.9,6.92,0.59,0.0,77.6,56.4,1,0.695,3.9,290.3,0.363,0.0,40.55,ISRU Cryogenic Mining Outpost
-81.3791,-33.518,1624.6,0.54,0.21,62.3,206.8,149.9,0,0.0,0.24,345.9,0.138,62.2,55.11,Spaceport / Landing Pad
-82.959,14.5889,1908.2,3.66,0.59,63.5,207.6,150.8,0,0.0,0.31,344.9,0.142,65.0,53.44,Secondary Exploration Zone
-83.0737,-127.3332,1226.2,2.56,0.37,57.7,203.3,146.1,0,0.0,0.33,332.8,0.191,58.4,52.79,Spaceport / Landing Pad
-87.6497,-6.8428,1964.1,1.05,0.37,65.2,208.9,152.2,0,0.0,0.33,347.0,0.133,65.5,56.01,Spaceport / Landing Pad
-85.4943,140.0425,-308.2,7.11,0.65,41.3,190.9,133.0,0,0.0,0.19,290.2,0.364,43.7,41.88,Secondary Exploration Zone
-82.3107,-79.5085,1163.9,1.23,0.31,57.7,203.3,146.2,0,0.0,0.22,332.1,0.194,57.8,53.69,Spaceport / Landing Pad
-87.1049,-178.1524,848.6,0.5,0.17,55.2,201.4,144.1,0,0.0,0.27,323.6,0.228,54.8,53.27,Spaceport / Landing Pad
-80.0,135.0,1253.1,1.19,0.48,58.6,203.9,146.9,0,0.0,0.29,334.7,0.183,58.7,53.92,Spaceport / Landing Pad
-84.287,-4.6859,-1097.0,7.96,0.75,33.5,185.2,126.8,0,0.0,0.34,289.5,0.367,36.2,37.29,Secondary Exploration Zone
-87.985,-103.3925,1115.1,1.67,0.32,57.1,202.8,145.7,0,0.0,0.19,330.3,0.201,57.4,53.28,Spaceport / Landing Pad
-81.8958,57.2251,1469.3,1.27,0.38,60.5,205.4,148.4,0,0.0,0.22,340.9,0.158,60.8,54.39,Spaceport / Landing Pad
-81.0032,157.4259,509.5,1.42,0.3,51.6,198.7,141.3,0,0.0,0.17,313.1,0.271,51.6,52.0,Spaceport / Landing Pad
-80.8763,-76.3903,1580.8,0.5,0.38,61.9,206.5,149.6,0,0.0,0.19,344.7,0.143,61.8,55.02,Spaceport / Landing Pad
-86.0907,123.3106,-148.1,7.12,0.64,0.0,58.6,47.2,1,0.068,0.52,290.2,0.364,0.0,27.64,Secondary Exploration Zone
-86.1901,-30.9638,1575.8,0.5,0.29,61.9,206.4,149.5,0,0.0,0.25,344.6,0.143,61.8,55.01,Spaceport / Landing Pad
-84.1187,179.0906,1547.4,1.85,0.28,61.0,205.7,148.8,0,0.0,0.35,342.6,0.151,61.5,54.18,Spaceport / Landing Pad
-83.1395,-123.9063,1476.7,2.96,0.6,59.8,204.9,147.8,0,0.0,0.1,339.7,0.163,60.8,52.98,Spaceport / Landing Pad
-80.0,41.8892,698.2,0.5,0.37,53.8,200.3,143.0,0,0.0,0.21,319.3,0.246,53.4,52.91,Spaceport / Landing Pad
-82.252,68.0704,1496.0,2.46,0.55,60.2,205.2,148.2,0,0.0,0.21,340.7,0.159,61.0,53.53,Spaceport / Landing Pad
-80.0,-27.7342,1746.4,1.42,0.21,63.0,207.3,150.4,0,0.0,0.27,346.7,0.135,63.4,55.04,Spaceport / Landing Pad
-83.8126,11.3099,-3025.5,4.83,0.52,0.0,101.3,37.6,1,0.417,2.34,292.0,0.356,0.0,38.49,ISRU Cryogenic Mining Outpost
-82.1804,-113.1986,821.1,1.85,0.23,54.3,200.7,143.4,0,0.0,0.05,321.7,0.236,54.6,52.44,Spaceport / Landing Pad
-80.0,-59.2068,658.9,1.29,0.42,53.0,199.8,142.4,0,0.0,0.2,317.5,0.253,53.0,52.44,Spaceport / Landing Pad
-88.2637,143.7462,393.8,2.11,0.33,50.2,197.6,140.1,0,0.0,0.27,309.2,0.287,50.5,51.21,Spaceport / Landing Pad
-81.8787,37.5284,1912.7,1.73,0.3,64.4,208.3,151.6,0,0.0,0.1,346.5,0.136,65.0,55.41,Spaceport / Landing Pad
-84.6786,-178.9949,1161.0,1.42,0.39,57.6,203.2,146.1,0,0.0,0.23,331.9,0.195,57.8,53.56,Spaceport / Landing Pad
-86.1901,149.0362,832.8,1.46,0.31,54.6,200.9,143.6,0,0.0,0.27,322.4,0.233,54.7,52.75,Spaceport / Landing Pad
-81.0927,-174.5881,1027.3,0.5,0.26,56.8,202.6,145.5,0,0.0,0.24,328.8,0.207,56.5,53.7,Spaceport / Landing Pad
-84.0597,45.0,602.1,10.07,0.83,48.3,196.2,138.6,0,0.0,0.35,308.6,0.289,52.5,37.15,Secondary Exploration Zone
-80.7548,-144.8658,852.3,0.59,0.15,55.2,201.4,144.1,0,0.0,0.22,323.7,0.228,54.9,53.25,Spaceport / Landing Pad
-87.8511,87.5104,1463.2,3.76,0.43,59.3,204.5,147.4,0,0.0,0.31,338.7,0.167,60.7,52.0,Secondary Exploration Zone
-85.8319,34.0459,1595.3,0.79,0.37,61.9,206.5,149.6,0,0.0,0.06,344.9,0.142,62.0,54.94,Spaceport / Landing Pad
-88.7547,77.0054,1685.3,2.67,0.33,61.9,206.4,149.5,0,0.0,0.34,345.7,0.139,62.8,53.79,Spaceport / Landing Pad
-82.9491,6.8428,1599.8,9.61,0.9,57.8,203.3,146.2,0,0.0,0.15,337.8,0.171,62.0,40.76,Secondary Exploration Zone
-84.0891,15.5725,-2720.8,4.75,0.69,0.0,90.6,66.9,1,0.383,2.17,292.1,0.356,0.0,37.91,Secondary Exploration Zone
-85.7737,59.4703,-883.2,7.98,0.85,0.0,96.6,37.0,1,0.041,0.48,289.4,0.367,0.0,25.33,Secondary Exploration Zone
-80.9916,-79.8545,1514.2,0.88,0.29,61.1,205.9,148.9,0,0.0,0.3,342.5,0.152,61.2,54.71,Spaceport / Landing Pad
-87.5911,-54.4623,1260.0,1.99,0.41,58.3,203.7,146.6,0,0.0,0.12,334.3,0.185,58.8,53.38,Spaceport / Landing Pad
-87.4369,146.8887,333.7,0.58,0.41,50.3,197.8,140.3,0,0.0,0.33,308.7,0.289,49.9,52.01,Spaceport / Landing Pad
-88.1472,-139.0856,931.1,2.32,0.54,55.1,201.3,144.0,0,0.0,0.15,324.5,0.225,55.6,52.31,Spaceport / Landing Pad
-89.076,-45.0,1586.9,2.47,0.27,61.1,205.8,148.8,0,0.0,0.22,343.3,0.149,61.9,53.74,Spaceport / Landing Pad
-86.1176,27.1811,1912.2,3.98,0.57,63.3,207.5,150.7,0,0.0,0.32,344.6,0.143,65.0,53.03,Secondary Exploration Zone
-84.1782,138.9005,324.3,12.21,1.17,44.7,193.5,135.7,0,0.0,0.26,298.9,0.328,49.8,30.19,Secondary Exploration Zone
-81.6168,-161.1616,880.6,1.16,0.27,55.1,201.4,144.1,0,0.0,0.35,324.0,0.227,55.1,53.04,Spaceport / Landing Pad
-80.0,147.9381,758.7,1.12,0.24,54.0,200.5,143.2,0,0.0,0.21,320.5,0.241,54.0,52.78,Spaceport / Landing Pad
-80.331,-49.6987,1229.3,2.68,0.37,57.6,203.2,146.1,0,0.0,0.29,332.8,0.191,58.5,52.68,Spaceport / Landing Pad
-83.0838,121.7595,2334.6,5.73,0.71,66.4,209.8,153.1,0,0.0,0.11,343.2,0.149,69.0,51.78,Secondary Exploration Zone
-81.5795,125.9807,1457.9,1.74,0.31,60.2,205.2,148.2,0,0.0,0.13,340.2,0.161,60.6,54.05,Spaceport / Landing Pad
-81.0032,112.5741,353.4,0.5,0.23,50.6,197.9,140.5,0,0.0,0.22,309.4,0.286,50.1,52.08,Spaceport / Landing Pad
-80.0,117.7342,1017.7,1.98,0.5,56.0,202.0,144.8,0,0.0,0.16,327.3,0.213,56.4,52.81,Spaceport / Landing Pad
-80.0,-133.5856,1178.2,0.92,0.29,58.0,203.5,146.4,0,0.0,0.17,332.8,0.191,58.0,53.89,Spaceport / Landing Pad
-83.6733,21.6444,903.5,13.55,1.2,49.4,197.1,139.5,0,0.0,0.16,314.5,0.265,55.3,27.18,Secondary Exploration Zone
-83.3405,121.2392,3144.2,8.97,0.92,72.4,214.3,157.9,0,0.0,0.22,340.5,0.16,76.8,47.69,Secondary Exploration Zone
-81.3226,-121.8094,1250.8,1.78,0.28,58.3,203.7,146.6,0,0.0,0.14,334.2,0.186,58.7,53.52,Spaceport / Landing Pad
-83.955,103.3925,1260.6,0.5,0.27,59.0,204.2,147.2,0,0.0,0.08,335.5,0.18,58.8,54.26,Spaceport / Landing Pad
-80.0,129.0257,1898.8,2.0,0.51,64.2,208.1,151.3,0,0.0,0.07,346.2,0.137,64.9,55.14,Spaceport / Landing Pad
-80.5498,-20.2249,1324.7,1.68,0.33,59.0,204.3,147.2,0,0.0,0.24,336.4,0.177,59.4,53.78,Spaceport / Landing Pad
-80.6797,150.611,435.4,0.67,0.39,51.2,198.4,141.0,0,0.0,0.1,311.6,0.277,50.9,52.22,Spaceport / Landing Pad
-83.1091,65.1707,615.8,2.07,0.25,52.2,199.2,141.8,0,0.0,0.24,315.6,0.261,52.6,51.77,Spaceport / Landing Pad
-82.0215,6.0441,836.1,1.81,0.43,54.4,200.8,143.5,0,0.0,0.34,322.2,0.234,54.7,52.51,Spaceport / Landing Pad
-81.6668,-4.4972,460.4,1.49,0.48,51.1,198.3,140.9,0,0.0,0.21,311.6,0.277,51.1,51.84,Spaceport / Landing Pad
-80.8305,104.7436,759.1,0.52,0.21,54.3,200.7,143.5,0,0.0,0.19,321.0,0.239,54.0,53.05,Spaceport / Landing Pad
-84.4416,49.0856,-2163.0,6.11,0.77,0.0,97.5,40.3,1,0.36,2.1,291.0,0.36,0.0,35.32,Secondary Exploration Zone
-84.6852,-59.3814,30.0,0.5,0.41,47.6,195.7,138.1,0,0.0,0.17,300.0,0.324,47.0,51.31,Spaceport / Landing Pad
-80.0,40.7636,1572.5,1.03,0.37,61.6,206.2,149.3,0,0.0,0.21,344.0,0.146,61.7,54.77,Spaceport / Landing Pad
-80.0,-140.3767,1191.8,1.61,0.46,57.8,203.4,146.2,0,0.0,0.11,332.6,0.192,58.1,53.51,Spaceport / Landing Pad
-83.6294,-79.0193,1125.9,0.71,0.45,57.6,203.2,146.1,0,0.0,0.22,331.4,0.197,57.5,53.85,Spaceport / Landing Pad
-80.0,-133.7127,1920.3,0.76,0.44,65.0,208.7,152.0,0,0.0,0.13,347.3,0.133,65.1,56.0,Spaceport / Landing Pad
-80.0,137.6324,1538.9,0.5,0.35,61.6,206.2,149.2,0,0.0,0.05,343.5,0.148,61.4,54.92,Spaceport / Landing Pad
-86.7531,-71.5651,625.4,0.96,0.3,52.9,199.7,142.3,0,0.0,0.09,316.8,0.256,52.7,52.54,Spaceport / Landing Pad
-84.8247,-50.856,648.3,1.73,0.49,52.7,199.5,142.2,0,0.0,0.09,316.8,0.256,52.9,52.12,Spaceport / Landing Pad
-82.6775,72.951,906.2,1.27,0.31,55.3,201.5,144.3,0,0.0,0.31,324.6,0.224,55.4,53.04,Spaceport / Landing Pad
-86.1356,127.1467,-252.6,5.33,0.64,42.6,192.0,134.1,0,0.0,0.12,291.6,0.358,44.3,45.42,Secondary Exploration Zone
-80.736,49.0856,830.3,1.12,0.44,54.7,201.0,143.8,0,0.0,0.24,322.6,0.232,54.6,52.95,Spaceport / Landing Pad
-82.5688,-147.308,173.1,0.5,0.35,48.9,196.7,139.1,0,0.0,0.09,304.2,0.307,48.3,51.65,Spaceport / Landing Pad
-80.524,-153.6874,1104.1,0.85,0.36,57.4,203.0,145.9,0,0.0,0.3,330.7,0.2,57.3,53.74,Spaceport / Landing Pad
-88.2045,-27.8973,2185.1,0.68,0.32,67.5,210.6,154.0,0,0.0,0.11,347.3,0.132,67.6,56.95,Spaceport / Landing Pad
-87.1657,107.2415,-475.5,13.9,1.19,0.0,49.6,38.2,1,0.24,1.53,284.6,0.386,0.0,12.97,Secondary Exploration Zone
-82.1448,-20.1576,1792.8,0.83,0.18,63.8,207.8,151.0,0,0.0,0.11,347.2,0.133,63.9,55.52,Spaceport / Landing Pad
-85.166,-79.992,1162.9,1.39,0.35,57.6,203.2,146.1,0,0.0,0.12,331.9,0.195,57.8,53.58,Spaceport / Landing Pad
-82.668,-121.4641,1115.7,1.96,0.24,56.9,202.7,145.5,0,0.0,0.18,330.1,0.202,57.4,53.06,Spaceport / Landing Pad
-83.7565,-58.4486,216.0,0.5,0.27,49.3,197.0,139.4,0,0.0,0.07,305.4,0.302,48.8,51.75,Spaceport / Landing Pad
-83.0037,45.0,1667.3,1.65,0.48,62.2,206.6,149.8,0,0.0,0.29,346.3,0.137,62.7,54.62,Spaceport / Landing Pad
-85.7903,-93.8141,1620.5,0.76,0.2,62.2,206.6,149.8,0,0.0,0.13,345.6,0.139,62.2,55.02,Spaceport / Landing Pad
-80.6127,-131.7755,1511.8,0.51,0.21,61.3,206.0,149.0,0,0.0,0.1,342.7,0.151,61.2,54.85,Spaceport / Landing Pad
-80.5867,-22.751,1714.8,2.28,0.3,62.3,206.8,149.9,0,0.0,0.16,346.0,0.138,63.1,54.27,Spaceport / Landing Pad
-81.0498,97.7921,842.2,1.14,0.2,54.8,201.1,143.8,0,0.0,0.29,322.9,0.231,54.8,52.96,Spaceport / Landing Pad
-80.7548,-125.1342,1725.6,0.5,0.21,63.3,207.5,150.6,0,0.0,0.14,347.5,0.132,63.2,55.42,Spaceport / Landing Pad
-80.0,-126.9728,1485.5,0.71,0.3,61.0,205.7,148.8,0,0.0,0.06,341.8,0.155,60.9,54.72,Spaceport / Landing Pad
-88.0199,-81.8699,865.9,0.5,0.42,55.3,201.5,144.3,0,0.0,0.1,324.1,0.226,55.0,53.31,Spaceport / Landing Pad
-84.4542,-133.6361,1965.6,0.52,0.14,65.5,209.1,152.4,0,0.0,0.06,347.5,0.132,65.5,56.25,Spaceport / Landing Pad
-80.3527,-151.6992,942.8,0.5,0.36,56.0,202.0,144.8,0,0.0,0.12,326.3,0.217,55.7,53.49,Spaceport / Landing Pad
-80.6275,-45.0,1754.1,1.08,0.23,63.3,207.5,150.6,0,0.0,0.24,347.0,0.134,63.5,55.27,Spaceport / Landing Pad
-83.1091,28.3008,1802.0,1.94,0.35,63.3,207.5,150.6,0,0.0,0.24,346.3,0.136,63.9,54.85,Spaceport / Landing Pad
-80.0,-45.7162,1276.1,0.67,0.26,59.0,204.3,147.2,0,0.0,0.05,335.8,0.179,58.9,54.23,Spaceport / Landing Pad
-85.0099,7.5238,-3183.5,4.54,0.67,0.0,83.9,43.1,1,0.878,4.86,292.3,0.355,0.0,48.1,ISRU Cryogenic Mining Outpost
-83.3249,110.4623,1277.9,1.62,0.38,58.6,204.0,146.9,0,0.0,0.3,335.1,0.182,58.9,53.71,Spaceport / Landing Pad
-87.0218,-57.8043,869.5,1.88,0.29,54.7,201.0,143.8,0,0.0,0.11,323.1,0.23,55.0,52.54,Spaceport / Landing Pad
-82.9244,-30.9638,1300.3,0.5,0.27,59.3,204.5,147.5,0,0.0,0.18,336.6,0.176,59.1,54.35,Spaceport / Landing Pad
-85.604,-86.3478,1446.2,1.41,0.37,60.3,205.2,148.2,0,0.0,0.28,340.1,0.162,60.5,54.25,Spaceport / Landing Pad
-83.8578,143.6525,1101.0,1.28,0.24,57.1,202.8,145.7,0,0.0,0.07,330.3,0.201,57.2,53.51,Spaceport / Landing Pad
-80.861,-145.823,862.0,0.5,0.41,55.3,201.5,144.2,0,0.0,0.18,324.0,0.227,54.9,53.3,Spaceport / Landing Pad
-85.7491,70.7693,1021.3,16.3,1.44,49.2,196.9,139.3,0,0.0,0.25,315.6,0.261,56.5,22.18,Secondary Exploration Zone
-81.4399,-152.0378,756.7,1.09,0.34,54.0,200.5,143.2,0,0.0,0.21,320.5,0.241,53.9,52.79,Spaceport / Landing Pad
-80.6053,-154.708,1172.4,0.65,0.33,58.1,203.6,146.5,0,0.0,0.07,332.8,0.191,57.9,53.99,Spaceport / Landing Pad
-81.3186,-53.7462,939.8,1.48,0.48,55.5,201.7,144.4,0,0.0,0.31,325.4,0.221,55.7,52.99,Spaceport / Landing Pad
-80.0,138.4893,1447.9,0.59,0.31,60.7,205.5,148.5,0,0.0,0.05,340.8,0.159,60.6,54.67,Spaceport / Landing Pad
-80.0,41.6726,1025.6,1.69,0.32,56.2,202.2,145.0,0,0.0,0.26,327.7,0.212,56.5,53.05,Spaceport / Landing Pad
-87.5767,164.3578,321.1,0.8,0.24,50.1,197.6,140.1,0,0.0,0.13,308.2,0.291,49.8,51.89,Spaceport / Landing Pad
-80.0,43.6521,1036.2,1.83,0.41,56.3,202.2,145.0,0,0.0,0.22,327.9,0.211,56.6,52.97,Spaceport / Landing Pad
-82.7396,-8.1301,501.5,2.18,0.5,51.1,198.4,140.9,0,0.0,0.29,312.2,0.274,51.5,51.4,Spaceport / Landing Pad
-83.5533,-124.3803,1887.5,2.11,0.37,64.0,208.0,151.2,0,0.0,0.2,346.2,0.137,64.8,55.01,Spaceport / Landing Pad
-84.5877,-147.6804,1557.3,1.01,0.29,61.5,206.1,149.2,0,0.0,0.31,343.6,0.147,61.6,54.75,Spaceport / Landing Pad
-82.8607,-48.1798,1522.7,2.7,0.46,60.4,205.3,148.3,0,0.0,0.1,341.2,0.157,61.3,53.36,Spaceport / Landing Pad
-80.1986,70.5297,1674.8,1.79,0.34,62.2,206.7,149.8,0,0.0,0.25,346.4,0.136,62.7,54.54,Spaceport / Landing Pad
-81.3791,146.482,775.4,1.49,0.26,54.0,200.5,143.2,0,0.0,0.22,320.7,0.24,54.1,52.59,Spaceport / Landing Pad
-80.8381,-171.2095,1171.4,0.5,0.34,58.2,203.6,146.5,0,0.0,0.1,332.9,0.191,57.9,54.04,Spaceport / Landing Pad
-80.4216,74.7449,2246.7,1.03,0.42,67.9,210.9,154.3,0,0.0,0.32,347.0,0.133,68.2,57.01,Spaceport / Landing Pad
-81.5506,106.0323,661.0,1.06,0.32,53.2,199.9,142.5,0,0.0,0.24,317.8,0.252,53.0,52.58,Spaceport / Landing Pad
-85.6278,106.1134,2778.9,3.79,0.4,71.5,213.6,157.2,0,0.0,0.15,344.8,0.143,73.3,56.3,Secondary Exploration Zone
-82.3198,73.7676,1251.5,2.06,0.52,58.1,203.6,146.5,0,0.0,0.15,333.9,0.186,58.7,53.3,Spaceport / Landing Pad
-81.5919,157.1355,389.1,1.27,0.42,50.5,197.9,140.4,0,0.0,0.33,309.7,0.284,50.4,51.81,Spaceport / Landing Pad
-88.7547,-77.0054,956.4,1.4,0.42,55.7,201.8,144.6,0,0.0,0.33,326.0,0.219,55.8,53.08,Spaceport / Landing Pad
-81.2586,59.8757,1214.4,2.26,0.35,57.7,203.3,146.2,0,0.0,0.32,332.7,0.191,58.3,53.04,Spaceport / Landing Pad
-80.5867,-149.6209,899.3,0.5,0.41,55.6,201.7,144.5,0,0.0,0.15,325.1,0.222,55.3,53.39,Spaceport / Landing Pad
-86.535,-62.7447,473.4,1.18,0.39,51.4,198.5,141.1,0,0.0,0.21,312.3,0.274,51.2,52.06,Spaceport / Landing Pad
-81.5258,-40.5328,1851.4,0.69,0.31,64.4,208.3,151.5,0,0.0,0.16,347.3,0.132,64.4,55.79,Spaceport / Landing Pad
-82.2385,-3.4474,140.1,0.51,0.25,48.6,196.4,138.9,0,0.0,0.31,303.2,0.311,48.0,51.57,Spaceport / Landing Pad
-83.9666,145.0806,1182.0,1.26,0.48,57.9,203.4,146.3,0,0.0,0.28,332.6,0.192,58.0,53.71,Spaceport / Landing Pad
-80.3744,70.1593,1750.2,1.89,0.45,62.9,207.1,150.3,0,0.0,0.19,346.3,0.136,63.4,54.72,Spaceport / Landing Pad
-87.5767,-15.6422,2078.9,0.89,0.38,66.4,209.8,153.1,0,0.0,0.32,347.2,0.133,66.6,56.49,Spaceport / Landing Pad
-80.7473,87.1087,1201.8,1.63,0.32,57.9,203.4,146.3,0,0.0,0.28,332.9,0.191,58.2,53.52,Spaceport / Landing Pad
-80.7888,-70.4633,2000.9,0.83,0.17,65.7,209.3,152.5,0,0.0,0.21,347.2,0.133,65.8,56.25,Spaceport / Landing Pad
-84.2687,-163.9264,1705.1,0.93,0.43,62.9,207.2,150.3,0,0.0,0.14,347.1,0.133,63.0,55.17,Spaceport / Landing Pad
-87.069,9.1623,-1707.0,6.38,0.59,0.0,95.7,51.5,1,0.76,4.13,290.8,0.361,0.0,42.85,ISRU Cryogenic Mining Outpost
-81.1006,-65.8545,1920.1,1.7,0.31,64.5,208.4,151.6,0,0.0,0.26,346.5,0.136,65.1,55.45,Spaceport / Landing Pad
-84.9405,-127.5041,1876.9,1.34,0.4,64.3,208.2,151.4,0,0.0,0.22,346.8,0.134,64.7,55.54,Spaceport / Landing Pad
-82.668,-58.5359,603.1,0.59,0.25,52.8,199.6,142.3,0,0.0,0.29,316.5,0.257,52.5,52.65,Spaceport / Landing Pad
-80.0,131.8892,1383.8,1.08,0.42,59.8,204.9,147.9,0,0.0,0.07,338.6,0.168,59.9,54.3,Spaceport / Landing Pad
-81.6501,174.2257,1965.9,1.28,0.45,65.1,208.9,152.1,0,0.0,0.12,346.8,0.134,65.5,55.89,Spaceport / Landing Pad
-82.1848,172.4506,2090.1,0.93,0.25,66.5,209.8,153.2,0,0.0,0.17,347.1,0.133,66.7,56.51,Spaceport / Landing Pad
-81.9433,-10.008,507.2,0.69,0.33,51.9,198.9,141.5,0,0.0,0.1,313.6,0.269,51.5,52.38,Spaceport / Landing Pad
-84.5237,-60.3763,28.7,0.56,0.41,47.5,195.6,138.0,0,0.0,0.23,300.0,0.324,47.0,51.29,Spaceport / Landing Pad
-80.0,33.5507,1764.1,1.72,0.25,63.1,207.3,150.4,0,0.0,0.1,346.5,0.136,63.6,54.89,Spaceport / Landing Pad
-84.3299,-32.9052,1092.3,0.67,0.41,57.3,203.0,145.9,0,0.0,0.11,330.5,0.2,57.1,53.79,Spaceport / Landing Pad
-83.6623,-9.3236,1429.1,5.96,0.65,57.9,203.4,146.3,0,0.0,0.27,335.9,0.179,60.4,48.49,Secondary Exploration Zone
-82.3425,135.9878,432.5,0.66,0.38,51.2,198.4,141.0,0,0.0,0.06,311.5,0.277,50.8,52.21,Spaceport / Landing Pad
-80.0,-44.3338,1032.7,0.5,0.19,56.9,202.7,145.5,0,0.0,0.2,328.9,0.207,56.6,53.71,Spaceport / Landing Pad
-80.8992,-21.0375,1648.8,1.5,0.28,62.1,206.6,149.7,0,0.0,0.32,345.9,0.138,62.5,54.68,Spaceport / Landing Pad
-85.1086,41.9059,-632.4,8.93,0.73,37.4,188.0,129.9,0,0.0,0.33,288.7,0.37,40.6,36.6,Secondary Exploration Zone
-87.0335,-65.8545,657.9,1.09,0.19,53.1,199.8,142.5,0,0.0,0.27,317.6,0.252,53.0,52.55,Spaceport / Landing Pad
-80.0,-30.0686,1754.1,1.25,0.42,63.2,207.4,150.6,0,0.0,0.12,346.9,0.134,63.5,55.17,Spaceport / Landing Pad
-83.9781,18.9967,-1366.1,9.13,0.79,30.5,182.9,124.4,0,0.0,0.17,288.5,0.37,33.6,33.56,Secondary Exploration Zone
-80.0679,-49.5739,1148.8,1.81,0.23,57.3,203.0,145.9,0,0.0,0.08,331.2,0.198,57.7,53.25,Spaceport / Landing Pad
-85.4405,-112.8906,1508.9,0.51,0.23,61.3,206.0,149.0,0,0.0,0.08,342.6,0.151,61.1,54.85,Spaceport / Landing Pad
-81.2069,-142.7652,866.5,0.7,0.42,55.2,201.4,144.2,0,0.0,0.31,324.0,0.227,55.0,53.24,Spaceport / Landing Pad
-82.9738,-160.6022,1080.5,2.55,0.44,56.3,202.2,145.1,0,0.0,0.09,328.6,0.208,57.0,52.45,Spaceport / Landing Pad
-83.9148,110.6589,2576.0,3.95,0.61,69.5,212.1,155.6,0,0.0,0.21,344.6,0.143,71.4,55.38,Secondary Exploration Zone
-80.0,122.3914,1917.4,1.59,0.47,64.5,208.4,151.6,0,0.0,0.09,346.6,0.135,65.0,55.52,Spaceport / Landing Pad
-80.2092,48.8655,952.3,0.93,0.36,55.9,201.9,144.7,0,0.0,0.25,326.3,0.218,55.8,53.34,Spaceport / Landing Pad
-85.4405,22.8906,496.2,9.72,1.04,47.5,195.6,138.0,0,0.0,0.15,305.9,0.3,51.4,37.84,Secondary Exploration Zone
-83.1344,7.0284,-792.8,16.27,1.33,32.4,184.3,125.9,0,0.0,0.07,282.6,0.394,39.1,17.11,Secondary Exploration Zone
-82.0873,-72.8476,1739.3,1.0,0.22,63.2,207.4,150.5,0,0.0,0.28,347.1,0.133,63.3,55.26,Spaceport / Landing Pad
-80.0,134.3905,1253.9,0.54,0.41,58.9,204.2,147.1,0,0.0,0.34,335.3,0.181,58.7,54.23,Spaceport / Landing Pad
-81.2228,122.8451,1608.0,0.5,0.32,62.2,206.7,149.8,0,0.0,0.21,345.5,0.14,62.1,55.09,Spaceport / Landing Pad
-83.9263,2.6425,-2945.8,4.61,0.65,0.0,81.7,64.4,1,0.441,2.54,292.2,0.355,0.0,39.28,ISRU Cryogenic Mining Outpost
-84.3607,65.556,1056.6,2.64,0.56,56.1,202.0,144.8,0,0.0,0.19,327.9,0.211,56.8,52.3,Spaceport / Landing Pad
-84.0891,68.7026,338.5,1.81,0.51,49.8,197.4,139.8,0,0.0,0.31,307.8,0.292,49.9,51.32,Spaceport / Landing Pad
-82.234,13.2011,1271.1,1.72,0.4,58.5,203.9,146.8,0,0.0,0.09,334.8,0.183,58.9,53.62,Spaceport / Landing Pad
-80.7888,70.4633,2033.4,1.44,0.49,65.7,209.3,152.6,0,0.0,0.11,346.7,0.135,66.2,56.03,Spaceport / Landing Pad
-80.0,-135.6366,1854.3,0.62,0.26,64.4,208.3,151.5,0,0.0,0.25,347.4,0.132,64.4,55.83,Spaceport / Landing Pad
-80.0,38.2902,1228.4,2.02,0.51,58.0,203.5,146.4,0,0.0,0.28,333.3,0.189,58.5,53.28,Spaceport / Landing Pad
-81.9736,8.6955,1076.9,1.71,0.22,56.7,202.5,145.4,0,0.0,0.05,329.2,0.206,57.0,53.16,Spaceport / Landing Pad
-80.0434,-38.9115,1196.7,0.69,0.4,58.3,203.7,146.6,0,0.0,0.35,333.5,0.188,58.1,54.03,Spaceport / Landing Pad
-81.2786,47.6026,1076.1,1.21,0.27,56.9,202.7,145.5,0,0.0,0.27,329.6,0.204,57.0,53.48,Spaceport / Landing Pad
-80.096,66.0923,1144.1,0.67,0.15,57.8,203.4,146.3,0,0.0,0.26,332.0,0.194,57.6,53.91,Spaceport / Landing Pad
-85.8068,-163.1786,585.4,0.98,0.33,52.5,199.4,142.0,0,0.0,0.27,315.6,0.261,52.3,52.44,Spaceport / Landing Pad
-86.9524,-117.3499,1669.9,0.96,0.46,62.6,206.9,150.0,0,0.0,0.34,346.9,0.134,62.7,55.04,Spaceport / Landing Pad
-80.0995,118.7398,1179.5,1.72,0.37,57.6,203.2,146.1,0,0.0,0.28,332.2,0.194,58.0,53.4,Spaceport / Landing Pad
-85.1015,30.9638,1333.6,5.04,0.67,57.5,203.1,146.0,0,0.0,0.27,333.9,0.187,59.5,49.83,Secondary Exploration Zone
-82.9096,-16.049,1401.1,1.29,0.45,59.9,204.9,147.9,0,0.0,0.3,338.9,0.166,60.1,54.22,Spaceport / Landing Pad
-80.7135,39.2894,1446.4,0.96,0.32,60.5,205.4,148.4,0,0.0,0.26,340.5,0.16,60.5,54.51,Spaceport / Landing Pad
-84.7979,80.7067,1166.8,0.58,0.32,58.1,203.6,146.5,0,0.0,0.22,332.7,0.191,57.9,54.0,Spaceport / Landing Pad
-83.8578,-53.6525,514.6,2.39,0.41,51.2,198.4,140.9,0,0.0,0.28,312.4,0.274,51.6,51.24,Spaceport / Landing Pad
-83.8465,112.2856,2820.5,6.27,0.83,70.7,213.0,156.5,0,0.0,0.19,342.7,0.151,73.7,52.48,Secondary Exploration Zone
-85.8319,124.0459,-868.4,3.94,0.38,0.0,63.5,64.8,1,0.427,2.51,292.8,0.353,0.0,39.86,ISRU Cryogenic Mining Outpost
-85.8654,-118.3008,1441.2,0.5,0.15,60.7,205.5,148.5,0,0.0,0.14,340.7,0.159,60.5,54.69,Spaceport / Landing Pad
-83.712,-5.9645,681.2,13.64,1.27,47.3,195.5,137.8,0,0.0,0.12,308.0,0.292,53.2,26.34,Secondary Exploration Zone
-81.5135,-29.6667,1856.5,1.12,0.18,64.2,208.2,151.4,0,0.0,0.21,347.0,0.134,64.5,55.6,Spaceport / Landing Pad
-82.0259,-38.3456,1756.6,0.89,0.39,63.4,207.5,150.7,0,0.0,0.21,347.2,0.133,63.5,55.37,Spaceport / Landing Pad
-82.668,58.5359,1284.3,1.47,0.43,58.7,204.1,147.0,0,0.0,0.32,335.4,0.181,59.0,53.83,Spaceport / Landing Pad
-86.4261,-139.2364,959.5,0.89,0.3,56.0,202.0,144.8,0,0.0,0.19,326.5,0.217,55.9,53.38,Spaceport / Landing Pad
-81.9693,70.3014,1743.5,1.97,0.38,62.8,207.1,150.2,0,0.0,0.3,346.3,0.137,63.4,54.63,Spaceport / Landing Pad
-82.1005,-144.6197,298.9,1.15,0.33,49.7,197.3,139.8,0,0.0,0.2,307.2,0.295,49.6,51.66,Spaceport / Landing Pad
-80.0,128.2902,2017.7,1.14,0.32,65.7,209.3,152.6,0,0.0,0.29,347.0,0.134,66.0,56.15,Spaceport / Landing Pad
-84.3299,-57.0948,143.6,0.75,0.38,48.5,196.4,138.8,0,0.0,0.32,303.1,0.311,48.1,51.48,Spaceport / Landing Pad
-83.0286,63.778,737.4,2.33,0.34,53.3,199.9,142.6,0,0.0,0.33,318.9,0.247,53.8,51.84,Spaceport / Landing Pad
-85.2313,-40.2364,1345.4,0.5,0.38,59.8,204.8,147.8,0,0.0,0.13,337.9,0.17,59.6,54.46,Spaceport / Landing Pad
-80.7586,-89.4213,1649.4,1.21,0.4,62.2,206.7,149.8,0,0.0,0.23,346.1,0.137,62.5,54.86,Spaceport / Landing Pad
-80.0,48.7723,227.6,0.5,0.38,49.4,197.1,139.5,0,0.0,0.06,305.7,0.301,48.9,51.78,Spaceport / Landing Pad
-80.9069,58.431,863.5,1.2,0.27,55.0,201.2,144.0,0,0.0,0.29,323.5,0.229,55.0,52.98,Spaceport / Landing Pad
-86.5149,-172.3039,832.3,0.65,0.44,54.9,201.2,144.0,0,0.0,0.33,323.0,0.231,54.7,53.18,Spaceport / Landing Pad
-80.8078,-80.0594,1587.1,0.5,0.36,62.0,206.5,149.6,0,0.0,0.24,344.9,0.142,61.9,55.04,Spaceport / Landing Pad
-81.2586,149.8757,527.8,0.65,0.22,52.1,199.1,141.7,0,0.0,0.35,314.3,0.266,51.7,52.44,Spaceport / Landing Pad
-80.0,-124.6337,1489.5,0.53,0.3,61.1,205.8,148.9,0,0.0,0.15,342.1,0.154,61.0,54.79,Spaceport / Landing Pad
-80.0,54.2299,929.2,0.5,0.41,55.9,201.9,144.7,0,0.0,0.11,325.9,0.219,55.6,53.46,Spaceport / Landing Pad
-80.0679,-49.5739,1148.8,1.81,0.23,57.3,203.0,145.9,0,0.0,0.08,331.2,0.198,57.7,53.25,Spaceport / Landing Pad
-85.9852,-125.5377,1296.2,0.5,0.17,59.3,204.5,147.4,0,0.0,0.31,336.5,0.176,59.1,54.34,Spaceport / Landing Pad
-81.0148,55.1543,799.8,1.14,0.47,54.4,200.8,143.5,0,0.0,0.1,321.7,0.236,54.3,52.87,Spaceport / Landing Pad
-82.1937,138.8785,469.3,0.57,0.42,51.6,198.7,141.3,0,0.0,0.08,312.6,0.273,51.2,52.34,Spaceport / Landing Pad
-80.0,129.1605,1882.4,1.51,0.41,64.3,208.2,151.4,0,0.0,0.27,346.7,0.135,64.7,55.46,Spaceport / Landing Pad
-82.3107,-123.1113,890.7,1.03,0.19,55.3,201.5,144.2,0,0.0,0.27,324.4,0.225,55.2,53.14,Spaceport / Landing Pad
-88.3672,149.0362,296.5,0.97,0.32,49.8,197.4,139.9,0,0.0,0.32,307.3,0.294,49.5,51.75,Spaceport / Landing Pad
-83.2728,-119.0546,1830.4,2.37,0.49,63.4,207.5,150.7,0,0.0,0.35,345.9,0.138,64.2,54.59,Spaceport / Landing Pad
-80.8572,139.9697,785.4,0.5,0.4,54.6,200.9,143.7,0,0.0,0.12,321.8,0.236,54.2,53.12,Spaceport / Landing Pad
-82.7637,-96.6667,1357.8,0.89,0.21,59.7,204.8,147.8,0,0.0,0.31,338.0,0.17,59.7,54.33,Spaceport / Landing Pad
-82.9689,-84.6678,826.0,0.56,0.15,54.9,201.2,143.9,0,0.0,0.19,322.9,0.231,54.6,53.19,Spaceport / Landing Pad
-81.0576,-36.5111,1532.4,0.5,0.29,61.5,206.1,149.2,0,0.0,0.12,343.3,0.148,61.4,54.91,Spaceport / Landing Pad
-80.0,43.768,597.8,0.99,0.33,52.6,199.4,142.1,0,0.0,0.27,316.0,0.259,52.4,52.46,Spaceport / Landing Pad
-80.096,-46.5275,1499.0,0.57,0.23,61.2,205.9,148.9,0,0.0,0.12,342.3,0.153,61.0,54.8,Spaceport / Landing Pad
-81.1398,101.5467,926.2,0.5,0.43,55.9,201.9,144.7,0,0.0,0.08,325.9,0.219,55.6,53.46,Spaceport / Landing Pad
-80.0,43.0021,960.3,1.25,0.34,55.8,201.9,144.7,0,0.0,0.13,326.2,0.218,55.9,53.18,Spaceport / Landing Pad
-81.5795,-148.6005,611.5,0.82,0.45,52.8,199.6,142.2,0,0.0,0.26,316.5,0.257,52.5,52.57,Spaceport / Landing Pad
-84.9474,78.2749,1080.9,0.5,0.4,57.3,203.0,145.9,0,0.0,0.08,330.3,0.201,57.0,53.83,Spaceport / Landing Pad
-80.0,58.4957,785.0,0.85,0.2,54.4,200.8,143.5,0,0.0,0.06,321.5,0.237,54.2,52.98,Spaceport / Landing Pad
-86.1627,-85.8151,1424.7,1.73,0.35,59.9,204.9,147.9,0,0.0,0.12,339.2,0.165,60.3,53.98,Spaceport / Landing Pad
-82.7733,54.4623,1350.8,1.65,0.23,59.3,204.4,147.4,0,0.0,0.27,337.1,0.174,59.6,53.86,Spaceport / Landing Pad
-81.0576,-143.4889,881.7,0.5,0.39,55.5,201.6,144.4,0,0.0,0.16,324.6,0.224,55.1,53.35,Spaceport / Landing Pad
-81.4685,143.0047,772.8,0.7,0.24,54.4,200.8,143.5,0,0.0,0.3,321.3,0.238,54.1,53.01,Spaceport / Landing Pad
-87.6202,154.44,226.2,0.5,0.31,49.4,197.0,139.5,0,0.0,0.3,305.7,0.301,48.9,51.78,Spaceport / Landing Pad
-85.9506,64.0256,828.1,8.99,0.93,50.9,198.2,140.7,0,0.0,0.07,316.0,0.259,54.6,40.49,Secondary Exploration Zone
-80.0,138.4064,1521.5,0.5,0.15,61.4,206.0,149.1,0,0.0,0.26,343.0,0.15,61.3,54.88,Spaceport / Landing Pad
-84.5685,-109.0577,1710.0,1.47,0.21,62.7,207.0,150.1,0,0.0,0.13,346.7,0.135,63.1,54.88,Spaceport / Landing Pad
-80.8496,18.4349,999.6,0.8,0.43,56.4,202.3,145.1,0,0.0,0.2,327.7,0.212,56.3,53.51,Spaceport / Landing Pad
-81.9476,-55.3889,830.7,0.52,0.3,55.0,201.2,144.0,0,0.0,0.08,323.1,0.23,54.6,53.22,Spaceport / Landing Pad
-81.1202,-123.8571,1502.8,2.25,0.27,60.4,205.3,148.3,0,0.0,0.32,341.0,0.158,61.1,53.74,Spaceport / Landing Pad
-81.6878,178.0694,1825.7,2.07,0.3,63.5,207.6,150.8,0,0.0,0.23,346.2,0.137,64.2,54.83,Spaceport / Landing Pad
-80.0,-44.3905,1068.0,1.33,0.37,56.8,202.6,145.4,0,0.0,0.06,329.3,0.205,56.9,53.4,Spaceport / Landing Pad
-83.4301,157.4428,1176.6,0.98,0.36,58.0,203.5,146.4,0,0.0,0.32,332.7,0.192,58.0,53.85,Spaceport / Landing Pad
-82.959,-165.4111,1529.4,2.21,0.44,60.6,205.5,148.5,0,0.0,0.09,341.8,0.155,61.3,53.84,Spaceport / Landing Pad
-84.9405,-142.4959,1515.8,0.92,0.34,61.1,205.9,148.9,0,0.0,0.13,342.5,0.152,61.2,54.69,Spaceport / Landing Pad
-82.6632,-53.2759,913.0,2.12,0.43,55.0,201.2,144.0,0,0.0,0.12,324.1,0.226,55.4,52.44,Spaceport / Landing Pad
-86.8512,-168.0239,859.6,0.74,0.32,55.1,201.4,144.1,0,0.0,0.18,323.7,0.228,54.9,53.21,Spaceport / Landing Pad
-88.5968,93.8141,1570.4,0.5,0.38,61.9,206.4,149.5,0,0.0,0.26,344.4,0.144,61.7,55.0,Spaceport / Landing Pad
-84.2143,72.1497,597.6,1.35,0.48,52.4,199.3,141.9,0,0.0,0.1,315.7,0.26,52.4,52.26,Spaceport / Landing Pad
-81.2347,-7.9575,658.0,1.01,0.41,53.1,199.9,142.5,0,0.0,0.29,317.7,0.252,53.0,52.59,Spaceport / Landing Pad
-80.8305,128.3865,1298.6,1.97,0.25,58.6,204.0,146.9,0,0.0,0.33,335.4,0.181,59.1,53.49,Spaceport / Landing Pad
-80.0189,-24.8874,1627.8,1.73,0.49,61.8,206.3,149.4,0,0.0,0.11,345.1,0.141,62.3,54.47,Spaceport / Landing Pad
-85.2459,46.5911,-2017.9,5.94,0.67,0.0,91.9,46.6,1,0.548,3.14,291.1,0.36,0.0,39.38,ISRU Cryogenic Mining Outpost
-80.8078,80.0594,2179.1,1.71,0.42,66.9,210.2,153.5,0,0.0,0.11,346.5,0.136,67.6,56.34,Spaceport / Landing Pad
-82.4111,-94.9392,1340.5,0.5,0.28,59.7,204.8,147.8,0,0.0,0.18,337.8,0.171,59.5,54.45,Spaceport / Landing Pad
-80.3925,-122.3004,1747.0,1.05,0.33,63.2,207.4,150.6,0,0.0,0.27,347.0,0.133,63.4,55.26,Spaceport / Landing Pad
-84.2627,-68.0255,503.9,1.92,0.48,51.3,198.5,141.0,0,0.0,0.13,312.5,0.273,51.5,51.62,Spaceport / Landing Pad
-83.6239,-72.0956,1123.9,1.86,0.39,57.1,202.8,145.6,0,0.0,0.09,330.4,0.201,57.5,53.16,Spaceport / Landing Pad
-82.2655,17.5603,1596.6,0.99,0.41,61.9,206.4,149.5,0,0.0,0.13,344.8,0.143,62.0,54.85,Spaceport / Landing Pad
-83.1395,-33.9063,1331.8,1.06,0.23,59.4,204.5,147.5,0,0.0,0.17,337.1,0.174,59.4,54.18,Spaceport / Landing Pad
-80.3599,-133.4306,1328.6,0.96,0.36,59.4,204.5,147.5,0,0.0,0.16,337.1,0.174,59.4,54.23,Spaceport / Landing Pad
-80.0819,-125.0362,1698.9,0.72,0.27,62.9,207.2,150.3,0,0.0,0.29,347.3,0.132,63.0,55.25,Spaceport / Landing Pad
-80.7813,-164.1343,1450.6,1.8,0.34,60.1,205.1,148.1,0,0.0,0.33,339.9,0.162,60.6,53.99,Spaceport / Landing Pad
-82.6632,143.2759,800.5,1.16,0.31,54.4,200.8,143.5,0,0.0,0.22,321.7,0.236,54.4,52.86,Spaceport / Landing Pad
-83.1853,166.5348,1187.0,0.5,0.4,58.3,203.7,146.6,0,0.0,0.29,333.4,0.189,58.1,54.08,Spaceport / Landing Pad
-82.9937,-2.2906,557.0,7.23,0.68,49.2,196.9,139.4,0,0.0,0.27,309.7,0.285,52.0,43.91,Secondary Exploration Zone
-88.5968,-93.8141,784.7,0.5,0.23,54.6,200.9,143.7,0,0.0,0.29,321.8,0.236,54.2,53.12,Spaceport / Landing Pad
-82.4988,163.369,936.0,0.95,0.41,55.8,201.8,144.6,0,0.0,0.16,325.8,0.22,55.7,53.29,Spaceport / Landing Pad
-81.8958,-147.2251,393.1,1.23,0.44,50.6,197.9,140.5,0,0.0,0.21,309.9,0.284,50.5,51.84,Spaceport / Landing Pad
-80.0,115.8519,682.7,0.78,0.28,53.5,200.1,142.8,0,0.0,0.23,318.6,0.249,53.2,52.76,Spaceport / Landing Pad
-83.8126,56.0702,1181.6,9.12,0.83,54.1,200.6,143.3,0,0.0,0.06,326.1,0.218,58.0,41.04,Secondary Exploration Zone
-86.5149,-7.6961,1407.8,1.79,0.35,59.7,204.8,147.8,0,0.0,0.32,338.7,0.167,60.2,53.89,Spaceport / Landing Pad
-87.9507,-59.9314,1163.7,1.91,0.46,57.4,203.1,145.9,0,0.0,0.23,331.5,0.196,57.8,53.22,Spaceport / Landing Pad
-84.2992,92.8156,1392.4,0.5,0.17,60.2,205.2,148.2,0,0.0,0.23,339.3,0.165,60.0,54.57,Spaceport / Landing Pad
-80.0,-135.5846,1311.2,1.7,0.31,58.9,204.2,147.1,0,0.0,0.2,336.0,0.178,59.2,53.73,Spaceport / Landing Pad
-87.478,38.991,-556.1,13.22,1.18,36.0,187.0,128.8,0,0.0,0.1,285.1,0.384,41.4,24.34,Secondary Exploration Zone
-83.3878,41.5664,1445.4,2.46,0.29,59.8,204.8,147.8,0,0.0,0.2,339.2,0.165,60.5,53.42,Spaceport / Landing Pad
-85.4176,-146.6336,1037.3,1.3,0.46,56.5,202.4,145.2,0,0.0,0.29,328.4,0.209,56.6,53.34,Spaceport / Landing Pad
-81.5547,-69.9628,1985.2,0.5,0.29,65.7,209.3,152.6,0,0.0,0.17,347.5,0.132,65.7,56.33,Spaceport / Landing Pad
-86.1718,91.3972,3338.7,7.03,0.84,75.1,216.3,160.1,0,0.0,0.08,342.1,0.153,78.7,52.77,Secondary Exploration Zone
-81.0265,-161.1881,1290.1,1.4,0.49,58.8,204.1,147.1,0,0.0,0.1,335.6,0.18,59.0,53.89,Spaceport / Landing Pad
-85.8993,-41.3086,1418.5,1.17,0.4,60.1,205.1,148.1,0,0.0,0.34,339.5,0.164,60.3,54.33,Spaceport / Landing Pad
-87.0335,-12.7244,1698.7,1.36,0.47,62.6,207.0,150.1,0,0.0,0.27,346.8,0.135,63.0,54.91,Spaceport / Landing Pad
-84.3793,144.4623,1634.7,5.17,0.64,60.2,205.2,148.2,0,0.0,0.25,342.4,0.152,62.3,50.35,Secondary Exploration Zone
-87.8674,156.8014,174.4,0.5,0.23,48.9,196.7,139.1,0,0.0,0.3,304.2,0.307,48.4,51.65,Spaceport / Landing Pad
-83.5967,-30.6773,1074.0,0.97,0.37,57.0,202.8,145.6,0,0.0,0.08,329.7,0.204,57.0,53.61,Spaceport / Landing Pad
-81.2228,122.8451,1608.0,0.5,0.32,62.2,206.7,149.8,0,0.0,0.21,345.5,0.14,62.1,55.09,Spaceport / Landing Pad
-80.0,-140.7824,657.4,0.5,0.18,53.4,200.0,142.7,0,0.0,0.3,318.1,0.251,53.0,52.81,Spaceport / Landing Pad
-84.5047,110.8978,695.6,6.09,0.7,51.1,198.3,140.8,0,0.0,0.24,314.6,0.265,53.4,46.49,Secondary Exploration Zone
-85.1949,-155.9245,1006.2,2.03,0.44,55.9,201.9,144.7,0,0.0,0.2,326.9,0.215,56.3,52.74,Spaceport / Landing Pad
-80.4471,-56.1547,598.9,0.61,0.26,52.8,199.6,142.2,0,0.0,0.07,316.3,0.258,52.4,52.63,Spaceport / Landing Pad
-81.9954,-58.3487,790.3,0.5,0.14,54.6,201.0,143.7,0,0.0,0.14,321.9,0.235,54.3,53.13,Spaceport / Landing Pad
-80.0854,138.0529,1007.5,1.2,0.31,56.3,202.2,145.0,0,0.0,0.16,327.6,0.212,56.3,53.33,Spaceport / Landing Pad
-80.0,47.2026,1222.6,1.59,0.22,58.1,203.6,146.5,0,0.0,0.16,333.5,0.188,58.4,53.6,Spaceport / Landing Pad
-80.0,47.1476,1212.6,0.75,0.19,58.4,203.8,146.7,0,0.0,0.09,333.9,0.187,58.3,54.05,Spaceport / Landing Pad
-86.1992,65.3231,1071.9,5.07,0.64,55.0,201.3,144.0,0,0.0,0.33,326.3,0.217,57.0,49.15,Secondary Exploration Zone
-87.3303,36.4692,879.6,13.16,1.22,49.4,197.0,139.5,0,0.0,0.27,314.1,0.267,55.1,28.44,Secondary Exploration Zone
-85.1588,-146.0035,1259.5,0.87,0.37,58.8,204.1,147.0,0,0.0,0.33,335.2,0.182,58.7,54.1,Spaceport / Landing Pad
-80.3166,17.387,828.3,1.08,0.4,54.7,201.0,143.8,0,0.0,0.19,322.6,0.233,54.6,52.97,Spaceport / Landing Pad
-84.4479,-106.607,1617.5,1.46,0.49,61.8,206.4,149.5,0,0.0,0.31,345.0,0.142,62.2,54.63,Spaceport / Landing Pad
-86.2827,-51.1155,916.4,2.23,0.48,55.0,201.2,144.0,0,0.0,0.06,324.1,0.226,55.5,52.35,Spaceport / Landing Pad
-82.9838,-86.1859,801.5,0.5,0.19,54.7,201.0,143.8,0,0.0,0.07,322.3,0.234,54.4,53.16,Spaceport / Landing Pad
-81.5258,-130.5328,1213.4,1.99,0.33,57.8,203.4,146.3,0,0.0,0.08,332.9,0.191,58.3,53.27,Spaceport / Landing Pad
-80.0,-52.2143,503.3,1.74,0.32,51.4,198.5,141.1,0,0.0,0.15,312.7,0.273,51.5,51.76,Spaceport / Landing Pad
-86.3015,137.0454,793.2,10.27,0.84,50.0,197.5,140.0,0,0.0,0.3,314.0,0.267,54.3,37.05,Secondary Exploration Zone
-80.4946,-54.5931,646.3,1.42,0.37,52.8,199.6,142.3,0,0.0,0.27,317.0,0.255,52.9,52.33,Spaceport / Landing Pad
-81.2387,-75.8157,1595.6,0.95,0.23,61.9,206.4,149.5,0,0.0,0.18,344.8,0.143,62.0,54.87,Spaceport / Landing Pad
-86.1627,-138.9452,927.6,0.93,0.28,55.7,201.8,144.5,0,0.0,0.06,325.5,0.22,55.6,53.28,Spaceport / Landing Pad
-80.0,140.9743,1631.1,0.55,0.15,62.4,206.8,149.9,0,0.0,0.06,346.1,0.137,62.3,55.13,Spaceport / Landing Pad
-81.6043,151.4404,489.3,0.63,0.24,51.8,198.8,141.4,0,0.0,0.31,313.2,0.271,51.4,52.36,Spaceport / Landing Pad
-86.0288,113.5523,998.2,7.29,0.79,53.3,200.0,142.6,0,0.0,0.14,322.3,0.233,56.2,44.84,Secondary Exploration Zone
-82.7348,-110.2976,1486.5,1.82,0.46,60.4,205.3,148.4,0,0.0,0.07,340.9,0.158,60.9,54.06,Spaceport / Landing Pad
-82.1893,-75.4655,1522.0,1.48,0.47,60.9,205.7,148.7,0,0.0,0.11,342.2,0.153,61.3,54.39,Spaceport / Landing Pad
-80.0749,58.8514,710.0,0.78,0.18,53.7,200.3,143.0,0,0.0,0.05,319.4,0.245,53.5,52.83,Spaceport / Landing Pad
-84.4416,40.9144,1512.3,8.81,0.79,57.3,203.0,145.9,0,0.0,0.25,335.9,0.179,61.2,42.6,Secondary Exploration Zone
-89.1547,6.3402,2021.1,0.59,0.2,66.0,209.5,152.8,0,0.0,0.33,347.4,0.132,66.0,56.42,Spaceport / Landing Pad
-82.3836,19.3232,1692.4,1.53,0.41,62.5,206.9,150.0,0,0.0,0.26,346.6,0.135,62.9,54.78,Spaceport / Landing Pad
-80.0749,-31.1486,1748.6,1.25,0.22,63.1,207.4,150.5,0,0.0,0.1,346.9,0.134,63.4,55.15,Spaceport / Landing Pad
-84.2992,129.6855,-1481.7,4.49,0.55,0.0,66.1,50.2,1,0.539,3.01,292.3,0.355,0.0,41.41,ISRU Cryogenic Mining Outpost
-80.0,150.0685,774.1,0.5,0.28,54.5,200.9,143.6,0,0.0,0.35,321.5,0.237,54.1,53.09,Spaceport / Landing Pad
-85.2459,-43.4089,1239.5,1.23,0.3,58.4,203.8,146.7,0,0.0,0.34,334.3,0.185,58.6,53.87,Spaceport / Landing Pad
-84.562,-129.4278,2067.4,1.47,0.41,66.0,209.5,152.8,0,0.0,0.32,346.7,0.135,66.5,56.12,Spaceport / Landing Pad
-83.17,-176.0818,2352.7,0.5,0.36,69.1,211.8,155.3,0,0.0,0.25,347.5,0.132,69.2,57.6,Spaceport / Landing Pad
-81.7933,56.1292,1392.6,0.99,0.33,60.0,205.0,148.0,0,0.0,0.16,338.9,0.166,60.0,54.37,Spaceport / Landing Pad
-84.7645,-78.6901,1114.6,0.98,0.33,57.4,203.0,145.9,0,0.0,0.13,330.9,0.199,57.4,53.71,Spaceport / Landing Pad
-83.2418,57.4074,748.0,2.0,0.25,53.5,200.1,142.8,0,0.0,0.26,319.5,0.245,53.9,52.14,Spaceport / Landing Pad
-83.0336,144.8193,970.2,1.31,0.21,55.9,201.9,144.7,0,0.0,0.33,326.5,0.217,56.0,53.17,Spaceport / Landing Pad
-84.1962,117.8015,-171.4,4.2,0.61,0.0,46.8,63.9,1,0.239,1.51,292.6,0.354,0.0,35.78,Secondary Exploration Zone
-86.2733,-157.9321,616.7,1.05,0.43,52.7,199.6,142.2,0,0.0,0.09,316.5,0.257,52.6,52.47,Spaceport / Landing Pad
-83.9955,-168.3407,1926.1,1.19,0.27,64.8,208.6,151.9,0,0.0,0.25,346.9,0.134,65.1,55.8,Spaceport / Landing Pad
-80.3563,64.179,1053.9,0.92,0.28,56.9,202.6,145.5,0,0.0,0.32,329.2,0.206,56.8,53.59,Spaceport / Landing Pad
-83.9955,-11.6593,1482.4,5.31,0.51,58.7,204.0,147.0,0,0.0,0.29,337.9,0.17,60.9,49.76,Secondary Exploration Zone
-81.0265,-161.1881,1290.1,1.4,0.49,58.8,204.1,147.1,0,0.0,0.1,335.6,0.18,59.0,53.89,Spaceport / Landing Pad
-80.9414,26.301,1329.5,1.18,0.46,59.3,204.5,147.4,0,0.0,0.14,336.9,0.174,59.4,54.11,Spaceport / Landing Pad
-84.7979,99.2933,1220.0,0.5,0.29,58.6,204.0,146.9,0,0.0,0.05,334.3,0.185,58.4,54.16,Spaceport / Landing Pad
-87.1049,20.7723,-934.6,11.52,1.13,0.0,70.0,46.4,1,0.344,1.85,286.5,0.378,0.0,22.48,Secondary Exploration Zone
-82.4387,-179.2927,2278.2,0.8,0.17,68.3,211.2,154.6,0,0.0,0.18,347.2,0.133,68.5,57.23,Spaceport / Landing Pad
-85.857,-165.6507,592.7,0.5,0.36,52.8,199.6,142.2,0,0.0,0.2,316.2,0.258,52.4,52.66,Spaceport / Landing Pad
-84.1902,-66.3179,385.9,1.92,0.37,50.2,197.6,140.2,0,0.0,0.18,309.1,0.287,50.4,51.35,Spaceport / Landing Pad
-82.1094,-27.4744,1781.1,1.64,0.47,63.3,207.4,150.6,0,0.0,0.28,346.5,0.135,63.7,55.01,Spaceport / Landing Pad
-87.5911,-144.4623,1144.3,0.81,0.18,57.8,203.3,146.2,0,0.0,0.31,331.9,0.195,57.6,53.85,Spaceport / Landing Pad
-82.7781,26.8962,2003.1,1.6,0.34,65.3,209.0,152.3,0,0.0,0.28,346.6,0.135,65.9,55.81,Spaceport / Landing Pad
-84.6395,-125.0738,2100.7,1.18,0.33,66.4,209.8,153.2,0,0.0,0.2,346.9,0.134,66.8,56.42,Spaceport / Landing Pad
-86.907,174.8056,882.3,1.1,0.46,55.2,201.4,144.1,0,0.0,0.11,324.1,0.226,55.1,53.08,Spaceport / Landing Pad
-87.4369,79.5085,936.5,0.99,0.2,55.7,201.8,144.6,0,0.0,0.27,325.8,0.22,55.7,53.27,Spaceport / Landing Pad
-83.3353,142.9696,912.7,0.79,0.34,55.6,201.7,144.5,0,0.0,0.31,325.2,0.222,55.4,53.31,Spaceport / Landing Pad
-82.6112,176.3785,2306.7,0.72,0.3,68.6,211.4,154.9,0,0.0,0.27,347.3,0.132,68.8,57.36,Spaceport / Landing Pad
-85.8739,-142.3524,885.9,0.86,0.28,55.3,201.5,144.3,0,0.0,0.09,324.4,0.225,55.2,53.21,Spaceport / Landing Pad
-81.7298,106.3895,648.3,0.5,0.33,53.3,200.0,142.6,0,0.0,0.17,317.9,0.252,52.9,52.79,Spaceport / Landing Pad
-83.9781,108.9967,2158.7,8.25,0.81,63.6,207.7,150.9,0,0.0,0.28,341.1,0.157,67.4,46.0,Secondary Exploration Zone
-80.0,-35.1939,1151.9,0.97,0.31,57.7,203.3,146.2,0,0.0,0.3,332.0,0.194,57.7,53.8,Spaceport / Landing Pad
-80.0,-131.6726,1732.6,1.8,0.42,62.7,207.1,150.2,0,0.0,0.07,346.4,0.136,63.3,54.73,Spaceport / Landing Pad
-84.6786,-142.125,1658.0,1.33,0.31,62.3,206.7,149.8,0,0.0,0.23,346.3,0.137,62.6,54.81,Spaceport / Landing Pad
-80.0,-131.236,1347.6,0.93,0.23,59.6,204.7,147.7,0,0.0,0.15,337.6,0.171,59.6,54.29,Spaceport / Landing Pad
-80.6797,60.611,884.3,0.98,0.38,55.3,201.4,144.2,0,0.0,0.23,324.3,0.226,55.2,53.15,Spaceport / Landing Pad
-81.9303,48.7517,1516.2,0.99,0.47,61.1,205.8,148.9,0,0.0,0.1,342.5,0.152,61.2,54.66,Spaceport / Landing Pad
-80.0,36.2026,1332.5,1.29,0.22,59.3,204.5,147.4,0,0.0,0.12,336.9,0.174,59.4,54.05,Spaceport / Landing Pad
-83.5263,-174.2072,2234.2,0.7,0.39,67.9,210.9,154.3,0,0.0,0.12,347.3,0.132,68.1,57.12,Spaceport / Landing Pad
-84.3176,-75.7355,1048.8,1.25,0.44,56.7,202.5,145.3,0,0.0,0.07,328.8,0.207,56.7,53.4,Spaceport / Landing Pad
-83.5317,135.0,1851.0,3.46,0.47,63.0,207.3,150.4,0,0.0,0.28,345.0,0.142,64.4,53.49,Spaceport / Landing Pad
-83.2625,-132.7543,1108.1,2.49,0.39,56.6,202.5,145.3,0,0.0,0.09,329.5,0.205,57.3,52.57,Spaceport / Landing Pad
-80.8992,-158.9625,1308.6,0.62,0.34,59.4,204.5,147.5,0,0.0,0.18,336.8,0.175,59.2,54.33,Spaceport / Landing Pad
-80.3563,64.179,1053.9,0.92,0.28,56.9,202.6,145.5,0,0.0,0.32,329.2,0.206,56.8,53.59,Spaceport / Landing Pad
-87.3964,-14.5345,1964.1,1.14,0.36,65.2,208.9,152.2,0,0.0,0.33,347.0,0.134,65.5,55.97,Spaceport / Landing Pad
-82.7781,63.1038,1037.9,2.68,0.34,55.9,201.9,144.7,0,0.0,0.12,327.3,0.213,56.6,52.22,Spaceport / Landing Pad
-82.3607,63.1219,1447.1,1.65,0.42,60.2,205.1,148.1,0,0.0,0.12,339.9,0.162,60.5,54.09,Spaceport / Landing Pad
-84.7979,-99.2933,1233.2,0.68,0.33,58.6,204.0,146.9,0,0.0,0.16,334.6,0.184,58.5,54.12,Spaceport / Landing Pad
-81.0032,30.556,1499.1,0.5,0.23,61.2,205.9,149.0,0,0.0,0.05,342.4,0.152,61.0,54.83,Spaceport / Landing Pad
-84.2687,-127.0565,2172.1,0.5,0.3,67.4,210.6,153.9,0,0.0,0.24,347.5,0.132,67.5,56.98,Spaceport / Landing Pad
-81.4807,175.6013,1774.9,1.76,0.24,63.1,207.4,150.5,0,0.0,0.13,346.4,0.136,63.7,54.9,Spaceport / Landing Pad
-88.6999,68.9625,2148.9,3.37,0.41,65.8,209.4,152.7,0,0.0,0.09,345.1,0.141,67.3,54.63,Spaceport / Landing Pad
-80.0,-115.3959,1388.3,0.5,0.35,60.2,205.1,148.1,0,0.0,0.09,339.2,0.165,60.0,54.56,Spaceport / Landing Pad
-80.5867,149.6209,519.9,1.09,0.29,51.8,198.9,141.5,0,0.0,0.22,313.7,0.269,51.7,52.22,Spaceport / Landing Pad
-87.5198,70.2011,881.3,3.17,0.53,54.2,200.6,143.3,0,0.0,0.26,322.4,0.233,55.1,51.32,Spaceport / Landing Pad
-80.513,-66.2092,1987.7,0.81,0.35,65.6,209.2,152.5,0,0.0,0.31,347.2,0.133,65.7,56.21,Spaceport / Landing Pad
-85.857,157.4794,1261.5,1.81,0.26,58.4,203.8,146.7,0,0.0,0.15,334.4,0.184,58.8,53.52,Spaceport / Landing Pad
-85.2459,43.4089,-1069.8,9.06,0.87,0.0,82.6,68.8,1,0.118,0.75,288.6,0.37,0.0,24.42,Secondary Exploration Zone
-80.4946,72.2768,2068.0,1.57,0.39,66.0,209.5,152.8,0,0.0,0.34,346.6,0.135,66.5,56.06,Spaceport / Landing Pad
-82.1937,48.8785,1657.3,1.48,0.49,62.2,206.6,149.7,0,0.0,0.27,346.1,0.137,62.6,54.71,Spaceport / Landing Pad
-82.3516,156.2505,591.8,0.5,0.26,52.8,199.6,142.2,0,0.0,0.12,316.2,0.258,52.4,52.65,Spaceport / Landing Pad
-82.7637,173.3333,2042.5,1.43,0.4,65.8,209.3,152.6,0,0.0,0.08,346.7,0.135,66.2,56.06,Spaceport / Landing Pad
-84.7446,-160.2777,1342.6,1.95,0.33,59.0,204.3,147.2,0,0.0,0.33,336.7,0.175,59.5,53.62,Spaceport / Landing Pad
-82.4664,-123.887,926.0,1.33,0.42,55.5,201.6,144.4,0,0.0,0.09,325.2,0.222,55.6,53.06,Spaceport / Landing Pad
-81.6668,131.367,717.0,0.87,0.36,53.8,200.3,143.0,0,0.0,0.32,319.5,0.245,53.6,52.81,Spaceport / Landing Pad
-85.1158,116.0754,-724.7,3.75,0.65,0.0,93.7,43.9,1,0.518,2.77,292.9,0.352,0.0,41.9,ISRU Cryogenic Mining Outpost
-82.8266,147.7575,1047.7,0.5,0.29,57.0,202.8,145.6,0,0.0,0.29,329.4,0.205,56.7,53.75,Spaceport / Landing Pad
-80.7511,42.546,1257.0,1.46,0.37,58.5,203.9,146.8,0,0.0,0.26,334.6,0.184,58.7,53.77,Spaceport / Landing Pad
-80.9222,94.1276,653.0,0.96,0.31,53.1,199.8,142.5,0,0.0,0.22,317.6,0.253,52.9,52.61,Spaceport / Landing Pad
-80.0,-42.3057,901.2,0.5,0.32,55.6,201.7,144.5,0,0.0,0.25,325.1,0.222,55.3,53.39,Spaceport / Landing Pad
-80.0,-143.0272,568.3,0.5,0.24,52.6,199.4,142.0,0,0.0,0.28,315.5,0.261,52.1,52.6,Spaceport / Landing Pad
-82.7975,-108.9046,1578.3,1.72,0.5,61.3,206.0,149.1,0,0.0,0.15,343.6,0.147,61.8,54.35,Spaceport / Landing Pad
-88.5479,45.0,-631.3,11.22,1.14,0.0,59.7,59.7,1,0.255,1.46,286.8,0.377,0.0,21.56,Secondary Exploration Zone
-80.331,40.3013,1533.1,0.5,0.3,61.5,206.1,149.2,0,0.0,0.16,343.3,0.148,61.4,54.91,Spaceport / Landing Pad
-82.3607,-63.1219,1081.7,1.76,0.31,56.7,202.5,145.4,0,0.0,0.13,329.3,0.205,57.0,53.13,Spaceport / Landing Pad
-83.9666,-124.9194,2161.6,0.98,0.24,67.1,210.3,153.7,0,0.0,0.31,347.1,0.133,67.4,56.74,Spaceport / Landing Pad
-81.7678,60.8192,1560.4,0.85,0.4,61.6,206.2,149.3,0,0.0,0.16,343.8,0.146,61.6,54.84,Spaceport / Landing Pad
-80.0,135.6821,1316.6,0.88,0.32,59.3,204.5,147.5,0,0.0,0.28,336.8,0.175,59.3,54.24,Spaceport / Landing Pad
-82.8802,145.6849,985.6,0.54,0.27,56.4,202.3,145.1,0,0.0,0.27,327.5,0.212,56.1,53.58,Spaceport / Landing Pad
-87.178,55.7843,1113.9,1.22,0.41,57.3,203.0,145.8,0,0.0,0.13,330.7,0.2,57.4,53.57,Spaceport / Landing Pad
-84.1902,-156.3179,1597.6,1.04,0.18,61.8,206.4,149.5,0,0.0,0.11,344.8,0.143,62.0,54.83,Spaceport / Landing Pad
-82.4387,-61.2202,840.1,1.72,0.24,54.5,200.9,143.6,0,0.0,0.22,322.4,0.233,54.7,52.58,Spaceport / Landing Pad
-86.3015,132.9546,365.3,11.39,1.03,45.5,194.1,136.4,0,0.0,0.19,300.7,0.321,50.2,32.82,Secondary Exploration Zone
-81.0265,71.1881,2171.3,0.94,0.43,67.2,210.4,153.8,0,0.0,0.17,347.1,0.133,67.5,56.79,Spaceport / Landing Pad
-80.0,-120.6,1633.9,0.5,0.41,62.4,206.8,150.0,0,0.0,0.31,346.3,0.137,62.3,55.15,Spaceport / Landing Pad
-86.721,-85.1009,1265.2,1.89,0.47,58.4,203.8,146.7,0,0.0,0.06,334.5,0.184,58.8,53.48,Spaceport / Landing Pad
-80.8496,108.4349,468.5,0.9,0.31,51.4,198.6,141.2,0,0.0,0.26,312.3,0.274,51.2,52.2,Spaceport / Landing Pad
-87.2786,-22.1663,2026.5,1.52,0.27,65.6,209.2,152.5,0,0.0,0.24,346.6,0.135,66.1,55.94,Spaceport / Landing Pad
-80.0,123.2875,2208.9,0.87,0.36,67.6,210.7,154.1,0,0.0,0.15,347.2,0.133,67.8,56.95,Spaceport / Landing Pad
-82.5782,96.4993,1485.6,0.5,0.39,61.1,205.8,148.9,0,0.0,0.13,342.0,0.154,60.9,54.8,Spaceport / Landing Pad
-82.2745,115.0169,1045.6,2.08,0.4,56.2,202.2,145.0,0,0.0,0.21,328.0,0.211,56.7,52.79,Spaceport / Landing Pad
-85.3124,144.7276,2141.6,7.91,0.84,63.6,207.7,150.9,0,0.0,0.26,341.4,0.156,67.2,46.71,Secondary Exploration Zone
-83.955,13.3925,-2985.7,4.97,0.58,0.0,87.4,42.1,1,0.443,2.4,291.9,0.357,0.0,38.81,ISRU Cryogenic Mining Outpost
-81.444,-173.1076,1129.5,0.73,0.34,57.7,203.2,146.1,0,0.0,0.2,331.5,0.196,57.5,53.85,Spaceport / Landing Pad
-85.3572,-120.1735,1582.3,1.73,0.47,61.4,206.0,149.1,0,0.0,0.1,343.8,0.147,61.8,54.36,Spaceport / Landing Pad
-80.0,22.4965,1157.3,0.5,0.17,58.0,203.5,146.4,0,0.0,0.2,332.5,0.192,57.8,54.01,Spaceport / Landing Pad
-82.9987,-179.2361,2383.2,0.69,0.3,69.3,212.0,155.4,0,0.0,0.06,347.3,0.132,69.5,57.64,Spaceport / Landing Pad
-81.8572,28.0339,1942.2,1.29,0.25,64.9,208.7,151.9,0,0.0,0.25,346.8,0.134,65.3,55.8,Spaceport / Landing Pad
-81.0148,47.5261,960.9,0.5,0.37,56.2,202.2,145.0,0,0.0,0.3,326.9,0.215,55.9,53.54,Spaceport / Landing Pad
-80.1879,-34.1436,1447.7,0.7,0.41,60.6,205.5,148.5,0,0.0,0.28,340.7,0.159,60.6,54.63,Spaceport / Landing Pad
-87.6946,68.6294,1431.0,4.39,0.54,58.7,204.0,147.0,0,0.0,0.28,337.2,0.173,60.4,51.06,Secondary Exploration Zone
-83.9435,-65.4099,417.9,1.68,0.25,50.6,198.0,140.5,0,0.0,0.13,310.2,0.282,50.7,51.6,Spaceport / Landing Pad
-85.6119,91.2189,2533.8,11.48,1.2,65.5,209.1,152.4,0,0.0,0.29,338.4,0.168,70.9,38.67,Secondary Exploration Zone
-80.0,127.1467,2222.4,1.04,0.35,67.6,210.7,154.1,0,0.0,0.21,347.0,0.133,68.0,56.92,Spaceport / Landing Pad
-82.7301,105.6422,921.0,0.5,0.35,55.8,201.9,144.7,0,0.0,0.27,325.7,0.22,55.5,53.44,Spaceport / Landing Pad
-81.3226,-58.1906,850.0,1.26,0.38,54.8,201.1,143.8,0,0.0,0.08,323.0,0.231,54.8,52.92,Spaceport / Landing Pad
-88.3672,-120.9638,879.6,0.85,0.22,55.3,201.5,144.2,0,0.0,0.2,324.2,0.226,55.1,53.2,Spaceport / Landing Pad
-80.3491,-138.1364,970.4,0.99,0.25,56.1,202.0,144.8,0,0.0,0.17,326.7,0.216,56.0,53.35,Spaceport / Landing Pad
-80.5166,61.1645,853.9,0.5,0.18,55.2,201.4,144.2,0,0.0,0.16,323.8,0.228,54.9,53.28,Spaceport / Landing Pad
-85.1588,70.8664,1033.2,3.13,0.53,55.6,201.7,144.5,0,0.0,0.15,326.8,0.215,56.6,51.73,Spaceport / Landing Pad
-80.5867,-120.3791,1625.0,1.62,0.38,61.8,206.4,149.5,0,0.0,0.08,345.1,0.141,62.2,54.54,Spaceport / Landing Pad
-85.0944,158.8059,1580.9,0.5,0.37,61.9,206.5,149.6,0,0.0,0.1,344.7,0.143,61.8,55.02,Spaceport / Landing Pad
-83.8919,128.7966,-540.8,4.57,0.45,0.0,86.7,46.3,1,0.106,0.7,292.3,0.355,0.0,32.62,Secondary Exploration Zone
-85.4943,39.9575,765.1,14.06,1.24,47.9,195.9,138.3,0,0.0,0.14,310.0,0.283,54.0,25.08,Secondary Exploration Zone
-86.4261,130.7636,732.7,10.63,0.93,49.2,196.9,139.4,0,0.0,0.21,311.9,0.276,53.7,35.9,Secondary Exploration Zone
-80.469,-14.1723,806.2,0.5,0.19,54.8,201.1,143.8,0,0.0,0.15,322.4,0.233,54.4,53.17,Spaceport / Landing Pad
-83.712,84.0355,1338.1,1.51,0.42,59.2,204.4,147.4,0,0.0,0.18,336.9,0.175,59.5,53.93,Spaceport / Landing Pad
-80.2342,-121.7151,1728.6,0.5,0.39,63.3,207.5,150.7,0,0.0,0.11,347.5,0.132,63.2,55.43,Spaceport / Landing Pad
-80.2342,121.7151,1692.0,1.66,0.34,62.4,206.8,149.9,0,0.0,0.27,346.5,0.136,62.9,54.69,Spaceport / Landing Pad
-86.3298,-82.6942,1223.0,1.68,0.34,58.1,203.5,146.5,0,0.0,0.09,333.4,0.188,58.4,53.53,Spaceport / Landing Pad
-80.0,150.9454,754.8,1.08,0.18,54.0,200.5,143.2,0,0.0,0.16,320.4,0.241,53.9,52.79,Spaceport / Landing Pad
-80.3563,115.821,636.7,2.55,0.33,52.2,199.2,141.8,0,0.0,0.15,315.8,0.26,52.8,51.38,Spaceport / Landing Pad
-81.4685,36.9953,1657.5,1.16,0.37,62.3,206.8,149.9,0,0.0,0.32,346.4,0.136,62.6,54.91,Spaceport / Landing Pad
-84.4166,-38.211,1349.6,0.91,0.44,59.6,204.7,147.7,0,0.0,0.3,337.7,0.171,59.6,54.3,Spaceport / Landing Pad
-84.982,-46.5074,1043.2,1.79,0.3,56.3,202.3,145.1,0,0.0,0.05,328.2,0.21,56.7,53.02,Spaceport / Landing Pad
-81.6501,-95.7743,1245.5,0.91,0.44,58.6,204.0,146.9,0,0.0,0.25,334.7,0.183,58.6,54.05,Spaceport / Landing Pad
-84.6786,127.875,-1926.7,1.7,0.28,0.0,77.6,69.0,1,0.858,4.78,294.6,0.346,0.0,50.51,ISRU Cryogenic Mining Outpost
-86.9183,-35.1342,1890.0,0.99,0.19,64.6,208.4,151.7,0,0.0,0.2,347.1,0.133,64.8,55.79,Spaceport / Landing Pad
-84.1543,109.5923,2730.4,6.73,0.62,69.6,212.2,155.7,0,0.0,0.16,342.3,0.152,72.8,51.27,Secondary Exploration Zone
-81.0265,161.1881,1017.1,2.45,0.34,55.8,201.8,144.6,0,0.0,0.29,326.9,0.215,56.4,52.4,Spaceport / Landing Pad
-80.691,-26.822,2058.6,0.5,0.25,66.4,209.8,153.1,0,0.0,0.07,347.5,0.132,66.4,56.58,Spaceport / Landing Pad
-80.524,116.3126,707.5,1.98,0.44,53.1,199.9,142.5,0,0.0,0.24,318.3,0.25,53.5,52.07,Spaceport / Landing Pad
-85.1949,119.0546,-1152.3,3.38,0.47,0.0,67.2,61.5,1,0.727,4.04,293.2,0.351,0.0,46.49,ISRU Cryogenic Mining Outpost
-80.8419,119.9622,1346.5,1.9,0.49,59.1,204.3,147.3,0,0.0,0.22,336.8,0.175,59.6,53.66,Spaceport / Landing Pad
-82.7109,-170.4171,1825.2,1.32,0.39,63.8,207.9,151.1,0,0.0,0.1,346.8,0.134,64.2,55.38,Spaceport / Landing Pad
-83.4994,122.0926,1336.6,13.2,1.32,53.6,200.2,142.9,0,0.0,0.32,327.2,0.214,59.5,29.4,Secondary Exploration Zone
-82.812,52.386,1417.6,1.21,0.36,60.1,205.1,148.1,0,0.0,0.32,339.4,0.164,60.3,54.3,Spaceport / Landing Pad
-81.9693,109.6986,538.0,0.83,0.27,52.1,199.1,141.7,0,0.0,0.31,314.4,0.266,51.8,52.39,Spaceport / Landing Pad
-82.8704,46.0609,1708.5,1.86,0.3,62.5,206.9,150.0,0,0.0,0.1,346.4,0.136,63.0,54.59,Spaceport / Landing Pad
-82.6112,-116.2413,1198.6,2.36,0.47,57.5,203.1,146.0,0,0.0,0.29,332.2,0.194,58.2,52.92,Spaceport / Landing Pad
-84.2992,50.3145,-1910.7,7.19,0.67,0.0,49.5,68.0,1,0.215,1.34,290.1,0.364,0.0,30.42,Secondary Exploration Zone
-82.7781,-104.2159,1592.8,0.97,0.42,61.8,206.4,149.5,0,0.0,0.23,344.7,0.143,61.9,54.85,Spaceport / Landing Pad
-82.3152,-130.0729,743.1,0.5,0.36,54.2,200.6,143.3,0,0.0,0.07,320.6,0.241,53.8,53.02,Spaceport / Landing Pad
-80.513,13.0791,882.1,0.73,0.39,55.4,201.5,144.3,0,0.0,0.17,324.4,0.225,55.1,53.26,Spaceport / Landing Pad
-84.3793,-144.4623,1626.8,0.5,0.31,62.4,206.8,149.9,0,0.0,0.1,346.0,0.137,62.3,55.13,Spaceport / Landing Pad
-85.1588,-146.0035,1259.5,0.87,0.37,58.8,204.1,147.0,0,0.0,0.33,335.2,0.182,58.7,54.1,Spaceport / Landing Pad
-80.535,36.9829,1582.6,0.5,0.39,62.0,206.5,149.6,0,0.0,0.32,344.8,0.143,61.8,55.03,Spaceport / Landing Pad
-82.2071,43.0585,1898.5,0.5,0.41,64.9,208.7,151.9,0,0.0,0.13,347.5,0.132,64.9,56.02,Spaceport / Landing Pad
-80.0,131.8202,1432.8,1.44,0.45,60.1,205.1,148.1,0,0.0,0.08,339.7,0.163,60.4,54.2,Spaceport / Landing Pad
-80.9337,118.94,1180.5,1.8,0.42,57.6,203.2,146.1,0,0.0,0.19,332.1,0.194,58.0,53.34,Spaceport / Landing Pad
-80.1702,112.9128,421.5,0.5,0.43,51.2,198.4,141.0,0,0.0,0.08,311.3,0.278,50.7,52.25,Spaceport / Landing Pad
-86.2733,112.0679,1981.9,9.89,0.96,61.2,205.9,148.9,0,0.0,0.21,339.7,0.163,65.7,41.27,Secondary Exploration Zone
-82.3927,-173.6598,1865.0,1.99,0.33,63.9,207.9,151.1,0,0.0,0.15,346.3,0.137,64.5,55.04,Spaceport / Landing Pad
-88.1472,139.0856,514.7,0.73,0.26,52.0,199.0,141.6,0,0.0,0.34,313.8,0.268,51.6,52.38,Spaceport / Landing Pad
-85.2313,-93.3665,1385.3,0.61,0.34,60.1,205.1,148.1,0,0.0,0.25,339.0,0.166,60.0,54.51,Spaceport / Landing Pad
-84.0538,-137.5448,1683.1,2.0,0.36,62.2,206.6,149.7,0,0.0,0.29,346.2,0.137,62.8,54.39,Spaceport / Landing Pad
-87.2153,-13.5704,1834.3,1.71,0.27,63.7,207.8,151.0,0,0.0,0.16,346.5,0.136,64.3,55.14,Spaceport / Landing Pad
-80.4216,-52.125,883.5,1.95,0.44,54.8,201.1,143.8,0,0.0,0.19,323.4,0.229,55.1,52.51,Spaceport / Landing Pad
-80.0,-31.8425,1590.9,0.56,0.25,62.0,206.5,149.6,0,0.0,0.11,345.0,0.142,61.9,55.03,Spaceport / Landing Pad
-81.1398,41.5834,1332.4,0.5,0.43,59.6,204.7,147.7,0,0.0,0.07,337.6,0.172,59.4,54.43,Spaceport / Landing Pad
-84.5301,-126.6743,2133.9,0.86,0.46,66.9,210.2,153.5,0,0.0,0.15,347.2,0.133,67.1,56.7,Spaceport / Landing Pad
-80.4361,-24.8142,1870.3,0.59,0.22,64.6,208.4,151.7,0,0.0,0.2,347.4,0.132,64.6,55.89,Spaceport / Landing Pad
-84.1187,-144.0395,1533.1,1.15,0.24,61.2,205.9,149.0,0,0.0,0.18,342.8,0.151,61.4,54.62,Spaceport / Landing Pad
-81.2946,-4.3045,810.8,2.27,0.5,54.0,200.5,143.2,0,0.0,0.27,321.1,0.239,54.5,52.07,Spaceport / Landing Pad
-80.0,59.2068,1027.2,0.5,0.2,56.8,202.6,145.5,0,0.0,0.3,328.8,0.207,56.5,53.7,Spaceport / Landing Pad
-80.0,34.0889,1383.4,1.69,0.32,59.5,204.7,147.6,0,0.0,0.26,338.1,0.17,59.9,53.91,Spaceport / Landing Pad
-82.3107,-33.1113,1508.4,0.5,0.43,61.3,206.0,149.0,0,0.0,0.1,342.6,0.151,61.1,54.85,Spaceport / Landing Pad
-86.2176,15.7512,1509.2,13.28,1.08,55.2,201.4,144.1,0,0.0,0.12,332.1,0.194,61.1,29.56,Secondary Exploration Zone
-86.6164,-24.444,1680.2,1.53,0.26,62.4,206.8,149.9,0,0.0,0.29,346.6,0.135,62.8,54.74,Spaceport / Landing Pad
-87.8349,7.4314,2201.0,4.74,0.63,65.7,209.2,152.5,0,0.0,0.2,344.0,0.146,67.8,52.94,Secondary Exploration Zone
-80.0,137.0953,1338.2,0.5,0.32,59.7,204.8,147.8,0,0.0,0.06,337.7,0.171,59.5,54.44,Spaceport / Landing Pad
-86.3584,-88.5312,1522.9,0.76,0.26,61.3,206.0,149.0,0,0.0,0.26,342.8,0.15,61.3,54.78,Spaceport / Landing Pad
-86.5653,-137.2026,1058.2,0.89,0.43,56.9,202.7,145.5,0,0.0,0.09,329.3,0.205,56.8,53.61,Spaceport / Landing Pad
-80.0,-48.4064,959.4,0.91,0.27,56.0,202.0,144.8,0,0.0,0.3,326.5,0.217,55.9,53.37,Spaceport / Landing Pad
-86.1446,-83.047,1275.2,1.87,0.36,58.5,203.8,146.8,0,0.0,0.11,334.8,0.183,58.9,53.52,Spaceport / Landing Pad
-80.0,45.6366,459.1,0.96,0.22,51.3,198.5,141.1,0,0.0,0.21,312.0,0.275,51.1,52.14,Spaceport / Landing Pad
-80.7586,90.5787,750.6,1.6,0.26,53.7,200.3,143.0,0,0.0,0.13,319.9,0.243,53.9,52.45,Spaceport / Landing Pad
-83.0037,45.0,1667.3,1.65,0.48,62.2,206.6,149.8,0,0.0,0.29,346.3,0.137,62.7,54.62,Spaceport / Landing Pad
-82.5782,50.1022,1639.1,0.87,0.45,62.3,206.7,149.8,0,0.0,0.27,346.1,0.137,62.4,55.01,Spaceport / Landing Pad
-83.9148,-138.7314,1524.0,2.52,0.4,60.5,205.3,148.4,0,0.0,0.34,341.4,0.156,61.3,53.54,Spaceport / Landing Pad
-80.0,-125.9915,1509.6,0.88,0.31,61.1,205.8,148.9,0,0.0,0.15,342.4,0.152,61.1,54.7,Spaceport / Landing Pad
-80.0,-49.8793,787.5,1.39,0.28,54.2,200.6,143.3,0,0.0,0.31,321.1,0.238,54.2,52.69,Spaceport / Landing Pad
-81.9476,-34.6111,1582.9,0.5,0.36,62.0,206.5,149.6,0,0.0,0.09,344.8,0.143,61.8,55.03,Spaceport / Landing Pad
-81.5258,-139.4672,837.2,1.22,0.22,54.7,201.0,143.8,0,0.0,0.06,322.7,0.232,54.7,52.91,Spaceport / Landing Pad
-82.8607,-131.8202,798.4,1.5,0.39,54.2,200.7,143.4,0,0.0,0.34,321.4,0.237,54.3,52.64,Spaceport / Landing Pad
-87.9507,-120.0686,1226.0,1.9,0.38,58.0,203.5,146.4,0,0.0,0.34,333.3,0.189,58.4,53.37,Spaceport / Landing Pad
-80.4946,35.4069,1621.5,0.69,0.2,62.2,206.7,149.8,0,0.0,0.12,345.7,0.139,62.2,55.05,Spaceport / Landing Pad
-84.7181,-136.4321,1812.9,1.01,0.38,63.9,207.9,151.1,0,0.0,0.09,347.1,0.133,64.0,55.51,Spaceport / Landing Pad
-86.721,4.8991,1084.4,18.11,1.44,48.9,196.7,139.1,0,0.0,0.34,315.9,0.259,57.1,22.15,Secondary Exploration Zone
-80.9299,-23.6631,1972.1,0.84,0.32,65.4,209.1,152.3,0,0.0,0.2,347.2,0.133,65.6,56.14,Spaceport / Landing Pad
-81.2069,-142.7652,866.5,0.7,0.42,55.2,201.4,144.2,0,0.0,0.31,324.0,0.227,55.0,53.24,Spaceport / Landing Pad
-84.9199,110.4328,436.6,5.65,0.67,48.9,196.7,139.1,0,0.0,0.25,307.5,0.293,50.9,46.66,Secondary Exploration Zone
-82.1403,-164.1481,894.1,1.34,0.29,55.2,201.4,144.1,0,0.0,0.32,324.2,0.226,55.3,52.97,Spaceport / Landing Pad
-83.1496,19.9164,1688.6,4.17,0.66,61.2,205.9,148.9,0,0.0,0.11,344.5,0.144,62.9,52.0,Secondary Exploration Zone
-83.9148,-159.3411,1653.0,0.5,0.29,62.6,207.0,150.1,0,0.0,0.27,346.8,0.134,62.5,55.2,Spaceport / Landing Pad
-85.4943,103.1726,1880.0,6.61,0.6,61.8,206.3,149.4,0,0.0,0.25,342.5,0.152,64.7,48.56,Secondary Exploration Zone
-83.7789,117.7185,933.1,6.48,0.84,53.1,199.8,142.5,0,0.0,0.31,321.1,0.238,55.6,46.33,Secondary Exploration Zone
-85.2167,174.4007,1106.4,2.01,0.52,56.8,202.6,145.5,0,0.0,0.29,329.8,0.203,57.3,53.0,Spaceport / Landing Pad
-80.4946,72.2768,2068.0,1.57,0.39,66.0,209.5,152.8,0,0.0,0.34,346.6,0.135,66.5,56.06,Spaceport / Landing Pad
-80.5498,-159.7751,1452.7,0.65,0.24,60.7,205.5,148.5,0,0.0,0.21,340.9,0.158,60.6,54.66,Spaceport / Landing Pad
-82.1937,116.2587,1154.9,1.94,0.45,57.3,203.0,145.8,0,0.0,0.33,331.3,0.197,57.7,53.17,Spaceport / Landing Pad
-82.668,-68.334,1444.0,2.04,0.51,59.9,205.0,148.0,0,0.0,0.08,339.5,0.164,60.5,53.78,Spaceport / Landing Pad
-88.1472,139.0856,514.7,0.73,0.26,52.0,199.0,141.6,0,0.0,0.34,313.8,0.268,51.6,52.38,Spaceport / Landing Pad
-81.0226,117.8973,1010.5,1.8,0.45,56.0,202.0,144.8,0,0.0,0.16,327.2,0.214,56.4,52.93,Spaceport / Landing Pad
-80.8078,170.0594,1550.6,1.28,0.26,61.3,206.0,149.0,0,0.0,0.23,343.2,0.149,61.5,54.58,Spaceport / Landing Pad
-81.8572,-151.9661,457.8,1.41,0.42,51.1,198.3,140.9,0,0.0,0.17,311.6,0.277,51.1,51.88,Spaceport / Landing Pad
-82.812,52.386,1417.6,1.21,0.36,60.1,205.1,148.1,0,0.0,0.32,339.4,0.164,60.3,54.3,Spaceport / Landing Pad
-81.2746,-117.3874,941.7,1.46,0.48,55.6,201.7,144.5,0,0.0,0.06,325.5,0.221,55.7,53.01,Spaceport / Landing Pad
-85.0379,-73.6105,748.2,1.89,0.31,53.6,200.2,142.8,0,0.0,0.19,319.6,0.245,53.9,52.23,Spaceport / Landing Pad
-82.4387,89.2927,1266.3,1.3,0.33,58.7,204.0,146.9,0,0.0,0.27,335.0,0.182,58.8,53.89,Spaceport / Landing Pad
-85.3647,-115.0169,1545.7,1.02,0.26,61.4,206.0,149.1,0,0.0,0.07,343.3,0.149,61.5,54.72,Spaceport / Landing Pad
-80.0,-39.9759,778.5,0.5,0.27,54.5,200.9,143.6,0,0.0,0.05,321.6,0.236,54.1,53.1,Spaceport / Landing Pad
-86.3298,7.3058,1318.9,16.72,1.41,51.7,198.8,141.4,0,0.0,0.31,323.8,0.227,59.3,22.85,Secondary Exploration Zone
-85.9852,107.5924,2849.5,2.51,0.31,72.7,214.6,158.2,0,0.0,0.17,345.8,0.138,74.0,57.99,Spaceport / Landing Pad
-82.4988,106.631,805.7,1.44,0.47,54.3,200.7,143.4,0,0.0,0.21,321.6,0.236,54.4,52.7,Spaceport / Landing Pad
-86.1627,138.9452,690.1,8.06,0.68,50.1,197.5,140.1,0,0.0,0.16,312.8,0.272,53.3,42.4,Secondary Exploration Zone
-87.7559,16.9275,1616.9,12.06,1.16,56.7,202.6,145.4,0,0.0,0.09,336.2,0.177,62.2,33.78,Secondary Exploration Zone
-85.4176,-33.3664,1301.2,1.39,0.36,58.9,204.2,147.1,0,0.0,0.1,335.9,0.178,59.1,53.91,Spaceport / Landing Pad
-80.8572,-130.0303,1598.2,0.5,0.34,62.1,206.6,149.7,0,0.0,0.27,345.2,0.141,62.0,55.07,Spaceport / Landing Pad
-81.806,47.7702,1456.4,1.94,0.29,60.1,205.1,148.1,0,0.0,0.18,339.9,0.162,60.6,53.89,Spaceport / Landing Pad
-86.3969,-126.573,1309.2,0.5,0.28,59.4,204.6,147.5,0,0.0,0.15,336.9,0.175,59.2,54.37,Spaceport / Landing Pad
-81.1006,-77.2756,1519.9,0.79,0.21,61.2,205.9,149.0,0,0.0,0.3,342.7,0.151,61.2,54.76,Spaceport / Landing Pad
-80.0,-125.4258,1550.5,0.96,0.24,61.4,206.1,149.2,0,0.0,0.19,343.5,0.148,61.5,54.76,Spaceport / Landing Pad
-85.1086,131.9059,-1967.2,1.61,0.27,0.0,56.9,48.2,1,0.703,3.8,294.7,0.345,0.0,47.47,ISRU Cryogenic Mining Outpost
-80.9069,-162.6811,1380.5,1.13,0.37,59.8,204.8,147.8,0,0.0,0.2,338.4,0.168,59.9,54.26,Spaceport / Landing Pad
-80.0,-57.0426,465.7,1.59,0.39,51.1,198.3,140.9,0,0.0,0.19,311.7,0.277,51.1,51.78,Spaceport / Landing Pad
-81.0265,-18.8119,1382.9,2.79,0.41,59.0,204.3,147.2,0,0.0,0.14,337.1,0.174,59.9,52.93,Spaceport / Landing Pad
-86.8512,168.0239,833.6,1.79,0.35,54.4,200.8,143.5,0,0.0,0.17,322.1,0.234,54.7,52.51,Spaceport / Landing Pad
-80.0,47.8986,1178.0,0.85,0.43,58.0,203.5,146.4,0,0.0,0.14,332.8,0.191,58.0,53.92,Spaceport / Landing Pad
-81.7805,-164.859,926.9,0.5,0.19,55.9,201.9,144.7,0,0.0,0.2,325.9,0.219,55.6,53.46,Spaceport / Landing Pad
-85.5176,-31.373,1268.2,1.57,0.41,58.5,203.9,146.8,0,0.0,0.3,334.8,0.183,58.8,53.72,Spaceport / Landing Pad
-81.5506,106.0323,661.0,1.06,0.32,53.2,199.9,142.5,0,0.0,0.24,317.8,0.252,53.0,52.58,Spaceport / Landing Pad
-81.3146,-178.1524,1214.0,1.42,0.3,58.1,203.6,146.5,0,0.0,0.21,333.4,0.189,58.3,53.69,Spaceport / Landing Pad
-88.0376,177.2737,-14.6,12.62,0.99,41.3,191.0,133.1,0,0.0,0.11,288.8,0.369,46.6,28.09,Secondary Exploration Zone
-85.7903,-93.8141,1620.5,0.76,0.2,62.2,206.6,149.8,0,0.0,0.13,345.6,0.139,62.2,55.02,Spaceport / Landing Pad
-80.0,-131.3086,2180.5,1.31,0.29,67.1,210.3,153.7,0,0.0,0.15,346.8,0.134,67.6,56.62,Spaceport / Landing Pad
-82.6966,-128.7742,856.8,0.8,0.32,55.1,201.3,144.1,0,0.0,0.17,323.6,0.228,54.9,53.17,Spaceport / Landing Pad
-82.1937,153.7413,597.3,0.8,0.26,52.7,199.5,142.2,0,0.0,0.3,316.1,0.259,52.4,52.55,Spaceport / Landing Pad
-82.7205,-49.1596,1447.8,1.87,0.36,60.1,205.0,148.0,0,0.0,0.3,339.8,0.163,60.6,53.92,Spaceport / Landing Pad
-84.492,-179.029,1299.0,2.24,0.37,58.5,203.9,146.8,0,0.0,0.05,335.2,0.181,59.1,53.27,Spaceport / Landing Pad
-84.0597,-81.8699,1073.1,1.02,0.43,57.0,202.7,145.6,0,0.0,0.19,329.7,0.204,57.0,53.59,Spaceport / Landing Pad
-80.5498,-122.9052,1743.4,0.5,0.15,63.5,207.6,150.8,0,0.0,0.3,347.5,0.132,63.4,55.49,Spaceport / Landing Pad
-80.0,-145.8855,572.0,0.5,0.43,52.6,199.4,142.1,0,0.0,0.23,315.7,0.261,52.2,52.61,Spaceport / Landing Pad
-85.2022,-142.9072,1310.1,2.06,0.36,58.7,204.0,147.0,0,0.0,0.33,335.6,0.18,59.2,53.44,Spaceport / Landing Pad
-87.2531,-80.2176,923.2,1.42,0.46,55.4,201.6,144.3,0,0.0,0.13,325.0,0.223,55.5,52.99,Spaceport / Landing Pad
-86.5049,-55.8855,709.5,2.59,0.55,52.9,199.7,142.3,0,0.0,0.28,317.9,0.251,53.5,51.53,Spaceport / Landing Pad
-84.0363,39.9204,847.5,1.06,0.34,54.9,201.2,143.9,0,0.0,0.12,323.1,0.23,54.8,53.02,Spaceport / Landing Pad
-87.8838,-41.4237,1871.8,1.78,0.27,64.0,208.0,151.2,0,0.0,0.29,346.4,0.136,64.6,55.22,Spaceport / Landing Pad
-86.3298,172.6942,1104.3,1.36,0.35,57.1,202.8,145.7,0,0.0,0.18,330.3,0.201,57.3,53.47,Spaceport / Landing Pad
-82.7733,-144.4623,248.4,0.65,0.22,49.5,197.1,139.6,0,0.0,0.3,306.2,0.299,49.1,51.78,Spaceport / Landing Pad
-82.1094,-62.5256,1132.3,2.4,0.5,56.9,202.7,145.5,0,0.0,0.12,330.2,0.201,57.5,52.72,Spaceport / Landing Pad
-84.7446,160.2777,1577.9,0.5,0.21,61.9,206.4,149.5,0,0.0,0.1,344.6,0.143,61.8,55.02,Spaceport / Landing Pad
-80.6238,133.3865,708.8,0.62,0.4,53.8,200.4,143.0,0,0.0,0.19,319.5,0.245,53.5,52.89,Spaceport / Landing Pad
-85.3347,-70.1148,420.5,1.81,0.42,50.6,197.9,140.5,0,0.0,0.11,310.2,0.283,50.7,51.52,Spaceport / Landing Pad
-85.6358,41.5318,475.2,13.96,1.22,45.2,193.9,136.2,0,0.0,0.05,301.8,0.317,51.2,24.74,Secondary Exploration Zone
-85.7903,-93.8141,1620.5,0.76,0.2,62.2,206.6,149.8,0,0.0,0.13,345.6,0.139,62.2,55.02,Spaceport / Landing Pad
-81.9476,145.3889,817.1,1.17,0.25,54.5,200.9,143.6,0,0.0,0.32,322.2,0.234,54.5,52.89,Spaceport / Landing Pad
-83.9263,-177.3575,1878.8,1.52,0.3,64.2,208.2,151.4,0,0.0,0.11,346.6,0.135,64.7,55.44,Spaceport / Landing Pad
-83.0737,-37.3332,1564.2,1.31,0.28,61.4,206.1,149.1,0,0.0,0.1,343.6,0.147,61.7,54.6,Spaceport / Landing Pad
-81.6878,-88.0694,1402.9,1.0,0.28,60.1,205.0,148.0,0,0.0,0.28,339.2,0.165,60.1,54.38,Spaceport / Landing Pad
-80.0,-132.7974,1177.4,0.89,0.21,58.0,203.5,146.4,0,0.0,0.34,332.8,0.191,58.0,53.9,Spaceport / Landing Pad
-80.8763,-48.3178,1601.7,2.41,0.46,61.2,205.9,149.0,0,0.0,0.11,343.8,0.147,62.0,53.83,Spaceport / Landing Pad
-80.0,36.7733,1461.1,2.05,0.45,60.1,205.1,148.1,0,0.0,0.12,340.0,0.162,60.7,53.81,Spaceport / Landing Pad
-84.1962,117.8015,-171.4,4.2,0.61,0.0,46.8,63.9,1,0.239,1.51,292.6,0.354,0.0,35.78,Secondary Exploration Zone
-84.2992,39.6855,981.8,4.26,0.67,54.6,200.9,143.7,0,0.0,0.13,324.4,0.225,56.1,50.17,Secondary Exploration Zone
-81.0032,-67.4259,2046.6,0.5,0.21,66.3,209.7,153.0,0,0.0,0.31,347.5,0.132,66.3,56.54,Spaceport / Landing Pad
-81.8359,-84.0939,1192.2,2.03,0.41,57.6,203.2,146.1,0,0.0,0.27,332.3,0.193,58.1,53.18,Spaceport / Landing Pad
-81.9954,-58.3487,790.3,0.5,0.14,54.6,201.0,143.7,0,0.0,0.14,321.9,0.235,54.3,53.13,Spaceport / Landing Pad
-80.0,47.6324,591.5,1.43,0.43,52.3,199.2,141.9,0,0.0,0.25,315.4,0.261,52.4,52.19,Spaceport / Landing Pad
-80.2092,-41.1345,1395.3,1.23,0.47,59.9,204.9,147.9,0,0.0,0.29,338.8,0.167,60.0,54.24,Spaceport / Landing Pad
-80.5535,101.9761,798.5,0.5,0.43,54.7,201.0,143.8,0,0.0,0.23,322.2,0.234,54.3,53.15,Spaceport / Landing Pad
-87.8511,-55.6197,1292.1,2.63,0.5,58.2,203.7,146.6,0,0.0,0.28,334.6,0.184,59.1,52.88,Spaceport / Landing Pad
-80.5904,79.1359,2330.1,0.96,0.27,68.7,211.5,154.9,0,0.0,0.18,347.1,0.133,69.0,57.33,Spaceport / Landing Pad
-85.857,165.6507,1335.0,0.62,0.37,59.6,204.7,147.7,0,0.0,0.23,337.5,0.172,59.5,54.39,Spaceport / Landing Pad
-81.6627,111.6823,461.4,0.91,0.29,51.4,198.5,141.1,0,0.0,0.09,312.1,0.275,51.1,52.17,Spaceport / Landing Pad
-86.7317,-91.6366,1557.1,0.63,0.32,61.7,206.3,149.3,0,0.0,0.29,343.9,0.146,61.6,54.92,Spaceport / Landing Pad
-80.0,33.2614,1834.5,0.77,0.26,64.2,208.1,151.3,0,0.0,0.17,347.3,0.133,64.3,55.7,Spaceport / Landing Pad
-84.7778,-155.7256,1358.2,1.14,0.3,59.6,204.7,147.7,0,0.0,0.27,337.8,0.171,59.7,54.2,Spaceport / Landing Pad
-82.5501,-105.2551,1411.5,2.0,0.32,59.7,204.7,147.7,0,0.0,0.08,338.6,0.168,60.2,53.73,Spaceport / Landing Pad
-82.0917,-30.4998,1624.8,0.69,0.25,62.3,206.7,149.8,0,0.0,0.22,345.8,0.138,62.2,55.06,Spaceport / Landing Pad
-83.278,-64.5024,695.2,1.55,0.47,53.2,199.9,142.6,0,0.0,0.31,318.3,0.25,53.3,52.36,Spaceport / Landing Pad
-88.969,-5.1944,2105.8,0.5,0.43,66.8,210.1,153.5,0,0.0,0.13,347.5,0.132,66.9,56.75,Spaceport / Landing Pad
-82.471,-132.9904,610.5,1.19,0.43,52.6,199.5,142.1,0,0.0,0.14,316.2,0.258,52.5,52.38,Spaceport / Landing Pad
-84.0304,116.9657,341.3,5.26,0.61,48.2,196.1,138.5,0,0.0,0.32,305.1,0.303,50.0,47.1,Secondary Exploration Zone
-80.5867,59.6209,775.0,0.57,0.27,54.4,200.8,143.6,0,0.0,0.1,321.4,0.237,54.1,53.07,Spaceport / Landing Pad
-81.7933,-19.2593,1704.1,1.82,0.44,62.5,206.8,150.0,0,0.0,0.32,346.4,0.136,63.0,54.61,Spaceport / Landing Pad
-82.0917,-11.5752,710.9,1.92,0.32,53.2,199.9,142.6,0,0.0,0.33,318.5,0.249,53.5,52.12,Spaceport / Landing Pad
-88.6999,158.9625,836.0,7.84,0.65,51.5,198.6,141.2,0,0.0,0.27,317.2,0.254,54.7,43.25,Secondary Exploration Zone
-82.9838,49.316,1445.3,2.95,0.6,59.5,204.6,147.6,0,0.0,0.34,338.8,0.167,60.5,52.92,Spaceport / Landing Pad
-83.6733,-158.3556,1494.6,1.48,0.22,60.7,205.5,148.5,0,0.0,0.15,341.4,0.156,61.0,54.32,Spaceport / Landing Pad
-80.0,129.0685,1582.0,2.37,0.45,61.1,205.8,148.8,0,0.0,0.18,343.2,0.149,61.8,53.82,Spaceport / Landing Pad
-89.197,35.5377,1924.3,0.5,0.42,65.1,208.9,152.1,0,0.0,0.12,347.5,0.132,65.1,56.11,Spaceport / Landing Pad
-83.3984,-136.1458,1073.9,2.67,0.37,56.2,202.2,145.0,0,0.0,0.12,328.3,0.209,57.0,52.31,Spaceport / Landing Pad
-84.0891,-68.7026,641.1,1.8,0.51,52.6,199.5,142.1,0,0.0,0.18,316.6,0.257,52.8,52.05,Spaceport / Landing Pad
-82.471,-137.0096,427.9,0.5,0.42,51.3,198.4,141.0,0,0.0,0.19,311.5,0.277,50.8,52.26,Spaceport / Landing Pad
-81.1871,118.4652,1126.9,1.65,0.38,57.2,202.9,145.8,0,0.0,0.07,330.7,0.2,57.5,53.32,Spaceport / Landing Pad
-80.0,140.7824,1417.6,1.15,0.48,60.1,205.1,148.1,0,0.0,0.06,339.5,0.164,60.3,54.34,Spaceport / Landing Pad
-84.9199,159.5672,1594.5,0.5,0.24,62.1,206.6,149.7,0,0.0,0.07,345.1,0.141,62.0,55.06,Spaceport / Landing Pad
-80.9337,177.0492,1120.3,1.81,0.35,57.0,202.8,145.6,0,0.0,0.22,330.4,0.201,57.4,53.19,Spaceport / Landing Pad
-83.446,17.4027,-10.2,16.97,1.45,39.3,189.5,131.4,0,0.0,0.28,285.3,0.383,46.6,19.64,Secondary Exploration Zone
-86.3969,143.427,905.2,4.37,0.53,53.8,200.4,143.1,0,0.0,0.16,322.1,0.235,55.4,49.83,Secondary Exploration Zone
-87.6946,121.7595,1259.9,1.75,0.43,58.4,203.8,146.7,0,0.0,0.17,334.4,0.184,58.8,53.57,Spaceport / Landing Pad
-82.1448,-69.8424,1790.7,0.7,0.44,63.8,207.8,151.0,0,0.0,0.1,347.3,0.132,63.8,55.58,Spaceport / Landing Pad
-85.782,24.8637,3040.6,7.41,0.87,72.2,214.1,157.7,0,0.0,0.34,341.8,0.155,75.8,50.94,Secondary Exploration Zone
-85.1158,-45.0,1147.0,1.4,0.47,57.5,203.1,146.0,0,0.0,0.05,331.5,0.196,57.7,53.54,Spaceport / Landing Pad
-88.6218,28.3008,1286.9,13.03,1.22,53.2,199.9,142.6,0,0.0,0.27,325.9,0.219,59.0,29.84,Secondary Exploration Zone
-80.9645,-33.1976,1636.4,0.5,0.21,62.5,206.8,150.0,0,0.0,0.09,346.3,0.136,62.4,55.16,Spaceport / Landing Pad
-83.5587,0.8303,-1669.4,7.75,0.81,28.3,181.3,122.7,0,0.0,0.32,289.6,0.366,30.7,35.77,Secondary Exploration Zone
-80.0,47.4628,299.9,0.72,0.42,50.0,197.5,140.0,0,0.0,0.34,307.6,0.293,49.6,51.87,Spaceport / Landing Pad
-81.2387,-75.8157,1595.6,0.95,0.23,61.9,206.4,149.5,0,0.0,0.18,344.8,0.143,62.0,54.87,Spaceport / Landing Pad
-82.4942,-10.751,724.9,2.21,0.32,53.2,199.9,142.6,0,0.0,0.19,318.7,0.248,53.6,51.92,Spaceport / Landing Pad
-82.4571,-40.9858,1897.2,0.5,0.24,64.9,208.7,151.9,0,0.0,0.2,347.5,0.132,64.9,56.02,Spaceport / Landing Pad
-85.4176,86.4965,2478.9,11.18,0.99,65.2,208.9,152.1,0,0.0,0.11,338.7,0.167,70.4,39.38,Secondary Exploration Zone
-82.2881,38.1183,2118.1,0.75,0.4,66.8,210.1,153.4,0,0.0,0.33,347.3,0.132,67.0,56.69,Spaceport / Landing Pad
-89.34,-135.0,582.5,0.83,0.43,52.5,199.4,142.0,0,0.0,0.15,315.7,0.26,52.3,52.5,Spaceport / Landing Pad
-82.0259,-141.6544,417.0,1.56,0.44,50.7,198.0,140.5,0,0.0,0.11,310.3,0.282,50.7,51.69,Spaceport / Landing Pad
-86.7854,-115.821,1682.3,0.73,0.27,62.8,207.1,150.2,0,0.0,0.08,347.3,0.132,62.8,55.18,Spaceport / Landing Pad
-80.0,26.3331,1504.5,0.63,0.39,61.2,205.9,148.9,0,0.0,0.26,342.4,0.152,61.1,54.79,Spaceport / Landing Pad
-80.4836,-21.2796,1438.6,1.35,0.22,60.2,205.2,148.2,0,0.0,0.32,339.9,0.162,60.5,54.27,Spaceport / Landing Pad
-81.0654,57.8043,933.5,2.1,0.41,55.2,201.4,144.1,0,0.0,0.13,324.8,0.224,55.6,52.51,Spaceport / Landing Pad
-80.8763,-138.3178,1102.9,1.03,0.35,57.3,202.9,145.8,0,0.0,0.17,330.5,0.2,57.3,53.65,Spaceport / Landing Pad
-85.7491,171.1582,1238.1,0.91,0.35,58.6,203.9,146.9,0,0.0,0.22,334.5,0.184,58.5,54.03,Spaceport / Landing Pad
-80.8992,68.9625,1925.6,1.77,0.41,64.5,208.4,151.6,0,0.0,0.14,346.4,0.136,65.1,55.42,Spaceport / Landing Pad
-86.8072,105.2551,2569.7,9.11,0.84,67.0,210.2,153.6,0,0.0,0.07,340.4,0.16,71.3,45.35,Secondary Exploration Zone
-82.8607,131.8202,884.1,2.57,0.3,54.5,200.9,143.6,0,0.0,0.15,322.9,0.231,55.2,51.96,Spaceport / Landing Pad
-87.2786,59.0362,1186.6,1.74,0.33,57.7,203.3,146.2,0,0.0,0.09,332.3,0.193,58.1,53.4,Spaceport / Landing Pad
-80.5498,-122.9052,1743.4,0.5,0.15,63.5,207.6,150.8,0,0.0,0.3,347.5,0.132,63.4,55.49,Spaceport / Landing Pad
-84.4857,-56.0409,193.1,0.97,0.2,48.9,196.6,139.1,0,0.0,0.09,304.3,0.306,48.5,51.5,Spaceport / Landing Pad
-83.2936,-34.796,1349.1,1.17,0.43,59.5,204.6,147.6,0,0.0,0.06,337.5,0.172,59.6,54.17,Spaceport / Landing Pad
-84.7778,61.1443,-1905.3,6.23,0.55,0.0,42.9,46.2,1,0.276,1.5,290.9,0.361,0.0,33.43,Secondary Exploration Zone
-80.0,-41.5107,952.1,1.06,0.26,55.9,201.9,144.7,0,0.0,0.15,326.1,0.218,55.8,53.27,Spaceport / Landing Pad
-87.7404,-38.2902,1971.5,1.16,0.26,65.3,208.9,152.2,0,0.0,0.3,346.9,0.134,65.6,55.98,Spaceport / Landing Pad
-83.8919,141.2034,1406.2,5.4,0.49,58.0,203.5,146.4,0,0.0,0.05,335.7,0.18,60.2,49.42,Secondary Exploration Zone
-85.268,157.9887,1535.9,0.88,0.38,61.4,206.0,149.1,0,0.0,0.13,343.1,0.149,61.4,54.76,Spaceport / Landing Pad
-87.2279,-45.0,1616.3,1.68,0.39,61.7,206.3,149.4,0,0.0,0.28,344.8,0.143,62.2,54.47,Spaceport / Landing Pad
-85.1949,29.0546,1964.4,7.59,0.84,62.1,206.6,149.7,0,0.0,0.28,341.6,0.155,65.5,46.81,Secondary Exploration Zone
-89.4557,-149.0362,610.8,3.77,0.65,51.4,198.5,141.1,0,0.0,0.32,314.1,0.267,52.5,49.94,Secondary Exploration Zone
-88.346,106.3895,1456.0,0.66,0.26,60.7,205.5,148.6,0,0.0,0.18,341.0,0.158,60.6,54.67,Spaceport / Landing Pad
-81.4399,-27.9622,1993.6,0.93,0.44,65.6,209.2,152.5,0,0.0,0.12,347.1,0.133,65.8,56.18,Spaceport / Landing Pad
-82.1937,-48.8785,1611.8,1.74,0.33,61.6,206.2,149.3,0,0.0,0.32,344.6,0.143,62.1,54.42,Spaceport / Landing Pad
-89.2891,-113.1986,689.2,0.67,0.3,53.6,200.2,142.9,0,0.0,0.24,318.9,0.247,53.3,52.82,Spaceport / Landing Pad
-82.6775,101.0235,1238.7,1.13,0.2,58.5,203.9,146.8,0,0.0,0.29,334.3,0.185,58.6,53.92,Spaceport / Landing Pad
-82.4111,-94.9392,1340.5,0.5,0.28,59.7,204.8,147.8,0,0.0,0.18,337.8,0.171,59.5,54.45,Spaceport / Landing Pad
-81.1556,45.0,1147.2,1.48,0.27,57.5,203.1,146.0,0,0.0,0.27,331.4,0.197,57.7,53.49,Spaceport / Landing Pad
-80.3527,151.6992,427.9,0.5,0.28,51.3,198.4,141.0,0,0.0,0.33,311.5,0.277,50.8,52.26,Spaceport / Landing Pad
-80.4216,37.875,1602.4,1.1,0.44,61.9,206.4,149.5,0,0.0,0.3,344.9,0.142,62.0,54.81,Spaceport / Landing Pad
-80.0,146.4493,1022.4,1.04,0.22,56.5,202.4,145.2,0,0.0,0.34,328.2,0.21,56.5,53.45,Spaceport / Landing Pad
-81.692,-62.5713,1306.2,1.95,0.29,58.7,204.0,147.0,0,0.0,0.08,335.6,0.18,59.2,53.53,Spaceport / Landing Pad
-81.6168,18.8384,1519.4,1.57,0.4,60.9,205.6,148.7,0,0.0,0.05,342.1,0.154,61.2,54.32,Spaceport / Landing Pad
-85.7491,-70.7693,459.0,1.56,0.25,51.0,198.3,140.8,0,0.0,0.17,311.5,0.277,51.1,51.78,Spaceport / Landing Pad
-86.4456,156.8014,864.2,1.9,0.47,54.6,201.0,143.7,0,0.0,0.17,322.9,0.231,55.0,52.5,Spaceport / Landing Pad
-85.7573,-140.3558,989.2,1.12,0.41,56.2,202.1,144.9,0,0.0,0.16,327.2,0.214,56.2,53.33,Spaceport / Landing Pad
-86.1718,1.3972,777.3,14.01,1.18,48.0,196.0,138.4,0,0.0,0.24,310.4,0.282,54.1,25.3,Secondary Exploration Zone
-80.9337,-87.0492,1741.4,0.5,0.18,63.4,207.6,150.7,0,0.0,0.28,347.5,0.132,63.4,55.48,Spaceport / Landing Pad
-83.7453,-89.1449,809.9,0.54,0.4,54.8,201.1,143.8,0,0.0,0.13,322.5,0.233,54.4,53.16,Spaceport / Landing Pad
-85.7002,-27.1213,1195.5,1.19,0.29,58.0,203.5,146.4,0,0.0,0.3,333.1,0.19,58.1,53.79,Spaceport / Landing Pad
-82.2745,-118.1132,889.3,1.7,0.34,55.0,201.2,144.0,0,0.0,0.23,323.8,0.227,55.2,52.72,Spaceport / Landing Pad
-85.3949,17.7004,-1117.9,7.15,0.65,0.0,94.7,43.2,1,0.171,1.05,290.1,0.364,0.0,29.63,Secondary Exploration Zone
-80.0,-54.0085,157.4,1.69,0.4,48.2,196.1,138.5,0,0.0,0.34,302.7,0.313,48.2,50.97,Spaceport / Landing Pad
-81.1635,-31.1713,1796.5,1.54,0.45,63.5,207.6,150.8,0,0.0,0.05,346.6,0.135,63.9,55.14,Spaceport / Landing Pad
-80.7022,6.3402,1341.3,0.97,0.32,59.5,204.6,147.6,0,0.0,0.31,337.4,0.172,59.5,54.25,Spaceport / Landing Pad
-83.1091,28.3008,1802.0,1.94,0.35,63.3,207.5,150.6,0,0.0,0.24,346.3,0.136,63.9,54.85,Spaceport / Landing Pad
-83.9263,-2.6425,-1361.2,7.46,0.75,31.3,183.5,125.1,0,0.0,0.15,289.9,0.365,33.7,37.47,Secondary Exploration Zone
-87.6202,-101.3099,1353.6,1.63,0.33,59.3,204.5,147.4,0,0.0,0.27,337.2,0.173,59.7,53.88,Spaceport / Landing Pad
-85.0309,28.0092,2294.5,2.67,0.32,67.5,210.6,154.0,0,0.0,0.2,345.7,0.139,68.7,55.91,Spaceport / Landing Pad
-87.8349,-172.5686,608.8,2.02,0.39,52.2,199.2,141.8,0,0.0,0.3,315.5,0.261,52.5,51.79,Spaceport / Landing Pad
-81.6878,167.6806,1680.5,1.42,0.25,62.4,206.8,149.9,0,0.0,0.16,346.7,0.135,62.8,54.81,Spaceport / Landing Pad
-80.5498,-163.355,1547.3,0.5,0.33,61.6,206.2,149.3,0,0.0,0.3,343.8,0.147,61.5,54.94,Spaceport / Landing Pad
-82.6918,118.2016,1629.2,1.62,0.4,61.9,206.4,149.5,0,0.0,0.18,345.2,0.141,62.3,54.55,Spaceport / Landing Pad
-82.3334,137.9609,445.5,0.5,0.31,51.4,198.6,141.1,0,0.0,0.33,312.0,0.275,51.0,52.3,Spaceport / Landing Pad
-83.3249,110.4623,1277.9,1.62,0.38,58.6,204.0,146.9,0,0.0,0.3,335.1,0.182,58.9,53.71,Spaceport / Landing Pad
-84.0363,107.3005,1717.7,6.04,0.68,60.6,205.4,148.4,0,0.0,0.3,342.9,0.15,63.1,49.07,Secondary Exploration Zone
-80.0,133.0475,1351.2,0.74,0.34,59.7,204.8,147.8,0,0.0,0.23,337.9,0.17,59.6,54.38,Spaceport / Landing Pad
-87.0929,42.3974,1496.9,5.49,0.64,58.8,204.1,147.0,0,0.0,0.31,338.2,0.169,61.0,49.48,Secondary Exploration Zone
-80.0,-132.4266,1994.6,0.96,0.38,65.6,209.2,152.5,0,0.0,0.12,347.1,0.133,65.8,56.16,Spaceport / Landing Pad
-80.7964,36.7537,1516.3,0.63,0.29,61.3,206.0,149.0,0,0.0,0.16,342.8,0.151,61.2,54.82,Spaceport / Landing Pad
-80.0,-50.2624,984.2,2.16,0.49,55.6,201.7,144.5,0,0.0,0.07,326.2,0.218,56.1,52.58,Spaceport / Landing Pad
-80.0,30.0686,1722.6,0.5,0.17,63.3,207.4,150.6,0,0.0,0.3,347.5,0.132,63.2,55.41,Spaceport / Landing Pad
-80.5941,130.1696,1097.1,1.9,0.51,56.8,202.6,145.4,0,0.0,0.31,329.6,0.204,57.2,53.06,Spaceport / Landing Pad
-86.8291,-42.6141,1621.4,1.69,0.44,61.8,206.3,149.4,0,0.0,0.14,344.9,0.142,62.2,54.48,Spaceport / Landing Pad
-86.3584,91.4688,2929.0,9.32,0.84,70.2,212.7,156.2,0,0.0,0.21,340.2,0.161,74.7,46.06,Secondary Exploration Zone
-88.0199,171.8699,951.8,5.12,0.67,53.9,200.4,143.1,0,0.0,0.23,322.8,0.232,55.8,48.78,Secondary Exploration Zone
-80.6499,-148.0552,861.2,0.5,0.3,55.3,201.5,144.2,0,0.0,0.08,324.0,0.227,54.9,53.3,Spaceport / Landing Pad
-85.9592,83.3675,4104.3,2.37,0.42,84.5,223.3,167.6,0,0.0,0.12,345.9,0.138,86.0,62.49,Optimal Habitat Base
-84.7645,-101.3099,1286.1,1.36,0.42,58.8,204.1,147.0,0,0.0,0.26,335.5,0.18,59.0,53.9,Spaceport / Landing Pad
-83.2936,-8.8068,873.2,1.21,0.37,55.0,201.3,144.0,0,0.0,0.09,323.7,0.228,55.1,53.0,Spaceport / Landing Pad
-80.0,40.8653,1391.4,1.1,0.3,59.9,204.9,147.9,0,0.0,0.29,338.8,0.167,60.0,54.31,Spaceport / Landing Pad
-82.9738,109.3978,1007.2,1.88,0.26,56.0,202.0,144.8,0,0.0,0.11,327.1,0.214,56.3,52.86,Spaceport / Landing Pad
-80.524,26.3126,1295.9,0.58,0.41,59.3,204.5,147.4,0,0.0,0.3,336.4,0.176,59.1,54.31,Spaceport / Landing Pad
-87.2786,59.0362,1186.6,1.74,0.33,57.7,203.3,146.2,0,0.0,0.09,332.3,0.193,58.1,53.4,Spaceport / Landing Pad
-81.1006,-155.8545,1089.2,1.34,0.47,57.0,202.7,145.6,0,0.0,0.33,329.9,0.203,57.1,53.44,Spaceport / Landing Pad
-83.7565,-31.5514,1073.3,0.91,0.24,57.0,202.8,145.6,0,0.0,0.11,329.8,0.203,57.0,53.64,Spaceport / Landing Pad
-80.6053,-25.292,1982.5,2.59,0.35,64.7,208.5,151.7,0,0.0,0.08,345.8,0.139,65.7,54.91,Spaceport / Landing Pad
-82.3334,132.0391,701.6,0.94,0.27,53.6,200.2,142.9,0,0.0,0.12,319.0,0.247,53.4,52.74,Spaceport / Landing Pad
-84.982,43.4926,-1297.9,7.39,0.84,0.0,60.3,57.2,1,0.128,0.98,289.9,0.365,0.0,28.29,Secondary Exploration Zone
-80.0,-134.3179,1374.5,0.74,0.42,59.9,204.9,147.9,0,0.0,0.27,338.6,0.168,59.9,54.44,Spaceport / Landing Pad
-80.0,-40.8653,867.8,0.5,0.23,55.3,201.5,144.3,0,0.0,0.19,324.2,0.226,55.0,53.32,Spaceport / Landing Pad
-80.9184,-77.5351,1538.6,0.5,0.32,61.6,206.2,149.2,0,0.0,0.17,343.5,0.148,61.4,54.92,Spaceport / Landing Pad
-81.3226,31.8094,1635.0,1.28,0.37,62.1,206.6,149.7,0,0.0,0.33,345.6,0.139,62.3,54.78,Spaceport / Landing Pad
-85.7573,-129.6442,1264.3,1.06,0.24,58.7,204.1,147.0,0,0.0,0.21,335.1,0.182,58.8,54.02,Spaceport / Landing Pad
-81.6668,85.5028,1063.7,0.94,0.17,56.9,202.7,145.6,0,0.0,0.23,329.5,0.205,56.9,53.6,Spaceport / Landing Pad
-82.1804,66.8014,1578.9,1.78,0.26,61.3,206.0,149.1,0,0.0,0.05,343.6,0.147,61.8,54.31,Spaceport / Landing Pad
-82.5081,30.7189,2215.3,0.5,0.15,67.8,210.9,154.3,0,0.0,0.3,347.5,0.132,67.9,57.13,Spaceport / Landing Pad
-80.0,124.6952,2086.7,0.6,0.26,66.6,209.9,153.3,0,0.0,0.15,347.4,0.132,66.7,56.64,Spaceport / Landing Pad
-86.0376,74.9816,1646.3,8.61,0.83,58.7,204.0,146.9,0,0.0,0.25,339.9,0.162,62.5,43.41,Secondary Exploration Zone
-80.0,144.7067,1145.8,0.5,0.17,57.9,203.4,146.3,0,0.0,0.14,332.2,0.194,57.7,53.98,Spaceport / Landing Pad
-80.0,137.2605,1013.4,0.95,0.23,56.5,202.4,145.2,0,0.0,0.25,328.0,0.211,56.4,53.47,Spaceport / Landing Pad
-82.5595,-70.2011,1600.7,0.68,0.42,62.0,206.5,149.6,0,0.0,0.24,345.1,0.141,62.0,55.0,Spaceport / Landing Pad
-80.0,-46.206,1195.1,0.5,0.29,58.4,203.8,146.7,0,0.0,0.27,333.6,0.188,58.1,54.1,Spaceport / Landing Pad
-80.0,-42.7974,1267.4,1.27,0.38,58.7,204.0,146.9,0,0.0,0.33,335.1,0.182,58.8,53.91,Spaceport / Landing Pad
-81.3226,-58.1906,850.0,1.26,0.38,54.8,201.1,143.8,0,0.0,0.08,323.0,0.231,54.8,52.92,Spaceport / Landing Pad
-88.346,73.6105,1930.3,4.93,0.47,63.1,207.3,150.4,0,0.0,0.31,343.8,0.146,65.2,51.71,Secondary Exploration Zone
-84.5237,119.6237,-979.1,3.16,0.37,0.0,80.4,55.6,1,0.652,3.51,293.4,0.351,0.0,45.22,ISRU Cryogenic Mining Outpost
-86.2827,-128.8845,1219.6,0.5,0.23,58.6,203.9,146.9,0,0.0,0.17,334.3,0.185,58.4,54.16,Spaceport / Landing Pad
-82.5081,120.7189,1719.5,0.7,0.17,63.1,207.4,150.5,0,0.0,0.1,347.3,0.132,63.2,55.33,Spaceport / Landing Pad
-82.3927,-96.3402,1380.6,0.5,0.18,60.1,205.1,148.1,0,0.0,0.05,339.0,0.166,59.9,54.54,Spaceport / Landing Pad
-85.8993,41.3086,2323.2,7.24,0.7,65.6,209.2,152.5,0,0.0,0.23,341.9,0.154,68.9,48.81,Secondary Exploration Zone
-80.0,38.4431,1011.8,0.93,0.35,56.5,202.4,145.2,0,0.0,0.31,328.0,0.211,56.4,53.48,Spaceport / Landing Pad
-80.2342,54.335,671.0,0.98,0.35,53.3,200.0,142.6,0,0.0,0.3,318.1,0.251,53.1,52.64,Spaceport / Landing Pad
-80.0,145.0493,1187.4,0.92,0.33,58.1,203.6,146.5,0,0.0,0.1,333.0,0.19,58.1,53.91,Spaceport / Landing Pad
-82.1848,-29.3205,1645.3,1.01,0.39,62.3,206.7,149.8,0,0.0,0.29,346.2,0.137,62.4,54.96,Spaceport / Landing Pad
-85.9765,93.9909,2522.3,11.15,1.11,65.6,209.2,152.5,0,0.0,0.11,338.7,0.167,70.8,39.62,Secondary Exploration Zone
-85.8993,11.8215,-385.1,7.99,0.93,40.1,190.1,132.1,0,0.0,0.18,289.4,0.367,43.0,39.7,Secondary Exploration Zone
-82.234,166.7989,1425.6,1.67,0.35,59.9,205.0,148.0,0,0.0,0.33,339.3,0.165,60.3,54.02,Spaceport / Landing Pad
-80.4361,-71.2114,1879.1,1.32,0.28,64.3,208.2,151.5,0,0.0,0.27,346.8,0.134,64.7,55.57,Spaceport / Landing Pad
-80.6536,81.3844,2120.2,1.23,0.34,66.6,209.9,153.3,0,0.0,0.21,346.9,0.134,67.0,56.45,Spaceport / Landing Pad
-85.7245,-53.8807,512.5,1.67,0.31,51.5,198.6,141.2,0,0.0,0.11,313.0,0.271,51.6,51.83,Spaceport / Landing Pad
-86.9183,-35.1342,1890.0,0.99,0.19,64.6,208.4,151.7,0,0.0,0.2,347.1,0.133,64.8,55.79,Spaceport / Landing Pad
-83.8578,-106.7826,1860.4,1.26,0.47,64.2,208.1,151.3,0,0.0,0.22,346.9,0.134,64.5,55.54,Spaceport / Landing Pad
-88.6218,118.3008,1151.8,1.74,0.5,57.4,203.0,145.9,0,0.0,0.17,331.3,0.197,57.7,53.32,Spaceport / Landing Pad
-82.0917,-11.5752,710.9,1.92,0.32,53.2,199.9,142.6,0,0.0,0.33,318.5,0.249,53.5,52.12,Spaceport / Landing Pad
-88.5968,93.8141,1570.4,0.5,0.38,61.9,206.4,149.5,0,0.0,0.26,344.4,0.144,61.7,55.0,Spaceport / Landing Pad
-84.6395,54.9262,-2943.9,3.59,0.37,0.0,104.1,55.2,1,0.724,4.07,293.1,0.352,0.0,46.2,ISRU Cryogenic Mining Outpost
-80.3491,48.1364,957.0,1.7,0.39,55.6,201.7,144.5,0,0.0,0.05,325.8,0.22,55.9,52.88,Spaceport / Landing Pad
-82.6206,34.6952,2212.0,1.21,0.34,67.5,210.6,154.0,0,0.0,0.15,346.9,0.134,67.9,56.79,Spaceport / Landing Pad
-84.5813,42.2073,-310.5,13.64,1.12,38.1,188.6,130.5,0,0.0,0.25,284.8,0.385,43.7,23.78,Secondary Exploration Zone
-86.1627,94.1849,2470.4,10.09,0.81,65.6,209.2,152.5,0,0.0,0.22,339.6,0.164,70.3,42.43,Secondary Exploration Zone
-81.8572,-118.0339,773.1,0.69,0.32,54.4,200.8,143.5,0,0.0,0.07,321.3,0.238,54.1,53.02,Spaceport / Landing Pad
-84.2143,17.8503,-2236.7,6.71,0.72,0.0,74.5,64.6,1,0.235,1.46,290.5,0.362,0.0,31.76,Secondary Exploration Zone
-84.3607,77.5741,1024.0,1.27,0.31,56.4,202.3,145.1,0,0.0,0.14,328.0,0.21,56.5,53.32,Spaceport / Landing Pad
-80.0,-142.125,1469.9,1.51,0.43,60.4,205.3,148.3,0,0.0,0.06,340.7,0.159,60.8,54.24,Spaceport / Landing Pad
-85.5176,121.373,-1157.9,3.37,0.46,0.0,98.6,47.3,1,0.671,3.77,293.2,0.351,0.0,45.38,ISRU Cryogenic Mining Outpost
-82.9838,-3.8141,372.0,3.94,0.53,49.1,196.8,139.3,0,0.0,0.32,307.1,0.295,50.3,49.14,Secondary Exploration Zone
-81.3066,-93.0775,1365.3,0.62,0.34,59.9,204.9,147.9,0,0.0,0.34,338.4,0.168,59.8,54.46,Spaceport / Landing Pad
-84.9405,142.4959,491.2,15.7,1.35,44.5,193.4,135.6,0,0.0,0.12,300.8,0.321,51.4,20.96,Secondary Exploration Zone
-80.0,-131.8202,2095.5,1.14,0.31,66.4,209.8,153.1,0,0.0,0.18,347.0,0.134,66.8,56.42,Spaceport / Landing Pad
-85.6119,88.7811,3132.8,8.41,0.87,72.5,214.4,158.0,0,0.0,0.23,341.0,0.158,76.7,49.0,Secondary Exploration Zone
-83.5048,-97.4314,1221.7,1.61,0.47,58.1,203.6,146.5,0,0.0,0.23,333.5,0.188,58.4,53.58,Spaceport / Landing Pad
-86.3584,1.4688,2828.4,8.99,0.86,69.4,212.1,155.6,0,0.0,0.23,340.5,0.16,73.8,46.54,Secondary Exploration Zone
-81.1006,-114.1455,713.3,0.97,0.27,53.7,200.3,142.9,0,0.0,0.06,319.3,0.246,53.5,52.75,Spaceport / Landing Pad
-82.4664,-146.113,168.8,0.5,0.42,48.9,196.6,139.1,0,0.0,0.22,304.0,0.308,48.3,51.64,Spaceport / Landing Pad
-82.8558,61.0908,1017.2,2.75,0.44,55.6,201.7,144.5,0,0.0,0.07,326.6,0.216,56.4,52.1,Spaceport / Landing Pad
-86.4456,-60.0685,494.9,0.95,0.39,51.7,198.7,141.3,0,0.0,0.24,313.1,0.271,51.4,52.24,Spaceport / Landing Pad
-85.6438,-45.0,1183.4,1.39,0.42,57.8,203.4,146.3,0,0.0,0.34,332.5,0.192,58.0,53.63,Spaceport / Landing Pad
-80.0,127.711,2129.9,1.63,0.42,66.5,209.9,153.2,0,0.0,0.26,346.5,0.135,67.1,56.23,Spaceport / Landing Pad
-81.789,130.3894,850.9,1.34,0.34,54.8,201.1,143.8,0,0.0,0.05,323.0,0.231,54.8,52.87,Spaceport / Landing Pad
-82.0697,42.1376,1865.3,1.15,0.46,64.3,208.2,151.4,0,0.0,0.32,346.9,0.134,64.5,55.61,Spaceport / Landing Pad
-80.691,-153.178,1084.6,1.05,0.32,57.1,202.8,145.7,0,0.0,0.08,330.0,0.203,57.1,53.6,Spaceport / Landing Pad
-86.0997,-158.9625,580.3,0.5,0.42,52.7,199.5,142.1,0,0.0,0.31,315.9,0.26,52.2,52.63,Spaceport / Landing Pad
-81.0226,-62.1027,1389.5,2.3,0.37,59.3,204.5,147.4,0,0.0,0.22,337.7,0.171,60.0,53.42,Spaceport / Landing Pad
-82.2071,-173.8114,1716.1,2.31,0.39,62.3,206.8,149.9,0,0.0,0.14,346.0,0.138,63.1,54.24,Spaceport / Landing Pad
-83.1242,131.6981,1239.7,5.28,0.73,56.5,202.4,145.2,0,0.0,0.23,331.0,0.199,58.6,49.21,Secondary Exploration Zone
-83.1496,19.9164,1688.6,4.17,0.66,61.2,205.9,148.9,0,0.0,0.11,344.5,0.144,62.9,52.0,Secondary Exploration Zone
-80.0119,52.5946,801.8,0.5,0.3,54.7,201.0,143.8,0,0.0,0.17,322.3,0.234,54.4,53.16,Spaceport / Landing Pad
-80.0,48.5763,1120.9,0.84,0.21,57.5,203.1,146.0,0,0.0,0.09,331.2,0.198,57.4,53.79,Spaceport / Landing Pad
-86.8291,-47.3859,1364.3,2.1,0.43,59.2,204.4,147.3,0,0.0,0.11,337.2,0.173,59.8,53.54,Spaceport / Landing Pad
-87.069,170.8377,743.2,1.43,0.47,53.7,200.3,143.0,0,0.0,0.17,319.8,0.244,53.8,52.55,Spaceport / Landing Pad
-80.0,-39.9759,778.5,0.5,0.27,54.5,200.9,143.6,0,0.0,0.05,321.6,0.236,54.1,53.1,Spaceport / Landing Pad
-84.6136,-171.0274,1352.6,2.37,0.33,58.9,204.2,147.1,0,0.0,0.21,336.6,0.176,59.6,53.27,Spaceport / Landing Pad
-86.0997,158.9625,1151.1,1.3,0.44,57.6,203.2,146.1,0,0.0,0.22,331.7,0.196,57.7,53.61,Spaceport / Landing Pad
-80.0,-49.8793,787.5,1.39,0.28,54.2,200.6,143.3,0,0.0,0.31,321.1,0.238,54.2,52.69,Spaceport / Landing Pad
-85.4025,95.8263,1652.8,25.75,2.08,50.9,198.1,140.7,0,0.0,0.14,326.0,0.219,62.5,22.85,Hazard / Exclusion Zone
-85.7737,-149.4703,750.1,0.88,0.25,54.1,200.5,143.3,0,0.0,0.13,320.5,0.241,53.9,52.88,Spaceport / Landing Pad
-85.4482,118.1416,-820.9,3.83,0.56,0.0,94.7,52.0,1,0.556,3.1,292.9,0.353,0.0,42.55,ISRU Cryogenic Mining Outpost
-80.0,-57.5288,316.6,1.64,0.33,49.7,197.3,139.7,0,0.0,0.15,307.3,0.294,49.7,51.39,Spaceport / Landing Pad
-81.3186,-179.3839,1281.5,1.78,0.52,58.6,203.9,146.8,0,0.0,0.1,335.0,0.182,59.0,53.6,Spaceport / Landing Pad
-88.9357,-15.2551,2076.1,2.18,0.5,65.7,209.3,152.6,0,0.0,0.15,346.1,0.137,66.6,55.61,Spaceport / Landing Pad
-85.9852,-91.3322,1628.4,0.5,0.25,62.4,206.8,149.9,0,0.0,0.21,346.1,0.137,62.3,55.14,Spaceport / Landing Pad
-86.5149,-172.3039,832.3,0.65,0.44,54.9,201.2,144.0,0,0.0,0.33,323.0,0.231,54.7,53.18,Spaceport / Landing Pad
-84.1127,-154.6538,1554.2,0.73,0.16,61.6,206.2,149.3,0,0.0,0.07,343.8,0.147,61.6,54.87,Spaceport / Landing Pad
-80.0,-131.236,1347.6,0.93,0.23,59.6,204.7,147.7,0,0.0,0.15,337.6,0.171,59.6,54.29,Spaceport / Landing Pad
-83.4994,-68.9625,981.0,1.8,0.52,55.8,201.8,144.6,0,0.0,0.11,326.4,0.217,56.1,52.87,Spaceport / Landing Pad
-86.2827,151.5044,828.3,1.33,0.29,54.6,200.9,143.7,0,0.0,0.19,322.4,0.233,54.6,52.82,Spaceport / Landing Pad
-80.0,62.2658,903.5,0.7,0.4,55.6,201.7,144.5,0,0.0,0.24,325.0,0.223,55.3,53.32,Spaceport / Landing Pad
-83.9955,-168.3407,1926.1,1.19,0.27,64.8,208.6,151.9,0,0.0,0.25,346.9,0.134,65.1,55.8,Spaceport / Landing Pad
-80.7022,96.3402,603.7,0.96,0.4,52.7,199.5,142.1,0,0.0,0.12,316.2,0.258,52.5,52.49,Spaceport / Landing Pad
-81.4889,21.218,1493.6,1.34,0.21,60.7,205.6,148.6,0,0.0,0.19,341.5,0.156,61.0,54.41,Spaceport / Landing Pad
-84.9474,25.1448,467.6,14.51,1.38,44.9,193.7,135.9,0,0.0,0.11,301.1,0.319,51.2,22.77,Secondary Exploration Zone
-82.6017,119.4759,1687.6,0.99,0.31,62.7,207.0,150.2,0,0.0,0.2,347.1,0.133,62.8,55.08,Spaceport / Landing Pad
-85.4482,15.4612,-1423.7,8.09,0.81,0.0,79.7,68.4,1,0.306,1.8,289.4,0.367,0.0,30.38,Secondary Exploration Zone
-83.6899,-97.6507,1189.5,1.56,0.34,57.8,203.4,146.2,0,0.0,0.17,332.6,0.192,58.1,53.53,Spaceport / Landing Pad
-81.6668,-138.633,779.0,1.33,0.43,54.1,200.6,143.3,0,0.0,0.19,320.9,0.239,54.1,52.7,Spaceport / Landing Pad
-81.789,139.6106,519.5,0.63,0.4,52.0,199.0,141.6,0,0.0,0.34,314.0,0.267,51.7,52.43,Spaceport / Landing Pad
-86.2733,67.9321,778.0,0.52,0.36,54.5,200.9,143.6,0,0.0,0.26,321.6,0.237,54.1,53.09,Spaceport / Landing Pad
-84.3607,-102.4259,1376.0,1.35,0.21,59.6,204.7,147.7,0,0.0,0.13,338.1,0.17,59.9,54.12,Spaceport / Landing Pad
-82.1848,60.6795,1545.6,1.09,0.19,61.3,206.0,149.1,0,0.0,0.1,343.2,0.149,61.5,54.68,Spaceport / Landing Pad
-80.0,-140.5055,962.5,1.58,0.4,55.7,201.8,144.6,0,0.0,0.35,326.0,0.219,55.9,52.98,Spaceport / Landing Pad
-86.1718,88.6028,3879.0,5.01,0.73,81.1,220.8,164.9,0,0.0,0.17,343.8,0.147,83.8,58.36,Solar Power Array
-82.7685,66.413,956.2,2.19,0.49,55.3,201.5,144.3,0,0.0,0.26,325.3,0.221,55.8,52.49,Spaceport / Landing Pad
-84.2445,8.3929,-3818.6,1.58,0.4,0.0,41.8,53.7,1,0.836,4.46,294.7,0.345,0.0,50.14,ISRU Cryogenic Mining Outpost
-82.2251,4.8208,551.7,2.05,0.38,51.7,198.7,141.3,0,0.0,0.1,313.8,0.268,52.0,51.63,Spaceport / Landing Pad
-86.721,175.1009,962.5,0.86,0.45,56.0,202.0,144.8,0,0.0,0.24,326.6,0.216,55.9,53.4,Spaceport / Landing Pad
-88.11,147.0948,293.2,1.91,0.47,49.3,197.0,139.5,0,0.0,0.16,306.5,0.298,49.5,51.13,Spaceport / Landing Pad
-85.5332,153.9704,1329.2,0.5,0.39,59.6,204.7,147.7,0,0.0,0.09,337.5,0.172,59.4,54.42,Spaceport / Landing Pad
-80.0,41.236,1621.9,1.42,0.35,61.9,206.4,149.5,0,0.0,0.27,345.2,0.141,62.2,54.67,Spaceport / Landing Pad
-84.2263,55.5392,-1817.5,6.98,0.59,0.0,43.4,54.4,1,0.102,0.84,290.3,0.363,0.0,28.57,Secondary Exploration Zone
-86.9524,-27.3499,1924.2,0.97,0.22,64.9,208.7,151.9,0,0.0,0.29,347.1,0.133,65.1,55.92,Spaceport / Landing Pad
-81.4196,-59.25,936.6,0.75,0.18,55.9,201.9,144.7,0,0.0,0.14,326.0,0.219,55.7,53.38,Spaceport / Landing Pad
-83.4994,-32.0926,1154.2,1.08,0.41,57.7,203.3,146.2,0,0.0,0.31,331.9,0.195,57.7,53.74,Spaceport / Landing Pad
-81.7636,-23.3691,2011.8,1.05,0.33,65.7,209.3,152.5,0,0.0,0.1,347.0,0.133,66.0,56.18,Spaceport / Landing Pad
-83.104,50.4923,1266.8,1.71,0.24,58.5,203.8,146.8,0,0.0,0.3,334.7,0.183,58.8,53.62,Spaceport / Landing Pad
-80.5904,-100.8641,69.9,1.08,0.31,47.7,195.7,138.1,0,0.0,0.07,300.7,0.321,47.4,51.15,Spaceport / Landing Pad
-84.6983,116.1139,-615.6,2.96,0.39,0.0,42.6,37.5,1,0.459,2.48,293.6,0.35,0.0,41.56,ISRU Cryogenic Mining Outpost
-83.6623,-80.6764,1057.3,0.66,0.32,57.0,202.8,145.6,0,0.0,0.06,329.5,0.204,56.8,53.71,Spaceport / Landing Pad
-87.0335,-167.2756,885.0,0.5,0.15,55.5,201.6,144.4,0,0.0,0.25,324.7,0.224,55.2,53.36,Spaceport / Landing Pad
-83.1091,-98.5691,1415.1,1.54,0.28,59.9,204.9,147.9,0,0.0,0.14,339.1,0.166,60.2,54.09,Spaceport / Landing Pad
-81.6085,-115.71,669.0,0.66,0.16,53.4,200.1,142.7,0,0.0,0.1,318.3,0.25,53.1,52.78,Spaceport / Landing Pad
-80.0,132.4831,1354.1,1.34,0.45,59.4,204.6,147.6,0,0.0,0.33,337.5,0.172,59.7,54.07,Spaceport / Landing Pad
-81.0927,84.5881,1400.3,1.83,0.42,59.6,204.7,147.7,0,0.0,0.14,338.4,0.168,60.1,53.84,Spaceport / Landing Pad
-85.9334,31.866,1679.0,0.86,0.17,62.7,207.0,150.1,0,0.0,0.14,347.2,0.133,62.8,55.12,Spaceport / Landing Pad
-83.5967,-126.7029,1814.8,2.42,0.32,63.2,207.4,150.6,0,0.0,0.32,345.9,0.138,64.1,54.48,Spaceport / Landing Pad
-80.8305,51.6135,735.9,0.5,0.3,54.1,200.6,143.3,0,0.0,0.11,320.4,0.241,53.7,53.0,Spaceport / Landing Pad
-83.6733,68.3556,275.0,0.89,0.43,49.7,197.2,139.7,0,0.0,0.19,306.8,0.296,49.3,51.73,Spaceport / Landing Pad
-82.4249,-157.5431,505.2,1.76,0.39,51.4,198.5,141.1,0,0.0,0.31,312.7,0.273,51.5,51.75,Spaceport / Landing Pad
-84.6786,-88.9949,1145.0,0.84,0.16,57.7,203.3,146.2,0,0.0,0.16,331.9,0.195,57.7,53.85,Spaceport / Landing Pad
-80.0,45.0,1317.5,1.34,0.21,59.1,204.3,147.3,0,0.0,0.26,336.4,0.176,59.3,53.99,Spaceport / Landing Pad
-80.7586,134.1815,620.7,0.87,0.25,52.9,199.7,142.3,0,0.0,0.07,316.7,0.256,52.6,52.57,Spaceport / Landing Pad
-87.9507,120.0686,1236.3,2.03,0.42,58.0,203.5,146.4,0,0.0,0.35,333.5,0.188,58.5,53.29,Spaceport / Landing Pad
-84.1902,-23.6821,853.0,0.5,0.38,55.2,201.4,144.2,0,0.0,0.12,323.7,0.228,54.9,53.28,Spaceport / Landing Pad
-86.4261,139.2364,1570.5,0.99,0.31,61.6,206.2,149.3,0,0.0,0.15,344.0,0.146,61.7,54.79,Spaceport / Landing Pad
-86.535,62.7447,817.2,1.91,0.24,54.2,200.6,143.4,0,0.0,0.33,321.6,0.237,54.5,52.39,Spaceport / Landing Pad
-82.0609,177.9786,2144.7,1.39,0.41,66.8,210.1,153.4,0,0.0,0.29,346.7,0.135,67.2,56.44,Spaceport / Landing Pad
-80.706,-56.4695,680.5,0.66,0.35,53.5,200.1,142.8,0,0.0,0.06,318.7,0.248,53.2,52.81,Spaceport / Landing Pad
-85.7245,126.1193,-1233.1,4.28,0.51,0.0,71.5,51.6,1,0.547,3.0,292.5,0.354,0.0,41.83,ISRU Cryogenic Mining Outpost
-82.2655,-162.4397,803.4,0.54,0.3,54.7,201.0,143.8,0,0.0,0.34,322.3,0.234,54.4,53.15,Spaceport / Landing Pad
-80.8496,-108.4349,238.8,1.54,0.49,49.0,196.8,139.2,0,0.0,0.13,305.2,0.303,49.0,51.27,Spaceport / Landing Pad
-87.6202,101.3099,-1376.4,9.38,0.9,0.0,70.0,58.8,1,0.645,3.65,288.3,0.371,0.0,34.2,ISRU Cryogenic Mining Outpost
-83.6021,-66.8014,724.1,1.23,0.48,53.7,200.2,142.9,0,0.0,0.06,319.4,0.245,53.6,52.63,Spaceport / Landing Pad
-87.7872,62.354,-197.0,17.26,1.55,37.4,188.1,129.9,0,0.0,0.15,281.8,0.398,44.8,19.08,Secondary Exploration Zone
-83.1091,24.8293,1622.0,1.27,0.31,62.0,206.5,149.6,0,0.0,0.18,345.3,0.141,62.2,54.76,Spaceport / Landing Pad
-80.7737,168.9174,1590.9,0.5,0.29,62.0,206.5,149.6,0,0.0,0.24,345.0,0.142,61.9,55.05,Spaceport / Landing Pad
-88.783,-57.5288,1361.8,2.26,0.42,59.1,204.3,147.3,0,0.0,0.3,337.0,0.174,59.7,53.4,Spaceport / Landing Pad
-83.6568,57.0115,690.0,3.13,0.34,52.4,199.3,141.9,0,0.0,0.09,316.9,0.256,53.3,50.91,Spaceport / Landing Pad
-83.3615,62.354,441.7,2.43,0.33,50.5,197.8,140.4,0,0.0,0.16,310.3,0.282,50.9,51.04,Spaceport / Landing Pad
-83.1395,-165.0184,1632.1,1.97,0.26,61.7,206.3,149.4,0,0.0,0.27,345.0,0.142,62.3,54.29,Spaceport / Landing Pad
-80.0819,-125.0362,1698.9,0.72,0.27,62.9,207.2,150.3,0,0.0,0.29,347.3,0.132,63.0,55.25,Spaceport / Landing Pad
-80.0,148.69,799.4,0.5,0.23,54.7,201.0,143.8,0,0.0,0.25,322.2,0.234,54.3,53.15,Spaceport / Landing Pad
-80.0,134.3772,1301.8,0.75,0.34,59.2,204.4,147.4,0,0.0,0.28,336.5,0.176,59.2,54.26,Spaceport / Landing Pad
-87.6946,21.3706,2998.2,9.2,0.96,70.9,213.2,156.7,0,0.0,0.05,340.3,0.161,75.4,46.6,Secondary Exploration Zone
-80.9184,-77.5351,1538.6,0.5,0.32,61.6,206.2,149.2,0,0.0,0.17,343.5,0.148,61.4,54.92,Spaceport / Landing Pad
-85.4943,-103.1726,1478.7,0.5,0.18,61.0,205.8,148.8,0,0.0,0.08,341.8,0.155,60.8,54.78,Spaceport / Landing Pad
-81.6501,-174.2257,1285.1,1.63,0.27,58.7,204.0,146.9,0,0.0,0.27,335.3,0.181,59.0,53.72,Spaceport / Landing Pad
-81.444,173.1076,1852.9,1.15,0.23,64.2,208.1,151.3,0,0.0,0.07,346.9,0.134,64.4,55.57,Spaceport / Landing Pad
-84.7778,-155.7256,1358.2,1.14,0.3,59.6,204.7,147.7,0,0.0,0.27,337.8,0.171,59.7,54.2,Spaceport / Landing Pad
-83.6733,21.6444,903.5,13.55,1.2,49.4,197.1,139.5,0,0.0,0.16,314.5,0.265,55.3,27.18,Secondary Exploration Zone
-80.9414,-88.2285,1708.2,0.79,0.31,63.0,207.2,150.4,0,0.0,0.2,347.2,0.133,63.0,55.25,Spaceport / Landing Pad
-82.4664,33.887,2231.2,0.5,0.42,68.0,211.0,154.4,0,0.0,0.26,347.5,0.132,68.1,57.18,Spaceport / Landing Pad
-83.6568,32.9885,1308.1,1.95,0.42,58.7,204.0,147.0,0,0.0,0.05,335.7,0.179,59.2,53.53,Spaceport / Landing Pad
-86.1992,24.6769,2136.3,5.78,0.55,64.6,208.4,151.7,0,0.0,0.17,343.1,0.149,67.1,51.01,Secondary Exploration Zone
-80.736,-94.0445,1007.0,1.96,0.27,55.9,201.9,144.7,0,0.0,0.13,327.0,0.215,56.3,52.8,Spaceport / Landing Pad
-82.3334,132.0391,701.6,0.94,0.27,53.6,200.2,142.9,0,0.0,0.12,319.0,0.247,53.4,52.74,Spaceport / Landing Pad
-82.0785,134.0452,472.7,0.5,0.38,51.7,198.8,141.3,0,0.0,0.24,312.8,0.272,51.2,52.37,Spaceport / Landing Pad
-84.9199,110.4328,436.6,5.65,0.67,48.9,196.7,139.1,0,0.0,0.25,307.5,0.293,50.9,46.66,Secondary Exploration Zone
-80.0,119.5537,1422.0,1.92,0.44,59.8,204.8,147.8,0,0.0,0.32,339.0,0.166,60.3,53.83,Spaceport / Landing Pad
-80.8381,81.2095,2037.8,1.67,0.24,65.6,209.2,152.5,0,0.0,0.28,346.5,0.136,66.2,55.88,Spaceport / Landing Pad
-84.9681,-139.514,1582.6,1.4,0.47,61.5,206.1,149.2,0,0.0,0.16,344.0,0.146,61.8,54.58,Spaceport / Landing Pad
-84.2263,-145.5392,1563.8,0.94,0.42,61.6,206.2,149.3,0,0.0,0.16,343.9,0.146,61.7,54.8,Spaceport / Landing Pad
-82.4249,157.5431,613.8,0.53,0.39,53.0,199.7,142.4,0,0.0,0.13,316.8,0.256,52.6,52.69,Spaceport / Landing Pad
-83.2264,168.0707,1302.4,1.56,0.5,58.9,204.1,147.1,0,0.0,0.12,335.8,0.179,59.2,53.81,Spaceport / Landing Pad
-86.0201,140.7106,718.8,7.95,0.72,50.4,197.8,140.3,0,0.0,0.34,313.7,0.268,53.6,42.7,Secondary Exploration Zone
-82.0917,-149.5002,282.7,0.81,0.22,49.8,197.3,139.8,0,0.0,0.18,307.1,0.295,49.4,51.79,Spaceport / Landing Pad
-80.691,63.178,1125.2,0.92,0.32,57.5,203.1,146.0,0,0.0,0.16,331.2,0.197,57.5,53.76,Spaceport / Landing Pad
-87.2531,-99.7824,1561.2,1.93,0.43,61.1,205.8,148.9,0,0.0,0.12,343.0,0.15,61.6,54.15,Spaceport / Landing Pad
-80.0,134.3489,1334.1,0.5,0.4,59.7,204.7,147.7,0,0.0,0.27,337.6,0.172,59.5,54.43,Spaceport / Landing Pad
-80.0,-136.4879,912.2,0.5,0.34,55.7,201.8,144.6,0,0.0,0.25,325.5,0.221,55.4,53.42,Spaceport / Landing Pad
-83.7287,-94.2679,955.8,1.34,0.41,55.8,201.8,144.6,0,0.0,0.09,326.0,0.219,55.8,53.12,Spaceport / Landing Pad
-83.3615,-27.646,1123.8,1.35,0.42,57.3,203.0,145.8,0,0.0,0.15,330.9,0.199,57.4,53.52,Spaceport / Landing Pad
-81.6878,-34.9393,1597.3,0.5,0.29,62.1,206.6,149.7,0,0.0,0.16,345.2,0.141,62.0,55.06,Spaceport / Landing Pad
-84.2809,-26.1468,831.2,0.5,0.29,55.0,201.2,144.0,0,0.0,0.26,323.1,0.23,54.6,53.23,Spaceport / Landing Pad
-84.1187,89.0906,1499.1,0.74,0.29,61.1,205.8,148.9,0,0.0,0.28,342.2,0.153,61.0,54.74,Spaceport / Landing Pad
-81.3548,-127.9835,1387.2,1.64,0.25,59.6,204.7,147.7,0,0.0,0.14,338.2,0.169,60.0,53.95,Spaceport / Landing Pad
-83.932,0.8814,-2537.5,5.71,0.72,0.0,46.8,49.2,1,0.316,1.97,291.3,0.359,0.0,35.13,Secondary Exploration Zone
-85.4635,53.3659,-2377.0,5.0,0.72,0.0,90.2,67.5,1,0.75,4.03,291.9,0.357,0.0,44.9,ISRU Cryogenic Mining Outpost
-80.6127,-109.1556,417.3,1.4,0.28,50.7,198.0,140.6,0,0.0,0.16,310.5,0.282,50.7,51.79,Spaceport / Landing Pad
-85.7245,-126.1193,1348.2,1.25,0.32,59.4,204.6,147.5,0,0.0,0.32,337.4,0.172,59.6,54.11,Spaceport / Landing Pad
-84.0188,-157.0362,1593.6,1.13,0.28,61.8,206.3,149.4,0,0.0,0.31,344.6,0.143,61.9,54.77,Spaceport / Landing Pad
-82.8217,-102.7712,1596.7,0.72,0.22,62.0,206.5,149.6,0,0.0,0.1,345.0,0.142,62.0,54.98,Spaceport / Landing Pad
-82.1094,-27.4744,1781.1,1.64,0.47,63.3,207.4,150.6,0,0.0,0.28,346.5,0.135,63.7,55.01,Spaceport / Landing Pad
-80.0,145.5735,1033.6,1.44,0.29,56.4,202.3,145.1,0,0.0,0.22,328.2,0.21,56.6,53.24,Spaceport / Landing Pad
-81.4155,46.7624,1199.0,1.5,0.21,57.9,203.4,146.3,0,0.0,0.26,332.9,0.191,58.2,53.6,Spaceport / Landing Pad
-82.252,21.9296,1879.2,0.5,0.39,64.7,208.5,151.8,0,0.0,0.33,347.5,0.132,64.7,55.96,Spaceport / Landing Pad
-80.0,-43.0908,900.6,0.89,0.26,55.5,201.6,144.4,0,0.0,0.29,324.8,0.223,55.3,53.24,Spaceport / Landing Pad
-80.0189,-65.1126,1840.2,1.04,0.43,64.1,208.1,151.3,0,0.0,0.07,347.0,0.133,64.3,55.59,Spaceport / Landing Pad
-82.0522,176.6335,2173.4,0.88,0.34,67.3,210.4,153.8,0,0.0,0.18,347.2,0.133,67.5,56.83,Spaceport / Landing Pad
-86.8845,-171.3844,880.7,0.5,0.36,55.5,201.6,144.4,0,0.0,0.33,324.5,0.225,55.1,53.35,Spaceport / Landing Pad
-84.473,85.156,1347.6,0.55,0.29,59.8,204.8,147.8,0,0.0,0.35,338.0,0.17,59.6,54.45,Spaceport / Landing Pad
-85.5645,8.4711,-1789.6,5.91,0.78,0.0,86.3,37.0,1,0.45,2.43,291.2,0.36,0.0,37.48,ISRU Cryogenic Mining Outpost
-84.1782,77.9694,1004.2,1.46,0.21,56.1,202.1,144.9,0,0.0,0.19,327.3,0.213,56.3,53.16,Spaceport / Landing Pad
-85.9592,-83.3675,1316.2,1.07,0.18,59.2,204.4,147.4,0,0.0,0.29,336.6,0.176,59.3,54.14,Spaceport / Landing Pad
-82.234,-166.7989,1128.9,1.77,0.33,57.1,202.9,145.7,0,0.0,0.27,330.7,0.2,57.5,53.24,Spaceport / Landing Pad
-88.7547,-167.0054,-1585.8,15.48,1.3,0.0,62.9,63.5,1,0.164,1.17,283.3,0.392,0.0,7.65,Secondary Exploration Zone
-80.0,-133.1323,2073.9,0.5,0.16,66.5,209.9,153.2,0,0.0,0.35,347.5,0.132,66.5,56.63,Spaceport / Landing Pad
-82.6918,65.0715,1079.5,2.65,0.5,56.3,202.2,145.0,0,0.0,0.1,328.5,0.208,57.0,52.35,Spaceport / Landing Pad
-86.5451,178.4518,985.7,0.98,0.43,56.2,202.2,145.0,0,0.0,0.15,327.2,0.214,56.1,53.4,Spaceport / Landing Pad
-82.1271,-169.7559,1306.3,1.31,0.22,59.0,204.3,147.2,0,0.0,0.17,336.1,0.178,59.2,53.98,Spaceport / Landing Pad
-80.4471,-56.1547,598.9,0.61,0.26,52.8,199.6,142.2,0,0.0,0.07,316.3,0.258,52.4,52.63,Spaceport / Landing Pad
-81.0967,29.5214,1498.2,0.77,0.35,61.1,205.8,148.8,0,0.0,0.16,342.1,0.153,61.0,54.72,Spaceport / Landing Pad
-84.3607,-24.444,811.3,0.5,0.42,54.8,201.1,143.9,0,0.0,0.22,322.5,0.233,54.5,53.18,Spaceport / Landing Pad
-80.0,-127.9621,1456.6,0.6,0.29,60.8,205.6,148.6,0,0.0,0.11,341.1,0.158,60.6,54.69,Spaceport / Landing Pad
-82.1848,172.4506,2090.1,0.93,0.25,66.5,209.8,153.2,0,0.0,0.17,347.1,0.133,66.7,56.51,Spaceport / Landing Pad
-82.6206,145.3048,911.3,1.4,0.36,55.3,201.5,144.2,0,0.0,0.07,324.7,0.224,55.4,52.97,Spaceport / Landing Pad
-86.1627,94.1849,2470.4,10.09,0.81,65.6,209.2,152.5,0,0.0,0.22,339.6,0.164,70.3,42.43,Secondary Exploration Zone
-83.3563,-24.0442,1216.0,1.97,0.34,57.9,203.4,146.3,0,0.0,0.13,333.0,0.19,58.3,53.29,Spaceport / Landing Pad
-81.1202,33.8571,1563.2,0.5,0.38,61.8,206.3,149.4,0,0.0,0.21,344.2,0.145,61.7,54.98,Spaceport / Landing Pad
-85.4405,-112.8906,1508.9,0.51,0.23,61.3,206.0,149.0,0,0.0,0.08,342.6,0.151,61.1,54.85,Spaceport / Landing Pad
-87.478,-2.1211,1905.5,2.41,0.42,64.0,208.0,151.2,0,0.0,0.32,345.9,0.138,64.9,54.81,Spaceport / Landing Pad
-87.0335,77.2756,704.8,10.22,1.11,49.2,196.9,139.3,0,0.0,0.07,311.5,0.277,53.4,36.98,Secondary Exploration Zone
-85.7737,173.6598,1152.1,1.07,0.38,57.7,203.3,146.2,0,0.0,0.15,331.9,0.195,57.7,53.75,Spaceport / Landing Pad
-80.0,-29.1569,1807.4,0.5,0.34,64.0,208.0,151.2,0,0.0,0.3,347.5,0.132,64.0,55.71,Spaceport / Landing Pad
-86.0907,-123.3106,1346.6,0.73,0.43,59.7,204.7,147.7,0,0.0,0.26,337.8,0.171,59.6,54.37,Spaceport / Landing Pad
-86.8622,59.6209,799.9,0.55,0.42,54.7,201.0,143.7,0,0.0,0.1,322.2,0.234,54.3,53.14,Spaceport / Landing Pad
-87.1049,178.1524,819.4,1.2,0.3,54.6,200.9,143.6,0,0.0,0.25,322.2,0.234,54.5,52.87,Spaceport / Landing Pad
-80.0,140.3767,1628.3,0.52,0.16,62.4,206.8,149.9,0,0.0,0.34,346.1,0.137,62.3,55.13,Spaceport / Landing Pad
-82.5268,117.5252,1478.2,1.23,0.21,60.6,205.5,148.5,0,0.0,0.18,341.2,0.157,60.8,54.44,Spaceport / Landing Pad
-84.4857,2.9108,-3343.5,3.33,0.44,0.0,49.8,45.0,1,0.794,4.46,293.3,0.351,0.0,47.89,ISRU Cryogenic Mining Outpost
-80.0,-135.0,1516.9,1.98,0.35,60.6,205.5,148.5,0,0.0,0.3,341.7,0.155,61.2,54.0,Spaceport / Landing Pad
-80.0,-35.7701,1101.9,0.74,0.17,57.4,203.0,145.9,0,0.0,0.33,330.7,0.2,57.2,53.78,Spaceport / Landing Pad
-80.736,-77.7843,1566.0,0.5,0.25,61.8,206.4,149.4,0,0.0,0.23,344.3,0.145,61.7,54.99,Spaceport / Landing Pad
-83.2212,51.7098,1074.3,3.34,0.53,55.9,201.9,144.7,0,0.0,0.14,327.8,0.211,57.0,51.58,Spaceport / Landing Pad
-80.8419,-29.9622,1922.2,0.97,0.37,64.9,208.7,151.9,0,0.0,0.21,347.1,0.133,65.1,55.91,Spaceport / Landing Pad
-85.7737,-46.7899,1083.6,2.67,0.41,56.3,202.2,145.0,0,0.0,0.33,328.6,0.208,57.1,52.34,Spaceport / Landing Pad
-81.2467,68.0851,1960.9,1.63,0.43,64.9,208.7,151.9,0,0.0,0.18,346.5,0.135,65.5,55.64,Spaceport / Landing Pad
-81.7933,-56.1292,805.5,1.01,0.36,54.5,200.9,143.6,0,0.0,0.14,322.0,0.235,54.4,52.95,Spaceport / Landing Pad
-85.8654,61.6992,-100.1,9.56,0.98,42.0,191.5,133.6,0,0.0,0.23,288.8,0.369,45.7,36.82,Secondary Exploration Zone
-80.6536,98.6156,689.5,1.84,0.38,53.0,199.8,142.4,0,0.0,0.21,317.9,0.251,53.3,52.13,Spaceport / Landing Pad
-82.0697,-132.1376,767.8,1.19,0.28,54.1,200.6,143.3,0,0.0,0.08,320.7,0.24,54.0,52.76,Spaceport / Landing Pad
-87.6946,-21.3706,2185.2,1.28,0.22,67.2,210.4,153.7,0,0.0,0.28,346.8,0.134,67.6,56.65,Spaceport / Landing Pad
-80.9337,61.06,1077.2,2.08,0.49,56.5,202.4,145.2,0,0.0,0.1,328.9,0.207,57.0,52.87,Spaceport / Landing Pad
-88.9357,-105.2551,686.4,0.88,0.19,53.5,200.1,142.8,0,0.0,0.14,318.6,0.248,53.3,52.72,Spaceport / Landing Pad
-88.5241,71.5651,2172.8,5.05,0.62,65.3,208.9,152.2,0,0.0,0.14,343.7,0.147,67.5,52.37,Secondary Exploration Zone
-85.5724,-124.6952,1439.9,0.89,0.23,60.5,205.3,148.4,0,0.0,0.24,340.3,0.161,60.5,54.53,Spaceport / Landing Pad
-89.4557,-59.0362,1286.2,3.88,0.56,57.6,203.2,146.1,0,0.0,0.25,333.5,0.188,59.0,51.42,Secondary Exploration Zone
-83.3196,172.7757,1697.7,1.57,0.41,62.5,206.9,150.0,0,0.0,0.1,346.6,0.135,62.9,54.77,Spaceport / Landing Pad
-81.3146,69.2277,2053.2,0.68,0.43,66.2,209.7,153.0,0,0.0,0.07,347.3,0.132,66.3,56.5,Spaceport / Landing Pad
-81.4196,135.0,434.1,0.5,0.15,51.3,198.5,141.1,0,0.0,0.27,311.7,0.277,50.8,52.28,Spaceport / Landing Pad
-80.4873,47.3859,970.7,0.5,0.17,56.3,202.2,145.0,0,0.0,0.31,327.1,0.214,56.0,53.56,Spaceport / Landing Pad
-85.7573,50.3558,-1270.1,6.66,0.66,0.0,54.0,50.3,1,0.309,1.76,290.5,0.362,0.0,33.33,Secondary Exploration Zone
-82.4111,58.0693,1462.8,1.49,0.21,60.4,205.3,148.3,0,0.0,0.07,340.5,0.16,60.7,54.24,Spaceport / Landing Pad
-81.8145,135.924,388.2,0.95,0.32,50.7,198.0,140.5,0,0.0,0.34,310.0,0.283,50.4,51.98,Spaceport / Landing Pad
-82.6112,3.6215,304.0,3.28,0.61,48.8,196.6,139.0,0,0.0,0.23,305.6,0.301,49.6,49.8,Spaceport / Landing Pad
-80.4836,-21.2796,1438.6,1.35,0.22,60.2,205.2,148.2,0,0.0,0.32,339.9,0.162,60.5,54.27,Spaceport / Landing Pad
-83.1956,26.9166,1653.1,2.32,0.27,61.7,206.3,149.4,0,0.0,0.09,345.3,0.14,62.5,54.04,Spaceport / Landing Pad
-88.8721,24.444,2206.0,2.12,0.45,67.0,210.2,153.6,0,0.0,0.14,346.1,0.137,67.8,56.11,Spaceport / Landing Pad
-81.6085,25.71,1709.9,1.67,0.48,62.6,206.9,150.1,0,0.0,0.13,346.5,0.136,63.1,54.74,Spaceport / Landing Pad
-82.1537,57.6334,1525.7,0.5,0.39,61.4,206.1,149.2,0,0.0,0.19,343.1,0.149,61.3,54.89,Spaceport / Landing Pad
-81.0576,-36.5111,1532.4,0.5,0.29,61.5,206.1,149.2,0,0.0,0.12,343.3,0.148,61.4,54.91,Spaceport / Landing Pad
-80.0,-50.7106,558.7,1.8,0.29,51.8,198.9,141.5,0,0.0,0.12,314.2,0.266,52.0,51.85,Spaceport / Landing Pad
-84.2445,81.6071,1249.7,0.8,0.44,58.7,204.1,147.0,0,0.0,0.34,334.9,0.182,58.7,54.11,Spaceport / Landing Pad
-82.1403,15.8519,1505.9,1.45,0.3,60.8,205.6,148.6,0,0.0,0.28,341.8,0.155,61.1,54.37,Spaceport / Landing Pad
-85.7491,-8.8418,2535.0,9.48,0.98,66.5,209.9,153.2,0,0.0,0.29,340.1,0.162,71.0,44.27,Secondary Exploration Zone
-80.0,141.2635,1544.9,0.74,0.34,61.5,206.1,149.2,0,0.0,0.34,343.5,0.148,61.5,54.84,Spaceport / Landing Pad
-86.2176,-164.2488,624.1,0.5,0.24,53.1,199.8,142.5,0,0.0,0.27,317.2,0.254,52.7,52.73,Spaceport / Landing Pad
-80.0,45.0,1387.0,0.61,0.15,60.1,205.1,148.1,0,0.0,0.33,339.0,0.166,60.0,54.52,Spaceport / Landing Pad
-84.013,59.0362,-296.2,11.41,1.08,39.3,189.5,131.4,0,0.0,0.07,286.6,0.378,43.9,30.98,Secondary Exploration Zone
-81.4196,157.6199,428.2,1.04,0.33,51.0,198.3,140.8,0,0.0,0.34,311.1,0.279,50.8,52.03,Spaceport / Landing Pad
-84.1902,43.698,454.0,8.88,1.02,47.5,195.6,138.0,0,0.0,0.24,305.3,0.302,51.0,39.87,Secondary Exploration Zone
-83.9263,-43.7546,1458.0,0.5,0.18,60.8,205.6,148.6,0,0.0,0.26,341.2,0.157,60.6,54.73,Spaceport / Landing Pad
-83.7733,49.8645,1409.0,6.58,0.65,57.4,203.1,146.0,0,0.0,0.06,334.8,0.183,60.2,47.27,Secondary Exploration Zone
-85.1158,26.0754,1079.6,14.1,1.37,50.8,198.1,140.6,0,0.0,0.27,319.1,0.247,57.0,25.71,Secondary Exploration Zone
-81.0226,-45.8425,1855.5,0.77,0.41,64.4,208.3,151.5,0,0.0,0.18,347.3,0.133,64.5,55.77,Spaceport / Landing Pad
-83.7565,31.5514,1193.1,2.2,0.53,57.5,203.2,146.0,0,0.0,0.06,332.1,0.194,58.1,53.04,Spaceport / Landing Pad
-88.4549,-115.0169,824.1,1.33,0.2,54.5,200.9,143.6,0,0.0,0.34,322.2,0.234,54.6,52.81,Spaceport / Landing Pad
-80.5867,-157.249,1322.2,1.41,0.4,59.1,204.3,147.3,0,0.0,0.11,336.5,0.176,59.4,53.95,Spaceport / Landing Pad
-80.0,131.9552,1314.8,0.5,0.33,59.5,204.6,147.6,0,0.0,0.13,337.1,0.174,59.3,54.39,Spaceport / Landing Pad
-84.845,-132.0643,1864.8,1.11,0.24,64.3,208.2,151.4,0,0.0,0.28,347.0,0.134,64.5,55.64,Spaceport / Landing Pad
-80.513,76.9209,2372.5,0.5,0.15,69.3,212.0,155.4,0,0.0,0.23,347.5,0.132,69.4,57.67,Spaceport / Landing Pad
-86.3584,88.5312,3451.7,6.48,0.79,76.4,217.3,161.1,0,0.0,0.12,342.6,0.152,79.7,54.27,Secondary Exploration Zone
-85.3497,-141.5198,1231.1,1.81,0.37,58.1,203.6,146.5,0,0.0,0.27,333.6,0.188,58.5,53.46,Spaceport / Landing Pad
-85.857,14.3493,-229.9,7.93,0.75,41.6,191.2,133.3,0,0.0,0.26,289.5,0.366,44.5,40.36,Secondary Exploration Zone
-80.2628,-119.268,1632.7,0.88,0.21,62.2,206.7,149.8,0,0.0,0.18,345.9,0.138,62.3,54.99,Spaceport / Landing Pad
-86.2827,38.8845,1537.1,1.51,0.42,61.1,205.8,148.8,0,0.0,0.16,342.6,0.151,61.4,54.4,Spaceport / Landing Pad
-81.2866,44.1319,1251.6,0.5,0.43,58.9,204.2,147.1,0,0.0,0.18,335.2,0.181,58.7,54.23,Spaceport / Landing Pad
-82.8412,-50.2901,1259.0,1.88,0.47,58.3,203.7,146.6,0,0.0,0.26,334.3,0.185,58.7,53.47,Spaceport / Landing Pad
-81.0732,173.3952,1536.5,1.97,0.45,60.8,205.6,148.7,0,0.0,0.21,342.2,0.153,61.4,54.06,Spaceport / Landing Pad
-80.4507,140.553,995.9,1.28,0.47,56.2,202.1,144.9,0,0.0,0.06,327.2,0.214,56.2,53.25,Spaceport / Landing Pad
-83.8635,26.1753,1421.0,5.0,0.72,58.3,203.7,146.6,0,0.0,0.24,336.4,0.176,60.3,50.1,Secondary Exploration Zone
-81.9044,-20.9427,1872.3,0.86,0.24,64.5,208.4,151.6,0,0.0,0.09,347.2,0.133,64.6,55.79,Spaceport / Landing Pad
-83.478,-9.0579,1091.0,3.37,0.64,56.0,202.0,144.8,0,0.0,0.22,328.2,0.21,57.1,51.59,Spaceport / Landing Pad
-85.2606,-32.125,1203.2,1.46,0.32,58.0,203.5,146.4,0,0.0,0.1,333.0,0.19,58.2,53.63,Spaceport / Landing Pad
-85.3647,-25.0169,961.7,1.17,0.38,55.9,201.9,144.7,0,0.0,0.23,326.3,0.217,55.9,53.23,Spaceport / Landing Pad
-81.1516,43.2902,1242.3,0.52,0.37,58.8,204.1,147.0,0,0.0,0.17,335.0,0.182,58.6,54.21,Spaceport / Landing Pad
-81.2626,161.9522,1025.4,2.55,0.42,55.8,201.9,144.7,0,0.0,0.17,327.0,0.214,56.5,52.32,Spaceport / Landing Pad
-87.0218,-147.8043,1024.1,0.89,0.43,56.6,202.5,145.3,0,0.0,0.22,328.4,0.209,56.5,53.53,Spaceport / Landing Pad
-82.597,48.0665,1726.9,0.5,0.19,63.3,207.5,150.6,0,0.0,0.32,347.5,0.132,63.2,55.43,Spaceport / Landing Pad
-80.2628,29.268,1542.8,0.63,0.42,61.5,206.2,149.2,0,0.0,0.22,343.5,0.148,61.5,54.89,Spaceport / Landing Pad
-80.0,-32.9574,1525.0,1.23,0.31,61.1,205.8,148.9,0,0.0,0.11,342.5,0.152,61.3,54.55,Spaceport / Landing Pad
-81.3791,33.518,1666.4,1.14,0.2,62.4,206.8,149.9,0,0.0,0.35,346.7,0.135,62.6,54.94,Spaceport / Landing Pad
-80.0,-136.2873,1756.9,1.27,0.24,63.2,207.4,150.6,0,0.0,0.24,346.8,0.134,63.5,55.17,Spaceport / Landing Pad
-86.5755,-72.5528,630.9,1.36,0.32,52.7,199.5,142.2,0,0.0,0.17,316.6,0.257,52.7,52.33,Spaceport / Landing Pad
-88.11,-159.7751,757.6,4.39,0.41,52.4,199.3,142.0,0,0.0,0.35,317.8,0.252,53.9,49.44,Secondary Exploration Zone
-84.013,-59.0362,133.8,0.5,0.16,48.5,196.4,138.8,0,0.0,0.1,303.0,0.312,48.0,51.56,Spaceport / Landing Pad
-83.2264,-101.9293,1626.5,1.07,0.42,62.1,206.6,149.7,0,0.0,0.31,345.6,0.139,62.3,54.88,Spaceport / Landing Pad
-84.6786,-91.0051,1124.7,0.5,0.24,57.7,203.3,146.2,0,0.0,0.09,331.6,0.196,57.5,53.93,Spaceport / Landing Pad
-83.9148,159.3411,1366.2,0.88,0.44,59.8,204.8,147.8,0,0.0,0.22,338.2,0.169,59.8,54.35,Spaceport / Landing Pad
-86.5049,-124.1145,1408.7,1.13,0.42,60.0,205.0,148.0,0,0.0,0.23,339.2,0.165,60.2,54.33,Spaceport / Landing Pad
-87.1169,-60.9454,797.1,0.65,0.22,54.6,201.0,143.7,0,0.0,0.22,322.0,0.235,54.3,53.09,Spaceport / Landing Pad
-80.0,136.3169,1431.4,0.5,0.16,60.6,205.4,148.5,0,0.0,0.23,340.4,0.16,60.4,54.67,Spaceport / Landing Pad
-83.5967,149.3227,1326.0,0.97,0.29,59.4,204.5,147.5,0,0.0,0.33,337.0,0.174,59.4,54.21,Spaceport / Landing Pad
-87.2786,-22.1663,2026.5,1.52,0.27,65.6,209.2,152.5,0,0.0,0.24,346.6,0.135,66.1,55.94,Spaceport / Landing Pad
-86.1356,-52.8533,735.5,1.38,0.33,53.7,200.3,143.0,0,0.0,0.24,319.6,0.244,53.7,52.57,Spaceport / Landing Pad
-82.6017,119.4759,1687.6,0.99,0.31,62.7,207.0,150.2,0,0.0,0.2,347.1,0.133,62.8,55.08,Spaceport / Landing Pad
-80.0,-43.0908,900.6,0.89,0.26,55.5,201.6,144.4,0,0.0,0.29,324.8,0.223,55.3,53.24,Spaceport / Landing Pad
-82.597,-48.0665,1619.7,2.01,0.27,61.6,206.2,149.3,0,0.0,0.15,344.6,0.143,62.2,54.22,Spaceport / Landing Pad
-82.959,51.4588,1348.2,1.63,0.32,59.3,204.4,147.4,0,0.0,0.16,337.1,0.174,59.6,53.87,Spaceport / Landing Pad
-80.6797,-172.5191,1139.3,0.75,0.38,57.7,203.3,146.2,0,0.0,0.14,331.8,0.195,57.6,53.87,Spaceport / Landing Pad
-80.0,125.9915,2242.6,0.81,0.45,67.9,211.0,154.4,0,0.0,0.16,347.2,0.133,68.2,57.1,Spaceport / Landing Pad
-82.471,-42.9904,1949.2,0.56,0.27,65.3,209.0,152.3,0,0.0,0.22,347.4,0.132,65.4,56.18,Spaceport / Landing Pad
-81.3186,179.3839,1356.8,1.95,0.45,59.2,204.4,147.3,0,0.0,0.06,337.1,0.174,59.7,53.65,Spaceport / Landing Pad
-85.6358,48.4682,-1439.6,7.55,0.76,0.0,100.8,45.1,1,0.383,2.23,289.8,0.365,0.0,33.07,Secondary Exploration Zone
-81.9303,-131.2483,883.8,1.23,0.28,55.1,201.4,144.1,0,0.0,0.1,324.0,0.227,55.2,53.01,Spaceport / Landing Pad
-83.0838,-58.2405,452.0,0.54,0.21,51.5,198.6,141.2,0,0.0,0.25,312.2,0.275,51.0,52.3,Spaceport / Landing Pad
-82.1537,122.3666,1659.1,0.5,0.19,62.7,207.0,150.1,0,0.0,0.19,347.0,0.134,62.6,55.21,Spaceport / Landing Pad
-85.7737,136.7899,-633.9,6.15,0.63,38.7,189.0,131.0,0,0.0,0.11,291.0,0.36,40.6,42.65,Secondary Exploration Zone
-80.0,-30.7932,1586.5,0.84,0.45,61.8,206.4,149.5,0,0.0,0.33,344.6,0.143,61.9,54.9,Spaceport / Landing Pad
-85.3647,-154.9831,885.6,1.69,0.23,54.9,201.2,143.9,0,0.0,0.14,323.7,0.228,55.2,52.72,Spaceport / Landing Pad
-80.0,51.2635,921.2,0.95,0.2,55.6,201.7,144.5,0,0.0,0.27,325.3,0.221,55.5,53.25,Spaceport / Landing Pad
-86.2453,-34.8753,1639.7,0.88,0.28,62.3,206.7,149.9,0,0.0,0.11,346.1,0.137,62.4,55.01,Spaceport / Landing Pad
-83.5263,28.4127,1365.6,1.82,0.43,59.3,204.5,147.5,0,0.0,0.16,337.4,0.172,59.8,53.77,Spaceport / Landing Pad
-87.1169,-29.0546,2007.2,0.63,0.24,65.8,209.4,152.7,0,0.0,0.14,347.4,0.132,65.9,56.36,Spaceport / Landing Pad
-83.2936,-34.796,1349.1,1.17,0.43,59.5,204.6,147.6,0,0.0,0.06,337.5,0.172,59.6,54.17,Spaceport / Landing Pad
-80.5867,-157.249,1322.2,1.41,0.4,59.1,204.3,147.3,0,0.0,0.11,336.5,0.176,59.4,53.95,Spaceport / Landing Pad
-85.9334,-31.866,1468.5,1.13,0.37,60.6,205.5,148.5,0,0.0,0.3,341.0,0.158,60.8,54.47,Spaceport / Landing Pad
-83.2264,101.9293,1214.7,0.63,0.27,58.5,203.9,146.8,0,0.0,0.09,334.1,0.186,58.3,54.1,Spaceport / Landing Pad
-84.8653,-62.9691,39.2,0.5,0.19,47.7,195.7,138.1,0,0.0,0.3,300.3,0.323,47.1,51.33,Spaceport / Landing Pad
-81.8658,-86.7108,1255.4,1.07,0.38,58.7,204.0,146.9,0,0.0,0.2,334.9,0.183,58.7,53.99,Spaceport / Landing Pad
-84.473,-94.844,1052.4,0.65,0.19,57.0,202.7,145.6,0,0.0,0.31,329.4,0.205,56.8,53.7,Spaceport / Landing Pad
-80.7699,151.6208,369.4,0.99,0.4,50.5,197.9,140.4,0,0.0,0.1,309.4,0.286,50.2,51.91,Spaceport / Landing Pad
-82.7205,-40.8404,1843.7,1.02,0.4,64.1,208.1,151.3,0,0.0,0.26,347.1,0.133,64.3,55.61,Spaceport / Landing Pad
-81.6627,68.3177,1937.3,0.5,0.37,65.3,208.9,152.2,0,0.0,0.29,347.5,0.132,65.2,56.16,Spaceport / Landing Pad
-80.535,126.9829,1593.5,1.81,0.52,61.4,206.1,149.2,0,0.0,0.35,344.0,0.146,61.9,54.32,Spaceport / Landing Pad
-80.9568,-11.3099,726.2,0.5,0.2,54.0,200.5,143.2,0,0.0,0.08,320.1,0.243,53.6,52.98,Spaceport / Landing Pad
-81.9044,-69.0573,1873.9,1.39,0.4,64.2,208.2,151.4,0,0.0,0.23,346.7,0.135,64.6,55.5,Spaceport / Landing Pad
-80.0,-147.2953,612.2,1.13,0.23,52.7,199.5,142.1,0,0.0,0.35,316.3,0.258,52.6,52.42,Spaceport / Landing Pad
-83.372,-179.1931,2240.0,0.75,0.18,67.9,211.0,154.4,0,0.0,0.27,347.3,0.132,68.1,57.12,Spaceport / Landing Pad
-81.5258,139.4672,548.6,0.91,0.23,52.2,199.1,141.7,0,0.0,0.1,314.6,0.265,51.9,52.38,Spaceport / Landing Pad
-84.5813,-79.0772,1132.2,0.5,0.22,57.8,203.3,146.2,0,0.0,0.28,331.8,0.195,57.5,53.95,Spaceport / Landing Pad
-84.473,-175.156,1411.1,2.31,0.5,59.5,204.6,147.6,0,0.0,0.27,338.3,0.169,60.2,53.47,Spaceport / Landing Pad
-80.0,-135.6366,1854.3,0.62,0.26,64.4,208.3,151.5,0,0.0,0.25,347.4,0.132,64.4,55.83,Spaceport / Landing Pad
-86.5451,1.5482,2164.2,6.19,0.74,64.6,208.5,151.7,0,0.0,0.31,342.8,0.151,67.4,50.36,Secondary Exploration Zone
-80.0,43.5498,1492.9,0.66,0.4,61.1,205.8,148.8,0,0.0,0.26,342.1,0.154,61.0,54.75,Spaceport / Landing Pad
-80.0,145.0493,1187.4,0.92,0.33,58.1,203.6,146.5,0,0.0,0.1,333.0,0.19,58.1,53.91,Spaceport / Landing Pad
-80.0,45.0,1178.2,2.59,0.55,57.2,202.9,145.8,0,0.0,0.3,331.4,0.197,58.0,52.65,Spaceport / Landing Pad
-84.2143,-162.1497,1708.5,1.73,0.38,62.5,206.9,150.0,0,0.0,0.17,346.5,0.136,63.0,54.69,Spaceport / Landing Pad
-82.2071,124.2611,1621.4,1.17,0.46,62.0,206.5,149.6,0,0.0,0.32,345.3,0.14,62.2,54.82,Spaceport / Landing Pad
-80.0,129.4945,1753.8,2.16,0.53,62.8,207.1,150.2,0,0.0,0.3,346.1,0.137,63.5,54.5,Spaceport / Landing Pad
-82.0697,47.8624,1632.2,1.46,0.45,62.0,206.5,149.6,0,0.0,0.26,345.4,0.14,62.3,54.66,Spaceport / Landing Pad
-85.6358,41.5318,475.2,13.96,1.22,45.2,193.9,136.2,0,0.0,0.05,301.8,0.317,51.2,24.74,Secondary Exploration Zone
-80.0,-36.573,1002.0,1.24,0.41,56.2,202.2,145.0,0,0.0,0.05,327.4,0.213,56.3,53.29,Spaceport / Landing Pad
-81.8273,13.8775,1426.2,0.51,0.14,60.5,205.4,148.4,0,0.0,0.11,340.3,0.161,60.3,54.65,Spaceport / Landing Pad
-82.8704,-136.0609,582.6,1.56,0.49,52.2,199.1,141.7,0,0.0,0.18,315.1,0.263,52.3,52.08,Spaceport / Landing Pad
-80.9222,-4.1276,1206.2,2.16,0.47,57.7,203.3,146.1,0,0.0,0.12,332.6,0.192,58.2,53.11,Spaceport / Landing Pad
-80.4361,24.8142,1211.1,0.98,0.4,58.3,203.7,146.6,0,0.0,0.18,333.7,0.188,58.3,53.94,Spaceport / Landing Pad
-84.4857,33.9591,798.4,0.79,0.4,54.6,200.9,143.6,0,0.0,0.22,321.9,0.235,54.3,53.04,Spaceport / Landing Pad
-83.7398,-159.9439,1620.9,1.11,0.47,62.0,206.5,149.6,0,0.0,0.1,345.4,0.14,62.2,54.85,Spaceport / Landing Pad
-80.3925,147.6996,726.8,1.84,0.36,53.4,200.0,142.7,0,0.0,0.28,319.0,0.247,53.6,52.23,Spaceport / Landing Pad
-81.128,1.8087,1332.4,1.27,0.21,59.3,204.5,147.4,0,0.0,0.32,336.9,0.174,59.4,54.07,Spaceport / Landing Pad
-84.3793,-54.4623,330.5,1.99,0.38,49.6,197.2,139.7,0,0.0,0.32,307.5,0.294,49.9,51.15,Spaceport / Landing Pad
-80.1595,128.0657,1591.6,2.1,0.41,61.3,206.0,149.0,0,0.0,0.21,343.7,0.147,61.9,54.09,Spaceport / Landing Pad
-82.7109,80.4171,913.1,0.61,0.32,55.7,201.8,144.6,0,0.0,0.27,325.4,0.221,55.4,53.38,Spaceport / Landing Pad
-82.5081,-149.2811,184.7,1.01,0.34,48.8,196.6,139.0,0,0.0,0.08,304.1,0.307,48.5,51.46,Spaceport / Landing Pad
-81.4889,-21.218,1874.9,1.31,0.3,64.3,208.2,151.4,0,0.0,0.23,346.8,0.134,64.6,55.56,Spaceport / Landing Pad
-86.535,-62.7447,473.4,1.18,0.39,51.4,198.5,141.1,0,0.0,0.21,312.3,0.274,51.2,52.06,Spaceport / Landing Pad
-80.6053,27.8381,1375.4,0.68,0.37,60.0,205.0,148.0,0,0.0,0.28,338.7,0.167,59.9,54.47,Spaceport / Landing Pad
-80.0,-126.573,1477.9,0.5,0.41,61.0,205.7,148.8,0,0.0,0.1,341.8,0.155,60.8,54.78,Spaceport / Landing Pad
-86.6683,168.6901,954.7,1.25,0.38,55.8,201.8,144.6,0,0.0,0.26,326.1,0.218,55.8,53.17,Spaceport / Landing Pad
-84.4479,106.607,2359.8,4.5,0.49,67.3,210.4,153.8,0,0.0,0.23,344.2,0.145,69.3,53.86,Secondary Exploration Zone
-80.0189,65.1126,1043.0,0.76,0.41,56.8,202.6,145.5,0,0.0,0.22,329.0,0.206,56.7,53.63,Spaceport / Landing Pad
-80.1348,-159.5074,1413.0,0.5,0.3,60.4,205.3,148.3,0,0.0,0.24,339.9,0.162,60.2,54.62,Spaceport / Landing Pad
-84.5301,53.3257,-2798.5,3.72,0.6,0.0,62.0,49.9,1,0.635,3.47,293.0,0.352,0.0,44.28,ISRU Cryogenic Mining Outpost
-87.8838,131.4237,809.6,1.53,0.37,54.3,200.7,143.4,0,0.0,0.17,321.6,0.236,54.4,52.64,Spaceport / Landing Pad
-82.7637,-59.7968,602.9,1.23,0.48,52.5,199.4,142.0,0,0.0,0.13,315.9,0.259,52.5,52.34,Spaceport / Landing Pad
-82.9392,-155.8068,668.5,1.81,0.52,52.9,199.6,142.3,0,0.0,0.25,317.4,0.254,53.1,52.11,Spaceport / Landing Pad
-89.039,150.9454,532.4,1.83,0.5,51.6,198.7,141.3,0,0.0,0.07,313.4,0.27,51.8,51.76,Spaceport / Landing Pad
-83.3668,-103.8407,1740.1,1.71,0.23,62.8,207.1,150.3,0,0.0,0.34,346.5,0.136,63.4,54.82,Spaceport / Landing Pad
-82.252,111.9296,735.0,1.64,0.46,53.6,200.2,142.8,0,0.0,0.11,319.4,0.245,53.7,52.39,Spaceport / Landing Pad
-88.3672,-59.0362,1287.3,2.08,0.47,58.5,203.9,146.8,0,0.0,0.2,335.0,0.182,59.0,53.37,Spaceport / Landing Pad
-80.0,133.794,1204.9,0.5,0.36,58.5,203.8,146.8,0,0.0,0.32,333.9,0.187,58.2,54.12,Spaceport / Landing Pad
-86.2733,-157.9321,616.7,1.05,0.43,52.7,199.6,142.2,0,0.0,0.09,316.5,0.257,52.6,52.47,Spaceport / Landing Pad
-82.0522,-40.2364,1884.3,1.32,0.36,64.4,208.3,151.5,0,0.0,0.34,346.8,0.134,64.7,55.58,Spaceport / Landing Pad
-80.0,123.8262,2227.7,0.82,0.35,67.8,210.8,154.2,0,0.0,0.3,347.2,0.133,68.0,57.04,Spaceport / Landing Pad
-88.3887,-10.008,2240.9,0.5,0.35,68.1,211.1,154.5,0,0.0,0.16,347.5,0.132,68.1,57.22,Spaceport / Landing Pad
-82.2071,55.7389,1525.5,0.5,0.16,61.4,206.1,149.1,0,0.0,0.31,343.1,0.149,61.3,54.89,Spaceport / Landing Pad
-80.0,41.236,1621.9,1.42,0.35,61.9,206.4,149.5,0,0.0,0.27,345.2,0.141,62.2,54.67,Spaceport / Landing Pad
-85.1015,149.0362,1365.7,1.33,0.21,59.6,204.7,147.6,0,0.0,0.26,337.8,0.171,59.8,54.11,Spaceport / Landing Pad
-81.8529,-4.6001,325.2,1.41,0.27,49.9,197.4,139.9,0,0.0,0.19,307.8,0.292,49.8,51.57,Spaceport / Landing Pad
-83.1091,-171.4309,2147.9,0.5,0.33,67.2,210.4,153.8,0,0.0,0.17,347.5,0.132,67.3,56.89,Spaceport / Landing Pad
-83.1496,19.9164,1688.6,4.17,0.66,61.2,205.9,148.9,0,0.0,0.11,344.5,0.144,62.9,52.0,Secondary Exploration Zone
-80.0,-139.8793,882.4,1.39,0.46,55.0,201.3,144.0,0,0.0,0.24,323.9,0.227,55.1,52.91,Spaceport / Landing Pad
-83.3984,146.5346,1153.0,1.1,0.35,57.7,203.3,146.2,0,0.0,0.2,331.9,0.195,57.7,53.73,Spaceport / Landing Pad
-82.4942,21.1398,1786.9,0.68,0.23,63.8,207.8,151.0,0,0.0,0.32,347.3,0.132,63.8,55.57,Spaceport / Landing Pad
-83.6623,133.8065,517.0,9.98,0.99,47.5,195.7,138.0,0,0.0,0.1,306.3,0.299,51.6,37.18,Secondary Exploration Zone
-81.9087,-168.6901,1118.7,1.57,0.33,57.2,202.9,145.7,0,0.0,0.15,330.5,0.2,57.4,53.36,Spaceport / Landing Pad
-80.0,-154.6041,971.8,0.5,0.21,56.3,202.2,145.0,0,0.0,0.35,327.2,0.214,56.0,53.56,Spaceport / Landing Pad
-84.982,-170.3625,1011.0,2.43,0.49,55.7,201.8,144.6,0,0.0,0.21,326.7,0.216,56.4,52.4,Spaceport / Landing Pad
-85.6759,-32.6609,1375.4,0.81,0.37,59.9,204.9,147.9,0,0.0,0.31,338.6,0.168,59.9,54.41,Spaceport / Landing Pad
-80.2342,-121.7151,1728.6,0.5,0.39,63.3,207.5,150.7,0,0.0,0.11,347.5,0.132,63.2,55.43,Spaceport / Landing Pad
-82.597,23.0089,1874.0,1.84,0.27,64.0,208.0,151.2,0,0.0,0.14,346.4,0.136,64.6,55.18,Spaceport / Landing Pad
-86.1992,-24.6769,1413.9,1.87,0.41,59.7,204.8,147.8,0,0.0,0.07,338.8,0.167,60.2,53.85,Spaceport / Landing Pad
-80.0,155.556,956.4,2.09,0.44,55.4,201.5,144.3,0,0.0,0.26,325.4,0.221,55.8,52.57,Spaceport / Landing Pad
-87.0218,147.8043,438.7,0.5,0.32,51.4,198.5,141.1,0,0.0,0.33,311.8,0.276,50.9,52.29,Spaceport / Landing Pad
-88.1472,-130.9144,1010.7,1.85,0.43,56.0,202.0,144.8,0,0.0,0.14,327.2,0.214,56.4,52.89,Spaceport / Landing Pad
-80.1242,143.455,1151.5,1.12,0.48,57.7,203.3,146.1,0,0.0,0.14,331.8,0.195,57.7,53.72,Spaceport / Landing Pad
-85.4943,-166.8274,685.3,0.97,0.43,53.4,200.1,142.7,0,0.0,0.11,318.5,0.249,53.3,52.68,Spaceport / Landing Pad
-83.3878,-161.0535,1475.7,1.77,0.34,60.4,205.3,148.3,0,0.0,0.09,340.6,0.159,60.8,54.07,Spaceport / Landing Pad
-83.712,-95.9645,1061.9,1.13,0.41,56.8,202.6,145.5,0,0.0,0.08,329.3,0.205,56.9,53.5,Spaceport / Landing Pad
-81.4971,-107.2415,300.3,1.56,0.39,49.6,197.2,139.7,0,0.0,0.35,307.0,0.296,49.6,51.41,Spaceport / Landing Pad
-84.7778,118.8557,-1100.7,2.88,0.49,0.0,89.0,61.7,1,0.715,3.91,293.7,0.35,0.0,46.76,ISRU Cryogenic Mining Outpost
-80.8305,-22.1263,1763.2,1.02,0.25,63.4,207.5,150.7,0,0.0,0.19,347.0,0.133,63.6,55.33,Spaceport / Landing Pad
-81.5176,24.0265,1594.4,2.87,0.4,60.9,205.7,148.7,0,0.0,0.28,343.2,0.149,62.0,53.36,Spaceport / Landing Pad
-80.861,124.177,1684.8,0.5,0.41,62.9,207.2,150.3,0,0.0,0.32,347.5,0.132,62.8,55.28,Spaceport / Landing Pad
-89.524,-101.3099,894.8,5.51,0.6,53.2,199.9,142.5,0,0.0,0.28,320.8,0.24,55.3,48.01,Secondary Exploration Zone
-88.4104,-93.3665,823.6,0.59,0.16,54.9,201.2,143.9,0,0.0,0.2,322.8,0.231,54.6,53.18,Spaceport / Landing Pad
-85.3497,38.4802,2068.1,9.49,0.81,62.2,206.6,149.7,0,0.0,0.31,340.1,0.162,66.5,42.63,Secondary Exploration Zone
-84.7446,-56.5922,148.0,0.72,0.36,48.6,196.4,138.8,0,0.0,0.35,303.3,0.311,48.1,51.51,Spaceport / Landing Pad
-82.8412,67.7824,840.5,1.14,0.4,54.8,201.1,143.8,0,0.0,0.32,322.9,0.231,54.7,52.96,Spaceport / Landing Pad
-80.0224,117.2842,902.4,1.86,0.28,55.0,201.3,144.0,0,0.0,0.16,324.1,0.227,55.3,52.62,Spaceport / Landing Pad
-82.7637,30.2032,2128.4,0.76,0.3,66.9,210.2,153.5,0,0.0,0.12,347.3,0.133,67.1,56.72,Spaceport / Landing Pad
-82.2745,101.853,1124.3,1.3,0.45,57.3,203.0,145.9,0,0.0,0.06,330.9,0.199,57.5,53.55,Spaceport / Landing Pad
-82.8949,-9.8336,766.7,1.37,0.22,54.0,200.5,143.2,0,0.0,0.16,320.5,0.241,54.0,52.65,Spaceport / Landing Pad
-81.0226,-62.1027,1389.5,2.3,0.37,59.3,204.5,147.4,0,0.0,0.22,337.7,0.171,60.0,53.42,Spaceport / Landing Pad
-82.471,132.9904,633.7,0.94,0.33,53.0,199.7,142.4,0,0.0,0.1,317.1,0.255,52.8,52.57,Spaceport / Landing Pad
-81.8529,-175.3999,1525.1,1.81,0.3,60.8,205.6,148.6,0,0.0,0.27,342.0,0.154,61.3,54.16,Spaceport / Landing Pad
-80.3419,55.2348,636.2,0.5,0.3,53.2,199.9,142.6,0,0.0,0.28,317.5,0.253,52.8,52.76,Spaceport / Landing Pad
-86.2453,124.8753,214.9,6.4,0.64,46.5,194.8,137.2,0,0.0,0.21,300.5,0.322,48.7,44.74,Secondary Exploration Zone
-80.0,42.3676,887.8,0.9,0.44,55.3,201.5,144.3,0,0.0,0.15,324.4,0.225,55.2,53.2,Spaceport / Landing Pad
-86.721,4.8991,1084.4,18.11,1.44,48.9,196.7,139.1,0,0.0,0.34,315.9,0.259,57.1,22.15,Secondary Exploration Zone
-82.8266,32.2425,2128.5,0.79,0.44,66.9,210.2,153.5,0,0.0,0.13,347.2,0.133,67.1,56.71,Spaceport / Landing Pad
-81.2069,37.2348,1533.5,0.5,0.37,61.5,206.1,149.2,0,0.0,0.23,343.4,0.148,61.4,54.91,Spaceport / Landing Pad
-82.6918,114.9285,1284.5,2.56,0.46,58.2,203.7,146.6,0,0.0,0.12,334.5,0.184,59.0,52.93,Spaceport / Landing Pad
-84.6983,116.1139,-615.6,2.96,0.39,0.0,42.6,37.5,1,0.459,2.48,293.6,0.35,0.0,41.56,ISRU Cryogenic Mining Outpost
-85.7245,53.8807,-1567.7,6.83,0.64,0.0,62.7,52.7,1,0.415,2.48,290.4,0.363,0.0,35.14,ISRU Cryogenic Mining Outpost
-82.5782,-129.8978,760.9,1.64,0.46,53.8,200.4,143.0,0,0.0,0.18,320.2,0.242,54.0,52.45,Spaceport / Landing Pad
-81.4196,-98.1301,874.8,1.99,0.4,54.7,201.0,143.8,0,0.0,0.3,323.2,0.23,55.1,52.46,Spaceport / Landing Pad
-81.6501,5.7743,1114.9,1.65,0.46,57.1,202.8,145.7,0,0.0,0.12,330.3,0.201,57.4,53.29,Spaceport / Landing Pad
-88.0024,-37.4054,2001.3,1.8,0.48,65.2,208.9,152.2,0,0.0,0.14,346.4,0.136,65.9,55.66,Spaceport / Landing Pad
-80.5498,-69.7751,2002.2,0.5,0.35,65.9,209.4,152.7,0,0.0,0.2,347.5,0.132,65.9,56.39,Spaceport / Landing Pad
-84.3917,108.4349,1616.8,8.51,0.76,58.4,203.8,146.7,0,0.0,0.15,339.2,0.165,62.2,43.55,Secondary Exploration Zone
-80.0,-142.2143,613.4,0.5,0.38,53.0,199.7,142.4,0,0.0,0.06,316.8,0.256,52.6,52.71,Spaceport / Landing Pad
-87.0929,-47.6026,1440.6,1.94,0.27,60.0,205.0,148.0,0,0.0,0.29,339.5,0.164,60.5,53.85,Spaceport / Landing Pad
-86.8291,137.3859,850.3,3.64,0.6,53.7,200.3,142.9,0,0.0,0.16,321.1,0.239,54.8,50.68,Secondary Exploration Zone
-86.1176,170.3112,1195.5,0.5,0.35,58.4,203.8,146.7,0,0.0,0.21,333.6,0.188,58.1,54.1,Spaceport / Landing Pad
-80.736,-49.0856,1458.9,2.02,0.54,60.1,205.1,148.1,0,0.0,0.33,340.0,0.162,60.7,53.83,Spaceport / Landing Pad
-81.1202,-56.1429,765.6,0.5,0.16,54.4,200.8,143.5,0,0.0,0.35,321.2,0.238,54.0,53.07,Spaceport / Landing Pad
-80.0,140.0241,1621.5,0.5,0.26,62.3,206.7,149.9,0,0.0,0.07,345.9,0.138,62.2,55.12,Spaceport / Landing Pad
-87.2153,140.4403,551.0,1.96,0.49,51.7,198.8,141.4,0,0.0,0.17,313.8,0.268,52.0,51.71,Spaceport / Landing Pad
-84.2445,-8.3929,632.9,13.67,1.3,46.8,195.1,137.5,0,0.0,0.17,306.6,0.297,52.7,26.11,Secondary Exploration Zone
-84.7645,168.6901,1292.0,1.07,0.29,59.0,204.2,147.2,0,0.0,0.31,335.9,0.178,59.1,54.08,Spaceport / Landing Pad
-80.9645,109.9325,364.0,0.5,0.16,50.7,198.0,140.5,0,0.0,0.33,309.7,0.285,50.2,52.11,Spaceport / Landing Pad
-84.1187,-54.0395,413.6,2.09,0.25,50.4,197.8,140.3,0,0.0,0.19,309.8,0.284,50.7,51.27,Spaceport / Landing Pad
-80.0,136.4144,1241.2,1.17,0.32,58.5,203.9,146.8,0,0.0,0.14,334.4,0.185,58.6,53.91,Spaceport / Landing Pad
-84.3299,57.0948,-2004.1,6.57,0.64,0.0,75.1,69.9,1,0.19,1.13,290.6,0.362,0.0,31.11,Secondary Exploration Zone
-84.1902,-136.302,1812.4,1.11,0.42,63.8,207.9,151.0,0,0.0,0.31,347.0,0.134,64.0,55.45,Spaceport / Landing Pad
-84.4479,63.0042,-664.2,13.55,1.24,34.9,186.2,127.9,0,0.0,0.34,284.9,0.385,40.3,22.83,Secondary Exploration Zone
-82.9096,110.8209,1045.0,1.76,0.29,56.4,202.3,145.1,0,0.0,0.21,328.2,0.21,56.7,53.05,Spaceport / Landing Pad
-80.9645,-109.9325,336.1,1.55,0.3,49.9,197.4,139.9,0,0.0,0.06,308.0,0.292,49.9,51.5,Spaceport / Landing Pad
-88.9357,-37.875,1772.9,2.34,0.45,62.8,207.1,150.3,0,0.0,0.21,346.0,0.138,63.7,54.41,Spaceport / Landing Pad
-81.6878,-145.0607,558.0,0.93,0.31,52.3,199.2,141.8,0,0.0,0.07,314.9,0.264,52.0,52.4,Spaceport / Landing Pad
-81.7298,-126.7406,1090.8,1.05,0.29,57.1,202.9,145.7,0,0.0,0.2,330.2,0.202,57.1,53.61,Spaceport / Landing Pad
-86.6893,130.4261,2074.6,1.68,0.44,66.0,209.5,152.8,0,0.0,0.24,346.5,0.136,66.6,56.0,Spaceport / Landing Pad
-85.7491,70.7693,1021.3,16.3,1.44,49.2,196.9,139.3,0,0.0,0.25,315.6,0.261,56.5,22.18,Secondary Exploration Zone
-80.9069,58.431,863.5,1.2,0.27,55.0,201.2,144.0,0,0.0,0.29,323.5,0.229,55.0,52.98,Spaceport / Landing Pad
-82.1937,-41.1215,1930.7,0.5,0.23,65.2,208.9,152.2,0,0.0,0.23,347.5,0.132,65.2,56.14,Spaceport / Landing Pad
-85.5645,-98.4711,1525.2,0.71,0.2,61.3,206.0,149.1,0,0.0,0.34,342.9,0.15,61.3,54.81,Spaceport / Landing Pad
-87.6202,-41.8202,1834.8,1.82,0.24,63.7,207.8,150.9,0,0.0,0.32,346.4,0.136,64.3,55.06,Spaceport / Landing Pad
-85.5332,-10.8403,2331.6,4.66,0.59,66.9,210.2,153.5,0,0.0,0.17,344.1,0.146,69.0,53.52,Secondary Exploration Zone
-81.1911,-25.7505,2102.3,0.5,0.23,66.8,210.1,153.4,0,0.0,0.11,347.5,0.132,66.8,56.73,Spaceport / Landing Pad
-82.4341,-92.1211,1209.5,1.02,0.2,58.3,203.7,146.6,0,0.0,0.22,333.6,0.188,58.3,53.91,Spaceport / Landing Pad
-85.0309,-28.0092,949.5,0.72,0.23,56.0,202.0,144.8,0,0.0,0.32,326.3,0.217,55.8,53.43,Spaceport / Landing Pad
-88.2045,-98.9726,929.7,1.07,0.25,55.6,201.7,144.5,0,0.0,0.19,325.5,0.221,55.6,53.21,Spaceport / Landing Pad
-80.2235,47.3215,1062.6,1.27,0.27,56.8,202.6,145.4,0,0.0,0.19,329.2,0.206,56.9,53.42,Spaceport / Landing Pad
-80.0189,24.8874,1324.7,0.7,0.37,59.5,204.6,147.6,0,0.0,0.31,337.2,0.173,59.4,54.34,Spaceport / Landing Pad
-88.4104,40.2364,-1239.8,9.85,0.84,0.0,55.6,63.8,1,0.522,2.86,287.9,0.373,0.0,30.57,ISRU Cryogenic Mining Outpost
-86.8622,-157.249,857.3,0.97,0.43,55.0,201.3,144.0,0,0.0,0.3,323.5,0.229,54.9,53.09,Spaceport / Landing Pad
-86.9524,-152.6501,931.3,0.5,0.24,55.9,201.9,144.7,0,0.0,0.12,326.0,0.219,55.6,53.47,Spaceport / Landing Pad
-80.0224,-27.2842,1845.1,1.09,0.27,64.1,208.1,151.3,0,0.0,0.33,347.0,0.134,64.4,55.58,Spaceport / Landing Pad
-81.203,-160.796,1162.6,0.5,0.4,58.1,203.6,146.5,0,0.0,0.11,332.7,0.192,57.8,54.02,Spaceport / Landing Pad
-80.0,128.4431,2013.7,1.38,0.25,65.5,209.2,152.4,0,0.0,0.07,346.8,0.135,66.0,55.99,Spaceport / Landing Pad
-80.6797,-60.611,1143.3,1.46,0.29,57.4,203.1,145.9,0,0.0,0.21,331.3,0.197,57.6,53.49,Spaceport / Landing Pad
-87.1049,-159.2277,925.6,0.76,0.26,55.7,201.8,144.6,0,0.0,0.3,325.6,0.22,55.6,53.35,Spaceport / Landing Pad
-81.4644,-84.3518,1405.7,0.96,0.19,60.1,205.1,148.1,0,0.0,0.16,339.3,0.165,60.1,54.41,Spaceport / Landing Pad
-80.9993,-49.2054,1514.6,1.57,0.22,60.8,205.6,148.7,0,0.0,0.11,341.9,0.154,61.2,54.31,Spaceport / Landing Pad
-81.9693,109.6986,538.0,0.83,0.27,52.1,199.1,141.7,0,0.0,0.31,314.4,0.266,51.8,52.39,Spaceport / Landing Pad
-80.0,-38.8845,799.9,0.76,0.38,54.6,200.9,143.7,0,0.0,0.34,322.0,0.235,54.3,53.05,Spaceport / Landing Pad
-84.0363,-107.3005,1837.6,1.56,0.36,63.8,207.9,151.1,0,0.0,0.31,346.6,0.135,64.3,55.27,Spaceport / Landing Pad
-87.6202,131.8202,841.4,2.44,0.43,54.2,200.6,143.3,0,0.0,0.3,321.8,0.236,54.7,51.98,Spaceport / Landing Pad
-80.0,-144.0903,582.5,0.63,0.26,52.6,199.5,142.1,0,0.0,0.24,315.8,0.26,52.3,52.59,Spaceport / Landing Pad
-81.9346,-113.8952,650.7,1.19,0.47,53.0,199.7,142.4,0,0.0,0.22,317.4,0.254,52.9,52.48,Spaceport / Landing Pad
-80.4836,-68.7204,2032.5,0.5,0.3,66.1,209.6,152.9,0,0.0,0.06,347.5,0.132,66.1,56.49,Spaceport / Landing Pad
-80.0,-53.427,249.4,0.86,0.46,49.4,197.1,139.5,0,0.0,0.22,306.1,0.299,49.1,51.69,Spaceport / Landing Pad
-89.076,45.0,1953.8,4.94,0.53,63.3,207.5,150.6,0,0.0,0.34,343.8,0.146,65.4,51.77,Secondary Exploration Zone
-81.3186,-0.6161,1043.2,2.36,0.46,56.1,202.1,144.9,0,0.0,0.28,327.7,0.212,56.7,52.54,Spaceport / Landing Pad
-80.0,-145.3663,872.7,2.15,0.34,54.6,200.9,143.7,0,0.0,0.19,323.0,0.231,55.0,52.32,Spaceport / Landing Pad
-81.0967,60.4786,1143.1,1.24,0.44,57.5,203.2,146.0,0,0.0,0.26,331.5,0.196,57.6,53.63,Spaceport / Landing Pad
-83.9955,168.3407,1233.6,0.5,0.15,58.7,204.0,147.0,0,0.0,0.06,334.7,0.183,58.5,54.19,Spaceport / Landing Pad
-81.1556,135.0,483.6,0.5,0.41,51.8,198.8,141.4,0,0.0,0.08,313.1,0.271,51.3,52.39,Spaceport / Landing Pad
-80.0,-154.6041,971.8,0.5,0.21,56.3,202.2,145.0,0,0.0,0.35,327.2,0.214,56.0,53.56,Spaceport / Landing Pad
-82.1403,-142.7218,321.1,1.24,0.26,49.9,197.4,139.9,0,0.0,0.22,307.8,0.292,49.8,51.66,Spaceport / Landing Pad
-87.8511,87.5104,1463.2,3.76,0.43,59.3,204.5,147.4,0,0.0,0.31,338.7,0.167,60.7,52.0,Secondary Exploration Zone
-84.2143,-162.1497,1708.5,1.73,0.38,62.5,206.9,150.0,0,0.0,0.17,346.5,0.136,63.0,54.69,Spaceport / Landing Pad
-81.5423,42.3162,1492.3,1.69,0.39,60.6,205.4,148.4,0,0.0,0.3,341.2,0.157,61.0,54.17,Spaceport / Landing Pad
-81.0226,44.1575,1158.4,0.86,0.33,57.9,203.4,146.3,0,0.0,0.33,332.3,0.193,57.8,53.87,Spaceport / Landing Pad
-80.5498,-147.0948,813.6,0.75,0.33,54.7,201.0,143.8,0,0.0,0.2,322.4,0.233,54.5,53.09,Spaceport / Landing Pad
-81.2387,51.0542,941.4,0.62,0.44,56.0,202.0,144.8,0,0.0,0.07,326.2,0.218,55.7,53.45,Spaceport / Landing Pad
-83.9435,-24.5901,918.7,0.69,0.15,55.7,201.8,144.6,0,0.0,0.26,325.5,0.221,55.5,53.37,Spaceport / Landing Pad
-84.7645,11.3099,-3451.9,3.03,0.51,0.0,104.1,62.3,1,0.88,4.87,293.5,0.35,0.0,49.92,ISRU Cryogenic Mining Outpost
-88.1472,-139.0856,931.1,2.32,0.54,55.1,201.3,144.0,0,0.0,0.15,324.5,0.225,55.6,52.31,Spaceport / Landing Pad
-80.8078,-170.0594,1244.5,0.67,0.32,58.7,204.1,147.0,0,0.0,0.26,334.9,0.183,58.6,54.15,Spaceport / Landing Pad
-81.6794,-86.7845,1365.6,1.64,0.34,59.4,204.6,147.5,0,0.0,0.19,337.6,0.172,59.8,53.9,Spaceport / Landing Pad
-82.0785,-44.0452,2002.2,0.5,0.17,65.9,209.4,152.7,0,0.0,0.17,347.5,0.132,65.9,56.39,Spaceport / Landing Pad
-82.0917,149.5002,775.2,0.52,0.32,54.5,200.9,143.6,0,0.0,0.26,321.5,0.237,54.1,53.09,Spaceport / Landing Pad
-80.0,-141.87,938.4,1.29,0.35,55.6,201.7,144.5,0,0.0,0.19,325.6,0.22,55.7,53.11,Spaceport / Landing Pad
-84.1127,-25.3462,860.1,0.95,0.27,55.1,201.3,144.0,0,0.0,0.08,323.6,0.228,54.9,53.11,Spaceport / Landing Pad
-81.9606,164.5115,1173.3,2.24,0.32,57.3,203.0,145.9,0,0.0,0.35,331.5,0.196,57.9,52.96,Spaceport / Landing Pad
-86.3584,-88.5312,1522.9,0.76,0.26,61.3,206.0,149.0,0,0.0,0.26,342.8,0.15,61.3,54.78,Spaceport / Landing Pad
-82.3927,-96.3402,1380.6,0.5,0.18,60.1,205.1,148.1,0,0.0,0.05,339.0,0.166,59.9,54.54,Spaceport / Landing Pad
-87.8511,145.6197,315.8,1.51,0.35,49.7,197.3,139.8,0,0.0,0.1,307.4,0.294,49.7,51.48,Spaceport / Landing Pad
-83.3668,50.7106,976.6,1.82,0.28,55.7,201.8,144.6,0,0.0,0.26,326.2,0.218,56.0,52.84,Spaceport / Landing Pad
-83.1802,2.3533,-601.1,13.77,1.09,35.3,186.5,128.3,0,0.0,0.28,284.7,0.386,40.9,22.31,Secondary Exploration Zone
-80.0,-133.2101,1820.4,2.41,0.3,63.3,207.4,150.6,0,0.0,0.09,345.9,0.138,64.1,54.52,Spaceport / Landing Pad
-80.9069,148.431,625.1,0.77,0.42,53.0,199.7,142.4,0,0.0,0.25,317.0,0.255,52.7,52.63,Spaceport / Landing Pad
-89.197,35.5377,1924.3,0.5,0.42,65.1,208.9,152.1,0,0.0,0.12,347.5,0.132,65.1,56.11,Spaceport / Landing Pad
-84.0304,-153.0343,1491.2,0.5,0.33,61.1,205.8,148.9,0,0.0,0.18,342.1,0.153,61.0,54.81,Spaceport / Landing Pad
-85.2386,1.1233,-2212.3,5.04,0.71,0.0,93.5,60.3,1,0.533,2.99,291.9,0.357,0.0,40.5,ISRU Cryogenic Mining Outpost
-83.4301,112.5572,1699.6,6.09,0.78,60.4,205.3,148.3,0,0.0,0.19,342.9,0.15,63.0,48.91,Secondary Exploration Zone
-84.8653,-152.9691,1330.7,1.64,0.27,59.1,204.3,147.3,0,0.0,0.08,336.6,0.176,59.4,53.82,Spaceport / Landing Pad
-80.0,-23.4774,1358.3,2.26,0.35,59.0,204.3,147.2,0,0.0,0.07,336.9,0.175,59.7,53.38,Spaceport / Landing Pad
-81.5053,-90.6296,1496.6,0.5,0.3,61.2,205.9,148.9,0,0.0,0.21,342.3,0.153,61.0,54.82,Spaceport / Landing Pad
-83.1853,76.5348,687.5,0.78,0.29,53.5,200.1,142.8,0,0.0,0.17,318.8,0.248,53.3,52.78,Spaceport / Landing Pad
-80.0,-130.3466,1783.9,1.45,0.25,63.4,207.5,150.7,0,0.0,0.18,346.7,0.135,63.8,55.15,Spaceport / Landing Pad
-85.7737,-6.3402,668.0,17.61,1.49,45.3,194.0,136.2,0,0.0,0.17,304.3,0.306,53.1,21.2,Secondary Exploration Zone
-82.2251,4.8208,551.7,2.05,0.38,51.7,198.7,141.3,0,0.0,0.1,313.8,0.268,52.0,51.63,Spaceport / Landing Pad
-80.0,-144.0085,836.9,1.19,0.42,54.7,201.0,143.8,0,0.0,0.15,322.7,0.232,54.7,52.92,Spaceport / Landing Pad
-83.4089,102.2648,1212.2,0.62,0.42,58.5,203.9,146.8,0,0.0,0.22,334.0,0.186,58.3,54.1,Spaceport / Landing Pad
-86.9869,16.1892,-1747.0,6.58,0.71,0.0,104.8,56.8,1,0.781,4.17,290.6,0.362,0.0,42.92,ISRU Cryogenic Mining Outpost
-81.0927,-84.5881,1628.0,0.51,0.26,62.4,206.8,149.9,0,0.0,0.24,346.1,0.137,62.3,55.13,Spaceport / Landing Pad
-80.0,-129.3595,1412.7,0.5,0.15,60.4,205.3,148.3,0,0.0,0.31,339.9,0.162,60.2,54.62,Spaceport / Landing Pad
-81.3186,-89.3839,1572.0,0.74,0.28,61.8,206.3,149.4,0,0.0,0.06,344.3,0.145,61.7,54.91,Spaceport / Landing Pad
-87.4505,-113.7495,1578.8,0.61,0.36,61.9,206.4,149.5,0,0.0,0.26,344.6,0.143,61.8,54.98,Spaceport / Landing Pad
-83.0336,-35.1807,1429.8,0.5,0.14,60.5,205.4,148.4,0,0.0,0.12,340.4,0.16,60.4,54.66,Spaceport / Landing Pad
-83.8521,-30.0686,994.0,0.92,0.44,56.3,202.2,145.0,0,0.0,0.32,327.5,0.213,56.2,53.44,Spaceport / Landing Pad
-80.0,51.7098,676.8,2.05,0.42,52.8,199.6,142.3,0,0.0,0.21,317.4,0.253,53.2,51.93,Spaceport / Landing Pad
-80.0,44.4154,1088.8,2.64,0.29,56.4,202.3,145.1,0,0.0,0.05,328.8,0.207,57.1,52.38,Spaceport / Landing Pad
-80.0,35.5377,1843.0,0.79,0.31,64.2,208.2,151.4,0,0.0,0.05,347.2,0.133,64.3,55.72,Spaceport / Landing Pad
-81.7298,110.4804,457.8,0.5,0.27,51.5,198.7,141.2,0,0.0,0.14,312.4,0.274,51.1,52.33,Spaceport / Landing Pad
-89.34,-81.8699,1003.2,1.87,0.5,55.9,202.0,144.7,0,0.0,0.24,326.9,0.215,56.3,52.86,Spaceport / Landing Pad
-86.0288,66.4477,1276.2,2.82,0.35,58.0,203.5,146.4,0,0.0,0.24,334.0,0.186,58.9,52.65,Spaceport / Landing Pad
-89.2891,113.1986,1208.1,1.37,0.35,58.1,203.6,146.5,0,0.0,0.16,333.3,0.189,58.3,53.71,Spaceport / Landing Pad
-82.039,175.2921,2174.1,0.5,0.19,67.4,210.6,154.0,0,0.0,0.11,347.5,0.132,67.5,56.98,Spaceport / Landing Pad
-87.7872,152.354,207.8,0.87,0.38,49.0,196.8,139.2,0,0.0,0.19,304.9,0.304,48.7,51.58,Spaceport / Landing Pad
-81.3226,-168.2066,1102.7,0.5,0.43,57.5,203.1,146.0,0,0.0,0.06,330.9,0.199,57.2,53.88,Spaceport / Landing Pad
-86.2453,55.1247,792.8,11.12,0.96,49.5,197.2,139.6,0,0.0,0.11,313.3,0.27,54.3,34.63,Secondary Exploration Zone
-85.7737,-30.5297,1354.2,1.62,0.33,59.3,204.5,147.4,0,0.0,0.15,337.3,0.173,59.7,53.89,Spaceport / Landing Pad
-87.4505,113.7495,1461.1,9.33,1.05,56.6,202.4,145.3,0,0.0,0.25,334.0,0.186,60.7,41.15,Secondary Exploration Zone
-83.9148,-57.5288,202.6,1.03,0.46,48.9,196.7,139.1,0,0.0,0.25,304.6,0.305,48.6,51.49,Spaceport / Landing Pad
-81.5012,-38.7581,1726.9,1.5,0.26,62.8,207.1,150.3,0,0.0,0.21,346.7,0.135,63.2,54.92,Spaceport / Landing Pad
-87.4369,-10.4915,1910.5,1.53,0.51,64.5,208.4,151.6,0,0.0,0.32,346.6,0.135,65.0,55.54,Spaceport / Landing Pad
-80.9645,-146.8024,864.1,0.53,0.2,55.3,201.5,144.2,0,0.0,0.24,324.0,0.227,55.0,53.3,Spaceport / Landing Pad
-84.2687,-6.5463,-282.3,8.79,0.91,40.7,190.5,132.6,0,0.0,0.33,288.8,0.369,44.0,38.16,Secondary Exploration Zone
-80.0,58.1575,887.0,0.92,0.37,55.3,201.5,144.3,0,0.0,0.09,324.4,0.225,55.2,53.19,Spaceport / Landing Pad
-80.0,41.8202,706.4,0.5,0.42,53.8,200.4,143.1,0,0.0,0.3,319.5,0.245,53.5,52.93,Spaceport / Landing Pad
-86.9183,91.7357,2853.0,16.51,1.55,66.1,209.5,152.8,0,0.0,0.24,334.3,0.185,74.0,27.82,Secondary Exploration Zone
-86.8072,-15.2551,1597.5,1.78,0.46,61.5,206.1,149.2,0,0.0,0.28,344.1,0.145,62.0,54.36,Spaceport / Landing Pad
-85.4253,88.8309,2202.1,14.8,1.16,60.8,205.6,148.7,0,0.0,0.1,335.7,0.179,67.8,26.43,Secondary Exploration Zone
-83.1802,120.4258,2591.7,6.38,0.73,68.5,211.4,154.8,0,0.0,0.35,342.6,0.151,71.5,51.48,Secondary Exploration Zone
-85.0449,-3.2397,-1610.9,5.55,0.62,0.0,42.0,35.8,1,0.251,1.42,291.5,0.358,0.0,34.09,Secondary Exploration Zone
-81.9087,73.2374,1727.0,2.3,0.36,62.4,206.8,150.0,0,0.0,0.3,346.0,0.138,63.2,54.28,Spaceport / Landing Pad
-81.2069,52.7652,902.3,1.75,0.49,55.1,201.3,144.0,0,0.0,0.19,324.1,0.226,55.3,52.71,Spaceport / Landing Pad
-82.0873,17.1524,1596.1,0.73,0.27,62.0,206.5,149.6,0,0.0,0.2,345.0,0.142,62.0,54.97,Spaceport / Landing Pad
-81.1398,163.4742,1298.0,1.02,0.38,59.1,204.3,147.3,0,0.0,0.33,336.1,0.178,59.1,54.12,Spaceport / Landing Pad
-80.0119,-127.4054,1598.2,0.88,0.25,61.9,206.4,149.5,0,0.0,0.2,344.9,0.142,62.0,54.91,Spaceport / Landing Pad
-80.0,-41.4237,1045.6,1.04,0.25,56.7,202.5,145.4,0,0.0,0.1,328.9,0.207,56.7,53.51,Spaceport / Landing Pad
-83.9263,133.7546,-335.7,6.16,0.79,41.5,191.1,133.2,0,0.0,0.24,291.0,0.361,43.5,43.66,Secondary Exploration Zone
-80.1986,160.5297,1402.3,2.27,0.49,59.4,204.6,147.6,0,0.0,0.11,338.1,0.17,60.1,53.48,Spaceport / Landing Pad
-87.1049,69.2277,676.0,0.5,0.43,53.6,200.2,142.8,0,0.0,0.23,318.6,0.248,53.2,52.86,Spaceport / Landing Pad
-84.1543,51.4831,-1466.4,8.92,0.78,29.7,182.2,123.7,0,0.0,0.1,288.7,0.37,32.7,33.72,Secondary Exploration Zone
-87.8838,48.5763,-2376.4,2.75,0.56,0.0,75.3,46.7,1,0.841,4.68,293.8,0.349,0.0,49.39,ISRU Cryogenic Mining Outpost
-87.3303,-53.5308,1208.9,1.83,0.36,57.9,203.4,146.3,0,0.0,0.05,332.9,0.191,58.3,53.38,Spaceport / Landing Pad
-81.2746,-124.5401,1410.2,1.04,0.25,60.1,205.1,148.1,0,0.0,0.33,339.4,0.165,60.2,54.38,Spaceport / Landing Pad
-80.0,134.3489,1334.1,0.5,0.4,59.7,204.7,147.7,0,0.0,0.27,337.6,0.172,59.5,54.43,Spaceport / Landing Pad
-81.6043,-151.4404,627.9,1.33,0.48,52.7,199.5,142.2,0,0.0,0.26,316.6,0.257,52.7,52.34,Spaceport / Landing Pad
-83.9091,-105.1011,1721.9,0.73,0.34,63.1,207.4,150.5,0,0.0,0.16,347.3,0.132,63.2,55.32,Spaceport / Landing Pad
-81.0654,122.1957,1590.2,0.86,0.25,61.9,206.4,149.5,0,0.0,0.05,344.7,0.143,61.9,54.9,Spaceport / Landing Pad
-87.1049,110.7723,1201.3,14.39,1.27,51.8,198.8,141.4,0,0.0,0.3,322.4,0.233,58.2,24.96,Secondary Exploration Zone
-82.6017,29.4759,2173.6,0.5,0.34,67.4,210.6,154.0,0,0.0,0.28,347.5,0.132,67.5,56.98,Spaceport / Landing Pad
-86.6579,54.0903,1019.0,2.08,0.54,56.0,202.0,144.8,0,0.0,0.08,327.2,0.214,56.4,52.73,Spaceport / Landing Pad
-80.4873,137.3859,772.5,0.65,0.42,54.4,200.8,143.5,0,0.0,0.32,321.3,0.238,54.1,53.03,Spaceport / Landing Pad
-84.845,5.1944,-3338.1,2.54,0.37,0.0,99.1,55.6,1,0.895,4.89,293.9,0.348,0.0,50.65,ISRU Cryogenic Mining Outpost
-86.6267,-104.4208,1799.4,0.5,0.17,64.0,208.0,151.2,0,0.0,0.1,347.5,0.132,63.9,55.68,Spaceport / Landing Pad
-81.6878,-12.3194,719.5,1.57,0.49,53.4,200.1,142.8,0,0.0,0.1,319.0,0.247,53.6,52.4,Spaceport / Landing Pad
-81.9087,-78.6901,1292.7,0.64,0.25,59.2,204.4,147.4,0,0.0,0.31,336.3,0.177,59.1,54.28,Spaceport / Landing Pad
-87.0218,-32.1957,1961.3,0.5,0.14,65.5,209.1,152.4,0,0.0,0.27,347.5,0.132,65.5,56.24,Spaceport / Landing Pad
-81.9736,-171.3045,1323.1,1.87,0.43,58.9,204.2,147.1,0,0.0,0.15,336.2,0.177,59.4,53.63,Spaceport / Landing Pad
-84.2809,116.1468,-66.0,5.9,0.64,0.0,95.8,61.7,1,0.166,0.94,292.8,0.353,0.0,31.75,Secondary Exploration Zone
-82.8558,107.488,915.5,1.0,0.21,55.5,201.7,144.4,0,0.0,0.26,325.1,0.222,55.5,53.21,Spaceport / Landing Pad
-86.3015,-137.0454,991.2,0.96,0.27,56.3,202.2,145.0,0,0.0,0.31,327.4,0.213,56.2,53.42,Spaceport / Landing Pad
-82.7396,-171.8699,1979.2,1.82,0.5,65.0,208.8,152.0,0,0.0,0.29,346.4,0.136,65.6,55.56,Spaceport / Landing Pad
-80.0,-119.5537,1482.8,1.43,0.29,60.6,205.4,148.5,0,0.0,0.15,341.1,0.157,60.9,54.33,Spaceport / Landing Pad
-85.3124,-12.6526,1900.4,7.79,0.82,61.4,206.1,149.1,0,0.0,0.15,341.5,0.156,64.9,46.14,Secondary Exploration Zone
-85.5098,20.6955,-9.4,8.98,0.96,43.1,192.4,134.5,0,0.0,0.09,291.9,0.357,46.6,38.52,Secondary Exploration Zone
-85.8739,-37.6476,1497.8,0.83,0.45,61.0,205.8,148.8,0,0.0,0.18,342.1,0.154,61.0,54.69,Spaceport / Landing Pad
-85.7491,19.2307,354.5,8.98,0.96,46.5,194.9,137.2,0,0.0,0.31,302.4,0.314,50.1,39.38,Secondary Exploration Zone
-86.9183,91.7357,2853.0,16.51,1.55,66.1,209.5,152.8,0,0.0,0.24,334.3,0.185,74.0,27.82,Secondary Exploration Zone
-86.4456,166.3287,1059.4,0.88,0.17,56.9,202.7,145.5,0,0.0,0.32,329.4,0.205,56.8,53.62,Spaceport / Landing Pad
-84.2143,79.7778,1136.9,1.43,0.26,57.4,203.0,145.9,0,0.0,0.32,331.2,0.198,57.6,53.49,Spaceport / Landing Pad
-81.1753,156.9606,414.9,0.73,0.25,51.0,198.3,140.8,0,0.0,0.11,310.9,0.28,50.7,52.14,Spaceport / Landing Pad
-80.7022,-6.3402,1237.7,1.62,0.51,58.2,203.7,146.6,0,0.0,0.3,333.9,0.187,58.5,53.61,Spaceport / Landing Pad
-84.6786,1.0051,-2905.9,4.41,0.7,0.0,49.4,50.9,1,0.7,3.87,292.4,0.355,0.0,44.72,ISRU Cryogenic Mining Outpost
-80.6015,15.5546,869.0,1.07,0.2,55.1,201.3,144.1,0,0.0,0.3,323.7,0.228,55.0,53.07,Spaceport / Landing Pad
-80.0,-136.7899,1473.8,1.56,0.4,60.4,205.3,148.4,0,0.0,0.22,340.8,0.159,60.8,54.22,Spaceport / Landing Pad
-82.2071,-124.2611,874.5,0.86,0.19,55.2,201.4,144.2,0,0.0,0.28,324.1,0.226,55.1,53.19,Spaceport / Landing Pad
-83.9148,4.3987,-3228.4,4.3,0.63,0.0,62.1,42.9,1,0.523,2.99,292.5,0.354,0.0,41.33,ISRU Cryogenic Mining Outpost
-80.2342,144.335,1069.7,1.48,0.25,56.7,202.6,145.4,0,0.0,0.25,329.2,0.206,56.9,53.3,Spaceport / Landing Pad
-80.0,-36.4041,999.8,0.87,0.26,56.4,202.3,145.1,0,0.0,0.07,327.7,0.212,56.3,53.48,Spaceport / Landing Pad
-80.6499,14.4524,902.9,0.73,0.16,55.6,201.7,144.4,0,0.0,0.29,325.0,0.223,55.3,53.31,Spaceport / Landing Pad
-83.9666,124.9194,-515.7,4.96,0.47,0.0,69.5,39.6,1,0.292,1.72,291.9,0.357,0.0,35.81,Secondary Exploration Zone
-87.8511,-145.6197,1030.9,1.59,0.49,56.3,202.2,145.1,0,0.0,0.14,328.0,0.211,56.6,53.13,Spaceport / Landing Pad
-81.9997,97.3738,1291.0,0.63,0.39,59.2,204.4,147.4,0,0.0,0.31,336.3,0.177,59.1,54.28,Spaceport / Landing Pad
-81.5753,-9.5667,503.3,1.19,0.41,51.6,198.7,141.3,0,0.0,0.15,313.1,0.271,51.5,52.13,Spaceport / Landing Pad
-81.2826,12.9946,1272.7,1.14,0.28,58.8,204.1,147.0,0,0.0,0.08,335.3,0.181,58.9,54.0,Spaceport / Landing Pad
-80.0,133.6521,1301.2,0.5,0.2,59.4,204.5,147.5,0,0.0,0.21,336.7,0.175,59.1,54.35,Spaceport / Landing Pad
-83.1091,24.8293,1622.0,1.27,0.31,62.0,206.5,149.6,0,0.0,0.18,345.3,0.141,62.2,54.76,Spaceport / Landing Pad
-82.105,-24.444,1907.7,0.58,0.37,64.9,208.7,152.0,0,0.0,0.29,347.4,0.132,65.0,56.03,Spaceport / Landing Pad
-82.471,42.9904,1972.1,0.5,0.18,65.6,209.2,152.5,0,0.0,0.23,347.5,0.132,65.6,56.28,Spaceport / Landing Pad
-86.5149,172.3039,1045.3,0.94,0.28,56.8,202.6,145.4,0,0.0,0.16,328.9,0.207,56.7,53.56,Spaceport / Landing Pad
-82.252,-58.7995,744.5,0.54,0.31,54.2,200.6,143.3,0,0.0,0.14,320.6,0.241,53.8,53.01,Spaceport / Landing Pad
-80.2235,-132.6785,1337.4,1.16,0.29,59.4,204.5,147.5,0,0.0,0.27,337.2,0.173,59.5,54.14,Spaceport / Landing Pad
-84.6786,1.0051,-2905.9,4.41,0.7,0.0,49.4,50.9,1,0.7,3.87,292.4,0.355,0.0,44.72,ISRU Cryogenic Mining Outpost
-80.0,-137.9737,803.8,0.96,0.27,54.5,200.9,143.6,0,0.0,0.06,322.0,0.235,54.4,52.97,Spaceport / Landing Pad
-87.2153,166.4296,565.7,1.23,0.4,52.2,199.1,141.8,0,0.0,0.23,314.9,0.264,52.1,52.25,Spaceport / Landing Pad
-85.9852,1.3322,-28.5,8.04,0.75,43.4,192.6,134.7,0,0.0,0.3,292.1,0.356,46.4,40.73,Secondary Exploration Zone
-85.7737,-133.2101,1172.4,1.63,0.36,57.6,203.2,146.1,0,0.0,0.11,332.0,0.194,57.9,53.45,Spaceport / Landing Pad
-82.1937,-131.1215,742.7,0.78,0.42,54.0,200.5,143.2,0,0.0,0.21,320.3,0.242,53.8,52.91,Spaceport / Landing Pad
-87.6202,168.6901,370.8,1.74,0.5,50.1,197.6,140.1,0,0.0,0.16,308.8,0.288,50.2,51.45,Spaceport / Landing Pad
-88.346,-106.3895,885.2,1.15,0.18,55.2,201.4,144.2,0,0.0,0.13,324.1,0.226,55.2,53.06,Spaceport / Landing Pad
-80.0,120.9638,1700.6,2.1,0.25,62.3,206.7,149.8,0,0.0,0.24,346.2,0.137,63.0,54.37,Spaceport / Landing Pad
-85.4025,-84.1737,1350.1,1.58,0.47,59.3,204.5,147.4,0,0.0,0.11,337.2,0.173,59.6,53.9,Spaceport / Landing Pad
-83.4994,122.0926,1336.6,13.2,1.32,53.6,200.2,142.9,0,0.0,0.32,327.2,0.214,59.5,29.4,Secondary Exploration Zone
-83.372,-0.8069,-515.8,15.04,1.4,35.5,186.6,128.4,0,0.0,0.14,283.6,0.39,41.8,18.19,Secondary Exploration Zone
-82.252,36.1796,2154.7,0.63,0.16,67.2,210.4,153.8,0,0.0,0.13,347.4,0.132,67.3,56.87,Spaceport / Landing Pad
-81.6168,18.8384,1519.4,1.57,0.4,60.9,205.6,148.7,0,0.0,0.05,342.1,0.154,61.2,54.32,Spaceport / Landing Pad
-82.0303,161.5651,764.6,1.56,0.42,53.9,200.4,143.1,0,0.0,0.15,320.3,0.242,54.0,52.52,Spaceport / Landing Pad
-81.0576,-36.5111,1532.4,0.5,0.29,61.5,206.1,149.2,0,0.0,0.12,343.3,0.148,61.4,54.91,Spaceport / Landing Pad
-80.0,-39.0257,768.9,0.57,0.34,54.4,200.8,143.5,0,0.0,0.23,321.3,0.238,54.1,53.05,Spaceport / Landing Pad
-80.0,137.6943,1498.8,0.5,0.3,61.2,205.9,149.0,0,0.0,0.3,342.4,0.152,61.0,54.83,Spaceport / Landing Pad
-86.1176,27.1811,1912.2,3.98,0.57,63.3,207.5,150.7,0,0.0,0.32,344.6,0.143,65.0,53.03,Secondary Exploration Zone
-80.0,-149.9314,677.4,0.84,0.22,53.4,200.1,142.7,0,0.0,0.3,318.4,0.249,53.2,52.72,Spaceport / Landing Pad
-87.0335,77.2756,704.8,10.22,1.11,49.2,196.9,139.3,0,0.0,0.07,311.5,0.277,53.4,36.98,Secondary Exploration Zone
-80.5498,57.0948,656.6,0.62,0.14,53.3,200.0,142.7,0,0.0,0.26,318.0,0.251,53.0,52.76,Spaceport / Landing Pad
-80.0,-46.828,1159.1,0.67,0.27,58.0,203.5,146.4,0,0.0,0.24,332.4,0.193,57.8,53.95,Spaceport / Landing Pad
-84.6786,142.125,626.3,14.77,1.31,46.3,194.7,137.0,0,0.0,0.24,305.5,0.302,52.7,22.22,Secondary Exploration Zone
-82.0259,115.6652,993.8,1.72,0.49,55.9,201.9,144.7,0,0.0,0.13,326.8,0.215,56.2,52.95,Spaceport / Landing Pad
-80.3599,43.4306,1314.1,0.5,0.16,59.5,204.6,147.6,0,0.0,0.07,337.0,0.174,59.3,54.38,Spaceport / Landing Pad
-80.0084,60.3215,767.5,0.5,0.21,54.4,200.8,143.5,0,0.0,0.12,321.3,0.238,54.0,53.07,Spaceport / Landing Pad
-84.4479,153.0042,1566.3,0.99,0.17,61.6,206.2,149.3,0,0.0,0.08,343.9,0.146,61.7,54.78,Spaceport / Landing Pad
-80.0,147.5288,944.3,0.5,0.33,56.0,202.0,144.8,0,0.0,0.15,326.4,0.217,55.7,53.5,Spaceport / Landing Pad
-82.2655,-72.4397,1708.7,1.29,0.29,62.8,207.1,150.2,0,0.0,0.28,346.8,0.134,63.0,54.99,Spaceport / Landing Pad
-80.0,-61.8375,1263.2,2.14,0.52,58.2,203.7,146.6,0,0.0,0.15,334.2,0.185,58.8,53.26,Spaceport / Landing Pad
-82.9937,-2.2906,557.0,7.23,0.68,49.2,196.9,139.4,0,0.0,0.27,309.7,0.285,52.0,43.91,Secondary Exploration Zone
-85.5332,-63.9704,119.4,0.5,0.29,48.4,196.3,138.7,0,0.0,0.17,302.6,0.313,47.8,51.52,Spaceport / Landing Pad
-83.6294,-140.9469,1145.7,1.67,0.27,57.4,203.0,145.9,0,0.0,0.13,331.2,0.197,57.7,53.35,Spaceport / Landing Pad
-80.3744,-160.1593,1481.4,0.7,0.25,60.9,205.7,148.7,0,0.0,0.1,341.7,0.155,60.9,54.71,Spaceport / Landing Pad
-87.8674,113.1986,1655.8,4.74,0.68,60.6,205.5,148.5,0,0.0,0.24,343.4,0.148,62.5,51.07,Secondary Exploration Zone
-80.6275,135.0,645.9,0.53,0.16,53.3,199.9,142.6,0,0.0,0.21,317.8,0.252,52.9,52.77,Spaceport / Landing Pad
-81.3791,-70.3879,2003.7,0.56,0.4,65.8,209.4,152.7,0,0.0,0.21,347.4,0.132,65.9,56.37,Spaceport / Landing Pad
-88.7547,102.9946,1443.6,1.96,0.25,60.0,205.0,148.0,0,0.0,0.3,339.6,0.164,60.5,53.84,Spaceport / Landing Pad
-82.8217,102.7712,1118.6,1.72,0.32,57.1,202.8,145.7,0,0.0,0.19,330.4,0.201,57.4,53.25,Spaceport / Landing Pad
-81.646,-166.4296,1001.8,1.01,0.2,56.3,202.3,145.1,0,0.0,0.25,327.6,0.212,56.3,53.42,Spaceport / Landing Pad
-83.8578,16.7826,-1839.1,8.61,0.91,0.0,45.1,54.9,1,0.043,0.28,288.9,0.369,0.0,23.98,Secondary Exploration Zone
-83.8465,9.6052,-3282.0,4.89,0.49,0.0,50.9,49.5,1,0.509,2.9,292.0,0.356,0.0,40.24,ISRU Cryogenic Mining Outpost
-82.2475,2.07,323.9,1.73,0.39,49.7,197.3,139.8,0,0.0,0.09,307.5,0.294,49.8,51.34,Spaceport / Landing Pad
-82.2881,141.8817,664.3,0.86,0.23,53.3,200.0,142.6,0,0.0,0.26,318.0,0.251,53.1,52.68,Spaceport / Landing Pad
-86.3015,47.0454,2052.4,5.05,0.64,64.1,208.1,151.3,0,0.0,0.05,343.7,0.147,66.3,51.95,Secondary Exploration Zone
-80.0,45.0,561.0,0.79,0.3,52.4,199.3,141.9,0,0.0,0.06,315.1,0.263,52.1,52.47,Spaceport / Landing Pad
-86.535,175.3645,1021.0,0.91,0.4,56.6,202.4,145.3,0,0.0,0.17,328.3,0.209,56.5,53.52,Spaceport / Landing Pad
-83.372,89.1931,1567.3,0.5,0.41,61.8,206.4,149.5,0,0.0,0.14,344.3,0.144,61.7,54.99,Spaceport / Landing Pad
-81.6043,-151.4404,627.9,1.33,0.48,52.7,199.5,142.2,0,0.0,0.26,316.6,0.257,52.7,52.34,Spaceport / Landing Pad
-83.4994,-122.0926,1936.7,1.46,0.4,64.8,208.6,151.8,0,0.0,0.25,346.7,0.135,65.2,55.67,Spaceport / Landing Pad
-81.7933,-19.2593,1704.1,1.82,0.44,62.5,206.8,150.0,0,0.0,0.32,346.4,0.136,63.0,54.61,Spaceport / Landing Pad
-80.8305,-157.8737,1297.1,0.57,0.21,59.3,204.5,147.4,0,0.0,0.12,336.5,0.176,59.1,54.32,Spaceport / Landing Pad
-85.7164,-168.6901,635.6,0.69,0.27,53.1,199.8,142.5,0,0.0,0.29,317.3,0.254,52.8,52.69,Spaceport / Landing Pad
-84.4291,-148.707,1566.0,0.5,0.34,61.8,206.4,149.4,0,0.0,0.14,344.3,0.145,61.7,54.99,Spaceport / Landing Pad
-82.9838,146.9442,1068.4,1.31,0.33,56.8,202.6,145.4,0,0.0,0.31,329.3,0.205,56.9,53.41,Spaceport / Landing Pad
-87.5339,-150.5241,1056.8,0.5,0.27,57.1,202.8,145.7,0,0.0,0.24,329.6,0.204,56.8,53.77,Spaceport / Landing Pad
-84.7778,114.2744,-338.9,3.87,0.61,0.0,82.8,40.2,1,0.293,1.78,292.8,0.353,0.0,37.25,Secondary Exploration Zone
-82.3107,56.8887,1509.3,0.5,0.37,61.3,206.0,149.0,0,0.0,0.28,342.7,0.151,61.1,54.85,Spaceport / Landing Pad
-84.8247,-172.7468,1122.5,1.33,0.33,57.3,203.0,145.8,0,0.0,0.15,330.8,0.199,57.4,53.53,Spaceport / Landing Pad
-80.1348,-122.6375,1727.3,0.65,0.43,63.2,207.4,150.6,0,0.0,0.26,347.4,0.132,63.2,55.38,Spaceport / Landing Pad
-84.9474,168.2749,1329.2,0.62,0.34,59.6,204.7,147.6,0,0.0,0.22,337.4,0.173,59.4,54.38,Spaceport / Landing Pad
-84.4291,148.707,1399.6,1.21,0.35,59.9,204.9,147.9,0,0.0,0.24,338.9,0.166,60.1,54.26,Spaceport / Landing Pad
-87.0929,5.5275,-811.0,12.5,1.12,0.0,98.9,46.4,1,0.31,1.74,285.7,0.382,0.0,18.86,Secondary Exploration Zone
-84.2687,96.5463,1316.9,0.5,0.16,59.5,204.6,147.6,0,0.0,0.22,337.1,0.174,59.3,54.39,Spaceport / Landing Pad
-83.5967,30.6773,1348.5,2.0,0.4,59.1,204.3,147.3,0,0.0,0.23,336.8,0.175,59.6,53.59,Spaceport / Landing Pad
-85.4176,-86.4965,1417.7,0.5,0.26,60.4,205.3,148.3,0,0.0,0.13,340.0,0.162,60.3,54.63,Spaceport / Landing Pad
-82.7348,-47.0826,1682.5,0.92,0.4,62.7,207.0,150.2,0,0.0,0.26,347.1,0.133,62.8,55.1,Spaceport / Landing Pad
-82.8412,39.7099,2016.1,1.02,0.24,65.7,209.3,152.6,0,0.0,0.23,347.0,0.133,66.0,56.21,Spaceport / Landing Pad
-83.4994,111.0375,1531.4,4.34,0.68,59.6,204.7,147.7,0,0.0,0.33,340.1,0.161,61.4,51.37,Secondary Exploration Zone
-82.2251,94.8208,1377.2,0.76,0.34,59.9,205.0,147.9,0,0.0,0.31,338.6,0.167,59.9,54.43,Spaceport / Landing Pad
-81.1635,-148.8287,842.4,0.5,0.22,55.1,201.3,144.1,0,0.0,0.33,323.4,0.229,54.8,53.25,Spaceport / Landing Pad
-88.0376,-154.6538,785.6,0.59,0.36,54.5,200.9,143.6,0,0.0,0.26,321.7,0.236,54.2,53.09,Spaceport / Landing Pad
-80.7548,-54.8658,716.8,0.5,0.35,53.9,200.5,143.2,0,0.0,0.19,319.8,0.244,53.6,52.95,Spaceport / Landing Pad
-83.6294,-140.9469,1145.7,1.67,0.27,57.4,203.0,145.9,0,0.0,0.13,331.2,0.197,57.7,53.35,Spaceport / Landing Pad
-80.2592,18.4349,864.1,0.5,0.15,55.3,201.5,144.2,0,0.0,0.26,324.1,0.226,55.0,53.31,Spaceport / Landing Pad
-81.6794,136.8183,400.7,0.5,0.29,51.0,198.3,140.8,0,0.0,0.33,310.7,0.281,50.5,52.2,Spaceport / Landing Pad
-82.105,114.444,885.6,1.65,0.31,55.0,201.2,144.0,0,0.0,0.28,323.7,0.228,55.2,52.74,Spaceport / Landing Pad
-84.9405,52.4959,-3141.7,1.62,0.31,0.0,64.8,52.6,1,0.933,5.18,294.7,0.345,0.0,52.05,ISRU Cryogenic Mining Outpost
-81.2467,111.9149,362.9,0.5,0.36,50.7,198.0,140.5,0,0.0,0.07,309.6,0.285,50.2,52.11,Spaceport / Landing Pad
-80.0,-51.1155,509.4,2.5,0.45,51.1,198.3,140.8,0,0.0,0.29,312.2,0.274,51.6,51.13,Spaceport / Landing Pad
-80.4361,-24.8142,1870.3,0.59,0.22,64.6,208.4,151.7,0,0.0,0.2,347.4,0.132,64.6,55.89,Spaceport / Landing Pad
-85.1949,82.1847,5642.0,8.89,0.98,93.5,230.1,174.8,0,0.0,0.12,340.6,0.16,99.0,55.83,Solar Power Array
-84.6395,-144.9262,1598.5,0.71,0.43,62.0,206.5,149.6,0,0.0,0.08,345.1,0.141,62.0,54.99,Spaceport / Landing Pad
-82.0917,101.5752,1119.8,1.03,0.24,57.4,203.1,145.9,0,0.0,0.14,331.0,0.198,57.4,53.69,Spaceport / Landing Pad
-81.3548,-127.9835,1387.2,1.64,0.25,59.6,204.7,147.7,0,0.0,0.14,338.2,0.169,60.0,53.95,Spaceport / Landing Pad
-80.1879,64.6538,1040.2,0.54,0.32,56.9,202.7,145.5,0,0.0,0.08,329.1,0.206,56.7,53.71,Spaceport / Landing Pad
-86.4456,156.8014,864.2,1.9,0.47,54.6,201.0,143.7,0,0.0,0.17,322.9,0.231,55.0,52.5,Spaceport / Landing Pad
-85.7491,-109.2307,1527.5,1.06,0.26,61.2,205.9,148.9,0,0.0,0.29,342.7,0.151,61.3,54.65,Spaceport / Landing Pad
-87.6646,-87.7094,1024.3,1.03,0.39,56.5,202.4,145.2,0,0.0,0.1,328.2,0.21,56.5,53.46,Spaceport / Landing Pad
-80.6462,-126.0694,1748.3,0.74,0.15,63.4,207.5,150.7,0,0.0,0.22,347.3,0.132,63.4,55.41,Spaceport / Landing Pad
-80.0,45.7345,1333.0,1.42,0.35,59.2,204.4,147.4,0,0.0,0.14,336.8,0.175,59.5,53.97,Spaceport / Landing Pad
-81.9044,159.0573,527.7,1.56,0.23,51.7,198.8,141.3,0,0.0,0.12,313.5,0.269,51.7,51.95,Spaceport / Landing Pad
-80.0,150.4463,684.4,0.5,0.25,53.6,200.2,142.9,0,0.0,0.19,318.9,0.247,53.2,52.88,Spaceport / Landing Pad
-80.0,51.2635,921.2,0.95,0.2,55.6,201.7,144.5,0,0.0,0.27,325.3,0.221,55.5,53.25,Spaceport / Landing Pad
-81.4196,-98.1301,874.8,1.99,0.4,54.7,201.0,143.8,0,0.0,0.3,323.2,0.23,55.1,52.46,Spaceport / Landing Pad
-81.2786,-95.5275,1090.9,1.91,0.29,56.7,202.5,145.4,0,0.0,0.28,329.4,0.205,57.1,53.04,Spaceport / Landing Pad
-81.1516,-136.7098,1157.7,0.88,0.21,57.8,203.4,146.3,0,0.0,0.2,332.2,0.193,57.8,53.86,Spaceport / Landing Pad
-82.039,-4.7079,225.9,1.19,0.35,49.1,196.8,139.2,0,0.0,0.27,305.1,0.303,48.9,51.46,Spaceport / Landing Pad
-83.5479,-104.2373,1749.2,1.76,0.29,62.9,207.2,150.3,0,0.0,0.31,346.4,0.136,63.4,54.81,Spaceport / Landing Pad
-82.597,-76.139,1396.7,1.01,0.19,60.0,205.0,148.0,0,0.0,0.29,339.0,0.166,60.1,54.36,Spaceport / Landing Pad
-82.8412,67.7824,840.5,1.14,0.4,54.8,201.1,143.8,0,0.0,0.32,322.9,0.231,54.7,52.96,Spaceport / Landing Pad
-80.0,-121.5043,1615.0,0.98,0.18,62.0,206.5,149.6,0,0.0,0.13,345.3,0.14,62.2,54.9,Spaceport / Landing Pad
-83.6239,-107.9044,1967.7,1.57,0.39,65.0,208.8,152.0,0,0.0,0.27,346.6,0.135,65.5,55.71,Spaceport / Landing Pad
-82.6918,-28.2016,1448.6,0.8,0.2,60.6,205.4,148.5,0,0.0,0.16,340.7,0.159,60.6,54.59,Spaceport / Landing Pad
-83.7789,-62.2815,271.9,0.95,0.37,49.6,197.2,139.7,0,0.0,0.28,306.6,0.297,49.3,51.7,Spaceport / Landing Pad
-82.6065,133.977,587.3,1.0,0.46,52.5,199.4,142.0,0,0.0,0.1,315.7,0.26,52.3,52.43,Spaceport / Landing Pad
-81.1911,-64.2495,1702.7,2.08,0.5,62.3,206.7,149.9,0,0.0,0.17,346.2,0.137,63.0,54.39,Spaceport / Landing Pad
-80.5867,22.751,1077.8,0.97,0.35,57.1,202.8,145.6,0,0.0,0.28,329.8,0.203,57.0,53.62,Spaceport / Landing Pad
-80.2306,45.7742,1182.3,1.39,0.4,57.8,203.4,146.3,0,0.0,0.31,332.5,0.192,58.0,53.63,Spaceport / Landing Pad
-86.9869,163.8108,661.1,1.74,0.26,52.8,199.6,142.3,0,0.0,0.24,317.2,0.254,53.0,52.14,Spaceport / Landing Pad
-84.1902,66.3179,423.4,3.58,0.42,49.7,197.3,139.8,0,0.0,0.27,308.8,0.288,50.7,49.73,Secondary Exploration Zone
-80.7511,137.454,663.4,0.64,0.39,53.4,200.0,142.7,0,0.0,0.13,318.2,0.25,53.0,52.77,Spaceport / Landing Pad
-80.0,145.6197,1136.1,1.05,0.37,57.6,203.2,146.1,0,0.0,0.26,331.5,0.197,57.6,53.72,Spaceport / Landing Pad
-80.9184,12.4649,1098.2,1.1,0.41,57.2,202.9,145.7,0,0.0,0.18,330.3,0.201,57.2,53.6,Spaceport / Landing Pad
-84.6136,152.1027,1533.6,0.52,0.41,61.5,206.1,149.2,0,0.0,0.1,343.3,0.148,61.4,54.91,Spaceport / Landing Pad
-86.8622,67.249,662.5,0.5,0.22,53.4,200.1,142.7,0,0.0,0.3,318.3,0.25,53.0,52.82,Spaceport / Landing Pad
-80.0,-51.1155,509.4,2.5,0.45,51.1,198.3,140.8,0,0.0,0.29,312.2,0.274,51.6,51.13,Spaceport / Landing Pad
-80.0,-122.7047,1485.7,0.67,0.24,61.0,205.7,148.8,0,0.0,0.15,341.8,0.154,60.9,54.74,Spaceport / Landing Pad
-81.8658,86.7108,1008.7,0.5,0.36,56.6,202.5,145.3,0,0.0,0.21,328.2,0.21,56.3,53.65,Spaceport / Landing Pad
-87.0335,65.8545,687.3,0.5,0.38,53.7,200.2,142.9,0,0.0,0.09,319.0,0.247,53.3,52.88,Spaceport / Landing Pad
-84.3176,104.2645,1440.4,2.74,0.4,59.6,204.7,147.7,0,0.0,0.24,338.8,0.167,60.5,53.12,Spaceport / Landing Pad
-80.7586,-113.1986,810.1,1.4,0.3,54.4,200.8,143.5,0,0.0,0.32,321.8,0.236,54.4,52.73,Spaceport / Landing Pad
-86.1992,155.3231,986.1,1.42,0.24,56.0,202.0,144.8,0,0.0,0.07,326.8,0.215,56.1,53.14,Spaceport / Landing Pad
-82.6918,-114.9285,1320.5,1.92,0.46,58.9,204.1,147.1,0,0.0,0.33,336.0,0.178,59.3,53.58,Spaceport / Landing Pad
-80.0,47.7591,1000.4,1.63,0.49,56.0,202.0,144.8,0,0.0,0.11,327.1,0.214,56.3,53.03,Spaceport / Landing Pad
-80.524,116.3126,707.5,1.98,0.44,53.1,199.9,142.5,0,0.0,0.24,318.3,0.25,53.5,52.07,Spaceport / Landing Pad
-81.9693,160.3014,635.0,1.35,0.23,52.8,199.6,142.2,0,0.0,0.27,316.8,0.256,52.8,52.34,Spaceport / Landing Pad
-84.659,-5.0131,-1228.9,6.69,0.61,0.0,98.7,62.9,1,0.064,0.44,290.5,0.362,0.0,28.36,Secondary Exploration Zone
-89.197,-125.5377,577.3,0.94,0.38,52.4,199.3,141.9,0,0.0,0.1,315.4,0.261,52.2,52.43,Spaceport / Landing Pad
-85.0449,86.7603,1999.5,1.33,0.49,65.4,209.1,152.3,0,0.0,0.08,346.8,0.134,65.8,55.98,Spaceport / Landing Pad
-81.3589,-100.5816,554.4,2.05,0.3,51.7,198.8,141.4,0,0.0,0.3,313.9,0.268,52.0,51.64,Spaceport / Landing Pad
-83.8578,163.2174,1231.3,1.02,0.39,58.5,203.8,146.8,0,0.0,0.31,334.2,0.185,58.5,53.96,Spaceport / Landing Pad
-80.0,-49.0377,852.8,1.8,0.26,54.6,200.9,143.7,0,0.0,0.3,322.7,0.232,54.9,52.55,Spaceport / Landing Pad
-83.3984,-146.5346,793.7,2.64,0.35,53.6,200.2,142.9,0,0.0,0.24,320.3,0.242,54.3,51.67,Spaceport / Landing Pad
-85.8319,-34.0459,1468.7,1.11,0.39,60.6,205.5,148.5,0,0.0,0.13,341.0,0.158,60.8,54.49,Spaceport / Landing Pad
-81.4807,175.6013,1774.9,1.76,0.24,63.1,207.4,150.5,0,0.0,0.13,346.4,0.136,63.7,54.9,Spaceport / Landing Pad
-81.692,-0.6437,654.7,1.83,0.52,52.7,199.5,142.2,0,0.0,0.34,316.9,0.255,53.0,52.06,Spaceport / Landing Pad
-80.0,-38.2464,1125.4,1.11,0.46,57.4,203.1,145.9,0,0.0,0.31,331.1,0.198,57.5,53.66,Spaceport / Landing Pad
-87.0335,-114.1455,1712.7,0.5,0.17,63.2,207.4,150.5,0,0.0,0.06,347.5,0.132,63.1,55.38,Spaceport / Landing Pad
-82.9937,92.2906,1591.3,0.5,0.14,62.0,206.5,149.6,0,0.0,0.31,345.0,0.142,61.9,55.05,Spaceport / Landing Pad
-83.0037,-45.0,1747.0,0.92,0.38,63.3,207.5,150.6,0,0.0,0.34,347.1,0.133,63.4,55.32,Spaceport / Landing Pad
-80.3419,113.344,403.8,0.71,0.15,50.9,198.2,140.7,0,0.0,0.27,310.6,0.281,50.6,52.13,Spaceport / Landing Pad
-80.0,-43.794,1043.8,0.81,0.34,56.8,202.6,145.5,0,0.0,0.14,329.0,0.207,56.7,53.61,Spaceport / Landing Pad
-83.8578,73.2174,539.6,1.01,0.25,52.1,199.0,141.6,0,0.0,0.06,314.3,0.266,51.9,52.31,Spaceport / Landing Pad
-89.197,-35.5377,1688.7,1.97,0.29,62.2,206.7,149.8,0,0.0,0.22,346.3,0.137,62.9,54.44,Spaceport / Landing Pad
-84.4479,16.607,-2766.5,4.71,0.57,0.0,95.7,61.7,1,0.488,2.88,292.1,0.356,0.0,40.08,ISRU Cryogenic Mining Outpost
-87.069,-127.2348,1478.2,0.58,0.29,61.0,205.7,148.8,0,0.0,0.09,341.7,0.155,60.8,54.75,Spaceport / Landing Pad
-84.7778,61.1443,-1905.3,6.23,0.55,0.0,42.9,46.2,1,0.276,1.5,290.9,0.361,0.0,33.43,Secondary Exploration Zone
-80.7473,87.1087,1201.8,1.63,0.32,57.9,203.4,146.3,0,0.0,0.28,332.9,0.191,58.2,53.52,Spaceport / Landing Pad
-86.8072,164.7449,802.5,1.3,0.37,54.3,200.8,143.5,0,0.0,0.22,321.6,0.236,54.4,52.78,Spaceport / Landing Pad
-88.9357,127.875,923.7,1.68,0.29,55.3,201.5,144.2,0,0.0,0.17,324.8,0.223,55.5,52.81,Spaceport / Landing Pad
-81.0265,71.1881,2171.3,0.94,0.43,67.2,210.4,153.8,0,0.0,0.17,347.1,0.133,67.5,56.79,Spaceport / Landing Pad
-84.013,-59.0362,133.8,0.5,0.16,48.5,196.4,138.8,0,0.0,0.1,303.0,0.312,48.0,51.56,Spaceport / Landing Pad
-84.6136,98.9726,1230.1,0.93,0.36,58.5,203.9,146.8,0,0.0,0.26,334.3,0.185,58.5,54.01,Spaceport / Landing Pad
-87.069,-127.2348,1478.2,0.58,0.29,61.0,205.7,148.8,0,0.0,0.09,341.7,0.155,60.8,54.75,Spaceport / Landing Pad
-82.5268,152.4748,835.2,0.64,0.34,55.0,201.2,144.0,0,0.0,0.15,323.1,0.23,54.7,53.19,Spaceport / Landing Pad
-83.3878,-71.0535,1189.2,1.27,0.23,57.9,203.5,146.4,0,0.0,0.22,332.8,0.191,58.1,53.72,Spaceport / Landing Pad
-81.8701,12.6002,1362.0,0.5,0.19,59.9,204.9,147.9,0,0.0,0.18,338.4,0.168,59.7,54.5,Spaceport / Landing Pad
-82.1537,-147.6334,244.5,0.99,0.17,49.3,197.0,139.5,0,0.0,0.15,305.8,0.3,49.0,51.61,Spaceport / Landing Pad
-80.0,-149.9314,677.4,0.84,0.22,53.4,200.1,142.7,0,0.0,0.3,318.4,0.249,53.2,52.72,Spaceport / Landing Pad
-83.712,-84.0355,915.5,0.66,0.15,55.7,201.8,144.6,0,0.0,0.26,325.4,0.221,55.5,53.37,Spaceport / Landing Pad
-81.4196,-120.75,1113.2,1.56,0.4,57.1,202.8,145.7,0,0.0,0.23,330.4,0.201,57.3,53.35,Spaceport / Landing Pad
-84.1127,115.3462,428.2,5.83,0.64,48.7,196.5,139.0,0,0.0,0.29,307.1,0.295,50.8,46.33,Secondary Exploration Zone
-86.9183,-1.7357,1648.6,2.55,0.42,61.6,206.2,149.3,0,0.0,0.18,345.0,0.142,62.5,53.81,Spaceport / Landing Pad
-83.8635,-116.1753,2244.1,1.44,0.37,67.6,210.7,154.1,0,0.0,0.28,346.7,0.135,68.2,56.76,Spaceport / Landing Pad
-81.8658,-86.7108,1255.4,1.07,0.38,58.7,204.0,146.9,0,0.0,0.2,334.9,0.183,58.7,53.99,Spaceport / Landing Pad
-80.7473,59.0362,809.9,0.5,0.24,54.8,201.1,143.8,0,0.0,0.21,322.5,0.233,54.4,53.18,Spaceport / Landing Pad
-80.0995,45.0,1294.5,0.99,0.18,59.1,204.3,147.2,0,0.0,0.16,336.1,0.178,59.1,54.13,Spaceport / Landing Pad
-80.0,147.2953,911.7,1.07,0.2,55.5,201.6,144.4,0,0.0,0.25,325.0,0.223,55.4,53.17,Spaceport / Landing Pad
-82.2475,-92.07,1279.4,0.62,0.28,59.1,204.3,147.3,0,0.0,0.31,335.9,0.178,58.9,54.26,Spaceport / Landing Pad
-85.2022,127.0928,-1940.2,2.14,0.35,0.0,66.1,67.0,1,0.89,4.74,294.3,0.347,0.0,50.87,ISRU Cryogenic Mining Outpost
-86.6061,148.4957,611.7,1.59,0.24,52.4,199.3,142.0,0,0.0,0.31,315.9,0.26,52.5,52.13,Spaceport / Landing Pad
-84.0538,132.4552,-833.9,4.39,0.42,0.0,88.6,61.8,1,0.076,0.51,292.4,0.355,0.0,32.26,Secondary Exploration Zone
-86.2453,55.1247,792.8,11.12,0.96,49.5,197.2,139.6,0,0.0,0.11,313.3,0.27,54.3,34.63,Secondary Exploration Zone
-85.0873,-128.8298,1744.2,1.93,0.53,62.8,207.1,150.2,0,0.0,0.08,346.3,0.136,63.4,54.66,Spaceport / Landing Pad
-81.7298,20.4804,1637.1,0.72,0.19,62.4,206.8,149.9,0,0.0,0.23,346.2,0.137,62.4,55.08,Spaceport / Landing Pad
-81.1202,50.1173,893.9,0.6,0.39,55.5,201.7,144.4,0,0.0,0.32,324.8,0.223,55.2,53.34,Spaceport / Landing Pad
-80.4946,17.7232,855.3,0.5,0.14,55.2,201.4,144.2,0,0.0,0.25,323.8,0.227,54.9,53.29,Spaceport / Landing Pad
-80.0,145.5735,1033.6,1.44,0.29,56.4,202.3,145.1,0,0.0,0.22,328.2,0.21,56.6,53.24,Spaceport / Landing Pad
-80.8534,-24.7343,2028.1,0.5,0.28,66.1,209.6,152.9,0,0.0,0.14,347.5,0.132,66.1,56.48,Spaceport / Landing Pad
-83.7453,-52.275,700.8,2.04,0.5,53.1,199.8,142.4,0,0.0,0.24,318.1,0.251,53.4,52.0,Spaceport / Landing Pad
-87.2915,-1.9749,2072.5,4.67,0.57,64.5,208.4,151.6,0,0.0,0.26,344.0,0.146,66.5,52.6,Secondary Exploration Zone
-80.0,121.5043,1761.0,1.58,0.33,63.1,207.3,150.5,0,0.0,0.16,346.6,0.135,63.6,54.98,Spaceport / Landing Pad
-85.4635,126.6341,-1677.4,2.85,0.51,0.0,44.8,39.7,1,0.765,4.07,293.7,0.349,0.0,47.79,ISRU Cryogenic Mining Outpost
-81.9303,-119.8271,835.7,0.86,0.34,54.9,201.2,143.9,0,0.0,0.21,323.0,0.231,54.7,53.09,Spaceport / Landing Pad
-81.8273,13.8775,1426.2,0.51,0.14,60.5,205.4,148.4,0,0.0,0.11,340.3,0.161,60.3,54.65,Spaceport / Landing Pad
-80.0,-122.3914,1582.8,0.8,0.3,61.8,206.4,149.5,0,0.0,0.17,344.5,0.144,61.8,54.91,Spaceport / Landing Pad
-85.1158,-153.9246,1111.2,1.17,0.21,57.3,203.0,145.8,0,0.0,0.15,330.6,0.2,57.3,53.59,Spaceport / Landing Pad
-82.0303,-108.4349,745.3,1.62,0.22,53.7,200.2,142.9,0,0.0,0.08,319.7,0.244,53.8,52.43,Spaceport / Landing Pad
-84.659,-95.0131,1117.3,0.5,0.27,57.7,203.2,146.1,0,0.0,0.25,331.4,0.197,57.4,53.91,Spaceport / Landing Pad
-86.1627,108.4349,2771.4,2.51,0.3,72.0,214.0,157.6,0,0.0,0.34,345.8,0.138,73.2,57.72,Spaceport / Landing Pad
-80.0,45.6095,499.6,1.24,0.48,51.6,198.7,141.3,0,0.0,0.24,313.0,0.271,51.5,52.09,Spaceport / Landing Pad
-83.5967,-120.6773,2069.3,1.71,0.52,65.9,209.4,152.7,0,0.0,0.26,346.5,0.136,66.5,55.96,Spaceport / Landing Pad
-84.7645,-168.6901,1234.3,2.4,0.29,57.8,203.4,146.3,0,0.0,0.29,333.2,0.19,58.5,52.97,Spaceport / Landing Pad
-80.9916,-100.1455,311.8,1.7,0.49,49.6,197.2,139.7,0,0.0,0.32,307.2,0.295,49.7,51.33,Spaceport / Landing Pad
-89.604,45.0,2108.7,9.56,0.84,62.5,206.9,150.0,0,0.0,0.33,340.0,0.162,66.9,42.59,Secondary Exploration Zone
-83.0286,26.222,1777.8,1.86,0.26,63.1,207.3,150.5,0,0.0,0.24,346.4,0.136,63.7,54.83,Spaceport / Landing Pad
-85.7164,11.3099,-1113.1,6.84,0.68,0.0,41.5,58.0,1,0.216,1.32,290.4,0.363,0.0,31.13,Secondary Exploration Zone
-82.4571,102.1443,1123.6,1.95,0.36,57.0,202.8,145.6,0,0.0,0.23,330.4,0.201,57.4,53.08,Spaceport / Landing Pad
-80.7247,20.6235,1005.3,1.37,0.45,56.2,202.1,145.0,0,0.0,0.1,327.4,0.213,56.3,53.22,Spaceport / Landing Pad
-87.3566,-42.1376,1777.5,2.06,0.48,63.0,207.3,150.4,0,0.0,0.34,346.2,0.137,63.7,54.67,Spaceport / Landing Pad
-81.3186,90.6161,828.0,0.7,0.28,54.9,201.2,143.9,0,0.0,0.2,322.9,0.231,54.6,53.15,Spaceport / Landing Pad
-80.0,-137.9737,803.8,0.96,0.27,54.5,200.9,143.6,0,0.0,0.06,322.0,0.235,54.4,52.97,Spaceport / Landing Pad
-80.8763,76.3903,2351.6,0.5,0.23,69.1,211.8,155.3,0,0.0,0.09,347.5,0.132,69.2,57.6,Spaceport / Landing Pad
-83.1242,131.6981,1239.7,5.28,0.73,56.5,202.4,145.2,0,0.0,0.23,331.0,0.199,58.6,49.21,Secondary Exploration Zone
-84.4416,-40.9144,1381.3,0.5,0.26,60.1,205.1,148.1,0,0.0,0.32,339.0,0.166,59.9,54.55,Spaceport / Landing Pad
-84.4291,-58.707,64.7,0.95,0.17,47.7,195.8,138.1,0,0.0,0.34,300.7,0.321,47.3,51.2,Spaceport / Landing Pad
-83.7733,-12.9946,1208.2,0.96,0.45,58.3,203.7,146.6,0,0.0,0.09,333.6,0.188,58.3,53.94,Spaceport / Landing Pad
-82.812,-127.614,982.4,0.52,0.28,56.4,202.3,145.1,0,0.0,0.32,327.5,0.213,56.1,53.58,Spaceport / Landing Pad
-88.6734,-140.7106,554.3,1.3,0.38,52.0,199.0,141.6,0,0.0,0.17,314.5,0.265,52.0,52.18,Spaceport / Landing Pad
-84.3176,-132.337,2005.0,0.55,0.38,65.9,209.4,152.7,0,0.0,0.17,347.4,0.132,65.9,56.38,Spaceport / Landing Pad
-80.861,-55.823,715.2,0.5,0.32,53.9,200.4,143.1,0,0.0,0.19,319.8,0.244,53.5,52.95,Spaceport / Landing Pad
-83.6733,68.3556,275.0,0.89,0.43,49.7,197.2,139.7,0,0.0,0.19,306.8,0.296,49.3,51.73,Spaceport / Landing Pad
-89.7048,-108.4349,-187.0,18.09,1.53,37.1,187.8,129.7,0,0.0,0.18,281.1,0.4,44.9,19.03,Secondary Exploration Zone
-80.0,47.6943,806.8,1.67,0.36,54.2,200.7,143.4,0,0.0,0.23,321.5,0.237,54.4,52.54,Spaceport / Landing Pad
-81.5053,179.3704,1551.4,2.44,0.48,60.7,205.6,148.6,0,0.0,0.31,342.3,0.153,61.5,53.69,Spaceport / Landing Pad
-81.0148,137.5261,569.5,0.67,0.38,52.5,199.4,142.0,0,0.0,0.35,315.4,0.261,52.1,52.54,Spaceport / Landing Pad
-80.0,-136.4502,907.1,1.55,0.38,55.2,201.4,144.2,0,0.0,0.15,324.4,0.225,55.4,52.87,Spaceport / Landing Pad
-83.2936,-34.796,1349.1,1.17,0.43,59.5,204.6,147.6,0,0.0,0.06,337.5,0.172,59.6,54.17,Spaceport / Landing Pad
-82.4571,-49.0142,1539.9,2.37,0.5,60.7,205.5,148.5,0,0.0,0.14,342.0,0.154,61.4,53.73,Spaceport / Landing Pad
-80.0,157.5035,1133.6,2.5,0.33,56.8,202.6,145.5,0,0.0,0.07,330.2,0.202,57.5,52.63,Spaceport / Landing Pad
-80.1879,145.8564,952.3,1.19,0.47,55.8,201.8,144.6,0,0.0,0.19,326.0,0.218,55.8,53.2,Spaceport / Landing Pad
-81.8359,84.0939,1096.9,0.5,0.28,57.5,203.1,146.0,0,0.0,0.33,330.8,0.199,57.2,53.86,Spaceport / Landing Pad
-82.597,48.0665,1726.9,0.5,0.19,63.3,207.5,150.6,0,0.0,0.32,347.5,0.132,63.2,55.43,Spaceport / Landing Pad
-82.0522,-40.2364,1884.3,1.32,0.36,64.4,208.3,151.5,0,0.0,0.34,346.8,0.134,64.7,55.58,Spaceport / Landing Pad
-80.9337,-61.06,1219.5,2.39,0.49,57.7,203.3,146.2,0,0.0,0.06,332.8,0.191,58.4,52.94,Spaceport / Landing Pad
-81.9044,69.0573,1807.3,1.32,0.48,63.7,207.7,150.9,0,0.0,0.05,346.8,0.134,64.0,55.31,Spaceport / Landing Pad
-86.3584,-91.4688,1633.7,1.46,0.43,62.0,206.5,149.6,0,0.0,0.33,345.5,0.14,62.3,54.67,Spaceport / Landing Pad
-80.0,138.7723,1615.0,0.5,0.19,62.3,206.7,149.8,0,0.0,0.28,345.7,0.139,62.2,55.11,Spaceport / Landing Pad
-86.2827,151.5044,828.3,1.33,0.29,54.6,200.9,143.7,0,0.0,0.19,322.4,0.233,54.6,52.82,Spaceport / Landing Pad
-83.8465,-99.6052,1302.1,1.1,0.36,59.1,204.3,147.3,0,0.0,0.33,336.2,0.177,59.2,54.09,Spaceport / Landing Pad
-82.9987,-47.1611,1582.9,1.23,0.29,61.6,206.2,149.3,0,0.0,0.15,344.2,0.145,61.8,54.69,Spaceport / Landing Pad
-80.0,127.1467,2222.4,1.04,0.35,67.6,210.7,154.1,0,0.0,0.21,347.0,0.133,68.0,56.92,Spaceport / Landing Pad
-82.5128,54.1302,1508.7,0.64,0.37,61.2,205.9,149.0,0,0.0,0.2,342.5,0.152,61.1,54.8,Spaceport / Landing Pad
-80.8572,-62.6501,1501.4,1.9,0.48,60.5,205.4,148.4,0,0.0,0.09,341.3,0.157,61.1,54.03,Spaceport / Landing Pad
-83.0037,-166.8908,1708.0,1.41,0.33,62.7,207.0,150.2,0,0.0,0.33,346.7,0.135,63.0,54.92,Spaceport / Landing Pad
-81.7763,-116.2742,692.3,0.54,0.21,53.7,200.3,143.0,0,0.0,0.34,319.1,0.247,53.3,52.88,Spaceport / Landing Pad
-81.0927,-128.1909,1560.7,0.59,0.2,61.7,206.3,149.4,0,0.0,0.13,344.1,0.145,61.6,54.94,Spaceport / Landing Pad
-86.3489,-175.6013,865.8,1.1,0.32,55.0,201.3,144.0,0,0.0,0.08,323.6,0.228,55.0,53.04,Spaceport / Landing Pad
-80.0,-64.6041,1743.9,1.83,0.4,62.8,207.1,150.3,0,0.0,0.14,346.4,0.136,63.4,54.74,Spaceport / Landing Pad
-80.0,141.2635,1544.9,0.74,0.34,61.5,206.1,149.2,0,0.0,0.34,343.5,0.148,61.5,54.84,Spaceport / Landing Pad
-80.0,141.2635,1544.9,0.74,0.34,61.5,206.1,149.2,0,0.0,0.34,343.5,0.148,61.5,54.84,Spaceport / Landing Pad
-83.5533,87.5104,1517.0,0.98,0.36,61.1,205.8,148.9,0,0.0,0.29,342.5,0.152,61.2,54.67,Spaceport / Landing Pad
-80.0,-45.7345,1372.9,0.64,0.24,60.0,205.0,148.0,0,0.0,0.35,338.6,0.168,59.8,54.47,Spaceport / Landing Pad
-82.2475,2.07,323.9,1.73,0.39,49.7,197.3,139.8,0,0.0,0.09,307.5,0.294,49.8,51.34,Spaceport / Landing Pad
-80.0,-47.2026,1301.1,1.42,0.49,58.9,204.2,147.1,0,0.0,0.11,335.9,0.179,59.1,53.9,Spaceport / Landing Pad
-88.3887,79.992,1560.4,1.79,0.33,61.1,205.9,148.9,0,0.0,0.31,343.1,0.149,61.6,54.26,Spaceport / Landing Pad
-81.8529,94.6001,1183.0,1.26,0.3,57.9,203.4,146.3,0,0.0,0.33,332.6,0.192,58.0,53.71,Spaceport / Landing Pad
-84.7247,103.2986,1585.9,5.45,0.7,59.6,204.7,147.7,0,0.0,0.2,340.8,0.159,61.9,49.76,Secondary Exploration Zone
-80.096,-156.0923,1171.4,2.05,0.49,57.4,203.1,145.9,0,0.0,0.24,331.6,0.196,57.9,53.12,Spaceport / Landing Pad
-80.3166,-72.613,1739.0,1.48,0.26,62.9,207.2,150.4,0,0.0,0.08,346.7,0.135,63.3,54.98,Spaceport / Landing Pad
-84.3176,165.7355,1310.2,0.51,0.36,59.4,204.6,147.5,0,0.0,0.12,336.9,0.174,59.2,54.37,Spaceport / Landing Pad
-84.982,46.5074,-2245.9,5.58,0.55,0.0,58.4,45.6,1,0.558,3.17,291.4,0.359,0.0,40.18,ISRU Cryogenic Mining Outpost
-81.1202,-50.1173,1407.1,2.16,0.52,59.5,204.7,147.6,0,0.0,0.19,338.4,0.169,60.2,53.6,Spaceport / Landing Pad
-84.5813,10.9228,-3665.3,1.46,0.23,0.0,52.3,62.2,1,0.893,4.83,294.8,0.345,0.0,51.34,ISRU Cryogenic Mining Outpost
-81.6085,64.29,1731.0,1.17,0.38,63.0,207.3,150.4,0,0.0,0.15,346.9,0.134,63.3,55.14,Spaceport / Landing Pad
-82.2655,-72.4397,1708.7,1.29,0.29,62.8,207.1,150.2,0,0.0,0.28,346.8,0.134,63.0,54.99,Spaceport / Landing Pad
-83.5967,30.6773,1348.5,2.0,0.4,59.1,204.3,147.3,0,0.0,0.23,336.8,0.175,59.6,53.59,Spaceport / Landing Pad
-81.4971,107.2415,553.3,1.57,0.4,51.9,198.9,141.5,0,0.0,0.21,314.2,0.266,52.0,52.0,Spaceport / Landing Pad
-82.2251,-4.8208,166.8,0.67,0.34,48.8,196.6,139.0,0,0.0,0.26,303.8,0.308,48.3,51.57,Spaceport / Landing Pad
-87.4369,79.5085,936.5,0.99,0.2,55.7,201.8,144.6,0,0.0,0.27,325.8,0.22,55.7,53.27,Spaceport / Landing Pad
-83.4834,-141.9811,945.1,2.24,0.41,55.2,201.4,144.2,0,0.0,0.33,325.0,0.223,55.7,52.42,Spaceport / Landing Pad
-81.8401,-125.6901,1008.5,0.74,0.28,56.5,202.4,145.2,0,0.0,0.33,328.0,0.21,56.3,53.56,Spaceport / Landing Pad
-84.7446,160.2777,1577.9,0.5,0.21,61.9,206.4,149.5,0,0.0,0.1,344.6,0.143,61.8,55.02,Spaceport / Landing Pad
-80.1879,50.4038,856.9,1.05,0.34,55.0,201.2,144.0,0,0.0,0.15,323.4,0.229,54.9,53.05,Spaceport / Landing Pad
-81.3226,121.8094,1550.0,1.11,0.34,61.4,206.0,149.1,0,0.0,0.11,343.3,0.148,61.5,54.68,Spaceport / Landing Pad
-80.0,-135.0,1221.8,2.53,0.37,57.6,203.2,146.1,0,0.0,0.13,332.7,0.191,58.4,52.81,Spaceport / Landing Pad
-85.6278,106.1134,2778.9,3.79,0.4,71.5,213.6,157.2,0,0.0,0.15,344.8,0.143,73.3,56.3,Secondary Exploration Zone
-86.4358,-45.0,1376.8,1.98,0.43,59.3,204.5,147.5,0,0.0,0.19,337.6,0.172,59.9,53.67,Spaceport / Landing Pad
-82.0259,154.3348,493.3,0.5,0.39,51.9,198.9,141.5,0,0.0,0.12,313.4,0.27,51.4,52.42,Spaceport / Landing Pad
-89.1145,-161.5651,411.2,2.45,0.44,50.2,197.6,140.1,0,0.0,0.27,309.4,0.286,50.6,50.94,Spaceport / Landing Pad
-85.9852,-88.6678,1554.5,0.69,0.29,61.6,206.2,149.3,0,0.0,0.05,343.8,0.147,61.6,54.89,Spaceport / Landing Pad
-80.0,-42.3676,861.1,1.02,0.34,55.0,201.3,144.0,0,0.0,0.35,323.6,0.229,54.9,53.08,Spaceport / Landing Pad
-82.8704,43.9391,1817.4,0.5,0.31,64.1,208.1,151.3,0,0.0,0.06,347.5,0.132,64.1,55.74,Spaceport / Landing Pad
-83.9263,-46.2454,1304.0,1.7,0.43,58.8,204.1,147.0,0,0.0,0.18,335.8,0.179,59.2,53.71,Spaceport / Landing Pad
-82.4942,-169.249,1536.0,1.96,0.31,60.8,205.6,148.7,0,0.0,0.08,342.2,0.153,61.4,54.06,Spaceport / Landing Pad
-87.4505,-66.2505,817.4,0.5,0.35,54.9,201.2,143.9,0,0.0,0.32,322.7,0.232,54.5,53.19,Spaceport / Landing Pad
-83.1853,-66.5953,960.0,2.48,0.31,55.2,201.4,144.2,0,0.0,0.27,325.2,0.222,55.9,52.23,Spaceport / Landing Pad
-83.5317,45.0,1115.3,1.88,0.38,57.0,202.7,145.6,0,0.0,0.17,330.2,0.202,57.4,53.13,Spaceport / Landing Pad
-81.1398,110.3441,350.7,0.5,0.38,50.5,197.9,140.4,0,0.0,0.28,309.3,0.286,50.0,52.08,Spaceport / Landing Pad
-82.8607,131.8202,884.1,2.57,0.3,54.5,200.9,143.6,0,0.0,0.15,322.9,0.231,55.2,51.96,Spaceport / Landing Pad
-82.7253,123.4862,1785.9,0.93,0.41,63.6,207.7,150.9,0,0.0,0.32,347.1,0.133,63.8,55.45,Spaceport / Landing Pad
-82.9096,-20.8209,1556.0,0.6,0.43,61.7,206.3,149.3,0,0.0,0.34,343.9,0.146,61.6,54.93,Spaceport / Landing Pad
-82.252,111.9296,735.0,1.64,0.46,53.6,200.2,142.8,0,0.0,0.11,319.4,0.245,53.7,52.39,Spaceport / Landing Pad
-85.1949,-97.8153,1356.6,0.96,0.23,59.7,204.7,147.7,0,0.0,0.33,337.9,0.171,59.7,54.29,Spaceport / Landing Pad
-86.5149,82.3039,2721.0,10.18,1.08,67.9,210.9,154.3,0,0.0,0.18,339.5,0.164,72.7,43.07,Secondary Exploration Zone
-82.5501,-15.2551,1319.2,2.44,0.44,58.6,203.9,146.9,0,0.0,0.28,335.6,0.18,59.3,53.13,Spaceport / Landing Pad
-85.6119,156.1613,1359.0,1.63,0.23,59.3,204.5,147.5,0,0.0,0.1,337.4,0.172,59.7,53.89,Spaceport / Landing Pad
-86.6061,148.4957,611.7,1.59,0.24,52.4,199.3,142.0,0,0.0,0.31,315.9,0.26,52.5,52.13,Spaceport / Landing Pad
-82.5128,125.8698,1547.4,1.37,0.27,61.2,205.9,149.0,0,0.0,0.34,343.0,0.15,61.5,54.52,Spaceport / Landing Pad
-82.812,-127.614,982.4,0.52,0.28,56.4,202.3,145.1,0,0.0,0.32,327.5,0.213,56.1,53.58,Spaceport / Landing Pad
-85.3722,138.2705,-870.1,5.9,0.76,0.0,48.0,47.4,1,0.012,0.17,291.2,0.36,0.0,28.73,Secondary Exploration Zone
-83.6788,-73.706,1163.1,1.38,0.21,57.7,203.2,146.1,0,0.0,0.14,332.0,0.194,57.8,53.59,Spaceport / Landing Pad
-81.6668,-175.5028,1370.3,1.64,0.32,59.5,204.6,147.6,0,0.0,0.34,337.7,0.171,59.8,53.92,Spaceport / Landing Pad
-83.3878,-41.5664,1676.6,0.79,0.37,62.7,207.0,150.2,0,0.0,0.21,347.2,0.133,62.7,55.14,Spaceport / Landing Pad
-85.2022,-52.9072,471.1,1.87,0.43,51.0,198.3,140.8,0,0.0,0.2,311.6,0.277,51.2,51.58,Spaceport / Landing Pad
-80.861,34.177,1538.0,0.5,0.25,61.6,206.2,149.2,0,0.0,0.24,343.5,0.148,61.4,54.92,Spaceport / Landing Pad
-81.6794,86.7845,1000.4,0.5,0.39,56.6,202.4,145.3,0,0.0,0.31,328.0,0.211,56.3,53.63,Spaceport / Landing Pad
-80.8763,-48.3178,1601.7,2.41,0.46,61.2,205.9,149.0,0,0.0,0.11,343.8,0.147,62.0,53.83,Spaceport / Landing Pad
-80.0,60.8431,828.4,0.85,0.43,54.8,201.1,143.8,0,0.0,0.23,322.8,0.232,54.6,53.08,Spaceport / Landing Pad
-83.5533,145.6197,1131.0,0.85,0.39,57.6,203.2,146.1,0,0.0,0.23,331.5,0.196,57.5,53.8,Spaceport / Landing Pad
-85.5332,-100.8403,1500.5,0.5,0.14,61.2,205.9,149.0,0,0.0,0.23,342.4,0.152,61.1,54.83,Spaceport / Landing Pad
-80.3166,-17.387,867.4,1.03,0.47,55.1,201.3,144.1,0,0.0,0.29,323.7,0.228,55.0,53.09,Spaceport / Landing Pad
-81.5258,26.8473,1677.7,1.22,0.38,62.5,206.9,150.0,0,0.0,0.32,346.9,0.134,62.8,54.93,Spaceport / Landing Pad
-81.0732,-6.6048,863.5,2.34,0.56,54.4,200.8,143.5,0,0.0,0.27,322.5,0.233,55.0,52.13,Spaceport / Landing Pad
-83.446,17.4027,-10.2,16.97,1.45,39.3,189.5,131.4,0,0.0,0.28,285.3,0.383,46.6,19.64,Secondary Exploration Zone
-80.3708,73.6731,2131.6,2.09,0.54,66.3,209.7,153.0,0,0.0,0.3,346.2,0.137,67.1,55.88,Spaceport / Landing Pad
-81.692,152.5713,446.7,1.07,0.18,51.2,198.4,140.9,0,0.0,0.16,311.6,0.277,51.0,52.06,Spaceport / Landing Pad
-86.4261,130.7636,732.7,10.63,0.93,49.2,196.9,139.4,0,0.0,0.21,311.9,0.276,53.7,35.9,Secondary Exploration Zone
-82.4111,121.9307,1720.0,0.5,0.37,63.2,207.4,150.6,0,0.0,0.26,347.5,0.132,63.2,55.4,Spaceport / Landing Pad
-87.6646,-177.7094,595.8,1.56,0.33,52.3,199.2,141.8,0,0.0,0.15,315.5,0.261,52.4,52.12,Spaceport / Landing Pad
-81.6878,24.5505,1736.3,1.81,0.45,62.8,207.1,150.2,0,0.0,0.07,346.4,0.136,63.3,54.73,Spaceport / Landing Pad
-80.3708,-163.6731,1587.9,0.89,0.29,61.8,206.4,149.5,0,0.0,0.07,344.6,0.143,61.9,54.88,Spaceport / Landing Pad
-83.1853,89.2152,1535.6,0.5,0.36,61.5,206.1,149.2,0,0.0,0.26,343.4,0.148,61.4,54.92,Spaceport / Landing Pad
-80.5498,73.355,2198.0,1.33,0.48,67.3,210.5,153.8,0,0.0,0.09,346.8,0.134,67.7,56.67,Spaceport / Landing Pad
-82.0259,51.6544,1509.1,0.5,0.4,61.3,206.0,149.0,0,0.0,0.06,342.7,0.151,61.1,54.85,Spaceport / Landing Pad
-84.6265,-17.1759,920.3,1.34,0.4,55.4,201.6,144.3,0,0.0,0.25,325.0,0.223,55.5,53.03,Spaceport / Landing Pad
-80.0,-128.8845,1620.3,1.59,0.27,61.8,206.3,149.4,0,0.0,0.22,345.0,0.142,62.2,54.55,Spaceport / Landing Pad
-81.5258,-26.8473,2031.2,1.32,0.27,65.7,209.3,152.6,0,0.0,0.22,346.8,0.134,66.1,56.09,Spaceport / Landing Pad
-84.0832,-173.6598,1837.3,1.8,0.41,63.7,207.8,151.0,0,0.0,0.32,346.4,0.136,64.3,55.09,Spaceport / Landing Pad
-87.3698,152.5256,300.3,0.5,0.33,50.1,197.6,140.1,0,0.0,0.24,307.8,0.292,49.6,51.96,Spaceport / Landing Pad
-80.0,33.2614,1834.5,0.77,0.26,64.2,208.1,151.3,0,0.0,0.17,347.3,0.133,64.3,55.7,Spaceport / Landing Pad
-81.692,179.3563,1745.3,1.58,0.25,63.0,207.2,150.4,0,0.0,0.23,346.6,0.135,63.4,54.93,Spaceport / Landing Pad
-81.9433,-133.1221,812.4,1.33,0.26,54.4,200.8,143.5,0,0.0,0.34,321.9,0.235,54.5,52.78,Spaceport / Landing Pad
-80.8078,-9.9406,849.4,0.5,0.38,55.2,201.4,144.1,0,0.0,0.29,323.6,0.228,54.8,53.27,Spaceport / Landing Pad
-83.3668,166.1593,1158.4,1.1,0.4,57.7,203.3,146.2,0,0.0,0.13,332.1,0.194,57.8,53.75,Spaceport / Landing Pad
-87.8511,55.6197,-1680.9,7.93,0.94,0.0,92.1,36.1,1,0.466,2.61,289.5,0.366,0.0,33.93,ISRU Cryogenic Mining Outpost
-82.597,-156.9911,526.0,0.94,0.24,52.0,199.0,141.6,0,0.0,0.35,314.0,0.267,51.7,52.31,Spaceport / Landing Pad
-84.659,5.0131,-3525.9,2.22,0.38,0.0,87.5,43.6,1,0.907,5.01,294.2,0.347,0.0,51.15,ISRU Cryogenic Mining Outpost
-85.1588,19.1336,-1338.1,7.8,0.8,0.0,101.5,63.9,1,0.178,1.25,289.6,0.366,0.0,28.47,Secondary Exploration Zone
-81.6878,-178.0694,1559.4,1.43,0.32,61.3,206.0,149.0,0,0.0,0.08,343.3,0.148,61.6,54.51,Spaceport / Landing Pad
-84.6786,-37.875,1323.9,0.85,0.29,59.4,204.5,147.5,0,0.0,0.08,337.0,0.174,59.4,54.27,Spaceport / Landing Pad
-81.9303,131.2483,739.8,2.13,0.37,53.4,200.0,142.7,0,0.0,0.24,319.1,0.246,53.8,52.02,Spaceport / Landing Pad
-81.6002,-165.1916,985.0,0.72,0.4,56.3,202.2,145.1,0,0.0,0.22,327.4,0.213,56.1,53.51,Spaceport / Landing Pad
-80.7737,-115.7873,1108.6,1.92,0.53,56.9,202.7,145.5,0,0.0,0.18,329.9,0.203,57.3,53.08,Spaceport / Landing Pad
-80.8572,-27.3499,2074.3,0.5,0.38,66.5,209.9,153.2,0,0.0,0.12,347.5,0.132,66.6,56.64,Spaceport / Landing Pad
-86.0376,74.9816,1646.3,8.61,0.83,58.7,204.0,146.9,0,0.0,0.25,339.9,0.162,62.5,43.41,Secondary Exploration Zone
-80.0,-144.0085,836.9,1.19,0.42,54.7,201.0,143.8,0,0.0,0.15,322.7,0.232,54.7,52.92,Spaceport / Landing Pad
-83.6899,119.2192,1003.9,7.4,0.71,53.3,200.0,142.6,0,0.0,0.29,322.4,0.233,56.3,44.6,Secondary Exploration Zone
-80.0,42.9047,1382.0,1.27,0.24,59.7,204.8,147.8,0,0.0,0.16,338.4,0.169,59.9,54.18,Spaceport / Landing Pad
-86.9183,91.7357,2853.0,16.51,1.55,66.1,209.5,152.8,0,0.0,0.24,334.3,0.185,74.0,27.82,Secondary Exploration Zone
-82.039,-85.2921,1114.2,1.44,0.27,57.2,202.9,145.7,0,0.0,0.27,330.5,0.2,57.4,53.44,Spaceport / Landing Pad
-87.3964,14.5345,-1408.2,8.72,0.9,0.0,90.3,62.0,1,0.608,3.31,288.8,0.369,0.0,35.03,ISRU Cryogenic Mining Outpost
-84.7778,-24.2744,795.7,0.77,0.32,54.5,200.9,143.6,0,0.0,0.33,321.9,0.235,54.3,53.04,Spaceport / Landing Pad
-80.0,29.0546,1638.5,0.5,0.4,62.5,206.9,150.0,0,0.0,0.2,346.4,0.136,62.4,55.16,Spaceport / Landing Pad
-81.1084,-63.166,1553.8,1.76,0.35,61.1,205.8,148.9,0,0.0,0.31,342.9,0.15,61.6,54.27,Spaceport / Landing Pad
-85.3347,70.1148,1219.5,3.96,0.42,56.9,202.7,145.5,0,0.0,0.15,331.5,0.197,58.4,51.15,Secondary Exploration Zone
-87.5767,15.6422,-207.9,15.02,1.3,0.0,104.9,59.6,1,0.014,0.17,283.7,0.39,0.0,4.64,Secondary Exploration Zone
-83.6954,115.4269,1601.4,9.48,1.04,57.8,203.4,146.3,0,0.0,0.21,337.9,0.17,62.0,41.11,Secondary Exploration Zone
-80.0,133.6831,1327.4,0.5,0.23,59.6,204.7,147.7,0,0.0,0.2,337.4,0.172,59.4,54.42,Spaceport / Landing Pad
-86.0288,60.4222,279.7,11.75,1.2,44.5,193.4,135.6,0,0.0,0.17,298.0,0.332,49.4,31.53,Secondary Exploration Zone
-83.0788,-10.0975,873.6,1.54,0.36,54.9,201.2,143.9,0,0.0,0.09,323.5,0.229,55.1,52.8,Spaceport / Landing Pad
-87.803,-12.2648,2130.5,1.3,0.27,66.7,210.0,153.3,0,0.0,0.21,346.8,0.134,67.1,56.45,Spaceport / Landing Pad
-82.6775,101.0235,1238.7,1.13,0.2,58.5,203.9,146.8,0,0.0,0.29,334.3,0.185,58.6,53.92,Spaceport / Landing Pad
-81.3548,-142.0165,831.8,0.57,0.43,55.0,201.2,144.0,0,0.0,0.07,323.1,0.23,54.7,53.2,Spaceport / Landing Pad
-80.0,42.589,861.5,1.47,0.45,54.8,201.1,143.9,0,0.0,0.24,323.2,0.23,54.9,52.81,Spaceport / Landing Pad
-80.0,39.2176,1742.6,0.7,0.26,63.4,207.5,150.7,0,0.0,0.13,347.3,0.132,63.4,55.41,Spaceport / Landing Pad
-84.8653,-88.9584,1232.6,0.83,0.38,58.6,203.9,146.8,0,0.0,0.32,334.4,0.185,58.5,54.06,Spaceport / Landing Pad
-86.6893,-111.5014,1742.5,1.01,0.27,63.2,207.4,150.6,0,0.0,0.27,347.1,0.133,63.4,55.26,Spaceport / Landing Pad
-80.2413,-158.0968,1349.4,0.5,0.15,59.8,204.9,147.8,0,0.0,0.22,338.1,0.17,59.6,54.47,Spaceport / Landing Pad
-82.3152,40.0729,2061.1,0.5,0.29,66.4,209.8,153.1,0,0.0,0.08,347.5,0.132,66.4,56.59,Spaceport / Landing Pad
-87.1169,-119.0546,1639.3,0.5,0.32,62.5,206.9,150.0,0,0.0,0.34,346.4,0.136,62.4,55.16,Spaceport / Landing Pad
-80.7022,6.3402,1341.3,0.97,0.32,59.5,204.6,147.6,0,0.0,0.31,337.4,0.172,59.5,54.25,Spaceport / Landing Pad
-86.9183,91.7357,2853.0,16.51,1.55,66.1,209.5,152.8,0,0.0,0.24,334.3,0.185,74.0,27.82,Secondary Exploration Zone
-81.493,3.145,1098.6,1.65,0.32,56.9,202.7,145.5,0,0.0,0.31,329.9,0.203,57.2,53.25,Spaceport / Landing Pad
-80.0,129.0257,1898.8,2.0,0.51,64.2,208.1,151.3,0,0.0,0.07,346.2,0.137,64.9,55.14,Spaceport / Landing Pad
-84.7181,-136.4321,1812.9,1.01,0.38,63.9,207.9,151.1,0,0.0,0.09,347.1,0.133,64.0,55.51,Spaceport / Landing Pad
-85.9592,-6.6325,2633.6,9.8,1.07,67.2,210.4,153.8,0,0.0,0.34,339.8,0.163,71.9,43.77,Secondary Exploration Zone
-83.712,5.9645,-2980.2,5.51,0.73,0.0,70.9,58.3,1,0.357,2.03,291.5,0.358,0.0,36.26,Secondary Exploration Zone
-83.6568,-32.9885,1166.2,1.4,0.41,57.7,203.3,146.1,0,0.0,0.07,332.0,0.194,57.9,53.58,Spaceport / Landing Pad
-81.5258,139.4672,548.6,0.91,0.23,52.2,199.1,141.7,0,0.0,0.1,314.6,0.265,51.9,52.38,Spaceport / Landing Pad
-86.3015,-100.1755,1771.3,0.77,0.15,63.6,207.7,150.9,0,0.0,0.07,347.3,0.133,63.6,55.48,Spaceport / Landing Pad
-83.6733,111.6444,2162.4,7.44,0.67,64.0,208.0,151.2,0,0.0,0.24,341.8,0.155,67.4,47.83,Secondary Exploration Zone
-81.0226,64.7672,1520.6,1.19,0.3,61.1,205.8,148.8,0,0.0,0.34,342.4,0.152,61.2,54.56,Spaceport / Landing Pad
-80.0,-49.7636,753.1,2.34,0.32,53.4,200.0,142.7,0,0.0,0.15,319.4,0.246,53.9,51.87,Spaceport / Landing Pad
-86.3015,-132.9546,1106.5,1.15,0.48,57.2,202.9,145.8,0,0.0,0.18,330.5,0.2,57.3,53.59,Spaceport / Landing Pad
-80.0,-130.5526,2152.0,1.03,0.23,67.0,210.2,153.6,0,0.0,0.15,347.0,0.133,67.3,56.68,Spaceport / Landing Pad
-81.3791,-19.6121,1649.9,1.63,0.39,62.0,206.5,149.6,0,0.0,0.16,345.8,0.139,62.5,54.59,Spaceport / Landing Pad
-83.6954,-154.5731,1317.8,0.84,0.43,59.3,204.5,147.5,0,0.0,0.22,336.9,0.175,59.3,54.26,Spaceport / Landing Pad
-84.562,39.4278,1433.8,3.46,0.62,59.2,204.4,147.3,0,0.0,0.14,338.0,0.17,60.4,52.3,Spaceport / Landing Pad
-82.9441,-152.418,482.1,0.99,0.39,51.5,198.6,141.2,0,0.0,0.06,312.7,0.273,51.3,52.18,Spaceport / Landing Pad
-82.3698,97.7336,1399.5,0.56,0.39,60.2,205.2,148.2,0,0.0,0.34,339.4,0.164,60.1,54.57,Spaceport / Landing Pad
-82.1714,-39.1933,1814.5,1.07,0.44,63.8,207.9,151.1,0,0.0,0.1,347.0,0.134,64.1,55.49,Spaceport / Landing Pad
-83.6899,29.2192,1221.4,1.5,0.38,58.1,203.6,146.5,0,0.0,0.32,333.5,0.188,58.4,53.65,Spaceport / Landing Pad
-88.5241,-145.3048,595.1,0.55,0.18,52.8,199.6,142.2,0,0.0,0.23,316.3,0.258,52.4,52.64,Spaceport / Landing Pad
-82.8607,-168.6901,1774.2,2.34,0.41,62.9,207.1,150.3,0,0.0,0.34,346.0,0.138,63.7,54.42,Spaceport / Landing Pad
-80.0,41.7481,826.9,1.88,0.39,54.3,200.7,143.4,0,0.0,0.07,321.9,0.235,54.6,52.43,Spaceport / Landing Pad
-83.5479,14.2373,-1554.1,8.27,0.93,29.2,181.9,123.3,0,0.0,0.3,289.2,0.368,31.8,34.98,Secondary Exploration Zone
-82.5268,27.5252,2129.4,0.5,0.27,67.0,210.3,153.6,0,0.0,0.28,347.5,0.132,67.1,56.83,Spaceport / Landing Pad
-81.2387,51.0542,941.4,0.62,0.44,56.0,202.0,144.8,0,0.0,0.07,326.2,0.218,55.7,53.45,Spaceport / Landing Pad
-84.8585,-15.8025,1004.4,3.18,0.38,55.3,201.5,144.3,0,0.0,0.09,325.9,0.219,56.3,51.6,Spaceport / Landing Pad
-84.845,31.6755,1030.2,2.03,0.46,56.1,202.1,144.9,0,0.0,0.09,327.6,0.212,56.6,52.8,Spaceport / Landing Pad
-83.8013,71.5651,421.1,1.0,0.35,51.0,198.2,140.8,0,0.0,0.3,310.9,0.28,50.7,52.03,Spaceport / Landing Pad
-80.0,-42.1014,1154.7,2.12,0.35,57.2,202.9,145.8,0,0.0,0.35,331.1,0.198,57.7,53.02,Spaceport / Landing Pad
-83.3615,62.354,441.7,2.43,0.33,50.5,197.8,140.4,0,0.0,0.16,310.3,0.282,50.9,51.04,Spaceport / Landing Pad
-80.7699,-151.6208,1004.9,0.5,0.25,56.6,202.5,145.3,0,0.0,0.25,328.1,0.21,56.3,53.64,Spaceport / Landing Pad
-81.5423,-42.3162,1955.2,0.96,0.33,65.2,208.9,152.2,0,0.0,0.26,347.1,0.133,65.4,56.03,Spaceport / Landing Pad
-81.5258,-49.4672,1562.3,1.5,0.43,61.3,206.0,149.0,0,0.0,0.1,343.4,0.148,61.6,54.47,Spaceport / Landing Pad
-82.3698,-104.8863,1251.2,2.34,0.34,58.0,203.5,146.4,0,0.0,0.17,333.7,0.187,58.7,53.05,Spaceport / Landing Pad
-81.9433,-43.1221,2007.7,0.5,0.43,65.9,209.4,152.7,0,0.0,0.28,347.5,0.132,65.9,56.4,Spaceport / Landing Pad
-81.2586,-59.8757,1021.3,1.32,0.33,56.4,202.3,145.1,0,0.0,0.15,327.9,0.211,56.5,53.29,Spaceport / Landing Pad
-81.9044,-69.0573,1873.9,1.39,0.4,64.2,208.2,151.4,0,0.0,0.23,346.7,0.135,64.6,55.5,Spaceport / Landing Pad
-82.0522,-146.4966,301.2,1.29,0.47,49.7,197.3,139.8,0,0.0,0.12,307.2,0.295,49.6,51.58,Spaceport / Landing Pad
-80.5941,-40.1696,1512.2,1.25,0.25,61.0,205.7,148.8,0,0.0,0.23,342.1,0.153,61.2,54.51,Spaceport / Landing Pad
-82.4756,-135.0,518.6,0.98,0.45,51.9,198.9,141.5,0,0.0,0.08,313.7,0.268,51.7,52.28,Spaceport / Landing Pad
-88.4104,49.7636,-1317.6,9.18,0.81,0.0,44.2,59.0,1,0.522,2.79,288.5,0.371,0.0,32.22,ISRU Cryogenic Mining Outpost
-84.1009,-175.4622,1775.2,2.2,0.44,62.9,207.2,150.3,0,0.0,0.29,346.1,0.137,63.7,54.54,Spaceport / Landing Pad
-81.5753,80.4333,1552.4,2.06,0.27,60.9,205.7,148.7,0,0.0,0.23,342.6,0.151,61.6,54.03,Spaceport / Landing Pad
-83.1242,138.3019,639.3,0.5,0.35,53.2,199.9,142.6,0,0.0,0.32,317.6,0.253,52.8,52.77,Spaceport / Landing Pad
-82.9838,-40.684,1774.6,0.88,0.4,63.6,207.7,150.9,0,0.0,0.14,347.2,0.133,63.7,55.44,Spaceport / Landing Pad
-86.8072,-127.875,1399.9,1.25,0.23,59.9,204.9,147.9,0,0.0,0.22,338.9,0.166,60.1,54.24,Spaceport / Landing Pad
-83.3353,37.0304,1649.5,1.99,0.29,61.9,206.4,149.5,0,0.0,0.08,345.5,0.14,62.5,54.32,Spaceport / Landing Pad
-85.0239,-156.8014,1139.9,1.54,0.34,57.4,203.0,145.9,0,0.0,0.11,331.2,0.198,57.6,53.43,Spaceport / Landing Pad
-84.9474,101.7251,1397.1,3.97,0.46,58.6,203.9,146.9,0,0.0,0.29,336.6,0.176,60.1,51.57,Secondary Exploration Zone
-83.7789,152.2815,1438.6,0.5,0.19,60.6,205.5,148.5,0,0.0,0.14,340.6,0.159,60.5,54.68,Spaceport / Landing Pad
-82.9244,-126.4164,1132.6,1.73,0.47,57.2,202.9,145.8,0,0.0,0.15,330.8,0.199,57.5,53.28,Spaceport / Landing Pad
-80.0,-64.6041,1743.9,1.83,0.4,62.8,207.1,150.3,0,0.0,0.14,346.4,0.136,63.4,54.74,Spaceport / Landing Pad
-87.2786,-120.9638,1589.1,0.79,0.25,61.9,206.4,149.5,0,0.0,0.13,344.7,0.143,61.9,54.93,Spaceport / Landing Pad
-80.0,67.5035,1243.0,0.84,0.25,58.7,204.0,146.9,0,0.0,0.32,334.7,0.183,58.6,54.08,Spaceport / Landing Pad
-86.0997,158.9625,1151.1,1.3,0.44,57.6,203.2,146.1,0,0.0,0.22,331.7,0.196,57.7,53.61,Spaceport / Landing Pad
-80.8877,-173.5302,1042.8,0.98,0.42,56.7,202.5,145.4,0,0.0,0.18,328.8,0.207,56.7,53.53,Spaceport / Landing Pad
-86.3015,10.1755,1311.7,12.12,1.16,53.9,200.4,143.1,0,0.0,0.27,327.4,0.213,59.2,32.86,Secondary Exploration Zone
-81.4807,-32.4712,1669.5,0.5,0.37,62.8,207.1,150.2,0,0.0,0.19,347.3,0.132,62.7,55.24,Spaceport / Landing Pad
-83.8635,153.8247,1468.7,0.5,0.37,60.9,205.7,148.7,0,0.0,0.27,341.5,0.156,60.8,54.75,Spaceport / Landing Pad
-84.9405,119.876,-1304.1,2.88,0.45,0.0,78.2,42.1,1,0.805,4.36,293.6,0.35,0.0,48.54,ISRU Cryogenic Mining Outpost
-86.7317,-178.3634,930.1,0.95,0.26,55.7,201.8,144.6,0,0.0,0.11,325.6,0.22,55.6,53.28,Spaceport / Landing Pad
-81.0927,-128.1909,1560.7,0.59,0.2,61.7,206.3,149.4,0,0.0,0.13,344.1,0.145,61.6,54.94,Spaceport / Landing Pad
-85.5881,-96.0725,1545.4,0.5,0.39,61.6,206.2,149.3,0,0.0,0.3,343.7,0.147,61.5,54.94,Spaceport / Landing Pad
-82.3607,116.8781,1318.3,1.82,0.35,58.9,204.2,147.1,0,0.0,0.26,336.1,0.178,59.3,53.65,Spaceport / Landing Pad
-85.8068,-106.8214,1564.9,0.5,0.37,61.8,206.4,149.4,0,0.0,0.22,344.3,0.145,61.7,54.99,Spaceport / Landing Pad
-85.5098,-133.3153,1325.8,2.21,0.32,58.8,204.1,147.0,0,0.0,0.24,336.0,0.178,59.4,53.35,Spaceport / Landing Pad
-82.252,53.8204,1548.9,0.5,0.43,61.7,206.2,149.3,0,0.0,0.26,343.8,0.147,61.5,54.95,Spaceport / Landing Pad
-80.7135,39.2894,1446.4,0.96,0.32,60.5,205.4,148.4,0,0.0,0.26,340.5,0.16,60.5,54.51,Spaceport / Landing Pad
-80.0,57.5288,998.0,0.5,0.27,56.5,202.4,145.2,0,0.0,0.13,327.9,0.211,56.2,53.63,Spaceport / Landing Pad
-83.7733,156.1247,1396.9,0.91,0.21,60.0,205.0,148.0,0,0.0,0.07,339.1,0.166,60.1,54.41,Spaceport / Landing Pad
-80.9453,37.4606,1485.7,0.5,0.18,61.1,205.8,148.9,0,0.0,0.29,342.0,0.154,60.9,54.8,Spaceport / Landing Pad
-82.8412,39.7099,2016.1,1.02,0.24,65.7,209.3,152.6,0,0.0,0.23,347.0,0.133,66.0,56.21,Spaceport / Landing Pad
-82.4341,-92.1211,1209.5,1.02,0.2,58.3,203.7,146.6,0,0.0,0.22,333.6,0.188,58.3,53.91,Spaceport / Landing Pad
-81.1006,65.8545,1686.7,1.79,0.27,62.3,206.7,149.8,0,0.0,0.07,346.4,0.136,62.8,54.57,Spaceport / Landing Pad
-80.0,-47.5734,1013.6,0.5,0.37,56.7,202.5,145.4,0,0.0,0.26,328.4,0.209,56.4,53.66,Spaceport / Landing Pad
-80.0,57.0426,753.2,0.57,0.39,54.2,200.7,143.4,0,0.0,0.33,320.8,0.24,53.9,53.01,Spaceport / Landing Pad
-80.4252,-150.1858,881.8,1.32,0.2,55.1,201.3,144.1,0,0.0,0.14,323.9,0.227,55.1,52.95,Spaceport / Landing Pad
-83.1853,-126.0851,1411.7,2.28,0.3,59.5,204.6,147.6,0,0.0,0.29,338.4,0.168,60.2,53.5,Spaceport / Landing Pad
-80.0,41.9552,812.7,1.92,0.36,54.1,200.6,143.3,0,0.0,0.22,321.4,0.237,54.5,52.37,Spaceport / Landing Pad
-84.3053,-89.0608,977.9,0.5,0.37,56.4,202.3,145.1,0,0.0,0.25,327.3,0.213,56.1,53.58,Spaceport / Landing Pad
-83.8013,18.4349,-1059.3,9.45,0.99,33.2,184.9,126.5,0,0.0,0.35,288.2,0.372,36.5,33.8,Secondary Exploration Zone
-82.2251,175.1792,2233.2,0.5,0.3,68.0,211.0,154.4,0,0.0,0.19,347.5,0.132,68.1,57.19,Spaceport / Landing Pad
-87.2786,174.0939,671.4,1.31,0.26,53.1,199.8,142.5,0,0.0,0.29,317.8,0.252,53.1,52.45,Spaceport / Landing Pad
-82.2655,107.5603,691.3,1.72,0.47,53.1,199.8,142.5,0,0.0,0.07,318.1,0.251,53.3,52.23,Spaceport / Landing Pad
-88.2045,-98.9726,929.7,1.07,0.25,55.6,201.7,144.5,0,0.0,0.19,325.5,0.221,55.6,53.21,Spaceport / Landing Pad
-81.6168,142.2369,713.5,1.28,0.28,53.5,200.2,142.8,0,0.0,0.11,319.1,0.247,53.5,52.58,Spaceport / Landing Pad
-83.0336,162.0506,930.9,0.66,0.18,55.8,201.9,144.7,0,0.0,0.06,325.9,0.219,55.6,53.41,Spaceport / Landing Pad
-82.8412,-157.7824,732.8,2.02,0.38,53.4,200.0,142.7,0,0.0,0.19,319.0,0.247,53.7,52.1,Spaceport / Landing Pad
-82.7109,-170.4171,1825.2,1.32,0.39,63.8,207.9,151.1,0,0.0,0.1,346.8,0.134,64.2,55.38,Spaceport / Landing Pad
-80.0,-144.4623,557.0,0.55,0.37,52.4,199.3,141.9,0,0.0,0.29,315.2,0.262,52.0,52.55,Spaceport / Landing Pad
-82.9491,173.1572,1940.3,1.52,0.3,64.8,208.6,151.8,0,0.0,0.29,346.6,0.135,65.3,55.65,Spaceport / Landing Pad
-82.8607,-101.3099,1569.1,0.5,0.39,61.8,206.4,149.5,0,0.0,0.15,344.4,0.144,61.7,55.0,Spaceport / Landing Pad
-81.2746,62.6126,1458.3,1.64,0.36,60.3,205.2,148.2,0,0.0,0.34,340.3,0.161,60.7,54.12,Spaceport / Landing Pad
-87.7872,-117.646,1357.4,1.24,0.26,59.5,204.6,147.6,0,0.0,0.14,337.7,0.171,59.7,54.14,Spaceport / Landing Pad
-81.8145,-134.076,869.1,1.11,0.43,55.1,201.3,144.0,0,0.0,0.31,323.7,0.228,55.0,53.05,Spaceport / Landing Pad
-85.3124,-54.7276,340.8,2.25,0.55,49.6,197.2,139.7,0,0.0,0.26,307.5,0.293,50.0,50.95,Spaceport / Landing Pad
-81.0032,67.4259,1808.0,1.34,0.26,63.7,207.7,150.9,0,0.0,0.26,346.8,0.134,64.0,55.3,Spaceport / Landing Pad
-80.0,-136.1812,1396.7,2.26,0.43,59.4,204.5,147.5,0,0.0,0.35,338.0,0.17,60.1,53.48,Spaceport / Landing Pad
-82.252,-58.7995,744.5,0.54,0.31,54.2,200.6,143.3,0,0.0,0.14,320.6,0.241,53.8,53.01,Spaceport / Landing Pad
-84.9474,154.8552,1564.5,0.5,0.43,61.8,206.3,149.4,0,0.0,0.22,344.3,0.145,61.7,54.98,Spaceport / Landing Pad
-80.0,-118.2288,1559.4,0.5,0.19,61.8,206.3,149.4,0,0.0,0.27,344.1,0.145,61.6,54.97,Spaceport / Landing Pad
-83.8521,-59.9314,175.1,0.5,0.35,48.9,196.7,139.1,0,0.0,0.23,304.2,0.307,48.4,51.66,Spaceport / Landing Pad
-86.1446,173.047,1140.0,1.05,0.44,57.6,203.2,146.1,0,0.0,0.33,331.6,0.196,57.6,53.73,Spaceport / Landing Pad
-81.2826,167.0054,1656.7,0.93,0.3,62.4,206.8,150.0,0,0.0,0.26,346.6,0.135,62.6,55.03,Spaceport / Landing Pad
-82.5128,-144.1302,190.9,0.5,0.36,49.1,196.8,139.2,0,0.0,0.13,304.7,0.305,48.5,51.69,Spaceport / Landing Pad
-82.8607,154.44,943.5,1.27,0.38,55.7,201.8,144.5,0,0.0,0.18,325.7,0.22,55.7,53.13,Spaceport / Landing Pad
-86.8845,-98.6156,1704.6,1.56,0.37,62.6,206.9,150.1,0,0.0,0.16,346.6,0.135,63.0,54.8,Spaceport / Landing Pad
-82.7733,35.5377,2151.6,1.44,0.34,66.8,210.1,153.4,0,0.0,0.35,346.7,0.135,67.3,56.44,Spaceport / Landing Pad
-85.3347,70.1148,1219.5,3.96,0.42,56.9,202.7,145.5,0,0.0,0.15,331.5,0.197,58.4,51.15,Secondary Exploration Zone
-83.0838,-111.3706,1814.7,1.84,0.47,63.5,207.6,150.8,0,0.0,0.17,346.4,0.136,64.1,54.98,Spaceport / Landing Pad
-81.4399,27.9622,1643.3,1.37,0.48,62.1,206.6,149.7,0,0.0,0.2,345.8,0.138,62.4,54.75,Spaceport / Landing Pad
-82.6918,-61.7984,771.0,0.99,0.45,54.2,200.7,143.4,0,0.0,0.32,321.0,0.239,54.1,52.88,Spaceport / Landing Pad
-81.1202,-176.9872,1037.6,1.36,0.26,56.5,202.4,145.2,0,0.0,0.18,328.4,0.209,56.6,53.3,Spaceport / Landing Pad
-80.0,149.0362,719.2,0.51,0.25,54.0,200.5,143.2,0,0.0,0.26,319.9,0.243,53.6,52.96,Spaceport / Landing Pad
-87.2786,-120.9638,1589.1,0.79,0.25,61.9,206.4,149.5,0,0.0,0.13,344.7,0.143,61.9,54.93,Spaceport / Landing Pad
-83.1496,109.9164,1132.1,1.53,0.25,57.3,203.0,145.8,0,0.0,0.33,330.9,0.199,57.5,53.42,Spaceport / Landing Pad
-84.5301,126.6743,-1726.8,3.43,0.56,0.0,81.5,45.5,1,0.815,4.54,293.2,0.351,0.0,48.21,ISRU Cryogenic Mining Outpost
-88.2839,-135.0,867.5,1.98,0.48,54.6,201.0,143.7,0,0.0,0.05,322.9,0.231,55.0,52.45,Spaceport / Landing Pad
-82.0785,-135.9548,610.8,0.75,0.38,52.8,199.6,142.3,0,0.0,0.17,316.6,0.257,52.5,52.61,Spaceport / Landing Pad
-83.955,76.6075,827.6,1.13,0.27,54.7,201.0,143.7,0,0.0,0.32,322.5,0.233,54.6,52.93,Spaceport / Landing Pad
-81.9433,-63.1381,1286.3,2.32,0.51,58.3,203.8,146.7,0,0.0,0.27,334.7,0.183,59.0,53.16,Spaceport / Landing Pad
-82.959,165.4111,1112.2,1.45,0.41,57.1,202.9,145.7,0,0.0,0.1,330.4,0.201,57.3,53.42,Spaceport / Landing Pad
-80.0,26.8008,1508.0,0.5,0.27,61.3,206.0,149.0,0,0.0,0.25,342.6,0.151,61.1,54.85,Spaceport / Landing Pad
-81.7678,119.1808,1352.6,1.85,0.31,59.2,204.4,147.3,0,0.0,0.18,337.0,0.174,59.6,53.71,Spaceport / Landing Pad
-80.0,-117.7342,1496.5,0.95,0.4,61.0,205.7,148.8,0,0.0,0.33,341.9,0.154,61.0,54.64,Spaceport / Landing Pad
-82.7109,9.5829,1111.8,4.43,0.45,55.7,201.8,144.6,0,0.0,0.19,328.0,0.211,57.3,50.23,Secondary Exploration Zone
-80.0,135.5968,1272.9,1.03,0.34,58.8,204.1,147.1,0,0.0,0.1,335.4,0.181,58.9,54.06,Spaceport / Landing Pad
-80.0,-46.206,1195.1,0.5,0.29,58.4,203.8,146.7,0,0.0,0.27,333.6,0.188,58.1,54.1,Spaceport / Landing Pad
-84.4353,-67.3062,376.9,1.89,0.36,50.1,197.6,140.1,0,0.0,0.07,308.9,0.288,50.3,51.35,Spaceport / Landing Pad
-81.0032,-149.444,900.9,0.5,0.23,55.6,201.7,144.5,0,0.0,0.11,325.1,0.222,55.3,53.39,Spaceport / Landing Pad
-81.8359,-5.9061,325.0,0.5,0.25,50.3,197.7,140.2,0,0.0,0.09,308.5,0.289,49.8,52.01,Spaceport / Landing Pad
-83.3196,74.6045,576.5,1.45,0.44,52.2,199.1,141.7,0,0.0,0.21,315.0,0.263,52.2,52.14,Spaceport / Landing Pad
-80.0,131.6726,1461.7,1.49,0.22,60.4,205.3,148.3,0,0.0,0.28,340.5,0.16,60.7,54.23,Spaceport / Landing Pad
-82.6775,-107.049,1493.8,2.02,0.52,60.4,205.3,148.3,0,0.0,0.27,341.0,0.158,61.0,53.92,Spaceport / Landing Pad
-87.069,-52.7652,1143.3,2.15,0.43,57.1,202.8,145.7,0,0.0,0.06,330.8,0.199,57.6,52.97,Spaceport / Landing Pad
-86.9869,-163.8108,880.8,0.71,0.28,55.4,201.5,144.3,0,0.0,0.05,324.4,0.225,55.1,53.27,Spaceport / Landing Pad
-83.932,-179.1186,1798.7,1.77,0.3,63.4,207.5,150.7,0,0.0,0.12,346.4,0.136,63.9,54.98,Spaceport / Landing Pad
-80.0,43.8188,1003.3,1.64,0.5,56.0,202.0,144.8,0,0.0,0.24,327.1,0.214,56.3,53.03,Spaceport / Landing Pad
-87.0929,174.4725,783.6,0.5,0.21,54.6,200.9,143.6,0,0.0,0.35,321.7,0.236,54.2,53.11,Spaceport / Landing Pad
-89.7048,108.4349,76.6,19.44,1.65,38.9,189.2,131.1,0,0.0,0.17,285.8,0.381,47.4,19.6,Secondary Exploration Zone
-81.9346,156.1048,423.9,1.01,0.26,51.0,198.2,140.8,0,0.0,0.08,311.0,0.28,50.7,52.03,Spaceport / Landing Pad
-88.783,32.4712,1864.7,11.22,1.17,59.4,204.6,147.5,0,0.0,0.06,338.6,0.167,64.5,37.11,Secondary Exploration Zone
-86.7638,56.7683,891.9,1.16,0.31,55.2,201.4,144.2,0,0.0,0.2,324.3,0.225,55.2,53.07,Spaceport / Landing Pad
-82.5501,105.2551,895.5,1.26,0.4,55.2,201.4,144.2,0,0.0,0.31,324.4,0.225,55.3,53.03,Spaceport / Landing Pad
-81.6794,3.2155,936.9,2.47,0.4,55.0,201.3,144.0,0,0.0,0.06,324.5,0.225,55.7,52.18,Spaceport / Landing Pad
-83.0737,127.3332,1945.5,6.64,0.62,62.4,206.8,149.9,0,0.0,0.11,342.4,0.152,65.3,48.72,Secondary Exploration Zone
-83.8919,38.7966,980.8,2.24,0.39,55.6,201.7,144.4,0,0.0,0.2,326.0,0.219,56.1,52.5,Spaceport / Landing Pad
-87.478,-177.8789,692.0,1.16,0.19,53.4,200.0,142.7,0,0.0,0.31,318.6,0.249,53.3,52.59,Spaceport / Landing Pad
-82.0303,-161.5651,733.8,0.59,0.3,54.1,200.5,143.2,0,0.0,0.2,320.2,0.242,53.7,52.96,Spaceport / Landing Pad
-85.8739,-37.6476,1497.8,0.83,0.45,61.0,205.8,148.8,0,0.0,0.18,342.1,0.154,61.0,54.69,Spaceport / Landing Pad
-82.5268,27.5252,2129.4,0.5,0.27,67.0,210.3,153.6,0,0.0,0.28,347.5,0.132,67.1,56.83,Spaceport / Landing Pad
-81.0032,-22.5741,1890.5,0.85,0.34,64.7,208.5,151.7,0,0.0,0.26,347.2,0.133,64.8,55.86,Spaceport / Landing Pad
-82.252,-31.2005,1543.8,0.53,0.16,61.6,206.2,149.3,0,0.0,0.17,343.6,0.147,61.5,54.92,Spaceport / Landing Pad
-82.6632,143.2759,800.5,1.16,0.31,54.4,200.8,143.5,0,0.0,0.22,321.7,0.236,54.4,52.86,Spaceport / Landing Pad
-86.6998,-171.8699,862.7,0.5,0.35,55.3,201.5,144.2,0,0.0,0.21,324.0,0.227,55.0,53.3,Spaceport / Landing Pad
-85.7245,-36.1193,1455.2,0.54,0.24,60.8,205.6,148.6,0,0.0,0.33,341.1,0.158,60.6,54.71,Spaceport / Landing Pad
-85.6119,88.7811,3132.8,8.41,0.87,72.5,214.4,158.0,0,0.0,0.23,341.0,0.158,76.7,49.0,Secondary Exploration Zone
-81.4277,54.7524,1092.4,1.39,0.35,57.0,202.7,145.6,0,0.0,0.08,329.9,0.203,57.1,53.42,Spaceport / Landing Pad
-80.0,-126.3629,1474.7,0.9,0.23,60.8,205.6,148.6,0,0.0,0.33,341.3,0.157,60.8,54.6,Spaceport / Landing Pad
-82.6395,167.55,1404.8,2.52,0.45,59.3,204.5,147.5,0,0.0,0.16,338.0,0.17,60.1,53.25,Spaceport / Landing Pad
-82.0785,158.5747,521.6,1.37,0.41,51.7,198.8,141.4,0,0.0,0.3,313.5,0.269,51.7,52.06,Spaceport / Landing Pad
-80.9607,-106.1892,89.5,0.5,0.14,48.1,196.1,138.5,0,0.0,0.23,301.7,0.317,47.5,51.45,Spaceport / Landing Pad
-83.5425,94.1446,1582.0,1.42,0.24,61.5,206.1,149.2,0,0.0,0.2,344.0,0.146,61.8,54.57,Spaceport / Landing Pad
-83.3668,87.5805,1492.5,0.65,0.41,61.1,205.8,148.8,0,0.0,0.1,342.1,0.154,61.0,54.76,Spaceport / Landing Pad
-82.6065,46.023,1822.7,0.93,0.4,64.0,208.0,151.2,0,0.0,0.34,347.1,0.133,64.1,55.58,Spaceport / Landing Pad
-81.8359,-95.9061,1303.1,0.77,0.34,59.2,204.4,147.4,0,0.0,0.19,336.5,0.176,59.2,54.25,Spaceport / Landing Pad
-80.0,139.6534,1636.3,0.5,0.14,62.5,206.8,150.0,0,0.0,0.31,346.3,0.136,62.4,55.16,Spaceport / Landing Pad
-82.9392,24.1932,1731.9,2.46,0.37,62.4,206.8,149.9,0,0.0,0.12,345.9,0.138,63.3,54.16,Spaceport / Landing Pad
-85.6759,76.2637,1564.9,7.8,0.87,58.3,203.7,146.6,0,0.0,0.27,338.2,0.169,61.7,45.07,Secondary Exploration Zone
-80.0,51.7098,676.8,2.05,0.42,52.8,199.6,142.3,0,0.0,0.21,317.4,0.253,53.2,51.93,Spaceport / Landing Pad
-87.478,-51.009,1385.4,2.61,0.43,59.1,204.3,147.3,0,0.0,0.2,337.4,0.173,60.0,53.12,Spaceport / Landing Pad
-83.2212,-51.7098,943.1,2.02,0.31,55.3,201.5,144.2,0,0.0,0.25,325.1,0.222,55.7,52.6,Spaceport / Landing Pad
-81.2746,117.3874,969.0,2.24,0.27,55.4,201.6,144.4,0,0.0,0.09,325.7,0.22,56.0,52.47,Spaceport / Landing Pad
-87.3434,-18.4349,2004.0,1.3,0.37,65.5,209.1,152.4,0,0.0,0.05,346.8,0.134,65.9,56.01,Spaceport / Landing Pad
-82.4571,130.9858,860.1,1.54,0.49,54.8,201.1,143.8,0,0.0,0.06,323.1,0.23,54.9,52.76,Spaceport / Landing Pad
-80.3925,-57.6996,677.7,1.92,0.36,52.9,199.7,142.3,0,0.0,0.2,317.5,0.253,53.2,52.05,Spaceport / Landing Pad
-80.3563,-154.179,1105.4,1.29,0.38,57.2,202.9,145.7,0,0.0,0.26,330.4,0.201,57.3,53.51,Spaceport / Landing Pad
-82.8607,101.3099,1231.2,1.18,0.45,58.4,203.8,146.7,0,0.0,0.33,334.1,0.186,58.5,53.87,Spaceport / Landing Pad
-81.3589,153.7117,317.0,0.93,0.37,50.0,197.5,140.0,0,0.0,0.14,308.0,0.292,49.7,51.82,Spaceport / Landing Pad
-88.2839,-22.3801,2234.1,0.62,0.31,67.9,211.0,154.4,0,0.0,0.34,347.4,0.132,68.1,57.15,Spaceport / Landing Pad
-80.0,141.7536,1274.6,1.52,0.32,58.6,204.0,146.9,0,0.0,0.29,335.1,0.182,58.9,53.76,Spaceport / Landing Pad
-82.4019,52.9893,1566.7,0.5,0.38,61.8,206.4,149.5,0,0.0,0.12,344.3,0.144,61.7,54.99,Spaceport / Landing Pad
-81.1006,114.1455,479.9,1.82,0.46,51.1,198.3,140.9,0,0.0,0.29,311.9,0.276,51.3,51.64,Spaceport / Landing Pad
-80.0,-135.0,1234.3,1.96,0.26,58.0,203.5,146.4,0,0.0,0.33,333.5,0.188,58.5,53.35,Spaceport / Landing Pad
-88.2045,-62.1027,1164.2,2.17,0.31,57.3,203.0,145.8,0,0.0,0.29,331.3,0.197,57.8,53.0,Spaceport / Landing Pad
-81.6794,-46.8183,1882.0,0.56,0.3,64.7,208.5,151.8,0,0.0,0.33,347.4,0.132,64.7,55.95,Spaceport / Landing Pad
-81.6878,91.9306,997.1,0.91,0.43,56.3,202.3,145.1,0,0.0,0.22,327.6,0.212,56.2,53.46,Spaceport / Landing Pad
-81.4033,138.5215,514.7,1.38,0.36,51.6,198.7,141.3,0,0.0,0.07,313.3,0.27,51.6,52.04,Spaceport / Landing Pad
-80.0,50.2538,491.7,1.26,0.47,51.5,198.6,141.2,0,0.0,0.15,312.7,0.272,51.4,52.06,Spaceport / Landing Pad
-81.2626,-40.6677,1797.6,1.18,0.39,63.6,207.7,150.9,0,0.0,0.11,346.9,0.134,63.9,55.36,Spaceport / Landing Pad
-84.3607,102.4259,1305.8,1.25,0.34,59.0,204.3,147.2,0,0.0,0.16,336.2,0.177,59.2,54.01,Spaceport / Landing Pad
-82.4387,-179.2927,2278.2,0.8,0.17,68.3,211.2,154.6,0,0.0,0.18,347.2,0.133,68.5,57.23,Spaceport / Landing Pad
-80.8992,21.0375,1091.4,1.56,0.39,56.9,202.7,145.5,0,0.0,0.09,329.7,0.203,57.1,53.3,Spaceport / Landing Pad
-83.3353,142.9696,912.7,0.79,0.34,55.6,201.7,144.5,0,0.0,0.31,325.2,0.222,55.4,53.31,Spaceport / Landing Pad
-86.3015,-169.8245,729.5,0.5,0.32,54.1,200.5,143.2,0,0.0,0.1,320.2,0.242,53.7,52.98,Spaceport / Landing Pad
-84.8585,-105.8025,1449.5,1.08,0.2,60.5,205.3,148.4,0,0.0,0.28,340.5,0.16,60.6,54.45,Spaceport / Landing Pad
-80.331,-49.6987,1229.3,2.68,0.37,57.6,203.2,146.1,0,0.0,0.29,332.8,0.191,58.5,52.68,Spaceport / Landing Pad
-82.4571,-49.0142,1539.9,2.37,0.5,60.7,205.5,148.5,0,0.0,0.14,342.0,0.154,61.4,53.73,Spaceport / Landing Pad
-81.6293,-82.9542,1277.4,0.81,0.43,59.0,204.2,147.2,0,0.0,0.15,335.7,0.179,58.9,54.18,Spaceport / Landing Pad
-88.7547,-167.0054,-1585.8,15.48,1.3,0.0,62.9,63.5,1,0.164,1.17,283.3,0.392,0.0,7.65,Secondary Exploration Zone
-80.0,50.1282,1032.3,0.5,0.41,56.9,202.6,145.5,0,0.0,0.32,328.9,0.207,56.6,53.71,Spaceport / Landing Pad
-84.4542,-43.6361,1309.5,0.96,0.39,59.2,204.4,147.4,0,0.0,0.27,336.5,0.176,59.2,54.18,Spaceport / Landing Pad
-84.1365,-103.815,1541.6,1.64,0.33,61.0,205.8,148.8,0,0.0,0.25,342.7,0.151,61.5,54.32,Spaceport / Landing Pad
-82.0084,22.6713,1861.3,0.66,0.42,64.5,208.4,151.6,0,0.0,0.14,347.3,0.132,64.5,55.84,Spaceport / Landing Pad
-88.2839,45.0,-1934.6,7.02,0.67,0.0,104.2,51.6,1,0.789,4.38,290.2,0.363,0.0,42.25,ISRU Cryogenic Mining Outpost
-86.1718,88.6028,3879.0,5.01,0.73,81.1,220.8,164.9,0,0.0,0.17,343.8,0.147,83.8,58.36,Solar Power Array
-80.6499,-104.4524,41.2,0.5,0.38,47.7,195.8,138.1,0,0.0,0.19,300.4,0.322,47.1,51.33,Spaceport / Landing Pad
-87.0335,77.2756,704.8,10.22,1.11,49.2,196.9,139.3,0,0.0,0.07,311.5,0.277,53.4,36.98,Secondary Exploration Zone
-80.0,-137.6943,1292.3,1.71,0.38,58.7,204.0,147.0,0,0.0,0.17,335.4,0.181,59.1,53.68,Spaceport / Landing Pad
-86.2827,-61.5044,380.0,1.61,0.47,50.3,197.7,140.2,0,0.0,0.06,309.2,0.287,50.3,51.56,Spaceport / Landing Pad
-83.0037,-45.0,1747.0,0.92,0.38,63.3,207.5,150.6,0,0.0,0.34,347.1,0.133,63.4,55.32,Spaceport / Landing Pad
-87.6202,-138.1798,1239.7,1.17,0.4,58.5,203.8,146.8,0,0.0,0.21,334.3,0.185,58.6,53.9,Spaceport / Landing Pad
-82.8266,147.7575,1047.7,0.5,0.29,57.0,202.8,145.6,0,0.0,0.29,329.4,0.205,56.7,53.75,Spaceport / Landing Pad
-81.6668,-41.367,1925.9,0.5,0.19,65.1,208.9,152.1,0,0.0,0.17,347.5,0.132,65.1,56.12,Spaceport / Landing Pad
-85.0309,-151.9908,1220.0,1.77,0.35,58.0,203.5,146.4,0,0.0,0.29,333.3,0.189,58.4,53.46,Spaceport / Landing Pad
-87.0929,84.4725,968.6,19.87,1.54,47.0,195.2,137.6,0,0.0,0.19,311.1,0.279,56.0,21.69,Secondary Exploration Zone
-87.7872,62.354,-197.0,17.26,1.55,37.4,188.1,129.9,0,0.0,0.15,281.8,0.398,44.8,19.08,Secondary Exploration Zone
-82.6112,26.2413,2052.3,0.8,0.27,66.2,209.6,152.9,0,0.0,0.08,347.2,0.133,66.3,56.44,Spaceport / Landing Pad
-85.1301,77.8285,1170.1,15.32,1.42,51.0,198.3,140.8,0,0.0,0.18,320.7,0.24,57.9,22.63,Secondary Exploration Zone
-87.6497,-173.1572,681.9,0.85,0.36,53.4,200.1,142.8,0,0.0,0.1,318.5,0.249,53.2,52.73,Spaceport / Landing Pad
-83.211,-18.4349,1413.4,0.74,0.2,60.3,205.2,148.2,0,0.0,0.06,339.7,0.163,60.2,54.53,Spaceport / Landing Pad
-80.8305,14.7436,989.5,0.61,0.19,56.4,202.3,145.1,0,0.0,0.08,327.6,0.212,56.2,53.57,Spaceport / Landing Pad
-81.1398,78.4533,2113.1,1.73,0.37,66.3,209.7,153.0,0,0.0,0.18,346.5,0.136,66.9,56.1,Spaceport / Landing Pad
-80.0,-46.206,1195.1,0.5,0.29,58.4,203.8,146.7,0,0.0,0.27,333.6,0.188,58.1,54.1,Spaceport / Landing Pad
-80.1986,-70.5297,1858.8,1.37,0.34,64.1,208.1,151.3,0,0.0,0.2,346.8,0.135,64.5,55.46,Spaceport / Landing Pad
-83.3563,-65.9558,789.7,1.86,0.24,54.0,200.5,143.2,0,0.0,0.1,320.8,0.24,54.3,52.36,Spaceport / Landing Pad
-85.9334,-99.2461,1674.7,0.5,0.27,62.8,207.1,150.3,0,0.0,0.13,347.4,0.132,62.7,55.25,Spaceport / Landing Pad
-84.7446,146.5922,1567.0,3.76,0.57,60.3,205.2,148.2,0,0.0,0.33,341.6,0.155,61.7,52.25,Secondary Exploration Zone
-80.0,117.2553,951.4,1.9,0.38,55.4,201.6,144.4,0,0.0,0.09,325.4,0.221,55.8,52.71,Spaceport / Landing Pad
-80.0,30.4397,1721.4,0.5,0.34,63.3,207.4,150.6,0,0.0,0.33,347.5,0.132,63.2,55.41,Spaceport / Landing Pad
-84.6786,-37.875,1323.9,0.85,0.29,59.4,204.5,147.5,0,0.0,0.08,337.0,0.174,59.4,54.27,Spaceport / Landing Pad
-80.0,-129.3595,1412.7,0.5,0.15,60.4,205.3,148.3,0,0.0,0.31,339.9,0.162,60.2,54.62,Spaceport / Landing Pad
-83.4834,141.9811,889.3,0.84,0.19,55.4,201.5,144.3,0,0.0,0.29,324.5,0.225,55.2,53.23,Spaceport / Landing Pad
-82.9491,-83.1572,880.2,1.17,0.26,55.1,201.3,144.1,0,0.0,0.13,324.0,0.227,55.1,53.04,Spaceport / Landing Pad
-87.4642,173.6598,552.8,1.56,0.5,51.9,198.9,141.5,0,0.0,0.29,314.2,0.266,52.0,52.01,Spaceport / Landing Pad
-83.446,169.3302,1346.2,0.5,0.28,59.8,204.8,147.8,0,0.0,0.31,338.0,0.17,59.6,54.46,Spaceport / Landing Pad
-81.8701,-167.3998,1038.0,0.5,0.26,56.9,202.7,145.5,0,0.0,0.12,329.1,0.206,56.6,53.72,Spaceport / Landing Pad
-84.982,-80.3625,1178.9,1.32,0.22,57.8,203.4,146.3,0,0.0,0.1,332.5,0.192,58.0,53.67,Spaceport / Landing Pad
-86.9296,-19.5367,1773.8,0.99,0.24,63.5,207.6,150.8,0,0.0,0.05,347.1,0.133,63.7,55.38,Spaceport / Landing Pad
-80.0,-37.9621,908.8,1.44,0.22,55.3,201.4,144.2,0,0.0,0.17,324.6,0.224,55.4,52.94,Spaceport / Landing Pad
-84.2143,10.2222,-3740.1,2.48,0.31,0.0,74.8,65.9,1,0.787,4.42,294.0,0.348,0.0,48.55,ISRU Cryogenic Mining Outpost
-85.4482,28.1416,2337.0,7.72,0.72,65.5,209.1,152.4,0,0.0,0.26,341.5,0.156,69.1,47.82,Secondary Exploration Zone
-83.372,-0.8069,-515.8,15.04,1.4,35.5,186.6,128.4,0,0.0,0.14,283.6,0.39,41.8,18.19,Secondary Exploration Zone
-85.4176,-146.6336,1037.3,1.3,0.46,56.5,202.4,145.2,0,0.0,0.29,328.4,0.209,56.6,53.34,Spaceport / Landing Pad
-83.1091,28.3008,1802.0,1.94,0.35,63.3,207.5,150.6,0,0.0,0.24,346.3,0.136,63.9,54.85,Spaceport / Landing Pad
-80.0,141.5819,1377.1,1.52,0.28,59.6,204.7,147.7,0,0.0,0.15,338.0,0.17,59.9,54.01,Spaceport / Landing Pad
-82.1848,150.6795,754.7,1.35,0.27,53.9,200.4,143.1,0,0.0,0.16,320.2,0.242,53.9,52.63,Spaceport / Landing Pad
-85.8739,-142.3524,885.9,0.86,0.28,55.3,201.5,144.3,0,0.0,0.09,324.4,0.225,55.2,53.21,Spaceport / Landing Pad
-85.0309,-28.0092,949.5,0.72,0.23,56.0,202.0,144.8,0,0.0,0.32,326.3,0.217,55.8,53.43,Spaceport / Landing Pad
-83.1547,5.4774,-874.3,16.52,1.3,31.5,183.6,125.2,0,0.0,0.27,282.4,0.395,38.3,16.8,Secondary Exploration Zone
-82.8949,170.1664,1633.3,2.36,0.55,61.5,206.2,149.2,0,0.0,0.13,344.7,0.143,62.3,53.96,Spaceport / Landing Pad
-81.3226,11.7934,1297.3,0.66,0.3,59.2,204.4,147.4,0,0.0,0.11,336.4,0.176,59.1,54.29,Spaceport / Landing Pad
-83.8748,-82.1169,1028.8,0.96,0.37,56.6,202.5,145.3,0,0.0,0.28,328.4,0.209,56.5,53.51,Spaceport / Landing Pad
-87.2153,129.5597,1074.9,2.1,0.26,56.5,202.4,145.2,0,0.0,0.33,328.8,0.207,57.0,52.85,Spaceport / Landing Pad
-80.0,40.9623,1166.7,1.72,0.45,57.5,203.1,146.0,0,0.0,0.14,331.8,0.195,57.9,53.37,Spaceport / Landing Pad
-80.0,117.7342,1017.7,1.98,0.5,56.0,202.0,144.8,0,0.0,0.16,327.3,0.213,56.4,52.81,Spaceport / Landing Pad
-81.6043,28.5596,1772.1,0.56,0.39,63.7,207.8,151.0,0,0.0,0.14,347.4,0.132,63.7,55.56,Spaceport / Landing Pad
-87.478,92.1211,-573.8,13.56,1.12,0.0,74.7,67.6,1,0.097,0.82,284.9,0.385,0.0,11.23,Secondary Exploration Zone
-81.3146,1.8476,1186.0,2.12,0.49,57.5,203.1,146.0,0,0.0,0.05,332.0,0.194,58.0,53.1,Spaceport / Landing Pad
-80.513,66.2092,1358.2,1.85,0.5,59.2,204.4,147.4,0,0.0,0.3,337.2,0.173,59.7,53.73,Spaceport / Landing Pad
-82.2071,-55.7389,778.6,0.5,0.4,54.5,200.9,143.6,0,0.0,0.18,321.6,0.236,54.1,53.1,Spaceport / Landing Pad
-80.0,-145.9111,1016.6,1.63,0.48,56.2,202.1,144.9,0,0.0,0.11,327.5,0.212,56.4,53.07,Spaceport / Landing Pad
-80.0,45.0,495.1,1.01,0.37,51.6,198.7,141.3,0,0.0,0.3,313.0,0.271,51.4,52.2,Spaceport / Landing Pad
-82.3927,96.3402,1441.3,0.5,0.15,60.7,205.5,148.5,0,0.0,0.16,340.7,0.159,60.5,54.69,Spaceport / Landing Pad
-81.371,15.69,1316.1,0.63,0.34,59.4,204.6,147.5,0,0.0,0.25,337.0,0.174,59.3,54.34,Spaceport / Landing Pad
-87.9507,-30.0686,2169.8,1.1,0.27,67.1,210.3,153.7,0,0.0,0.31,347.0,0.134,67.5,56.7,Spaceport / Landing Pad
-82.1714,-39.1933,1814.5,1.07,0.44,63.8,207.9,151.1,0,0.0,0.1,347.0,0.134,64.1,55.49,Spaceport / Landing Pad
-84.2687,-120.3236,2256.9,0.81,0.33,68.1,211.1,154.5,0,0.0,0.35,347.2,0.133,68.3,57.15,Spaceport / Landing Pad
-84.4542,-43.6361,1309.5,0.96,0.39,59.2,204.4,147.4,0,0.0,0.27,336.5,0.176,59.2,54.18,Spaceport / Landing Pad
-85.3497,38.4802,2068.1,9.49,0.81,62.2,206.6,149.7,0,0.0,0.31,340.1,0.162,66.5,42.63,Secondary Exploration Zone
-80.0,-140.0241,1617.6,0.63,0.21,62.2,206.7,149.8,0,0.0,0.1,345.7,0.139,62.2,55.07,Spaceport / Landing Pad
-81.0927,-174.5881,1027.3,0.5,0.26,56.8,202.6,145.5,0,0.0,0.24,328.8,0.207,56.5,53.7,Spaceport / Landing Pad
-80.1702,-30.2173,1842.2,0.5,0.21,64.4,208.3,151.5,0,0.0,0.08,347.5,0.132,64.3,55.83,Spaceport / Landing Pad
-82.6206,18.4349,1508.6,1.86,0.5,60.6,205.5,148.5,0,0.0,0.17,341.5,0.156,61.1,54.08,Spaceport / Landing Pad
-80.0,-122.9574,1646.8,1.53,0.42,62.1,206.5,149.7,0,0.0,0.17,345.8,0.139,62.5,54.65,Spaceport / Landing Pad
-82.1848,172.4506,2090.1,0.93,0.25,66.5,209.8,153.2,0,0.0,0.17,347.1,0.133,66.7,56.51,Spaceport / Landing Pad
-84.1127,25.3462,2121.6,6.3,0.6,64.2,208.1,151.3,0,0.0,0.22,342.7,0.151,67.0,49.99,Secondary Exploration Zone
-81.8787,-89.3415,1343.5,1.74,0.49,59.2,204.4,147.3,0,0.0,0.29,336.9,0.175,59.6,53.78,Spaceport / Landing Pad
-85.2313,-3.3665,-1337.2,5.93,0.81,0.0,74.0,40.1,1,0.152,0.89,291.1,0.36,0.0,31.48,Secondary Exploration Zone
-83.8635,153.8247,1468.7,0.5,0.37,60.9,205.7,148.7,0,0.0,0.27,341.5,0.156,60.8,54.75,Spaceport / Landing Pad
-86.9869,106.1892,365.4,21.55,1.68,40.6,190.4,132.5,0,0.0,0.29,292.4,0.355,50.2,20.08,Hazard / Exclusion Zone
-86.3489,-57.5288,549.6,1.21,0.26,52.0,199.0,141.6,0,0.0,0.08,314.4,0.265,52.0,52.23,Spaceport / Landing Pad
-81.1871,-151.5348,893.8,0.83,0.41,55.4,201.6,144.3,0,0.0,0.23,324.7,0.224,55.2,53.25,Spaceport / Landing Pad
-80.1879,117.7839,981.1,1.84,0.27,55.7,201.8,144.6,0,0.0,0.24,326.3,0.217,56.1,52.83,Spaceport / Landing Pad
-84.6852,-120.6186,2060.4,1.16,0.24,66.1,209.6,152.9,0,0.0,0.07,346.9,0.134,66.4,56.29,Spaceport / Landing Pad
-81.1753,-156.9606,1082.7,0.77,0.45,57.2,202.9,145.8,0,0.0,0.27,330.1,0.202,57.1,53.73,Spaceport / Landing Pad
-83.9263,2.6425,-2945.8,4.61,0.65,0.0,81.7,64.4,1,0.441,2.54,292.2,0.355,0.0,39.28,ISRU Cryogenic Mining Outpost
-86.8845,171.3844,861.1,1.04,0.29,55.0,201.3,144.0,0,0.0,0.25,323.5,0.229,54.9,53.07,Spaceport / Landing Pad
-82.7205,-139.1596,371.6,1.3,0.37,50.4,197.8,140.3,0,0.0,0.28,309.2,0.287,50.2,51.74,Spaceport / Landing Pad
-80.7548,54.8658,674.4,0.5,0.22,53.5,200.2,142.8,0,0.0,0.14,318.6,0.249,53.1,52.85,Spaceport / Landing Pad
-81.4971,72.7585,2099.7,1.28,0.37,66.4,209.8,153.1,0,0.0,0.25,346.8,0.134,66.8,56.35,Spaceport / Landing Pad
-86.4261,49.2364,1673.2,3.99,0.45,61.1,205.8,148.9,0,0.0,0.13,344.5,0.144,62.7,52.19,Secondary Exploration Zone
-82.9838,-176.1859,2354.6,0.68,0.36,69.0,211.8,155.2,0,0.0,0.28,347.3,0.132,69.2,57.55,Spaceport / Landing Pad
-81.0226,-98.9726,464.9,2.19,0.42,50.8,198.1,140.6,0,0.0,0.3,311.2,0.279,51.1,51.3,Spaceport / Landing Pad
-80.0,-136.3804,1149.9,1.8,0.46,57.3,203.0,145.9,0,0.0,0.16,331.2,0.197,57.7,53.27,Spaceport / Landing Pad
-81.6043,-98.3103,995.0,2.44,0.32,55.6,201.7,144.5,0,0.0,0.17,326.2,0.218,56.2,52.35,Spaceport / Landing Pad
-85.9852,54.4623,-511.3,8.56,0.98,38.7,189.0,130.9,0,0.0,0.2,289.0,0.369,41.8,37.93,Secondary Exploration Zone
-80.0,-135.0,1904.9,1.21,0.46,64.6,208.5,151.7,0,0.0,0.09,346.9,0.134,64.9,55.72,Spaceport / Landing Pad
-82.9838,139.316,625.4,0.76,0.3,53.0,199.7,142.4,0,0.0,0.31,317.0,0.255,52.7,52.63,Spaceport / Landing Pad
-85.0873,104.3003,2237.5,3.62,0.37,66.5,209.9,153.2,0,0.0,0.08,344.9,0.142,68.1,54.64,Secondary Exploration Zone
-80.0,136.8677,1478.6,0.5,0.23,61.0,205.8,148.8,0,0.0,0.23,341.8,0.155,60.8,54.78,Spaceport / Landing Pad
-81.4807,4.3987,1168.6,1.77,0.52,57.5,203.1,146.0,0,0.0,0.18,331.8,0.195,57.9,53.34,Spaceport / Landing Pad
-82.1893,75.4655,1318.5,2.03,0.45,58.8,204.1,147.0,0,0.0,0.12,335.9,0.179,59.3,53.49,Spaceport / Landing Pad
-86.3489,94.3987,2076.0,15.42,1.36,59.4,204.5,147.5,0,0.0,0.24,335.2,0.181,66.6,25.22,Secondary Exploration Zone
-81.991,-53.5308,994.9,1.53,0.34,56.0,202.0,144.8,0,0.0,0.27,327.0,0.215,56.2,53.09,Spaceport / Landing Pad
-80.0,-123.0031,1430.1,0.8,0.17,60.4,205.3,148.3,0,0.0,0.25,340.1,0.161,60.4,54.54,Spaceport / Landing Pad
-89.524,11.3099,1741.7,7.69,0.91,60.0,205.0,148.0,0,0.0,0.27,341.6,0.156,63.4,45.82,Secondary Exploration Zone
-80.0,54.8061,924.6,0.5,0.26,55.9,201.9,144.7,0,0.0,0.09,325.8,0.219,55.5,53.45,Spaceport / Landing Pad
-80.0,-134.3905,1900.4,1.68,0.48,64.3,208.3,151.5,0,0.0,0.25,346.5,0.136,64.9,55.4,Spaceport / Landing Pad
-84.5877,-57.6804,91.1,0.76,0.29,48.0,196.0,138.4,0,0.0,0.16,301.6,0.318,47.6,51.35,Spaceport / Landing Pad
-81.5753,-80.4333,1301.2,0.53,0.21,59.3,204.5,147.5,0,0.0,0.31,336.6,0.176,59.1,54.34,Spaceport / Landing Pad
-80.8305,-165.2564,1410.5,0.7,0.33,60.3,205.2,148.2,0,0.0,0.27,339.7,0.163,60.2,54.54,Spaceport / Landing Pad
-83.3405,95.6307,1559.6,0.67,0.33,61.7,206.3,149.3,0,0.0,0.14,344.0,0.146,61.6,54.91,Spaceport / Landing Pad
-86.4456,-76.3287,815.7,1.34,0.43,54.5,200.8,143.6,0,0.0,0.12,322.0,0.235,54.5,52.78,Spaceport / Landing Pad
-81.4807,-57.5288,815.1,0.5,0.22,54.8,201.1,143.9,0,0.0,0.23,322.7,0.232,54.5,53.19,Spaceport / Landing Pad
-84.2627,-68.0255,503.9,1.92,0.48,51.3,198.5,141.0,0,0.0,0.13,312.5,0.273,51.5,51.62,Spaceport / Landing Pad
-80.0,48.8568,343.9,1.33,0.48,50.1,197.6,140.1,0,0.0,0.07,308.4,0.29,50.0,51.66,Spaceport / Landing Pad
-80.0,37.1467,1010.4,1.85,0.34,56.0,202.0,144.8,0,0.0,0.12,327.2,0.214,56.4,52.9,Spaceport / Landing Pad
-82.2385,3.4474,429.9,2.09,0.53,50.5,197.9,140.4,0,0.0,0.23,310.3,0.282,50.8,51.31,Spaceport / Landing Pad
-80.0,145.6197,1136.1,1.05,0.37,57.6,203.2,146.1,0,0.0,0.26,331.5,0.197,57.6,53.72,Spaceport / Landing Pad
-80.0,46.232,393.8,1.38,0.3,50.5,197.9,140.4,0,0.0,0.06,309.8,0.284,50.5,51.75,Spaceport / Landing Pad
-80.0,139.4556,1240.4,0.84,0.17,58.6,204.0,146.9,0,0.0,0.32,334.6,0.184,58.6,54.07,Spaceport / Landing Pad
-84.845,-121.6755,1958.5,1.83,0.34,64.8,208.6,151.8,0,0.0,0.11,346.4,0.136,65.4,55.49,Spaceport / Landing Pad
-86.8072,-127.875,1399.9,1.25,0.23,59.9,204.9,147.9,0,0.0,0.22,338.9,0.166,60.1,54.24,Spaceport / Landing Pad
-83.17,-3.9182,959.5,7.82,0.74,52.7,199.5,142.1,0,0.0,0.09,320.8,0.24,55.9,43.59,Secondary Exploration Zone
-87.7559,-45.0,1722.6,1.75,0.4,62.7,207.0,150.1,0,0.0,0.24,346.4,0.136,63.2,54.73,Spaceport / Landing Pad
-81.5423,-169.1861,1072.4,0.5,0.35,57.2,202.9,145.8,0,0.0,0.13,330.1,0.202,57.0,53.81,Spaceport / Landing Pad
-84.982,-133.4926,1736.5,1.21,0.33,63.1,207.3,150.4,0,0.0,0.33,346.9,0.134,63.3,55.13,Spaceport / Landing Pad
-85.5332,-26.0296,1070.8,0.79,0.4,57.1,202.8,145.7,0,0.0,0.14,329.8,0.203,56.9,53.69,Spaceport / Landing Pad
-86.5149,-159.6236,702.6,1.07,0.42,53.5,200.1,142.8,0,0.0,0.24,318.9,0.247,53.4,52.67,Spaceport / Landing Pad
-82.597,-103.861,1473.7,1.26,0.28,60.6,205.4,148.5,0,0.0,0.13,341.0,0.158,60.8,54.41,Spaceport / Landing Pad
-81.646,-166.4296,1001.8,1.01,0.2,56.3,202.3,145.1,0,0.0,0.25,327.6,0.212,56.3,53.42,Spaceport / Landing Pad
-82.6918,118.2016,1629.2,1.62,0.4,61.9,206.4,149.5,0,0.0,0.18,345.2,0.141,62.3,54.55,Spaceport / Landing Pad
-84.3299,-122.9052,2238.4,0.5,0.15,68.0,211.0,154.4,0,0.0,0.35,347.5,0.132,68.1,57.21,Spaceport / Landing Pad
-83.4994,-105.8324,1855.9,0.97,0.23,64.3,208.2,151.4,0,0.0,0.2,347.1,0.133,64.5,55.68,Spaceport / Landing Pad
-80.2413,-68.0968,1994.3,0.5,0.26,65.8,209.3,152.6,0,0.0,0.13,347.5,0.132,65.8,56.36,Spaceport / Landing Pad
-80.2735,-142.8002,715.1,0.5,0.41,53.9,200.4,143.1,0,0.0,0.08,319.8,0.244,53.5,52.95,Spaceport / Landing Pad
-80.2306,135.7742,815.5,0.96,0.25,54.6,201.0,143.7,0,0.0,0.32,322.3,0.234,54.5,53.0,Spaceport / Landing Pad
-82.597,-95.0636,1307.4,1.11,0.23,59.1,204.3,147.3,0,0.0,0.27,336.3,0.177,59.2,54.1,Spaceport / Landing Pad
-82.7781,-26.8962,1451.3,0.6,0.24,60.7,205.5,148.6,0,0.0,0.25,340.9,0.158,60.6,54.68,Spaceport / Landing Pad
-85.1086,-138.0941,1519.7,1.41,0.21,60.9,205.7,148.8,0,0.0,0.32,342.2,0.153,61.2,54.43,Spaceport / Landing Pad
-82.1937,-41.1215,1930.7,0.5,0.23,65.2,208.9,152.2,0,0.0,0.23,347.5,0.132,65.2,56.14,Spaceport / Landing Pad
-82.597,66.9911,1138.2,2.53,0.48,56.9,202.7,145.5,0,0.0,0.12,330.3,0.201,57.6,52.61,Spaceport / Landing Pad
-84.982,-9.6375,528.4,12.91,1.16,46.2,194.7,137.0,0,0.0,0.13,304.2,0.307,51.7,28.45,Secondary Exploration Zone
-85.604,-3.6522,-493.3,7.56,0.86,39.3,189.5,131.5,0,0.0,0.18,289.8,0.365,42.0,40.29,Secondary Exploration Zone
-85.5724,55.3048,-2022.5,5.61,0.52,0.0,82.3,48.5,1,0.595,3.22,291.4,0.359,0.0,40.85,ISRU Cryogenic Mining Outpost
-83.2936,-171.1932,2180.5,0.98,0.2,67.3,210.5,153.8,0,0.0,0.17,347.1,0.133,67.6,56.8,Spaceport / Landing Pad
-81.8401,-35.6901,1611.9,0.74,0.22,62.1,206.6,149.7,0,0.0,0.21,345.4,0.14,62.1,55.01,Spaceport / Landing Pad
-81.5506,-106.0323,361.3,1.6,0.4,50.1,197.6,140.1,0,0.0,0.07,308.7,0.289,50.1,51.52,Spaceport / Landing Pad
-81.0732,158.5323,614.1,1.24,0.4,52.6,199.5,142.1,0,0.0,0.3,316.3,0.258,52.6,52.36,Spaceport / Landing Pad
-81.2347,7.9575,1321.6,0.5,0.23,59.5,204.7,147.6,0,0.0,0.35,337.3,0.173,59.3,54.4,Spaceport / Landing Pad
-81.6752,149.6973,631.6,0.86,0.18,53.0,199.7,142.4,0,0.0,0.13,317.1,0.255,52.7,52.61,Spaceport / Landing Pad
-81.2706,155.3532,313.6,0.5,0.19,50.2,197.7,140.2,0,0.0,0.34,308.2,0.291,49.7,51.99,Spaceport / Landing Pad
-87.2786,67.8337,738.1,1.16,0.46,53.8,200.4,143.1,0,0.0,0.3,319.9,0.243,53.8,52.71,Spaceport / Landing Pad
-83.5967,-36.7029,1410.4,0.78,0.44,60.2,205.2,148.2,0,0.0,0.2,339.6,0.164,60.2,54.5,Spaceport / Landing Pad
-81.0498,97.7921,842.2,1.14,0.2,54.8,201.1,143.8,0,0.0,0.29,322.9,0.231,54.8,52.96,Spaceport / Landing Pad
-80.0,-138.7723,1677.1,0.91,0.31,62.6,207.0,150.1,0,0.0,0.21,347.1,0.133,62.7,55.09,Spaceport / Landing Pad
-84.5813,-42.2073,1335.9,1.31,0.32,59.3,204.5,147.4,0,0.0,0.22,337.0,0.174,59.5,54.05,Spaceport / Landing Pad
-80.5682,128.5713,1357.3,1.2,0.37,59.5,204.7,147.6,0,0.0,0.08,337.7,0.171,59.7,54.17,Spaceport / Landing Pad
-83.5263,-137.3373,1164.7,2.48,0.48,57.1,202.9,145.7,0,0.0,0.05,331.1,0.198,57.8,52.72,Spaceport / Landing Pad
-83.9091,105.1011,1288.1,0.9,0.41,59.0,204.3,147.2,0,0.0,0.13,336.0,0.178,59.0,54.16,Spaceport / Landing Pad
-83.9263,-46.2454,1304.0,1.7,0.43,58.8,204.1,147.0,0,0.0,0.18,335.8,0.179,59.2,53.71,Spaceport / Landing Pad
-81.6878,-155.4495,663.7,0.65,0.34,53.4,200.0,142.7,0,0.0,0.21,318.2,0.25,53.0,52.77,Spaceport / Landing Pad
-80.0,-46.4144,1216.9,1.12,0.41,58.3,203.7,146.6,0,0.0,0.17,333.7,0.187,58.3,53.87,Spaceport / Landing Pad
-81.9346,66.1048,1749.3,1.15,0.2,63.2,207.4,150.6,0,0.0,0.13,346.9,0.134,63.4,55.21,Spaceport / Landing Pad
-85.4482,-28.1416,1110.1,1.32,0.44,57.2,202.9,145.8,0,0.0,0.15,330.5,0.2,57.3,53.5,Spaceport / Landing Pad
-81.991,-53.5308,994.9,1.53,0.34,56.0,202.0,144.8,0,0.0,0.27,327.0,0.215,56.2,53.09,Spaceport / Landing Pad
-80.0,119.9315,1541.6,2.31,0.56,60.7,205.5,148.6,0,0.0,0.21,342.1,0.153,61.5,53.78,Spaceport / Landing Pad
-83.446,-54.2726,570.6,2.14,0.3,51.8,198.8,141.4,0,0.0,0.11,314.3,0.266,52.2,51.6,Spaceport / Landing Pad
-80.7737,25.7873,1266.5,0.97,0.23,58.8,204.1,147.0,0,0.0,0.09,335.3,0.181,58.8,54.07,Spaceport / Landing Pad
-80.3058,-141.254,780.4,0.53,0.34,54.5,200.9,143.6,0,0.0,0.09,321.6,0.236,54.2,53.1,Spaceport / Landing Pad
-80.0,35.2933,1852.0,0.5,0.26,64.5,208.3,151.6,0,0.0,0.14,347.5,0.132,64.4,55.86,Spaceport / Landing Pad
-82.1005,35.3803,2101.1,0.89,0.23,66.6,209.9,153.3,0,0.0,0.2,347.2,0.133,66.8,56.57,Spaceport / Landing Pad
-86.2827,-151.5044,670.8,0.5,0.39,53.5,200.1,142.8,0,0.0,0.07,318.5,0.249,53.1,52.84,Spaceport / Landing Pad
-87.7404,-141.7098,1141.5,0.5,0.4,57.9,203.4,146.3,0,0.0,0.27,332.1,0.194,57.6,53.97,Spaceport / Landing Pad
-82.9987,42.8389,1779.9,1.65,0.29,63.2,207.4,150.6,0,0.0,0.21,346.5,0.136,63.7,55.0,Spaceport / Landing Pad
-80.0,-138.6678,748.7,1.08,0.36,54.0,200.5,143.2,0,0.0,0.28,320.3,0.242,53.9,52.77,Spaceport / Landing Pad
-85.5645,98.4711,1260.6,15.02,1.25,52.0,199.0,141.6,0,0.0,0.08,323.5,0.229,58.8,22.88,Secondary Exploration Zone
-87.6497,6.8428,1150.1,15.74,1.27,50.6,198.0,140.5,0,0.0,0.34,319.8,0.244,57.7,22.54,Secondary Exploration Zone
-80.0,127.7857,1896.7,1.31,0.29,64.5,208.4,151.6,0,0.0,0.22,346.8,0.134,64.8,55.63,Spaceport / Landing Pad
-88.6999,158.9625,836.0,7.84,0.65,51.5,198.6,141.2,0,0.0,0.27,317.2,0.254,54.7,43.25,Secondary Exploration Zone
-83.5533,34.3803,1425.8,2.8,0.33,59.4,204.6,147.5,0,0.0,0.26,338.4,0.169,60.3,53.02,Spaceport / Landing Pad
-84.982,46.5074,-2245.9,5.58,0.55,0.0,58.4,45.6,1,0.558,3.17,291.4,0.359,0.0,40.18,ISRU Cryogenic Mining Outpost
-81.2706,65.3532,1718.2,1.26,0.21,62.9,207.1,150.3,0,0.0,0.25,346.9,0.134,63.1,55.04,Spaceport / Landing Pad
-80.5682,141.4287,984.5,0.5,0.35,56.4,202.3,145.1,0,0.0,0.35,327.5,0.212,56.1,53.59,Spaceport / Landing Pad
-80.0,126.7644,1886.5,1.01,0.45,64.5,208.4,151.6,0,0.0,0.3,347.1,0.133,64.8,55.76,Spaceport / Landing Pad
-86.4851,-169.2869,775.1,0.51,0.36,54.5,200.9,143.6,0,0.0,0.34,321.5,0.237,54.1,53.09,Spaceport / Landing Pad
-86.6267,75.5792,5247.3,2.48,0.54,93.5,230.1,174.8,0,0.0,0.11,345.8,0.138,96.9,65.95,Optimal Habitat Base
-81.3186,-179.3839,1281.5,1.78,0.52,58.6,203.9,146.8,0,0.0,0.1,335.0,0.182,59.0,53.6,Spaceport / Landing Pad
-88.5241,-71.5651,1010.9,1.49,0.4,56.2,202.1,145.0,0,0.0,0.16,327.5,0.213,56.4,53.16,Spaceport / Landing Pad
-83.7733,40.1355,1058.3,2.1,0.5,56.3,202.3,145.1,0,0.0,0.11,328.3,0.209,56.8,52.81,Spaceport / Landing Pad
-80.6127,160.8444,1190.5,2.3,0.41,57.5,203.1,146.0,0,0.0,0.24,332.0,0.194,58.1,52.95,Spaceport / Landing Pad
-80.0,-39.4945,820.8,0.5,0.15,54.9,201.2,143.9,0,0.0,0.19,322.8,0.231,54.5,53.2,Spaceport / Landing Pad
-81.2626,-139.3323,980.8,0.5,0.27,56.4,202.3,145.1,0,0.0,0.1,327.4,0.213,56.1,53.59,Spaceport / Landing Pad
-82.9491,-173.1572,2198.9,1.03,0.46,67.4,210.6,153.9,0,0.0,0.3,347.0,0.133,67.7,56.84,Spaceport / Landing Pad
-86.3015,47.0454,2052.4,5.05,0.64,64.1,208.1,151.3,0,0.0,0.05,343.7,0.147,66.3,51.95,Secondary Exploration Zone
-81.2069,-52.7652,1034.9,1.7,0.24,56.3,202.2,145.0,0,0.0,0.27,328.0,0.211,56.6,53.06,Spaceport / Landing Pad
-80.8305,-51.6135,1101.4,1.93,0.39,56.8,202.6,145.5,0,0.0,0.34,329.7,0.204,57.2,53.05,Spaceport / Landing Pad
-85.166,169.992,1278.7,0.84,0.2,59.0,204.2,147.2,0,0.0,0.17,335.7,0.179,58.9,54.16,Spaceport / Landing Pad
-84.473,-85.156,1115.5,0.5,0.32,57.6,203.2,146.1,0,0.0,0.25,331.3,0.197,57.4,53.91,Spaceport / Landing Pad
-84.7049,40.7108,134.0,12.08,1.01,43.0,192.2,134.4,0,0.0,0.28,293.5,0.35,48.0,30.17,Secondary Exploration Zone
-81.3066,86.9225,1034.7,1.26,0.33,56.5,202.4,145.2,0,0.0,0.3,328.4,0.209,56.6,53.36,Spaceport / Landing Pad
-81.5258,-49.4672,1562.3,1.5,0.43,61.3,206.0,149.0,0,0.0,0.1,343.4,0.148,61.6,54.47,Spaceport / Landing Pad
-85.0944,-68.8059,345.0,2.04,0.35,49.8,197.3,139.8,0,0.0,0.1,307.8,0.292,50.0,51.15,Spaceport / Landing Pad
-84.8247,-7.2532,-429.5,8.39,0.88,39.5,189.6,131.6,0,0.0,0.26,289.1,0.368,42.6,38.62,Secondary Exploration Zone
-86.9869,73.8108,644.0,1.77,0.45,52.7,199.5,142.1,0,0.0,0.25,316.7,0.256,52.9,52.08,Spaceport / Landing Pad
-83.4301,-22.5572,1223.4,1.27,0.21,58.3,203.7,146.6,0,0.0,0.11,333.8,0.187,58.4,53.81,Spaceport / Landing Pad
-82.8607,78.6901,830.9,0.76,0.39,54.9,201.2,143.9,0,0.0,0.22,322.9,0.231,54.6,53.13,Spaceport / Landing Pad
-80.0,126.9728,1965.1,2.13,0.32,64.7,208.5,151.8,0,0.0,0.23,346.1,0.137,65.5,55.27,Spaceport / Landing Pad
-84.5877,147.6804,1387.1,0.98,0.25,59.9,204.9,147.9,0,0.0,0.14,338.7,0.167,60.0,54.36,Spaceport / Landing Pad
-85.3497,128.4802,-1869.6,2.25,0.42,0.0,63.1,62.3,1,0.792,4.31,294.2,0.347,0.0,48.82,ISRU Cryogenic Mining Outpost
-80.0,126.2026,2283.1,0.79,0.39,68.3,211.2,154.7,0,0.0,0.08,347.2,0.133,68.5,57.25,Spaceport / Landing Pad
-81.7933,-123.8708,1007.4,0.5,0.24,56.6,202.5,145.3,0,0.0,0.16,328.2,0.21,56.3,53.65,Spaceport / Landing Pad
-86.368,64.0935,898.7,4.72,0.43,53.6,200.2,142.9,0,0.0,0.14,321.6,0.236,55.3,49.3,Secondary Exploration Zone
-84.0363,50.0796,-691.8,10.82,1.09,35.9,186.9,128.7,0,0.0,0.25,287.1,0.376,40.1,31.35,Secondary Exploration Zone
-80.0,-145.1247,1108.5,2.05,0.29,56.8,202.6,145.5,0,0.0,0.3,329.8,0.203,57.3,52.97,Spaceport / Landing Pad
-86.8622,59.6209,799.9,0.55,0.42,54.7,201.0,143.7,0,0.0,0.1,322.2,0.234,54.3,53.14,Spaceport / Landing Pad
-83.1496,-109.9164,1869.8,1.1,0.37,64.3,208.3,151.5,0,0.0,0.25,347.0,0.134,64.6,55.66,Spaceport / Landing Pad
-83.0336,17.9494,1714.1,4.66,0.56,61.2,205.9,148.9,0,0.0,0.2,344.1,0.146,63.1,51.37,Secondary Exploration Zone
-82.9244,-30.9638,1300.3,0.5,0.27,59.3,204.5,147.5,0,0.0,0.18,336.6,0.176,59.1,54.35,Spaceport / Landing Pad
-80.0,-128.2902,1723.2,1.76,0.45,62.7,207.0,150.1,0,0.0,0.32,346.4,0.136,63.2,54.72,Spaceport / Landing Pad
-80.0,-61.3482,1184.3,2.21,0.39,57.5,203.1,146.0,0,0.0,0.18,331.9,0.195,58.0,53.01,Spaceport / Landing Pad
-81.5258,-40.5328,1851.4,0.69,0.31,64.4,208.3,151.5,0,0.0,0.16,347.3,0.132,64.4,55.79,Spaceport / Landing Pad
-85.1086,-131.9059,1673.5,1.76,0.31,62.2,206.7,149.8,0,0.0,0.11,346.4,0.136,62.7,54.55,Spaceport / Landing Pad
-82.0917,168.4248,1689.1,2.89,0.47,61.8,206.4,149.4,0,0.0,0.17,345.5,0.14,62.9,53.57,Spaceport / Landing Pad
-83.6623,133.8065,517.0,9.98,0.99,47.5,195.7,138.0,0,0.0,0.1,306.3,0.299,51.6,37.18,Secondary Exploration Zone
-82.2251,85.1792,1038.1,0.5,0.37,56.9,202.7,145.5,0,0.0,0.31,329.1,0.206,56.6,53.72,Spaceport / Landing Pad
-80.0,-47.9737,1273.3,1.96,0.41,58.4,203.8,146.7,0,0.0,0.19,334.7,0.184,58.9,53.44,Spaceport / Landing Pad
-88.1472,-49.0856,1599.1,1.81,0.35,61.5,206.1,149.2,0,0.0,0.19,344.2,0.145,62.0,54.34,Spaceport / Landing Pad
-81.5053,-12.0508,673.8,1.62,0.27,53.0,199.8,142.4,0,0.0,0.1,317.7,0.252,53.1,52.26,Spaceport / Landing Pad
-85.6119,-60.7086,136.3,0.5,0.17,48.6,196.4,138.8,0,0.0,0.14,303.1,0.311,48.0,51.56,Spaceport / Landing Pad
-81.3186,-126.2538,1411.0,1.71,0.45,59.8,204.8,147.8,0,0.0,0.27,338.8,0.167,60.2,53.96,Spaceport / Landing Pad
-81.6627,21.6823,1631.8,1.06,0.2,62.2,206.6,149.7,0,0.0,0.05,345.7,0.139,62.3,54.9,Spaceport / Landing Pad
-82.3698,-14.8863,1242.9,1.58,0.21,58.3,203.7,146.6,0,0.0,0.16,334.1,0.186,58.6,53.65,Spaceport / Landing Pad
-85.3497,79.5923,1203.3,8.14,0.96,54.8,201.1,143.8,0,0.0,0.25,327.6,0.212,58.2,43.43,Secondary Exploration Zone
-88.2045,81.0274,1470.7,0.98,0.23,60.7,205.5,148.6,0,0.0,0.33,341.2,0.157,60.8,54.56,Spaceport / Landing Pad
-80.0,-38.13,848.6,0.5,0.36,55.2,201.4,144.1,0,0.0,0.31,323.6,0.228,54.8,53.27,Spaceport / Landing Pad
-84.0304,-99.9042,1278.4,1.45,0.23,58.7,204.0,147.0,0,0.0,0.13,335.2,0.181,58.9,53.83,Spaceport / Landing Pad
-81.0226,25.2328,1314.4,1.44,0.49,59.0,204.3,147.2,0,0.0,0.34,336.3,0.177,59.3,53.91,Spaceport / Landing Pad
-85.7245,36.1193,1613.5,2.54,0.49,61.3,206.0,149.0,0,0.0,0.05,344.0,0.146,62.1,53.74,Spaceport / Landing Pad
-82.9096,16.049,1591.8,4.75,0.66,60.0,205.0,148.0,0,0.0,0.2,341.5,0.156,61.9,50.91,Secondary Exploration Zone
-83.1853,-36.0851,1456.4,1.05,0.25,60.5,205.4,148.4,0,0.0,0.34,340.7,0.159,60.6,54.48,Spaceport / Landing Pad
-84.7446,33.4078,882.7,1.04,0.18,55.2,201.4,144.2,0,0.0,0.14,324.2,0.226,55.1,53.11,Spaceport / Landing Pad
-82.0522,-139.7636,468.3,1.21,0.45,51.3,198.5,141.0,0,0.0,0.22,312.1,0.275,51.2,52.03,Spaceport / Landing Pad
-84.1722,-121.9081,2266.3,0.5,0.36,68.3,211.2,154.6,0,0.0,0.3,347.5,0.132,68.4,57.3,Spaceport / Landing Pad
-80.9299,-23.6631,1972.1,0.84,0.32,65.4,209.1,152.3,0,0.0,0.2,347.2,0.133,65.6,56.14,Spaceport / Landing Pad
-85.2313,-3.3665,-1337.2,5.93,0.81,0.0,74.0,40.1,1,0.152,0.89,291.1,0.36,0.0,31.48,Secondary Exploration Zone
-80.0,39.4945,1437.5,0.84,0.33,60.5,205.3,148.4,0,0.0,0.32,340.3,0.161,60.5,54.55,Spaceport / Landing Pad
-82.3927,83.6598,1019.4,0.5,0.19,56.7,202.6,145.4,0,0.0,0.11,328.5,0.208,56.5,53.68,Spaceport / Landing Pad
-80.8877,136.6603,575.6,1.12,0.22,52.3,199.2,141.9,0,0.0,0.17,315.2,0.262,52.2,52.34,Spaceport / Landing Pad
-86.368,64.0935,898.7,4.72,0.43,53.6,200.2,142.9,0,0.0,0.14,321.6,0.236,55.3,49.3,Secondary Exploration Zone
-80.0,-39.4945,820.8,0.5,0.15,54.9,201.2,143.9,0,0.0,0.19,322.8,0.231,54.5,53.2,Spaceport / Landing Pad
-80.7699,61.6208,1020.7,1.7,0.41,56.2,202.1,144.9,0,0.0,0.27,327.6,0.212,56.5,53.03,Spaceport / Landing Pad
-83.9263,-133.7546,1751.9,2.02,0.48,62.8,207.1,150.2,0,0.0,0.32,346.2,0.137,63.5,54.62,Spaceport / Landing Pad
-85.268,75.1414,1058.3,13.18,1.2,51.0,198.3,140.8,0,0.0,0.16,319.2,0.246,56.8,28.82,Secondary Exploration Zone
-81.7933,-70.7407,1909.7,0.5,0.25,65.0,208.7,152.0,0,0.0,0.12,347.5,0.132,65.0,56.06,Spaceport / Landing Pad
-83.7733,-102.9946,1599.8,1.53,0.37,61.6,206.2,149.3,0,0.0,0.12,344.4,0.144,62.0,54.54,Spaceport / Landing Pad
-88.1472,40.9144,-2163.5,5.04,0.55,0.0,80.5,42.6,1,0.869,4.66,291.9,0.357,0.0,47.22,ISRU Cryogenic Mining Outpost
-80.0,147.9381,758.7,1.12,0.24,54.0,200.5,143.2,0,0.0,0.21,320.5,0.241,54.0,52.78,Spaceport / Landing Pad
-84.6395,-172.9987,1292.3,2.56,0.44,58.3,203.7,146.6,0,0.0,0.31,334.7,0.183,59.1,52.95,Spaceport / Landing Pad
-83.5479,165.7627,1155.9,0.5,0.3,58.0,203.5,146.4,0,0.0,0.18,332.5,0.192,57.8,54.01,Spaceport / Landing Pad
-85.2167,17.0205,-1729.9,6.8,0.87,0.0,83.6,44.5,1,0.357,2.2,290.4,0.363,0.0,34.02,Secondary Exploration Zone
-80.0,119.9315,1541.6,2.31,0.56,60.7,205.5,148.6,0,0.0,0.21,342.1,0.153,61.5,53.78,Spaceport / Landing Pad
-83.9435,-65.4099,417.9,1.68,0.25,50.6,198.0,140.5,0,0.0,0.13,310.2,0.282,50.7,51.6,Spaceport / Landing Pad
-84.7446,-109.7223,1660.3,1.58,0.36,62.2,206.6,149.7,0,0.0,0.1,346.1,0.137,62.6,54.65,Spaceport / Landing Pad
-88.1472,-49.0856,1599.1,1.81,0.35,61.5,206.1,149.2,0,0.0,0.19,344.2,0.145,62.0,54.34,Spaceport / Landing Pad
-85.0873,-141.1702,1449.0,1.89,0.45,60.1,205.0,148.0,0,0.0,0.08,339.8,0.163,60.6,53.92,Spaceport / Landing Pad
-81.3186,143.7462,818.0,0.5,0.3,54.9,201.2,143.9,0,0.0,0.23,322.7,0.232,54.5,53.2,Spaceport / Landing Pad
-83.8013,161.5651,1245.9,0.88,0.38,58.7,204.0,146.9,0,0.0,0.19,334.8,0.183,58.6,54.07,Spaceport / Landing Pad
-82.5268,117.5252,1478.2,1.23,0.21,60.6,205.5,148.5,0,0.0,0.18,341.2,0.157,60.8,54.44,Spaceport / Landing Pad
-80.0,139.3511,1607.3,0.92,0.31,62.0,206.5,149.6,0,0.0,0.16,345.1,0.141,62.1,54.91,Spaceport / Landing Pad
-80.0,-139.4474,1631.1,0.5,0.27,62.4,206.8,149.9,0,0.0,0.09,346.2,0.137,62.3,55.14,Spaceport / Landing Pad
-86.5451,-91.5482,1605.1,0.83,0.44,62.0,206.5,149.6,0,0.0,0.33,345.2,0.141,62.1,54.95,Spaceport / Landing Pad
-80.0084,150.3215,560.4,0.5,0.38,52.5,199.4,142.0,0,0.0,0.32,315.3,0.262,52.1,52.58,Spaceport / Landing Pad
-82.1403,-74.1481,1638.7,1.64,0.51,61.9,206.5,149.6,0,0.0,0.3,345.5,0.14,62.4,54.56,Spaceport / Landing Pad
-82.8607,115.56,1458.7,2.38,0.28,59.9,204.9,147.9,0,0.0,0.19,339.7,0.163,60.7,53.52,Spaceport / Landing Pad
-84.2687,-96.5463,1062.6,0.94,0.33,56.9,202.7,145.5,0,0.0,0.06,329.4,0.205,56.9,53.6,Spaceport / Landing Pad
-81.3831,-50.2739,1428.7,1.72,0.31,60.0,205.0,148.0,0,0.0,0.27,339.3,0.165,60.4,53.99,Spaceport / Landing Pad
-82.5782,-140.1022,303.7,0.5,0.18,50.1,197.6,140.1,0,0.0,0.31,307.9,0.292,49.6,51.96,Spaceport / Landing Pad
-80.0,38.2902,1228.4,2.02,0.51,58.0,203.5,146.4,0,0.0,0.28,333.3,0.189,58.5,53.28,Spaceport / Landing Pad
-81.3066,3.0775,1242.5,1.46,0.36,58.4,203.8,146.7,0,0.0,0.31,334.2,0.185,58.6,53.73,Spaceport / Landing Pad
-80.0,124.6952,2086.7,0.6,0.26,66.6,209.9,153.3,0,0.0,0.15,347.4,0.132,66.7,56.64,Spaceport / Landing Pad
-84.0363,-107.3005,1837.6,1.56,0.36,63.8,207.9,151.1,0,0.0,0.31,346.6,0.135,64.3,55.27,Spaceport / Landing Pad
-84.9681,-40.486,1333.9,0.5,0.21,59.7,204.7,147.7,0,0.0,0.19,337.6,0.172,59.5,54.43,Spaceport / Landing Pad
-80.691,116.822,796.1,1.71,0.4,54.1,200.6,143.3,0,0.0,0.29,321.1,0.238,54.3,52.49,Spaceport / Landing Pad
-84.6136,117.8973,-827.5,3.45,0.6,0.0,96.6,53.3,1,0.579,3.16,293.2,0.352,0.0,43.46,ISRU Cryogenic Mining Outpost
-85.782,65.1363,628.2,9.11,0.75,49.0,196.7,139.2,0,0.0,0.22,310.2,0.283,52.7,39.71,Secondary Exploration Zone
-80.5498,110.2249,397.8,1.21,0.23,50.6,198.0,140.5,0,0.0,0.33,310.0,0.283,50.5,51.86,Spaceport / Landing Pad
-88.3672,-59.0362,1287.3,2.08,0.47,58.5,203.9,146.8,0,0.0,0.2,335.0,0.182,59.0,53.37,Spaceport / Landing Pad
-87.3964,-14.5345,1964.1,1.14,0.36,65.2,208.9,152.2,0,0.0,0.33,347.0,0.134,65.5,55.97,Spaceport / Landing Pad
-80.0,-48.1108,1016.2,0.52,0.42,56.7,202.5,145.4,0,0.0,0.18,328.4,0.209,56.4,53.66,Spaceport / Landing Pad
-82.9937,2.2906,1338.5,6.35,0.84,56.9,202.7,145.5,0,0.0,0.06,332.9,0.191,59.5,47.54,Secondary Exploration Zone
-80.0,-142.2143,613.4,0.5,0.38,53.0,199.7,142.4,0,0.0,0.06,316.8,0.256,52.6,52.71,Spaceport / Landing Pad
-81.4807,4.3987,1168.6,1.77,0.52,57.5,203.1,146.0,0,0.0,0.18,331.8,0.195,57.9,53.34,Spaceport / Landing Pad
-80.6015,105.5546,726.5,1.13,0.29,53.7,200.3,143.0,0,0.0,0.21,319.6,0.245,53.6,52.69,Spaceport / Landing Pad
-85.6759,57.3391,-1523.9,6.96,0.71,0.0,98.3,43.5,1,0.358,1.97,290.3,0.363,0.0,33.75,Secondary Exploration Zone
-82.0609,-87.9786,1196.0,0.62,0.37,58.3,203.7,146.7,0,0.0,0.13,333.5,0.188,58.1,54.06,Spaceport / Landing Pad
-83.2936,-34.796,1349.1,1.17,0.43,59.5,204.6,147.6,0,0.0,0.06,337.5,0.172,59.6,54.17,Spaceport / Landing Pad
-80.4946,-125.4069,1766.8,0.5,0.21,63.7,207.8,150.9,0,0.0,0.25,347.5,0.132,63.6,55.57,Spaceport / Landing Pad
-83.0037,166.8908,1240.4,1.17,0.48,58.5,203.9,146.8,0,0.0,0.3,334.4,0.185,58.6,53.91,Spaceport / Landing Pad
-80.0,136.3169,1431.4,0.5,0.16,60.6,205.4,148.5,0,0.0,0.23,340.4,0.16,60.4,54.67,Spaceport / Landing Pad
-82.7733,-35.5377,1504.9,0.7,0.26,61.1,205.9,148.9,0,0.0,0.06,342.4,0.152,61.1,54.77,Spaceport / Landing Pad
-84.9199,-20.4328,805.5,0.5,0.41,54.8,201.1,143.8,0,0.0,0.25,322.4,0.233,54.4,53.17,Spaceport / Landing Pad
-85.4025,5.8263,-2254.8,4.91,0.63,0.0,85.9,65.3,1,0.597,3.34,292.0,0.356,0.0,41.97,ISRU Cryogenic Mining Outpost
-80.0,139.8793,1528.3,0.93,0.19,61.3,205.9,149.0,0,0.0,0.09,342.9,0.15,61.3,54.72,Spaceport / Landing Pad
-83.5967,53.2971,879.8,3.8,0.42,53.9,200.4,143.1,0,0.0,0.35,321.8,0.236,55.1,50.54,Secondary Exploration Zone
-84.4479,116.9958,-483.4,3.73,0.54,0.0,91.2,46.3,1,0.396,2.14,292.9,0.352,0.0,39.48,Secondary Exploration Zone
-83.1802,149.5742,1200.0,0.72,0.44,58.3,203.7,146.7,0,0.0,0.33,333.6,0.188,58.2,54.03,Spaceport / Landing Pad
-80.0,138.764,1126.9,1.42,0.41,57.3,203.0,145.8,0,0.0,0.31,330.9,0.199,57.5,53.48,Spaceport / Landing Pad
-84.9474,-168.2749,1062.9,2.12,0.45,56.4,202.3,145.1,0,0.0,0.2,328.5,0.209,56.9,52.8,Spaceport / Landing Pad
-80.2915,-146.7683,712.6,0.5,0.39,53.9,200.4,143.1,0,0.0,0.21,319.7,0.244,53.5,52.94,Spaceport / Landing Pad
-83.3353,52.9696,879.9,2.76,0.52,54.4,200.8,143.5,0,0.0,0.19,322.7,0.232,55.1,51.76,Spaceport / Landing Pad
-86.0288,-150.4222,667.3,1.12,0.41,53.2,199.9,142.5,0,0.0,0.28,317.9,0.251,53.1,52.56,Spaceport / Landing Pad
-82.0303,-108.4349,745.3,1.62,0.22,53.7,200.2,142.9,0,0.0,0.08,319.7,0.244,53.8,52.43,Spaceport / Landing Pad
-84.7645,-11.3099,2469.8,6.73,0.77,67.2,210.4,153.8,0,0.0,0.24,342.3,0.152,70.3,50.36,Secondary Exploration Zone
-82.1714,-39.1933,1814.5,1.07,0.44,63.8,207.9,151.1,0,0.0,0.1,347.0,0.134,64.1,55.49,Spaceport / Landing Pad
-82.9096,-163.951,1344.2,1.83,0.39,59.1,204.3,147.3,0,0.0,0.29,336.8,0.175,59.6,53.71,Spaceport / Landing Pad
-80.0,122.9574,1934.3,1.56,0.49,64.7,208.5,151.8,0,0.0,0.1,346.6,0.135,65.2,55.6,Spaceport / Landing Pad
-80.0,-49.3432,992.2,2.03,0.37,55.8,201.8,144.6,0,0.0,0.27,326.5,0.217,56.2,52.71,Spaceport / Landing Pad
-88.2045,-171.0274,-1350.6,16.51,1.31,0.0,74.9,36.8,1,0.102,0.88,282.4,0.395,0.0,6.46,Secondary Exploration Zone
-82.9392,65.8068,780.1,1.94,0.43,53.8,200.4,143.1,0,0.0,0.13,320.5,0.241,54.2,52.27,Spaceport / Landing Pad
-82.1804,66.8014,1578.9,1.78,0.26,61.3,206.0,149.1,0,0.0,0.05,343.6,0.147,61.8,54.31,Spaceport / Landing Pad
-81.6878,91.9306,997.1,0.91,0.43,56.3,202.3,145.1,0,0.0,0.22,327.6,0.212,56.2,53.46,Spaceport / Landing Pad
-80.5682,-128.5713,1683.3,0.5,0.31,62.9,207.2,150.3,0,0.0,0.23,347.5,0.132,62.8,55.28,Spaceport / Landing Pad
-81.2746,145.4599,814.2,0.5,0.14,54.8,201.1,143.9,0,0.0,0.26,322.6,0.232,54.5,53.19,Spaceport / Landing Pad
-82.9689,-95.3322,1219.5,1.24,0.33,58.2,203.7,146.6,0,0.0,0.11,333.7,0.187,58.4,53.81,Spaceport / Landing Pad
-80.2592,-161.5651,1535.9,0.61,0.26,61.5,206.1,149.2,0,0.0,0.16,343.3,0.148,61.4,54.88,Spaceport / Landing Pad
-86.1901,30.9638,1708.6,1.18,0.45,62.8,207.1,150.2,0,0.0,0.31,346.9,0.134,63.0,55.06,Spaceport / Landing Pad
-81.9087,106.7626,647.2,1.45,0.23,52.8,199.6,142.3,0,0.0,0.33,317.0,0.255,52.9,52.31,Spaceport / Landing Pad
-87.6202,64.44,1906.6,7.55,0.9,61.6,206.2,149.3,0,0.0,0.12,341.7,0.155,64.9,46.69,Secondary Exploration Zone
-80.4216,-164.7449,1583.9,0.5,0.34,62.0,206.5,149.6,0,0.0,0.11,344.8,0.142,61.9,55.03,Spaceport / Landing Pad
-80.2092,138.8655,1004.7,1.14,0.2,56.3,202.2,145.0,0,0.0,0.07,327.6,0.212,56.3,53.36,Spaceport / Landing Pad
-82.2385,-86.5526,1049.2,0.76,0.28,56.9,202.7,145.5,0,0.0,0.06,329.2,0.206,56.7,53.65,Spaceport / Landing Pad
-80.7022,-173.6598,1058.7,0.99,0.39,56.9,202.7,145.5,0,0.0,0.07,329.3,0.205,56.8,53.57,Spaceport / Landing Pad
-81.9087,168.6901,1760.3,1.41,0.37,63.2,207.4,150.5,0,0.0,0.26,346.7,0.135,63.5,55.1,Spaceport / Landing Pad
-85.6119,-150.7086,804.7,1.42,0.24,54.3,200.7,143.4,0,0.0,0.26,321.6,0.236,54.4,52.71,Spaceport / Landing Pad
-83.8013,-18.4349,1154.1,1.59,0.31,57.5,203.1,146.0,0,0.0,0.27,331.5,0.196,57.7,53.43,Spaceport / Landing Pad
-80.0,-56.1738,172.3,0.5,0.2,48.9,196.7,139.1,0,0.0,0.11,304.1,0.307,48.3,51.65,Spaceport / Landing Pad
-83.5048,-7.4314,1442.6,7.0,0.72,57.5,203.2,146.0,0,0.0,0.08,335.4,0.181,60.5,46.5,Secondary Exploration Zone
-84.5301,36.6743,789.2,1.63,0.39,54.1,200.5,143.3,0,0.0,0.07,321.0,0.239,54.2,52.52,Spaceport / Landing Pad
-84.5237,60.3763,-1776.7,7.19,0.85,0.0,93.6,35.1,1,0.123,0.76,290.1,0.364,0.0,28.6,Secondary Exploration Zone
-86.1176,-152.8189,629.4,0.5,0.16,53.1,199.8,142.5,0,0.0,0.12,317.3,0.254,52.7,52.74,Spaceport / Landing Pad
-82.9838,-93.8141,1107.3,0.93,0.39,57.4,203.0,145.9,0,0.0,0.23,330.7,0.199,57.3,53.71,Spaceport / Landing Pad
-80.0,-47.8986,1188.6,1.12,0.3,58.0,203.5,146.4,0,0.0,0.3,332.9,0.191,58.1,53.8,Spaceport / Landing Pad
-80.0,-141.7536,616.5,1.19,0.24,52.7,199.5,142.1,0,0.0,0.15,316.4,0.258,52.6,52.4,Spaceport / Landing Pad
-82.7637,83.3333,1042.2,0.82,0.22,56.8,202.6,145.4,0,0.0,0.21,328.9,0.207,56.7,53.61,Spaceport / Landing Pad
-83.8126,-101.3099,1450.0,2.0,0.48,60.0,205.0,148.0,0,0.0,0.09,339.7,0.163,60.6,53.83,Spaceport / Landing Pad
-83.6954,115.4269,1601.4,9.48,1.04,57.8,203.4,146.3,0,0.0,0.21,337.9,0.17,62.0,41.11,Secondary Exploration Zone
-83.4301,-112.5572,2059.5,0.59,0.3,66.3,209.8,153.1,0,0.0,0.25,347.4,0.132,66.4,56.55,Spaceport / Landing Pad
-80.5867,-120.3791,1625.0,1.62,0.38,61.8,206.4,149.5,0,0.0,0.08,345.1,0.141,62.2,54.54,Spaceport / Landing Pad
-84.7778,151.1443,1474.7,0.5,0.29,61.0,205.7,148.8,0,0.0,0.29,341.7,0.155,60.8,54.77,Spaceport / Landing Pad
-86.0997,111.0375,1668.8,9.83,0.8,58.3,203.7,146.6,0,0.0,0.1,339.6,0.164,62.7,40.34,Secondary Exploration Zone
-81.4685,53.0047,1101.7,1.69,0.41,56.9,202.7,145.5,0,0.0,0.24,329.9,0.203,57.2,53.24,Spaceport / Landing Pad
-83.7398,-20.0561,1136.6,1.13,0.21,57.5,203.1,146.0,0,0.0,0.1,331.4,0.197,57.6,53.68,Spaceport / Landing Pad
-88.7547,12.9946,2105.0,1.68,0.25,66.2,209.7,153.0,0,0.0,0.26,346.5,0.136,66.8,56.11,Spaceport / Landing Pad
-86.3298,172.6942,1104.3,1.36,0.35,57.1,202.8,145.7,0,0.0,0.18,330.3,0.201,57.3,53.47,Spaceport / Landing Pad
-85.857,22.5206,1653.1,13.54,1.14,56.4,202.3,145.1,0,0.0,0.08,336.1,0.178,62.5,29.03,Secondary Exploration Zone
-86.1901,59.0362,816.2,10.36,0.94,50.1,197.6,140.1,0,0.0,0.27,314.6,0.265,54.5,36.88,Secondary Exploration Zone
-87.7404,51.7098,-1884.8,7.23,0.83,0.0,46.5,62.1,1,0.546,2.92,290.1,0.364,0.0,36.97,ISRU Cryogenic Mining Outpost
-82.5081,-149.2811,184.7,1.01,0.34,48.8,196.6,139.0,0,0.0,0.08,304.1,0.307,48.5,51.46,Spaceport / Landing Pad
-80.0,-133.1323,2073.9,0.5,0.16,66.5,209.9,153.2,0,0.0,0.35,347.5,0.132,66.5,56.63,Spaceport / Landing Pad
-84.2445,8.3929,-3818.6,1.58,0.4,0.0,41.8,53.7,1,0.836,4.46,294.7,0.345,0.0,50.14,ISRU Cryogenic Mining Outpost
-82.4433,-64.3845,1186.5,1.63,0.44,57.8,203.3,146.2,0,0.0,0.14,332.4,0.193,58.1,53.48,Spaceport / Landing Pad
-81.3066,-86.9225,1575.8,1.33,0.37,61.5,206.1,149.2,0,0.0,0.09,343.9,0.146,61.8,54.61,Spaceport / Landing Pad
-84.7181,-133.5679,1896.8,1.39,0.42,64.5,208.3,151.6,0,0.0,0.25,346.7,0.135,64.9,55.58,Spaceport / Landing Pad
-85.782,155.1363,1236.7,1.5,0.21,58.3,203.7,146.6,0,0.0,0.09,334.0,0.186,58.5,53.69,Spaceport / Landing Pad
-81.2586,59.8757,1214.4,2.26,0.35,57.7,203.3,146.2,0,0.0,0.32,332.7,0.191,58.3,53.04,Spaceport / Landing Pad
-84.0832,96.3402,1374.8,1.01,0.21,59.8,204.8,147.8,0,0.0,0.17,338.4,0.169,59.9,54.31,Spaceport / Landing Pad
-81.0498,82.2079,1762.9,2.43,0.28,62.7,207.0,150.2,0,0.0,0.09,345.9,0.138,63.6,54.29,Spaceport / Landing Pad
-80.3563,-64.179,1763.3,2.17,0.38,62.8,207.1,150.3,0,0.0,0.12,346.1,0.137,63.6,54.53,Spaceport / Landing Pad
-80.9069,144.1888,899.5,0.71,0.21,55.5,201.6,144.4,0,0.0,0.06,324.9,0.223,55.3,53.31,Spaceport / Landing Pad
-84.8517,-157.6199,1277.6,1.5,0.4,58.7,204.0,146.9,0,0.0,0.26,335.2,0.182,58.9,53.79,Spaceport / Landing Pad
-87.7872,117.646,1368.2,3.69,0.65,58.4,203.8,146.8,0,0.0,0.22,336.0,0.178,59.8,51.85,Secondary Exploration Zone
-81.9433,79.992,1286.4,1.26,0.28,58.9,204.1,147.1,0,0.0,0.15,335.6,0.18,59.0,53.96,Spaceport / Landing Pad
-83.3984,43.8542,1326.1,2.99,0.52,58.4,203.8,146.7,0,0.0,0.17,335.3,0.181,59.4,52.59,Spaceport / Landing Pad
-81.7298,-20.4804,1830.2,1.22,0.24,63.9,207.9,151.1,0,0.0,0.34,346.9,0.134,64.2,55.45,Spaceport / Landing Pad
-84.8517,-22.3801,790.4,0.5,0.28,54.6,201.0,143.7,0,0.0,0.06,321.9,0.235,54.3,53.13,Spaceport / Landing Pad
-83.932,-90.8814,855.0,0.82,0.34,55.1,201.3,144.1,0,0.0,0.23,323.5,0.229,54.9,53.16,Spaceport / Landing Pad
-84.492,-90.971,1039.2,0.89,0.43,56.7,202.6,145.4,0,0.0,0.24,328.8,0.207,56.6,53.57,Spaceport / Landing Pad
-81.371,-74.31,1718.2,1.47,0.22,62.8,207.1,150.2,0,0.0,0.31,346.7,0.135,63.1,54.91,Spaceport / Landing Pad
-80.0,-134.2838,1087.7,0.73,0.44,57.3,202.9,145.8,0,0.0,0.11,330.3,0.201,57.1,53.75,Spaceport / Landing Pad
-80.2628,60.732,767.3,0.5,0.35,54.4,200.8,143.5,0,0.0,0.2,321.3,0.238,54.0,53.07,Spaceport / Landing Pad
-80.3094,69.121,1581.6,1.95,0.34,61.3,205.9,149.0,0,0.0,0.17,343.5,0.148,61.8,54.18,Spaceport / Landing Pad
-83.5967,-126.7029,1814.8,2.42,0.32,63.2,207.4,150.6,0,0.0,0.32,345.9,0.138,64.1,54.48,Spaceport / Landing Pad
-81.8401,54.3099,1391.5,1.32,0.3,59.8,204.8,147.8,0,0.0,0.15,338.6,0.168,60.0,54.18,Spaceport / Landing Pad
-80.6053,27.8381,1375.4,0.68,0.37,60.0,205.0,148.0,0,0.0,0.28,338.7,0.167,59.9,54.47,Spaceport / Landing Pad
-87.6202,78.6901,1046.4,2.62,0.42,56.0,202.0,144.8,0,0.0,0.34,327.6,0.212,56.7,52.3,Spaceport / Landing Pad
-80.8572,49.9697,801.8,1.03,0.29,54.5,200.9,143.6,0,0.0,0.27,321.8,0.235,54.4,52.93,Spaceport / Landing Pad
-83.0286,-116.222,1662.6,2.51,0.47,61.7,206.3,149.4,0,0.0,0.08,345.4,0.14,62.6,53.88,Spaceport / Landing Pad
-82.5128,144.1302,831.3,1.36,0.46,54.6,200.9,143.7,0,0.0,0.18,322.4,0.233,54.6,52.81,Spaceport / Landing Pad
-80.3166,-17.387,867.4,1.03,0.47,55.1,201.3,144.1,0,0.0,0.29,323.7,0.228,55.0,53.09,Spaceport / Landing Pad
-81.789,-98.4986,1109.7,1.03,0.31,57.3,203.0,145.9,0,0.0,0.09,330.7,0.2,57.3,53.67,Spaceport / Landing Pad
-81.1006,65.8545,1686.7,1.79,0.27,62.3,206.7,149.8,0,0.0,0.07,346.4,0.136,62.8,54.57,Spaceport / Landing Pad
-87.5911,35.5377,-703.7,12.06,1.06,0.0,65.3,63.4,1,0.062,0.66,286.1,0.38,0.0,15.27,Secondary Exploration Zone
-83.4834,38.0189,1454.9,1.87,0.24,60.1,205.1,148.1,0,0.0,0.1,340.0,0.162,60.6,53.95,Spaceport / Landing Pad
-83.0136,-67.2035,1129.4,2.19,0.31,57.0,202.7,145.6,0,0.0,0.29,330.3,0.201,57.5,52.9,Spaceport / Landing Pad
-86.2453,145.1247,934.2,4.26,0.65,54.2,200.6,143.3,0,0.0,0.16,323.0,0.231,55.6,50.06,Secondary Exploration Zone
-80.0,-45.7162,1276.1,0.67,0.26,59.0,204.3,147.2,0,0.0,0.05,335.8,0.179,58.9,54.23,Spaceport / Landing Pad
-85.6278,73.8866,3849.5,14.46,1.13,76.3,217.2,161.0,0,0.0,0.11,336.0,0.178,83.5,33.42,Secondary Exploration Zone
-81.5135,60.3333,1420.0,1.12,0.47,60.2,205.1,148.1,0,0.0,0.09,339.6,0.164,60.3,54.36,Spaceport / Landing Pad
-87.6497,-83.1572,930.9,1.1,0.28,55.6,201.7,144.5,0,0.0,0.34,325.5,0.221,55.6,53.2,Spaceport / Landing Pad
-83.0186,150.3501,1139.1,0.5,0.22,57.9,203.4,146.3,0,0.0,0.13,332.0,0.194,57.6,53.97,Spaceport / Landing Pad
-81.6668,-175.5028,1370.3,1.64,0.32,59.5,204.6,147.6,0,0.0,0.34,337.7,0.171,59.8,53.92,Spaceport / Landing Pad
-82.4942,169.249,1675.1,2.0,0.44,62.1,206.6,149.7,0,0.0,0.3,346.2,0.137,62.7,54.37,Spaceport / Landing Pad
-80.0,-26.8008,1727.9,1.86,0.29,62.7,207.0,150.1,0,0.0,0.34,346.4,0.136,63.2,54.66,Spaceport / Landing Pad
-83.6294,140.9469,953.2,2.71,0.44,55.1,201.3,144.1,0,0.0,0.29,324.8,0.223,55.8,51.99,Spaceport / Landing Pad
-81.3146,-159.2277,1048.2,1.63,0.42,56.5,202.3,145.2,0,0.0,0.15,328.4,0.209,56.7,53.15,Spaceport / Landing Pad
-86.8512,168.0239,833.6,1.79,0.35,54.4,200.8,143.5,0,0.0,0.17,322.1,0.234,54.7,52.51,Spaceport / Landing Pad
-81.4155,-136.7624,1032.2,0.5,0.16,56.9,202.6,145.5,0,0.0,0.06,328.9,0.207,56.6,53.71,Spaceport / Landing Pad
-80.5867,149.6209,519.9,1.09,0.29,51.8,198.9,141.5,0,0.0,0.22,313.7,0.269,51.7,52.22,Spaceport / Landing Pad
-83.9148,-175.6013,1946.7,2.22,0.49,64.5,208.4,151.6,0,0.0,0.09,346.1,0.137,65.3,55.13,Spaceport / Landing Pad
-81.8529,-4.6001,325.2,1.41,0.27,49.9,197.4,139.9,0,0.0,0.19,307.8,0.292,49.8,51.57,Spaceport / Landing Pad
-80.9299,113.6631,411.9,1.31,0.41,50.7,198.0,140.6,0,0.0,0.32,310.4,0.282,50.6,51.84,Spaceport / Landing Pad
-87.2153,-129.5597,1442.4,0.55,0.2,60.6,205.5,148.5,0,0.0,0.34,340.7,0.159,60.5,54.67,Spaceport / Landing Pad
-80.0,-133.0021,1666.8,1.65,0.44,62.2,206.6,149.8,0,0.0,0.17,346.3,0.137,62.6,54.62,Spaceport / Landing Pad
-80.4946,134.2043,712.8,0.81,0.34,53.8,200.3,143.0,0,0.0,0.22,319.5,0.245,53.5,52.82,Spaceport / Landing Pad
-86.9524,27.3499,1981.3,5.67,0.5,63.2,207.4,150.5,0,0.0,0.32,343.2,0.149,65.7,50.65,Secondary Exploration Zone
-83.7733,-77.0054,1167.3,0.68,0.38,58.0,203.5,146.4,0,0.0,0.08,332.7,0.192,57.9,53.97,Spaceport / Landing Pad
-81.4644,-84.3518,1405.7,0.96,0.19,60.1,205.1,148.1,0,0.0,0.16,339.3,0.165,60.1,54.41,Spaceport / Landing Pad
-86.9296,19.5367,-894.1,12.2,1.05,0.0,61.5,69.5,1,0.352,2.16,286.0,0.381,0.0,20.63,Secondary Exploration Zone
-80.0,-151.8375,787.6,0.95,0.29,54.4,200.8,143.5,0,0.0,0.22,321.5,0.237,54.2,52.94,Spaceport / Landing Pad
-82.4433,-17.9873,1591.9,1.29,0.39,61.7,206.3,149.3,0,0.0,0.13,344.4,0.144,61.9,54.68,Spaceport / Landing Pad
-80.8078,-80.0594,1587.1,0.5,0.36,62.0,206.5,149.6,0,0.0,0.24,344.9,0.142,61.9,55.04,Spaceport / Landing Pad
-81.9433,-79.992,1206.8,0.9,0.4,58.3,203.7,146.6,0,0.0,0.26,333.6,0.188,58.2,53.96,Spaceport / Landing Pad
-80.0,-54.0085,157.4,1.69,0.4,48.2,196.1,138.5,0,0.0,0.34,302.7,0.313,48.2,50.97,Spaceport / Landing Pad
-81.4889,68.782,2008.6,0.64,0.38,65.8,209.4,152.7,0,0.0,0.32,347.4,0.132,65.9,56.36,Spaceport / Landing Pad
-80.0,136.4144,1241.2,1.17,0.32,58.5,203.9,146.8,0,0.0,0.14,334.4,0.185,58.6,53.91,Spaceport / Landing Pad
-82.1804,-156.8014,463.4,0.93,0.21,51.4,198.5,141.1,0,0.0,0.22,312.2,0.275,51.1,52.17,Spaceport / Landing Pad
-80.0,134.3179,1271.7,0.5,0.34,59.1,204.3,147.3,0,0.0,0.34,335.8,0.179,58.9,54.28,Spaceport / Landing Pad
-81.1398,-41.5834,1820.5,1.06,0.43,63.9,207.9,151.1,0,0.0,0.32,347.0,0.134,64.1,55.51,Spaceport / Landing Pad
-82.0917,78.4248,1259.6,2.33,0.42,58.1,203.6,146.5,0,0.0,0.13,334.0,0.186,58.8,53.09,Spaceport / Landing Pad
-80.0,-48.6914,975.8,1.14,0.37,56.0,202.0,144.8,0,0.0,0.07,326.8,0.216,56.0,53.29,Spaceport / Landing Pad
-82.7396,135.0,564.3,1.02,0.27,52.3,199.2,141.8,0,0.0,0.33,315.0,0.263,52.1,52.37,Spaceport / Landing Pad
-82.105,155.556,492.3,1.4,0.42,51.4,198.6,141.1,0,0.0,0.23,312.6,0.273,51.4,51.97,Spaceport / Landing Pad
-85.6358,41.5318,475.2,13.96,1.22,45.2,193.9,136.2,0,0.0,0.05,301.8,0.317,51.2,24.74,Secondary Exploration Zone
-80.0,-48.6914,975.8,1.14,0.37,56.0,202.0,144.8,0,0.0,0.07,326.8,0.216,56.0,53.29,Spaceport / Landing Pad
-84.4166,-38.211,1349.6,0.91,0.44,59.6,204.7,147.7,0,0.0,0.3,337.7,0.171,59.6,54.3,Spaceport / Landing Pad
-81.132,90.6031,782.1,1.11,0.37,54.3,200.7,143.4,0,0.0,0.15,321.2,0.238,54.2,52.84,Spaceport / Landing Pad
-84.0304,-9.9042,2199.8,4.29,0.44,65.9,209.4,152.7,0,0.0,0.1,344.4,0.144,67.8,53.6,Secondary Exploration Zone
-80.4216,-127.875,1696.2,0.5,0.42,63.0,207.3,150.4,0,0.0,0.08,347.5,0.132,62.9,55.32,Spaceport / Landing Pad
-80.4361,108.7886,520.9,0.85,0.19,52.0,199.0,141.6,0,0.0,0.28,313.9,0.268,51.7,52.35,Spaceport / Landing Pad
-82.4019,-142.9893,222.9,0.5,0.34,49.4,197.0,139.5,0,0.0,0.14,305.6,0.301,48.8,51.77,Spaceport / Landing Pad
-82.8558,162.512,902.7,0.54,0.2,55.6,201.7,144.5,0,0.0,0.3,325.1,0.222,55.3,53.38,Spaceport / Landing Pad
-84.5813,10.9228,-3665.3,1.46,0.23,0.0,52.3,62.2,1,0.893,4.83,294.8,0.345,0.0,51.34,ISRU Cryogenic Mining Outpost
-85.9765,-176.0091,811.4,1.22,0.33,54.5,200.9,143.6,0,0.0,0.31,322.0,0.235,54.5,52.85,Spaceport / Landing Pad
-82.7253,123.4862,1785.9,0.93,0.41,63.6,207.7,150.9,0,0.0,0.32,347.1,0.133,63.8,55.45,Spaceport / Landing Pad
-83.3984,-43.8542,1649.0,0.5,0.42,62.6,206.9,150.1,0,0.0,0.35,346.7,0.135,62.5,55.19,Spaceport / Landing Pad
-86.6893,40.4261,1353.8,0.5,0.3,59.8,204.9,147.9,0,0.0,0.19,338.2,0.169,59.7,54.48,Spaceport / Landing Pad
-81.6043,-28.5596,1910.7,1.18,0.45,64.7,208.5,151.7,0,0.0,0.3,346.9,0.134,65.0,55.76,Spaceport / Landing Pad
-81.6627,111.6823,461.4,0.91,0.29,51.4,198.5,141.1,0,0.0,0.09,312.1,0.275,51.1,52.17,Spaceport / Landing Pad
-89.1547,96.3402,1465.0,1.13,0.45,60.6,205.4,148.5,0,0.0,0.06,340.9,0.158,60.7,54.46,Spaceport / Landing Pad
-80.4216,74.7449,2246.7,1.03,0.42,67.9,210.9,154.3,0,0.0,0.32,347.0,0.133,68.2,57.01,Spaceport / Landing Pad
-83.613,-26.9395,1020.9,0.65,0.25,56.7,202.5,145.3,0,0.0,0.24,328.5,0.209,56.5,53.63,Spaceport / Landing Pad
-84.982,43.4926,-1297.9,7.39,0.84,0.0,60.3,57.2,1,0.128,0.98,289.9,0.365,0.0,28.29,Secondary Exploration Zone
-80.0,52.289,573.8,1.32,0.42,52.2,199.2,141.8,0,0.0,0.3,315.0,0.263,52.2,52.22,Spaceport / Landing Pad
-87.5767,164.3578,321.1,0.8,0.24,50.1,197.6,140.1,0,0.0,0.13,308.2,0.291,49.8,51.89,Spaceport / Landing Pad
-83.1091,81.4309,984.9,0.69,0.44,56.3,202.2,145.1,0,0.0,0.13,327.4,0.213,56.1,53.53,Spaceport / Landing Pad
-87.2531,9.7824,-1673.9,7.66,0.81,0.0,73.9,67.0,1,0.752,4.06,289.7,0.366,0.0,40.24,ISRU Cryogenic Mining Outpost
-80.1348,-159.5074,1413.0,0.5,0.3,60.4,205.3,148.3,0,0.0,0.24,339.9,0.162,60.2,54.62,Spaceport / Landing Pad
-81.2626,-139.3323,980.8,0.5,0.27,56.4,202.3,145.1,0,0.0,0.1,327.4,0.213,56.1,53.59,Spaceport / Landing Pad
-87.985,-166.6075,927.4,3.59,0.5,54.4,200.8,143.5,0,0.0,0.06,323.3,0.229,55.6,50.93,Secondary Exploration Zone
-80.0,135.6366,1395.9,0.9,0.22,60.0,205.0,148.0,0,0.0,0.27,339.1,0.166,60.1,54.42,Spaceport / Landing Pad
-80.2413,-158.0968,1349.4,0.5,0.15,59.8,204.9,147.8,0,0.0,0.22,338.1,0.17,59.6,54.47,Spaceport / Landing Pad
-84.8585,-86.8779,1244.0,1.35,0.35,58.4,203.8,146.7,0,0.0,0.09,334.3,0.185,58.6,53.8,Spaceport / Landing Pad
-80.6947,-76.6608,1583.5,0.6,0.18,61.9,206.4,149.5,0,0.0,0.29,344.7,0.143,61.9,55.0,Spaceport / Landing Pad
-83.0436,-78.3885,1177.9,1.2,0.29,57.9,203.4,146.3,0,0.0,0.34,332.5,0.192,58.0,53.73,Spaceport / Landing Pad
-81.3791,-56.482,794.6,0.5,0.18,54.7,201.0,143.7,0,0.0,0.22,322.1,0.235,54.3,53.14,Spaceport / Landing Pad
-82.4249,93.5323,1438.2,0.83,0.22,60.5,205.4,148.4,0,0.0,0.12,340.3,0.161,60.5,54.55,Spaceport / Landing Pad
-82.5501,142.125,706.2,1.01,0.23,53.6,200.2,142.9,0,0.0,0.31,319.1,0.247,53.5,52.71,Spaceport / Landing Pad
-83.0436,168.3885,1379.9,1.85,0.29,59.4,204.6,147.6,0,0.0,0.33,337.8,0.171,59.9,53.78,Spaceport / Landing Pad
-88.2839,45.0,-1934.6,7.02,0.67,0.0,104.2,51.6,1,0.789,4.38,290.2,0.363,0.0,42.25,ISRU Cryogenic Mining Outpost
-87.9507,-149.9314,911.0,0.8,0.38,55.6,201.7,144.5,0,0.0,0.23,325.2,0.222,55.4,53.3,Spaceport / Landing Pad
-80.0,34.9507,1797.7,1.55,0.49,63.5,207.6,150.8,0,0.0,0.24,346.6,0.135,63.9,55.13,Spaceport / Landing Pad
-84.5237,150.3763,1471.9,0.62,0.18,60.9,205.7,148.7,0,0.0,0.12,341.5,0.156,60.8,54.72,Spaceport / Landing Pad
-82.4387,-89.2927,1061.9,1.02,0.18,56.9,202.7,145.5,0,0.0,0.06,329.3,0.205,56.9,53.56,Spaceport / Landing Pad
-80.535,-126.9829,1737.6,0.5,0.19,63.4,207.6,150.7,0,0.0,0.05,347.5,0.132,63.3,55.47,Spaceport / Landing Pad
-85.4482,61.8584,-1230.6,7.67,0.84,0.0,66.8,45.9,1,0.157,1.14,289.7,0.366,0.0,28.31,Secondary Exploration Zone
-83.8465,67.7144,245.1,0.5,0.42,49.6,197.2,139.7,0,0.0,0.06,306.2,0.299,49.0,51.82,Spaceport / Landing Pad
-80.0749,-121.1486,1690.0,0.5,0.19,63.0,207.2,150.4,0,0.0,0.24,347.5,0.132,62.9,55.3,Spaceport / Landing Pad
-80.6797,-172.5191,1139.3,0.75,0.38,57.7,203.3,146.2,0,0.0,0.14,331.8,0.195,57.6,53.87,Spaceport / Landing Pad
-82.3198,73.7676,1251.5,2.06,0.52,58.1,203.6,146.5,0,0.0,0.15,333.9,0.186,58.7,53.3,Spaceport / Landing Pad
-84.4479,106.607,2359.8,4.5,0.49,67.3,210.4,153.8,0,0.0,0.23,344.2,0.145,69.3,53.86,Secondary Exploration Zone
-85.4482,105.4612,2676.3,3.16,0.33,70.8,213.1,156.7,0,0.0,0.18,345.3,0.141,72.3,56.71,Spaceport / Landing Pad
-80.9993,139.2054,679.0,0.55,0.16,53.6,200.2,142.9,0,0.0,0.12,318.7,0.248,53.2,52.85,Spaceport / Landing Pad
-80.1879,25.3462,1306.4,0.55,0.16,59.4,204.5,147.5,0,0.0,0.18,336.8,0.175,59.2,54.35,Spaceport / Landing Pad
-85.7164,-11.3099,1914.8,8.05,0.69,61.4,206.1,149.1,0,0.0,0.05,341.3,0.157,65.0,45.62,Secondary Exploration Zone
-80.8572,152.6501,325.7,0.5,0.21,50.3,197.7,140.2,0,0.0,0.18,308.6,0.289,49.8,52.02,Spaceport / Landing Pad
-88.6734,-50.7106,1541.6,2.69,0.34,60.5,205.4,148.4,0,0.0,0.17,341.8,0.155,61.5,53.41,Spaceport / Landing Pad
-82.2745,-115.0169,893.9,1.55,0.29,55.1,201.3,144.1,0,0.0,0.12,324.1,0.226,55.2,52.83,Spaceport / Landing Pad
-83.5533,124.3803,876.2,7.3,0.79,52.2,199.1,141.7,0,0.0,0.09,318.8,0.248,55.1,44.52,Secondary Exploration Zone
-84.2263,145.5392,1300.6,1.64,0.25,58.8,204.1,147.0,0,0.0,0.21,335.7,0.179,59.1,53.74,Spaceport / Landing Pad
-82.7975,18.9046,1450.9,0.52,0.21,60.7,205.6,148.6,0,0.0,0.18,341.0,0.158,60.6,54.7,Spaceport / Landing Pad
-80.0,125.1939,2249.9,0.66,0.21,68.1,211.1,154.5,0,0.0,0.22,347.3,0.132,68.2,57.19,Spaceport / Landing Pad
-83.9263,87.3575,1510.8,0.5,0.2,61.3,206.0,149.0,0,0.0,0.16,342.7,0.151,61.2,54.86,Spaceport / Landing Pad
-86.3015,47.0454,2052.4,5.05,0.64,64.1,208.1,151.3,0,0.0,0.05,343.7,0.147,66.3,51.95,Secondary Exploration Zone
-81.8787,-0.6585,471.8,2.15,0.38,50.9,198.2,140.7,0,0.0,0.14,311.4,0.278,51.2,51.36,Spaceport / Landing Pad
-81.6752,162.3777,941.4,2.3,0.53,55.2,201.4,144.1,0,0.0,0.26,324.8,0.223,55.7,52.35,Spaceport / Landing Pad
-82.4942,158.8602,655.2,0.5,0.29,53.4,200.0,142.7,0,0.0,0.2,318.1,0.251,53.0,52.81,Spaceport / Landing Pad
-80.6462,53.9306,651.7,0.5,0.27,53.3,200.0,142.7,0,0.0,0.21,317.9,0.251,52.9,52.8,Spaceport / Landing Pad
-81.9087,11.3099,1281.3,0.5,0.37,59.2,204.4,147.3,0,0.0,0.21,336.1,0.178,59.0,54.31,Spaceport / Landing Pad
-81.0226,152.1027,344.2,1.17,0.23,50.2,197.6,140.1,0,0.0,0.06,308.5,0.289,50.0,51.75,Spaceport / Landing Pad
-86.5755,17.4472,1234.7,20.68,1.76,49.1,196.8,139.2,0,0.0,0.31,318.1,0.25,58.5,22.25,Hazard / Exclusion Zone
-82.1804,66.8014,1578.9,1.78,0.26,61.3,206.0,149.1,0,0.0,0.05,343.6,0.147,61.8,54.31,Spaceport / Landing Pad
-82.4571,-49.0142,1539.9,2.37,0.5,60.7,205.5,148.5,0,0.0,0.14,342.0,0.154,61.4,53.73,Spaceport / Landing Pad
-85.6278,16.1134,-742.9,7.51,0.81,0.0,41.4,37.5,1,0.076,0.69,289.8,0.365,0.0,27.02,Secondary Exploration Zone
-83.2573,158.0513,1057.1,2.11,0.45,56.3,202.2,145.1,0,0.0,0.24,328.3,0.209,56.8,52.79,Spaceport / Landing Pad
-83.712,84.0355,1338.1,1.51,0.42,59.2,204.4,147.4,0,0.0,0.18,336.9,0.175,59.5,53.93,Spaceport / Landing Pad
-88.4104,93.3665,1566.9,0.5,0.25,61.8,206.4,149.5,0,0.0,0.23,344.3,0.144,61.7,54.99,Spaceport / Landing Pad
-81.806,-42.2298,1980.4,0.5,0.21,65.7,209.2,152.5,0,0.0,0.19,347.5,0.132,65.7,56.31,Spaceport / Landing Pad
-80.0,124.4265,1990.7,0.6,0.42,65.7,209.3,152.6,0,0.0,0.29,347.4,0.132,65.7,56.31,Spaceport / Landing Pad
-83.9148,4.3987,-3228.4,4.3,0.63,0.0,62.1,42.9,1,0.523,2.99,292.5,0.354,0.0,41.33,ISRU Cryogenic Mining Outpost
-88.8721,-65.556,1185.8,2.44,0.34,57.4,203.0,145.9,0,0.0,0.15,331.7,0.195,58.0,52.81,Spaceport / Landing Pad
-81.3146,88.1524,936.3,1.12,0.24,55.7,201.8,144.5,0,0.0,0.22,325.6,0.22,55.7,53.2,Spaceport / Landing Pad
-82.4756,-135.0,518.6,0.98,0.45,51.9,198.9,141.5,0,0.0,0.08,313.7,0.268,51.7,52.28,Spaceport / Landing Pad
-86.264,77.0054,2280.0,11.14,0.97,63.3,207.5,150.7,0,0.0,0.26,338.7,0.167,68.5,38.79,Secondary Exploration Zone
-81.0927,-174.5881,1027.3,0.5,0.26,56.8,202.6,145.5,0,0.0,0.24,328.8,0.207,56.5,53.7,Spaceport / Landing Pad
-87.069,52.7652,998.2,4.97,0.6,54.4,200.8,143.5,0,0.0,0.12,324.3,0.226,56.2,49.14,Secondary Exploration Zone
-80.0,-40.8653,867.8,0.5,0.23,55.3,201.5,144.3,0,0.0,0.19,324.2,0.226,55.0,53.32,Spaceport / Landing Pad
-88.4104,40.2364,-1239.8,9.85,0.84,0.0,55.6,63.8,1,0.522,2.86,287.9,0.373,0.0,30.57,ISRU Cryogenic Mining Outpost
-80.0434,-141.0885,683.0,0.9,0.22,53.4,200.1,142.7,0,0.0,0.16,318.5,0.249,53.2,52.71,Spaceport / Landing Pad
-80.0,132.3057,1380.4,1.46,0.34,59.6,204.7,147.7,0,0.0,0.27,338.2,0.169,59.9,54.06,Spaceport / Landing Pad
-80.0,32.1644,1706.5,1.21,0.46,62.8,207.1,150.2,0,0.0,0.21,346.9,0.134,63.0,55.03,Spaceport / Landing Pad
-80.0854,-41.9471,1392.5,1.7,0.4,59.6,204.7,147.7,0,0.0,0.3,338.3,0.169,60.0,53.92,Spaceport / Landing Pad
-80.1879,-39.5962,1289.6,1.27,0.45,58.9,204.2,147.1,0,0.0,0.19,335.7,0.179,59.0,53.96,Spaceport / Landing Pad
-88.7547,-167.0054,-1585.8,15.48,1.3,0.0,62.9,63.5,1,0.164,1.17,283.3,0.392,0.0,7.65,Secondary Exploration Zone
-86.8291,-132.6141,1280.8,0.97,0.24,58.9,204.2,147.2,0,0.0,0.12,335.7,0.179,59.0,54.11,Spaceport / Landing Pad
-82.9096,106.049,960.7,0.51,0.17,56.2,202.1,145.0,0,0.0,0.17,326.8,0.215,55.9,53.53,Spaceport / Landing Pad
-86.3584,88.5312,3451.7,6.48,0.79,76.4,217.3,161.1,0,0.0,0.12,342.6,0.152,79.7,54.27,Secondary Exploration Zone
-80.0,136.259,1438.3,0.68,0.41,60.5,205.4,148.4,0,0.0,0.34,340.5,0.16,60.5,54.62,Spaceport / Landing Pad
-81.4196,-171.8699,1100.7,0.5,0.34,57.5,203.1,146.0,0,0.0,0.07,330.9,0.199,57.2,53.87,Spaceport / Landing Pad
-80.0,47.8271,1131.1,0.9,0.44,57.6,203.2,146.1,0,0.0,0.05,331.4,0.197,57.5,53.78,Spaceport / Landing Pad
-80.0,-47.411,1171.4,0.5,0.32,58.2,203.6,146.5,0,0.0,0.24,332.9,0.191,57.9,54.04,Spaceport / Landing Pad
-85.9592,96.6325,1305.5,22.07,1.74,49.0,196.8,139.2,0,0.0,0.24,319.0,0.247,59.2,22.28,Hazard / Exclusion Zone
-88.2839,-112.3801,945.4,1.58,0.39,55.5,201.7,144.4,0,0.0,0.21,325.5,0.221,55.7,52.94,Spaceport / Landing Pad
-84.9474,64.8552,-576.8,9.48,0.96,37.6,188.2,130.1,0,0.0,0.21,288.2,0.372,41.2,35.41,Secondary Exploration Zone
-88.2839,-22.3801,2234.1,0.62,0.31,67.9,211.0,154.4,0,0.0,0.34,347.4,0.132,68.1,57.15,Spaceport / Landing Pad
-81.0226,-45.8425,1855.5,0.77,0.41,64.4,208.3,151.5,0,0.0,0.18,347.3,0.133,64.5,55.77,Spaceport / Landing Pad
-83.9955,101.6593,1263.4,0.5,0.3,59.0,204.3,147.2,0,0.0,0.3,335.6,0.18,58.8,54.26,Spaceport / Landing Pad
-82.0917,-101.5752,1140.4,2.04,0.42,57.1,202.8,145.7,0,0.0,0.17,330.8,0.199,57.6,53.05,Spaceport / Landing Pad
-84.8585,93.1221,1156.0,1.02,0.41,57.8,203.3,146.2,0,0.0,0.18,332.1,0.194,57.8,53.78,Spaceport / Landing Pad
-81.4807,85.6013,1104.6,1.11,0.4,57.2,202.9,145.8,0,0.0,0.27,330.5,0.2,57.3,53.61,Spaceport / Landing Pad
-88.5721,168.6901,-1624.4,20.83,1.82,0.0,70.7,62.2,1,0.116,0.78,278.9,0.409,0.0,6.85,Hazard / Exclusion Zone
-84.0597,-8.1301,891.2,13.83,1.36,49.2,196.9,139.3,0,0.0,0.35,313.9,0.268,55.2,26.2,Secondary Exploration Zone
-86.5653,-42.7974,1534.0,1.96,0.45,60.8,205.6,148.7,0,0.0,0.05,342.2,0.153,61.4,54.06,Spaceport / Landing Pad
-81.9303,48.7517,1516.2,0.99,0.47,61.1,205.8,148.9,0,0.0,0.1,342.5,0.152,61.2,54.66,Spaceport / Landing Pad
-81.6752,72.3777,1972.7,1.24,0.45,65.2,208.9,152.2,0,0.0,0.1,346.9,0.134,65.6,55.94,Spaceport / Landing Pad
-80.4216,-37.875,1337.5,0.98,0.37,59.5,204.6,147.6,0,0.0,0.09,337.3,0.173,59.5,54.24,Spaceport / Landing Pad
-87.9507,120.0686,1236.3,2.03,0.42,58.0,203.5,146.4,0,0.0,0.35,333.5,0.188,58.5,53.29,Spaceport / Landing Pad
-86.5149,-7.6961,1407.8,1.79,0.35,59.7,204.8,147.8,0,0.0,0.32,338.7,0.167,60.2,53.89,Spaceport / Landing Pad
-84.4353,-22.6938,811.2,0.5,0.29,54.8,201.1,143.9,0,0.0,0.29,322.5,0.233,54.5,53.18,Spaceport / Landing Pad
-80.0995,-28.7398,1894.9,0.5,0.22,64.9,208.6,151.9,0,0.0,0.24,347.5,0.132,64.8,56.01,Spaceport / Landing Pad
-83.1547,-174.5226,2315.4,0.5,0.24,68.8,211.6,155.0,0,0.0,0.13,347.5,0.132,68.9,57.47,Spaceport / Landing Pad
-80.0,61.3482,903.2,1.57,0.46,55.2,201.4,144.1,0,0.0,0.08,324.3,0.225,55.3,52.84,Spaceport / Landing Pad
-80.2413,-21.9032,1362.2,2.1,0.44,59.2,204.4,147.3,0,0.0,0.34,337.1,0.174,59.7,53.54,Spaceport / Landing Pad
-85.268,165.1414,1459.8,0.63,0.28,60.8,205.6,148.6,0,0.0,0.23,341.1,0.157,60.7,54.69,Spaceport / Landing Pad
-81.8359,-95.9061,1303.1,0.77,0.34,59.2,204.4,147.4,0,0.0,0.19,336.5,0.176,59.2,54.25,Spaceport / Landing Pad
-80.0,38.5892,863.3,1.12,0.38,55.0,201.2,144.0,0,0.0,0.25,323.5,0.229,55.0,53.03,Spaceport / Landing Pad
-88.5721,-101.3099,771.0,0.83,0.29,54.3,200.7,143.4,0,0.0,0.11,321.1,0.238,54.1,52.95,Spaceport / Landing Pad
-85.3798,-98.1301,1441.0,0.5,0.29,60.7,205.5,148.5,0,0.0,0.15,340.7,0.159,60.5,54.69,Spaceport / Landing Pad
-80.0,-60.0685,858.4,2.25,0.29,54.4,200.8,143.5,0,0.0,0.07,322.5,0.233,54.9,52.19,Spaceport / Landing Pad
-83.2936,-81.1932,996.9,0.5,0.24,56.5,202.4,145.2,0,0.0,0.06,327.9,0.211,56.2,53.62,Spaceport / Landing Pad
-84.0071,-52.5946,590.8,1.97,0.32,52.1,199.0,141.7,0,0.0,0.15,315.0,0.263,52.3,51.79,Spaceport / Landing Pad
-86.3015,-42.9546,1448.8,2.03,0.47,60.0,205.0,148.0,0,0.0,0.12,339.7,0.163,60.6,53.8,Spaceport / Landing Pad
-85.0944,111.1941,228.6,5.8,0.7,46.9,195.2,137.5,0,0.0,0.26,301.4,0.318,48.9,45.9,Secondary Exploration Zone
-85.3798,-171.8699,758.7,1.28,0.45,54.0,200.5,143.2,0,0.0,0.18,320.4,0.241,54.0,52.69,Spaceport / Landing Pad
-80.3563,154.179,485.7,0.81,0.18,51.6,198.7,141.3,0,0.0,0.22,312.9,0.272,51.3,52.28,Spaceport / Landing Pad
-80.7964,36.7537,1516.3,0.63,0.29,61.3,206.0,149.0,0,0.0,0.16,342.8,0.151,61.2,54.82,Spaceport / Landing Pad
-82.3334,-132.0391,666.3,0.5,0.36,53.5,200.1,142.8,0,0.0,0.11,318.4,0.25,53.1,52.83,Spaceport / Landing Pad
-82.2385,176.5526,2259.9,0.5,0.21,68.2,211.2,154.6,0,0.0,0.14,347.5,0.132,68.3,57.28,Spaceport / Landing Pad
-85.7985,-1.273,-371.4,7.24,0.69,40.6,190.5,132.5,0,0.0,0.28,290.1,0.364,43.1,41.39,Secondary Exploration Zone
-83.2212,128.2902,2350.4,3.0,0.6,67.9,210.9,154.3,0,0.0,0.13,345.4,0.14,69.2,55.75,Spaceport / Landing Pad
-81.8359,67.8337,1840.3,0.75,0.32,64.2,208.2,151.4,0,0.0,0.06,347.3,0.133,64.3,55.72,Spaceport / Landing Pad
-83.2573,-68.0513,1051.0,1.59,0.25,56.5,202.4,145.2,0,0.0,0.19,328.6,0.208,56.8,53.18,Spaceport / Landing Pad
-80.2628,-150.732,857.2,1.56,0.39,54.7,201.0,143.8,0,0.0,0.32,323.0,0.231,54.9,52.74,Spaceport / Landing Pad
-85.2167,72.9795,951.4,0.5,0.19,56.1,202.1,144.9,0,0.0,0.17,326.6,0.216,55.8,53.52,Spaceport / Landing Pad
-81.5135,-29.6667,1856.5,1.12,0.18,64.2,208.2,151.4,0,0.0,0.21,347.0,0.134,64.5,55.6,Spaceport / Landing Pad
-80.0,-137.8986,808.8,0.5,0.29,54.8,201.1,143.8,0,0.0,0.06,322.5,0.233,54.4,53.17,Spaceport / Landing Pad
-83.4994,147.9074,1245.8,1.67,0.37,58.3,203.7,146.6,0,0.0,0.12,334.1,0.186,58.6,53.59,Spaceport / Landing Pad
-84.2809,116.1468,-66.0,5.9,0.64,0.0,95.8,61.7,1,0.166,0.94,292.8,0.353,0.0,31.75,Secondary Exploration Zone
-80.0,143.2267,1447.8,1.76,0.51,60.1,205.1,148.1,0,0.0,0.08,339.8,0.163,60.6,54.01,Spaceport / Landing Pad
-84.2627,111.9745,836.9,5.94,0.71,52.4,199.3,142.0,0,0.0,0.3,318.8,0.248,54.7,47.1,Secondary Exploration Zone
-83.8521,30.0686,1088.5,1.17,0.24,57.1,202.8,145.6,0,0.0,0.27,330.0,0.203,57.1,53.54,Spaceport / Landing Pad
-82.9096,-20.8209,1556.0,0.6,0.43,61.7,206.3,149.3,0,0.0,0.34,343.9,0.146,61.6,54.93,Spaceport / Landing Pad
-81.692,0.6437,745.0,2.08,0.35,53.4,200.1,142.8,0,0.0,0.14,319.3,0.246,53.8,52.08,Spaceport / Landing Pad
-85.2606,-57.875,135.4,1.39,0.39,48.1,196.1,138.5,0,0.0,0.3,302.3,0.314,48.0,51.12,Spaceport / Landing Pad
-85.0239,-23.1986,817.3,0.58,0.39,54.8,201.1,143.9,0,0.0,0.19,322.7,0.232,54.5,53.17,Spaceport / Landing Pad
-87.2786,120.9638,1460.6,2.38,0.41,59.9,204.9,147.9,0,0.0,0.17,339.7,0.163,60.7,53.52,Spaceport / Landing Pad
-88.6218,-118.3008,715.0,1.03,0.26,53.7,200.2,142.9,0,0.0,0.08,319.3,0.246,53.5,52.72,Spaceport / Landing Pad
-80.0,-46.232,1134.1,0.5,0.19,57.8,203.4,146.2,0,0.0,0.07,331.8,0.195,57.5,53.95,Spaceport / Landing Pad
-80.6723,161.9277,1302.0,1.91,0.45,58.7,204.0,147.0,0,0.0,0.21,335.5,0.18,59.2,53.55,Spaceport / Landing Pad
-80.7473,120.9638,1499.0,0.96,0.46,61.0,205.7,148.8,0,0.0,0.15,342.0,0.154,61.0,54.63,Spaceport / Landing Pad
-80.7135,-39.2894,1510.1,0.82,0.31,61.1,205.9,148.9,0,0.0,0.32,342.4,0.152,61.1,54.73,Spaceport / Landing Pad
-83.7065,125.3401,233.9,7.17,0.85,46.3,194.7,137.0,0,0.0,0.2,300.4,0.322,48.9,43.26,Secondary Exploration Zone
-81.7298,69.5196,1933.1,1.15,0.48,64.9,208.7,151.9,0,0.0,0.09,346.9,0.134,65.2,55.85,Spaceport / Landing Pad
-88.4549,-25.0169,2174.1,0.61,0.38,67.4,210.5,153.9,0,0.0,0.25,347.4,0.132,67.5,56.94,Spaceport / Landing Pad
-86.6998,98.1301,1730.2,18.0,1.49,54.9,201.2,143.9,0,0.0,0.31,333.1,0.19,63.3,23.76,Secondary Exploration Zone
-80.9222,-4.1276,1206.2,2.16,0.47,57.7,203.3,146.1,0,0.0,0.12,332.6,0.192,58.2,53.11,Spaceport / Landing Pad
-80.8419,119.9622,1346.5,1.9,0.49,59.1,204.3,147.3,0,0.0,0.22,336.8,0.175,59.6,53.66,Spaceport / Landing Pad
-80.5166,118.8355,1162.7,2.14,0.33,57.3,203.0,145.8,0,0.0,0.15,331.3,0.197,57.8,53.02,Spaceport / Landing Pad
-81.0576,166.1088,1603.2,1.04,0.41,61.9,206.4,149.5,0,0.0,0.15,344.9,0.142,62.0,54.84,Spaceport / Landing Pad
-80.0,53.427,922.1,0.5,0.4,55.8,201.9,144.7,0,0.0,0.22,325.7,0.22,55.5,53.45,Spaceport / Landing Pad
-86.4261,139.2364,1570.5,0.99,0.31,61.6,206.2,149.3,0,0.0,0.15,344.0,0.146,61.7,54.79,Spaceport / Landing Pad
-80.3491,41.8636,1429.6,1.3,0.36,60.2,205.1,148.1,0,0.0,0.27,339.7,0.163,60.4,54.28,Spaceport / Landing Pad
-80.4873,-137.3859,1075.9,0.74,0.18,57.2,202.9,145.7,0,0.0,0.24,330.0,0.203,57.0,53.72,Spaceport / Landing Pad
-84.9405,142.4959,491.2,15.7,1.35,44.5,193.4,135.6,0,0.0,0.12,300.8,0.321,51.4,20.96,Secondary Exploration Zone
-81.8359,59.0362,1503.3,0.5,0.28,61.2,205.9,149.0,0,0.0,0.26,342.5,0.152,61.1,54.84,Spaceport / Landing Pad
-82.7637,96.6667,1511.6,0.5,0.25,61.3,206.0,149.0,0,0.0,0.14,342.7,0.151,61.2,54.86,Spaceport / Landing Pad
-82.2655,-107.5603,1037.3,1.61,0.25,56.4,202.3,145.1,0,0.0,0.12,328.1,0.21,56.6,53.14,Spaceport / Landing Pad
-81.0576,53.4889,807.0,1.32,0.41,54.4,200.8,143.5,0,0.0,0.29,321.7,0.236,54.4,52.77,Spaceport / Landing Pad
-80.0,-144.2299,656.1,0.71,0.28,53.3,200.0,142.6,0,0.0,0.34,317.9,0.251,53.0,52.73,Spaceport / Landing Pad
-85.9852,178.6678,984.8,1.42,0.24,56.0,202.0,144.8,0,0.0,0.22,326.8,0.215,56.1,53.14,Spaceport / Landing Pad
-80.5498,20.2249,947.3,1.19,0.27,55.7,201.8,144.6,0,0.0,0.14,325.9,0.219,55.8,53.19,Spaceport / Landing Pad
-81.9303,48.7517,1516.2,0.99,0.47,61.1,205.8,148.9,0,0.0,0.1,342.5,0.152,61.2,54.66,Spaceport / Landing Pad
-81.7636,113.3691,609.6,1.61,0.23,52.4,199.3,141.9,0,0.0,0.18,315.8,0.26,52.5,52.11,Spaceport / Landing Pad
-83.2677,45.0,1412.3,1.65,0.45,59.8,204.9,147.9,0,0.0,0.26,338.9,0.166,60.2,54.01,Spaceport / Landing Pad
-81.6878,1.9306,840.6,1.33,0.28,54.7,201.0,143.7,0,0.0,0.24,322.7,0.232,54.7,52.85,Spaceport / Landing Pad
-84.0304,80.0958,1121.6,1.23,0.34,57.3,203.0,145.9,0,0.0,0.21,330.9,0.199,57.4,53.58,Spaceport / Landing Pad
-80.736,12.2157,1012.9,1.13,0.37,56.4,202.3,145.1,0,0.0,0.17,327.8,0.211,56.4,53.38,Spaceport / Landing Pad
-84.473,94.844,1284.5,1.06,0.21,58.9,204.2,147.1,0,0.0,0.33,335.7,0.179,59.0,54.07,Spaceport / Landing Pad
-86.6061,148.4957,611.7,1.59,0.24,52.4,199.3,142.0,0,0.0,0.31,315.9,0.26,52.5,52.13,Spaceport / Landing Pad
-83.3249,20.4623,2033.4,5.31,0.51,63.8,207.9,151.1,0,0.0,0.33,343.5,0.148,66.2,51.46,Secondary Exploration Zone
-85.3949,-162.2996,759.3,2.01,0.45,53.6,200.2,142.9,0,0.0,0.18,319.8,0.244,54.0,52.17,Spaceport / Landing Pad
-84.6786,178.9949,1142.5,0.73,0.38,57.8,203.3,146.2,0,0.0,0.15,331.9,0.195,57.6,53.88,Spaceport / Landing Pad
-85.5645,81.5289,2901.1,10.0,0.9,69.6,212.2,155.7,0,0.0,0.27,339.7,0.163,74.5,44.17,Secondary Exploration Zone
-80.0,54.4623,890.5,0.5,0.42,55.5,201.7,144.4,0,0.0,0.2,324.8,0.223,55.2,53.37,Spaceport / Landing Pad
-86.6267,-104.4208,1799.4,0.5,0.17,64.0,208.0,151.2,0,0.0,0.1,347.5,0.132,63.9,55.68,Spaceport / Landing Pad
-80.0,139.548,1652.5,0.5,0.28,62.6,207.0,150.1,0,0.0,0.25,346.8,0.134,62.5,55.2,Spaceport / Landing Pad
-87.1049,91.8476,247.2,19.92,1.6,40.3,190.2,132.2,0,0.0,0.33,290.3,0.363,49.1,19.96,Secondary Exploration Zone
-80.0,55.5735,744.4,0.94,0.4,54.0,200.5,143.2,0,0.0,0.11,320.3,0.242,53.8,52.84,Spaceport / Landing Pad
-81.7933,19.2593,1629.1,0.64,0.22,62.3,206.7,149.9,0,0.0,0.09,346.0,0.138,62.3,55.09,Spaceport / Landing Pad
-80.4143,-112.3194,925.8,1.51,0.47,55.4,201.5,144.3,0,0.0,0.07,325.0,0.223,55.6,52.94,Spaceport / Landing Pad
-85.7985,1.273,-723.2,7.39,0.74,37.3,188.0,129.8,0,0.0,0.2,289.9,0.365,39.8,39.85,Secondary Exploration Zone
-88.5241,145.3048,415.0,1.48,0.23,50.7,198.0,140.5,0,0.0,0.06,310.3,0.282,50.7,51.73,Spaceport / Landing Pad
-88.346,-73.6105,944.0,1.08,0.24,55.8,201.8,144.6,0,0.0,0.34,325.9,0.219,55.7,53.24,Spaceport / Landing Pad
-83.8976,6.1466,-3380.9,3.09,0.36,0.0,55.6,49.4,1,0.562,3.2,293.5,0.35,0.0,43.48,ISRU Cryogenic Mining Outpost
-80.0,-149.5603,678.6,0.5,0.15,53.6,200.2,142.9,0,0.0,0.12,318.7,0.248,53.2,52.86,Spaceport / Landing Pad
-87.6202,-131.8202,1337.1,1.28,0.33,59.3,204.5,147.5,0,0.0,0.09,337.1,0.174,59.5,54.07,Spaceport / Landing Pad
-88.2045,-62.1027,1164.2,2.17,0.31,57.3,203.0,145.8,0,0.0,0.29,331.3,0.197,57.8,53.0,Spaceport / Landing Pad
-80.8496,108.4349,468.5,0.9,0.31,51.4,198.6,141.2,0,0.0,0.26,312.3,0.274,51.2,52.2,Spaceport / Landing Pad
-87.6646,-2.2906,1892.9,2.21,0.48,64.0,208.0,151.2,0,0.0,0.35,346.1,0.137,64.8,54.94,Spaceport / Landing Pad
-85.2827,62.9279,-1171.5,8.05,0.95,0.0,101.2,47.4,1,0.093,0.57,289.4,0.367,0.0,26.22,Secondary Exploration Zone
-82.7781,-26.8962,1451.3,0.6,0.24,60.7,205.5,148.6,0,0.0,0.25,340.9,0.158,60.6,54.68,Spaceport / Landing Pad
-87.0218,-122.1957,1581.9,0.68,0.27,61.9,206.4,149.5,0,0.0,0.28,344.6,0.143,61.8,54.96,Spaceport / Landing Pad
-80.0,31.5043,1779.7,1.01,0.35,63.5,207.7,150.8,0,0.0,0.25,347.1,0.133,63.7,55.39,Spaceport / Landing Pad
-80.0,-155.556,1058.0,1.07,0.18,56.8,202.6,145.5,0,0.0,0.24,329.2,0.206,56.8,53.52,Spaceport / Landing Pad
-85.5332,-63.9704,119.4,0.5,0.29,48.4,196.3,138.7,0,0.0,0.17,302.6,0.313,47.8,51.52,Spaceport / Landing Pad
-82.1403,127.2782,1319.3,1.81,0.46,58.9,204.2,147.1,0,0.0,0.11,336.1,0.178,59.3,53.66,Spaceport / Landing Pad
-84.6395,125.0738,-1723.1,2.93,0.36,0.0,69.9,38.3,1,0.883,4.79,293.6,0.35,0.0,50.06,ISRU Cryogenic Mining Outpost
-83.0737,-52.6668,869.5,2.05,0.51,54.6,201.0,143.7,0,0.0,0.23,322.9,0.231,55.0,52.4,Spaceport / Landing Pad
-84.3299,57.0948,-2004.1,6.57,0.64,0.0,75.1,69.9,1,0.19,1.13,290.6,0.362,0.0,31.11,Secondary Exploration Zone
-83.446,-162.5973,1636.7,1.68,0.33,61.9,206.4,149.5,0,0.0,0.17,345.4,0.14,62.4,54.52,Spaceport / Landing Pad
-86.3584,178.5312,1000.1,0.5,0.33,56.6,202.4,145.3,0,0.0,0.3,328.0,0.211,56.3,53.63,Spaceport / Landing Pad
-80.7473,-92.8913,1198.2,2.41,0.3,57.5,203.1,146.0,0,0.0,0.28,332.1,0.194,58.2,52.87,Spaceport / Landing Pad
-81.2387,14.1843,1240.6,0.99,0.21,58.6,203.9,146.8,0,0.0,0.18,334.5,0.184,58.6,54.0,Spaceport / Landing Pad
-80.4471,-146.1547,764.1,0.96,0.39,54.2,200.6,143.3,0,0.0,0.17,320.8,0.24,54.0,52.87,Spaceport / Landing Pad
-83.0286,153.778,1067.9,1.64,0.43,56.6,202.5,145.3,0,0.0,0.15,329.0,0.206,56.9,53.19,Spaceport / Landing Pad
-80.4507,50.553,774.1,0.67,0.17,54.4,200.8,143.5,0,0.0,0.17,321.3,0.238,54.1,53.03,Spaceport / Landing Pad
-85.6759,13.7363,-973.4,7.19,0.78,0.0,96.2,47.3,1,0.168,1.21,290.1,0.364,0.0,29.49,Secondary Exploration Zone
-82.1937,-48.8785,1611.8,1.74,0.33,61.6,206.2,149.3,0,0.0,0.32,344.6,0.143,62.1,54.42,Spaceport / Landing Pad
-86.9639,-45.0,1541.4,1.64,0.5,61.0,205.8,148.8,0,0.0,0.14,342.7,0.151,61.4,54.33,Spaceport / Landing Pad
-84.9405,150.124,1403.2,0.5,0.39,60.3,205.2,148.2,0,0.0,0.26,339.6,0.164,60.1,54.6,Spaceport / Landing Pad
-80.9453,127.4606,1398.2,1.83,0.45,59.6,204.7,147.7,0,0.0,0.11,338.4,0.169,60.1,53.84,Spaceport / Landing Pad
-82.0522,-176.6335,1807.0,1.86,0.48,63.4,207.5,150.7,0,0.0,0.12,346.4,0.136,64.0,54.93,Spaceport / Landing Pad
-80.3166,107.387,661.0,0.96,0.25,53.2,199.9,142.6,0,0.0,0.27,317.8,0.252,53.0,52.63,Spaceport / Landing Pad
-85.9506,-25.9744,1298.5,1.84,0.39,58.7,204.0,147.0,0,0.0,0.12,335.5,0.18,59.1,53.59,Spaceport / Landing Pad
-84.2687,37.0565,774.1,0.5,0.17,54.5,200.9,143.6,0,0.0,0.23,321.5,0.237,54.1,53.09,Spaceport / Landing Pad
-82.0785,-21.4253,1878.4,0.5,0.16,64.7,208.5,151.8,0,0.0,0.28,347.5,0.132,64.7,55.95,Spaceport / Landing Pad
-86.6683,-11.3099,1445.8,1.76,0.52,60.1,205.1,148.1,0,0.0,0.09,339.8,0.163,60.5,54.01,Spaceport / Landing Pad
-80.4726,-41.0275,1514.7,1.29,0.49,61.0,205.7,148.8,0,0.0,0.35,342.2,0.153,61.2,54.49,Spaceport / Landing Pad
-81.8958,-147.2251,393.1,1.23,0.44,50.6,197.9,140.5,0,0.0,0.21,309.9,0.284,50.5,51.84,Spaceport / Landing Pad
-81.7763,153.7258,419.4,0.5,0.24,51.2,198.4,140.9,0,0.0,0.17,311.3,0.278,50.7,52.24,Spaceport / Landing Pad
-80.736,139.0856,774.8,0.81,0.25,54.3,200.7,143.5,0,0.0,0.32,321.2,0.238,54.1,52.97,Spaceport / Landing Pad
-81.0498,172.2079,1595.0,1.59,0.26,61.6,206.2,149.2,0,0.0,0.15,344.2,0.145,62.0,54.49,Spaceport / Landing Pad
-81.1006,65.8545,1686.7,1.79,0.27,62.3,206.7,149.8,0,0.0,0.07,346.4,0.136,62.8,54.57,Spaceport / Landing Pad
-87.8349,97.4314,279.8,16.6,1.34,42.2,191.6,133.7,0,0.0,0.09,294.0,0.348,49.4,20.37,Secondary Exploration Zone
-81.4196,165.5102,1475.7,2.08,0.42,60.2,205.2,148.2,0,0.0,0.31,340.4,0.16,60.8,53.83,Spaceport / Landing Pad
-83.0737,-142.6668,486.3,2.5,0.42,50.8,198.1,140.7,0,0.0,0.18,311.5,0.277,51.3,51.07,Spaceport / Landing Pad
-84.0715,33.4399,930.1,1.57,0.28,55.4,201.6,144.3,0,0.0,0.23,325.1,0.222,55.6,52.91,Spaceport / Landing Pad
-88.783,175.6013,-1903.3,13.88,1.29,0.0,81.3,46.0,1,0.298,1.66,284.6,0.386,0.0,14.2,Secondary Exploration Zone
-84.562,-129.4278,2067.4,1.47,0.41,66.0,209.5,152.8,0,0.0,0.32,346.7,0.135,66.5,56.12,Spaceport / Landing Pad
-83.7398,-2.5638,-981.0,8.62,0.74,34.3,185.7,127.4,0,0.0,0.35,288.9,0.369,37.3,36.15,Secondary Exploration Zone
-80.0,142.6404,1483.4,0.7,0.32,60.9,205.7,148.8,0,0.0,0.11,341.7,0.155,60.9,54.71,Spaceport / Landing Pad
-81.1911,105.3616,707.2,1.45,0.22,53.4,200.0,142.7,0,0.0,0.06,318.8,0.248,53.5,52.46,Spaceport / Landing Pad
-83.104,-39.5077,1690.5,0.97,0.29,62.7,207.1,150.2,0,0.0,0.33,347.1,0.133,62.9,55.11,Spaceport / Landing Pad
-80.0,135.7538,932.1,0.72,0.43,55.8,201.9,144.7,0,0.0,0.26,325.8,0.219,55.6,53.39,Spaceport / Landing Pad
-80.9299,23.6631,1208.0,0.68,0.15,58.4,203.8,146.7,0,0.0,0.31,333.8,0.187,58.3,54.06,Spaceport / Landing Pad
-80.0,54.5742,849.5,1.06,0.4,54.9,201.2,143.9,0,0.0,0.25,323.2,0.23,54.8,53.03,Spaceport / Landing Pad
-84.4166,-128.211,2133.4,0.75,0.27,67.0,210.2,153.6,0,0.0,0.32,347.3,0.133,67.1,56.75,Spaceport / Landing Pad
-80.0,143.2356,1247.1,1.07,0.18,58.6,203.9,146.9,0,0.0,0.14,334.6,0.184,58.6,53.97,Spaceport / Landing Pad
-87.2153,-76.4296,814.4,2.0,0.35,54.1,200.6,143.3,0,0.0,0.14,321.4,0.237,54.5,52.31,Spaceport / Landing Pad
-83.0436,-101.6115,1606.8,0.96,0.42,62.0,206.5,149.6,0,0.0,0.17,345.1,0.141,62.1,54.89,Spaceport / Landing Pad
-80.0,-143.427,731.8,1.26,0.2,53.7,200.3,143.0,0,0.0,0.2,319.6,0.244,53.7,52.63,Spaceport / Landing Pad
-84.845,-42.0643,1306.4,0.5,0.42,59.4,204.6,147.5,0,0.0,0.3,336.8,0.175,59.2,54.37,Spaceport / Landing Pad
-82.9491,6.8428,1599.8,9.61,0.9,57.8,203.3,146.2,0,0.0,0.15,337.8,0.171,62.0,40.76,Secondary Exploration Zone
-80.0,125.5377,2104.6,1.33,0.3,66.4,209.8,153.1,0,0.0,0.09,346.8,0.134,66.8,56.34,Spaceport / Landing Pad
-85.9765,-86.0091,1449.6,1.55,0.39,60.2,205.2,148.2,0,0.0,0.25,340.1,0.162,60.6,54.17,Spaceport / Landing Pad
-87.7559,73.0725,1099.0,3.57,0.43,56.0,202.0,144.8,0,0.0,0.18,328.3,0.209,57.2,51.36,Secondary Exploration Zone
-88.11,32.9052,-1308.3,9.55,0.99,0.0,78.3,68.0,1,0.494,2.83,288.2,0.372,0.0,30.75,ISRU Cryogenic Mining Outpost
-84.1962,152.1985,1528.9,1.02,0.18,61.2,205.9,149.0,0,0.0,0.08,342.8,0.151,61.3,54.68,Spaceport / Landing Pad
-82.597,-166.139,1310.0,1.48,0.32,59.0,204.2,147.2,0,0.0,0.26,336.1,0.178,59.2,53.88,Spaceport / Landing Pad
-85.7491,-160.7693,601.4,0.64,0.17,52.8,199.6,142.2,0,0.0,0.33,316.4,0.258,52.4,52.62,Spaceport / Landing Pad
-80.0,-127.7857,1442.8,0.66,0.2,60.6,205.4,148.5,0,0.0,0.27,340.6,0.159,60.5,54.63,Spaceport / Landing Pad
-80.0,140.6405,1507.6,1.06,0.35,61.0,205.8,148.8,0,0.0,0.21,342.2,0.153,61.1,54.61,Spaceport / Landing Pad
-81.6293,82.9542,1270.0,1.29,0.42,58.7,204.0,147.0,0,0.0,0.31,335.1,0.182,58.9,53.9,Spaceport / Landing Pad
-80.9453,142.5394,881.8,0.88,0.38,55.3,201.5,144.2,0,0.0,0.08,324.3,0.226,55.1,53.19,Spaceport / Landing Pad
-81.5053,179.3704,1551.4,2.44,0.48,60.7,205.6,148.6,0,0.0,0.31,342.3,0.153,61.5,53.69,Spaceport / Landing Pad
-87.6202,168.6901,370.8,1.74,0.5,50.1,197.6,140.1,0,0.0,0.16,308.8,0.288,50.2,51.45,Spaceport / Landing Pad
-80.0,29.1569,1660.9,0.5,0.36,62.7,207.0,150.2,0,0.0,0.24,347.0,0.133,62.6,55.22,Spaceport / Landing Pad
-82.7637,-173.3333,2115.0,2.03,0.49,66.2,209.6,152.9,0,0.0,0.27,346.2,0.137,66.9,55.87,Spaceport / Landing Pad
-82.9491,-173.1572,2198.9,1.03,0.46,67.4,210.6,153.9,0,0.0,0.3,347.0,0.133,67.7,56.84,Spaceport / Landing Pad
-84.8517,45.0,-1788.3,7.19,0.64,0.0,50.0,59.0,1,0.308,1.76,290.1,0.364,0.0,32.28,Secondary Exploration Zone
-83.2728,29.0546,1662.6,2.09,0.33,61.9,206.5,149.6,0,0.0,0.11,345.8,0.139,62.6,54.26,Spaceport / Landing Pad
-86.0288,156.4477,1128.8,1.32,0.23,57.4,203.0,145.9,0,0.0,0.3,331.0,0.198,57.5,53.55,Spaceport / Landing Pad
-83.8013,-18.4349,1154.1,1.59,0.31,57.5,203.1,146.0,0,0.0,0.27,331.5,0.196,57.7,53.43,Spaceport / Landing Pad
-83.446,-107.4027,1933.3,0.5,0.19,65.2,208.9,152.2,0,0.0,0.06,347.5,0.132,65.2,56.15,Spaceport / Landing Pad
-83.4994,-105.8324,1855.9,0.97,0.23,64.3,208.2,151.4,0,0.0,0.2,347.1,0.133,64.5,55.68,Spaceport / Landing Pad
-83.0838,-121.7595,1517.9,2.44,0.37,60.4,205.3,148.3,0,0.0,0.24,341.3,0.157,61.2,53.6,Spaceport / Landing Pad
-84.6395,82.9987,1257.8,0.88,0.39,58.8,204.1,147.0,0,0.0,0.17,335.1,0.182,58.7,54.09,Spaceport / Landing Pad
-80.0,38.5812,1718.1,0.87,0.44,63.0,207.3,150.4,0,0.0,0.25,347.2,0.133,63.1,55.25,Spaceport / Landing Pad
-82.597,-131.9335,673.1,0.5,0.19,53.5,200.1,142.8,0,0.0,0.28,318.6,0.249,53.1,52.85,Spaceport / Landing Pad
-83.0737,52.6668,1173.8,1.81,0.33,57.5,203.2,146.0,0,0.0,0.13,331.9,0.195,57.9,53.32,Spaceport / Landing Pad
-81.4196,-120.75,1113.2,1.56,0.4,57.1,202.8,145.7,0,0.0,0.23,330.4,0.201,57.3,53.35,Spaceport / Landing Pad
-85.9334,-148.134,727.3,0.51,0.4,54.0,200.5,143.2,0,0.0,0.29,320.1,0.242,53.7,52.98,Spaceport / Landing Pad
-81.8529,-94.6001,1361.0,0.5,0.29,59.9,204.9,147.9,0,0.0,0.16,338.4,0.168,59.7,54.5,Spaceport / Landing Pad
-80.2735,-116.811,1462.4,1.49,0.32,60.4,205.3,148.3,0,0.0,0.16,340.5,0.16,60.7,54.24,Spaceport / Landing Pad
-80.2735,37.1998,1684.9,0.67,0.35,62.8,207.1,150.3,0,0.0,0.08,347.3,0.132,62.8,55.22,Spaceport / Landing Pad
-86.8072,-164.7449,833.7,0.5,0.35,55.0,201.3,144.0,0,0.0,0.1,323.2,0.23,54.7,53.23,Spaceport / Landing Pad
-86.1176,-9.6888,1606.0,6.42,0.61,59.3,204.5,147.5,0,0.0,0.2,340.6,0.16,62.1,48.04,Secondary Exploration Zone
-86.2453,145.1247,934.2,4.26,0.65,54.2,200.6,143.3,0,0.0,0.16,323.0,0.231,55.6,50.06,Secondary Exploration Zone
-83.1853,-36.0851,1456.4,1.05,0.25,60.5,205.4,148.4,0,0.0,0.34,340.7,0.159,60.6,54.48,Spaceport / Landing Pad
-80.0,33.5507,1764.1,1.72,0.25,63.1,207.3,150.4,0,0.0,0.1,346.5,0.136,63.6,54.89,Spaceport / Landing Pad
-81.646,-103.5704,571.3,1.52,0.48,52.1,199.1,141.7,0,0.0,0.08,314.8,0.264,52.2,52.08,Spaceport / Landing Pad
-80.0,34.8753,1291.5,2.16,0.32,58.5,203.9,146.8,0,0.0,0.08,335.0,0.182,59.1,53.31,Spaceport / Landing Pad
-80.0,149.5603,732.3,0.5,0.18,54.1,200.6,143.3,0,0.0,0.19,320.3,0.242,53.7,52.99,Spaceport / Landing Pad
-83.2625,-100.3758,1516.8,0.68,0.33,61.3,206.0,149.0,0,0.0,0.2,342.7,0.151,61.2,54.8,Spaceport / Landing Pad
-81.7636,-113.3691,561.1,0.5,0.19,52.5,199.4,142.0,0,0.0,0.29,315.3,0.262,52.1,52.58,Spaceport / Landing Pad
-81.0849,107.6761,509.5,0.8,0.41,51.9,198.9,141.5,0,0.0,0.35,313.6,0.269,51.6,52.34,Spaceport / Landing Pad
-88.0376,177.2737,-14.6,12.62,0.99,41.3,191.0,133.1,0,0.0,0.11,288.8,0.369,46.6,28.09,Secondary Exploration Zone
-86.2453,-34.8753,1639.7,0.88,0.28,62.3,206.7,149.9,0,0.0,0.11,346.1,0.137,62.4,55.01,Spaceport / Landing Pad
-81.1674,35.5377,1560.1,0.54,0.18,61.7,206.3,149.4,0,0.0,0.27,344.1,0.145,61.6,54.96,Spaceport / Landing Pad
-82.0785,-134.0452,690.6,0.5,0.31,53.7,200.3,143.0,0,0.0,0.15,319.1,0.247,53.3,52.89,Spaceport / Landing Pad
-80.8305,-112.1263,635.5,0.96,0.31,53.0,199.7,142.4,0,0.0,0.33,317.1,0.255,52.8,52.57,Spaceport / Landing Pad
-82.0785,134.0452,472.7,0.5,0.38,51.7,198.8,141.3,0,0.0,0.24,312.8,0.272,51.2,52.37,Spaceport / Landing Pad
-81.1398,73.4742,2270.7,1.12,0.29,68.0,211.0,154.4,0,0.0,0.19,347.0,0.134,68.4,57.04,Spaceport / Landing Pad
-81.7805,15.141,1473.1,0.5,0.22,61.0,205.7,148.8,0,0.0,0.12,341.6,0.155,60.8,54.77,Spaceport / Landing Pad
-83.1956,-26.9166,1218.7,1.15,0.41,58.3,203.7,146.6,0,0.0,0.14,333.8,0.187,58.4,53.87,Spaceport / Landing Pad
-88.3887,10.008,2046.7,1.17,0.25,65.9,209.5,152.8,0,0.0,0.26,346.9,0.134,66.3,56.23,Spaceport / Landing Pad
-80.0,132.3057,1380.4,1.46,0.34,59.6,204.7,147.7,0,0.0,0.27,338.2,0.169,59.9,54.06,Spaceport / Landing Pad
-86.2176,15.7512,1509.2,13.28,1.08,55.2,201.4,144.1,0,0.0,0.12,332.1,0.194,61.1,29.56,Secondary Exploration Zone
-83.8578,36.3475,1071.2,1.99,0.45,56.5,202.4,145.2,0,0.0,0.26,328.8,0.207,56.9,52.93,Spaceport / Landing Pad
-80.3094,110.879,421.1,0.5,0.23,51.2,198.4,141.0,0,0.0,0.25,311.3,0.278,50.7,52.24,Spaceport / Landing Pad
-80.1066,-63.6767,1669.5,1.7,0.42,62.2,206.6,149.8,0,0.0,0.17,346.3,0.136,62.7,54.58,Spaceport / Landing Pad
-84.1902,-133.698,1917.3,0.78,0.26,64.9,208.7,151.9,0,0.0,0.35,347.3,0.133,65.0,55.98,Spaceport / Landing Pad
-81.7298,-69.5196,1942.2,0.5,0.23,65.3,209.0,152.2,0,0.0,0.09,347.5,0.132,65.3,56.18,Spaceport / Landing Pad
-80.0,30.4397,1721.4,0.5,0.34,63.3,207.4,150.6,0,0.0,0.33,347.5,0.132,63.2,55.41,Spaceport / Landing Pad
-81.0032,-22.5741,1890.5,0.85,0.34,64.7,208.5,151.7,0,0.0,0.26,347.2,0.133,64.8,55.86,Spaceport / Landing Pad
-80.0,53.2356,829.3,0.5,0.38,55.0,201.2,144.0,0,0.0,0.09,323.1,0.231,54.6,53.22,Spaceport / Landing Pad
-80.1879,62.2161,850.7,1.0,0.31,54.9,201.2,144.0,0,0.0,0.22,323.3,0.23,54.8,53.06,Spaceport / Landing Pad
-83.211,-108.4349,1890.4,0.53,0.27,64.8,208.6,151.8,0,0.0,0.11,347.5,0.132,64.8,55.99,Spaceport / Landing Pad
-83.5425,-4.1446,296.7,16.43,1.41,42.4,191.8,133.9,0,0.0,0.31,294.6,0.346,49.5,20.43,Secondary Exploration Zone
-80.6015,-34.4792,1498.1,1.08,0.43,60.9,205.7,148.7,0,0.0,0.25,341.9,0.154,61.0,54.57,Spaceport / Landing Pad
-81.6002,104.8084,776.5,1.19,0.38,54.2,200.6,143.3,0,0.0,0.12,321.0,0.239,54.1,52.78,Spaceport / Landing Pad
-87.069,52.7652,998.2,4.97,0.6,54.4,200.8,143.5,0,0.0,0.12,324.3,0.226,56.2,49.14,Secondary Exploration Zone
-82.0259,-38.3456,1756.6,0.89,0.39,63.4,207.5,150.7,0,0.0,0.21,347.2,0.133,63.5,55.37,Spaceport / Landing Pad
-83.7733,-23.8753,1003.1,0.51,0.3,56.6,202.4,145.3,0,0.0,0.33,328.1,0.21,56.3,53.64,Spaceport / Landing Pad
-80.7247,-110.6235,520.2,1.76,0.52,51.5,198.6,141.2,0,0.0,0.06,313.1,0.271,51.7,51.79,Spaceport / Landing Pad
-82.4664,146.113,911.2,0.5,0.32,55.7,201.8,144.6,0,0.0,0.07,325.4,0.221,55.4,53.42,Spaceport / Landing Pad
-85.8068,163.1786,1365.2,0.5,0.15,59.9,205.0,148.0,0,0.0,0.17,338.5,0.168,59.8,54.51,Spaceport / Landing Pad
-85.0029,147.2005,1568.8,4.64,0.5,59.9,204.9,147.9,0,0.0,0.26,341.0,0.158,61.7,51.02,Secondary Exploration Zone
-81.4889,-158.782,906.4,1.58,0.47,55.2,201.4,144.1,0,0.0,0.29,324.4,0.225,55.4,52.85,Spaceport / Landing Pad
-84.2143,169.7778,1237.2,0.5,0.36,58.8,204.1,147.0,0,0.0,0.13,334.8,0.183,58.5,54.2,Spaceport / Landing Pad
-80.4216,-74.7449,1635.9,0.5,0.23,62.5,206.8,150.0,0,0.0,0.19,346.3,0.136,62.4,55.16,Spaceport / Landing Pad
-82.039,175.2921,2174.1,0.5,0.19,67.4,210.6,154.0,0,0.0,0.11,347.5,0.132,67.5,56.98,Spaceport / Landing Pad
-85.6358,-48.4682,927.1,2.8,0.3,54.8,201.1,143.8,0,0.0,0.07,324.0,0.227,55.6,51.83,Spaceport / Landing Pad
-80.9414,26.301,1329.5,1.18,0.46,59.3,204.5,147.4,0,0.0,0.14,336.9,0.174,59.4,54.11,Spaceport / Landing Pad
-80.0,-41.5107,952.1,1.06,0.26,55.9,201.9,144.7,0,0.0,0.15,326.1,0.218,55.8,53.27,Spaceport / Landing Pad
-80.9453,-142.5394,914.3,0.5,0.4,55.8,201.8,144.6,0,0.0,0.32,325.5,0.221,55.4,53.43,Spaceport / Landing Pad
-81.8145,172.7939,2047.8,0.5,0.4,66.3,209.7,153.0,0,0.0,0.13,347.5,0.132,66.3,56.54,Spaceport / Landing Pad
-83.6294,-100.9807,1477.7,1.67,0.34,60.4,205.3,148.3,0,0.0,0.21,340.8,0.159,60.8,54.15,Spaceport / Landing Pad
-82.3152,-130.0729,743.1,0.5,0.36,54.2,200.6,143.3,0,0.0,0.07,320.6,0.241,53.8,53.02,Spaceport / Landing Pad
-85.4635,-53.3659,480.2,1.35,0.47,51.3,198.5,141.1,0,0.0,0.11,312.3,0.274,51.3,51.97,Spaceport / Landing Pad
-80.4726,41.0275,1432.7,0.75,0.44,60.5,205.3,148.4,0,0.0,0.3,340.2,0.161,60.4,54.57,Spaceport / Landing Pad
-80.0,-118.1625,1412.0,0.5,0.36,60.4,205.3,148.3,0,0.0,0.11,339.9,0.163,60.2,54.62,Spaceport / Landing Pad
-84.6395,-144.9262,1598.5,0.71,0.43,62.0,206.5,149.6,0,0.0,0.08,345.1,0.141,62.0,54.99,Spaceport / Landing Pad
-80.331,-59.226,868.6,1.93,0.45,54.7,201.0,143.7,0,0.0,0.05,323.0,0.231,55.0,52.49,Spaceport / Landing Pad
-83.1802,-2.3533,1343.2,3.22,0.6,58.4,203.8,146.8,0,0.0,0.13,335.6,0.18,59.6,52.37,Spaceport / Landing Pad
-80.6127,48.2245,888.2,0.5,0.35,55.5,201.6,144.4,0,0.0,0.32,324.8,0.224,55.2,53.36,Spaceport / Landing Pad
-84.3979,-79.439,1137.0,0.5,0.21,57.8,203.4,146.3,0,0.0,0.12,331.9,0.195,57.6,53.96,Spaceport / Landing Pad
-83.2264,78.0707,773.5,1.86,0.52,53.8,200.4,143.0,0,0.0,0.05,320.3,0.242,54.1,52.32,Spaceport / Landing Pad
-82.7109,9.5829,1111.8,4.43,0.45,55.7,201.8,144.6,0,0.0,0.19,328.0,0.211,57.3,50.23,Secondary Exploration Zone
-86.3393,-109.359,1702.0,0.5,0.15,63.1,207.3,150.5,0,0.0,0.09,347.5,0.132,63.0,55.34,Spaceport / Landing Pad
-86.1176,-80.3112,1106.4,2.46,0.53,56.6,202.5,145.3,0,0.0,0.23,329.4,0.205,57.3,52.6,Spaceport / Landing Pad
-80.0224,-27.2842,1845.1,1.09,0.27,64.1,208.1,151.3,0,0.0,0.33,347.0,0.134,64.4,55.58,Spaceport / Landing Pad
-86.907,-95.1944,1612.3,1.53,0.5,61.7,206.3,149.4,0,0.0,0.27,344.8,0.143,62.1,54.57,Spaceport / Landing Pad
-80.6238,-43.3865,1725.1,0.96,0.41,63.1,207.3,150.5,0,0.0,0.33,347.1,0.133,63.2,55.23,Spaceport / Landing Pad
-82.4387,179.2927,2318.2,0.74,0.18,68.7,211.5,154.9,0,0.0,0.14,347.3,0.132,68.9,57.39,Spaceport / Landing Pad
-84.1365,76.185,858.4,1.42,0.46,54.8,201.1,143.8,0,0.0,0.27,323.1,0.23,54.9,52.84,Spaceport / Landing Pad
-82.6775,78.9765,887.4,0.73,0.18,55.4,201.6,144.3,0,0.0,0.13,324.6,0.224,55.2,53.28,Spaceport / Landing Pad
-80.0,28.1625,1612.4,0.87,0.31,62.1,206.5,149.7,0,0.0,0.31,345.3,0.14,62.1,54.95,Spaceport / Landing Pad
-80.2092,48.8655,952.3,0.93,0.36,55.9,201.9,144.7,0,0.0,0.25,326.3,0.218,55.8,53.34,Spaceport / Landing Pad
-80.5498,-32.9052,1628.1,1.18,0.33,62.1,206.5,149.6,0,0.0,0.14,345.5,0.14,62.3,54.83,Spaceport / Landing Pad
-82.1005,144.6197,808.6,0.5,0.37,54.8,201.1,143.8,0,0.0,0.08,322.5,0.233,54.4,53.17,Spaceport / Landing Pad
-82.959,-128.5412,1051.8,2.55,0.34,56.1,202.0,144.8,0,0.0,0.3,327.8,0.211,56.8,52.38,Spaceport / Landing Pad
-83.6239,107.9044,1292.1,1.66,0.41,58.7,204.0,147.0,0,0.0,0.06,335.4,0.18,59.1,53.71,Spaceport / Landing Pad
-84.7778,-114.2744,1835.4,1.22,0.21,64.0,208.0,151.2,0,0.0,0.09,346.9,0.134,64.3,55.47,Spaceport / Landing Pad
-83.7901,-137.4366,1454.9,2.07,0.49,60.0,205.0,148.0,0,0.0,0.19,339.8,0.163,60.6,53.78,Spaceport / Landing Pad
-82.6918,-28.2016,1448.6,0.8,0.2,60.6,205.4,148.5,0,0.0,0.16,340.7,0.159,60.6,54.59,Spaceport / Landing Pad
-81.4644,174.3518,1823.4,1.29,0.45,63.8,207.9,151.1,0,0.0,0.33,346.8,0.134,64.1,55.39,Spaceport / Landing Pad
-80.0,-135.7345,954.6,0.72,0.39,56.0,202.0,144.8,0,0.0,0.26,326.5,0.217,55.8,53.44,Spaceport / Landing Pad
-80.0,-45.6366,1070.5,0.88,0.32,57.0,202.8,145.6,0,0.0,0.11,329.7,0.204,56.9,53.65,Spaceport / Landing Pad
-88.4104,-130.2364,804.9,1.23,0.37,54.4,200.8,143.5,0,0.0,0.06,321.8,0.236,54.4,52.82,Spaceport / Landing Pad
-80.7737,101.0826,832.1,0.5,0.19,55.0,201.3,144.0,0,0.0,0.15,323.1,0.23,54.7,53.23,Spaceport / Landing Pad
-80.5498,-20.2249,1324.7,1.68,0.33,59.0,204.3,147.2,0,0.0,0.24,336.4,0.177,59.4,53.78,Spaceport / Landing Pad
-80.0,119.9315,1541.6,2.31,0.56,60.7,205.5,148.6,0,0.0,0.21,342.1,0.153,61.5,53.78,Spaceport / Landing Pad
-81.8359,157.8337,445.0,0.79,0.32,51.3,198.5,141.0,0,0.0,0.07,311.8,0.276,51.0,52.19,Spaceport / Landing Pad
-87.6646,92.2906,50.7,18.02,1.61,39.4,189.5,131.5,0,0.0,0.25,286.2,0.38,47.2,19.68,Secondary Exploration Zone
-80.0,45.7538,1278.9,0.98,0.25,58.9,204.2,147.1,0,0.0,0.29,335.6,0.18,58.9,54.1,Spaceport / Landing Pad
-81.9606,-164.5115,895.6,0.98,0.19,55.4,201.5,144.3,0,0.0,0.06,324.6,0.224,55.3,53.18,Spaceport / Landing Pad
-80.1879,-154.6538,1093.6,1.77,0.28,56.8,202.6,145.5,0,0.0,0.05,329.6,0.204,57.2,53.15,Spaceport / Landing Pad
-80.5867,-30.3791,1880.1,1.59,0.37,64.2,208.2,151.4,0,0.0,0.33,346.6,0.135,64.7,55.39,Spaceport / Landing Pad
-80.0,-42.1014,1154.7,2.12,0.35,57.2,202.9,145.8,0,0.0,0.35,331.1,0.198,57.7,53.02,Spaceport / Landing Pad
-81.1084,-85.7858,1654.9,1.42,0.26,62.2,206.6,149.8,0,0.0,0.15,346.1,0.137,62.5,54.74,Spaceport / Landing Pad
-80.0,-44.2462,1467.9,0.5,0.16,60.9,205.7,148.7,0,0.0,0.25,341.5,0.156,60.7,54.75,Spaceport / Landing Pad
-80.6835,-114.2539,988.3,1.15,0.2,56.1,202.1,144.9,0,0.0,0.23,327.1,0.214,56.2,53.31,Spaceport / Landing Pad
-81.7636,-51.4416,1279.7,2.38,0.3,58.3,203.7,146.6,0,0.0,0.06,334.5,0.184,58.9,53.09,Spaceport / Landing Pad
-82.4341,-177.8789,2209.3,1.27,0.46,67.4,210.6,153.9,0,0.0,0.07,346.8,0.134,67.8,56.74,Spaceport / Landing Pad
-80.096,23.9077,1228.6,1.68,0.33,58.1,203.6,146.5,0,0.0,0.21,333.6,0.188,58.5,53.54,Spaceport / Landing Pad
-80.0819,54.9638,701.1,0.63,0.41,53.7,200.3,143.0,0,0.0,0.16,319.3,0.246,53.4,52.87,Spaceport / Landing Pad
-85.4176,-3.5035,-966.9,6.55,0.73,0.0,71.2,53.4,1,0.009,0.31,290.6,0.362,0.0,27.54,Secondary Exploration Zone
-85.1949,-29.0546,1046.4,0.86,0.28,56.8,202.6,145.5,0,0.0,0.13,329.0,0.206,56.7,53.6,Spaceport / Landing Pad
-83.5641,70.5139,364.2,1.38,0.28,50.2,197.7,140.2,0,0.0,0.23,308.9,0.288,50.2,51.68,Spaceport / Landing Pad
-85.0099,-97.5238,1276.1,0.58,0.4,59.1,204.3,147.3,0,0.0,0.15,335.9,0.179,58.9,54.26,Spaceport / Landing Pad
-81.9433,-136.8779,657.9,1.66,0.32,52.8,199.6,142.3,0,0.0,0.09,317.2,0.254,53.0,52.19,Spaceport / Landing Pad
-85.5332,-63.9704,119.4,0.5,0.29,48.4,196.3,138.7,0,0.0,0.17,302.6,0.313,47.8,51.52,Spaceport / Landing Pad
-83.1853,-179.2152,2331.3,0.9,0.27,68.7,211.5,155.0,0,0.0,0.1,347.1,0.133,69.0,57.37,Spaceport / Landing Pad
-85.6438,-135.0,1196.2,1.53,0.21,57.9,203.4,146.3,0,0.0,0.18,332.8,0.191,58.1,53.57,Spaceport / Landing Pad
-84.4542,-96.7662,1094.6,0.69,0.31,57.3,203.0,145.9,0,0.0,0.23,330.6,0.2,57.2,53.79,Spaceport / Landing Pad
-82.9689,-84.6678,826.0,0.56,0.15,54.9,201.2,143.9,0,0.0,0.19,322.9,0.231,54.6,53.19,Spaceport / Landing Pad
-85.2313,-3.3665,-1337.2,5.93,0.81,0.0,74.0,40.1,1,0.152,0.89,291.1,0.36,0.0,31.48,Secondary Exploration Zone
-83.4301,-112.5572,2059.5,0.59,0.3,66.3,209.8,153.1,0,0.0,0.25,347.4,0.132,66.4,56.55,Spaceport / Landing Pad
-80.0,37.7857,1786.6,0.5,0.36,63.9,207.9,151.1,0,0.0,0.32,347.5,0.132,63.8,55.64,Spaceport / Landing Pad
-82.8607,101.3099,1231.2,1.18,0.45,58.4,203.8,146.7,0,0.0,0.33,334.1,0.186,58.5,53.87,Spaceport / Landing Pad
-80.0,127.875,2114.5,1.97,0.39,66.2,209.6,153.0,0,0.0,0.08,346.3,0.137,66.9,55.92,Spaceport / Landing Pad
-82.1581,-171.0983,1439.9,1.77,0.3,60.0,205.0,148.0,0,0.0,0.19,339.6,0.164,60.5,53.98,Spaceport / Landing Pad
-80.0,38.5812,1718.1,0.87,0.44,63.0,207.3,150.4,0,0.0,0.25,347.2,0.133,63.1,55.25,Spaceport / Landing Pad
-88.3672,59.0362,-614.1,11.93,1.11,0.0,62.6,47.2,1,0.147,0.83,286.2,0.38,0.0,17.35,Secondary Exploration Zone
-86.8072,-74.7449,741.4,1.07,0.21,53.9,200.4,143.1,0,0.0,0.22,320.1,0.243,53.8,52.76,Spaceport / Landing Pad
-84.1902,133.698,-994.6,4.84,0.52,0.0,55.8,57.8,1,0.118,0.67,292.0,0.356,0.0,32.49,Secondary Exploration Zone
-80.0,133.5498,1098.0,0.5,0.15,57.5,203.1,146.0,0,0.0,0.07,330.8,0.199,57.2,53.87,Spaceport / Landing Pad
-83.1091,24.8293,1622.0,1.27,0.31,62.0,206.5,149.6,0,0.0,0.18,345.3,0.141,62.2,54.76,Spaceport / Landing Pad
-83.3668,92.4195,1625.1,0.5,0.34,62.4,206.8,149.9,0,0.0,0.23,346.0,0.138,62.2,55.13,Spaceport / Landing Pad
-80.0,-131.2277,2172.4,0.71,0.28,67.3,210.5,153.9,0,0.0,0.21,347.3,0.132,67.5,56.9,Spaceport / Landing Pad
-83.3249,20.4623,2033.4,5.31,0.51,63.8,207.9,151.1,0,0.0,0.33,343.5,0.148,66.2,51.46,Secondary Exploration Zone
-82.7348,20.2976,1592.7,1.62,0.36,61.5,206.1,149.2,0,0.0,0.21,344.1,0.145,61.9,54.46,Spaceport / Landing Pad
-80.0,38.2902,1228.4,2.02,0.51,58.0,203.5,146.4,0,0.0,0.28,333.3,0.189,58.5,53.28,Spaceport / Landing Pad
-83.955,-76.6075,1140.3,0.5,0.24,57.9,203.4,146.3,0,0.0,0.17,332.0,0.194,57.6,53.97,Spaceport / Landing Pad
-83.5912,12.6193,-2121.2,8.56,0.87,0.0,50.3,47.2,1,0.078,0.54,289.0,0.369,0.0,24.79,Secondary Exploration Zone
-83.4834,-51.9811,820.3,1.94,0.46,54.2,200.7,143.4,0,0.0,0.25,321.6,0.236,54.5,52.37,Spaceport / Landing Pad
-82.0522,3.3665,593.0,1.46,0.28,52.3,199.2,141.9,0,0.0,0.21,315.5,0.261,52.4,52.17,Spaceport / Landing Pad
-80.0,137.0953,1338.2,0.5,0.32,59.7,204.8,147.8,0,0.0,0.06,337.7,0.171,59.5,54.44,Spaceport / Landing Pad
-84.9405,52.4959,-3141.7,1.62,0.31,0.0,64.8,52.6,1,0.933,5.18,294.7,0.345,0.0,52.05,ISRU Cryogenic Mining Outpost
-80.513,66.2092,1358.2,1.85,0.5,59.2,204.4,147.4,0,0.0,0.3,337.2,0.173,59.7,53.73,Spaceport / Landing Pad
-83.9148,122.4712,-115.5,5.54,0.71,0.0,100.4,66.1,1,0.177,1.19,291.7,0.358,0.0,32.6,Secondary Exploration Zone
-82.1403,-74.1481,1638.7,1.64,0.51,61.9,206.5,149.6,0,0.0,0.3,345.5,0.14,62.4,54.56,Spaceport / Landing Pad
-87.3303,-53.5308,1208.9,1.83,0.36,57.9,203.4,146.3,0,0.0,0.05,332.9,0.191,58.3,53.38,Spaceport / Landing Pad
-84.3299,-159.7751,1623.8,0.92,0.27,62.1,206.6,149.7,0,0.0,0.35,345.6,0.139,62.2,54.95,Spaceport / Landing Pad
-83.9148,175.6013,1529.5,1.42,0.36,61.0,205.8,148.8,0,0.0,0.34,342.5,0.152,61.3,54.45,Spaceport / Landing Pad
-88.0199,45.0,-2467.9,0.97,0.29,0.0,88.9,45.4,1,0.949,5.15,295.2,0.343,0.0,52.69,ISRU Cryogenic Mining Outpost
-80.0,132.3057,1380.4,1.46,0.34,59.6,204.7,147.7,0,0.0,0.27,338.2,0.169,59.9,54.06,Spaceport / Landing Pad
-81.6043,-81.6897,1278.1,0.62,0.27,59.1,204.3,147.3,0,0.0,0.12,335.9,0.179,58.9,54.26,Spaceport / Landing Pad
-80.0,-54.2299,218.4,0.63,0.27,49.3,196.9,139.4,0,0.0,0.22,305.4,0.302,48.8,51.71,Spaceport / Landing Pad
-84.2445,-171.6071,1718.3,1.48,0.5,62.8,207.1,150.2,0,0.0,0.34,346.7,0.135,63.1,54.9,Spaceport / Landing Pad
-83.2936,-8.8068,873.2,1.21,0.37,55.0,201.3,144.0,0,0.0,0.09,323.7,0.228,55.1,53.0,Spaceport / Landing Pad
-81.5258,26.8473,1677.7,1.22,0.38,62.5,206.9,150.0,0,0.0,0.32,346.9,0.134,62.8,54.93,Spaceport / Landing Pad
-81.5258,-26.8473,2031.2,1.32,0.27,65.7,209.3,152.6,0,0.0,0.22,346.8,0.134,66.1,56.09,Spaceport / Landing Pad
-87.2531,9.7824,-1673.9,7.66,0.81,0.0,73.9,67.0,1,0.752,4.06,289.7,0.366,0.0,40.24,ISRU Cryogenic Mining Outpost
-80.4216,-127.875,1696.2,0.5,0.42,63.0,207.3,150.4,0,0.0,0.08,347.5,0.132,62.9,55.32,Spaceport / Landing Pad
-80.9645,19.9325,1094.3,0.69,0.36,57.3,203.0,145.9,0,0.0,0.07,330.5,0.2,57.2,53.79,Spaceport / Landing Pad
-82.8704,43.9391,1817.4,0.5,0.31,64.1,208.1,151.3,0,0.0,0.06,347.5,0.132,64.1,55.74,Spaceport / Landing Pad
-82.4157,13.5232,1193.1,1.47,0.43,57.9,203.4,146.3,0,0.0,0.2,332.8,0.191,58.1,53.61,Spaceport / Landing Pad
-85.7737,83.6598,3886.0,5.14,0.56,81.1,220.8,164.9,0,0.0,0.17,343.7,0.147,83.9,58.18,Solar Power Array
-85.3124,-54.7276,340.8,2.25,0.55,49.6,197.2,139.7,0,0.0,0.26,307.5,0.293,50.0,50.95,Spaceport / Landing Pad
-81.132,179.3969,1171.3,1.18,0.19,57.8,203.4,146.3,0,0.0,0.11,332.4,0.193,57.9,53.73,Spaceport / Landing Pad
-84.2809,-153.8532,1563.5,0.5,0.23,61.8,206.3,149.4,0,0.0,0.08,344.2,0.145,61.7,54.98,Spaceport / Landing Pad
-83.7733,-77.0054,1167.3,0.68,0.38,58.0,203.5,146.4,0,0.0,0.08,332.7,0.192,57.9,53.97,Spaceport / Landing Pad
-83.446,54.2726,713.4,1.88,0.24,53.2,199.9,142.6,0,0.0,0.12,318.6,0.249,53.5,52.16,Spaceport / Landing Pad
-80.0679,-21.5014,1172.6,2.37,0.45,57.3,203.0,145.8,0,0.0,0.22,331.4,0.197,57.9,52.84,Spaceport / Landing Pad
-82.2475,-87.93,1095.2,0.89,0.24,57.3,202.9,145.8,0,0.0,0.16,330.4,0.201,57.2,53.7,Spaceport / Landing Pad
-82.7396,-135.0,568.0,1.37,0.4,52.1,199.1,141.7,0,0.0,0.23,314.8,0.264,52.1,52.17,Spaceport / Landing Pad
-81.5423,-79.1861,1348.2,0.87,0.28,59.6,204.7,147.7,0,0.0,0.07,337.7,0.171,59.6,54.32,Spaceport / Landing Pad
-84.0597,-8.1301,891.2,13.83,1.36,49.2,196.9,139.3,0,0.0,0.35,313.9,0.268,55.2,26.2,Secondary Exploration Zone
-86.1901,-59.0362,409.7,1.28,0.29,50.7,198.0,140.6,0,0.0,0.28,310.3,0.282,50.6,51.85,Spaceport / Landing Pad
-85.1588,109.1336,745.7,7.03,0.73,51.1,198.3,140.9,0,0.0,0.34,315.3,0.262,53.8,44.78,Secondary Exploration Zone
-80.0,31.6398,1592.2,1.31,0.44,61.7,206.2,149.3,0,0.0,0.33,344.4,0.144,61.9,54.66,Spaceport / Landing Pad
-84.7778,-28.8557,926.1,0.91,0.39,55.7,201.8,144.5,0,0.0,0.15,325.5,0.221,55.6,53.28,Spaceport / Landing Pad
-81.806,-42.2298,1980.4,0.5,0.21,65.7,209.2,152.5,0,0.0,0.19,347.5,0.132,65.7,56.31,Spaceport / Landing Pad
-84.1543,-109.5923,1941.0,0.66,0.29,65.2,208.9,152.2,0,0.0,0.1,347.3,0.132,65.3,56.12,Spaceport / Landing Pad
-80.0749,31.1486,1702.0,1.25,0.21,62.7,207.0,150.2,0,0.0,0.29,346.9,0.134,63.0,54.99,Spaceport / Landing Pad
-80.0,-45.0,1285.3,0.79,0.44,59.1,204.3,147.3,0,0.0,0.16,336.0,0.178,59.0,54.2,Spaceport / Landing Pad
-82.8558,-61.0908,634.6,1.7,0.39,52.6,199.4,142.1,0,0.0,0.09,316.5,0.257,52.8,52.11,Spaceport / Landing Pad
-81.0927,-38.1909,1590.9,0.74,0.38,61.9,206.4,149.5,0,0.0,0.23,344.8,0.142,61.9,54.95,Spaceport / Landing Pad
-82.7781,-75.7841,1387.6,0.99,0.18,59.9,204.9,147.9,0,0.0,0.21,338.8,0.167,60.0,54.35,Spaceport / Landing Pad
-81.692,-179.3563,1655.0,2.49,0.31,61.7,206.3,149.3,0,0.0,0.15,345.2,0.141,62.5,53.88,Spaceport / Landing Pad
-80.0,-64.6041,1743.9,1.83,0.4,62.8,207.1,150.3,0,0.0,0.14,346.4,0.136,63.4,54.74,Spaceport / Landing Pad
-83.6568,32.9885,1308.1,1.95,0.42,58.7,204.0,147.0,0,0.0,0.05,335.7,0.179,59.2,53.53,Spaceport / Landing Pad
-89.1547,-6.3402,1994.6,1.5,0.49,65.3,209.0,152.2,0,0.0,0.16,346.7,0.135,65.8,55.85,Spaceport / Landing Pad
-87.2786,22.1663,-381.7,14.4,1.28,0.0,75.1,55.1,1,0.043,0.38,284.2,0.388,0.0,7.33,Secondary Exploration Zone
-81.7763,26.2742,1846.7,1.32,0.45,64.0,208.0,151.2,0,0.0,0.17,346.8,0.134,64.4,55.45,Spaceport / Landing Pad
-80.9299,-23.6631,1972.1,0.84,0.32,65.4,209.1,152.3,0,0.0,0.2,347.2,0.133,65.6,56.14,Spaceport / Landing Pad
-80.0,137.1476,1242.8,1.26,0.28,58.5,203.8,146.8,0,0.0,0.19,334.4,0.185,58.6,53.86,Spaceport / Landing Pad
-84.6265,-162.8241,1428.5,2.05,0.42,59.8,204.8,147.8,0,0.0,0.16,339.1,0.166,60.4,53.74,Spaceport / Landing Pad
-80.0,41.2277,722.9,0.54,0.27,54.0,200.5,143.2,0,0.0,0.17,320.0,0.243,53.6,52.95,Spaceport / Landing Pad
-85.7002,-27.1213,1195.5,1.19,0.29,58.0,203.5,146.4,0,0.0,0.3,333.1,0.19,58.1,53.79,Spaceport / Landing Pad
-80.0,47.5734,405.4,2.21,0.43,50.2,197.7,140.2,0,0.0,0.31,309.4,0.286,50.6,51.15,Spaceport / Landing Pad
-83.1802,-59.5742,422.4,0.5,0.32,51.2,198.4,141.0,0,0.0,0.25,311.3,0.278,50.7,52.25,Spaceport / Landing Pad
-81.3146,-69.2277,2038.4,0.5,0.26,66.2,209.6,153.0,0,0.0,0.19,347.5,0.132,66.2,56.51,Spaceport / Landing Pad
-85.1158,116.0754,-724.7,3.75,0.65,0.0,93.7,43.9,1,0.518,2.77,292.9,0.352,0.0,41.9,ISRU Cryogenic Mining Outpost
-81.9433,43.1221,1742.1,1.2,0.39,63.1,207.3,150.5,0,0.0,0.25,346.9,0.134,63.4,55.16,Spaceport / Landing Pad
-82.1937,48.8785,1657.3,1.48,0.49,62.2,206.6,149.7,0,0.0,0.27,346.1,0.137,62.6,54.71,Spaceport / Landing Pad
-86.3489,94.3987,2076.0,15.42,1.36,59.4,204.5,147.5,0,0.0,0.24,335.2,0.181,66.6,25.22,Secondary Exploration Zone
-84.6786,-105.2551,1462.4,1.9,0.31,60.2,205.1,148.1,0,0.0,0.27,340.2,0.161,60.7,53.94,Spaceport / Landing Pad
-81.8359,-95.9061,1303.1,0.77,0.34,59.2,204.4,147.4,0,0.0,0.19,336.5,0.176,59.2,54.25,Spaceport / Landing Pad
-80.5682,-128.5713,1683.3,0.5,0.31,62.9,207.2,150.3,0,0.0,0.23,347.5,0.132,62.8,55.28,Spaceport / Landing Pad
-86.6893,111.5014,2031.7,3.79,0.53,64.5,208.4,151.6,0,0.0,0.26,344.8,0.143,66.1,53.7,Secondary Exploration Zone
-88.5241,-34.6952,1985.0,1.29,0.48,65.3,209.0,152.3,0,0.0,0.14,346.8,0.134,65.7,55.95,Spaceport / Landing Pad
-81.132,179.3969,1171.3,1.18,0.19,57.8,203.4,146.3,0,0.0,0.11,332.4,0.193,57.9,53.73,Spaceport / Landing Pad
-81.789,130.3894,850.9,1.34,0.34,54.8,201.1,143.8,0,0.0,0.05,323.0,0.231,54.8,52.87,Spaceport / Landing Pad
-81.0849,107.6761,509.5,0.8,0.41,51.9,198.9,141.5,0,0.0,0.35,313.6,0.269,51.6,52.34,Spaceport / Landing Pad
-80.7888,-160.4633,1405.7,0.5,0.14,60.3,205.2,148.3,0,0.0,0.27,339.7,0.163,60.1,54.6,Spaceport / Landing Pad
-80.0,49.2364,1051.2,1.46,0.27,56.6,202.4,145.3,0,0.0,0.31,328.7,0.208,56.8,53.27,Spaceport / Landing Pad
-80.4726,-138.9725,967.3,0.5,0.31,56.3,202.2,145.0,0,0.0,0.23,327.0,0.214,56.0,53.55,Spaceport / Landing Pad
-81.1911,-164.6384,1195.4,1.13,0.3,58.1,203.6,146.5,0,0.0,0.07,333.1,0.19,58.1,53.82,Spaceport / Landing Pad
-83.9435,-28.54,930.9,1.03,0.41,55.7,201.8,144.5,0,0.0,0.24,325.6,0.22,55.6,53.24,Spaceport / Landing Pad
-80.0,121.6398,1924.8,1.88,0.35,64.5,208.4,151.6,0,0.0,0.33,346.3,0.136,65.1,55.33,Spaceport / Landing Pad
-82.4571,-49.0142,1539.9,2.37,0.5,60.7,205.5,148.5,0,0.0,0.14,342.0,0.154,61.4,53.73,Spaceport / Landing Pad
-84.1543,-51.4831,680.2,2.04,0.42,52.9,199.6,142.3,0,0.0,0.19,317.5,0.253,53.2,51.95,Spaceport / Landing Pad
-80.0,-133.5121,1144.3,1.75,0.5,57.3,203.0,145.8,0,0.0,0.13,331.1,0.198,57.6,53.3,Spaceport / Landing Pad
-80.7699,-28.3792,2030.6,0.53,0.15,66.1,209.6,152.9,0,0.0,0.17,347.5,0.132,66.1,56.47,Spaceport / Landing Pad
-85.7737,-120.5297,1419.1,0.5,0.26,60.4,205.3,148.4,0,0.0,0.24,340.1,0.162,60.3,54.64,Spaceport / Landing Pad
-87.6497,-6.8428,1964.1,1.05,0.37,65.2,208.9,152.2,0,0.0,0.33,347.0,0.133,65.5,56.01,Spaceport / Landing Pad
-84.7778,151.1443,1474.7,0.5,0.29,61.0,205.7,148.8,0,0.0,0.29,341.7,0.155,60.8,54.77,Spaceport / Landing Pad
-80.0,-142.6404,827.1,1.74,0.28,54.4,200.8,143.5,0,0.0,0.21,322.0,0.235,54.6,52.54,Spaceport / Landing Pad
-82.0873,-17.1524,1486.9,2.0,0.31,60.4,205.3,148.3,0,0.0,0.32,340.8,0.159,60.9,53.92,Spaceport / Landing Pad
-84.6265,-17.1759,920.3,1.34,0.4,55.4,201.6,144.3,0,0.0,0.25,325.0,0.223,55.5,53.03,Spaceport / Landing Pad
-83.3196,-15.3955,1314.3,1.2,0.24,59.1,204.4,147.3,0,0.0,0.14,336.5,0.176,59.3,54.06,Spaceport / Landing Pad
-81.1753,-113.0394,563.7,2.01,0.27,51.8,198.8,141.4,0,0.0,0.1,314.2,0.267,52.1,51.69,Spaceport / Landing Pad
-80.2628,150.732,482.1,0.5,0.15,51.8,198.8,141.4,0,0.0,0.08,313.1,0.271,51.3,52.39,Spaceport / Landing Pad
-80.1242,-53.455,596.2,0.83,0.21,52.7,199.5,142.1,0,0.0,0.16,316.1,0.259,52.4,52.53,Spaceport / Landing Pad
-87.2786,-59.0362,939.9,2.56,0.48,55.0,201.3,144.0,0,0.0,0.21,324.6,0.224,55.7,52.11,Spaceport / Landing Pad
-80.0,-51.7536,730.4,2.06,0.42,53.3,200.0,142.7,0,0.0,0.27,318.9,0.247,53.7,52.05,Spaceport / Landing Pad
-84.7778,114.2744,-338.9,3.87,0.61,0.0,82.8,40.2,1,0.293,1.78,292.8,0.353,0.0,37.25,Secondary Exploration Zone
-85.4253,88.8309,2202.1,14.8,1.16,60.8,205.6,148.7,0,0.0,0.1,335.7,0.179,67.8,26.43,Secondary Exploration Zone
-80.2306,135.7742,815.5,0.96,0.25,54.6,201.0,143.7,0,0.0,0.32,322.3,0.234,54.5,53.0,Spaceport / Landing Pad
-85.2606,122.125,-1500.4,2.56,0.35,0.0,61.0,44.3,1,0.842,4.66,293.9,0.349,0.0,49.58,ISRU Cryogenic Mining Outpost
-87.5911,-54.4623,1260.0,1.99,0.41,58.3,203.7,146.6,0,0.0,0.12,334.3,0.185,58.8,53.38,Spaceport / Landing Pad
-84.4291,-31.293,1005.2,0.5,0.42,56.6,202.5,145.3,0,0.0,0.3,328.1,0.21,56.3,53.64,Spaceport / Landing Pad
-82.8072,-2.2312,135.2,2.68,0.39,47.5,195.6,138.0,0,0.0,0.32,301.3,0.319,48.0,50.06,Spaceport / Landing Pad
-82.4433,154.3845,700.8,1.32,0.2,53.4,200.0,142.7,0,0.0,0.21,318.7,0.248,53.4,52.52,Spaceport / Landing Pad
-80.8572,49.9697,801.8,1.03,0.29,54.5,200.9,143.6,0,0.0,0.27,321.8,0.235,54.4,52.93,Spaceport / Landing Pad
-84.5301,25.2532,479.6,12.76,1.12,45.9,194.4,136.7,0,0.0,0.34,302.9,0.312,51.3,28.81,Secondary Exploration Zone
-85.3497,51.5198,-2583.3,4.59,0.57,0.0,79.8,43.5,1,0.824,4.62,292.2,0.355,0.0,46.96,ISRU Cryogenic Mining Outpost
-82.8802,-124.3151,1193.0,1.82,0.46,57.7,203.3,146.2,0,0.0,0.09,332.5,0.192,58.1,53.36,Spaceport / Landing Pad
-83.1547,-84.5226,824.3,0.82,0.24,54.8,201.1,143.8,0,0.0,0.32,322.7,0.232,54.6,53.08,Spaceport / Landing Pad
-80.0,-44.2462,1467.9,0.5,0.16,60.9,205.7,148.7,0,0.0,0.25,341.5,0.156,60.7,54.75,Spaceport / Landing Pad
-85.268,75.1414,1058.3,13.18,1.2,51.0,198.3,140.8,0,0.0,0.16,319.2,0.246,56.8,28.82,Secondary Exploration Zone
-82.5268,-117.5252,1087.0,2.08,0.51,56.6,202.5,145.3,0,0.0,0.34,329.2,0.206,57.1,52.89,Spaceport / Landing Pad
-80.0,50.1282,1032.3,0.5,0.41,56.9,202.6,145.5,0,0.0,0.32,328.9,0.207,56.6,53.71,Spaceport / Landing Pad
-85.4482,164.5388,1455.7,0.7,0.4,60.7,205.5,148.6,0,0.0,0.07,340.9,0.158,60.6,54.65,Spaceport / Landing Pad
-83.6513,138.5763,1355.2,5.49,0.69,57.5,203.1,146.0,0,0.0,0.11,334.1,0.186,59.7,49.13,Secondary Exploration Zone
-82.0215,118.664,1375.1,1.6,0.22,59.5,204.6,147.6,0,0.0,0.14,337.9,0.171,59.9,53.95,Spaceport / Landing Pad
-86.4456,-23.1986,1535.8,0.7,0.28,61.4,206.1,149.2,0,0.0,0.24,343.3,0.149,61.4,54.84,Spaceport / Landing Pad
-86.3015,47.0454,2052.4,5.05,0.64,64.1,208.1,151.3,0,0.0,0.05,343.7,0.147,66.3,51.95,Secondary Exploration Zone
-80.0,129.7462,1772.4,1.28,0.45,63.3,207.5,150.7,0,0.0,0.24,346.8,0.134,63.7,55.22,Spaceport / Landing Pad
-83.3405,-148.7608,752.9,2.78,0.4,53.2,199.9,142.5,0,0.0,0.17,319.0,0.247,53.9,51.43,Spaceport / Landing Pad
