sample_id,latitude_deg,longitude_deg,m3_plagioclase_pct,m3_pyroxene_pct,m3_olivine_pct,ilmenite_tio2_pct,feo_iron_oxide_pct,thorium_ppm,m3_3um_h2o_band_depth,regolith_depth_m,isru_oxygen_potential_pct
PDS_M3_00000,-86.2546,-38.2912,70.0,21.0,9.0,0.66,3.87,1.42,0.085,6.0,43.4
PDS_M3_00001,-80.4929,-9.5632,71.5,17.8,10.7,0.26,3.26,1.12,0.044,5.3,43.1
PDS_M3_00002,-82.6801,127.6371,77.6,14.6,7.8,0.42,5.27,1.18,0.064,6.8,43.8
PDS_M3_00003,-84.0134,-57.5984,71.3,18.9,9.8,0.39,3.9,0.95,0.067,5.1,43.7
PDS_M3_00004,-88.4398,133.0739,80.5,8.5,11.0,0.5,4.57,1.15,0.113,6.3,43.3
PDS_M3_00005,-88.4401,-148.2716,75.7,14.6,9.7,0.11,4.37,0.61,0.073,5.9,43.8
PDS_M3_00006,-89.4192,99.6474,76.3,16.4,7.3,0.23,4.76,1.41,0.091,7.1,44.1
PDS_M3_00007,-81.3382,125.1171,74.9,15.7,9.4,0.43,5.54,0.8,0.06,6.6,43.1
PDS_M3_00008,-83.9888,-114.5456,79.1,13.2,7.7,0.57,4.74,0.83,0.118,5.2,44.0
PDS_M3_00009,-82.9193,-25.0752,79.1,13.8,7.1,0.46,5.59,0.4,0.043,4.0,44.3
PDS_M3_00010,-89.7942,-120.4201,77.3,14.4,8.3,0.55,4.76,0.85,0.22,4.5,44.3
PDS_M3_00011,-80.3009,74.3775,78.3,13.6,8.1,0.48,4.31,0.81,0.102,6.2,43.0
PDS_M3_00012,-81.6756,12.7252,75.2,14.6,10.2,0.64,4.46,1.17,0.05,5.7,44.1
PDS_M3_00013,-87.8766,48.7164,78.2,13.3,8.5,0.67,2.1,0.71,0.116,5.8,43.6
PDS_M3_00014,-88.1818,-109.2647,74.6,15.5,9.9,0.34,3.84,0.97,0.133,6.1,43.4
PDS_M3_00015,-88.166,-103.7715,76.0,16.9,7.1,0.58,4.09,0.9,0.133,4.8,44.7
PDS_M3_00016,-86.9576,-165.061,74.9,18.0,7.1,0.53,4.55,0.57,0.059,5.7,43.7
PDS_M3_00017,-84.7524,-64.0557,74.2,18.7,7.1,0.83,4.18,1.17,0.22,5.8,43.4
PDS_M3_00018,-85.6805,21.5081,73.2,18.9,7.9,0.33,4.47,1.03,0.041,4.1,43.9
PDS_M3_00019,-87.0877,128.8566,77.9,13.6,8.5,0.43,3.14,1.11,0.069,5.1,44.4
PDS_M3_00020,-83.8815,60.0939,81.2,9.4,9.4,0.3,2.93,1.35,0.047,6.3,43.9
PDS_M3_00021,-88.6051,-23.2573,80.7,8.4,10.9,0.3,3.25,1.1,0.069,6.6,43.6
PDS_M3_00022,-87.0786,163.1232,71.0,20.6,8.4,0.51,5.46,1.0,0.044,4.8,43.5
PDS_M3_00023,-86.3364,78.9283,81.2,11.6,7.2,0.48,3.19,1.38,0.102,6.4,44.3
PDS_M3_00024,-85.4393,154.8595,74.7,17.5,7.8,0.53,3.57,1.0,0.044,5.1,43.5
PDS_M3_00025,-82.1482,9.9317,78.4,11.0,10.6,0.53,4.28,0.95,0.097,4.7,44.2
PDS_M3_00026,-88.0033,-86.7945,72.4,17.8,9.8,0.41,2.93,1.3,0.056,8.1,43.5
PDS_M3_00027,-84.8577,-160.9824,76.6,13.2,10.2,0.41,3.5,0.87,0.052,5.3,42.9
PDS_M3_00028,-84.0759,81.3905,77.3,15.2,7.5,0.3,4.74,1.45,0.066,4.0,44.3
PDS_M3_00029,-89.5355,-136.3309,70.1,22.4,7.5,0.34,3.85,1.15,0.101,5.3,43.6
PDS_M3_00030,-83.9246,-71.001,78.4,14.2,7.4,0.44,5.55,1.57,0.092,5.5,44.2
PDS_M3_00031,-88.2948,11.6895,81.4,8.2,10.4,0.48,2.84,1.08,0.108,6.9,44.0
PDS_M3_00032,-89.3495,23.19,75.3,16.9,7.8,0.56,3.92,1.38,0.191,5.4,43.7
PDS_M3_00033,-80.5111,36.21,81.4,9.0,9.6,0.54,3.85,0.61,0.054,6.3,44.1
PDS_M3_00034,-80.3437,-120.1481,75.2,15.7,9.1,0.68,4.19,1.48,0.072,7.1,43.6
PDS_M3_00035,-81.916,-43.2945,79.4,11.4,9.2,0.3,3.22,1.31,0.059,5.1,44.5
PDS_M3_00036,-86.9539,42.1899,67.1,25.1,7.8,0.42,3.74,0.91,0.093,6.1,43.3
PDS_M3_00037,-89.0233,169.1348,85.7,5.0,9.3,0.32,4.83,1.36,0.06,5.7,44.7
PDS_M3_00038,-83.1577,81.9472,82.0,10.8,7.2,0.64,3.98,0.72,0.089,6.1,44.1
PDS_M3_00039,-85.5985,152.1374,74.9,14.1,11.0,0.37,3.34,0.95,0.144,5.9,42.7
PDS_M3_00040,-88.7796,94.3963,68.1,24.8,7.1,0.62,5.86,0.84,0.088,6.0,43.0
PDS_M3_00041,-85.0482,33.0181,77.2,15.6,7.2,0.67,4.24,1.38,0.149,5.5,44.0
PDS_M3_00042,-89.6561,-110.8716,70.2,21.5,8.3,0.51,4.69,1.47,0.097,5.8,43.1
PDS_M3_00043,-80.9068,60.0068,77.8,11.9,10.3,0.49,4.81,0.97,0.163,5.5,43.2
PDS_M3_00044,-87.4122,44.4166,77.6,14.4,8.0,0.46,4.14,0.72,0.2,8.6,44.2
PDS_M3_00045,-83.3748,36.8889,72.2,18.9,8.9,0.4,3.57,0.81,0.083,6.5,42.9
PDS_M3_00046,-86.8829,-3.6771,80.5,12.4,7.1,0.38,4.36,1.13,0.134,5.8,44.1
PDS_M3_00047,-84.7993,10.3164,79.2,13.5,7.3,0.43,3.64,1.11,0.078,5.4,43.6
PDS_M3_00048,-84.5329,-59.6007,79.9,10.7,9.4,0.72,4.5,1.0,0.113,7.0,44.1
PDS_M3_00049,-88.1515,6.9526,76.0,16.2,7.8,0.29,4.07,0.85,0.042,4.8,43.8
PDS_M3_00050,-80.3042,-108.8799,70.3,19.9,9.8,0.48,5.02,1.59,0.22,4.3,42.6
PDS_M3_00051,-82.2487,109.8628,79.9,10.0,10.1,0.56,3.29,0.91,0.175,4.2,43.7
PDS_M3_00052,-80.605,-113.1203,74.9,14.7,10.4,0.41,4.77,0.85,0.174,7.4,43.5
PDS_M3_00053,-81.0517,-149.4121,70.4,22.1,7.5,0.51,4.69,1.44,0.06,7.3,43.6
PDS_M3_00054,-84.021,-22.9514,81.4,9.8,8.8,0.22,4.01,1.02,0.06,6.0,44.0
PDS_M3_00055,-80.7813,56.9907,84.4,5.0,10.6,0.65,4.78,1.25,0.071,5.1,43.9
PDS_M3_00056,-89.1151,-22.4219,75.8,14.1,10.1,0.62,4.54,0.84,0.167,5.1,43.2
PDS_M3_00057,-88.0402,-80.3685,84.6,7.9,7.5,0.44,4.73,1.25,0.157,8.3,44.2
PDS_M3_00058,-89.5477,20.9416,76.4,14.6,9.0,0.32,4.68,1.32,0.061,5.7,44.0
PDS_M3_00059,-86.7467,-55.0792,74.5,14.8,10.7,0.57,4.24,0.77,0.087,6.2,43.7
PDS_M3_00060,-86.1132,155.8324,73.5,17.7,8.8,0.28,3.72,0.94,0.079,5.3,43.5
PDS_M3_00061,-87.2865,152.1523,82.5,7.2,10.3,0.3,3.71,0.83,0.103,5.9,43.7
PDS_M3_00062,-81.7126,0.8539,72.9,18.1,9.0,0.44,4.03,0.94,0.054,6.3,43.2
PDS_M3_00063,-86.4325,-61.9618,78.9,13.7,7.4,0.68,4.87,1.58,0.045,8.0,43.9
PDS_M3_00064,-87.1907,85.3677,73.8,18.6,7.6,0.55,4.71,1.18,0.042,5.7,43.7
PDS_M3_00065,-84.573,-166.7833,74.2,18.6,7.2,0.35,5.0,1.68,0.069,6.4,43.9
PDS_M3_00066,-88.5908,-9.0832,80.1,12.1,7.8,0.2,5.09,1.54,0.216,5.4,43.6
PDS_M3_00067,-81.978,-58.9236,74.5,14.9,10.6,0.46,4.03,1.44,0.109,6.0,43.7
PDS_M3_00068,-89.2545,151.3929,74.4,16.0,9.6,0.49,5.77,1.54,0.123,6.2,43.1
PDS_M3_00069,-80.1311,-175.6789,80.5,9.5,10.0,0.44,4.12,1.45,0.214,5.6,43.7
PDS_M3_00070,-82.2776,19.0134,82.4,8.1,9.5,0.72,3.8,1.61,0.073,6.1,43.7
PDS_M3_00071,-88.0128,86.6389,78.6,12.9,8.5,0.43,4.47,1.26,0.079,4.9,44.2
PDS_M3_00072,-89.9448,-5.3935,73.4,18.7,7.9,0.11,4.59,1.31,0.067,6.4,44.3
PDS_M3_00073,-81.8454,-149.2549,74.0,15.3,10.7,0.39,3.61,1.3,0.052,5.9,43.1
PDS_M3_00074,-82.9314,170.0861,76.3,14.6,9.1,0.52,4.07,0.97,0.127,5.1,44.0
PDS_M3_00075,-82.7099,6.4838,77.3,13.8,8.9,0.51,3.84,1.35,0.182,5.7,44.0
PDS_M3_00076,-82.2873,41.107,72.0,17.0,11.0,0.42,4.31,1.48,0.141,7.4,43.3
PDS_M3_00077,-89.2596,-94.8205,78.9,12.6,8.5,0.4,4.84,0.92,0.043,5.7,43.5
PDS_M3_00078,-86.4153,-5.9407,76.3,13.3,10.4,0.15,3.99,0.84,0.061,6.3,43.4
PDS_M3_00079,-88.8413,-25.5062,69.1,20.5,10.4,0.46,4.66,0.93,0.094,6.3,43.3
PDS_M3_00080,-81.369,-153.0375,72.3,19.8,7.9,0.4,3.09,1.51,0.064,6.5,43.4
PDS_M3_00081,-83.767,-141.7823,74.0,18.6,7.4,0.49,4.91,1.03,0.05,4.5,43.5
PDS_M3_00082,-86.691,121.4901,75.7,13.4,10.9,0.52,3.84,0.77,0.086,4.6,43.4
PDS_M3_00083,-89.3644,-93.6648,83.6,7.7,8.7,0.64,3.82,0.79,0.084,4.9,44.2
PDS_M3_00084,-86.8902,-109.815,77.0,16.0,7.0,0.31,4.52,0.83,0.114,6.5,43.9
PDS_M3_00085,-86.7482,1.7681,72.6,18.4,9.0,0.26,4.56,0.89,0.22,6.1,43.5
PDS_M3_00086,-82.7039,96.749,76.9,13.6,9.5,0.36,4.11,0.68,0.103,6.1,43.5
PDS_M3_00087,-83.6244,-157.6993,74.6,15.3,10.1,0.34,3.49,1.28,0.063,5.7,43.4
PDS_M3_00088,-81.1279,27.6509,77.3,11.9,10.8,0.33,3.82,1.04,0.22,4.2,43.9
PDS_M3_00089,-85.2779,-137.0842,78.3,11.0,10.7,0.67,4.28,1.26,0.091,5.1,43.8
PDS_M3_00090,-88.8041,-166.874,80.8,8.4,10.8,0.47,4.59,0.41,0.102,6.1,43.9
PDS_M3_00091,-82.8676,-161.0122,75.9,17.0,7.1,0.75,3.54,1.42,0.067,5.6,44.0
PDS_M3_00092,-82.3921,120.2991,82.6,7.6,9.8,0.45,3.69,1.08,0.076,6.0,43.9
PDS_M3_00093,-84.3872,-137.5299,79.6,12.5,7.9,0.27,4.41,1.25,0.073,3.9,44.3
PDS_M3_00094,-82.2903,-163.7455,73.2,19.0,7.8,0.33,4.13,1.56,0.205,5.8,42.8
PDS_M3_00095,-85.062,-22.356,84.8,5.0,10.2,0.6,4.32,1.21,0.14,3.3,43.4
PDS_M3_00096,-84.7727,123.8376,77.3,14.0,8.7,0.28,2.11,1.73,0.046,4.2,44.4
PDS_M3_00097,-85.7246,-85.533,72.7,16.6,10.7,0.53,3.96,0.54,0.063,4.6,43.4
PDS_M3_00098,-89.7458,-28.1835,82.6,10.2,7.2,0.4,4.88,1.0,0.043,3.6,44.0
PDS_M3_00099,-88.9211,-165.6279,84.3,5.5,10.2,0.31,3.71,0.56,0.084,4.8,44.5
PDS_M3_00100,-89.6857,-18.3317,75.9,16.6,7.5,0.66,4.59,1.19,0.06,6.1,43.8
PDS_M3_00101,-83.6359,27.9407,74.0,18.3,7.7,0.36,3.23,1.12,0.045,7.2,44.0
PDS_M3_00102,-86.8564,25.5265,75.3,15.8,8.9,0.33,2.95,0.77,0.129,5.2,43.9
PDS_M3_00103,-84.9143,-60.3264,78.9,12.5,8.6,0.44,4.53,1.75,0.046,5.0,44.2
PDS_M3_00104,-80.9243,-66.4081,81.1,10.0,8.9,0.37,4.16,0.99,0.059,5.7,44.0
PDS_M3_00105,-87.5071,-141.6155,78.3,10.9,10.8,0.78,3.93,0.44,0.129,5.5,44.0
PDS_M3_00106,-85.8962,-47.9526,76.4,14.0,9.6,0.61,4.88,1.3,0.083,4.6,43.4
PDS_M3_00107,-82.4445,-144.1819,82.0,9.8,8.2,0.36,3.95,1.31,0.142,6.4,44.1
PDS_M3_00108,-87.712,95.9745,74.7,17.6,7.7,0.38,3.69,0.96,0.072,5.4,43.6
PDS_M3_00109,-89.2302,167.8587,80.1,11.2,8.7,0.15,3.61,1.34,0.141,5.0,43.8
PDS_M3_00110,-87.1025,169.2268,74.8,16.4,8.8,0.47,3.44,0.81,0.086,5.1,42.9
PDS_M3_00111,-88.3878,131.4256,77.7,12.9,9.4,0.34,4.57,0.97,0.046,8.6,43.6
PDS_M3_00112,-80.703,36.2852,75.5,16.4,8.1,0.46,3.95,1.22,0.078,6.7,43.6
PDS_M3_00113,-81.9188,72.3117,75.8,14.1,10.1,0.16,5.11,1.38,0.088,5.4,44.3
PDS_M3_00114,-83.666,-77.3259,74.5,18.1,7.4,0.45,1.84,1.03,0.097,2.9,43.5
PDS_M3_00115,-81.2854,47.0774,81.4,9.4,9.2,0.7,4.94,0.96,0.198,3.8,44.0
PDS_M3_00116,-81.9633,-15.9662,73.1,17.4,9.5,0.46,4.49,1.09,0.052,5.9,44.1
PDS_M3_00117,-88.1343,-6.4738,73.0,19.2,7.8,0.33,4.13,0.49,0.096,5.5,43.1
PDS_M3_00118,-81.0744,92.7996,84.5,5.2,10.3,0.45,3.17,1.02,0.124,4.4,43.8
PDS_M3_00119,-84.6066,-78.5094,79.9,10.6,9.5,0.44,2.87,0.51,0.172,5.6,44.1
PDS_M3_00120,-81.9256,-65.5057,66.5,23.9,9.6,0.78,4.8,0.85,0.085,4.9,44.3
PDS_M3_00121,-81.0391,152.871,73.7,17.3,9.0,0.4,4.39,0.67,0.054,5.0,42.8
PDS_M3_00122,-86.82,-159.7593,68.8,20.6,10.6,0.27,4.38,1.26,0.142,5.6,43.4
PDS_M3_00123,-88.8995,-5.1717,72.2,18.0,9.8,0.45,4.12,0.88,0.181,4.6,43.8
PDS_M3_00124,-87.7206,148.6083,63.4,28.1,8.5,0.48,4.88,1.47,0.047,4.1,43.6
PDS_M3_00125,-85.7289,39.7307,75.5,16.5,8.0,0.53,3.73,0.55,0.056,4.2,44.5
PDS_M3_00126,-81.8199,16.7065,71.4,21.3,7.3,0.56,3.93,1.03,0.163,5.3,43.2
PDS_M3_00127,-81.3927,-90.0921,76.2,16.1,7.7,0.74,4.06,1.13,0.08,3.9,43.6
PDS_M3_00128,-89.9305,-56.4208,69.5,19.5,11.0,0.36,4.03,1.25,0.051,8.4,42.8
PDS_M3_00129,-84.8925,126.7374,76.3,15.1,8.6,0.35,5.27,1.75,0.102,6.9,43.7
PDS_M3_00130,-85.8259,21.3185,74.3,15.1,10.6,0.17,3.2,0.51,0.077,6.7,43.8
PDS_M3_00131,-87.7789,5.3072,82.0,10.3,7.7,0.55,2.64,0.87,0.22,4.7,44.7
PDS_M3_00132,-88.8013,-144.1513,81.6,9.7,8.7,0.32,3.04,1.7,0.055,4.8,44.5
PDS_M3_00133,-86.6238,-174.2299,79.1,10.1,10.8,0.58,4.75,0.82,0.067,4.1,44.4
PDS_M3_00134,-80.5709,166.9267,74.7,17.9,7.4,0.38,4.12,1.23,0.051,8.0,43.3
PDS_M3_00135,-86.768,-44.285,83.9,6.7,9.4,0.71,2.92,0.82,0.043,7.4,44.1
PDS_M3_00136,-84.8121,37.1567,69.8,19.5,10.7,0.23,4.28,0.68,0.059,6.6,43.6
PDS_M3_00137,-82.9698,-151.3026,70.4,18.8,10.8,0.6,3.94,0.86,0.143,5.7,43.7
PDS_M3_00138,-86.3637,65.9211,75.7,13.9,10.4,0.59,4.65,1.69,0.059,5.3,43.6
PDS_M3_00139,-80.2822,155.724,85.0,5.0,10.0,0.53,4.84,0.75,0.112,6.4,44.4
PDS_M3_00140,-80.3755,27.2395,75.2,15.2,9.6,0.28,6.21,1.01,0.085,7.7,43.5
PDS_M3_00141,-87.4822,-134.5985,75.3,16.8,7.9,0.53,3.25,1.02,0.084,6.6,43.8
PDS_M3_00142,-85.0275,29.4197,70.2,19.9,9.9,0.47,2.71,1.37,0.131,4.5,44.0
PDS_M3_00143,-86.9912,95.885,79.8,9.3,10.9,0.18,4.67,1.44,0.098,4.9,44.7
PDS_M3_00144,-87.1516,-33.69,79.8,11.1,9.1,0.68,4.99,1.13,0.05,6.4,43.5
PDS_M3_00145,-89.6311,136.7416,79.2,12.8,8.0,0.4,3.18,0.4,0.055,4.8,44.0
PDS_M3_00146,-83.9044,53.5259,73.5,17.2,9.3,0.67,3.18,0.83,0.087,5.2,43.8
PDS_M3_00147,-84.9732,143.7296,73.2,17.0,9.8,0.44,4.48,0.74,0.152,7.6,44.0
PDS_M3_00148,-89.4852,44.4619,70.8,21.4,7.8,0.6,5.57,1.45,0.05,5.4,44.1
PDS_M3_00149,-87.2135,-132.7363,76.3,13.8,9.9,0.32,3.5,0.82,0.047,3.9,43.5
PDS_M3_00150,-80.9173,-68.511,71.7,19.0,9.3,0.48,4.27,1.61,0.084,9.3,43.5
PDS_M3_00151,-87.6044,-107.3538,71.3,19.3,9.4,0.47,2.68,1.22,0.053,7.1,43.5
PDS_M3_00152,-88.5511,147.1775,74.3,17.5,8.2,0.4,4.04,1.44,0.22,5.7,43.8
PDS_M3_00153,-85.1055,93.744,74.0,18.4,7.6,0.32,4.11,1.78,0.04,5.8,43.9
PDS_M3_00154,-80.1435,63.5034,73.8,16.7,9.5,0.1,5.37,0.82,0.076,3.2,43.4
PDS_M3_00155,-87.5794,-71.6521,77.9,12.8,9.3,0.32,3.63,0.61,0.051,5.3,44.5
PDS_M3_00156,-83.2786,-113.7439,76.3,15.3,8.4,0.56,4.75,1.16,0.109,4.9,42.9
PDS_M3_00157,-82.3838,92.3224,74.8,17.0,8.2,0.24,3.58,1.39,0.1,5.9,43.1
PDS_M3_00158,-87.6236,-9.3031,76.7,14.9,8.4,0.27,4.27,0.9,0.139,7.8,43.9
PDS_M3_00159,-82.7178,-98.7158,72.0,19.0,9.0,0.23,5.86,1.11,0.09,6.3,43.5
PDS_M3_00160,-86.3222,41.9839,76.4,12.7,10.9,0.48,5.63,1.47,0.053,8.2,43.4
PDS_M3_00161,-83.6769,-165.4798,76.6,13.3,10.1,0.32,5.77,1.44,0.043,4.1,44.1
PDS_M3_00162,-83.6647,-62.5787,70.0,19.6,10.4,0.63,4.52,0.93,0.117,3.9,43.8
PDS_M3_00163,-84.6423,-11.3195,80.0,11.0,9.0,0.56,4.03,1.18,0.075,7.3,44.3
PDS_M3_00164,-89.0971,-126.735,72.5,18.4,9.1,0.48,4.43,0.82,0.055,5.9,43.1
PDS_M3_00165,-81.647,174.4756,76.4,15.8,7.8,0.5,4.57,0.67,0.057,6.4,44.0
PDS_M3_00166,-86.7922,-104.7249,80.7,9.4,9.9,0.34,4.51,1.51,0.05,5.8,44.1
PDS_M3_00167,-88.1348,-133.0729,79.7,11.6,8.7,0.34,3.63,0.46,0.06,6.0,43.4
PDS_M3_00168,-89.5922,-106.7274,76.1,13.9,10.0,0.56,3.6,1.16,0.134,6.6,43.7
PDS_M3_00169,-84.0911,96.862,74.6,16.8,8.6,0.59,3.72,0.99,0.098,6.1,44.0
PDS_M3_00170,-83.2244,-26.818,79.8,12.8,7.4,0.56,5.06,1.26,0.22,5.1,44.3
PDS_M3_00171,-89.8341,23.5497,78.7,13.6,7.7,0.38,5.14,0.89,0.085,8.6,43.7
PDS_M3_00172,-84.8791,-172.4367,73.5,16.3,10.2,0.39,6.75,1.44,0.084,5.9,43.1
PDS_M3_00173,-87.735,-167.6047,72.8,19.2,8.0,0.31,4.54,1.03,0.053,5.6,44.2
PDS_M3_00174,-83.5483,-19.5028,67.7,24.2,8.1,0.57,3.57,1.54,0.093,5.4,43.4
PDS_M3_00175,-88.2563,113.9959,76.6,12.7,10.7,0.16,3.82,1.17,0.096,6.2,42.9
PDS_M3_00176,-83.0906,138.686,75.7,14.7,9.6,0.12,4.07,0.79,0.054,5.5,43.6
PDS_M3_00177,-86.1326,-148.7856,80.5,12.0,7.5,0.15,5.4,1.26,0.046,3.4,44.3
PDS_M3_00178,-80.6327,13.8107,77.4,15.0,7.6,0.13,4.79,1.23,0.068,5.5,43.2
PDS_M3_00179,-88.6248,148.7627,81.3,10.6,8.1,0.65,3.12,1.07,0.051,4.5,43.9
PDS_M3_00180,-86.5893,-40.3298,73.2,17.4,9.4,0.57,4.15,0.88,0.082,6.1,43.4
PDS_M3_00181,-88.8653,118.6437,80.6,9.4,10.0,0.27,3.02,1.36,0.085,5.8,43.8
PDS_M3_00182,-80.7531,-131.8696,73.9,18.0,8.1,0.43,4.67,0.81,0.096,5.0,43.4
PDS_M3_00183,-81.2266,156.742,79.1,10.4,10.5,0.67,3.63,0.84,0.095,6.9,44.0
PDS_M3_00184,-87.4206,90.5124,70.2,22.4,7.4,0.53,3.71,1.26,0.107,5.7,43.4
PDS_M3_00185,-83.4002,158.8804,76.9,15.3,7.8,0.77,2.7,1.04,0.056,5.3,44.0
PDS_M3_00186,-81.8278,63.5822,68.1,21.0,10.9,0.43,4.81,0.51,0.119,5.4,43.2
PDS_M3_00187,-84.448,-49.1746,74.9,17.6,7.5,0.35,5.17,0.81,0.085,5.3,44.1
PDS_M3_00188,-84.7035,157.7452,77.8,11.6,10.6,0.29,3.65,1.22,0.075,6.4,43.7
PDS_M3_00189,-87.5815,-80.796,73.9,16.3,9.8,0.45,4.07,1.02,0.103,4.9,43.1
PDS_M3_00190,-89.069,-60.4179,71.8,20.9,7.3,0.59,3.82,1.07,0.082,5.9,43.2
PDS_M3_00191,-81.0278,72.291,79.4,11.7,8.9,0.46,4.03,1.18,0.085,5.2,43.3
PDS_M3_00192,-80.9958,95.5139,75.6,15.3,9.1,0.4,3.54,1.24,0.041,5.0,43.2
PDS_M3_00193,-83.669,154.5853,74.0,15.3,10.7,0.64,3.32,1.13,0.137,6.4,43.1
PDS_M3_00194,-86.6097,-106.2711,76.2,15.1,8.7,0.53,5.29,0.4,0.073,4.7,43.2
PDS_M3_00195,-86.5079,107.2793,86.5,5.0,8.5,0.43,2.09,1.08,0.084,6.4,44.0
PDS_M3_00196,-82.7404,85.8766,80.6,12.0,7.4,0.34,4.6,0.95,0.07,6.2,44.1
PDS_M3_00197,-81.0289,-157.034,80.7,9.7,9.6,0.41,4.43,1.11,0.088,7.4,43.3
PDS_M3_00198,-81.1291,-40.5997,77.7,14.5,7.8,0.52,5.52,1.42,0.043,3.7,43.4
PDS_M3_00199,-82.2012,-78.2044,76.7,16.0,7.3,0.33,4.01,0.78,0.069,7.0,44.0
PDS_M3_00200,-83.5797,-70.3834,66.4,22.6,11.0,0.26,3.9,1.12,0.106,5.4,43.3
PDS_M3_00201,-89.1586,173.8609,73.3,18.6,8.1,0.38,3.55,1.24,0.207,3.7,42.9
PDS_M3_00202,-88.3837,51.3999,74.1,18.3,7.6,0.44,4.48,1.01,0.154,5.0,43.6
PDS_M3_00203,-81.0145,78.3634,68.5,21.7,9.8,0.65,3.63,0.71,0.22,6.4,43.5
PDS_M3_00204,-83.9357,171.5823,71.4,18.3,10.3,0.28,3.3,0.74,0.131,5.7,43.6
PDS_M3_00205,-89.908,-44.2074,68.1,24.6,7.3,0.48,3.61,1.09,0.1,7.4,44.3
PDS_M3_00206,-88.9853,108.6625,75.8,16.8,7.4,0.41,3.44,0.91,0.073,5.4,43.4
PDS_M3_00207,-83.365,-23.5689,79.3,13.3,7.4,0.42,3.4,0.52,0.048,5.8,44.2
PDS_M3_00208,-89.9494,133.0321,80.4,12.4,7.2,0.68,4.27,0.86,0.057,5.6,43.8
PDS_M3_00209,-88.3919,-114.9633,77.7,12.7,9.6,0.46,4.04,0.71,0.059,4.6,43.9
PDS_M3_00210,-84.5127,161.167,72.1,18.5,9.4,0.31,4.64,1.32,0.074,5.8,43.3
PDS_M3_00211,-83.081,-101.2422,68.3,22.0,9.7,0.58,4.32,0.65,0.096,5.5,43.1
PDS_M3_00212,-83.4804,-62.5606,69.0,22.0,9.0,0.57,3.24,1.53,0.098,5.9,42.9
PDS_M3_00213,-87.7573,92.2292,70.9,18.8,10.3,0.3,2.5,1.75,0.076,5.9,42.9
PDS_M3_00214,-82.8782,-38.2481,72.4,18.4,9.2,0.27,3.36,0.88,0.059,5.8,43.8
PDS_M3_00215,-87.6275,38.9561,75.4,13.9,10.7,0.51,4.81,0.92,0.043,5.9,43.4
PDS_M3_00216,-86.746,-19.9535,71.9,19.2,8.9,0.45,4.79,1.38,0.22,7.1,44.5
PDS_M3_00217,-82.5351,87.2532,77.4,12.4,10.2,0.38,4.99,1.43,0.208,4.6,43.5
PDS_M3_00218,-83.5037,-97.8007,75.1,16.3,8.6,0.61,4.87,0.95,0.052,4.9,43.9
PDS_M3_00219,-81.5078,-158.9551,76.0,15.3,8.7,0.36,5.07,0.97,0.096,7.5,43.7
PDS_M3_00220,-83.4239,-72.0254,80.6,9.0,10.4,0.51,4.53,0.97,0.061,7.3,43.1
PDS_M3_00221,-84.3169,-9.2489,71.3,21.3,7.4,0.63,5.64,0.84,0.053,6.1,43.0
PDS_M3_00222,-89.0633,-119.5128,77.7,13.0,9.3,0.4,4.43,1.37,0.109,8.2,43.1
PDS_M3_00223,-86.3228,-52.273,75.9,14.2,9.9,0.18,5.8,1.15,0.133,6.4,44.2
PDS_M3_00224,-87.348,-36.0061,74.7,15.3,10.0,0.39,3.7,0.88,0.071,8.0,44.1
PDS_M3_00225,-87.5601,-159.3389,79.5,11.1,9.4,0.48,3.68,1.12,0.044,7.6,44.6
PDS_M3_00226,-80.2699,29.9906,79.5,11.7,8.8,0.6,4.05,0.99,0.071,7.8,42.9
PDS_M3_00227,-86.069,138.3636,72.2,19.8,8.0,0.37,4.17,1.85,0.086,4.4,43.0
PDS_M3_00228,-81.0795,-125.3726,75.3,14.1,10.6,0.71,3.94,1.03,0.174,6.6,43.9
PDS_M3_00229,-83.6886,35.2109,77.1,14.4,8.5,0.26,4.63,1.32,0.104,5.7,43.4
PDS_M3_00230,-82.0519,59.3061,74.9,14.9,10.2,0.47,4.12,1.23,0.114,4.2,43.9
PDS_M3_00231,-84.9736,-29.0395,78.3,14.6,7.1,0.41,3.71,1.05,0.054,7.4,43.6
PDS_M3_00232,-84.231,72.3951,77.1,15.0,7.9,0.65,3.88,1.23,0.116,7.2,43.5
PDS_M3_00233,-85.0748,-32.1366,83.3,8.3,8.4,0.23,5.17,1.16,0.082,5.6,43.2
PDS_M3_00234,-88.0476,1.6694,69.9,20.4,9.7,0.51,4.45,1.85,0.143,5.1,43.2
PDS_M3_00235,-82.7755,-177.3529,75.5,16.2,8.3,0.41,2.86,1.07,0.055,5.9,43.8
PDS_M3_00236,-87.1923,69.0192,72.4,20.4,7.2,0.68,5.41,0.4,0.083,3.6,43.1
PDS_M3_00237,-89.7568,58.0834,78.4,13.9,7.7,0.33,4.55,1.76,0.054,4.2,43.8
PDS_M3_00238,-83.5453,-166.1757,69.5,22.5,8.0,0.51,4.71,0.95,0.06,5.4,43.0
PDS_M3_00239,-88.2289,-47.43,77.4,14.9,7.7,0.32,4.94,1.13,0.147,6.5,43.4
PDS_M3_00240,-80.5954,172.4515,73.5,18.7,7.8,0.48,4.98,0.94,0.11,5.6,43.3
PDS_M3_00241,-80.4607,-28.5348,73.1,16.8,10.1,0.39,3.46,0.92,0.118,5.1,43.7
PDS_M3_00242,-80.8514,0.7003,70.2,21.2,8.6,0.39,3.34,0.76,0.044,4.8,43.8
PDS_M3_00243,-86.2984,147.5749,74.1,17.3,8.6,0.15,6.12,0.5,0.118,8.7,44.3
PDS_M3_00244,-89.8454,78.2143,80.3,8.8,10.9,0.51,3.64,0.88,0.081,4.5,44.1
PDS_M3_00245,-80.7168,29.5452,75.9,15.3,8.8,0.29,4.5,1.25,0.077,3.6,43.8
PDS_M3_00246,-85.7182,107.2097,78.5,10.8,10.7,0.28,5.51,0.61,0.072,5.1,44.5
PDS_M3_00247,-80.3335,131.1719,82.7,9.1,8.2,0.22,3.85,1.25,0.155,6.4,44.0
PDS_M3_00248,-80.3638,-15.5203,77.1,14.3,8.6,0.29,3.91,1.8,0.052,5.9,43.9
PDS_M3_00249,-81.4699,-8.961,73.8,17.6,8.6,0.53,4.94,1.19,0.141,4.9,44.0
PDS_M3_00250,-87.0555,-41.0217,77.9,12.9,9.2,0.52,4.37,0.68,0.198,6.0,43.8
PDS_M3_00251,-86.149,168.0142,73.8,16.9,9.3,0.55,4.6,1.22,0.051,7.1,43.6
PDS_M3_00252,-81.4886,70.9799,74.0,18.0,8.0,0.3,4.14,1.39,0.22,6.0,43.5
PDS_M3_00253,-86.8308,-150.0397,69.9,19.9,10.2,0.48,3.78,1.49,0.22,6.0,43.2
PDS_M3_00254,-88.3051,130.6655,79.7,11.3,9.0,0.36,3.93,1.16,0.098,6.0,43.6
PDS_M3_00255,-84.432,-6.9984,74.5,18.5,7.0,0.59,5.16,1.28,0.059,4.9,44.0
PDS_M3_00256,-80.6385,-155.2486,76.7,13.9,9.4,0.51,3.96,1.36,0.074,6.3,43.2
PDS_M3_00257,-83.0397,17.8982,71.9,17.9,10.2,0.35,4.54,1.28,0.051,7.1,43.6
PDS_M3_00258,-84.2994,-29.8209,77.7,14.3,8.0,0.61,3.42,1.2,0.048,7.4,43.7
PDS_M3_00259,-89.0282,135.9898,73.0,19.8,7.2,0.53,5.83,0.91,0.113,6.3,43.0
PDS_M3_00260,-83.8499,-106.5619,75.4,14.4,10.2,0.24,4.46,1.39,0.092,5.8,44.0
PDS_M3_00261,-80.0995,117.5273,79.5,9.6,10.9,0.2,4.47,0.94,0.09,8.1,43.2
PDS_M3_00262,-88.5992,20.7679,79.2,13.5,7.3,0.25,4.94,1.88,0.057,5.9,43.5
PDS_M3_00263,-84.8167,-160.3403,75.9,13.3,10.8,0.7,3.82,0.91,0.056,5.2,43.6
PDS_M3_00264,-81.2263,169.8643,68.9,22.7,8.4,0.3,5.15,1.34,0.22,5.0,44.0
PDS_M3_00265,-82.5923,4.5415,88.0,5.0,7.0,0.73,2.99,0.72,0.099,4.8,44.3
PDS_M3_00266,-83.0298,-75.2843,83.0,7.4,9.6,0.29,3.71,0.96,0.143,5.2,44.0
PDS_M3_00267,-82.9752,-11.0135,78.9,10.5,10.6,0.27,3.56,0.92,0.069,8.1,44.3
PDS_M3_00268,-86.4051,128.8288,73.0,16.9,10.1,0.58,2.7,0.69,0.151,4.9,43.4
PDS_M3_00269,-87.0641,-70.2349,75.5,17.4,7.1,0.59,3.78,0.93,0.117,7.6,44.4
PDS_M3_00270,-81.9064,-110.6365,73.8,18.9,7.3,0.53,4.16,1.21,0.066,5.6,43.8
PDS_M3_00271,-81.8989,-133.5344,81.1,9.8,9.1,0.55,3.33,1.03,0.116,7.1,43.9
PDS_M3_00272,-81.3293,-72.7706,77.1,15.4,7.5,0.33,3.21,1.46,0.196,4.5,43.0
PDS_M3_00273,-80.8676,100.8173,72.9,18.3,8.8,0.57,4.23,0.82,0.054,5.8,43.9
PDS_M3_00274,-84.8866,-10.2145,74.1,15.1,10.8,0.49,4.14,1.31,0.088,3.9,43.8
PDS_M3_00275,-84.9848,-98.1066,80.5,11.3,8.2,0.4,3.99,0.92,0.22,5.8,43.7
PDS_M3_00276,-82.017,-120.1734,82.4,8.6,9.0,0.46,3.19,1.44,0.143,6.7,43.7
PDS_M3_00277,-83.5004,-60.2174,82.1,9.4,8.5,0.61,3.88,1.34,0.098,7.0,44.7
PDS_M3_00278,-82.9803,158.3728,79.0,11.5,9.5,0.51,3.67,1.4,0.044,5.8,43.4
PDS_M3_00279,-82.0421,-56.5104,75.0,17.2,7.8,0.13,4.27,1.05,0.071,5.4,43.8
PDS_M3_00280,-81.0999,175.7247,63.0,29.0,8.0,0.58,3.75,1.5,0.103,5.9,43.2
PDS_M3_00281,-86.62,-5.317,77.2,12.4,10.4,0.57,4.17,0.6,0.072,5.1,44.0
PDS_M3_00282,-86.2442,-115.501,76.0,13.8,10.2,0.39,3.15,1.23,0.22,5.1,42.9
PDS_M3_00283,-89.0602,140.8104,76.6,13.2,10.2,0.47,3.08,1.14,0.124,5.3,44.0
PDS_M3_00284,-84.2172,-14.2721,76.2,13.7,10.1,0.47,4.65,1.35,0.052,6.1,44.3
PDS_M3_00285,-89.6406,75.4817,70.7,20.5,8.8,0.15,4.81,1.08,0.08,7.5,42.7
PDS_M3_00286,-85.344,174.1362,78.2,11.9,9.9,0.39,3.89,0.8,0.069,7.4,43.4
PDS_M3_00287,-84.5736,-161.9369,78.5,13.0,8.5,0.4,4.22,0.77,0.094,5.4,44.0
PDS_M3_00288,-87.1346,-145.19,78.7,13.9,7.4,0.43,3.84,1.1,0.075,4.8,43.7
PDS_M3_00289,-84.0917,79.3644,79.8,11.6,8.6,0.37,5.08,1.02,0.056,4.9,44.1
PDS_M3_00290,-89.695,-78.543,78.4,14.0,7.6,0.55,4.04,1.36,0.117,4.0,44.0
PDS_M3_00291,-89.6265,-113.6515,74.4,17.0,8.6,0.33,3.8,1.39,0.047,6.7,43.7
PDS_M3_00292,-81.774,-165.8297,75.7,16.1,8.2,0.59,4.97,1.11,0.086,4.1,44.4
PDS_M3_00293,-86.3981,-172.1352,76.4,14.2,9.4,0.54,3.58,1.11,0.062,3.1,44.0
PDS_M3_00294,-88.7294,98.8148,76.4,15.2,8.4,0.65,4.33,1.42,0.22,6.7,43.1
PDS_M3_00295,-84.7776,-131.604,80.0,10.2,9.8,0.71,3.36,1.03,0.062,6.6,44.1
PDS_M3_00296,-82.3001,-11.6206,78.6,12.4,9.0,0.71,4.73,1.04,0.065,4.5,43.7
PDS_M3_00297,-87.8418,38.1229,84.3,5.0,10.7,0.27,4.85,0.7,0.114,6.2,44.2
PDS_M3_00298,-83.7711,-25.7934,84.8,7.8,7.4,0.5,3.17,1.36,0.048,4.2,44.4
PDS_M3_00299,-89.1465,-170.2416,76.3,13.9,9.8,0.34,3.04,1.07,0.064,5.7,44.3
PDS_M3_00300,-89.4832,102.0605,60.7,29.6,9.7,0.94,4.43,1.44,0.111,6.2,43.2
PDS_M3_00301,-84.6865,-176.2152,80.9,8.3,10.8,0.54,5.75,0.74,0.042,6.6,44.2
PDS_M3_00302,-84.5936,94.2804,73.8,17.7,8.5,0.66,4.91,0.95,0.062,6.3,43.2
PDS_M3_00303,-83.6257,141.5896,72.8,19.0,8.2,0.52,4.03,1.38,0.04,3.5,43.4
PDS_M3_00304,-82.7391,-24.1776,74.4,17.9,7.7,0.1,3.52,1.2,0.05,6.2,43.4
PDS_M3_00305,-80.2415,12.7953,74.2,17.7,8.1,0.33,3.23,0.75,0.096,8.4,44.0
PDS_M3_00306,-84.837,-8.286,78.4,12.6,9.0,0.35,4.77,1.38,0.077,6.3,44.4
PDS_M3_00307,-86.7704,-39.8849,69.8,19.8,10.4,0.39,4.94,0.71,0.05,4.1,44.7
PDS_M3_00308,-82.0481,139.4728,71.7,20.2,8.1,0.5,3.7,1.35,0.045,4.9,43.9
PDS_M3_00309,-87.2917,141.8161,77.4,15.0,7.6,0.53,4.0,0.81,0.043,5.2,44.2
PDS_M3_00310,-85.6103,-59.1061,78.5,13.4,8.1,0.1,4.24,1.46,0.045,3.0,43.1
PDS_M3_00311,-89.2154,41.4251,78.6,14.0,7.4,0.41,5.65,1.13,0.046,5.9,43.0
PDS_M3_00312,-89.7465,153.6867,72.9,16.4,10.7,0.38,4.25,1.2,0.045,5.4,43.2
PDS_M3_00313,-80.3735,166.3411,72.1,17.4,10.5,0.66,3.42,1.08,0.043,5.4,43.0
PDS_M3_00314,-81.6402,3.2253,74.0,17.8,8.2,0.54,3.27,1.13,0.112,5.7,43.8
PDS_M3_00315,-83.0403,-16.9831,77.0,15.0,8.0,0.42,3.47,1.12,0.21,4.9,44.4
PDS_M3_00316,-85.9105,-79.67,81.9,7.5,10.6,0.48,5.21,1.31,0.156,6.8,43.9
PDS_M3_00317,-88.2671,165.1939,67.8,25.2,7.0,0.2,4.61,1.08,0.059,6.0,43.1
PDS_M3_00318,-88.4356,-128.5869,75.1,15.5,9.4,0.55,3.92,1.54,0.054,5.2,43.8
PDS_M3_00319,-87.4976,28.7386,70.7,18.6,10.7,0.39,1.86,0.88,0.043,6.3,43.2
PDS_M3_00320,-84.5077,-78.2819,69.4,21.6,9.0,0.33,3.52,1.36,0.05,6.2,43.2
PDS_M3_00321,-82.854,-79.557,79.9,13.1,7.0,0.65,4.48,1.27,0.09,4.7,43.7
PDS_M3_00322,-83.398,-34.2113,78.2,13.9,7.9,0.49,4.48,1.47,0.22,5.6,43.9
PDS_M3_00323,-87.2007,179.5655,77.8,11.5,10.7,0.35,4.47,1.14,0.158,5.6,43.1
PDS_M3_00324,-80.4513,-160.2121,79.7,13.2,7.1,0.36,3.12,1.2,0.083,5.1,43.0
PDS_M3_00325,-82.621,28.2751,74.1,17.3,8.6,0.5,4.34,1.2,0.073,4.2,43.2
PDS_M3_00326,-84.4565,-150.274,74.3,15.5,10.2,0.49,3.42,0.74,0.05,5.1,43.8
PDS_M3_00327,-83.8828,-124.3725,84.7,5.0,10.3,0.45,4.2,1.22,0.073,7.3,43.5
PDS_M3_00328,-85.804,-21.7573,75.0,16.1,8.9,0.27,3.59,2.08,0.094,5.0,44.4
PDS_M3_00329,-87.5227,3.7656,78.9,13.2,7.9,0.29,5.06,1.58,0.094,6.9,44.1
PDS_M3_00330,-86.4403,-86.8347,76.0,14.6,9.4,0.34,4.47,0.87,0.089,5.8,43.9
PDS_M3_00331,-82.4215,-66.0754,68.6,23.3,8.1,0.42,4.09,0.56,0.144,6.0,43.7
PDS_M3_00332,-89.8561,-148.6919,67.8,24.2,8.0,0.44,5.3,1.12,0.083,4.3,43.5
PDS_M3_00333,-88.8393,-70.8409,73.7,16.1,10.2,0.43,3.9,1.42,0.078,7.2,43.8
PDS_M3_00334,-89.54,167.961,80.2,12.2,7.6,0.43,3.07,1.09,0.062,8.3,44.3
PDS_M3_00335,-89.5927,160.0947,79.2,13.8,7.0,0.73,5.04,1.67,0.052,5.0,44.2
PDS_M3_00336,-81.4454,-59.4438,79.7,12.0,8.3,0.58,4.4,0.87,0.04,7.4,43.9
PDS_M3_00337,-82.9634,25.5074,72.1,18.9,9.0,0.63,3.95,1.17,0.063,4.3,44.3
PDS_M3_00338,-85.2583,147.4543,82.5,7.7,9.8,0.52,3.69,1.07,0.1,5.7,43.9
PDS_M3_00339,-89.0217,-177.7738,72.1,17.8,10.1,0.46,4.61,1.32,0.089,4.4,43.3
PDS_M3_00340,-85.0838,111.8461,76.9,13.4,9.7,0.51,4.85,1.34,0.085,6.3,43.1
PDS_M3_00341,-85.2653,161.413,76.0,14.5,9.5,0.48,3.59,1.46,0.129,5.6,43.4
PDS_M3_00342,-88.268,-147.1227,75.3,15.0,9.7,0.57,4.65,1.06,0.056,5.7,44.1
PDS_M3_00343,-85.6615,-121.8788,81.4,10.5,8.1,0.3,4.4,1.48,0.108,7.4,43.8
PDS_M3_00344,-86.015,165.8687,73.2,18.3,8.5,0.56,3.54,1.2,0.096,7.3,43.8
PDS_M3_00345,-83.8415,13.5145,70.6,19.9,9.5,0.48,4.2,1.51,0.065,5.6,43.5
PDS_M3_00346,-83.6491,-174.8892,76.1,16.6,7.3,0.18,3.76,1.55,0.055,7.1,43.2
PDS_M3_00347,-89.547,-87.2525,74.4,17.4,8.2,0.46,5.19,1.11,0.09,7.2,43.5
PDS_M3_00348,-86.2539,-18.0203,89.5,5.0,5.5,0.25,3.68,0.9,0.214,7.1,43.8
PDS_M3_00349,-83.7414,69.4472,78.7,12.2,9.1,0.37,5.41,1.16,0.045,6.0,43.6
PDS_M3_00350,-84.9686,83.9377,74.4,16.7,8.9,0.43,4.31,1.4,0.22,6.2,43.2
PDS_M3_00351,-81.4351,178.3517,71.8,18.3,9.9,0.22,2.8,0.65,0.078,5.5,43.7
PDS_M3_00352,-83.4131,-76.496,68.5,22.6,8.9,0.44,2.46,0.95,0.114,8.6,43.7
PDS_M3_00353,-88.3707,13.7592,71.9,17.5,10.6,0.46,4.03,1.3,0.138,6.3,43.5
PDS_M3_00354,-89.2943,11.9965,76.5,15.0,8.5,0.56,5.27,0.4,0.05,5.7,42.9
PDS_M3_00355,-83.5758,-33.9677,81.7,9.2,9.1,0.38,5.18,0.79,0.043,6.4,43.3
PDS_M3_00356,-89.7349,-119.1017,80.5,12.5,7.0,0.49,4.33,0.92,0.048,6.1,44.1
PDS_M3_00357,-84.1422,171.8844,76.9,14.9,8.2,0.44,3.61,1.07,0.065,8.3,43.4
PDS_M3_00358,-80.5977,127.1942,74.7,14.8,10.5,0.39,3.87,1.0,0.22,5.8,43.3
PDS_M3_00359,-84.2453,-0.6001,77.1,14.6,8.3,0.2,4.37,1.01,0.043,6.7,43.7
PDS_M3_00360,-86.1183,37.1684,73.9,18.1,8.0,0.43,5.07,0.7,0.191,5.7,43.3
PDS_M3_00361,-83.5671,-98.186,82.9,7.9,9.2,0.56,4.66,1.63,0.089,3.8,43.1
PDS_M3_00362,-85.4175,15.7633,75.2,17.5,7.3,0.31,4.97,0.92,0.046,5.8,43.3
PDS_M3_00363,-84.5438,70.1892,75.7,15.2,9.1,0.42,4.71,0.53,0.05,6.8,43.5
PDS_M3_00364,-80.5854,5.4601,67.1,24.7,8.2,0.44,4.95,1.44,0.11,6.0,43.1
PDS_M3_00365,-86.139,176.5027,75.2,16.3,8.5,0.62,2.39,0.87,0.096,4.4,43.9
PDS_M3_00366,-80.3881,40.083,79.3,10.5,10.2,0.45,3.49,0.74,0.051,7.7,43.8
PDS_M3_00367,-80.9465,-46.4495,71.7,18.7,9.6,0.49,3.32,1.3,0.181,4.4,43.5
PDS_M3_00368,-88.0421,97.9747,73.0,18.2,8.8,0.45,3.24,0.94,0.049,4.9,44.0
PDS_M3_00369,-89.3064,-118.6335,79.2,11.5,9.3,0.38,4.2,1.15,0.083,4.4,43.1
PDS_M3_00370,-88.9922,-41.5743,70.1,19.8,10.1,0.28,3.04,0.91,0.085,4.6,44.1
PDS_M3_00371,-89.8178,-55.0948,80.2,9.8,10.0,0.41,3.44,0.96,0.163,5.9,44.5
PDS_M3_00372,-89.0556,-24.5494,73.9,18.4,7.7,0.51,4.12,0.8,0.041,6.5,43.5
PDS_M3_00373,-83.1699,101.4407,74.4,17.4,8.2,0.47,2.92,0.74,0.049,5.1,43.4
PDS_M3_00374,-89.2881,-5.6977,71.5,20.1,8.4,0.67,3.81,2.14,0.051,6.5,44.0
PDS_M3_00375,-86.8102,105.8452,77.5,14.7,7.8,0.59,4.71,0.85,0.044,6.7,43.6
PDS_M3_00376,-81.5512,27.536,85.8,7.2,7.0,0.64,3.22,0.66,0.1,5.4,44.1
PDS_M3_00377,-89.7673,-56.855,79.1,13.2,7.7,0.15,4.84,1.44,0.056,4.0,43.9
PDS_M3_00378,-81.8553,111.5923,72.5,17.3,10.2,0.69,3.56,1.18,0.092,7.6,43.7
PDS_M3_00379,-87.1815,-94.2157,80.5,10.3,9.2,0.49,4.42,1.11,0.132,5.0,43.4
PDS_M3_00380,-88.8184,-99.2221,74.7,16.9,8.4,0.51,3.32,0.95,0.072,3.1,43.8
PDS_M3_00381,-83.0326,1.6211,81.5,9.1,9.4,0.58,4.56,0.98,0.128,5.3,43.5
PDS_M3_00382,-83.7106,-86.0943,79.2,10.8,10.0,0.45,3.96,1.01,0.13,6.5,43.5
PDS_M3_00383,-81.2253,-176.7287,64.2,27.4,8.4,0.29,4.57,1.44,0.058,6.7,43.6
PDS_M3_00384,-82.6493,53.3871,72.0,19.1,8.9,0.67,3.76,1.03,0.041,4.4,43.3
PDS_M3_00385,-81.9652,3.9938,79.8,12.9,7.3,0.33,4.64,1.44,0.047,3.6,43.5
PDS_M3_00386,-87.1797,-19.6136,76.6,14.0,9.4,0.3,4.88,1.08,0.144,6.2,43.8
PDS_M3_00387,-88.2256,168.1087,71.9,19.7,8.4,0.41,4.3,1.04,0.071,6.4,44.1
PDS_M3_00388,-82.4939,25.6317,73.5,17.8,8.7,0.39,3.82,0.79,0.15,7.1,44.5
PDS_M3_00389,-81.9317,130.8354,68.4,22.9,8.7,0.45,4.01,1.74,0.088,7.0,43.9
PDS_M3_00390,-80.0949,-129.7979,75.6,14.9,9.5,0.44,3.19,1.1,0.053,6.0,44.1
PDS_M3_00391,-85.8738,24.9143,84.8,5.9,9.3,0.65,4.36,1.1,0.115,4.7,44.0
PDS_M3_00392,-86.2798,132.4727,79.2,12.1,8.7,0.52,4.7,1.66,0.089,5.2,44.8
PDS_M3_00393,-82.2359,29.9181,84.8,8.1,7.1,0.32,5.45,1.22,0.066,5.5,44.0
PDS_M3_00394,-86.592,78.4851,79.5,11.0,9.5,0.34,5.25,1.26,0.046,4.7,43.8
PDS_M3_00395,-80.6924,-46.0643,80.1,9.4,10.5,0.39,3.42,1.12,0.046,7.1,44.0
PDS_M3_00396,-81.4159,-146.7182,83.9,6.0,10.1,0.39,4.37,0.87,0.053,7.0,44.0
PDS_M3_00397,-85.7101,-15.1559,77.5,11.6,10.9,0.37,4.09,1.47,0.107,4.1,43.2
PDS_M3_00398,-82.4913,-37.9874,75.3,17.1,7.6,0.28,5.17,0.68,0.118,5.4,43.4
PDS_M3_00399,-82.4546,132.1417,80.1,12.0,7.9,0.49,3.63,0.81,0.1,8.3,44.0
PDS_M3_00400,-88.9688,-92.1617,81.8,9.0,9.2,0.38,4.9,0.87,0.065,7.2,43.5
PDS_M3_00401,-80.9745,168.0243,74.1,18.0,7.9,0.31,3.41,1.18,0.075,6.0,43.9
PDS_M3_00402,-84.9475,164.9297,73.1,19.8,7.1,0.52,4.12,1.1,0.114,7.1,43.6
PDS_M3_00403,-81.7354,-90.8526,76.6,14.8,8.6,0.58,3.49,0.54,0.105,7.8,44.1
PDS_M3_00404,-86.7995,-54.7013,79.3,12.5,8.2,0.41,2.63,1.8,0.129,5.9,43.7
PDS_M3_00405,-81.0448,142.4001,79.2,12.7,8.1,0.72,3.48,1.33,0.057,4.2,44.0
PDS_M3_00406,-86.108,167.984,70.3,18.9,10.8,0.78,3.99,0.95,0.04,6.8,42.7
PDS_M3_00407,-89.8916,-20.3619,83.6,8.4,8.0,0.52,5.34,1.23,0.059,6.9,43.3
PDS_M3_00408,-80.9462,-64.4411,73.4,19.1,7.5,0.38,3.33,1.23,0.066,4.6,43.2
PDS_M3_00409,-89.0871,9.3938,74.9,17.6,7.5,0.49,3.72,1.0,0.22,6.1,43.7
PDS_M3_00410,-86.8069,67.5969,72.4,17.4,10.2,0.27,3.05,1.22,0.055,4.9,43.2
PDS_M3_00411,-80.4994,-81.5492,86.8,5.0,8.2,0.32,5.12,1.22,0.145,3.8,44.3
PDS_M3_00412,-80.4939,85.1303,77.0,15.5,7.5,0.2,3.83,1.43,0.098,6.1,43.8
PDS_M3_00413,-84.2656,-161.4034,72.6,19.5,7.9,0.36,3.93,1.12,0.051,7.5,43.4
PDS_M3_00414,-83.6816,-162.254,79.5,10.5,10.0,0.27,3.92,1.2,0.071,6.2,43.9
PDS_M3_00415,-85.5155,-40.9364,79.1,12.8,8.1,0.54,2.64,1.04,0.083,6.0,43.6
PDS_M3_00416,-87.0679,-52.7497,75.2,13.9,10.9,0.34,3.03,0.97,0.065,4.2,43.8
PDS_M3_00417,-86.7134,-66.372,79.4,11.4,9.2,0.49,3.44,0.87,0.055,6.6,43.6
PDS_M3_00418,-83.2748,-3.2329,72.7,19.5,7.8,0.56,4.69,0.86,0.057,5.1,43.7
PDS_M3_00419,-82.4763,-64.5359,74.0,15.6,10.4,0.63,2.2,0.96,0.093,4.9,44.1
PDS_M3_00420,-82.0842,-110.7871,68.0,23.7,8.3,0.4,4.63,1.03,0.11,6.9,42.9
PDS_M3_00421,-82.1038,-68.591,70.7,21.1,8.2,0.5,4.47,1.4,0.078,4.3,43.2
PDS_M3_00422,-89.0879,170.9655,83.2,8.5,8.3,0.5,2.75,0.99,0.211,5.5,43.7
PDS_M3_00423,-85.0558,-31.9992,82.6,7.3,10.1,0.64,3.95,1.0,0.118,4.4,44.0
PDS_M3_00424,-89.4244,-19.9034,76.3,16.0,7.7,0.57,5.13,1.01,0.173,5.4,44.0
PDS_M3_00425,-84.5047,27.5562,82.7,8.8,8.5,0.65,3.34,1.09,0.079,3.2,43.2
PDS_M3_00426,-85.5847,174.0027,75.4,17.5,7.1,0.2,3.76,1.61,0.041,6.4,43.6
PDS_M3_00427,-81.123,-93.0235,75.0,14.7,10.3,0.35,6.41,0.99,0.094,6.3,43.6
PDS_M3_00428,-86.4908,65.2616,76.2,15.4,8.4,0.6,4.46,1.27,0.142,8.4,44.0
PDS_M3_00429,-88.8293,77.7545,75.5,16.5,8.0,0.54,3.99,1.2,0.086,6.1,43.3
PDS_M3_00430,-88.5701,38.6368,75.1,15.6,9.3,0.43,3.82,1.12,0.09,4.7,43.9
PDS_M3_00431,-82.3849,-148.1118,80.6,9.6,9.8,0.38,4.5,0.81,0.22,7.0,43.9
PDS_M3_00432,-83.8178,63.674,76.6,13.1,10.3,0.57,4.75,1.26,0.067,7.0,44.4
PDS_M3_00433,-88.9888,-156.9259,78.8,12.8,8.4,0.15,2.48,0.52,0.137,7.4,44.6
PDS_M3_00434,-89.1589,34.6114,80.1,9.7,10.2,0.57,2.41,0.79,0.082,3.4,44.1
PDS_M3_00435,-82.9903,86.2492,77.6,13.5,8.9,0.46,3.4,0.94,0.077,5.0,43.6
PDS_M3_00436,-89.2724,-104.0508,72.1,20.5,7.4,0.38,4.08,1.03,0.049,4.7,43.7
PDS_M3_00437,-81.7814,122.9839,70.6,19.0,10.4,0.53,4.26,1.13,0.123,7.6,43.7
PDS_M3_00438,-82.9376,-169.0726,76.6,14.2,9.2,0.39,2.84,1.52,0.144,6.8,43.9
PDS_M3_00439,-89.1865,123.7726,75.3,15.3,9.4,0.45,4.04,1.29,0.074,7.2,43.8
PDS_M3_00440,-89.1516,-14.2815,76.3,13.0,10.7,0.44,4.14,1.15,0.127,4.5,43.9
PDS_M3_00441,-80.1336,-101.6683,75.9,14.9,9.2,0.56,3.52,1.0,0.092,6.0,44.1
PDS_M3_00442,-86.2573,-131.8399,86.3,6.7,7.0,0.47,3.77,1.0,0.058,3.8,44.9
PDS_M3_00443,-86.2936,163.1906,70.7,18.8,10.5,0.16,3.62,0.76,0.194,4.5,42.8
PDS_M3_00444,-81.872,-153.8404,68.0,23.9,8.1,0.24,4.57,0.47,0.112,5.9,43.9
PDS_M3_00445,-80.5275,-108.3264,77.3,13.7,9.0,0.29,4.21,0.72,0.166,6.1,43.8
PDS_M3_00446,-80.14,-54.784,74.5,17.7,7.8,0.52,3.29,1.45,0.06,6.3,43.3
PDS_M3_00447,-82.4662,43.2845,77.3,14.5,8.2,0.53,4.96,0.89,0.189,5.0,43.2
PDS_M3_00448,-86.2374,16.1284,78.3,12.0,9.7,0.7,3.11,0.94,0.067,6.3,43.9
PDS_M3_00449,-89.165,-134.7683,81.1,10.2,8.7,0.3,2.83,1.41,0.041,5.8,43.9
PDS_M3_00450,-82.2285,-75.6979,70.0,20.5,9.5,0.65,4.0,0.4,0.045,7.7,43.0
PDS_M3_00451,-84.416,-94.0494,73.8,15.9,10.3,0.16,4.0,0.92,0.046,5.3,43.6
PDS_M3_00452,-85.7578,-103.1246,77.7,13.9,8.4,0.45,4.26,0.77,0.054,3.6,44.1
PDS_M3_00453,-80.9365,-31.988,79.1,11.6,9.3,0.49,3.25,1.19,0.052,6.5,44.4
PDS_M3_00454,-88.888,73.4513,84.8,5.1,10.1,0.49,4.91,1.27,0.044,6.2,44.0
PDS_M3_00455,-85.0737,-101.7169,79.8,10.3,9.9,0.4,5.57,1.27,0.175,4.7,43.8
PDS_M3_00456,-89.8865,-47.9956,75.8,15.0,9.2,0.47,4.18,1.55,0.146,5.4,43.9
PDS_M3_00457,-85.3134,-39.2697,72.4,19.1,8.5,0.26,4.45,1.27,0.126,6.0,44.0
PDS_M3_00458,-89.437,171.5244,73.7,17.7,8.6,0.58,2.51,1.17,0.079,5.3,43.7
PDS_M3_00459,-88.8118,163.6799,73.6,17.7,8.7,0.49,3.85,1.83,0.073,4.5,43.7
PDS_M3_00460,-88.8247,108.0495,78.6,13.0,8.4,0.5,3.64,0.46,0.073,5.6,43.6
PDS_M3_00461,-83.5079,-93.0028,77.0,13.2,9.8,0.41,3.51,1.76,0.058,6.9,43.6
PDS_M3_00462,-82.5396,-155.5066,70.7,21.8,7.5,0.4,3.67,1.62,0.096,5.4,43.2
PDS_M3_00463,-84.1663,-65.9145,74.3,14.8,10.9,0.53,3.75,1.06,0.044,6.1,43.2
PDS_M3_00464,-80.3783,-83.954,79.5,10.4,10.1,0.69,3.04,0.89,0.105,5.6,43.3
PDS_M3_00465,-86.2513,2.1333,77.4,14.4,8.2,0.24,3.81,0.9,0.083,4.3,43.4
PDS_M3_00466,-87.1429,99.982,78.3,14.5,7.2,0.23,3.37,1.01,0.142,5.7,43.4
PDS_M3_00467,-81.314,128.9963,77.5,12.7,9.8,0.49,4.83,1.46,0.22,5.3,43.8
PDS_M3_00468,-87.764,124.1511,82.5,7.6,9.9,0.4,4.46,0.4,0.166,6.7,44.1
PDS_M3_00469,-80.3678,-50.5168,76.9,12.2,10.9,0.47,4.47,1.7,0.116,7.3,43.5
PDS_M3_00470,-89.8785,67.4044,74.5,17.5,8.0,0.45,4.98,1.1,0.074,6.9,43.3
PDS_M3_00471,-80.3012,-67.3797,72.3,20.4,7.3,0.54,3.54,1.45,0.054,4.9,44.4
PDS_M3_00472,-89.5684,-158.074,77.0,12.3,10.7,0.41,4.42,0.73,0.106,4.4,43.5
PDS_M3_00473,-81.0886,72.5635,66.2,25.8,8.0,0.27,5.06,1.32,0.054,4.0,43.1
PDS_M3_00474,-84.723,-176.4621,75.3,14.8,9.9,0.33,3.48,1.22,0.041,6.0,43.0
PDS_M3_00475,-80.0704,-32.6943,75.2,17.6,7.2,0.43,2.58,1.27,0.091,4.9,43.8
PDS_M3_00476,-89.262,-61.4235,70.5,19.5,10.0,0.26,3.65,0.89,0.07,4.5,44.2
PDS_M3_00477,-84.4615,69.6159,72.3,20.2,7.5,0.44,4.97,0.99,0.165,8.2,43.5
PDS_M3_00478,-80.307,95.8484,79.2,11.0,9.8,0.46,3.44,0.73,0.102,6.4,43.6
PDS_M3_00479,-84.769,-70.5259,76.9,14.0,9.1,0.4,3.83,1.33,0.103,6.2,43.8
PDS_M3_00480,-83.706,112.1857,76.4,12.8,10.8,0.48,3.58,1.5,0.133,6.1,43.8
PDS_M3_00481,-83.0425,-74.19,77.2,15.7,7.1,0.21,4.05,1.18,0.065,7.7,42.7
PDS_M3_00482,-85.4546,-19.3225,76.4,15.4,8.2,0.31,3.36,0.4,0.22,5.6,43.9
PDS_M3_00483,-83.7244,81.7267,81.0,11.7,7.3,0.28,3.01,1.51,0.055,6.5,44.6
PDS_M3_00484,-84.1569,69.4513,76.5,13.0,10.5,0.58,3.85,1.14,0.163,6.9,43.7
PDS_M3_00485,-80.9884,175.4527,70.2,20.4,9.4,0.8,3.98,0.4,0.185,8.0,43.4
PDS_M3_00486,-89.5455,-98.942,82.5,8.4,9.1,0.32,5.09,0.59,0.042,5.8,44.2
PDS_M3_00487,-87.1904,58.4344,77.5,15.0,7.5,0.41,4.25,0.78,0.1,7.3,44.0
PDS_M3_00488,-80.4959,39.4855,73.6,17.4,9.0,0.35,3.26,1.1,0.123,3.6,43.6
PDS_M3_00489,-81.0974,149.4354,71.0,20.4,8.6,0.48,3.61,0.79,0.22,8.3,43.8
PDS_M3_00490,-85.4434,-123.7096,77.6,14.1,8.3,0.36,4.77,0.83,0.057,6.3,44.0
PDS_M3_00491,-83.7987,90.6473,75.5,14.4,10.1,0.49,3.86,1.37,0.09,6.7,43.2
PDS_M3_00492,-87.2262,24.5767,82.3,10.5,7.2,0.55,3.33,1.46,0.129,4.3,43.4
PDS_M3_00493,-88.1188,-81.1203,74.6,15.8,9.6,0.27,4.27,1.38,0.05,4.2,43.1
PDS_M3_00494,-85.363,-9.2034,72.7,17.0,10.3,0.49,3.57,0.61,0.155,5.0,42.9
PDS_M3_00495,-86.4665,-59.8404,79.6,9.8,10.6,0.18,4.58,1.38,0.071,5.8,44.1
PDS_M3_00496,-84.1634,28.5528,79.7,10.3,10.0,0.41,4.49,0.96,0.101,5.5,44.1
PDS_M3_00497,-89.2227,140.0402,76.7,15.2,8.1,0.4,3.28,1.69,0.043,5.3,43.9
PDS_M3_00498,-80.2561,24.9498,78.7,11.9,9.4,0.42,5.63,1.18,0.055,5.6,44.4
PDS_M3_00499,-80.1379,47.4201,75.8,16.6,7.6,0.4,4.1,1.46,0.079,3.0,43.5
PDS_M3_00500,-83.0184,6.7492,76.9,15.6,7.5,0.38,2.07,1.27,0.06,6.3,43.4
PDS_M3_00501,-84.639,-161.5804,80.7,9.7,9.6,0.41,4.5,1.23,0.22,5.6,43.9
PDS_M3_00502,-86.9047,-96.1709,78.5,11.1,10.4,0.49,2.12,0.99,0.135,6.9,44.2
PDS_M3_00503,-81.862,-2.8794,75.3,17.4,7.3,0.49,5.03,1.46,0.16,5.2,43.4
PDS_M3_00504,-83.1527,-68.3153,81.4,11.2,7.4,0.47,4.25,1.38,0.078,5.4,44.6
PDS_M3_00505,-88.3738,-114.5651,66.5,24.2,9.3,0.36,4.08,1.0,0.079,6.0,43.3
PDS_M3_00506,-80.8907,1.4878,84.2,7.9,7.9,0.61,4.13,0.97,0.138,6.6,44.2
PDS_M3_00507,-81.7746,-63.7885,69.2,21.4,9.4,0.68,4.6,0.89,0.069,7.2,43.5
PDS_M3_00508,-80.502,-87.0812,73.5,18.6,7.9,0.26,3.75,1.35,0.079,5.8,43.4
PDS_M3_00509,-82.7428,-12.9652,75.8,16.7,7.5,0.47,4.12,1.17,0.085,6.3,44.0
PDS_M3_00510,-83.8658,-132.0177,75.4,15.4,9.2,0.38,4.23,1.19,0.096,5.8,42.2
PDS_M3_00511,-85.8176,153.9885,80.0,9.6,10.4,0.59,1.83,0.99,0.103,5.4,43.7
PDS_M3_00512,-80.6727,132.3728,71.8,18.5,9.7,0.45,4.61,1.54,0.109,3.5,43.8
PDS_M3_00513,-81.3394,74.7434,77.0,12.7,10.3,0.46,4.74,0.65,0.075,6.0,43.1
PDS_M3_00514,-89.5478,-141.763,73.7,18.2,8.1,0.52,4.49,1.33,0.061,4.7,43.3
PDS_M3_00515,-89.7363,99.3158,77.2,12.3,10.5,0.41,4.44,1.39,0.192,6.8,43.5
PDS_M3_00516,-86.2354,110.8646,75.7,15.8,8.5,0.7,5.41,1.0,0.145,4.8,43.5
PDS_M3_00517,-81.8945,96.3953,76.4,13.2,10.4,0.53,4.1,0.67,0.04,5.1,43.4
PDS_M3_00518,-80.1272,-138.9723,73.8,17.3,8.9,0.59,4.12,1.21,0.083,4.8,43.2
PDS_M3_00519,-88.4958,51.8069,74.0,17.9,8.1,0.42,3.61,1.46,0.059,6.4,43.6
PDS_M3_00520,-84.0587,120.3569,77.1,14.9,8.0,0.43,2.6,1.63,0.102,5.4,44.0
PDS_M3_00521,-86.1911,27.8472,79.8,10.9,9.3,0.57,4.5,1.3,0.082,6.5,43.9
PDS_M3_00522,-80.3009,52.7067,73.6,19.1,7.3,0.56,3.7,0.92,0.041,2.6,44.0
PDS_M3_00523,-81.5788,-14.9891,72.5,16.8,10.7,0.26,2.59,1.31,0.118,8.2,43.5
PDS_M3_00524,-81.6167,10.3346,78.5,13.4,8.1,0.47,4.07,1.25,0.059,4.6,44.3
PDS_M3_00525,-85.3131,-167.6243,75.9,15.8,8.3,0.52,4.05,1.2,0.058,6.7,43.1
PDS_M3_00526,-85.8518,50.0267,79.3,12.8,7.9,0.43,3.95,0.83,0.042,6.4,44.3
PDS_M3_00527,-87.2659,-150.679,72.4,20.6,7.0,0.51,4.24,1.28,0.146,6.7,44.0
PDS_M3_00528,-89.4362,-23.3947,68.9,21.3,9.8,0.44,2.88,1.24,0.092,4.8,42.8
PDS_M3_00529,-81.3528,-74.6442,73.9,16.7,9.4,0.11,4.93,1.83,0.08,5.4,43.8
PDS_M3_00530,-81.871,16.3541,72.9,16.9,10.2,0.25,4.48,1.13,0.108,6.3,43.5
PDS_M3_00531,-80.0028,-131.9701,75.7,17.1,7.2,0.6,5.13,1.61,0.065,5.8,43.6
PDS_M3_00532,-80.0336,68.9916,73.5,15.8,10.7,0.41,3.69,1.52,0.091,4.7,43.6
PDS_M3_00533,-84.4457,106.2042,79.0,12.7,8.3,0.48,4.48,1.11,0.057,6.5,43.5
PDS_M3_00534,-82.3101,-121.1924,74.8,14.5,10.7,0.45,2.64,1.47,0.044,8.5,44.0
PDS_M3_00535,-80.5523,-142.4473,76.6,16.0,7.4,0.33,3.47,0.86,0.089,5.3,43.7
PDS_M3_00536,-81.5035,-127.6144,76.6,13.4,10.0,0.38,3.03,1.04,0.055,6.4,43.2
PDS_M3_00537,-87.5265,135.7659,76.8,13.9,9.3,0.5,4.34,0.94,0.123,6.1,43.7
PDS_M3_00538,-85.4946,10.1481,75.9,15.7,8.4,0.51,3.25,1.05,0.076,5.4,43.5
PDS_M3_00539,-88.7084,-11.786,78.0,14.7,7.3,0.78,3.78,0.5,0.057,6.8,44.0
PDS_M3_00540,-80.4595,-141.5837,72.8,17.8,9.4,0.38,4.13,1.64,0.096,6.8,43.0
PDS_M3_00541,-83.9383,53.8402,81.6,11.3,7.1,0.7,3.81,1.01,0.047,5.1,44.7
PDS_M3_00542,-87.7136,132.4799,75.1,15.9,9.0,0.32,3.08,1.34,0.126,7.5,43.7
PDS_M3_00543,-83.283,118.1469,70.8,19.8,9.4,0.52,5.45,1.17,0.076,5.8,43.0
PDS_M3_00544,-83.8187,45.3797,76.8,13.3,9.9,0.48,4.22,1.02,0.14,7.1,43.6
PDS_M3_00545,-86.4184,-152.8997,72.6,16.4,11.0,0.43,5.46,0.72,0.049,6.2,43.3
PDS_M3_00546,-88.8644,-139.5371,78.7,13.3,8.0,0.45,3.31,0.83,0.069,5.8,43.4
PDS_M3_00547,-83.2843,-162.2488,84.8,6.9,8.3,0.36,3.83,1.03,0.052,5.8,44.1
PDS_M3_00548,-84.7969,-87.3075,72.9,18.7,8.4,0.59,4.2,0.96,0.044,6.6,44.4
PDS_M3_00549,-82.2768,-131.1619,77.3,12.8,9.9,0.32,5.36,0.81,0.22,4.5,44.5
PDS_M3_00550,-84.7984,-86.3827,69.0,20.3,10.7,0.5,5.45,0.89,0.118,6.2,43.5
PDS_M3_00551,-81.4782,-41.3791,77.8,11.3,10.9,0.56,3.78,1.24,0.064,7.4,43.4
PDS_M3_00552,-84.4809,159.4738,72.5,16.7,10.8,0.66,3.55,1.36,0.057,6.4,43.6
PDS_M3_00553,-84.3906,39.7354,73.5,16.0,10.5,0.6,4.13,0.75,0.054,3.7,43.9
PDS_M3_00554,-81.2335,120.5906,71.6,17.4,11.0,0.54,5.09,0.84,0.043,4.1,43.6
PDS_M3_00555,-85.9652,75.7265,78.9,12.6,8.5,0.35,4.24,1.16,0.046,5.8,44.1
PDS_M3_00556,-88.6598,-139.4989,80.0,9.2,10.8,0.33,4.39,1.05,0.047,4.9,44.0
PDS_M3_00557,-89.7122,84.9313,76.1,13.9,10.0,0.28,5.08,0.99,0.106,6.9,43.8
PDS_M3_00558,-82.4486,-80.9644,72.5,19.8,7.7,0.26,4.96,1.38,0.094,5.2,43.1
PDS_M3_00559,-83.7969,50.0788,82.4,10.4,7.2,0.45,4.99,1.16,0.09,6.5,43.8
PDS_M3_00560,-82.9592,-57.2537,73.0,19.1,7.9,0.34,4.7,0.61,0.12,8.1,44.3
PDS_M3_00561,-87.8704,179.162,67.4,22.5,10.1,0.63,5.28,0.86,0.057,5.8,43.6
PDS_M3_00562,-88.6363,-85.1215,77.8,12.7,9.5,0.36,3.23,0.6,0.065,4.6,44.2
PDS_M3_00563,-89.8546,-79.513,71.6,20.5,7.9,0.46,6.0,1.05,0.048,6.3,44.3
PDS_M3_00564,-86.4941,155.042,80.0,10.0,10.0,0.41,5.05,0.7,0.093,6.1,43.3
PDS_M3_00565,-84.1008,-171.128,74.5,17.9,7.6,0.24,4.07,0.57,0.202,6.1,44.6
PDS_M3_00566,-86.0776,70.808,78.4,11.3,10.3,0.61,5.09,0.48,0.159,7.4,44.1
PDS_M3_00567,-85.6253,81.1175,81.6,8.2,10.2,0.55,3.92,1.7,0.089,4.4,44.3
PDS_M3_00568,-80.9584,121.0963,71.2,17.9,10.9,0.57,4.58,0.69,0.102,7.0,43.2
PDS_M3_00569,-86.5174,170.7982,73.7,18.7,7.6,0.54,4.67,1.01,0.22,5.1,43.9
PDS_M3_00570,-84.8601,171.2167,75.7,13.7,10.6,0.34,4.89,1.12,0.084,7.5,43.3
PDS_M3_00571,-82.1635,-156.5004,82.2,9.4,8.4,0.34,3.83,1.14,0.163,3.3,43.9
PDS_M3_00572,-86.0346,115.8622,73.4,17.9,8.7,0.52,4.91,1.29,0.082,8.5,43.7
PDS_M3_00573,-83.7791,52.6716,73.6,17.5,8.9,0.68,3.85,1.08,0.043,5.5,43.5
PDS_M3_00574,-81.3764,53.0432,77.9,12.6,9.5,0.51,4.78,0.96,0.204,4.3,44.2
PDS_M3_00575,-80.5048,-133.794,73.7,15.3,11.0,0.6,4.19,1.17,0.047,6.9,43.4
PDS_M3_00576,-88.5293,54.0674,76.6,14.0,9.4,0.37,2.74,1.16,0.113,6.4,42.9
PDS_M3_00577,-80.7341,173.6937,69.8,19.5,10.7,0.61,3.61,1.12,0.056,6.3,43.3
PDS_M3_00578,-85.0788,148.2547,84.9,7.1,8.0,0.39,4.88,1.29,0.179,6.9,44.5
PDS_M3_00579,-87.4176,-21.913,70.6,20.8,8.6,0.49,3.96,0.91,0.053,5.8,44.5
PDS_M3_00580,-85.4086,-165.6187,74.7,16.3,9.0,0.4,5.17,1.04,0.049,5.4,44.1
PDS_M3_00581,-80.1997,-49.5743,75.9,15.8,8.3,0.58,3.23,0.7,0.075,4.4,44.1
PDS_M3_00582,-85.0738,117.5005,83.7,5.4,10.9,0.59,4.76,1.03,0.081,5.7,43.8
PDS_M3_00583,-86.7125,72.5397,70.7,19.4,9.9,0.23,4.16,0.91,0.143,5.2,44.4
PDS_M3_00584,-83.666,-14.6363,83.9,7.2,8.9,0.65,4.0,1.42,0.126,5.8,44.2
PDS_M3_00585,-87.5985,-160.1634,79.0,11.0,10.0,0.81,3.26,0.66,0.064,5.9,44.1
PDS_M3_00586,-89.2414,-26.3179,77.7,13.4,8.9,0.4,4.37,0.96,0.069,7.9,44.0
PDS_M3_00587,-88.7112,-11.151,72.1,20.8,7.1,0.43,3.39,0.94,0.092,4.9,43.1
PDS_M3_00588,-88.7195,154.28,78.3,12.5,9.2,0.64,3.69,1.3,0.088,5.6,43.9
PDS_M3_00589,-88.481,50.791,73.1,17.4,9.5,0.46,4.09,0.72,0.159,5.3,43.0
PDS_M3_00590,-88.6117,-67.805,81.1,8.0,10.9,0.45,3.91,1.1,0.078,4.1,44.2
PDS_M3_00591,-83.5913,9.1146,72.1,20.7,7.2,0.73,5.02,1.12,0.174,9.3,43.7
PDS_M3_00592,-88.1812,-156.2201,75.5,15.5,9.0,0.25,2.13,1.38,0.054,4.7,43.4
PDS_M3_00593,-86.5433,170.1246,73.8,18.8,7.4,0.33,4.06,0.84,0.161,6.2,44.0
PDS_M3_00594,-81.0321,-50.3784,72.0,20.4,7.6,0.51,3.91,0.71,0.062,7.8,43.4
PDS_M3_00595,-85.2604,-7.9678,79.0,11.6,9.4,0.21,4.19,1.24,0.133,4.3,43.6
PDS_M3_00596,-83.3244,-52.0978,78.1,14.0,7.9,0.39,3.76,0.68,0.09,6.9,43.9
PDS_M3_00597,-88.2768,65.7042,80.8,9.2,10.0,0.39,5.02,0.94,0.165,4.0,43.8
PDS_M3_00598,-88.0771,58.4036,68.9,22.0,9.1,0.59,3.99,1.03,0.056,4.8,43.5
PDS_M3_00599,-89.5913,77.516,80.3,11.8,7.9,0.55,4.31,1.28,0.113,6.5,44.2
PDS_M3_00600,-88.3106,-83.4684,86.0,5.0,9.0,0.2,4.91,0.64,0.153,5.5,43.7
PDS_M3_00601,-87.2141,-66.3593,74.2,18.8,7.0,0.35,4.24,1.01,0.13,7.5,43.3
PDS_M3_00602,-88.2299,-134.9096,83.6,5.9,10.5,0.35,3.18,1.11,0.09,6.0,43.8
PDS_M3_00603,-89.113,55.9836,74.9,18.0,7.1,0.42,3.86,0.84,0.108,6.4,43.6
PDS_M3_00604,-88.7936,-165.673,70.5,22.5,7.0,0.29,4.1,0.99,0.053,5.0,43.7
PDS_M3_00605,-85.3922,35.1656,74.8,15.8,9.4,0.52,2.88,1.37,0.055,4.6,44.4
PDS_M3_00606,-87.9367,133.0905,80.2,8.9,10.9,0.35,3.63,0.95,0.059,4.4,43.8
PDS_M3_00607,-86.3573,140.6996,72.6,17.0,10.4,0.54,4.15,0.99,0.146,4.7,43.6
PDS_M3_00608,-84.9658,-18.3464,73.6,18.4,8.0,0.45,5.81,1.37,0.051,5.0,43.3
PDS_M3_00609,-83.0961,-14.6507,78.4,13.8,7.8,0.3,4.5,1.03,0.061,7.2,43.4
PDS_M3_00610,-89.6069,-152.2911,76.0,14.5,9.5,0.66,4.33,1.5,0.192,6.3,43.9
PDS_M3_00611,-82.0059,61.4754,78.3,11.4,10.3,0.66,5.55,0.61,0.124,4.3,43.8
PDS_M3_00612,-83.721,115.6534,77.0,14.6,8.4,0.49,4.67,1.02,0.119,5.3,44.2
PDS_M3_00613,-89.1824,-91.9242,77.9,13.4,8.7,0.41,4.78,1.33,0.076,5.8,44.2
PDS_M3_00614,-81.2642,-28.3317,74.3,18.2,7.5,0.29,3.87,0.88,0.113,9.3,43.9
PDS_M3_00615,-80.7913,121.9822,76.9,15.5,7.6,0.61,3.19,1.03,0.09,5.8,43.1
PDS_M3_00616,-89.3892,135.7634,72.3,18.4,9.3,0.57,4.41,1.48,0.044,6.3,43.8
PDS_M3_00617,-87.2312,-92.4552,81.2,11.4,7.4,0.33,5.66,0.87,0.092,4.6,43.5
PDS_M3_00618,-81.938,18.2054,73.5,18.7,7.8,0.35,5.41,1.24,0.076,6.7,42.8
PDS_M3_00619,-82.5174,-110.7025,80.5,11.6,7.9,0.52,4.73,1.32,0.047,7.5,43.9
PDS_M3_00620,-88.1548,-143.3236,75.1,16.1,8.8,0.27,3.65,1.12,0.065,5.6,44.2
PDS_M3_00621,-87.9065,148.0034,76.8,16.0,7.2,0.36,2.96,1.11,0.175,6.5,44.0
PDS_M3_00622,-86.2953,115.3827,74.0,17.0,9.0,0.29,3.54,0.79,0.138,6.5,43.2
PDS_M3_00623,-85.1548,93.6126,71.9,17.4,10.7,0.3,4.37,1.32,0.187,5.9,44.6
PDS_M3_00624,-83.8175,-162.4441,69.0,23.9,7.1,0.34,3.82,0.72,0.116,7.3,43.7
PDS_M3_00625,-86.3109,123.7424,71.8,18.7,9.5,0.59,5.0,1.22,0.1,4.8,43.2
PDS_M3_00626,-85.3747,-22.3041,74.7,15.0,10.3,0.19,3.01,0.94,0.049,4.8,42.8
PDS_M3_00627,-82.5253,-56.7378,76.8,15.0,8.2,0.52,4.1,0.98,0.047,5.8,43.6
PDS_M3_00628,-89.6332,16.7315,80.0,12.5,7.5,0.49,3.59,1.04,0.057,5.4,43.0
PDS_M3_00629,-87.4756,-147.1128,74.2,18.6,7.2,0.6,4.99,1.25,0.063,2.3,43.2
PDS_M3_00630,-82.8665,92.3928,72.5,17.9,9.6,0.49,4.63,1.57,0.096,4.9,42.9
PDS_M3_00631,-81.0479,29.6766,70.2,20.6,9.2,0.39,3.54,1.13,0.166,3.2,43.2
PDS_M3_00632,-84.8832,-112.8276,77.9,14.2,7.9,0.33,4.88,0.88,0.173,5.4,43.5
PDS_M3_00633,-84.6789,-112.2364,81.5,8.2,10.3,0.6,2.9,0.67,0.109,6.7,43.5
PDS_M3_00634,-88.9283,-113.6705,81.1,9.0,9.9,0.52,2.77,1.45,0.091,5.9,44.8
PDS_M3_00635,-85.5259,-159.4791,78.8,13.1,8.1,0.38,3.49,1.15,0.057,6.0,43.7
PDS_M3_00636,-84.6738,31.6074,78.6,11.4,10.0,0.59,2.61,1.03,0.207,5.6,44.3
PDS_M3_00637,-87.5753,122.5253,82.8,9.2,8.0,0.38,4.11,1.12,0.107,6.1,44.1
PDS_M3_00638,-87.3076,-173.7006,77.3,13.0,9.7,0.45,4.14,1.33,0.086,9.2,43.6
PDS_M3_00639,-86.2272,-162.3583,78.6,13.9,7.5,0.36,3.88,0.98,0.047,5.4,43.6
PDS_M3_00640,-89.7993,26.1973,74.7,15.5,9.8,0.53,4.63,0.9,0.145,5.8,44.2
PDS_M3_00641,-86.7792,115.0184,70.6,21.4,8.0,0.3,3.62,0.71,0.066,4.8,43.1
PDS_M3_00642,-87.8855,-62.374,73.3,17.4,9.3,0.41,3.16,0.78,0.179,3.5,43.3
PDS_M3_00643,-86.725,-54.1388,76.0,16.3,7.7,0.35,3.56,1.0,0.051,6.1,43.4
PDS_M3_00644,-88.8024,34.6847,76.2,13.9,9.9,0.49,3.22,1.42,0.043,7.2,43.7
PDS_M3_00645,-81.0947,-81.2834,83.7,9.1,7.2,0.51,3.71,0.95,0.074,8.6,43.6
PDS_M3_00646,-84.0641,-170.421,76.3,16.0,7.7,0.28,4.68,1.18,0.045,5.6,44.0
PDS_M3_00647,-83.209,84.6823,80.7,11.6,7.7,0.51,2.79,1.44,0.044,5.5,44.3
PDS_M3_00648,-82.1083,45.234,74.3,18.5,7.2,0.23,3.93,1.21,0.115,6.9,43.3
PDS_M3_00649,-85.0156,29.0722,74.8,15.2,10.0,0.78,4.97,1.69,0.058,7.9,43.8
PDS_M3_00650,-89.1308,87.0063,70.7,18.4,10.9,0.37,5.06,1.12,0.101,4.3,43.1
PDS_M3_00651,-84.6289,63.0831,73.0,16.9,10.1,0.61,3.65,1.05,0.091,6.6,43.6
PDS_M3_00652,-84.1316,-105.8825,78.1,11.5,10.4,0.48,5.97,0.99,0.049,8.0,44.2
PDS_M3_00653,-82.5456,-53.1068,76.0,17.0,7.0,0.49,3.36,1.7,0.069,5.5,43.7
PDS_M3_00654,-85.6834,-134.6003,79.8,12.7,7.5,0.28,4.02,1.47,0.044,4.4,43.8
PDS_M3_00655,-88.7242,-133.2515,76.7,14.1,9.2,0.58,3.26,0.66,0.073,6.7,44.6
PDS_M3_00656,-87.1622,63.4305,74.6,14.5,10.9,0.46,4.55,1.73,0.052,4.2,43.8
PDS_M3_00657,-86.3692,129.096,84.6,5.8,9.6,0.52,6.44,1.25,0.046,7.2,43.6
PDS_M3_00658,-83.5408,166.5837,75.6,15.9,8.5,0.44,5.67,1.14,0.063,8.2,43.3
PDS_M3_00659,-84.2922,46.205,80.7,11.7,7.6,0.47,4.88,1.26,0.04,5.2,44.7
PDS_M3_00660,-86.439,-113.7235,74.4,18.0,7.6,0.32,3.71,0.81,0.125,7.8,43.3
PDS_M3_00661,-80.1348,-141.9659,78.8,12.7,8.5,0.43,4.07,1.16,0.05,6.6,43.5
PDS_M3_00662,-83.9423,112.6263,79.7,10.4,9.9,0.39,5.09,1.01,0.099,7.5,43.8
PDS_M3_00663,-87.6277,28.3523,76.8,16.1,7.1,0.34,4.8,0.99,0.147,5.0,44.0
PDS_M3_00664,-88.9822,42.5826,66.6,23.0,10.4,0.47,4.27,1.39,0.19,6.5,42.8
PDS_M3_00665,-88.4714,101.3264,76.1,13.1,10.8,0.5,4.31,1.02,0.089,6.1,43.6
PDS_M3_00666,-87.5404,73.1798,80.9,8.5,10.6,0.49,5.04,1.13,0.133,4.9,43.3
PDS_M3_00667,-88.3932,120.405,78.1,11.2,10.7,0.43,5.24,1.2,0.076,5.4,43.7
PDS_M3_00668,-88.1343,-159.763,77.8,15.1,7.1,0.51,3.0,1.38,0.08,6.5,44.1
PDS_M3_00669,-87.149,89.1074,69.1,20.0,10.9,0.49,4.38,1.48,0.087,4.5,43.3
PDS_M3_00670,-88.2663,126.307,73.1,18.4,8.5,0.46,4.66,1.1,0.107,4.4,44.3
PDS_M3_00671,-81.0323,-76.9914,77.6,11.9,10.5,0.47,3.77,0.99,0.107,4.3,43.4
PDS_M3_00672,-89.1977,50.561,77.6,14.7,7.7,0.63,5.22,1.67,0.132,4.9,43.8
PDS_M3_00673,-84.7549,-66.9017,80.9,10.3,8.8,0.27,3.97,0.4,0.098,6.1,44.4
PDS_M3_00674,-85.896,164.8696,75.4,17.4,7.2,0.4,5.25,1.36,0.169,5.2,44.0
PDS_M3_00675,-80.1762,-167.9675,77.6,15.2,7.2,0.5,3.91,1.06,0.114,7.3,44.8
PDS_M3_00676,-88.8796,28.7254,76.1,13.1,10.8,0.21,4.41,1.27,0.199,4.1,43.8
PDS_M3_00677,-86.0214,-120.0587,72.1,17.7,10.2,0.66,4.39,1.11,0.123,6.4,43.2
PDS_M3_00678,-80.3053,76.3993,67.0,23.9,9.1,0.49,5.53,1.48,0.121,5.4,43.4
PDS_M3_00679,-81.3449,-116.6795,77.7,13.2,9.1,0.59,4.79,1.23,0.158,5.7,43.4
PDS_M3_00680,-81.8293,-95.262,76.7,13.3,10.0,0.62,3.83,0.67,0.104,6.6,43.7
PDS_M3_00681,-87.421,-2.0265,73.5,18.1,8.4,0.51,3.98,0.66,0.052,2.6,44.1
PDS_M3_00682,-88.2911,149.3406,69.5,20.5,10.0,0.12,3.98,1.04,0.045,3.2,43.7
PDS_M3_00683,-83.3136,-103.7828,78.5,12.6,8.9,0.47,4.21,1.28,0.063,5.7,43.7
PDS_M3_00684,-80.7062,-128.0736,74.9,15.5,9.6,0.48,3.44,1.49,0.141,5.5,43.3
PDS_M3_00685,-84.4324,93.2317,78.2,10.9,10.9,0.29,4.13,0.9,0.041,4.1,43.9
PDS_M3_00686,-84.2839,0.223,83.5,7.6,8.9,0.18,5.29,0.44,0.05,8.2,44.1
PDS_M3_00687,-87.2002,148.2426,67.4,23.9,8.7,0.52,5.26,1.23,0.047,4.4,42.9
PDS_M3_00688,-82.3051,-127.2188,73.2,16.2,10.6,0.26,2.95,1.11,0.042,5.2,43.2
PDS_M3_00689,-88.1296,52.534,75.2,14.2,10.6,0.76,2.82,1.14,0.14,7.2,43.5
PDS_M3_00690,-86.7632,-96.1635,81.8,7.2,11.0,0.49,3.73,0.77,0.06,5.0,43.3
PDS_M3_00691,-85.7456,-123.5662,69.5,21.3,9.2,0.65,2.78,1.46,0.118,4.8,42.7
PDS_M3_00692,-84.9239,66.0346,83.7,7.9,8.4,0.45,3.19,0.86,0.049,6.3,43.5
PDS_M3_00693,-87.5759,33.7265,76.5,15.5,8.0,0.56,4.48,1.19,0.072,4.9,43.8
PDS_M3_00694,-88.8516,91.7379,75.6,17.3,7.1,0.46,4.17,1.18,0.047,6.3,43.7
PDS_M3_00695,-83.8938,-68.5935,75.2,14.9,9.9,0.6,2.82,1.26,0.04,6.4,43.5
PDS_M3_00696,-87.1137,-18.7302,74.3,17.8,7.9,0.14,5.14,0.88,0.097,6.3,43.2
PDS_M3_00697,-84.1876,-34.0302,80.2,10.4,9.4,0.58,3.86,0.82,0.079,7.2,44.0
PDS_M3_00698,-88.4564,174.2722,71.7,17.6,10.7,0.55,3.79,1.36,0.072,5.3,43.6
PDS_M3_00699,-85.1886,-74.7904,77.4,11.8,10.8,0.43,5.01,1.27,0.045,5.2,44.2
PDS_M3_00700,-84.6741,-73.8658,74.5,18.5,7.0,0.39,4.53,1.2,0.093,5.7,42.6
PDS_M3_00701,-89.4818,-52.3626,73.0,18.7,8.3,0.41,4.17,1.44,0.131,2.4,42.9
PDS_M3_00702,-86.634,23.2539,86.3,5.0,8.7,0.49,3.8,1.2,0.044,6.1,44.4
PDS_M3_00703,-88.6559,-89.1638,77.7,13.2,9.1,0.63,4.66,0.99,0.072,5.4,43.9
PDS_M3_00704,-89.3663,149.5044,78.5,11.3,10.2,0.37,3.85,1.26,0.062,6.3,44.1
PDS_M3_00705,-80.1004,-84.3532,80.6,9.0,10.4,0.19,4.02,1.24,0.173,4.7,43.5
PDS_M3_00706,-86.7765,142.4937,70.3,20.9,8.8,0.82,3.26,1.24,0.058,7.4,43.3
PDS_M3_00707,-81.9013,-142.749,83.0,8.6,8.4,0.55,5.11,0.84,0.213,5.6,43.4
PDS_M3_00708,-87.4536,56.3626,66.0,25.2,8.8,0.39,5.44,0.81,0.146,6.8,42.4
PDS_M3_00709,-83.185,146.5148,72.9,17.5,9.6,0.63,4.37,1.36,0.046,5.2,43.6
PDS_M3_00710,-82.3977,-119.2502,74.2,17.3,8.5,0.59,3.81,1.06,0.079,6.4,44.2
PDS_M3_00711,-84.0436,168.5977,78.3,11.6,10.1,0.52,4.95,0.52,0.103,3.9,43.7
PDS_M3_00712,-85.2842,-16.962,76.9,12.5,10.6,0.38,4.67,0.69,0.094,3.2,43.4
PDS_M3_00713,-85.8816,160.4574,75.3,16.6,8.1,0.55,3.84,0.7,0.108,5.6,43.2
PDS_M3_00714,-86.5113,63.6552,76.0,13.1,10.9,0.61,5.12,1.42,0.073,5.8,44.1
PDS_M3_00715,-80.7047,-71.4287,72.1,18.4,9.5,0.19,3.86,1.09,0.181,5.7,43.6
PDS_M3_00716,-81.6938,-112.2111,70.0,19.5,10.5,0.48,3.17,1.11,0.059,5.5,43.5
PDS_M3_00717,-80.3497,-70.6554,78.9,13.7,7.4,0.49,4.15,0.99,0.046,5.3,43.2
PDS_M3_00718,-88.757,-146.5137,78.8,13.2,8.0,0.49,5.07,0.78,0.22,6.6,43.4
PDS_M3_00719,-82.6913,-128.2075,82.3,9.4,8.3,0.46,4.28,1.33,0.103,7.9,44.2
PDS_M3_00720,-80.6166,-142.3222,72.8,19.0,8.2,0.63,3.26,1.3,0.105,8.9,43.3
PDS_M3_00721,-88.1877,-27.7403,78.8,13.5,7.7,0.42,3.88,0.89,0.142,7.1,43.5
PDS_M3_00722,-89.335,106.4082,74.9,14.6,10.5,0.45,5.16,1.52,0.073,3.1,44.6
PDS_M3_00723,-82.5888,-129.1019,80.8,10.5,8.7,0.5,4.42,1.32,0.069,7.1,43.9
PDS_M3_00724,-84.2553,-133.0846,80.1,9.0,10.9,0.42,4.18,0.84,0.219,7.0,43.7
PDS_M3_00725,-81.5817,51.6344,76.8,13.9,9.3,0.24,4.1,1.01,0.069,5.7,43.6
PDS_M3_00726,-88.6023,-109.0141,74.6,17.8,7.6,0.48,5.06,0.99,0.045,6.9,43.3
PDS_M3_00727,-82.0473,-144.8604,79.8,11.0,9.2,0.48,5.01,1.19,0.062,6.2,43.8
PDS_M3_00728,-87.9837,-119.9345,78.6,10.4,11.0,0.4,3.08,0.67,0.164,5.8,44.5
PDS_M3_00729,-88.3634,152.5433,73.3,17.4,9.3,0.43,4.95,0.89,0.046,6.1,43.7
PDS_M3_00730,-88.3573,115.7297,70.7,22.3,7.0,0.1,4.61,1.34,0.116,5.1,42.8
PDS_M3_00731,-81.8543,-52.5368,74.8,14.5,10.7,0.63,5.47,0.62,0.059,3.6,43.4
PDS_M3_00732,-83.348,56.0955,82.1,10.0,7.9,0.59,4.14,1.04,0.122,3.5,43.9
PDS_M3_00733,-84.7693,13.4192,80.6,9.6,9.8,0.25,5.11,0.73,0.083,6.9,43.2
PDS_M3_00734,-86.4117,63.7647,71.6,19.3,9.1,0.35,4.58,1.37,0.101,4.6,43.3
PDS_M3_00735,-81.228,65.7616,71.3,20.4,8.3,0.67,3.31,1.2,0.057,4.0,43.1
PDS_M3_00736,-86.0755,46.3442,81.1,10.8,8.1,0.28,5.02,0.66,0.051,3.9,43.7
PDS_M3_00737,-81.834,-84.2035,71.5,17.8,10.7,0.52,4.85,0.79,0.044,5.2,43.5
PDS_M3_00738,-85.6087,-165.9577,78.0,11.4,10.6,0.38,3.68,1.1,0.145,7.6,44.0
PDS_M3_00739,-86.2306,-15.996,73.5,17.4,9.1,0.51,4.43,0.41,0.114,5.6,43.1
PDS_M3_00740,-85.3732,140.7506,82.5,9.5,8.0,0.46,5.89,0.77,0.061,4.1,43.9
PDS_M3_00741,-86.9862,25.019,72.9,19.7,7.4,0.41,3.81,0.85,0.149,7.6,43.4
PDS_M3_00742,-82.5239,119.6608,80.6,11.8,7.6,0.51,4.78,1.49,0.148,6.2,43.7
PDS_M3_00743,-84.9728,176.9848,76.7,14.2,9.1,0.38,3.32,0.93,0.049,5.4,43.4
PDS_M3_00744,-87.6779,-121.0982,77.0,14.8,8.2,0.18,3.74,1.3,0.115,6.4,43.7
PDS_M3_00745,-81.0043,69.04,68.1,24.7,7.2,0.31,4.85,0.96,0.061,5.8,43.6
PDS_M3_00746,-86.1611,62.7457,67.2,24.0,8.8,0.29,4.41,1.32,0.078,4.9,42.8
PDS_M3_00747,-84.5645,172.784,75.1,14.9,10.0,0.21,4.04,0.63,0.074,5.1,44.3
PDS_M3_00748,-80.9353,174.8163,77.0,12.4,10.6,0.51,5.56,0.88,0.095,4.3,44.1
PDS_M3_00749,-83.7576,67.2043,71.5,19.2,9.3,0.42,3.46,1.07,0.066,5.2,42.9
PDS_M3_00750,-88.831,-92.2987,71.6,18.5,9.9,0.5,4.08,1.15,0.045,6.9,44.1
PDS_M3_00751,-80.6017,107.4801,78.2,13.3,8.5,0.53,4.59,1.2,0.107,6.9,44.3
PDS_M3_00752,-83.7229,-141.4695,78.3,12.7,9.0,0.56,3.5,1.16,0.22,5.6,43.5
PDS_M3_00753,-86.6509,101.0517,75.4,14.7,9.9,0.51,4.61,1.25,0.106,5.6,43.7
PDS_M3_00754,-88.6073,147.6706,79.1,11.0,9.9,0.3,5.06,1.1,0.087,4.6,43.8
PDS_M3_00755,-82.0597,-42.18,71.3,20.0,8.7,0.54,4.11,1.15,0.051,6.3,42.9
PDS_M3_00756,-83.7993,47.0287,74.6,16.2,9.2,0.48,3.65,0.8,0.099,4.1,44.0
PDS_M3_00757,-84.6654,-25.1486,82.6,6.7,10.7,0.78,3.95,0.61,0.097,6.8,43.1
PDS_M3_00758,-81.0611,-22.4046,76.3,14.2,9.5,0.45,2.06,0.76,0.098,6.3,43.8
PDS_M3_00759,-82.114,-68.2665,76.5,13.9,9.6,0.51,5.0,0.59,0.174,5.5,44.3
PDS_M3_00760,-88.4833,94.3667,85.2,5.0,9.8,0.44,4.41,1.17,0.116,6.3,43.3
PDS_M3_00761,-86.8828,157.0236,70.4,22.1,7.5,0.46,4.06,1.38,0.132,5.4,43.3
PDS_M3_00762,-87.5151,158.6703,79.2,11.7,9.1,0.45,2.87,0.82,0.063,6.0,44.2
PDS_M3_00763,-82.5605,-117.0787,82.7,6.5,10.8,0.38,5.09,1.4,0.059,6.1,44.1
PDS_M3_00764,-89.6647,134.9077,74.7,16.9,8.4,0.48,3.85,1.24,0.054,7.2,43.9
PDS_M3_00765,-84.3011,85.4753,79.4,12.4,8.2,0.54,4.65,0.93,0.13,6.4,43.5
PDS_M3_00766,-82.3754,-88.9785,72.1,18.5,9.4,0.39,4.19,1.0,0.112,7.1,43.1
PDS_M3_00767,-81.2323,-155.7775,73.3,18.8,7.9,0.58,2.91,1.43,0.065,6.3,43.5
PDS_M3_00768,-86.5792,-83.521,77.5,13.3,9.2,0.56,5.21,0.4,0.049,5.7,43.8
PDS_M3_00769,-81.7874,148.395,79.2,13.2,7.6,0.32,5.06,1.43,0.153,6.4,44.0
PDS_M3_00770,-88.8937,47.9443,80.5,10.2,9.3,0.31,4.81,1.37,0.069,6.2,44.0
PDS_M3_00771,-81.5355,79.5797,82.3,8.3,9.4,0.52,4.45,0.92,0.053,5.4,44.3
PDS_M3_00772,-88.7251,-87.4252,75.7,15.6,8.7,0.36,3.24,1.07,0.049,4.1,43.7
PDS_M3_00773,-86.0271,78.9797,80.8,10.7,8.5,0.29,4.9,1.59,0.191,5.2,43.4
PDS_M3_00774,-82.027,-169.8763,74.6,17.4,8.0,0.71,5.96,0.71,0.048,5.2,43.1
PDS_M3_00775,-88.5008,-44.8843,79.6,12.1,8.3,0.31,4.29,1.05,0.067,6.5,44.1
PDS_M3_00776,-87.7075,45.6312,76.8,14.2,9.0,0.22,4.31,1.29,0.1,5.7,44.1
PDS_M3_00777,-82.7775,-127.4052,77.8,14.2,8.0,0.33,3.32,1.16,0.071,4.8,44.5
PDS_M3_00778,-82.7996,116.2813,77.7,12.2,10.1,0.48,2.54,1.12,0.079,5.6,44.7
PDS_M3_00779,-83.5885,-95.3887,69.6,20.6,9.8,0.46,3.91,1.65,0.137,5.4,43.8
PDS_M3_00780,-83.0605,54.8212,71.5,20.4,8.1,0.73,5.39,0.77,0.22,4.7,43.6
PDS_M3_00781,-84.5728,-34.129,76.4,16.2,7.4,0.33,5.28,0.78,0.078,7.6,43.5
PDS_M3_00782,-87.482,34.5757,69.3,23.7,7.0,0.49,4.15,0.4,0.069,5.6,43.1
PDS_M3_00783,-86.543,-141.3178,79.3,11.3,9.4,0.62,4.54,0.78,0.071,4.8,43.8
PDS_M3_00784,-88.184,-173.9114,79.5,12.7,7.8,0.35,3.23,0.9,0.068,3.8,43.7
PDS_M3_00785,-80.9155,147.4432,77.3,15.6,7.1,0.56,4.29,1.2,0.079,5.9,44.5
PDS_M3_00786,-84.1661,-82.9332,71.5,20.1,8.4,0.18,3.78,1.39,0.064,6.4,43.7
PDS_M3_00787,-85.9915,115.0837,81.5,7.7,10.8,0.71,4.24,0.81,0.077,5.0,43.8
PDS_M3_00788,-85.3799,179.7661,84.1,6.1,9.8,0.6,3.98,1.06,0.215,6.0,43.6
PDS_M3_00789,-80.5272,-103.8847,76.6,13.0,10.4,0.35,3.97,1.52,0.06,4.5,43.9
PDS_M3_00790,-88.4665,-84.5385,78.0,14.4,7.6,0.57,5.0,1.04,0.103,5.5,43.8
PDS_M3_00791,-84.1377,58.6295,76.8,15.9,7.3,0.65,5.77,1.26,0.08,7.1,43.5
PDS_M3_00792,-84.9411,167.5615,78.1,14.9,7.0,0.26,4.06,1.44,0.119,5.5,43.5
PDS_M3_00793,-83.8855,149.6932,75.5,13.7,10.8,0.36,5.33,0.82,0.078,5.0,43.9
PDS_M3_00794,-89.8189,1.0352,75.9,15.9,8.2,0.65,3.21,0.76,0.05,7.4,43.5
PDS_M3_00795,-81.2788,106.2397,79.6,11.6,8.8,0.46,4.13,1.59,0.164,6.0,43.7
PDS_M3_00796,-80.6788,-131.1315,85.4,6.0,8.6,0.52,3.16,1.27,0.108,5.2,43.8
PDS_M3_00797,-84.3487,171.8777,70.4,19.7,9.9,0.46,3.95,0.7,0.085,4.8,44.6
PDS_M3_00798,-83.0335,167.1672,75.6,16.2,8.2,0.58,4.77,0.78,0.147,4.4,43.7
PDS_M3_00799,-80.775,-121.0576,71.3,19.6,9.1,0.53,5.09,1.04,0.22,6.3,43.2
PDS_M3_00800,-82.9276,-72.2077,82.4,6.6,11.0,0.47,3.58,1.52,0.072,6.7,42.9
PDS_M3_00801,-88.4746,-143.9442,73.6,17.6,8.8,0.13,4.57,1.39,0.066,5.8,42.9
PDS_M3_00802,-84.2371,-82.1817,70.2,20.6,9.2,0.55,5.18,1.42,0.124,5.6,43.3
PDS_M3_00803,-83.9328,113.7441,78.6,12.4,9.0,0.56,5.07,0.97,0.076,6.5,44.4
PDS_M3_00804,-85.7587,-43.8064,83.0,6.8,10.2,0.26,4.41,1.1,0.045,4.1,44.8
PDS_M3_00805,-82.6356,-148.1771,78.7,13.2,8.1,0.27,3.73,0.86,0.066,5.9,43.7
PDS_M3_00806,-80.6563,-56.7988,76.8,15.5,7.7,0.53,3.65,0.98,0.139,5.8,43.8
PDS_M3_00807,-80.7443,173.298,77.6,12.4,10.0,0.48,3.53,0.76,0.114,6.3,43.6
PDS_M3_00808,-85.4916,46.6861,81.7,9.6,8.7,0.15,4.17,0.84,0.159,6.4,44.0
PDS_M3_00809,-88.8676,-30.1821,72.5,16.8,10.7,0.33,3.54,0.88,0.05,5.3,43.4
PDS_M3_00810,-80.1516,-120.0461,75.6,14.8,9.6,0.5,4.74,1.06,0.057,8.0,43.4
PDS_M3_00811,-81.611,175.0236,74.2,16.5,9.3,0.55,4.38,1.23,0.055,4.5,43.3
PDS_M3_00812,-88.7534,115.5056,71.3,21.4,7.3,0.36,4.35,1.6,0.22,5.2,43.8
PDS_M3_00813,-80.7916,-78.6682,74.7,15.4,9.9,0.43,2.73,0.99,0.051,6.8,44.1
PDS_M3_00814,-81.301,-154.7753,80.4,9.9,9.7,0.32,4.22,1.28,0.095,5.0,43.6
PDS_M3_00815,-84.8116,-159.6148,78.3,12.1,9.6,0.65,3.83,1.05,0.1,5.9,44.0
PDS_M3_00816,-84.0872,-136.6639,78.6,13.3,8.1,0.48,5.93,1.39,0.098,5.2,43.8
PDS_M3_00817,-86.01,29.0767,76.6,12.6,10.8,0.35,3.18,0.72,0.111,5.3,43.5
PDS_M3_00818,-89.4524,154.3548,78.1,13.6,8.3,0.28,4.04,0.94,0.08,4.2,44.0
PDS_M3_00819,-86.648,-1.1724,72.8,19.6,7.6,0.26,4.51,1.3,0.045,6.7,44.1
PDS_M3_00820,-81.9715,123.4604,74.8,14.3,10.9,0.72,3.42,1.27,0.112,6.7,43.3
PDS_M3_00821,-89.9537,-19.4808,76.8,13.2,10.0,0.42,5.74,1.28,0.06,6.7,43.6
PDS_M3_00822,-86.665,75.0901,77.1,14.2,8.7,0.39,5.76,1.52,0.045,5.3,44.3
PDS_M3_00823,-86.0183,83.4742,77.3,12.0,10.7,0.42,3.51,0.58,0.051,6.2,43.7
PDS_M3_00824,-84.626,-117.3731,75.4,17.2,7.4,0.36,3.73,0.72,0.06,8.2,43.3
PDS_M3_00825,-80.8014,-49.9622,74.5,18.1,7.4,0.43,5.92,1.27,0.074,6.1,43.7
PDS_M3_00826,-86.5365,49.4288,88.6,5.0,6.4,0.46,5.32,1.34,0.159,4.4,44.1
PDS_M3_00827,-86.5305,-154.5492,79.6,12.7,7.7,0.45,3.9,1.3,0.086,4.8,44.2
PDS_M3_00828,-82.625,-49.8455,77.7,11.6,10.7,0.26,4.55,1.91,0.078,4.7,43.7
PDS_M3_00829,-85.4778,12.5278,75.1,14.5,10.4,0.58,3.09,0.83,0.053,7.4,43.6
PDS_M3_00830,-87.754,178.6408,74.2,17.6,8.2,0.37,5.96,1.21,0.22,6.3,43.6
PDS_M3_00831,-85.4756,-9.1679,75.5,13.9,10.6,0.35,4.26,1.08,0.183,3.9,43.7
PDS_M3_00832,-88.5914,113.7804,77.2,15.6,7.2,0.34,4.67,1.29,0.142,7.4,44.3
PDS_M3_00833,-88.2361,-24.4558,68.5,22.3,9.2,0.29,3.45,1.21,0.063,6.5,43.7
PDS_M3_00834,-85.0163,106.7007,69.7,19.6,10.7,0.49,3.29,0.94,0.089,6.0,43.0
PDS_M3_00835,-85.8107,34.3493,73.5,16.1,10.4,0.58,4.56,1.22,0.07,7.6,43.7
PDS_M3_00836,-80.8515,139.1744,76.8,14.8,8.4,0.34,5.73,1.13,0.071,5.5,43.8
PDS_M3_00837,-86.3761,-32.0607,75.0,17.3,7.7,0.17,3.77,1.14,0.044,7.4,43.8
PDS_M3_00838,-84.1941,37.5496,81.9,10.3,7.8,0.3,3.42,1.44,0.049,3.1,43.3
PDS_M3_00839,-83.6774,46.8067,70.1,20.8,9.1,0.38,4.44,1.84,0.22,4.9,43.5
PDS_M3_00840,-89.8691,-29.7421,73.0,17.6,9.4,0.27,5.51,0.53,0.097,6.8,43.3
PDS_M3_00841,-83.3646,-128.0477,82.1,10.8,7.1,0.36,3.69,1.49,0.04,7.8,43.3
PDS_M3_00842,-88.2196,-146.3186,76.5,14.8,8.7,0.37,4.0,1.29,0.139,4.3,44.2
PDS_M3_00843,-80.3893,-173.9982,79.5,10.2,10.3,0.45,4.87,0.88,0.045,5.3,43.7
PDS_M3_00844,-88.5134,134.4723,84.2,7.0,8.8,0.23,4.96,0.99,0.114,6.0,43.8
PDS_M3_00845,-85.8538,-94.869,73.2,19.1,7.7,0.54,3.97,1.36,0.098,4.7,43.9
PDS_M3_00846,-89.1465,-103.8576,75.6,13.6,10.8,0.7,5.08,1.12,0.044,5.5,44.1
PDS_M3_00847,-80.0313,84.9727,74.9,17.0,8.1,0.66,4.62,1.09,0.085,7.7,43.5
PDS_M3_00848,-84.978,-64.7942,68.2,21.6,10.2,0.36,4.21,0.89,0.043,4.6,43.4
PDS_M3_00849,-84.0461,2.1761,74.8,17.4,7.8,0.55,4.92,0.87,0.044,5.5,43.2
PDS_M3_00850,-89.3292,-121.496,79.5,11.8,8.7,0.53,4.81,0.81,0.043,6.1,43.4
PDS_M3_00851,-82.5004,165.5085,78.2,12.8,9.0,0.44,3.36,0.95,0.058,6.4,44.3
PDS_M3_00852,-87.9009,126.5693,78.5,12.5,9.0,0.48,5.39,1.06,0.137,4.8,43.8
PDS_M3_00853,-81.0195,130.9643,74.5,16.4,9.1,0.55,4.48,1.21,0.067,5.6,44.0
PDS_M3_00854,-87.9486,-33.5615,73.4,18.7,7.9,0.58,5.3,0.85,0.101,5.5,43.5
PDS_M3_00855,-88.0931,94.45,81.1,9.8,9.1,0.33,4.24,1.33,0.048,6.2,44.0
PDS_M3_00856,-89.6345,-128.2046,74.0,17.1,8.9,0.56,4.4,0.83,0.202,4.4,42.9
PDS_M3_00857,-85.2793,-176.8972,77.2,15.0,7.8,0.7,4.52,1.33,0.082,7.3,44.0
PDS_M3_00858,-84.3516,-172.8097,76.7,12.3,11.0,0.58,4.64,0.84,0.041,6.1,43.7
PDS_M3_00859,-89.3429,31.1766,81.8,7.7,10.5,0.68,5.42,1.71,0.086,7.1,43.7
PDS_M3_00860,-82.2447,-16.0578,79.9,9.5,10.6,0.1,4.57,1.29,0.052,5.1,44.0
PDS_M3_00861,-85.4671,6.4855,70.8,19.5,9.7,0.54,4.18,1.35,0.053,4.3,43.9
PDS_M3_00862,-84.7561,-177.3133,71.2,21.2,7.6,0.49,5.01,1.05,0.095,4.7,43.3
PDS_M3_00863,-85.5924,-27.8328,78.3,12.4,9.3,0.6,4.54,1.28,0.055,6.6,43.3
PDS_M3_00864,-85.9924,78.5045,75.7,14.0,10.3,0.28,6.56,0.72,0.054,5.3,44.3
PDS_M3_00865,-84.4036,-20.6303,74.2,18.6,7.2,0.37,4.43,0.81,0.087,3.9,43.5
PDS_M3_00866,-88.4476,83.5989,80.1,10.9,9.0,0.59,5.19,1.01,0.056,6.0,43.0
PDS_M3_00867,-88.1807,-96.1132,76.7,14.7,8.6,0.29,4.91,1.56,0.047,5.4,43.5
PDS_M3_00868,-81.3821,112.7311,76.2,16.0,7.8,0.49,2.56,1.4,0.071,5.4,43.8
PDS_M3_00869,-80.5388,31.8352,79.1,12.4,8.5,0.45,3.61,0.43,0.043,3.7,43.7
PDS_M3_00870,-86.2669,-104.1253,74.5,14.6,10.9,0.42,3.85,0.8,0.181,4.0,43.6
PDS_M3_00871,-87.2926,-94.7806,82.3,7.8,9.9,0.54,3.0,1.07,0.076,5.1,43.7
PDS_M3_00872,-83.56,46.091,72.8,19.0,8.2,0.28,3.88,1.48,0.041,4.7,43.4
PDS_M3_00873,-85.9127,118.7783,78.6,12.0,9.4,0.33,3.1,1.17,0.055,5.1,43.2
PDS_M3_00874,-89.7461,-30.374,81.7,10.3,8.0,0.43,3.31,0.4,0.22,6.8,43.3
PDS_M3_00875,-88.4385,-87.0118,70.5,20.1,9.4,0.27,4.39,0.75,0.081,4.5,43.6
PDS_M3_00876,-82.8403,132.1242,74.6,14.8,10.6,0.63,5.74,1.32,0.067,4.7,44.1
PDS_M3_00877,-83.4108,60.9366,80.6,10.2,9.2,0.33,3.11,1.16,0.063,5.2,43.7
PDS_M3_00878,-89.729,-18.6892,80.6,9.5,9.9,0.57,3.23,1.14,0.072,4.6,44.4
PDS_M3_00879,-87.7803,-4.3559,75.3,15.9,8.8,0.32,3.77,1.43,0.054,5.5,44.1
PDS_M3_00880,-87.6893,-106.4677,73.1,17.8,9.1,0.56,4.08,1.0,0.123,7.0,43.5
PDS_M3_00881,-83.2811,45.6489,79.8,10.4,9.8,0.21,2.97,1.31,0.083,5.5,44.0
PDS_M3_00882,-89.8029,-50.8527,80.7,9.1,10.2,0.66,3.64,1.59,0.124,6.1,44.0
PDS_M3_00883,-88.9589,178.4323,71.3,19.1,9.6,0.62,3.57,1.17,0.058,3.0,43.3
PDS_M3_00884,-82.0008,-7.1339,71.2,17.9,10.9,0.37,4.45,0.83,0.04,5.9,42.6
PDS_M3_00885,-88.2146,-5.0812,76.9,12.8,10.3,0.33,4.54,0.97,0.22,7.6,43.7
PDS_M3_00886,-83.4725,23.7066,78.5,11.4,10.1,0.52,4.08,0.83,0.083,5.9,44.0
PDS_M3_00887,-87.6182,150.0322,74.8,14.8,10.4,0.22,3.9,0.43,0.045,6.0,43.4
PDS_M3_00888,-89.0056,108.2945,78.7,13.2,8.1,0.46,3.63,0.86,0.047,6.1,44.6
PDS_M3_00889,-87.5683,-17.5932,73.2,18.1,8.7,0.33,4.24,1.29,0.074,7.7,44.0
PDS_M3_00890,-82.7773,78.7317,67.5,23.2,9.3,0.41,3.42,1.1,0.111,7.4,42.8
PDS_M3_00891,-81.443,31.0448,74.3,16.9,8.8,0.35,5.44,1.51,0.07,4.6,43.5
PDS_M3_00892,-81.6978,-2.7479,76.3,13.3,10.4,0.33,3.0,1.14,0.143,7.2,43.3
PDS_M3_00893,-86.0282,-110.7663,74.9,18.0,7.1,0.71,3.67,1.37,0.064,7.5,43.5
PDS_M3_00894,-83.3191,-12.9829,71.4,20.8,7.8,0.57,4.89,0.57,0.043,3.7,43.8
PDS_M3_00895,-87.9502,-91.5053,68.7,20.8,10.5,0.23,3.88,0.97,0.04,5.8,43.3
PDS_M3_00896,-87.0685,149.3432,73.9,18.9,7.2,0.32,4.74,1.02,0.158,6.4,43.4
PDS_M3_00897,-81.0366,-59.2535,79.6,12.5,7.9,0.58,5.57,0.85,0.22,2.4,43.8
PDS_M3_00898,-89.87,162.815,81.0,10.6,8.4,0.6,4.87,1.56,0.049,5.0,44.1
PDS_M3_00899,-89.1449,11.8999,80.8,9.2,10.0,0.24,3.24,0.52,0.044,4.9,44.1
PDS_M3_00900,-87.9211,47.356,72.7,18.1,9.2,0.55,3.28,1.07,0.187,5.0,43.8
PDS_M3_00901,-89.7347,15.4586,71.4,17.8,10.8,0.49,4.05,1.44,0.046,7.1,44.0
PDS_M3_00902,-88.1856,-133.423,78.0,14.1,7.9,0.16,4.55,1.33,0.056,5.7,43.7
PDS_M3_00903,-84.1696,-44.7044,78.5,11.0,10.5,0.39,5.16,0.99,0.137,6.3,43.6
PDS_M3_00904,-85.7858,-144.3074,77.6,14.3,8.1,0.43,3.57,0.83,0.22,5.9,43.7
PDS_M3_00905,-81.0733,44.2635,67.9,24.1,8.0,0.46,3.81,1.43,0.08,8.8,43.1
PDS_M3_00906,-81.8256,-19.1253,72.5,18.5,9.0,0.25,4.0,0.94,0.054,7.0,43.2
PDS_M3_00907,-86.5818,100.0746,75.9,16.8,7.3,0.34,3.98,0.85,0.153,5.8,44.0
PDS_M3_00908,-87.4058,-100.6306,77.9,13.6,8.5,0.36,5.4,1.4,0.07,5.5,44.1
PDS_M3_00909,-86.2031,-120.7562,79.1,12.5,8.4,0.37,4.12,1.19,0.059,5.0,42.7
PDS_M3_00910,-84.0971,-33.7204,76.6,15.8,7.6,0.37,4.32,0.99,0.08,4.6,44.1
PDS_M3_00911,-87.3194,153.5707,77.3,12.3,10.4,0.43,4.93,1.2,0.156,4.4,43.5
PDS_M3_00912,-83.7585,75.7519,76.3,15.2,8.5,0.5,5.47,1.23,0.056,7.0,43.4
PDS_M3_00913,-85.9059,-29.1875,78.7,10.4,10.9,0.72,4.17,1.08,0.073,4.7,43.6
PDS_M3_00914,-84.4795,6.218,77.3,12.1,10.6,0.58,5.21,1.15,0.075,6.6,43.2
PDS_M3_00915,-85.6387,-149.6833,76.3,15.9,7.8,0.65,5.66,0.45,0.147,5.2,43.6
PDS_M3_00916,-87.0553,174.4473,74.9,16.1,9.0,0.38,4.11,1.07,0.108,4.9,44.4
PDS_M3_00917,-80.5155,59.9066,76.3,14.3,9.4,0.3,3.75,0.91,0.131,5.4,43.1
PDS_M3_00918,-82.3639,-77.2545,77.9,11.8,10.3,0.57,5.95,0.86,0.111,8.0,44.0
PDS_M3_00919,-88.5989,30.891,77.1,12.4,10.5,0.45,5.1,0.89,0.094,9.4,44.1
PDS_M3_00920,-81.3153,-140.5863,77.5,13.0,9.5,0.56,4.21,0.95,0.049,5.4,43.9
PDS_M3_00921,-85.1257,167.7012,81.4,11.5,7.1,0.32,4.72,1.01,0.147,5.3,44.5
PDS_M3_00922,-81.0545,-117.0774,77.1,14.0,8.9,0.55,3.36,1.15,0.096,6.9,44.1
PDS_M3_00923,-82.0014,53.2909,73.4,16.1,10.5,0.42,5.09,0.88,0.112,6.0,43.8
PDS_M3_00924,-85.7479,-91.6364,79.5,10.6,9.9,0.38,2.76,1.26,0.131,5.0,44.2
PDS_M3_00925,-89.7753,78.3221,70.5,19.0,10.5,0.39,5.06,1.32,0.062,6.4,43.9
PDS_M3_00926,-87.3132,99.6557,71.7,18.6,9.7,0.52,3.62,1.32,0.075,6.7,43.4
PDS_M3_00927,-84.5837,62.4311,77.3,15.5,7.2,0.57,2.88,1.38,0.087,5.5,44.0
PDS_M3_00928,-83.6652,41.2198,78.1,11.0,10.9,0.4,2.6,0.93,0.065,5.5,43.6
PDS_M3_00929,-87.4211,141.2889,71.0,18.3,10.7,0.5,3.82,1.02,0.058,7.9,43.0
PDS_M3_00930,-88.6064,-151.6944,74.5,18.0,7.5,0.5,4.77,1.17,0.13,4.8,44.3
PDS_M3_00931,-81.6507,-60.8707,73.6,18.9,7.5,0.56,3.09,0.97,0.124,5.2,43.4
PDS_M3_00932,-80.156,-90.6165,74.1,16.7,9.2,0.6,3.21,0.75,0.147,5.2,44.0
PDS_M3_00933,-84.7431,175.685,79.8,10.2,10.0,0.72,3.8,0.95,0.112,7.8,44.0
PDS_M3_00934,-88.2832,-39.8197,78.8,12.7,8.5,0.38,4.85,1.59,0.062,3.4,43.4
PDS_M3_00935,-87.2769,83.7406,75.9,16.6,7.5,0.67,4.95,0.88,0.064,6.8,43.3
PDS_M3_00936,-89.8161,66.5011,73.8,17.2,9.0,0.47,4.31,0.86,0.085,5.8,43.7
PDS_M3_00937,-80.857,-103.6508,70.6,21.0,8.4,0.29,4.99,0.94,0.148,8.0,43.6
PDS_M3_00938,-88.8225,-93.9608,81.7,9.9,8.4,0.35,4.75,1.27,0.066,6.2,43.7
PDS_M3_00939,-84.2348,-78.7376,78.4,12.0,9.6,0.52,3.87,1.2,0.127,3.2,43.1
PDS_M3_00940,-87.2594,-31.9942,73.2,16.3,10.5,0.56,4.93,1.31,0.062,7.7,43.9
PDS_M3_00941,-84.4582,-95.643,78.9,11.9,9.2,0.3,3.17,1.86,0.065,5.5,42.6
PDS_M3_00942,-83.4858,-172.9255,75.7,14.5,9.8,0.34,4.59,1.35,0.124,3.4,43.8
PDS_M3_00943,-81.7026,136.5815,74.9,15.5,9.6,0.37,3.27,1.37,0.108,5.3,44.1
PDS_M3_00944,-87.9358,167.6195,77.7,13.1,9.2,0.32,4.31,1.96,0.054,5.8,43.0
PDS_M3_00945,-89.89,-57.0347,73.0,18.8,8.2,0.17,5.17,1.25,0.145,4.5,43.6
PDS_M3_00946,-88.6311,-58.1375,74.6,16.9,8.5,0.12,4.37,0.98,0.132,4.0,43.5
PDS_M3_00947,-80.9998,-177.4469,76.5,15.2,8.3,0.39,4.19,1.01,0.136,6.2,43.8
PDS_M3_00948,-81.2611,64.8902,74.0,15.3,10.7,0.49,4.38,1.42,0.078,4.3,44.0
PDS_M3_00949,-84.0259,117.1584,78.7,11.0,10.3,0.55,4.73,0.72,0.064,4.6,43.2
PDS_M3_00950,-83.9948,-127.221,83.5,7.2,9.3,0.25,5.91,0.52,0.154,7.4,43.8
PDS_M3_00951,-83.3496,-122.5201,73.0,16.4,10.6,0.25,4.72,0.85,0.093,5.4,43.5
PDS_M3_00952,-88.2463,104.43,69.3,20.2,10.5,0.37,3.8,1.35,0.2,4.3,42.6
PDS_M3_00953,-80.8559,41.8647,68.0,21.3,10.7,0.45,4.03,1.28,0.058,4.7,43.6
PDS_M3_00954,-85.8123,-163.8502,75.4,16.7,7.9,0.6,3.48,1.05,0.22,6.3,44.3
PDS_M3_00955,-86.1686,44.1169,73.3,16.8,9.9,0.56,3.21,1.42,0.069,6.3,43.8
PDS_M3_00956,-84.8108,-68.7896,76.8,13.8,9.4,0.39,2.25,1.28,0.069,6.6,43.7
PDS_M3_00957,-89.5303,-47.2589,76.5,13.6,9.9,0.5,3.83,1.2,0.056,6.8,44.0
PDS_M3_00958,-88.3372,97.1033,69.6,22.3,8.1,0.32,3.08,1.09,0.22,6.2,43.2
PDS_M3_00959,-82.6197,111.9367,68.7,21.5,9.8,0.46,4.28,1.37,0.042,6.5,43.1
PDS_M3_00960,-89.172,-35.8716,77.2,14.2,8.6,0.44,3.79,1.33,0.078,5.2,43.9
PDS_M3_00961,-83.9685,160.9751,76.5,13.2,10.3,0.66,3.33,1.02,0.067,4.5,43.8
PDS_M3_00962,-87.5465,-33.6734,74.3,15.5,10.2,0.52,2.52,1.34,0.05,7.4,43.7
PDS_M3_00963,-86.107,97.861,69.4,22.8,7.8,0.33,3.92,0.9,0.115,6.9,43.1
PDS_M3_00964,-87.1131,-5.8042,77.9,14.4,7.7,0.34,2.8,1.17,0.177,5.5,43.1
PDS_M3_00965,-86.4433,143.1116,81.1,9.0,9.9,0.4,4.76,1.22,0.057,5.0,43.4
PDS_M3_00966,-82.8095,146.794,77.1,13.7,9.2,0.22,4.4,1.0,0.081,8.5,43.4
PDS_M3_00967,-87.0288,-148.5299,72.6,18.2,9.2,0.42,4.02,1.14,0.092,4.7,42.7
PDS_M3_00968,-84.336,157.1376,76.2,13.8,10.0,0.43,5.36,1.28,0.07,6.1,43.9
PDS_M3_00969,-85.2395,117.1925,70.5,19.1,10.4,0.52,4.21,0.78,0.193,5.0,43.0
PDS_M3_00970,-83.3633,104.8719,80.2,11.8,8.0,0.54,4.51,1.16,0.077,5.3,43.3
PDS_M3_00971,-80.6317,-107.6719,76.3,14.5,9.2,0.46,4.75,1.76,0.22,4.9,43.6
PDS_M3_00972,-82.6743,109.8429,68.9,20.8,10.3,0.21,3.79,0.85,0.061,3.2,43.0
PDS_M3_00973,-87.8506,126.0478,74.8,14.7,10.5,0.27,3.79,1.41,0.045,6.3,43.0
PDS_M3_00974,-89.6882,-75.9059,77.9,14.0,8.1,0.36,4.23,1.07,0.091,6.6,43.1
PDS_M3_00975,-87.3774,162.8136,74.7,17.9,7.4,0.55,3.12,1.45,0.144,5.0,43.8
PDS_M3_00976,-84.0492,-162.0503,74.9,17.2,7.9,0.54,5.63,0.88,0.069,8.9,43.5
PDS_M3_00977,-89.4857,-126.0327,71.1,18.1,10.8,0.41,4.33,1.1,0.052,6.1,42.9
PDS_M3_00978,-85.0363,13.5292,78.3,12.9,8.8,0.8,4.04,1.76,0.12,6.0,44.3
PDS_M3_00979,-84.0316,27.2853,73.4,17.9,8.7,0.68,5.87,1.05,0.059,6.3,43.3
PDS_M3_00980,-86.6576,52.254,67.4,25.5,7.1,0.64,3.32,1.29,0.128,5.1,43.6
PDS_M3_00981,-82.2909,-173.8911,74.5,18.3,7.2,0.56,5.43,1.28,0.058,4.6,43.6
PDS_M3_00982,-88.934,165.732,79.9,10.4,9.7,0.52,4.85,0.49,0.089,4.9,43.8
PDS_M3_00983,-89.2486,-163.9483,74.5,16.1,9.4,0.51,5.09,1.23,0.171,5.1,43.6
PDS_M3_00984,-82.7181,-128.4977,83.0,7.7,9.3,0.18,4.06,0.73,0.054,6.5,43.4
PDS_M3_00985,-85.0451,-174.9548,77.7,14.9,7.4,0.29,4.24,1.29,0.143,5.3,44.6
PDS_M3_00986,-83.116,24.069,77.4,14.2,8.4,0.42,3.93,1.14,0.059,6.5,43.4
PDS_M3_00987,-85.6517,155.6161,75.5,14.3,10.2,0.47,5.0,0.77,0.105,4.3,44.0
PDS_M3_00988,-87.536,59.741,75.7,16.6,7.7,0.43,4.51,0.74,0.057,5.0,43.3
PDS_M3_00989,-81.809,116.1567,74.9,14.6,10.5,0.49,3.75,1.08,0.047,4.9,43.2
PDS_M3_00990,-82.0058,-175.2188,74.8,17.7,7.5,0.13,3.79,1.84,0.105,2.0,44.2
PDS_M3_00991,-83.053,15.1255,78.1,14.2,7.7,0.53,4.19,1.59,0.094,5.3,44.4
PDS_M3_00992,-87.2785,-14.5573,72.3,18.8,8.9,0.46,3.93,1.21,0.071,4.6,43.7
PDS_M3_00993,-84.0977,-0.3715,71.7,17.5,10.8,0.42,5.35,1.25,0.042,6.3,43.8
PDS_M3_00994,-86.3903,-154.0033,71.5,20.2,8.3,0.59,4.85,1.28,0.079,6.7,43.0
PDS_M3_00995,-89.0842,66.3967,84.2,6.2,9.6,0.29,4.84,0.94,0.05,4.1,44.2
PDS_M3_00996,-80.8269,1.1593,78.1,12.5,9.4,0.41,4.39,0.89,0.067,5.5,44.0
PDS_M3_00997,-88.6318,95.4536,77.2,15.2,7.6,0.49,3.54,1.36,0.093,4.3,43.9
PDS_M3_00998,-80.4976,-5.2954,71.8,20.2,8.0,0.32,4.76,0.92,0.208,6.2,44.2
PDS_M3_00999,-85.5399,-126.2226,78.5,10.8,10.7,0.15,2.52,1.53,0.083,5.0,42.8
PDS_M3_01000,-88.1487,53.3725,75.5,16.8,7.7,0.28,4.34,0.69,0.053,5.2,43.6
PDS_M3_01001,-84.581,-117.9409,76.9,13.3,9.8,0.44,3.55,0.83,0.215,5.5,44.3
PDS_M3_01002,-81.2705,134.062,72.1,17.0,10.9,0.41,3.49,1.52,0.042,6.1,43.1
PDS_M3_01003,-82.6778,40.7218,76.6,15.9,7.5,0.45,3.83,1.01,0.102,5.9,43.9
PDS_M3_01004,-81.9344,-123.4066,74.3,17.1,8.6,0.35,4.13,1.06,0.058,6.3,43.4
PDS_M3_01005,-83.4122,166.4417,72.9,19.2,7.9,0.25,4.18,1.29,0.125,6.7,43.6
PDS_M3_01006,-83.0772,6.6116,78.9,13.2,7.9,0.47,4.83,1.45,0.064,5.6,43.3
PDS_M3_01007,-81.508,-153.7566,69.8,22.7,7.5,0.43,4.06,1.28,0.074,4.6,44.3
PDS_M3_01008,-87.5033,45.6598,78.3,12.1,9.6,0.55,4.12,1.19,0.128,3.9,43.3
PDS_M3_01009,-85.1058,-88.8484,78.7,11.3,10.0,0.34,3.08,1.34,0.177,4.9,43.7
PDS_M3_01010,-87.7879,109.3296,72.5,17.8,9.7,0.15,3.19,1.22,0.052,6.1,43.4
PDS_M3_01011,-80.1233,114.4159,72.7,16.6,10.7,0.1,4.43,1.43,0.061,4.1,44.0
PDS_M3_01012,-80.5594,172.421,75.1,17.3,7.6,0.39,4.7,1.96,0.04,7.1,43.7
PDS_M3_01013,-89.6057,0.673,77.1,14.6,8.3,0.47,3.99,1.25,0.157,4.5,43.1
PDS_M3_01014,-82.9442,-16.2155,75.4,16.2,8.4,0.42,4.95,0.84,0.216,5.7,43.4
PDS_M3_01015,-80.7475,91.2512,77.7,14.4,7.9,0.37,3.07,1.41,0.06,7.6,42.9
PDS_M3_01016,-88.1942,-132.3106,83.1,9.3,7.6,0.21,4.52,1.06,0.069,5.6,43.9
PDS_M3_01017,-84.3205,16.8896,74.0,17.1,8.9,0.17,3.52,1.2,0.074,4.5,44.3
PDS_M3_01018,-80.8451,16.6491,69.1,20.6,10.3,0.51,3.46,1.21,0.072,2.8,43.3
PDS_M3_01019,-89.6605,-147.7897,79.3,9.9,10.8,0.42,3.59,0.93,0.07,6.3,43.9
PDS_M3_01020,-83.0258,-29.5257,82.7,9.8,7.5,0.4,4.14,0.99,0.079,6.2,44.3
PDS_M3_01021,-87.0265,127.1825,77.6,12.1,10.3,0.22,4.55,0.41,0.05,6.5,43.4
PDS_M3_01022,-80.756,128.2153,71.6,18.1,10.3,0.31,4.49,1.07,0.044,5.9,43.9
PDS_M3_01023,-80.2894,-144.2744,75.5,15.9,8.6,0.46,3.97,1.27,0.117,5.2,44.4
PDS_M3_01024,-80.5573,-147.3405,71.5,21.1,7.4,0.49,4.71,1.1,0.152,4.9,42.8
PDS_M3_01025,-85.2579,-85.4296,78.6,10.4,11.0,0.43,5.55,0.96,0.14,5.9,44.2
PDS_M3_01026,-81.3796,134.9158,70.6,19.8,9.6,0.66,4.1,1.21,0.099,7.0,42.9
PDS_M3_01027,-81.5545,-133.5951,74.8,14.3,10.9,0.36,4.28,0.82,0.22,2.2,43.3
PDS_M3_01028,-86.809,79.1988,72.0,19.1,8.9,0.64,3.71,0.78,0.04,6.9,44.0
PDS_M3_01029,-81.7108,-143.5804,76.5,14.9,8.6,0.48,3.89,1.26,0.063,5.5,43.8
PDS_M3_01030,-89.6299,44.3296,74.5,17.5,8.0,0.47,5.2,1.27,0.062,5.6,43.4
PDS_M3_01031,-84.0373,-51.8158,76.7,12.4,10.9,0.59,5.21,1.25,0.066,6.6,44.6
PDS_M3_01032,-87.6999,104.009,76.1,15.9,8.0,0.36,4.04,1.01,0.137,5.6,43.5
PDS_M3_01033,-88.7943,-95.8714,72.1,20.8,7.1,0.4,4.59,1.43,0.066,6.1,44.0
PDS_M3_01034,-89.2305,50.1127,78.5,12.5,9.0,0.27,4.94,0.76,0.085,3.8,43.6
PDS_M3_01035,-83.0371,-95.1543,75.8,15.7,8.5,0.59,3.84,1.01,0.097,5.5,43.8
PDS_M3_01036,-86.6013,76.9177,72.0,20.0,8.0,0.5,3.16,1.32,0.152,6.4,43.7
PDS_M3_01037,-82.7523,134.5241,85.0,5.5,9.5,0.61,4.75,1.36,0.097,5.3,44.0
PDS_M3_01038,-89.3464,-134.3514,77.9,13.6,8.5,0.48,4.92,0.87,0.069,5.4,43.2
PDS_M3_01039,-86.8471,131.9744,75.4,16.0,8.6,0.62,4.8,1.74,0.111,6.0,43.7
PDS_M3_01040,-84.6051,33.6871,81.7,11.2,7.1,0.34,3.9,1.06,0.083,6.3,43.6
PDS_M3_01041,-82.0928,-134.2402,83.4,7.2,9.4,0.6,5.42,1.13,0.085,7.6,43.7
PDS_M3_01042,-86.8125,-26.0849,75.4,17.1,7.5,0.39,4.43,1.39,0.064,6.3,43.9
PDS_M3_01043,-83.7411,-122.0903,77.4,14.7,7.9,0.45,3.28,1.57,0.04,7.4,43.9
PDS_M3_01044,-81.1402,72.1252,72.0,18.1,9.9,0.56,2.92,1.12,0.066,5.7,43.2
PDS_M3_01045,-83.8414,93.1925,75.4,16.3,8.3,0.8,3.96,1.45,0.062,3.0,43.7
PDS_M3_01046,-87.6704,-141.9133,75.2,17.1,7.7,0.57,4.38,0.96,0.046,5.3,43.6
PDS_M3_01047,-89.756,2.2103,76.7,14.0,9.3,0.59,3.97,1.6,0.053,4.8,43.3
PDS_M3_01048,-81.299,113.265,77.3,14.8,7.9,0.37,5.79,1.11,0.22,5.7,43.4
PDS_M3_01049,-89.7873,157.0187,78.2,13.7,8.1,0.47,4.52,1.19,0.06,5.4,43.4
PDS_M3_01050,-81.253,4.8664,77.0,13.5,9.5,0.44,3.42,1.0,0.084,6.1,43.7
PDS_M3_01051,-84.7106,162.1005,71.2,18.8,10.0,0.66,2.38,1.16,0.088,5.0,43.4
PDS_M3_01052,-80.6093,12.848,72.2,17.8,10.0,0.43,4.39,0.88,0.089,6.1,43.6
PDS_M3_01053,-82.0122,-38.0914,73.8,17.3,8.9,0.65,4.99,1.08,0.043,6.2,43.2
PDS_M3_01054,-80.0207,125.3531,74.9,16.3,8.8,0.25,5.69,1.11,0.129,5.8,43.6
PDS_M3_01055,-86.4929,-2.5262,80.2,9.6,10.2,0.66,4.04,0.78,0.119,4.0,43.8
PDS_M3_01056,-82.3281,-10.1151,71.3,20.9,7.8,0.32,5.58,0.93,0.22,6.9,43.6
PDS_M3_01057,-85.9807,-3.4875,74.6,17.8,7.6,0.58,3.11,0.47,0.052,6.5,44.2
PDS_M3_01058,-85.2012,124.8426,79.8,10.5,9.7,0.32,3.92,0.73,0.088,5.6,44.2
PDS_M3_01059,-83.7249,119.499,74.8,16.6,8.6,0.54,3.39,1.1,0.138,3.6,43.6
PDS_M3_01060,-81.2632,-34.7328,77.8,12.4,9.8,0.31,4.83,1.39,0.048,6.2,43.1
PDS_M3_01061,-80.1592,-60.0121,75.4,16.6,8.0,0.61,3.16,0.99,0.134,5.2,43.4
PDS_M3_01062,-82.3173,-2.9059,77.0,14.7,8.3,0.58,4.52,1.09,0.059,5.1,44.1
PDS_M3_01063,-85.8223,26.1981,75.1,14.3,10.6,0.36,3.21,1.45,0.06,5.7,43.6
PDS_M3_01064,-85.7864,-94.1986,78.7,12.6,8.7,0.54,5.61,1.35,0.215,7.5,43.3
PDS_M3_01065,-82.6242,105.8238,69.8,20.8,9.4,0.59,3.9,1.35,0.063,6.0,43.4
PDS_M3_01066,-87.6122,-4.8662,74.5,18.1,7.4,0.31,4.5,1.14,0.093,5.7,43.4
PDS_M3_01067,-88.8953,-59.7436,77.2,15.1,7.7,0.29,2.77,0.95,0.075,5.2,44.2
PDS_M3_01068,-86.4538,-141.5444,78.1,14.8,7.1,0.29,3.0,1.22,0.045,5.8,43.5
PDS_M3_01069,-87.1276,-94.0157,82.0,9.3,8.7,0.27,3.58,1.48,0.22,5.8,44.0
PDS_M3_01070,-87.0369,161.7412,74.4,14.6,11.0,0.29,4.88,1.64,0.054,6.5,43.9
PDS_M3_01071,-87.6639,-70.1641,81.9,7.6,10.5,0.59,4.73,1.82,0.059,5.2,43.4
PDS_M3_01072,-89.5791,-119.2107,73.4,17.1,9.5,0.53,5.07,1.56,0.068,4.8,43.3
PDS_M3_01073,-89.8213,-14.1578,81.3,8.3,10.4,0.2,2.99,1.11,0.081,5.3,43.7
PDS_M3_01074,-80.1228,-69.4484,79.3,11.3,9.4,0.37,4.61,0.74,0.049,5.7,43.8
PDS_M3_01075,-85.7223,-167.3427,72.3,19.2,8.5,0.28,3.75,1.28,0.1,5.8,43.3
PDS_M3_01076,-86.1567,-63.6677,77.2,15.1,7.7,0.58,3.55,1.43,0.083,5.8,43.2
PDS_M3_01077,-83.2035,15.8791,75.8,14.6,9.6,0.38,3.77,0.4,0.062,4.6,43.3
PDS_M3_01078,-87.8175,18.6165,78.5,13.7,7.8,0.22,4.11,0.66,0.111,5.7,44.1
PDS_M3_01079,-80.5004,-51.6388,75.1,16.2,8.7,0.48,4.73,0.96,0.083,6.6,44.5
PDS_M3_01080,-82.1365,-18.971,74.8,14.9,10.3,0.54,5.1,0.87,0.15,7.3,43.7
PDS_M3_01081,-89.1059,167.5865,81.5,11.0,7.5,0.31,4.62,0.62,0.156,7.0,44.3
PDS_M3_01082,-85.8242,-44.1545,75.6,16.9,7.5,0.41,4.71,1.21,0.22,5.7,43.8
PDS_M3_01083,-81.2088,-87.0383,79.3,12.8,7.9,0.31,5.66,1.47,0.044,5.6,44.1
PDS_M3_01084,-80.5527,-92.3519,75.1,15.7,9.2,0.64,4.76,1.04,0.071,7.3,43.9
PDS_M3_01085,-85.326,-15.2047,82.7,9.3,8.0,0.39,4.03,0.6,0.082,5.7,44.2
PDS_M3_01086,-83.8659,93.4273,73.3,17.7,9.0,0.34,4.66,1.16,0.056,6.8,43.7
PDS_M3_01087,-88.3297,-105.8443,73.5,18.3,8.2,0.44,5.57,0.77,0.193,5.8,43.6
PDS_M3_01088,-80.0883,75.3466,82.1,8.9,9.0,0.42,3.5,0.8,0.046,2.9,43.7
PDS_M3_01089,-87.6833,-172.3861,74.2,17.7,8.1,0.55,3.86,1.39,0.074,6.6,43.8
PDS_M3_01090,-80.5727,-29.1841,82.4,6.7,10.9,0.63,5.36,1.46,0.052,7.0,44.0
PDS_M3_01091,-83.5035,99.3114,79.6,11.4,9.0,0.63,3.97,1.01,0.109,5.4,43.4
PDS_M3_01092,-83.9226,-58.0561,75.4,14.6,10.0,0.39,4.81,1.32,0.113,4.4,44.1
PDS_M3_01093,-84.8731,22.9454,68.7,21.5,9.8,0.5,5.23,0.78,0.164,7.6,43.8
PDS_M3_01094,-87.6933,-106.2075,75.9,15.1,9.0,0.67,3.2,1.26,0.072,5.6,43.7
PDS_M3_01095,-88.2347,87.1183,76.4,15.6,8.0,0.68,3.87,0.98,0.13,5.4,44.1
PDS_M3_01096,-87.7951,-161.1795,80.7,10.3,9.0,0.32,5.16,0.7,0.088,6.3,44.1
PDS_M3_01097,-88.1356,126.9154,82.4,7.9,9.7,0.54,4.1,0.83,0.14,9.1,43.7
PDS_M3_01098,-82.2042,-108.6493,73.3,17.9,8.8,0.51,2.59,1.22,0.045,6.4,42.8
PDS_M3_01099,-86.4987,134.7833,79.2,13.5,7.3,0.59,3.79,0.66,0.077,6.0,43.0
PDS_M3_01100,-89.4216,-53.0895,79.1,13.8,7.1,0.64,4.84,1.02,0.05,5.9,44.3
PDS_M3_01101,-80.309,80.1661,80.3,11.4,8.3,0.29,5.22,1.42,0.134,7.8,43.8
PDS_M3_01102,-81.1621,-65.0789,78.0,14.4,7.6,0.35,4.24,0.95,0.05,6.4,43.6
PDS_M3_01103,-80.7225,146.1282,68.2,21.2,10.6,0.59,4.59,0.64,0.04,6.8,43.1
PDS_M3_01104,-80.0509,-134.4106,75.4,16.9,7.7,0.47,3.9,1.02,0.199,6.2,43.7
PDS_M3_01105,-88.261,-115.7329,71.4,20.0,8.6,0.12,4.92,1.3,0.08,6.4,43.9
PDS_M3_01106,-86.0376,-2.5092,75.2,15.0,9.8,0.2,5.34,0.71,0.22,5.5,43.3
PDS_M3_01107,-82.4176,-150.5022,79.9,9.8,10.3,0.55,4.81,1.46,0.076,6.0,43.8
PDS_M3_01108,-83.0398,-109.4471,77.2,13.9,8.9,0.58,4.11,1.33,0.094,5.0,44.8
PDS_M3_01109,-88.461,159.7559,80.6,11.7,7.7,0.25,4.55,1.21,0.122,5.2,44.5
PDS_M3_01110,-81.8417,171.5363,77.4,14.5,8.1,0.61,4.96,1.27,0.06,6.4,42.8
PDS_M3_01111,-87.7556,-44.5466,70.8,20.5,8.7,0.42,4.22,1.14,0.049,5.0,42.8
PDS_M3_01112,-87.7618,152.383,65.9,25.6,8.5,0.3,4.84,1.2,0.105,6.0,44.0
PDS_M3_01113,-84.6303,16.1369,76.6,15.0,8.4,0.37,4.5,1.12,0.083,5.4,44.0
PDS_M3_01114,-84.0706,-82.8927,75.1,17.4,7.5,0.27,5.34,1.36,0.145,4.5,43.6
PDS_M3_01115,-84.1991,72.8635,72.1,17.2,10.7,0.36,4.76,1.49,0.043,6.1,43.7
PDS_M3_01116,-89.0851,57.2047,69.2,23.7,7.1,0.17,3.8,0.85,0.087,6.7,43.3
PDS_M3_01117,-81.2254,176.0851,73.1,18.1,8.8,0.44,5.32,0.89,0.052,4.2,43.3
PDS_M3_01118,-87.344,-84.583,75.2,13.9,10.9,0.54,4.57,0.98,0.098,6.5,43.9
PDS_M3_01119,-88.7049,61.9414,78.7,11.7,9.6,0.25,4.09,0.92,0.126,4.5,43.7
PDS_M3_01120,-81.1125,-161.2714,76.8,14.8,8.4,0.45,3.12,1.44,0.058,7.4,44.0
PDS_M3_01121,-80.4435,-139.0874,82.4,10.0,7.6,0.33,4.39,0.65,0.079,6.5,43.7
PDS_M3_01122,-81.3787,-178.5894,71.9,17.2,10.9,0.55,5.67,1.26,0.073,4.2,43.8
PDS_M3_01123,-81.9048,179.8058,79.5,13.4,7.1,0.1,2.02,1.52,0.124,6.8,43.9
PDS_M3_01124,-83.4476,108.8185,76.2,14.1,9.7,0.56,2.05,0.93,0.095,5.1,43.1
PDS_M3_01125,-84.4914,103.2203,78.8,10.7,10.5,0.18,4.81,1.54,0.048,4.6,44.3
PDS_M3_01126,-89.1301,3.5014,74.3,18.6,7.1,0.42,4.39,1.45,0.22,6.7,43.0
PDS_M3_01127,-85.9155,-71.9759,80.3,9.8,9.9,0.34,4.74,1.0,0.186,7.2,44.3
PDS_M3_01128,-86.2731,-125.5449,77.2,11.8,11.0,0.4,3.78,1.35,0.092,6.4,43.9
PDS_M3_01129,-87.4025,-77.5171,73.3,17.1,9.6,0.22,2.49,0.85,0.13,5.4,43.8
PDS_M3_01130,-82.7658,-44.6504,76.0,15.3,8.7,0.7,3.53,0.77,0.041,6.0,43.5
PDS_M3_01131,-85.0412,92.2716,75.0,14.5,10.5,0.26,5.45,0.96,0.054,5.1,43.5
PDS_M3_01132,-89.1895,14.2782,78.0,12.8,9.2,0.27,3.84,1.51,0.128,5.6,43.7
PDS_M3_01133,-87.7982,-152.1059,71.3,18.7,10.0,0.72,3.85,0.96,0.047,6.3,43.0
PDS_M3_01134,-83.1674,-173.5096,75.9,14.7,9.4,0.5,2.1,1.11,0.043,4.1,43.9
PDS_M3_01135,-89.2387,-143.1604,77.6,15.2,7.2,0.26,2.76,0.8,0.097,6.3,43.6
PDS_M3_01136,-81.4879,-32.2205,76.1,16.0,7.9,0.43,5.09,1.36,0.042,4.1,42.8
PDS_M3_01137,-85.0485,155.9495,81.4,11.3,7.3,0.41,3.99,1.35,0.052,4.3,44.6
PDS_M3_01138,-85.1941,49.4649,79.1,13.5,7.4,0.2,4.99,0.89,0.045,6.6,43.9
PDS_M3_01139,-84.0759,108.6573,76.0,16.9,7.1,0.34,3.6,0.4,0.086,4.8,43.8
PDS_M3_01140,-81.7532,-12.1051,76.9,14.4,8.7,0.45,3.03,0.99,0.108,4.6,43.4
PDS_M3_01141,-86.5219,-49.8002,77.2,15.1,7.7,0.64,3.99,1.23,0.052,5.4,43.8
PDS_M3_01142,-83.2198,-140.9759,77.6,12.0,10.4,0.42,3.74,1.1,0.078,5.1,44.0
PDS_M3_01143,-84.3427,135.3359,68.7,21.3,10.0,0.43,3.53,1.12,0.041,6.1,42.8
PDS_M3_01144,-87.3297,101.9376,74.8,15.9,9.3,0.33,3.55,1.2,0.058,6.0,43.9
PDS_M3_01145,-81.2137,-119.4775,70.1,20.9,9.0,0.61,4.09,0.95,0.052,4.6,43.0
PDS_M3_01146,-82.0257,4.4138,81.1,10.9,8.0,0.59,3.81,0.72,0.051,3.7,43.3
PDS_M3_01147,-83.4155,-4.5451,75.8,15.3,8.9,0.57,3.45,1.32,0.055,5.6,43.3
PDS_M3_01148,-81.4942,45.033,75.2,15.2,9.6,0.47,5.64,0.83,0.138,7.1,44.5
PDS_M3_01149,-81.3271,160.6273,79.6,10.3,10.1,0.21,4.57,0.74,0.219,5.7,44.1
PDS_M3_01150,-82.9164,28.7177,77.7,15.0,7.3,0.61,4.33,1.25,0.113,5.4,43.7
PDS_M3_01151,-81.6299,14.4782,71.5,18.7,9.8,0.46,4.15,0.77,0.044,7.9,44.2
PDS_M3_01152,-83.0253,-161.8837,75.7,14.3,10.0,0.4,4.73,0.85,0.099,6.7,43.3
PDS_M3_01153,-83.1986,-157.3533,74.7,16.1,9.2,0.52,4.63,1.57,0.119,3.7,43.2
PDS_M3_01154,-83.8139,-112.5552,69.0,23.1,7.9,0.48,3.37,1.58,0.047,5.5,43.0
PDS_M3_01155,-82.4728,-168.3105,73.2,17.6,9.2,0.29,2.97,1.46,0.061,6.1,44.3
PDS_M3_01156,-88.4139,87.607,75.3,15.7,9.0,0.4,2.38,1.33,0.074,4.5,44.0
PDS_M3_01157,-81.1913,80.3989,75.5,15.6,8.9,0.16,5.63,1.45,0.062,5.4,43.3
PDS_M3_01158,-81.2816,-131.0198,70.1,21.1,8.8,0.46,3.84,1.69,0.084,5.8,43.2
PDS_M3_01159,-89.7075,120.9884,80.6,12.0,7.4,0.65,4.67,1.43,0.048,5.5,43.9
PDS_M3_01160,-81.7418,-124.277,75.6,16.7,7.7,0.18,4.36,1.18,0.075,4.3,43.2
PDS_M3_01161,-88.7113,-71.5768,76.2,16.4,7.4,0.47,4.93,1.36,0.119,7.6,43.6
PDS_M3_01162,-86.6488,-90.3683,77.6,14.4,8.0,0.55,4.15,0.96,0.077,6.1,43.3
PDS_M3_01163,-82.5649,-45.9694,72.8,19.1,8.1,0.57,3.14,1.14,0.054,4.8,43.5
PDS_M3_01164,-88.3924,-88.321,77.8,14.2,8.0,0.34,3.37,1.16,0.137,6.9,44.0
PDS_M3_01165,-81.8203,-3.9777,74.5,17.7,7.8,0.28,3.92,1.06,0.07,5.7,44.3
PDS_M3_01166,-81.6787,-33.3332,72.4,17.7,9.9,0.36,2.93,1.01,0.073,7.0,42.9
PDS_M3_01167,-84.9253,175.165,78.3,11.4,10.3,0.63,3.52,1.49,0.067,5.7,44.0
PDS_M3_01168,-89.9361,-159.8665,82.0,9.7,8.3,0.19,3.24,0.81,0.061,4.0,44.1
PDS_M3_01169,-87.1296,-128.8147,78.9,12.9,8.2,0.27,3.94,1.14,0.095,4.5,43.7
PDS_M3_01170,-83.8307,-160.9827,79.7,9.9,10.4,0.38,3.8,0.71,0.052,7.2,43.6
PDS_M3_01171,-80.1881,45.3028,73.9,16.6,9.5,0.3,4.3,0.5,0.128,7.0,43.3
PDS_M3_01172,-83.6819,-160.3767,69.6,22.2,8.2,0.44,4.88,1.46,0.079,4.2,42.7
PDS_M3_01173,-87.402,121.1183,82.0,8.1,9.9,0.66,4.01,1.49,0.169,7.5,44.2
PDS_M3_01174,-83.6599,4.2979,84.2,7.4,8.4,0.27,3.0,0.95,0.208,7.0,43.6
PDS_M3_01175,-84.6001,9.7227,82.2,8.5,9.3,0.43,2.56,1.12,0.069,5.0,43.2
PDS_M3_01176,-82.2015,22.174,74.7,14.3,11.0,0.45,4.33,1.01,0.05,5.7,43.7
PDS_M3_01177,-88.9302,-118.5071,71.4,20.4,8.2,0.4,3.67,1.01,0.082,3.2,43.6
PDS_M3_01178,-82.3897,-108.8315,71.7,17.6,10.7,0.21,4.07,0.95,0.059,5.0,43.8
PDS_M3_01179,-84.5873,-65.2258,69.3,22.4,8.3,0.35,4.46,1.24,0.073,5.5,44.2
PDS_M3_01180,-80.3701,33.6587,75.6,15.2,9.2,0.35,5.35,0.99,0.068,6.2,43.7
PDS_M3_01181,-86.5813,-104.3576,82.4,8.8,8.8,0.55,2.8,1.22,0.076,5.7,43.8
PDS_M3_01182,-83.6738,-138.1206,75.4,14.5,10.1,0.51,3.39,1.6,0.081,6.0,43.5
PDS_M3_01183,-80.6797,169.2421,77.2,15.6,7.2,0.22,4.13,1.22,0.099,4.6,43.6
PDS_M3_01184,-88.9749,-172.0865,81.5,9.0,9.5,0.39,3.29,1.14,0.04,6.2,43.6
PDS_M3_01185,-80.6277,108.9711,74.4,15.6,10.0,0.37,3.01,0.93,0.058,7.8,43.4
PDS_M3_01186,-83.1211,103.6927,84.1,7.0,8.9,0.74,5.25,1.1,0.051,6.3,43.7
PDS_M3_01187,-89.3216,-73.0029,84.0,8.6,7.4,0.49,3.36,0.6,0.114,5.8,43.5
PDS_M3_01188,-86.9904,-131.1744,75.5,16.5,8.0,0.29,3.15,1.56,0.147,4.9,44.3
PDS_M3_01189,-82.9183,-127.5737,73.7,16.6,9.7,0.33,3.28,0.81,0.118,5.4,44.1
PDS_M3_01190,-89.3265,71.0754,78.8,10.6,10.6,0.39,5.07,0.52,0.22,4.2,43.0
PDS_M3_01191,-84.1783,51.4104,74.6,16.7,8.7,0.5,3.64,1.07,0.045,4.1,43.7
PDS_M3_01192,-86.5412,101.7884,71.4,19.4,9.2,0.52,3.09,1.21,0.078,5.7,43.5
PDS_M3_01193,-83.7908,157.4932,81.1,11.0,7.9,0.48,3.53,1.5,0.178,6.5,43.9
PDS_M3_01194,-89.5426,69.0939,80.9,10.5,8.6,0.42,4.16,1.17,0.063,4.8,43.3
PDS_M3_01195,-81.2846,-123.8934,76.6,15.1,8.3,0.43,4.91,1.38,0.137,7.2,42.9
PDS_M3_01196,-80.2651,-92.3607,70.9,19.5,9.6,0.43,4.85,1.38,0.089,5.1,43.5
PDS_M3_01197,-80.3112,123.1897,71.1,18.0,10.9,0.18,3.58,1.35,0.22,5.7,43.3
PDS_M3_01198,-82.5035,-104.6498,76.4,13.3,10.3,0.44,3.78,0.76,0.068,6.9,43.5
PDS_M3_01199,-88.6991,-153.892,74.0,18.2,7.8,0.36,5.88,1.25,0.072,5.4,43.5
PDS_M3_01200,-82.4174,73.1808,74.6,16.1,9.3,0.2,5.0,0.68,0.051,6.6,43.9
PDS_M3_01201,-89.7541,-35.0905,80.1,12.6,7.3,0.81,4.0,1.7,0.05,6.5,44.2
PDS_M3_01202,-89.7788,151.2144,78.9,13.1,8.0,0.5,2.36,1.31,0.158,5.0,43.4
PDS_M3_01203,-86.7639,54.0918,81.5,10.8,7.7,0.45,3.83,0.91,0.071,5.0,43.5
PDS_M3_01204,-85.1136,-147.4492,72.0,19.7,8.3,0.39,3.14,1.21,0.098,7.3,43.6
PDS_M3_01205,-82.2959,161.2284,74.6,15.7,9.7,0.56,3.51,0.8,0.124,7.4,44.1
PDS_M3_01206,-83.167,-86.9194,79.0,12.0,9.0,0.28,3.43,0.63,0.075,6.6,43.7
PDS_M3_01207,-85.541,-58.6035,77.8,11.5,10.7,0.4,4.02,1.36,0.22,4.8,43.8
PDS_M3_01208,-87.2637,-35.1863,82.1,10.0,7.9,0.31,4.26,0.81,0.207,6.8,43.3
PDS_M3_01209,-80.0288,-161.5593,77.7,13.8,8.5,0.56,3.61,1.05,0.108,5.5,42.8
PDS_M3_01210,-85.7382,-1.2544,83.4,8.3,8.3,0.33,3.18,1.16,0.22,4.3,44.8
PDS_M3_01211,-85.4861,-135.6053,78.2,13.9,7.9,0.62,4.06,1.05,0.04,5.0,43.8
PDS_M3_01212,-88.3638,-35.6507,80.2,8.8,11.0,0.44,3.8,0.79,0.041,5.5,43.4
PDS_M3_01213,-82.0519,-53.7445,74.7,16.8,8.5,0.57,2.68,1.12,0.044,7.1,42.8
PDS_M3_01214,-83.0632,98.2224,76.1,13.1,10.8,0.51,4.69,1.14,0.212,4.8,44.2
PDS_M3_01215,-87.7923,109.1414,79.6,11.8,8.6,0.61,3.62,1.36,0.096,4.6,43.4
PDS_M3_01216,-89.1762,-124.7714,82.5,9.7,7.8,0.31,3.98,1.83,0.198,5.2,43.5
PDS_M3_01217,-83.195,-48.0416,78.9,13.6,7.5,0.59,4.02,0.51,0.048,5.7,43.5
PDS_M3_01218,-83.4549,-45.5929,75.7,13.9,10.4,0.17,4.19,0.86,0.042,6.6,43.7
PDS_M3_01219,-87.2674,-125.4922,81.5,11.4,7.1,0.46,4.32,1.17,0.087,6.5,44.1
PDS_M3_01220,-80.4914,107.4433,67.2,21.9,10.9,0.37,3.16,1.4,0.052,3.1,43.2
PDS_M3_01221,-88.4894,74.6022,70.3,21.0,8.7,0.24,4.45,1.2,0.158,5.4,43.0
PDS_M3_01222,-85.6767,-111.4626,78.7,13.3,8.0,0.32,3.92,1.44,0.073,5.9,44.7
PDS_M3_01223,-80.5638,-47.9801,76.1,14.4,9.5,0.35,5.07,0.66,0.128,4.8,43.5
PDS_M3_01224,-85.8027,-141.9102,78.4,14.1,7.5,0.42,4.85,1.0,0.084,4.9,43.7
PDS_M3_01225,-83.6147,46.1544,76.3,16.4,7.3,0.37,5.26,1.54,0.085,6.5,43.1
PDS_M3_01226,-86.0241,-136.3061,78.3,11.4,10.3,0.46,3.45,0.84,0.109,6.6,44.0
PDS_M3_01227,-87.2578,174.9363,72.7,18.6,8.7,0.33,5.23,0.4,0.065,5.6,44.0
PDS_M3_01228,-80.1602,101.0455,78.3,12.6,9.1,0.38,4.28,0.85,0.218,6.3,43.4
PDS_M3_01229,-85.9067,-39.5141,80.0,12.3,7.7,0.41,4.75,1.23,0.071,6.4,43.1
PDS_M3_01230,-81.059,28.283,80.9,11.9,7.2,0.48,4.74,1.08,0.07,4.5,43.7
PDS_M3_01231,-87.7005,148.0831,84.1,7.4,8.5,0.58,4.57,0.71,0.114,4.5,44.7
PDS_M3_01232,-87.869,19.4757,77.0,14.0,9.0,0.58,3.33,0.88,0.101,5.3,43.4
PDS_M3_01233,-89.6887,-117.1805,77.1,12.8,10.1,0.49,4.96,0.7,0.22,5.0,44.7
PDS_M3_01234,-83.4833,-43.6668,69.9,21.1,9.0,0.51,4.48,0.74,0.154,5.1,43.2
PDS_M3_01235,-86.3147,123.5322,73.9,16.0,10.1,0.5,3.02,0.84,0.06,5.7,42.9
PDS_M3_01236,-81.3564,51.9167,75.2,17.3,7.5,0.4,3.81,1.13,0.046,5.7,43.4
PDS_M3_01237,-85.2679,54.2608,80.2,12.5,7.3,0.59,3.23,0.4,0.047,2.7,43.1
PDS_M3_01238,-80.3181,132.0557,73.6,18.8,7.6,0.31,3.06,1.51,0.067,5.9,43.3
PDS_M3_01239,-88.1447,141.8303,79.2,10.7,10.1,0.14,4.88,1.07,0.079,5.5,43.9
PDS_M3_01240,-81.3138,151.1253,76.0,14.0,10.0,0.29,3.02,0.77,0.101,6.1,43.5
PDS_M3_01241,-82.234,-145.8543,75.3,17.1,7.6,0.66,3.14,0.81,0.157,5.0,44.1
PDS_M3_01242,-82.2908,15.8854,77.0,15.9,7.1,0.41,5.78,0.91,0.22,5.0,43.5
PDS_M3_01243,-81.5522,86.5834,74.4,15.9,9.7,0.49,3.84,1.1,0.072,5.3,43.0
PDS_M3_01244,-82.3898,92.4937,74.3,15.3,10.4,0.41,4.73,1.15,0.087,7.1,43.7
PDS_M3_01245,-83.7378,38.4178,69.2,20.8,10.0,0.53,5.1,1.04,0.095,5.3,43.4
PDS_M3_01246,-88.6876,-119.9566,75.0,17.2,7.8,0.46,4.82,0.87,0.089,7.1,43.6
PDS_M3_01247,-89.6747,107.0714,74.1,16.6,9.3,0.44,4.32,1.1,0.046,7.0,43.1
PDS_M3_01248,-80.7915,79.2401,73.9,16.1,10.0,0.54,4.17,0.48,0.047,5.4,43.7
PDS_M3_01249,-83.8335,-148.9911,77.7,14.3,8.0,0.38,4.63,0.74,0.172,5.2,44.3
PDS_M3_01250,-82.0346,-13.0285,78.6,12.3,9.1,0.51,4.02,0.9,0.108,5.2,43.2
PDS_M3_01251,-85.1848,-117.3681,76.9,14.8,8.3,0.42,4.76,0.7,0.108,5.6,42.9
PDS_M3_01252,-88.8269,-58.5083,80.0,12.1,7.9,0.43,3.99,1.03,0.141,5.1,43.2
PDS_M3_01253,-88.7481,-173.4908,78.3,10.8,10.9,0.33,4.08,0.7,0.045,6.7,43.7
PDS_M3_01254,-83.1443,-35.8812,74.8,14.5,10.7,0.42,5.71,1.61,0.072,5.0,43.0
PDS_M3_01255,-85.6969,17.9557,74.1,17.1,8.8,0.37,3.82,0.66,0.057,6.8,43.7
PDS_M3_01256,-87.9948,43.0497,77.3,15.2,7.5,0.62,4.22,1.55,0.105,4.7,43.8
PDS_M3_01257,-85.0841,58.8565,78.3,11.8,9.9,0.2,4.54,0.5,0.055,3.8,43.9
PDS_M3_01258,-89.3579,121.0649,81.6,10.4,8.0,0.58,4.6,1.7,0.111,3.6,44.9
PDS_M3_01259,-84.1803,-102.4334,80.8,11.5,7.7,0.19,4.43,1.28,0.069,5.2,43.1
PDS_M3_01260,-87.3101,-136.6265,73.8,17.7,8.5,0.53,3.2,1.34,0.075,4.8,42.9
PDS_M3_01261,-82.0244,126.5534,75.6,15.3,9.1,0.32,4.33,0.69,0.142,4.8,44.2
PDS_M3_01262,-86.8964,-123.6194,78.7,13.9,7.4,0.53,4.39,1.0,0.066,7.0,44.0
PDS_M3_01263,-85.4478,170.9136,80.3,10.4,9.3,0.43,5.11,1.02,0.058,4.9,44.3
PDS_M3_01264,-89.8838,123.3138,79.8,13.1,7.1,0.24,4.79,1.07,0.154,3.4,43.0
PDS_M3_01265,-89.2755,0.3156,75.7,13.7,10.6,0.65,5.16,1.48,0.109,6.5,43.1
PDS_M3_01266,-86.0751,173.3117,71.0,18.3,10.7,0.57,3.4,1.31,0.071,7.4,43.9
PDS_M3_01267,-85.2006,-144.9444,72.0,18.1,9.9,0.53,3.4,1.05,0.081,6.3,43.5
PDS_M3_01268,-83.9998,-70.8963,77.1,14.0,8.9,0.35,4.46,1.4,0.066,5.0,44.2
PDS_M3_01269,-87.0834,49.7608,77.4,14.6,8.0,0.57,5.11,1.45,0.088,6.0,43.5
PDS_M3_01270,-83.0502,-53.9975,71.6,18.4,10.0,0.26,4.04,0.93,0.049,4.8,43.4
PDS_M3_01271,-81.3988,154.2141,76.2,13.1,10.7,0.12,3.61,0.92,0.172,4.6,44.6
PDS_M3_01272,-82.2015,-156.3746,78.5,13.9,7.6,0.22,2.92,1.75,0.088,5.6,43.3
PDS_M3_01273,-89.6038,17.7883,71.4,19.7,8.9,0.31,4.49,1.03,0.069,5.7,43.8
PDS_M3_01274,-85.1949,32.7119,80.4,11.3,8.3,0.34,4.11,0.91,0.091,5.6,43.2
PDS_M3_01275,-88.9507,54.9821,74.5,17.1,8.4,0.38,3.85,1.05,0.051,7.8,43.3
PDS_M3_01276,-87.5795,-87.9602,81.0,10.4,8.6,0.39,4.92,1.42,0.045,5.9,44.1
PDS_M3_01277,-80.1334,-48.7561,73.9,15.3,10.8,0.35,4.13,1.32,0.088,7.0,43.0
PDS_M3_01278,-88.575,123.725,71.9,20.1,8.0,0.13,4.2,1.06,0.044,8.5,43.9
PDS_M3_01279,-85.0111,-109.8206,74.2,16.8,9.0,0.48,4.92,1.28,0.105,5.2,43.5
PDS_M3_01280,-83.8184,117.6724,75.6,13.6,10.8,0.41,5.95,1.18,0.137,6.0,43.3
PDS_M3_01281,-82.9754,22.556,74.4,16.7,8.9,0.35,3.84,1.06,0.22,6.8,43.6
PDS_M3_01282,-84.4035,94.3875,75.1,14.4,10.5,0.66,3.5,1.01,0.128,5.9,43.4
PDS_M3_01283,-89.9023,76.8987,77.3,15.5,7.2,0.41,3.41,1.14,0.22,5.5,43.4
PDS_M3_01284,-86.7354,-105.2959,75.3,13.9,10.8,0.46,4.58,0.98,0.041,8.6,43.4
PDS_M3_01285,-84.8229,24.7726,75.7,16.5,7.8,0.57,3.33,1.12,0.089,7.2,43.1
PDS_M3_01286,-89.1213,132.3803,69.2,19.9,10.9,0.23,3.9,1.09,0.051,3.3,42.7
PDS_M3_01287,-86.4937,-24.4382,77.6,14.7,7.7,0.45,3.97,0.66,0.057,7.4,42.9
PDS_M3_01288,-89.668,167.9727,75.6,15.6,8.8,0.57,5.45,0.94,0.12,7.7,43.8
PDS_M3_01289,-89.2142,-17.2026,82.4,9.4,8.2,0.44,5.15,1.02,0.057,7.2,44.1
PDS_M3_01290,-86.0308,-128.5972,72.2,19.1,8.7,0.25,2.97,1.66,0.052,6.7,43.2
PDS_M3_01291,-88.6728,-39.8035,68.8,23.2,8.0,0.38,5.47,1.05,0.068,7.7,43.4
PDS_M3_01292,-84.3246,162.6129,78.5,10.6,10.9,0.48,3.23,1.18,0.045,6.9,44.3
PDS_M3_01293,-83.1054,-64.9005,77.4,14.4,8.2,0.13,4.33,1.75,0.05,6.5,43.5
PDS_M3_01294,-81.9941,132.5153,72.0,18.4,9.6,0.25,3.53,0.63,0.05,6.0,43.4
PDS_M3_01295,-87.9985,137.2502,69.9,22.6,7.5,0.75,3.89,0.64,0.055,4.5,44.2
PDS_M3_01296,-88.3252,-53.9329,82.1,7.6,10.3,0.52,3.42,0.87,0.163,4.2,44.0
PDS_M3_01297,-88.9543,-150.0272,81.7,9.1,9.2,0.67,5.54,1.0,0.061,6.7,44.2
PDS_M3_01298,-83.6357,80.8408,66.1,23.0,10.9,0.58,4.09,1.03,0.059,6.7,43.6
PDS_M3_01299,-82.9352,-67.8556,74.2,17.1,8.7,0.51,4.38,0.95,0.048,5.7,43.8
PDS_M3_01300,-89.6841,101.8525,82.7,9.5,7.8,0.4,3.34,0.73,0.041,4.8,43.6
PDS_M3_01301,-80.6379,-20.6443,74.1,17.5,8.4,0.51,3.07,1.39,0.05,4.4,43.2
PDS_M3_01302,-89.4803,-5.304,74.0,16.1,9.9,0.67,3.84,0.96,0.117,5.4,43.9
PDS_M3_01303,-84.587,100.0474,74.9,15.5,9.6,0.57,4.62,1.46,0.22,6.6,43.8
PDS_M3_01304,-82.9094,-42.3492,71.5,18.4,10.1,0.48,4.1,0.79,0.122,8.5,43.6
PDS_M3_01305,-81.2903,-20.4742,69.2,23.5,7.3,0.42,4.98,1.69,0.155,5.8,43.5
PDS_M3_01306,-82.8591,-44.5714,80.2,10.5,9.3,0.52,4.3,0.6,0.133,6.1,43.5
PDS_M3_01307,-81.9827,-47.7574,68.6,20.7,10.7,0.37,4.21,1.1,0.061,7.2,42.9
PDS_M3_01308,-86.6055,9.3408,77.0,15.6,7.4,0.52,4.63,0.8,0.119,5.7,43.4
PDS_M3_01309,-81.8517,111.1678,79.5,13.1,7.4,0.35,4.28,1.11,0.123,6.2,43.7
PDS_M3_01310,-89.1989,-49.7634,70.2,19.9,9.9,0.4,4.96,0.81,0.058,6.8,43.2
PDS_M3_01311,-81.0518,8.7317,72.3,19.4,8.3,0.3,4.64,0.46,0.192,7.1,44.2
PDS_M3_01312,-84.5241,61.4618,80.9,9.5,9.6,0.38,4.93,0.87,0.22,5.9,44.4
PDS_M3_01313,-81.827,-83.0018,78.1,12.7,9.2,0.35,4.77,1.58,0.089,5.2,44.1
PDS_M3_01314,-85.4768,-80.0918,73.5,15.6,10.9,0.7,5.29,0.8,0.063,6.0,44.1
PDS_M3_01315,-83.5642,156.0287,80.8,8.6,10.6,0.32,4.86,1.25,0.067,3.8,43.3
PDS_M3_01316,-84.736,80.4724,80.8,9.5,9.7,0.51,5.6,1.1,0.092,6.2,44.1
PDS_M3_01317,-82.6841,27.7872,77.1,14.9,8.0,0.31,3.77,0.96,0.04,6.8,43.7
PDS_M3_01318,-89.1837,53.1792,72.4,19.6,8.0,0.46,4.87,1.71,0.062,7.8,43.3
PDS_M3_01319,-89.3965,-169.4522,74.3,15.2,10.5,0.49,3.1,1.01,0.043,6.9,43.5
PDS_M3_01320,-87.529,42.5171,77.1,13.6,9.3,0.17,4.96,1.15,0.099,2.7,43.6
PDS_M3_01321,-88.4046,3.4232,75.2,14.6,10.2,0.24,4.25,1.13,0.096,7.5,43.5
PDS_M3_01322,-81.2822,16.4699,79.8,11.4,8.8,0.31,4.95,1.57,0.094,7.6,43.5
PDS_M3_01323,-87.8079,-50.6074,69.9,22.7,7.4,0.25,5.54,0.65,0.05,4.7,42.9
PDS_M3_01324,-80.2413,-150.6694,70.0,21.7,8.3,0.46,4.84,1.77,0.214,5.3,42.8
PDS_M3_01325,-86.631,-110.3979,76.7,15.7,7.6,0.49,3.87,1.56,0.086,7.5,43.8
PDS_M3_01326,-88.1788,162.2681,74.0,15.9,10.1,0.29,3.33,1.22,0.089,5.9,42.5
PDS_M3_01327,-82.103,-32.8682,73.5,16.7,9.8,0.47,4.63,1.29,0.087,5.1,44.4
PDS_M3_01328,-83.4129,-11.9941,68.9,23.7,7.4,0.39,3.97,1.03,0.085,4.9,43.2
PDS_M3_01329,-85.018,-161.0245,76.1,14.4,9.5,0.44,4.73,1.15,0.207,9.0,42.9
PDS_M3_01330,-84.4464,-166.4762,75.8,13.7,10.5,0.36,3.79,1.23,0.095,6.7,43.9
PDS_M3_01331,-82.808,78.1853,78.6,11.6,9.8,0.52,3.46,0.83,0.08,5.5,43.7
PDS_M3_01332,-87.7155,13.7141,76.3,14.7,9.0,0.7,4.01,1.56,0.127,7.5,43.3
PDS_M3_01333,-80.0367,3.1342,75.5,16.3,8.2,0.57,4.6,1.17,0.057,5.7,43.4
PDS_M3_01334,-80.2521,-92.4752,80.7,8.8,10.5,0.66,4.3,1.14,0.053,7.3,43.8
PDS_M3_01335,-83.4967,88.1103,70.8,20.5,8.7,0.24,3.55,0.84,0.075,6.5,43.9
PDS_M3_01336,-88.0046,-119.4348,78.1,11.5,10.4,0.35,5.64,1.45,0.041,5.4,42.7
PDS_M3_01337,-83.1977,-111.6235,69.3,20.6,10.1,0.53,4.09,1.09,0.061,6.4,43.6
PDS_M3_01338,-89.278,-14.1436,72.6,17.1,10.3,0.68,2.39,0.94,0.073,6.4,44.2
PDS_M3_01339,-89.6935,-76.9392,71.1,17.9,11.0,0.55,4.95,0.77,0.092,6.8,43.2
PDS_M3_01340,-87.4232,-90.9133,79.1,10.9,10.0,0.3,4.19,1.05,0.087,7.8,44.1
PDS_M3_01341,-85.3738,52.2856,75.7,17.2,7.1,0.38,4.06,0.75,0.067,8.5,43.9
PDS_M3_01342,-81.3173,54.3498,75.9,16.3,7.8,0.5,4.05,1.2,0.065,6.3,44.4
PDS_M3_01343,-82.7283,116.8261,71.6,21.3,7.1,0.43,4.05,1.33,0.04,3.5,43.6
PDS_M3_01344,-82.5729,-29.6249,74.8,17.4,7.8,0.33,5.54,0.98,0.168,6.9,43.9
PDS_M3_01345,-85.7451,-153.6894,72.9,19.9,7.2,0.41,4.57,1.17,0.056,5.5,44.0
PDS_M3_01346,-86.5407,-81.4801,77.5,13.5,9.0,0.45,4.41,1.47,0.067,3.8,44.0
PDS_M3_01347,-86.2896,172.802,72.0,20.9,7.1,0.29,3.99,1.05,0.041,6.6,43.2
PDS_M3_01348,-80.1235,34.6531,81.3,9.8,8.9,0.6,5.58,1.07,0.22,6.3,43.6
PDS_M3_01349,-89.5989,75.5054,69.3,20.1,10.6,0.38,4.87,1.1,0.081,4.8,43.5
PDS_M3_01350,-81.3297,-177.3512,72.8,17.2,10.0,0.44,4.99,0.97,0.041,4.4,43.9
PDS_M3_01351,-84.2132,6.5541,82.7,6.5,10.8,0.61,4.42,0.99,0.057,7.5,44.0
PDS_M3_01352,-85.6138,-166.4897,74.3,17.8,7.9,0.43,5.0,0.87,0.167,6.4,43.2
PDS_M3_01353,-82.7474,24.9229,70.7,20.2,9.1,0.6,4.51,1.23,0.068,4.9,43.4
PDS_M3_01354,-85.1333,151.4775,76.9,14.8,8.3,0.3,3.9,1.08,0.11,6.6,43.1
PDS_M3_01355,-81.2658,168.6309,74.1,16.9,9.0,0.51,4.5,1.28,0.097,5.3,43.8
PDS_M3_01356,-80.993,14.599,72.7,18.1,9.2,0.58,5.88,1.41,0.078,6.5,44.3
PDS_M3_01357,-85.7828,-15.0463,71.6,21.3,7.1,0.33,4.36,0.78,0.147,6.2,43.7
PDS_M3_01358,-87.2317,160.2062,87.1,5.0,7.9,0.42,5.22,0.85,0.042,2.7,43.3
PDS_M3_01359,-84.0765,62.4995,75.0,15.2,9.8,0.43,5.15,1.31,0.186,5.9,43.7
PDS_M3_01360,-80.8764,-156.6363,68.3,21.6,10.1,0.48,4.65,1.02,0.116,5.6,43.4
PDS_M3_01361,-87.8934,-12.3388,82.0,8.7,9.3,0.52,5.53,1.12,0.16,4.9,43.7
PDS_M3_01362,-83.7703,-93.5118,78.4,13.5,8.1,0.31,2.46,1.13,0.041,4.3,42.9
PDS_M3_01363,-83.6844,-10.8704,72.9,18.5,8.6,0.44,2.73,0.82,0.045,5.5,43.7
PDS_M3_01364,-82.6689,-16.0324,72.3,20.3,7.4,0.69,5.58,1.25,0.054,5.4,43.9
PDS_M3_01365,-88.6843,29.5721,78.7,10.5,10.8,0.61,3.68,1.17,0.094,6.6,43.4
PDS_M3_01366,-82.8418,-51.5626,75.0,14.5,10.5,0.57,4.29,0.8,0.046,5.6,43.3
PDS_M3_01367,-80.9097,-120.8626,68.3,24.4,7.3,0.42,5.6,1.05,0.201,5.9,43.3
PDS_M3_01368,-88.2032,1.339,83.1,9.2,7.7,0.77,4.36,1.07,0.123,6.2,44.6
PDS_M3_01369,-87.6246,118.873,74.3,16.4,9.3,0.6,5.55,1.32,0.139,5.2,43.5
PDS_M3_01370,-80.286,59.0444,82.0,10.1,7.9,0.46,3.89,1.45,0.093,4.6,43.6
PDS_M3_01371,-88.1902,-58.1876,81.1,8.2,10.7,0.48,4.69,1.1,0.1,8.5,43.7
PDS_M3_01372,-81.4561,156.7883,72.0,18.0,10.0,0.38,4.25,0.6,0.055,5.7,43.8
PDS_M3_01373,-85.0772,148.3947,80.1,11.8,8.1,0.51,5.39,1.32,0.185,5.5,43.0
PDS_M3_01374,-87.5277,-104.6346,73.4,19.6,7.0,0.54,3.99,1.76,0.103,7.5,43.5
PDS_M3_01375,-81.2925,-165.8097,68.5,21.3,10.2,0.56,3.43,1.32,0.072,8.1,43.3
PDS_M3_01376,-85.5469,86.8711,74.3,17.0,8.7,0.42,3.83,1.02,0.168,7.5,43.6
PDS_M3_01377,-84.8518,117.9397,77.6,12.8,9.6,0.23,3.86,1.22,0.16,5.3,43.4
PDS_M3_01378,-86.4077,168.4312,74.1,17.8,8.1,0.49,3.68,1.34,0.04,6.2,43.1
PDS_M3_01379,-84.0705,140.3411,74.8,17.6,7.6,0.56,3.65,1.13,0.195,6.5,44.0
PDS_M3_01380,-88.3648,36.1925,80.6,9.7,9.7,0.3,5.1,1.49,0.067,8.5,43.1
PDS_M3_01381,-86.0892,10.8188,76.4,14.8,8.8,0.44,5.33,0.76,0.073,6.3,44.3
PDS_M3_01382,-80.3059,-169.9772,72.6,19.5,7.9,0.65,4.51,0.98,0.045,6.4,43.7
PDS_M3_01383,-87.4187,-91.2037,78.8,13.6,7.6,0.27,3.68,1.24,0.166,4.6,44.0
PDS_M3_01384,-83.4326,-14.5387,76.8,13.9,9.3,0.41,3.73,1.31,0.086,4.3,43.7
PDS_M3_01385,-86.7481,46.2614,65.9,24.2,9.9,0.67,2.54,0.94,0.182,7.4,43.8
PDS_M3_01386,-82.2653,20.6107,77.7,14.2,8.1,0.47,4.5,0.96,0.131,6.2,43.9
PDS_M3_01387,-88.6913,87.349,77.6,12.5,9.9,0.37,3.65,0.9,0.177,6.3,44.2
PDS_M3_01388,-80.3018,-79.2839,76.1,16.2,7.7,0.45,5.38,0.88,0.218,7.1,44.0
PDS_M3_01389,-85.4621,23.3829,79.6,12.0,8.4,0.57,3.1,1.26,0.17,6.8,44.2
PDS_M3_01390,-87.6395,-148.2688,73.3,16.7,10.0,0.42,3.73,1.09,0.054,6.7,43.3
PDS_M3_01391,-89.265,-31.0804,77.3,13.1,9.6,0.54,4.12,1.49,0.044,6.6,43.6
PDS_M3_01392,-88.3024,90.0579,69.7,22.2,8.1,0.49,4.57,0.77,0.098,6.0,43.4
PDS_M3_01393,-84.8023,69.6243,77.6,14.9,7.5,0.5,5.64,1.05,0.05,6.1,43.7
PDS_M3_01394,-86.63,176.6314,83.8,9.0,7.2,0.55,3.1,1.32,0.159,6.9,44.2
PDS_M3_01395,-81.7112,-79.9592,72.0,17.6,10.4,0.41,3.96,1.2,0.217,4.7,43.2
PDS_M3_01396,-85.6911,-0.6519,73.0,19.7,7.3,0.31,3.06,0.77,0.048,4.5,43.6
PDS_M3_01397,-87.5129,-61.3691,73.2,19.3,7.5,0.52,4.83,1.45,0.056,5.9,43.8
PDS_M3_01398,-83.8286,-21.3829,76.5,15.5,8.0,0.43,3.68,1.13,0.099,6.0,42.9
PDS_M3_01399,-82.9322,128.502,71.7,19.5,8.8,0.38,4.12,1.68,0.118,6.7,43.9
PDS_M3_01400,-88.3296,66.3153,77.7,12.1,10.2,0.53,4.06,1.06,0.083,5.5,44.5
PDS_M3_01401,-88.3238,137.6788,79.4,12.6,8.0,0.64,4.29,1.45,0.068,4.9,43.4
PDS_M3_01402,-89.6333,-106.736,78.1,12.7,9.2,0.43,4.07,0.99,0.062,6.5,44.3
PDS_M3_01403,-82.636,134.41,68.9,23.7,7.4,0.45,3.42,1.03,0.106,7.4,43.5
PDS_M3_01404,-83.362,-158.4856,80.0,11.1,8.9,0.27,4.27,1.25,0.122,6.2,43.4
PDS_M3_01405,-85.2537,139.8957,79.7,12.6,7.7,0.42,3.56,0.59,0.06,4.1,44.1
PDS_M3_01406,-81.5583,-61.5334,79.3,12.9,7.8,0.48,4.85,0.49,0.064,6.1,44.6
PDS_M3_01407,-81.9433,-66.7485,77.5,14.0,8.5,0.45,4.25,0.9,0.077,3.5,43.6
PDS_M3_01408,-84.1465,4.3519,76.9,13.1,10.0,0.4,3.37,0.71,0.076,5.8,43.3
PDS_M3_01409,-81.3173,158.6485,80.1,9.9,10.0,0.56,6.13,0.42,0.151,3.4,42.9
PDS_M3_01410,-87.9416,-162.7987,83.7,7.6,8.7,0.46,5.53,1.32,0.074,5.3,43.9
PDS_M3_01411,-88.8808,-53.1968,72.2,20.3,7.5,0.84,6.15,0.86,0.22,6.4,43.6
PDS_M3_01412,-87.3025,128.3659,80.3,11.6,8.1,0.48,3.93,1.0,0.062,5.5,44.5
PDS_M3_01413,-89.4291,-37.4204,75.7,15.3,9.0,0.1,3.53,1.14,0.111,7.2,44.4
PDS_M3_01414,-84.6883,-108.3035,75.5,14.0,10.5,0.28,4.85,1.25,0.125,6.1,43.4
PDS_M3_01415,-80.6339,-27.0741,69.9,19.2,10.9,0.53,5.09,1.18,0.1,4.5,43.8
PDS_M3_01416,-89.6066,-41.2011,74.9,15.6,9.5,0.35,4.36,1.16,0.067,6.9,43.2
PDS_M3_01417,-88.7789,149.5498,72.0,19.6,8.4,0.36,2.52,1.24,0.058,6.6,43.5
PDS_M3_01418,-85.478,94.2964,74.1,16.1,9.8,0.26,3.42,0.95,0.096,7.3,43.5
PDS_M3_01419,-80.6612,1.8416,71.6,20.1,8.3,0.38,4.54,0.89,0.104,6.7,43.2
PDS_M3_01420,-86.8384,175.8134,74.2,16.3,9.5,0.48,3.67,0.4,0.058,6.4,43.5
PDS_M3_01421,-84.9277,-12.5001,74.4,17.6,8.0,0.51,3.11,1.29,0.065,4.6,43.9
PDS_M3_01422,-89.5843,-159.0344,76.4,15.5,8.1,0.3,3.99,0.89,0.159,6.8,44.1
PDS_M3_01423,-88.5166,-85.5812,69.5,23.2,7.3,0.57,1.6,1.7,0.14,5.6,43.4
PDS_M3_01424,-80.1337,-23.0146,70.2,21.1,8.7,0.27,3.72,1.32,0.052,6.8,43.4
PDS_M3_01425,-80.3488,-123.5151,77.4,13.1,9.5,0.52,3.86,1.39,0.203,8.5,43.0
PDS_M3_01426,-89.9506,161.1234,72.8,17.0,10.2,0.5,4.45,1.31,0.099,7.2,43.7
PDS_M3_01427,-80.4819,96.0656,80.3,9.5,10.2,0.31,4.64,1.26,0.081,6.1,43.7
PDS_M3_01428,-83.6088,-83.4166,76.9,12.1,11.0,0.29,4.5,1.24,0.053,5.9,43.7
PDS_M3_01429,-81.3208,32.6896,78.4,14.2,7.4,0.51,4.92,1.27,0.119,5.3,43.6
PDS_M3_01430,-85.4526,79.7217,81.6,9.4,9.0,0.37,4.07,1.15,0.192,3.0,43.5
PDS_M3_01431,-84.844,158.8604,74.8,16.1,9.1,0.42,3.04,0.92,0.044,5.9,43.3
PDS_M3_01432,-85.1115,137.3887,73.7,16.1,10.2,0.55,4.24,0.75,0.084,5.2,43.3
PDS_M3_01433,-83.3314,5.4692,79.5,12.4,8.1,0.52,3.5,1.23,0.166,6.2,43.3
PDS_M3_01434,-88.6035,98.8749,78.0,14.7,7.3,0.31,3.11,1.49,0.22,5.2,43.8
PDS_M3_01435,-89.7003,22.3721,75.3,16.4,8.3,0.44,4.66,1.06,0.044,6.1,43.9
PDS_M3_01436,-86.9207,18.9734,81.6,7.5,10.9,0.31,3.07,1.15,0.134,7.3,43.8
PDS_M3_01437,-82.9532,-138.6929,75.2,14.2,10.6,0.58,4.74,0.7,0.06,6.0,43.7
PDS_M3_01438,-87.9815,-134.5904,76.1,15.3,8.6,0.68,3.17,0.96,0.087,4.5,43.6
PDS_M3_01439,-83.2657,10.6321,76.1,13.4,10.5,0.32,3.97,0.73,0.132,4.8,44.1
PDS_M3_01440,-80.3009,-83.2098,72.3,20.6,7.1,0.45,3.75,0.75,0.087,6.6,43.6
PDS_M3_01441,-89.061,-172.4267,76.3,15.4,8.3,0.59,5.11,1.13,0.047,6.7,43.8
PDS_M3_01442,-83.274,80.2221,81.6,8.5,9.9,0.45,4.68,1.08,0.094,4.8,44.2
PDS_M3_01443,-85.5625,-168.3048,77.8,14.3,7.9,0.53,3.54,1.34,0.048,5.8,43.7
PDS_M3_01444,-81.3186,34.2997,76.1,16.1,7.8,0.46,4.07,1.33,0.066,6.9,44.2
PDS_M3_01445,-88.2285,14.1098,75.4,14.2,10.4,0.29,5.26,0.84,0.089,7.9,43.4
PDS_M3_01446,-83.0737,168.7733,77.3,13.2,9.5,0.47,5.39,0.52,0.22,6.0,44.4
PDS_M3_01447,-81.6188,-5.6833,79.0,10.0,11.0,0.62,3.1,0.82,0.118,5.6,43.7
PDS_M3_01448,-80.5539,-157.1035,78.4,14.1,7.5,0.5,5.25,0.89,0.062,5.4,43.5
PDS_M3_01449,-83.1675,18.6077,74.7,16.9,8.4,0.69,5.19,1.27,0.166,6.0,43.0
PDS_M3_01450,-85.0283,122.7946,77.3,14.5,8.2,0.18,4.34,1.28,0.055,7.5,44.1
PDS_M3_01451,-83.8215,178.8657,77.9,11.6,10.5,0.51,4.13,1.09,0.069,6.0,43.6
PDS_M3_01452,-81.311,-25.0765,72.0,20.0,8.0,0.35,3.76,1.32,0.102,6.4,43.6
PDS_M3_01453,-84.2939,-64.6925,76.7,14.9,8.4,0.32,3.2,1.87,0.072,4.1,43.8
PDS_M3_01454,-89.6961,146.3952,67.4,25.0,7.6,0.65,4.47,1.06,0.118,7.7,43.2
PDS_M3_01455,-80.6905,-111.1528,77.9,12.0,10.1,0.41,4.06,1.03,0.103,7.4,44.2
PDS_M3_01456,-83.1047,41.5544,78.6,13.4,8.0,0.4,4.55,0.85,0.106,5.4,43.9
PDS_M3_01457,-83.2349,-33.9428,79.0,13.7,7.3,0.5,4.57,1.2,0.073,5.7,43.4
PDS_M3_01458,-87.8432,-165.2103,74.4,16.9,8.7,0.13,6.21,1.44,0.043,7.2,43.1
PDS_M3_01459,-83.4111,-54.9761,77.2,14.2,8.6,0.65,5.16,0.95,0.164,9.3,44.0
PDS_M3_01460,-86.0614,-84.5177,81.7,10.6,7.7,0.74,4.64,0.98,0.045,3.8,43.8
PDS_M3_01461,-83.4877,66.9928,81.7,10.8,7.5,0.59,2.49,0.94,0.077,5.2,44.1
PDS_M3_01462,-88.9341,161.5646,75.9,13.5,10.6,0.51,4.51,0.75,0.062,5.3,43.6
PDS_M3_01463,-83.4215,-83.503,76.6,16.1,7.3,0.42,5.47,1.14,0.061,7.0,43.8
PDS_M3_01464,-80.0059,112.1277,80.4,12.2,7.4,0.29,3.86,1.15,0.055,6.2,44.1
PDS_M3_01465,-89.5179,-160.0705,70.0,22.0,8.0,0.63,5.95,1.09,0.059,5.2,42.8
PDS_M3_01466,-80.2283,13.7236,74.7,14.5,10.8,0.59,4.64,1.65,0.22,4.1,44.3
PDS_M3_01467,-85.9309,-154.602,81.3,11.4,7.3,0.52,4.44,1.22,0.22,7.0,44.0
PDS_M3_01468,-81.2925,156.2519,79.9,9.8,10.3,0.5,3.41,0.77,0.091,5.6,43.0
PDS_M3_01469,-82.1761,95.8865,77.5,11.9,10.6,0.5,5.4,1.29,0.085,4.4,44.3
PDS_M3_01470,-84.3298,56.862,70.0,21.5,8.5,0.37,3.54,1.0,0.043,5.0,43.8
PDS_M3_01471,-82.6155,116.6027,75.8,16.0,8.2,0.83,3.75,1.0,0.138,5.3,43.6
PDS_M3_01472,-81.2148,53.1071,73.6,16.7,9.7,0.41,2.7,1.05,0.051,5.4,44.1
PDS_M3_01473,-85.9586,168.82,77.3,12.9,9.8,0.39,4.92,1.01,0.049,4.5,43.4
PDS_M3_01474,-86.7297,77.0249,72.8,17.1,10.1,0.62,4.67,1.18,0.073,4.6,43.5
PDS_M3_01475,-83.3241,152.8771,71.9,17.8,10.3,0.45,4.21,1.73,0.066,8.6,44.5
PDS_M3_01476,-81.9215,6.1675,67.7,24.2,8.1,0.45,4.79,0.99,0.046,6.2,43.6
PDS_M3_01477,-82.3771,-137.8568,80.9,9.4,9.7,0.66,4.72,1.13,0.05,5.3,44.3
PDS_M3_01478,-82.0219,10.144,74.4,18.1,7.5,0.55,3.91,1.17,0.22,6.3,43.9
PDS_M3_01479,-85.6442,-134.3258,76.6,14.4,9.0,0.56,3.57,0.95,0.12,6.0,43.1
PDS_M3_01480,-81.8217,33.2977,76.0,14.5,9.5,0.24,2.83,0.98,0.095,4.7,43.8
PDS_M3_01481,-88.7979,-6.3025,71.7,20.7,7.6,0.51,4.06,1.4,0.062,3.5,43.6
PDS_M3_01482,-84.5551,44.1271,71.0,21.7,7.3,0.3,3.15,0.95,0.074,5.2,44.0
PDS_M3_01483,-89.9424,-176.3831,72.0,20.2,7.8,0.38,4.33,0.83,0.099,5.6,44.1
PDS_M3_01484,-86.7541,-109.8574,73.1,18.2,8.7,0.48,4.07,1.63,0.132,5.7,44.1
PDS_M3_01485,-86.3354,-3.121,77.5,11.9,10.6,0.44,3.88,0.74,0.216,3.6,43.5
PDS_M3_01486,-86.0383,162.1813,72.8,18.1,9.1,0.55,5.04,1.37,0.048,8.8,43.0
PDS_M3_01487,-83.0453,-41.9007,83.0,7.0,10.0,0.57,3.41,1.04,0.053,8.7,44.1
PDS_M3_01488,-86.1144,-27.2261,80.1,12.2,7.7,0.58,2.72,0.74,0.09,6.3,43.8
PDS_M3_01489,-85.5131,77.2906,79.2,13.4,7.4,0.25,4.02,0.99,0.207,5.8,43.4
PDS_M3_01490,-87.6246,37.3654,75.5,16.5,8.0,0.8,3.61,1.03,0.076,5.1,43.4
PDS_M3_01491,-86.2675,-72.3866,82.1,9.6,8.3,0.45,4.3,0.61,0.1,6.5,43.8
PDS_M3_01492,-87.7273,-32.1061,75.1,15.7,9.2,0.63,3.47,1.23,0.061,5.7,43.7
PDS_M3_01493,-89.268,-101.6281,75.9,13.6,10.5,0.1,4.54,1.2,0.14,7.3,43.4
PDS_M3_01494,-83.9655,167.7677,76.7,14.6,8.7,0.41,3.42,1.0,0.096,6.9,43.7
PDS_M3_01495,-83.3179,-132.9716,78.8,12.1,9.1,0.23,3.41,1.24,0.069,4.8,43.7
PDS_M3_01496,-83.8051,-46.1388,78.5,14.5,7.0,0.32,4.69,1.16,0.087,5.0,43.9
PDS_M3_01497,-85.3651,-170.698,74.1,18.8,7.1,0.46,4.16,1.49,0.111,7.0,43.2
PDS_M3_01498,-86.2021,-100.1594,73.9,18.8,7.3,0.4,3.25,0.78,0.054,6.6,43.3
PDS_M3_01499,-81.3667,100.9696,78.6,11.6,9.8,0.65,3.44,1.01,0.065,4.5,44.3
PDS_M3_01500,-84.8092,-107.5769,78.9,12.2,8.9,0.72,3.9,1.4,0.057,5.3,43.7
PDS_M3_01501,-85.2082,-151.1772,74.4,17.8,7.8,0.3,3.29,1.26,0.22,5.6,43.8
PDS_M3_01502,-89.7436,-9.1969,69.7,20.9,9.4,0.38,3.97,0.41,0.043,5.8,43.0
PDS_M3_01503,-86.5875,-176.4111,75.2,15.6,9.2,0.3,4.0,0.6,0.043,5.7,44.1
PDS_M3_01504,-86.198,-149.4842,78.5,14.1,7.4,0.62,3.47,1.1,0.066,6.9,44.2
PDS_M3_01505,-86.0118,110.7453,83.2,7.2,9.6,0.47,4.72,1.59,0.086,6.0,44.0
PDS_M3_01506,-84.1983,97.7304,71.2,18.7,10.1,0.45,3.38,0.97,0.064,5.9,43.2
PDS_M3_01507,-84.664,149.45,74.3,17.6,8.1,0.5,5.2,1.29,0.157,4.9,43.0
PDS_M3_01508,-83.9209,127.6256,74.4,15.9,9.7,0.4,4.03,1.12,0.051,6.0,44.5
PDS_M3_01509,-82.3512,65.9432,81.4,10.8,7.8,0.32,3.67,1.27,0.067,5.8,43.7
PDS_M3_01510,-81.8701,-161.1602,75.9,14.1,10.0,0.46,4.63,1.42,0.08,5.2,43.1
PDS_M3_01511,-82.8188,101.8255,72.4,17.0,10.6,0.41,4.23,1.38,0.054,4.4,43.3
PDS_M3_01512,-80.4448,124.3839,78.2,13.0,8.8,0.5,4.81,1.37,0.061,7.3,43.9
PDS_M3_01513,-89.8177,107.6696,74.4,17.6,8.0,0.21,2.6,0.92,0.217,7.9,43.1
PDS_M3_01514,-88.0422,3.0525,71.1,20.3,8.6,0.48,4.61,1.05,0.084,6.1,43.3
PDS_M3_01515,-89.9244,-96.1553,72.4,19.6,8.0,0.35,3.78,1.26,0.162,7.5,43.0
PDS_M3_01516,-83.5253,124.3188,82.9,10.1,7.0,0.47,4.23,1.24,0.059,6.1,44.5
PDS_M3_01517,-81.0197,81.7786,77.5,12.9,9.6,0.59,4.13,1.28,0.097,4.1,43.7
PDS_M3_01518,-87.5652,173.074,76.4,16.4,7.2,0.37,5.28,0.57,0.126,6.2,43.1
PDS_M3_01519,-80.7297,-123.9507,75.0,17.2,7.8,0.63,2.71,1.46,0.073,5.4,43.3
PDS_M3_01520,-89.3973,-98.7608,77.2,12.9,9.9,0.19,5.49,0.59,0.099,6.4,43.4
PDS_M3_01521,-80.6556,-103.7527,77.1,13.2,9.7,0.68,4.77,0.87,0.159,7.7,43.7
PDS_M3_01522,-86.4838,105.3143,77.2,15.5,7.3,0.64,4.32,1.16,0.049,5.2,43.3
PDS_M3_01523,-88.9858,-112.7134,76.5,13.9,9.6,0.32,3.05,1.09,0.066,6.3,43.5
PDS_M3_01524,-85.1413,-156.0025,79.5,9.8,10.7,0.32,2.86,1.53,0.144,6.8,43.5
PDS_M3_01525,-87.4322,179.4819,76.1,16.6,7.3,0.23,3.75,0.75,0.056,7.4,43.1
PDS_M3_01526,-87.1513,-171.0658,72.1,19.2,8.7,0.59,4.71,0.99,0.089,7.0,43.2
PDS_M3_01527,-86.9271,120.6879,73.6,16.5,9.9,0.4,4.2,0.51,0.075,4.5,43.3
PDS_M3_01528,-81.9697,-48.4679,68.1,22.2,9.7,0.39,4.66,1.14,0.106,4.5,42.9
PDS_M3_01529,-84.6084,122.9816,84.1,8.0,7.9,0.28,3.03,1.04,0.106,6.7,43.4
PDS_M3_01530,-86.8869,19.6634,79.5,12.8,7.7,0.72,4.24,0.73,0.092,5.3,43.5
PDS_M3_01531,-83.8967,144.5872,72.7,17.2,10.1,0.3,5.08,1.49,0.216,4.6,43.9
PDS_M3_01532,-82.8385,153.4295,74.9,14.3,10.8,0.45,5.36,1.42,0.052,7.2,43.6
PDS_M3_01533,-87.2738,-176.7247,73.5,16.4,10.1,0.48,3.2,1.12,0.148,5.4,42.3
PDS_M3_01534,-85.8645,-152.8516,82.2,6.9,10.9,0.39,3.92,1.44,0.08,7.8,44.3
PDS_M3_01535,-88.7811,-89.8709,70.3,20.3,9.4,0.36,3.93,1.07,0.105,5.3,43.2
PDS_M3_01536,-88.1885,60.9535,76.5,12.8,10.7,0.39,3.7,1.31,0.059,4.9,44.3
PDS_M3_01537,-83.1888,139.778,75.6,14.6,9.8,0.53,4.93,1.36,0.046,5.7,44.0
PDS_M3_01538,-88.1856,-14.4209,79.3,10.1,10.6,0.4,6.5,0.78,0.13,6.7,43.7
PDS_M3_01539,-84.7484,38.5103,75.6,16.8,7.6,0.69,3.31,1.23,0.057,6.2,43.6
PDS_M3_01540,-82.9095,-112.1401,69.0,20.7,10.3,0.33,4.54,1.15,0.07,8.1,43.0
PDS_M3_01541,-88.9312,109.7881,75.0,17.2,7.8,0.56,4.44,0.79,0.043,6.0,43.9
PDS_M3_01542,-84.3269,168.2381,72.1,20.8,7.1,0.19,4.45,0.72,0.103,5.6,44.2
PDS_M3_01543,-87.4344,-83.3044,76.3,14.6,9.1,0.33,5.27,1.25,0.11,7.6,43.4
PDS_M3_01544,-80.3707,-1.8627,81.7,10.0,8.3,0.33,4.5,1.02,0.179,6.5,43.6
PDS_M3_01545,-85.1645,-148.9982,69.0,23.8,7.2,0.28,2.49,0.66,0.173,5.3,44.2
PDS_M3_01546,-81.9401,21.2892,72.8,16.3,10.9,0.49,3.05,1.27,0.113,6.1,43.6
PDS_M3_01547,-84.4977,1.002,73.8,16.5,9.7,0.43,3.35,1.38,0.063,6.1,43.0
PDS_M3_01548,-89.5659,-128.0029,74.5,14.9,10.6,0.11,3.6,0.75,0.068,5.6,43.1
PDS_M3_01549,-83.6685,-20.8562,79.0,10.0,11.0,0.75,4.09,1.1,0.069,6.0,44.4
PDS_M3_01550,-80.486,-59.7223,75.3,16.1,8.6,0.48,4.03,1.56,0.048,4.3,43.8
PDS_M3_01551,-83.9839,7.8591,77.7,14.3,8.0,0.45,2.74,0.83,0.217,5.4,43.3
PDS_M3_01552,-81.8081,30.8356,73.5,18.8,7.7,0.65,2.91,1.61,0.142,6.3,43.7
PDS_M3_01553,-81.1579,-176.9416,76.9,14.0,9.1,0.6,2.5,1.0,0.049,5.2,43.4
PDS_M3_01554,-87.7192,93.9622,79.1,11.5,9.4,0.41,2.96,1.08,0.216,4.7,43.0
PDS_M3_01555,-87.8796,76.6851,73.1,18.0,8.9,0.16,4.99,0.68,0.151,5.8,43.4
PDS_M3_01556,-83.8902,-48.1369,79.1,12.4,8.5,0.53,3.98,0.69,0.191,5.2,43.8
PDS_M3_01557,-85.8897,-160.9431,76.2,16.1,7.7,0.31,3.44,0.9,0.06,4.2,43.0
PDS_M3_01558,-81.6014,91.7757,80.2,11.0,8.8,0.64,2.67,1.37,0.065,4.2,43.3
PDS_M3_01559,-80.9998,163.8631,75.2,17.5,7.3,0.33,3.39,1.8,0.078,6.3,43.2
PDS_M3_01560,-86.4658,-93.5454,77.5,12.0,10.5,0.38,4.69,1.88,0.055,5.9,43.6
PDS_M3_01561,-87.6313,-63.5311,75.8,17.0,7.2,0.25,4.58,1.06,0.078,6.2,43.7
PDS_M3_01562,-82.1947,-113.8274,75.6,15.9,8.5,0.26,4.0,0.99,0.041,5.4,43.1
PDS_M3_01563,-87.2519,27.697,77.0,15.6,7.4,0.43,3.99,0.8,0.166,4.0,43.5
PDS_M3_01564,-81.7739,-124.2571,78.1,11.8,10.1,0.42,2.78,1.43,0.051,4.8,43.5
PDS_M3_01565,-85.7626,-51.7702,71.0,20.7,8.3,0.38,3.58,0.88,0.082,5.4,42.8
PDS_M3_01566,-83.3245,70.9247,81.7,10.8,7.5,0.76,4.64,1.03,0.199,6.3,43.9
PDS_M3_01567,-89.0446,21.6418,68.6,22.3,9.1,0.54,3.66,1.25,0.143,3.7,43.6
PDS_M3_01568,-83.7614,-40.8735,73.3,16.0,10.7,0.45,5.5,1.24,0.13,3.0,43.7
PDS_M3_01569,-85.4823,-28.7101,75.6,13.8,10.6,0.1,5.16,0.92,0.096,7.5,43.1
PDS_M3_01570,-84.1339,22.3599,77.6,14.4,8.0,0.57,3.84,1.07,0.074,6.5,44.0
PDS_M3_01571,-88.3199,-177.8887,82.3,7.8,9.9,0.9,3.99,0.92,0.075,4.7,43.8
PDS_M3_01572,-82.6313,-151.7364,68.6,24.3,7.1,0.42,5.98,0.85,0.045,5.5,43.8
PDS_M3_01573,-81.372,137.2529,74.0,18.5,7.5,0.33,4.88,0.79,0.044,5.3,43.8
PDS_M3_01574,-87.8326,-151.9636,67.5,23.5,9.0,0.47,4.26,0.66,0.151,6.1,43.5
PDS_M3_01575,-89.0429,74.4493,76.1,16.0,7.9,0.24,4.35,1.21,0.072,5.2,43.6
PDS_M3_01576,-89.7636,151.2137,77.1,12.7,10.2,0.52,4.32,1.03,0.043,4.4,44.1
PDS_M3_01577,-83.5803,-82.5539,82.4,6.9,10.7,0.68,4.19,0.76,0.105,6.4,43.4
PDS_M3_01578,-83.9291,-46.6231,76.5,16.5,7.0,0.35,3.34,0.73,0.109,8.0,43.2
PDS_M3_01579,-84.533,24.8117,80.2,11.9,7.9,0.35,3.88,0.73,0.055,6.4,44.9
PDS_M3_01580,-87.6805,137.4152,78.3,12.9,8.8,0.44,3.05,0.92,0.072,5.9,43.0
PDS_M3_01581,-86.0909,159.086,74.3,16.4,9.3,0.37,4.78,1.44,0.091,5.5,43.1
PDS_M3_01582,-84.0552,86.2428,70.4,18.9,10.7,0.22,4.09,0.9,0.094,4.9,43.8
PDS_M3_01583,-85.0323,-148.8169,77.1,12.3,10.6,0.39,4.82,1.27,0.083,5.3,43.0
PDS_M3_01584,-80.1221,60.8955,70.0,20.5,9.5,0.36,3.18,1.57,0.067,6.3,43.7
PDS_M3_01585,-88.6356,-32.2907,81.2,10.8,8.0,0.65,5.34,1.15,0.044,7.2,44.3
PDS_M3_01586,-83.0486,-10.5476,75.4,14.5,10.1,0.62,5.24,0.87,0.041,7.3,44.2
PDS_M3_01587,-85.9568,-162.3066,80.8,11.4,7.8,0.66,2.94,1.07,0.077,6.0,43.9
PDS_M3_01588,-85.718,-111.2176,74.1,15.0,10.9,0.57,3.8,1.09,0.054,6.0,43.1
PDS_M3_01589,-82.824,104.5849,77.1,15.9,7.0,0.48,3.88,1.62,0.207,5.9,43.3
PDS_M3_01590,-83.0756,-16.5748,76.8,13.9,9.3,0.32,3.05,0.58,0.101,6.5,44.2
PDS_M3_01591,-80.0874,-71.4016,75.8,16.8,7.4,0.65,3.99,1.43,0.093,5.9,42.9
PDS_M3_01592,-88.7161,-41.7531,74.3,17.1,8.6,0.5,4.65,0.58,0.071,5.9,43.9
PDS_M3_01593,-88.9589,127.5838,77.6,12.9,9.5,0.26,3.82,1.34,0.064,4.8,43.1
PDS_M3_01594,-82.7566,89.6396,72.3,17.9,9.8,0.31,2.83,0.98,0.052,4.7,43.5
PDS_M3_01595,-84.2161,-81.9665,71.2,18.7,10.1,0.26,4.82,1.65,0.044,5.0,43.2
PDS_M3_01596,-87.2584,-137.6993,81.0,9.6,9.4,0.14,3.57,1.3,0.1,6.1,43.7
PDS_M3_01597,-89.2058,-89.2806,78.9,13.1,8.0,0.51,3.65,1.27,0.131,5.4,44.3
PDS_M3_01598,-89.1434,151.4723,76.3,13.1,10.6,0.26,5.55,0.82,0.157,8.9,43.5
PDS_M3_01599,-81.0581,29.372,82.7,7.1,10.2,0.34,4.52,1.64,0.117,6.3,44.3
PDS_M3_01600,-88.0813,12.0529,74.9,17.5,7.6,0.46,3.55,1.94,0.176,7.7,43.3
PDS_M3_01601,-86.7663,34.7017,81.3,8.4,10.3,0.42,3.25,1.7,0.22,7.6,44.0
PDS_M3_01602,-87.7334,-48.2298,76.7,12.4,10.9,0.34,4.97,0.8,0.22,6.3,43.6
PDS_M3_01603,-86.45,110.5585,71.9,18.6,9.5,0.68,4.92,1.04,0.094,5.8,43.0
PDS_M3_01604,-89.3058,8.383,83.4,8.5,8.1,0.22,3.79,0.74,0.055,4.7,43.4
PDS_M3_01605,-84.8094,-137.9708,80.0,10.6,9.4,0.23,3.19,0.92,0.047,5.1,43.7
PDS_M3_01606,-89.3239,-133.5366,75.5,16.1,8.4,0.52,4.51,1.19,0.22,6.8,43.5
PDS_M3_01607,-81.9964,13.2693,78.9,11.4,9.7,0.36,4.68,1.32,0.062,6.1,44.0
PDS_M3_01608,-87.6629,157.1653,74.4,16.4,9.2,0.35,3.9,1.26,0.042,5.0,42.9
PDS_M3_01609,-84.5999,-68.9932,79.3,10.0,10.7,0.29,3.32,0.58,0.07,5.6,43.4
PDS_M3_01610,-81.1992,133.0348,66.4,24.1,9.5,0.5,4.22,1.09,0.123,6.2,43.5
PDS_M3_01611,-83.4912,95.0744,71.9,20.2,7.9,0.48,4.57,1.26,0.173,5.8,43.4
PDS_M3_01612,-84.6704,-90.7875,79.9,10.2,9.9,0.47,3.81,1.38,0.079,5.5,43.2
PDS_M3_01613,-86.7567,-166.9173,75.0,16.8,8.2,0.36,4.41,1.23,0.061,5.7,43.8
PDS_M3_01614,-86.67,-143.335,76.8,15.1,8.1,0.34,4.49,1.25,0.13,2.9,44.0
PDS_M3_01615,-83.3051,82.2578,70.6,20.8,8.6,0.43,5.12,1.03,0.082,5.8,43.1
PDS_M3_01616,-80.0586,-108.1189,83.4,9.6,7.0,0.59,3.86,1.18,0.045,4.5,44.3
PDS_M3_01617,-83.3816,-46.3425,80.8,8.3,10.9,0.69,3.29,1.88,0.171,6.2,43.6
PDS_M3_01618,-84.4222,0.6117,75.2,15.7,9.1,0.62,4.15,1.46,0.104,6.0,43.5
PDS_M3_01619,-82.6935,81.1685,74.4,15.5,10.1,0.53,5.55,1.21,0.042,6.7,43.4
PDS_M3_01620,-85.3479,-139.2368,80.1,11.9,8.0,0.6,2.79,1.32,0.041,6.7,44.2
PDS_M3_01621,-89.3986,-33.7081,83.9,6.1,10.0,0.27,2.35,1.12,0.046,7.9,43.9
PDS_M3_01622,-84.377,-5.3738,79.8,10.9,9.3,0.34,4.11,1.12,0.144,3.4,44.1
PDS_M3_01623,-80.4237,14.6977,84.7,6.6,8.7,0.53,3.9,1.39,0.079,5.6,43.8
PDS_M3_01624,-88.247,114.6098,72.3,16.8,10.9,0.43,4.03,0.92,0.065,3.4,43.7
PDS_M3_01625,-83.1,-118.1958,72.7,18.3,9.0,0.5,4.0,1.06,0.057,6.4,43.1
PDS_M3_01626,-87.9907,110.8193,71.2,19.2,9.6,0.6,5.0,0.69,0.082,5.6,43.9
PDS_M3_01627,-84.6417,69.4362,77.8,15.1,7.1,0.57,4.17,1.33,0.045,5.2,43.6
PDS_M3_01628,-89.0332,20.1135,76.7,15.1,8.2,0.29,4.86,1.42,0.098,6.1,44.2
PDS_M3_01629,-85.4963,71.83,75.4,14.0,10.6,0.45,2.22,1.28,0.069,4.5,43.6
PDS_M3_01630,-82.4384,-31.6736,79.2,10.8,10.0,0.31,3.78,1.03,0.157,8.0,43.8
PDS_M3_01631,-86.5243,-130.1769,80.9,10.0,9.1,0.33,3.55,1.09,0.124,5.5,44.7
PDS_M3_01632,-83.3509,59.6755,69.9,19.5,10.6,0.19,2.37,1.14,0.041,5.9,43.7
PDS_M3_01633,-82.0455,8.882,73.6,17.5,8.9,0.47,4.28,1.43,0.051,5.6,43.7
PDS_M3_01634,-80.7282,50.1749,79.3,11.4,9.3,0.18,4.12,1.41,0.079,6.9,43.3
PDS_M3_01635,-87.6536,-58.3204,74.1,17.4,8.5,0.51,3.83,0.67,0.104,4.4,43.3
PDS_M3_01636,-86.0068,146.472,72.8,17.7,9.5,0.65,4.1,0.84,0.115,6.8,43.9
PDS_M3_01637,-88.4758,31.4532,80.1,11.6,8.3,0.53,4.28,1.23,0.142,5.2,43.7
PDS_M3_01638,-80.0752,-149.2551,70.8,20.7,8.5,0.46,5.01,0.7,0.043,5.2,43.4
PDS_M3_01639,-80.73,-18.0706,74.8,14.3,10.9,0.68,4.71,1.38,0.041,6.9,43.2
PDS_M3_01640,-84.6004,92.2882,77.3,15.3,7.4,0.5,4.46,1.02,0.095,5.5,43.9
PDS_M3_01641,-81.5797,105.8884,73.7,18.9,7.4,0.32,6.05,1.31,0.117,6.5,43.6
PDS_M3_01642,-84.7904,-1.9451,79.1,13.7,7.2,0.47,3.63,1.11,0.133,6.6,44.1
PDS_M3_01643,-83.7641,142.1091,73.7,18.0,8.3,0.74,3.11,1.07,0.05,5.4,44.1
PDS_M3_01644,-89.1088,-83.6394,81.6,9.8,8.6,0.29,5.14,0.77,0.22,6.1,44.0
PDS_M3_01645,-82.4473,-32.1845,75.5,17.1,7.4,0.24,5.69,0.94,0.056,5.2,43.2
PDS_M3_01646,-88.7229,143.4949,78.7,12.1,9.2,0.54,3.69,1.07,0.057,5.8,43.1
PDS_M3_01647,-81.7393,142.6524,79.0,11.7,9.3,0.42,5.3,1.06,0.05,6.4,44.1
PDS_M3_01648,-82.1797,66.8566,73.5,16.5,10.0,0.37,3.77,1.32,0.043,4.7,43.6
PDS_M3_01649,-82.9126,129.233,67.8,21.3,10.9,0.26,4.67,0.91,0.14,6.3,44.1
PDS_M3_01650,-89.6384,-148.0416,77.4,13.1,9.5,0.16,4.71,1.09,0.04,6.2,43.7
PDS_M3_01651,-86.9687,131.3982,76.3,16.3,7.4,0.23,3.7,1.55,0.077,4.0,43.0
PDS_M3_01652,-87.3689,-64.5768,78.2,14.4,7.4,0.69,5.68,1.35,0.046,4.9,43.2
PDS_M3_01653,-86.3986,-115.8007,75.1,14.8,10.1,0.45,5.77,1.13,0.043,5.0,43.3
PDS_M3_01654,-89.1236,-93.8269,74.3,16.1,9.6,0.16,3.38,0.66,0.204,5.3,44.3
PDS_M3_01655,-80.6304,-29.5313,84.0,8.4,7.6,0.63,4.36,0.69,0.145,4.7,44.4
PDS_M3_01656,-84.462,-89.5709,70.1,21.9,8.0,0.64,4.93,1.29,0.07,6.9,43.2
PDS_M3_01657,-86.9448,-64.5957,78.9,11.1,10.0,0.63,2.69,1.32,0.077,7.1,43.7
PDS_M3_01658,-86.0302,-131.4077,73.7,17.0,9.3,0.39,4.22,0.52,0.162,4.9,43.0
PDS_M3_01659,-85.528,-73.3764,74.7,16.0,9.3,0.41,2.88,1.31,0.136,4.4,43.1
PDS_M3_01660,-83.9941,26.0222,74.7,17.5,7.8,0.47,4.73,0.93,0.111,5.8,44.1
PDS_M3_01661,-84.8432,-20.9327,72.8,17.7,9.5,0.66,4.27,0.98,0.086,7.4,43.9
PDS_M3_01662,-80.8061,-55.1812,78.3,11.6,10.1,0.37,3.9,1.37,0.096,8.4,43.6
PDS_M3_01663,-85.0304,88.7228,81.6,7.9,10.5,0.34,2.95,1.32,0.07,5.0,44.6
PDS_M3_01664,-80.0784,141.6636,77.9,12.2,9.9,0.55,3.72,1.07,0.085,3.1,43.9
PDS_M3_01665,-81.4858,92.4441,76.4,14.3,9.3,0.63,4.62,1.31,0.087,4.0,43.8
PDS_M3_01666,-87.9149,-60.4797,72.1,18.2,9.7,0.44,4.17,0.99,0.16,3.7,43.6
PDS_M3_01667,-80.694,87.9992,78.1,13.0,8.9,0.55,5.15,0.86,0.055,6.3,43.3
PDS_M3_01668,-88.8363,-125.2871,84.6,7.5,7.9,0.47,5.1,1.48,0.057,5.9,44.3
PDS_M3_01669,-81.8255,-133.0855,74.5,15.0,10.5,0.41,5.07,1.5,0.054,6.1,44.0
PDS_M3_01670,-86.1938,-55.5743,74.5,16.4,9.1,0.33,3.77,0.91,0.092,7.2,43.7
PDS_M3_01671,-81.2203,110.7729,73.8,16.8,9.4,0.28,4.44,0.94,0.111,7.8,43.1
PDS_M3_01672,-81.3194,-91.3146,74.0,15.0,11.0,0.36,3.43,1.37,0.056,6.8,44.0
PDS_M3_01673,-81.9407,-157.2288,65.0,24.1,10.9,0.3,3.19,0.89,0.108,6.7,42.6
PDS_M3_01674,-82.0997,-132.5846,77.6,13.1,9.3,0.49,5.15,1.34,0.099,4.0,43.4
PDS_M3_01675,-86.9532,129.1482,72.6,20.3,7.1,0.63,3.25,0.79,0.063,5.2,43.8
PDS_M3_01676,-89.1908,48.162,69.6,21.8,8.6,0.48,3.16,1.01,0.056,7.5,43.3
PDS_M3_01677,-85.9702,-88.8476,79.0,10.3,10.7,0.31,4.28,1.39,0.168,5.1,43.4
PDS_M3_01678,-88.2648,19.9065,71.7,20.1,8.2,0.58,3.98,0.81,0.091,7.1,44.1
PDS_M3_01679,-83.0505,9.9287,74.6,14.4,11.0,0.49,4.05,0.92,0.113,5.9,44.1
PDS_M3_01680,-86.539,55.957,81.9,10.8,7.3,0.52,6.04,1.21,0.196,6.7,44.3
PDS_M3_01681,-80.2439,-96.0525,70.4,20.3,9.3,0.37,3.4,0.56,0.054,4.8,43.6
PDS_M3_01682,-83.5903,131.1851,69.9,21.0,9.1,0.62,4.6,1.12,0.066,6.7,43.5
PDS_M3_01683,-81.7752,-68.6273,77.1,14.9,8.0,0.62,4.27,1.45,0.074,5.0,44.4
PDS_M3_01684,-88.6748,69.8874,80.6,8.6,10.8,0.42,5.01,1.36,0.056,6.1,44.4
PDS_M3_01685,-81.3799,-174.1951,69.7,20.8,9.5,0.56,3.57,1.09,0.15,5.8,43.4
PDS_M3_01686,-80.7724,-45.8434,77.6,14.5,7.9,0.62,4.02,1.11,0.045,7.2,44.8
PDS_M3_01687,-85.1294,-53.3845,78.3,13.2,8.5,0.38,4.29,1.55,0.056,6.8,43.7
PDS_M3_01688,-83.9375,15.6544,67.8,22.3,9.9,0.44,3.05,1.51,0.053,3.7,43.5
PDS_M3_01689,-82.3519,-153.8149,79.2,12.6,8.2,0.46,2.76,1.07,0.22,4.8,44.3
PDS_M3_01690,-88.2516,104.4473,79.5,10.0,10.5,0.29,4.18,0.91,0.099,5.0,43.9
PDS_M3_01691,-84.9743,-101.5989,74.8,17.5,7.7,0.52,5.27,1.36,0.116,6.6,43.5
PDS_M3_01692,-86.0134,63.7336,81.0,10.9,8.1,0.6,3.92,1.44,0.047,5.2,44.0
PDS_M3_01693,-88.5363,109.1564,80.5,11.9,7.6,0.43,4.03,1.51,0.053,4.5,43.8
PDS_M3_01694,-86.3247,22.2757,76.4,16.2,7.4,0.5,5.12,1.28,0.14,4.2,42.8
PDS_M3_01695,-89.3183,86.718,74.2,17.6,8.2,0.66,4.08,0.99,0.09,6.7,44.0
PDS_M3_01696,-89.7419,58.2697,72.1,16.9,11.0,0.39,4.82,0.6,0.043,3.3,43.3
PDS_M3_01697,-88.6483,-52.0093,75.8,16.8,7.4,0.5,6.33,1.68,0.09,7.1,43.2
PDS_M3_01698,-80.3688,111.1891,78.3,13.8,7.9,0.36,3.74,1.58,0.079,4.3,44.2
PDS_M3_01699,-84.5047,-73.9075,74.7,17.2,8.1,0.36,4.06,0.87,0.05,5.3,43.8
PDS_M3_01700,-80.3418,25.6367,67.2,23.3,9.5,0.5,4.52,1.16,0.094,4.4,43.6
PDS_M3_01701,-85.675,88.3432,81.1,8.9,10.0,0.49,5.39,1.03,0.051,4.7,43.8
PDS_M3_01702,-86.8818,-43.5759,76.8,13.2,10.0,0.53,4.11,1.12,0.14,5.5,43.8
PDS_M3_01703,-84.9386,-71.0037,74.5,18.5,7.0,0.46,4.78,0.98,0.098,5.6,43.5
PDS_M3_01704,-85.6049,-14.6354,79.4,11.0,9.6,0.52,4.48,1.31,0.163,3.9,43.4
PDS_M3_01705,-88.9434,114.4669,82.1,8.4,9.5,0.7,4.14,0.76,0.073,5.3,44.1
PDS_M3_01706,-83.5917,154.7718,64.8,26.1,9.1,0.61,3.86,0.98,0.083,5.9,43.4
PDS_M3_01707,-87.8396,16.23,77.7,13.8,8.5,0.5,3.71,1.36,0.126,6.4,44.4
PDS_M3_01708,-83.8041,58.1278,70.3,19.5,10.2,0.53,6.65,0.51,0.087,3.3,42.6
PDS_M3_01709,-83.498,145.1785,78.0,13.6,8.4,0.41,2.97,1.19,0.091,5.2,44.2
PDS_M3_01710,-88.4798,-144.5231,76.5,15.6,7.9,0.43,3.04,0.94,0.088,3.3,43.5
PDS_M3_01711,-89.3865,-96.4517,78.5,13.3,8.2,0.52,4.4,1.58,0.081,5.2,43.6
PDS_M3_01712,-82.1924,75.204,74.0,17.2,8.8,0.46,4.36,1.2,0.138,5.3,43.8
PDS_M3_01713,-85.402,116.548,68.5,23.6,7.9,0.57,4.54,0.86,0.08,6.6,43.0
PDS_M3_01714,-89.4184,128.5305,74.2,16.4,9.4,0.64,3.5,1.54,0.179,7.0,43.4
PDS_M3_01715,-80.0513,-30.5614,77.6,11.9,10.5,0.43,3.38,1.11,0.139,4.6,44.0
PDS_M3_01716,-89.4222,-147.8376,80.1,10.5,9.4,0.15,3.97,1.14,0.111,6.2,43.6
PDS_M3_01717,-83.0496,-22.3987,71.3,19.9,8.8,0.76,4.93,1.37,0.177,6.6,43.2
PDS_M3_01718,-80.1632,-96.9355,80.1,9.7,10.2,0.35,3.39,0.92,0.086,4.9,43.5
PDS_M3_01719,-87.6082,-75.1693,73.4,16.6,10.0,0.48,4.32,1.53,0.144,6.7,43.7
PDS_M3_01720,-88.5775,98.0163,77.4,14.1,8.5,0.56,3.79,1.27,0.057,6.0,43.2
PDS_M3_01721,-88.7862,-152.8102,74.0,16.6,9.4,0.66,2.98,0.91,0.045,5.5,43.9
PDS_M3_01722,-86.9672,117.9292,76.7,13.4,9.9,0.72,3.17,0.97,0.109,6.0,44.5
PDS_M3_01723,-88.9895,-26.0391,79.6,12.4,8.0,0.4,4.93,0.72,0.062,3.9,43.8
PDS_M3_01724,-83.0784,34.583,71.1,20.4,8.5,0.63,3.72,1.19,0.1,6.0,43.7
PDS_M3_01725,-89.3771,-147.7252,73.3,19.3,7.4,0.48,5.2,1.05,0.045,4.8,43.7
PDS_M3_01726,-84.9058,-58.5507,76.7,12.3,11.0,0.86,4.17,1.19,0.22,5.8,43.3
PDS_M3_01727,-80.033,-147.7077,85.6,7.1,7.3,0.62,3.11,0.59,0.083,5.3,44.1
PDS_M3_01728,-81.8603,166.1557,72.5,19.8,7.7,0.42,4.58,0.94,0.041,6.1,43.6
PDS_M3_01729,-83.8478,110.6142,84.2,6.9,8.9,0.33,3.56,0.81,0.079,7.2,44.7
PDS_M3_01730,-86.9375,-14.5322,84.0,5.5,10.5,0.1,3.9,1.25,0.134,6.0,44.0
PDS_M3_01731,-83.761,-99.5031,75.6,16.0,8.4,0.55,5.11,0.92,0.16,7.0,44.1
PDS_M3_01732,-84.7296,156.0438,74.8,15.1,10.1,0.6,3.17,1.24,0.077,4.6,43.8
PDS_M3_01733,-85.7392,-55.9452,73.2,17.1,9.7,0.56,3.84,0.94,0.048,7.5,43.4
PDS_M3_01734,-88.6929,-122.0456,75.7,14.7,9.6,0.1,3.33,1.59,0.182,4.6,43.2
PDS_M3_01735,-81.134,22.7392,70.4,19.2,10.4,0.26,3.25,1.12,0.22,4.3,43.6
PDS_M3_01736,-85.5022,159.7587,75.7,17.2,7.1,0.52,3.82,1.37,0.044,5.5,44.0
PDS_M3_01737,-88.0538,-178.6211,82.0,7.3,10.7,0.72,3.51,1.07,0.045,5.3,43.8
PDS_M3_01738,-86.3224,-94.2751,73.6,16.1,10.3,0.44,3.98,1.38,0.09,3.9,43.3
PDS_M3_01739,-85.8587,157.8412,75.0,14.2,10.8,0.61,4.71,0.87,0.086,4.4,44.2
PDS_M3_01740,-81.7246,-118.4091,69.2,20.6,10.2,0.29,3.6,1.09,0.093,2.0,43.2
PDS_M3_01741,-82.6639,-139.2324,77.5,12.0,10.5,0.48,3.03,0.96,0.063,4.2,43.3
PDS_M3_01742,-82.307,25.2674,77.1,15.1,7.8,0.41,4.71,1.66,0.043,5.0,43.7
PDS_M3_01743,-89.8897,130.2638,76.3,15.4,8.3,0.63,3.59,0.74,0.092,7.6,43.7
PDS_M3_01744,-85.8385,-8.2405,75.1,16.6,8.3,0.37,5.66,1.72,0.05,6.7,43.3
PDS_M3_01745,-85.1866,178.0431,74.8,17.8,7.4,0.7,3.87,0.69,0.065,6.2,43.6
PDS_M3_01746,-89.8081,64.5018,78.0,12.1,9.9,0.4,4.09,1.32,0.092,8.4,43.1
PDS_M3_01747,-87.4019,-153.333,75.9,16.6,7.5,0.29,2.36,0.91,0.054,3.6,43.8
PDS_M3_01748,-82.3971,177.4196,77.3,15.5,7.2,0.29,3.27,1.18,0.087,5.7,43.3
PDS_M3_01749,-88.6289,-33.1581,76.9,13.0,10.1,0.36,2.38,1.05,0.115,8.2,43.5
PDS_M3_01750,-84.6469,-76.5351,80.5,8.9,10.6,0.51,4.44,0.85,0.044,5.2,43.5
PDS_M3_01751,-87.848,20.8365,78.7,11.2,10.1,0.36,4.13,1.12,0.098,4.8,44.3
PDS_M3_01752,-89.8788,-70.4493,76.8,12.9,10.3,0.33,4.7,0.97,0.083,6.8,43.6
PDS_M3_01753,-87.588,-148.8753,82.1,8.5,9.4,0.58,4.85,1.27,0.046,5.1,43.5
PDS_M3_01754,-80.2413,-179.4858,77.7,11.7,10.6,0.1,4.97,0.8,0.114,7.3,44.6
PDS_M3_01755,-81.9846,-18.15,81.2,9.8,9.0,0.39,4.02,1.24,0.062,6.8,44.6
PDS_M3_01756,-80.4042,121.2708,78.4,10.6,11.0,0.25,4.27,1.36,0.052,5.6,44.1
PDS_M3_01757,-85.1215,26.0335,68.6,24.0,7.4,0.32,4.66,1.07,0.06,7.0,43.6
PDS_M3_01758,-88.9026,179.7146,81.2,8.6,10.2,0.49,3.56,0.7,0.087,5.5,43.5
PDS_M3_01759,-84.5204,-76.7352,76.5,13.9,9.6,0.42,3.45,1.62,0.092,6.0,44.1
PDS_M3_01760,-85.4562,-79.0362,75.8,14.9,9.3,0.41,5.43,1.24,0.051,6.5,43.8
PDS_M3_01761,-81.5564,-122.4902,77.1,13.0,9.9,0.63,2.76,0.88,0.206,5.3,43.4
PDS_M3_01762,-89.0192,-120.9371,74.6,15.0,10.4,0.45,4.6,1.25,0.064,7.6,43.7
PDS_M3_01763,-85.1176,-77.3328,76.9,12.6,10.5,0.72,4.47,0.6,0.059,5.9,43.5
PDS_M3_01764,-88.4995,105.4224,73.6,18.7,7.7,0.56,3.3,1.45,0.052,6.1,43.0
PDS_M3_01765,-86.7532,146.0724,81.1,11.1,7.8,0.3,3.67,1.74,0.048,4.2,44.4
PDS_M3_01766,-82.6264,171.0314,75.5,17.4,7.1,0.74,3.91,1.35,0.22,5.0,42.9
PDS_M3_01767,-85.2398,-96.3757,74.5,18.0,7.5,0.49,4.37,0.8,0.107,6.0,44.5
PDS_M3_01768,-86.2411,137.2671,72.3,19.6,8.1,0.73,4.48,0.5,0.133,6.8,43.4
PDS_M3_01769,-86.0552,-61.8282,77.1,13.0,9.9,0.41,4.18,1.51,0.071,7.5,43.9
PDS_M3_01770,-85.4055,-139.3774,76.7,14.4,8.9,0.49,4.35,1.06,0.072,4.5,43.9
PDS_M3_01771,-82.1498,133.209,77.6,12.4,10.0,0.51,4.73,0.98,0.22,4.8,43.3
PDS_M3_01772,-81.0792,48.998,71.9,19.2,8.9,0.42,4.69,1.45,0.053,4.3,43.4
PDS_M3_01773,-80.4467,-120.6969,69.6,21.2,9.2,0.64,5.43,0.92,0.064,6.4,43.4
PDS_M3_01774,-82.131,-25.2607,78.5,14.1,7.4,0.74,5.03,1.33,0.053,7.5,43.5
PDS_M3_01775,-86.8459,-76.5872,81.9,8.0,10.1,0.11,4.21,1.11,0.06,5.6,44.3
PDS_M3_01776,-83.1187,85.246,71.9,18.1,10.0,0.57,4.71,1.17,0.105,5.9,43.0
PDS_M3_01777,-85.624,-16.7702,82.4,9.4,8.2,0.32,4.54,1.59,0.062,6.0,44.0
PDS_M3_01778,-87.4533,176.1408,77.1,14.6,8.3,0.1,4.33,0.95,0.165,5.2,43.0
PDS_M3_01779,-81.5913,-160.2918,76.0,16.1,7.9,0.53,3.51,0.93,0.043,4.3,43.8
PDS_M3_01780,-89.6157,-52.1945,74.4,15.3,10.3,0.53,4.33,1.04,0.066,7.1,43.7
PDS_M3_01781,-80.9824,-6.5159,70.5,19.5,10.0,0.55,2.55,0.74,0.158,6.0,44.2
PDS_M3_01782,-85.3852,1.1281,80.0,10.6,9.4,0.51,5.06,1.38,0.098,5.1,43.6
PDS_M3_01783,-83.628,-66.2631,72.9,19.1,8.0,0.58,4.48,1.34,0.128,9.4,43.5
PDS_M3_01784,-83.4065,82.5265,72.9,19.4,7.7,0.36,4.07,1.1,0.063,5.8,43.5
PDS_M3_01785,-81.0488,134.9089,80.0,12.8,7.2,0.49,3.86,0.82,0.068,3.7,44.5
PDS_M3_01786,-83.6333,157.9389,68.5,24.3,7.2,0.55,4.72,0.4,0.171,6.6,43.2
PDS_M3_01787,-83.8607,109.8336,69.9,22.4,7.7,0.65,5.67,0.85,0.123,3.6,43.5
PDS_M3_01788,-89.3335,126.2089,75.9,16.7,7.4,0.46,4.5,1.03,0.069,6.4,43.5
PDS_M3_01789,-84.8159,18.1963,77.2,13.6,9.2,0.42,5.72,0.53,0.055,6.3,43.6
PDS_M3_01790,-88.4983,117.3198,77.9,13.7,8.4,0.44,4.83,1.85,0.047,7.5,43.7
PDS_M3_01791,-82.6257,-70.7386,74.8,16.4,8.8,0.27,3.56,1.22,0.159,4.6,44.1
PDS_M3_01792,-84.8778,-36.5476,86.1,5.0,8.9,0.57,4.59,1.26,0.112,5.4,44.6
PDS_M3_01793,-83.1977,-65.9113,75.1,15.3,9.6,0.23,4.51,1.06,0.096,5.7,43.1
PDS_M3_01794,-89.5833,-11.7406,75.1,15.3,9.6,0.51,3.56,1.32,0.13,6.8,43.9
PDS_M3_01795,-89.1521,-77.1913,72.8,19.2,8.0,0.46,3.87,1.01,0.188,6.3,44.0
PDS_M3_01796,-82.8368,166.1801,76.5,13.3,10.2,0.22,3.86,1.05,0.126,6.4,43.8
PDS_M3_01797,-89.2792,-67.3759,78.5,10.8,10.7,0.23,4.28,1.52,0.073,7.3,44.2
PDS_M3_01798,-89.2874,-144.704,80.8,10.9,8.3,0.32,3.98,1.43,0.052,5.5,43.3
PDS_M3_01799,-89.8789,9.6542,70.0,22.9,7.1,0.4,4.41,1.1,0.115,7.6,43.7
PDS_M3_01800,-80.435,-159.4443,75.0,14.4,10.6,0.67,4.54,1.71,0.057,5.7,44.1
PDS_M3_01801,-82.6249,-140.2045,77.8,11.5,10.7,0.43,5.21,1.08,0.132,6.9,43.5
PDS_M3_01802,-86.4675,-101.0198,78.3,14.5,7.2,0.53,4.64,0.95,0.065,5.2,43.2
PDS_M3_01803,-87.0346,-12.8339,76.0,17.0,7.0,0.64,3.64,1.14,0.05,6.5,44.1
PDS_M3_01804,-86.503,-24.0297,78.2,11.5,10.3,0.61,5.89,1.19,0.058,7.2,43.6
PDS_M3_01805,-82.2535,107.8891,72.8,19.0,8.2,0.45,3.64,0.74,0.059,4.5,43.3
PDS_M3_01806,-83.3863,86.2109,82.2,7.1,10.7,0.34,3.89,1.25,0.069,6.9,43.1
PDS_M3_01807,-88.148,-26.5254,80.0,12.1,7.9,0.52,4.68,1.73,0.058,6.0,43.6
PDS_M3_01808,-88.2589,-59.8665,70.6,19.0,10.4,0.35,6.52,1.39,0.055,8.2,43.2
PDS_M3_01809,-89.016,-66.0712,71.7,21.0,7.3,0.72,4.52,1.3,0.07,5.5,42.8
PDS_M3_01810,-83.397,98.6382,71.8,20.2,8.0,0.58,3.69,1.24,0.162,6.2,43.3
PDS_M3_01811,-82.3563,-161.2539,78.7,10.4,10.9,0.48,2.89,0.8,0.044,5.6,44.2
PDS_M3_01812,-87.3495,-175.3842,70.9,21.2,7.9,0.53,2.84,0.8,0.061,6.6,43.6
PDS_M3_01813,-89.7906,106.396,74.7,17.8,7.5,0.48,4.21,1.15,0.09,3.2,43.0
PDS_M3_01814,-89.1783,-8.2273,77.8,11.8,10.4,0.39,4.64,0.97,0.165,4.1,43.9
PDS_M3_01815,-80.3214,-132.8828,75.7,16.8,7.5,0.52,3.06,0.67,0.06,6.6,43.9
PDS_M3_01816,-87.0456,-95.1963,77.0,15.6,7.4,0.41,4.38,0.99,0.066,5.8,43.7
PDS_M3_01817,-82.3078,155.7014,71.7,20.0,8.3,0.74,3.15,1.24,0.136,3.4,43.5
PDS_M3_01818,-83.7534,129.4211,78.4,12.1,9.5,0.35,3.46,1.27,0.068,5.0,43.4
PDS_M3_01819,-86.1806,75.5226,73.5,16.7,9.8,0.53,4.71,0.85,0.154,5.3,43.7
PDS_M3_01820,-87.9431,-6.3989,74.7,14.8,10.5,0.33,3.6,1.09,0.076,5.2,43.8
PDS_M3_01821,-88.7861,7.3165,77.0,13.8,9.2,0.33,5.25,1.22,0.091,6.9,43.8
PDS_M3_01822,-83.8499,171.088,76.4,15.0,8.6,0.18,3.73,0.72,0.089,7.3,44.4
PDS_M3_01823,-82.2537,167.6774,76.1,15.5,8.4,0.51,5.09,0.87,0.048,3.1,43.6
PDS_M3_01824,-83.561,-102.5031,73.0,16.6,10.4,0.37,6.01,1.1,0.066,5.7,43.0
PDS_M3_01825,-84.697,111.9976,74.8,15.3,9.9,0.61,3.6,0.83,0.057,5.9,44.3
PDS_M3_01826,-89.5805,-108.9926,76.0,13.4,10.6,0.51,6.17,1.0,0.109,4.0,42.9
PDS_M3_01827,-80.3151,-103.1265,70.5,18.6,10.9,0.47,4.21,1.85,0.203,7.3,43.3
PDS_M3_01828,-82.0129,63.3935,74.1,17.7,8.2,0.24,3.69,0.65,0.054,6.2,43.2
PDS_M3_01829,-87.0718,-34.1996,77.6,13.3,9.1,0.54,3.96,1.53,0.046,6.8,43.7
PDS_M3_01830,-80.2003,155.356,70.9,19.6,9.5,0.35,3.88,1.2,0.082,5.3,43.4
PDS_M3_01831,-83.9812,-147.9565,80.6,11.7,7.7,0.24,5.32,0.73,0.07,4.9,43.4
PDS_M3_01832,-84.1758,4.1492,81.1,11.7,7.2,0.51,5.25,1.3,0.042,5.1,44.3
PDS_M3_01833,-82.5193,150.6678,71.0,18.5,10.5,0.26,5.24,1.11,0.193,5.7,43.4
PDS_M3_01834,-81.8823,145.4809,81.4,9.5,9.1,0.14,3.16,1.46,0.209,5.3,44.3
PDS_M3_01835,-83.4352,-123.6495,75.4,15.3,9.3,0.64,4.35,1.3,0.154,6.9,43.2
PDS_M3_01836,-88.719,-48.0104,77.7,13.1,9.2,0.37,2.96,1.16,0.06,9.0,43.3
PDS_M3_01837,-86.6173,42.8837,74.0,16.0,10.0,0.19,5.01,1.01,0.048,6.5,43.1
PDS_M3_01838,-80.7192,-122.6178,79.7,12.7,7.6,0.31,3.81,1.45,0.094,3.5,44.0
PDS_M3_01839,-87.7538,168.488,77.6,12.9,9.5,0.34,4.6,0.98,0.06,6.0,44.4
PDS_M3_01840,-86.2783,149.3098,72.7,18.4,8.9,0.62,3.8,0.68,0.054,4.4,43.4
PDS_M3_01841,-85.6792,-119.8979,71.3,18.1,10.6,0.2,2.8,0.53,0.102,5.3,42.6
PDS_M3_01842,-85.606,-136.384,70.2,20.7,9.1,0.25,4.91,0.73,0.123,5.8,43.6
PDS_M3_01843,-83.8706,-149.2529,76.8,12.4,10.8,0.6,4.97,1.34,0.085,5.5,44.0
PDS_M3_01844,-80.5692,147.3997,78.3,13.3,8.4,0.38,4.31,0.99,0.063,4.6,43.3
PDS_M3_01845,-87.5931,-110.2954,78.6,10.5,10.9,0.48,2.51,0.87,0.083,6.4,44.0
PDS_M3_01846,-88.785,-30.1374,75.5,14.0,10.5,0.38,4.8,0.97,0.095,3.4,44.0
PDS_M3_01847,-88.0253,-18.4135,71.4,19.3,9.3,0.75,3.61,1.35,0.043,6.3,42.7
PDS_M3_01848,-81.1308,35.644,73.3,18.3,8.4,0.26,4.61,1.29,0.075,4.7,44.0
PDS_M3_01849,-83.5419,-154.1753,80.6,10.9,8.5,0.49,3.81,1.15,0.095,6.1,44.3
PDS_M3_01850,-87.1409,-98.3669,74.1,15.8,10.1,0.68,3.89,0.92,0.048,4.2,43.5
PDS_M3_01851,-81.8405,155.3365,76.6,14.1,9.3,0.39,4.6,0.98,0.076,6.1,43.9
PDS_M3_01852,-81.3863,147.0276,71.7,19.7,8.6,0.34,3.54,1.06,0.066,7.5,44.3
PDS_M3_01853,-81.5349,101.2646,77.3,13.2,9.5,0.57,4.07,0.83,0.161,5.1,43.4
PDS_M3_01854,-80.8107,-173.0156,74.2,15.9,9.9,0.6,4.61,1.07,0.08,5.1,44.1
PDS_M3_01855,-87.4776,-62.2776,80.2,12.7,7.1,0.33,5.93,0.82,0.073,6.3,43.9
PDS_M3_01856,-82.4496,46.0651,79.1,13.5,7.4,0.67,4.14,1.21,0.057,6.1,43.3
PDS_M3_01857,-85.3946,-80.9315,74.0,18.6,7.4,0.46,4.87,1.24,0.22,4.1,42.9
PDS_M3_01858,-81.58,147.4512,75.5,16.6,7.9,0.53,3.26,1.44,0.22,7.1,43.9
PDS_M3_01859,-82.7151,48.2002,73.8,17.5,8.7,0.67,5.56,1.18,0.067,6.8,43.1
PDS_M3_01860,-82.2355,-154.1136,70.3,19.5,10.2,0.57,3.55,1.17,0.199,7.3,43.8
PDS_M3_01861,-83.4384,147.242,72.6,19.0,8.4,0.45,4.09,0.85,0.098,6.5,42.7
PDS_M3_01862,-88.2257,164.796,76.8,16.1,7.1,0.35,4.61,1.09,0.131,8.1,43.7
PDS_M3_01863,-84.5497,-152.0235,77.3,13.8,8.9,0.86,3.58,0.79,0.046,3.6,43.6
PDS_M3_01864,-80.1533,11.6497,76.6,12.4,11.0,0.33,5.06,0.59,0.041,7.6,44.4
PDS_M3_01865,-80.6261,-70.7889,74.8,16.8,8.4,0.5,3.67,1.02,0.083,5.3,43.7
PDS_M3_01866,-89.5683,-38.5779,79.7,9.5,10.8,0.53,4.86,0.95,0.045,5.1,44.0
PDS_M3_01867,-88.3519,-115.3256,76.3,16.3,7.4,0.53,5.05,1.28,0.173,4.9,43.5
PDS_M3_01868,-88.6827,28.106,78.8,13.5,7.7,0.77,4.66,0.81,0.143,6.4,43.7
PDS_M3_01869,-82.7402,164.8726,68.9,21.2,9.9,0.46,4.77,1.94,0.115,6.8,43.8
PDS_M3_01870,-81.8221,1.1061,60.3,30.7,9.0,0.44,6.22,0.96,0.042,5.2,43.1
PDS_M3_01871,-87.8649,-150.1508,77.1,12.8,10.1,0.68,4.53,1.08,0.077,6.1,43.3
PDS_M3_01872,-84.9415,43.2005,70.3,19.2,10.5,0.43,4.29,0.93,0.045,9.1,43.9
PDS_M3_01873,-81.593,-57.5197,75.2,16.8,8.0,0.58,4.47,1.33,0.198,5.0,44.3
PDS_M3_01874,-82.672,128.1331,74.8,15.5,9.7,0.48,5.22,1.04,0.097,5.3,44.2
PDS_M3_01875,-84.5776,-23.5159,82.3,8.3,9.4,0.59,6.06,0.81,0.05,7.5,44.4
PDS_M3_01876,-84.0965,-110.5777,77.6,12.0,10.4,0.56,4.07,0.55,0.089,3.9,43.6
PDS_M3_01877,-84.9164,-111.202,76.7,14.6,8.7,0.39,3.47,1.27,0.048,6.1,43.3
PDS_M3_01878,-87.0245,96.7551,79.3,13.5,7.2,0.17,5.13,1.29,0.049,2.9,43.3
PDS_M3_01879,-84.3498,-84.3885,77.5,13.2,9.3,0.2,3.11,1.2,0.045,4.1,43.2
PDS_M3_01880,-83.1111,96.204,74.2,15.0,10.8,0.17,4.41,1.04,0.163,4.4,43.6
PDS_M3_01881,-81.2668,-105.8806,80.3,12.6,7.1,0.44,4.44,1.0,0.087,4.7,44.5
PDS_M3_01882,-83.6371,-64.1929,71.6,20.4,8.0,0.1,4.11,1.33,0.064,4.3,42.8
PDS_M3_01883,-82.3888,-12.4247,77.3,14.4,8.3,0.43,4.16,1.07,0.04,6.0,43.7
PDS_M3_01884,-88.3993,159.5505,69.8,20.1,10.1,0.47,2.88,1.44,0.078,7.5,43.3
PDS_M3_01885,-85.3844,155.4233,76.8,14.9,8.3,0.58,3.51,1.07,0.083,8.2,43.2
PDS_M3_01886,-89.9067,-105.5261,76.8,15.2,8.0,0.53,4.95,1.06,0.065,4.6,43.6
PDS_M3_01887,-87.5332,-51.0411,82.7,7.7,9.6,0.59,2.57,1.21,0.08,6.7,44.4
PDS_M3_01888,-82.7354,-126.2162,69.7,23.1,7.2,0.51,4.13,1.52,0.046,7.3,43.5
PDS_M3_01889,-80.0819,3.5946,73.6,18.7,7.7,0.4,3.95,1.45,0.193,5.9,43.8
PDS_M3_01890,-89.0082,-14.1903,79.3,12.1,8.6,0.43,2.61,1.09,0.058,6.7,44.2
PDS_M3_01891,-85.9851,144.2737,77.3,14.3,8.4,0.32,5.55,0.99,0.218,6.4,43.9
PDS_M3_01892,-81.9993,154.8019,76.7,14.9,8.4,0.48,3.38,0.74,0.081,6.4,43.5
PDS_M3_01893,-87.9596,-41.9157,72.2,20.4,7.4,0.21,4.64,1.31,0.157,4.9,43.6
PDS_M3_01894,-84.4492,-2.9743,73.6,18.0,8.4,0.61,3.82,0.56,0.092,3.4,43.1
PDS_M3_01895,-82.6693,142.645,81.0,8.8,10.2,0.31,3.52,1.61,0.152,5.4,43.9
PDS_M3_01896,-83.8401,110.4148,75.8,15.5,8.7,0.47,4.01,1.35,0.041,4.9,43.7
PDS_M3_01897,-88.1198,-178.6837,77.5,13.2,9.3,0.5,3.91,0.88,0.052,5.5,44.2
PDS_M3_01898,-86.4462,-64.7786,75.5,16.8,7.7,0.62,4.05,1.47,0.066,7.0,43.5
PDS_M3_01899,-82.1621,-28.1613,71.3,21.4,7.3,0.2,3.57,1.26,0.061,7.5,43.4
PDS_M3_01900,-84.4577,-97.3021,79.7,9.8,10.5,0.4,3.39,1.24,0.216,6.0,43.2
PDS_M3_01901,-89.9477,-108.1542,78.0,13.7,8.3,0.53,5.0,1.02,0.07,4.4,44.0
PDS_M3_01902,-82.3901,-166.3976,85.2,6.4,8.4,0.71,4.21,1.27,0.22,5.3,43.4
PDS_M3_01903,-89.6469,51.6131,71.9,17.6,10.5,0.44,4.15,0.67,0.103,4.9,43.3
PDS_M3_01904,-82.5427,-85.4963,79.3,10.9,9.8,0.36,3.49,1.12,0.148,5.9,43.5
PDS_M3_01905,-87.9752,-161.155,70.8,19.2,10.0,0.75,5.46,0.9,0.07,5.2,43.8
PDS_M3_01906,-80.4193,-96.8474,76.6,13.7,9.7,0.57,4.13,1.01,0.053,6.9,43.9
PDS_M3_01907,-86.3206,108.689,79.9,12.7,7.4,0.66,2.68,0.89,0.043,4.8,44.1
PDS_M3_01908,-86.7307,126.5361,67.7,21.5,10.8,0.27,4.42,0.91,0.104,8.4,43.7
PDS_M3_01909,-88.5111,-6.0962,75.2,14.2,10.6,0.53,3.59,1.49,0.22,4.0,43.4
PDS_M3_01910,-86.944,-30.2146,73.7,18.4,7.9,0.29,4.93,0.67,0.048,6.2,43.2
PDS_M3_01911,-81.2335,172.0273,73.2,16.6,10.2,0.25,5.03,1.22,0.129,3.9,42.9
PDS_M3_01912,-80.0367,-107.7967,77.5,13.9,8.6,0.54,4.94,0.76,0.067,7.1,43.8
PDS_M3_01913,-86.3169,-102.4707,80.5,9.8,9.7,0.55,3.83,1.5,0.22,5.9,43.5
PDS_M3_01914,-85.5139,-74.9278,75.5,16.8,7.7,0.38,4.11,1.23,0.162,6.0,43.8
PDS_M3_01915,-82.7793,-117.8074,76.8,14.0,9.2,0.66,4.4,0.68,0.056,4.7,44.2
PDS_M3_01916,-81.138,-43.4284,76.5,16.0,7.5,0.39,4.91,1.2,0.127,7.1,44.0
PDS_M3_01917,-84.0696,147.9003,76.0,14.9,9.1,0.41,3.37,0.89,0.12,6.6,43.7
PDS_M3_01918,-86.0847,41.5252,71.6,20.4,8.0,0.44,4.27,1.17,0.126,5.1,43.5
PDS_M3_01919,-85.8738,-31.6992,80.4,10.8,8.8,0.41,5.69,0.7,0.045,5.8,43.8
PDS_M3_01920,-83.0438,156.3879,77.2,13.1,9.7,0.64,3.77,1.47,0.139,4.7,44.6
PDS_M3_01921,-89.9678,-162.5529,77.6,11.9,10.5,0.29,4.18,0.5,0.058,4.6,43.5
PDS_M3_01922,-83.8041,-104.3006,72.8,19.5,7.7,0.34,6.29,0.86,0.094,5.1,43.6
PDS_M3_01923,-86.4451,23.7199,74.2,15.2,10.6,0.27,4.01,0.78,0.047,5.5,43.5
PDS_M3_01924,-82.058,41.5989,75.3,16.1,8.6,0.73,2.97,1.21,0.089,5.8,43.3
PDS_M3_01925,-89.0701,-165.7593,69.9,19.7,10.4,0.4,4.15,0.95,0.182,5.7,43.3
PDS_M3_01926,-84.118,-34.906,69.2,21.7,9.1,0.33,5.54,1.04,0.052,4.8,43.4
PDS_M3_01927,-85.1903,53.6954,73.6,16.0,10.4,0.41,5.05,0.91,0.156,6.7,43.1
PDS_M3_01928,-83.5767,71.3054,78.1,12.2,9.7,0.58,3.42,0.69,0.074,7.1,44.4
PDS_M3_01929,-89.3515,49.7304,73.4,17.6,9.0,0.55,4.53,1.03,0.063,6.9,43.9
PDS_M3_01930,-84.2002,-64.5972,71.9,19.8,8.3,0.36,4.06,0.71,0.044,6.6,44.0
PDS_M3_01931,-84.3852,-146.3328,72.7,16.4,10.9,0.39,4.85,0.55,0.085,2.8,43.5
PDS_M3_01932,-84.3934,-26.2395,74.2,15.6,10.2,0.23,3.71,1.29,0.053,4.6,43.5
PDS_M3_01933,-83.9651,-133.6484,74.6,16.9,8.5,0.47,4.6,0.73,0.209,4.0,43.5
PDS_M3_01934,-83.2353,161.1445,84.7,7.6,7.7,0.64,5.73,1.54,0.056,3.7,43.7
PDS_M3_01935,-81.9501,-8.9385,80.2,9.7,10.1,0.36,2.11,1.53,0.093,7.2,44.3
PDS_M3_01936,-87.3018,-65.7867,80.1,8.9,11.0,0.55,4.67,1.37,0.089,7.8,44.4
PDS_M3_01937,-81.7495,95.8695,80.7,11.2,8.1,0.36,5.26,0.76,0.065,5.8,44.0
PDS_M3_01938,-85.0174,-0.7385,72.0,17.3,10.7,0.29,2.95,1.74,0.155,6.4,44.2
PDS_M3_01939,-89.2294,-68.3878,71.1,21.4,7.5,0.55,3.62,0.4,0.052,5.4,44.4
PDS_M3_01940,-89.4145,112.3084,71.6,17.6,10.8,0.8,3.89,0.84,0.142,7.2,44.2
PDS_M3_01941,-86.6576,132.1748,81.3,8.7,10.0,0.53,3.62,1.35,0.054,6.1,43.7
PDS_M3_01942,-82.151,62.2829,73.8,17.8,8.4,0.39,3.56,1.33,0.042,5.2,42.6
PDS_M3_01943,-82.9232,-163.0928,71.0,20.8,8.2,0.4,3.9,0.88,0.213,6.5,43.8
PDS_M3_01944,-82.1139,23.8762,74.3,16.1,9.6,0.74,4.88,0.86,0.101,5.6,43.8
PDS_M3_01945,-84.8273,94.7862,75.0,15.6,9.4,0.5,5.39,1.04,0.1,6.0,43.7
PDS_M3_01946,-85.598,-130.8589,77.1,12.2,10.7,0.34,5.24,1.07,0.058,6.6,43.6
PDS_M3_01947,-88.5255,-97.6785,77.0,12.9,10.1,0.44,5.0,0.96,0.049,10.3,44.2
PDS_M3_01948,-86.7181,137.6982,72.7,18.1,9.2,0.48,5.67,1.6,0.113,7.9,42.9
PDS_M3_01949,-85.6598,-172.7562,78.7,10.6,10.7,0.52,5.83,0.89,0.084,6.0,44.4
PDS_M3_01950,-89.114,90.9818,73.4,17.2,9.4,0.68,4.33,1.54,0.063,4.7,44.3
PDS_M3_01951,-87.7939,-9.4416,75.4,14.2,10.4,0.64,5.34,1.22,0.063,3.1,43.7
PDS_M3_01952,-84.0177,-19.162,78.7,10.9,10.4,0.48,4.54,1.41,0.172,7.3,43.9
PDS_M3_01953,-82.6434,-177.4452,73.4,15.9,10.7,0.44,4.03,0.65,0.172,7.1,43.1
PDS_M3_01954,-80.0165,114.9834,73.7,19.0,7.3,0.51,4.16,1.41,0.059,5.0,44.0
PDS_M3_01955,-80.6689,-50.463,78.4,12.3,9.3,0.36,5.01,1.4,0.135,5.7,44.3
PDS_M3_01956,-83.5743,14.6756,72.6,18.5,8.9,0.6,5.37,0.9,0.055,6.0,43.8
PDS_M3_01957,-85.7875,63.8282,74.5,16.5,9.0,0.42,4.66,1.35,0.139,6.5,43.1
PDS_M3_01958,-83.6382,72.9466,78.2,13.0,8.8,0.52,3.88,0.66,0.048,7.8,43.1
PDS_M3_01959,-82.1435,164.1528,84.2,5.5,10.3,0.71,3.81,0.96,0.125,4.2,43.9
PDS_M3_01960,-88.8166,11.2824,78.4,13.3,8.3,0.53,2.72,1.45,0.089,6.6,43.8
PDS_M3_01961,-85.901,-36.101,77.9,13.2,8.9,0.48,4.49,1.05,0.048,6.1,44.1
PDS_M3_01962,-81.602,163.3333,78.1,14.1,7.8,0.37,4.43,1.02,0.097,5.2,43.6
PDS_M3_01963,-86.1617,51.1597,71.7,20.3,8.0,0.44,3.36,1.52,0.053,6.8,43.9
PDS_M3_01964,-84.2813,-72.6659,76.5,13.9,9.6,0.28,4.58,0.51,0.053,5.7,44.1
PDS_M3_01965,-84.1223,-134.4729,75.9,16.6,7.5,0.53,4.57,1.05,0.076,5.7,43.8
PDS_M3_01966,-88.1552,123.3196,77.3,14.9,7.8,0.13,3.01,1.08,0.22,6.2,44.1
PDS_M3_01967,-86.3776,-49.6146,76.5,14.4,9.1,0.6,3.94,0.86,0.174,5.3,43.5
PDS_M3_01968,-86.6549,57.7691,77.5,15.3,7.2,0.56,5.33,1.51,0.145,6.6,43.3
PDS_M3_01969,-89.738,-10.5061,74.8,17.7,7.5,0.46,3.69,0.83,0.154,5.3,43.4
PDS_M3_01970,-89.7581,-108.3853,76.2,13.3,10.5,0.37,4.21,0.83,0.081,7.8,43.3
PDS_M3_01971,-81.683,36.6072,71.1,18.5,10.4,0.45,4.33,0.4,0.068,6.1,44.0
PDS_M3_01972,-87.2693,-158.1541,74.7,16.9,8.4,0.18,4.18,1.43,0.169,5.0,44.0
PDS_M3_01973,-84.8192,-31.1967,81.6,10.0,8.4,0.57,4.75,1.0,0.045,6.2,43.0
PDS_M3_01974,-87.0127,16.7814,77.3,12.0,10.7,0.43,4.95,1.0,0.22,7.0,43.8
PDS_M3_01975,-80.5932,-23.0231,75.9,17.0,7.1,0.68,5.21,1.04,0.088,3.9,42.9
PDS_M3_01976,-87.407,89.522,83.6,7.1,9.3,0.51,3.95,1.46,0.087,7.3,43.5
PDS_M3_01977,-85.7034,118.053,70.6,20.0,9.4,0.48,4.62,1.58,0.061,6.2,43.8
PDS_M3_01978,-81.2727,97.6475,71.6,18.2,10.2,0.51,4.87,0.58,0.051,5.8,42.8
PDS_M3_01979,-81.5807,-166.0273,82.9,6.3,10.8,0.3,4.11,0.96,0.108,5.0,43.4
PDS_M3_01980,-88.139,-110.1136,76.2,15.4,8.4,0.38,3.62,0.76,0.067,6.2,43.3
PDS_M3_01981,-81.9736,13.1787,75.0,16.2,8.8,0.47,4.31,1.03,0.062,4.7,43.0
PDS_M3_01982,-85.4181,156.5359,71.2,19.1,9.7,0.4,3.72,1.07,0.051,3.4,42.9
PDS_M3_01983,-85.1703,120.5844,77.8,11.3,10.9,0.36,3.64,0.58,0.086,4.9,43.7
PDS_M3_01984,-88.6652,123.3124,78.2,11.2,10.6,0.41,4.38,1.21,0.093,5.5,43.1
PDS_M3_01985,-89.194,-70.8451,71.6,18.7,9.7,0.46,4.05,0.97,0.075,6.5,43.4
PDS_M3_01986,-82.7206,-25.3988,75.4,14.2,10.4,0.8,4.34,1.33,0.041,5.5,43.6
PDS_M3_01987,-85.0354,-10.5459,74.7,18.0,7.3,0.4,2.96,1.11,0.081,4.4,43.9
PDS_M3_01988,-85.6315,-123.3462,77.0,14.5,8.5,0.35,4.06,0.59,0.059,5.0,44.1
PDS_M3_01989,-82.7049,-168.8155,71.5,21.4,7.1,0.43,2.39,1.28,0.049,5.8,43.0
PDS_M3_01990,-82.3449,160.885,81.0,11.3,7.7,0.68,3.36,0.7,0.092,6.6,43.3
PDS_M3_01991,-88.4109,-93.3435,79.7,10.8,9.5,0.69,4.13,0.73,0.107,6.8,43.2
PDS_M3_01992,-83.8977,-93.6184,74.5,15.0,10.5,0.74,5.17,1.0,0.084,4.2,43.9
PDS_M3_01993,-88.6465,-149.9835,75.1,15.4,9.5,0.46,4.63,1.01,0.097,5.9,43.8
PDS_M3_01994,-82.4862,154.2628,75.5,14.8,9.7,0.55,4.27,0.57,0.096,6.7,43.5
PDS_M3_01995,-83.4304,28.7054,72.9,19.7,7.4,0.29,3.9,1.06,0.048,4.8,43.1
PDS_M3_01996,-80.4339,60.1333,74.2,16.1,9.7,0.4,4.0,1.07,0.055,8.0,43.7
PDS_M3_01997,-89.3104,148.1677,74.9,16.3,8.8,0.28,5.24,1.06,0.041,5.2,44.2
PDS_M3_01998,-89.4295,-55.5767,82.5,7.9,9.6,0.52,3.31,0.59,0.22,7.0,44.4
PDS_M3_01999,-87.1781,43.7426,79.8,11.9,8.3,0.46,3.62,1.14,0.054,6.6,43.2
PDS_M3_02000,-87.3829,-166.0322,79.7,11.0,9.3,0.48,5.05,1.29,0.141,5.0,44.2
PDS_M3_02001,-87.5302,-112.7619,77.5,13.8,8.7,0.32,3.92,0.7,0.131,5.8,43.1
PDS_M3_02002,-80.9375,119.2485,71.5,19.3,9.2,0.58,5.75,0.78,0.113,7.4,43.3
PDS_M3_02003,-87.5045,96.0366,75.8,16.6,7.6,0.1,4.75,1.34,0.076,5.2,43.4
PDS_M3_02004,-87.2805,-53.7686,79.9,11.5,8.6,0.41,5.12,1.57,0.093,6.0,43.9
PDS_M3_02005,-82.406,-44.3482,71.0,20.5,8.5,0.43,2.9,1.05,0.052,4.0,43.1
PDS_M3_02006,-85.5026,12.0796,78.5,11.6,9.9,0.15,5.05,0.97,0.047,6.2,43.8
PDS_M3_02007,-82.2329,-179.9132,85.3,5.0,9.7,0.51,3.52,1.16,0.066,5.3,43.6
PDS_M3_02008,-89.3463,-93.152,80.2,9.2,10.6,0.42,4.77,1.51,0.145,6.4,43.9
PDS_M3_02009,-85.1243,-105.0365,81.7,8.8,9.5,0.53,3.91,0.84,0.09,4.8,43.3
PDS_M3_02010,-89.6639,-89.8261,76.9,14.8,8.3,0.75,4.38,0.95,0.127,6.2,43.5
PDS_M3_02011,-89.3735,110.1261,79.9,10.0,10.1,0.5,3.32,0.95,0.173,5.4,43.8
PDS_M3_02012,-80.9356,-79.3174,73.1,17.9,9.0,0.6,2.82,0.67,0.089,2.6,43.5
PDS_M3_02013,-88.6075,-111.0523,79.2,13.0,7.8,0.66,4.32,1.36,0.067,5.9,44.1
PDS_M3_02014,-84.6758,1.5348,78.6,11.4,10.0,0.52,3.96,1.18,0.156,7.3,42.8
PDS_M3_02015,-85.889,131.6322,77.2,15.3,7.5,0.32,3.48,0.49,0.056,4.5,43.8
PDS_M3_02016,-86.5266,-93.1141,81.3,11.0,7.7,0.2,2.85,1.1,0.042,5.0,43.5
PDS_M3_02017,-81.0017,-151.727,73.8,16.2,10.0,0.51,2.06,1.6,0.043,7.4,43.8
PDS_M3_02018,-89.7818,-51.6943,75.3,14.6,10.1,0.39,4.62,1.18,0.092,6.5,43.6
PDS_M3_02019,-83.3621,89.1547,76.4,13.4,10.2,0.64,4.0,1.58,0.174,5.4,44.1
PDS_M3_02020,-80.3661,18.2486,71.9,19.9,8.2,0.38,3.72,0.93,0.09,6.2,43.4
PDS_M3_02021,-84.3983,114.0456,76.9,12.6,10.5,0.45,4.37,1.39,0.072,5.0,44.2
PDS_M3_02022,-80.6318,165.4532,69.1,21.0,9.9,0.28,5.01,1.49,0.092,8.8,43.5
PDS_M3_02023,-89.4774,105.3585,80.2,9.5,10.3,0.4,4.42,1.08,0.107,6.9,43.3
PDS_M3_02024,-85.8121,37.3691,76.2,14.0,9.8,0.31,3.85,0.98,0.125,7.9,43.3
PDS_M3_02025,-87.3984,-2.397,73.9,16.8,9.3,0.32,5.91,1.43,0.066,5.9,43.4
PDS_M3_02026,-82.6918,-165.5751,72.7,19.9,7.4,0.44,3.69,1.26,0.069,4.3,43.6
PDS_M3_02027,-80.187,174.3559,75.1,15.1,9.8,0.36,3.07,1.39,0.041,6.4,44.0
PDS_M3_02028,-87.4347,-41.9468,78.8,11.4,9.8,0.84,4.28,1.22,0.103,7.3,44.0
PDS_M3_02029,-83.4583,-125.1978,78.2,13.6,8.2,0.58,4.0,1.08,0.13,7.4,44.0
PDS_M3_02030,-88.019,60.0152,73.2,16.9,9.9,0.61,4.96,1.07,0.083,3.8,43.3
PDS_M3_02031,-84.3467,-77.6562,72.6,18.2,9.2,0.43,3.78,0.99,0.068,6.1,43.9
PDS_M3_02032,-85.3607,30.8802,78.6,12.2,9.2,0.47,4.07,1.22,0.064,3.9,43.8
PDS_M3_02033,-80.2799,31.2364,73.1,18.4,8.5,0.39,3.51,1.05,0.102,5.1,43.9
PDS_M3_02034,-83.9147,-19.5373,76.2,16.3,7.5,0.84,4.85,1.18,0.064,6.5,43.1
PDS_M3_02035,-86.5049,121.0027,76.5,15.6,7.9,0.43,4.31,0.86,0.095,7.4,43.9
PDS_M3_02036,-88.859,-84.6119,77.2,12.7,10.1,0.36,3.98,0.84,0.197,6.1,43.5
PDS_M3_02037,-88.4875,-18.4923,79.4,12.5,8.1,0.34,4.08,1.28,0.064,4.4,43.3
PDS_M3_02038,-87.7468,13.5692,70.9,22.1,7.0,0.5,4.18,1.22,0.044,6.5,43.7
PDS_M3_02039,-87.4903,58.9049,68.4,20.6,11.0,0.66,3.05,0.97,0.164,4.8,43.2
PDS_M3_02040,-81.4938,102.2299,73.7,18.5,7.8,0.61,5.13,1.51,0.059,5.4,43.8
PDS_M3_02041,-84.3878,-37.8694,83.2,7.2,9.6,0.34,5.08,0.85,0.22,5.9,43.5
PDS_M3_02042,-84.7661,52.5769,84.1,5.2,10.7,0.33,4.23,1.23,0.15,5.0,44.8
PDS_M3_02043,-88.8523,-125.7801,83.3,7.3,9.4,0.64,4.15,1.24,0.073,6.6,43.9
PDS_M3_02044,-81.3986,155.7533,75.2,14.6,10.2,0.77,3.4,1.12,0.099,6.7,43.4
PDS_M3_02045,-82.7719,-42.0988,68.9,20.2,10.9,0.43,5.58,1.48,0.06,7.0,43.8
PDS_M3_02046,-89.3233,82.6277,66.6,23.0,10.4,0.63,5.39,1.59,0.045,7.5,43.3
PDS_M3_02047,-82.9216,-172.6772,73.5,17.3,9.2,0.23,4.52,0.75,0.085,5.6,44.8
PDS_M3_02048,-84.5646,-106.1326,75.2,16.3,8.5,0.32,4.86,0.42,0.073,4.3,44.1
PDS_M3_02049,-89.1827,-4.6503,81.2,9.9,8.9,0.3,5.18,0.95,0.22,4.4,43.7
PDS_M3_02050,-85.417,136.1709,79.5,10.1,10.4,0.51,5.02,0.81,0.095,7.9,43.8
PDS_M3_02051,-85.153,9.8119,76.9,12.7,10.4,0.42,3.52,0.97,0.122,7.7,43.7
PDS_M3_02052,-88.3423,154.7534,72.4,17.2,10.4,0.49,3.95,1.65,0.049,7.4,43.1
PDS_M3_02053,-80.543,-5.8331,72.2,18.4,9.4,0.63,4.57,1.91,0.117,5.1,44.0
PDS_M3_02054,-81.5002,-3.4383,77.0,14.1,8.9,0.35,4.36,0.82,0.043,7.8,43.5
PDS_M3_02055,-83.3098,-136.8912,78.8,13.0,8.2,0.46,4.8,1.17,0.097,5.6,43.7
PDS_M3_02056,-85.377,108.9562,77.6,15.4,7.0,0.25,4.71,1.16,0.149,6.2,43.8
PDS_M3_02057,-85.8823,-91.0925,71.9,18.0,10.1,0.62,4.4,1.2,0.08,6.8,43.2
PDS_M3_02058,-83.4903,143.8605,78.6,13.3,8.1,0.61,2.12,0.69,0.055,7.3,43.8
PDS_M3_02059,-84.5457,147.8967,77.7,14.0,8.3,0.5,5.14,1.47,0.075,6.4,43.5
PDS_M3_02060,-89.3773,159.5916,71.7,17.9,10.4,0.47,4.87,1.37,0.15,7.5,43.3
PDS_M3_02061,-84.875,7.283,72.9,19.9,7.2,0.37,5.86,0.96,0.115,5.8,43.5
PDS_M3_02062,-81.936,63.7538,78.8,10.5,10.7,0.24,3.82,1.47,0.096,5.6,43.5
PDS_M3_02063,-85.4076,100.2657,75.1,17.9,7.0,0.5,2.73,0.67,0.111,5.4,43.0
PDS_M3_02064,-89.4804,-132.8347,82.4,6.8,10.8,0.56,4.06,0.59,0.148,4.4,44.0
PDS_M3_02065,-82.1372,36.3446,78.0,13.2,8.8,0.75,4.57,1.18,0.05,2.4,42.8
PDS_M3_02066,-87.9864,-167.6528,74.1,18.5,7.4,0.39,3.85,1.23,0.151,7.0,42.7
PDS_M3_02067,-87.4138,-0.8762,76.0,14.3,9.7,0.49,5.3,1.05,0.139,5.5,43.7
PDS_M3_02068,-88.3529,-124.2566,76.3,13.1,10.6,0.62,3.67,1.43,0.079,6.7,43.6
PDS_M3_02069,-86.6978,-114.1477,73.1,18.1,8.8,0.62,4.12,0.9,0.071,6.5,43.7
PDS_M3_02070,-82.4325,-48.5829,72.3,17.9,9.8,0.36,4.0,1.46,0.202,6.0,43.8
PDS_M3_02071,-84.8061,-24.3226,78.8,10.3,10.9,0.41,6.42,1.34,0.143,6.9,43.0
PDS_M3_02072,-87.9512,44.3421,79.4,12.6,8.0,0.37,3.48,1.66,0.22,7.1,43.5
PDS_M3_02073,-81.2217,-153.2058,78.4,11.3,10.3,0.31,4.67,0.57,0.102,4.7,43.6
PDS_M3_02074,-81.2042,1.329,82.1,9.7,8.2,0.67,3.24,0.95,0.042,7.6,44.0
PDS_M3_02075,-81.2942,-114.255,73.8,17.5,8.7,0.46,4.47,0.83,0.05,6.8,43.7
PDS_M3_02076,-87.612,26.6311,82.7,9.2,8.1,0.44,3.44,1.33,0.143,4.7,43.7
PDS_M3_02077,-85.4876,49.4657,72.4,18.8,8.8,0.49,5.08,1.57,0.101,5.0,43.6
PDS_M3_02078,-80.1501,20.4153,71.9,21.1,7.0,0.46,4.93,0.99,0.053,4.3,43.4
PDS_M3_02079,-82.2799,85.7864,69.0,22.8,8.2,0.42,4.42,1.28,0.041,6.6,43.0
PDS_M3_02080,-89.7283,-59.1807,74.2,17.0,8.8,0.34,3.09,1.53,0.058,5.6,43.6
PDS_M3_02081,-89.348,95.4384,74.0,16.5,9.5,0.68,4.16,1.2,0.049,2.8,42.7
PDS_M3_02082,-85.3607,-24.2039,78.1,12.4,9.5,0.36,3.96,1.31,0.165,5.1,43.8
PDS_M3_02083,-80.9078,-5.6936,77.0,13.7,9.3,0.31,4.86,0.51,0.169,5.3,44.3
PDS_M3_02084,-84.613,53.3168,71.2,20.6,8.2,0.44,3.48,1.57,0.151,5.9,43.4
PDS_M3_02085,-85.0219,-173.391,74.4,14.8,10.8,0.77,5.12,1.01,0.046,4.0,44.4
PDS_M3_02086,-88.9453,55.4379,74.5,16.9,8.6,0.33,4.97,1.9,0.049,5.9,43.8
PDS_M3_02087,-83.4322,42.6907,68.9,23.2,7.9,0.56,3.1,0.84,0.049,7.6,44.0
PDS_M3_02088,-81.779,-68.455,72.1,18.7,9.2,0.41,4.02,1.24,0.058,6.0,43.7
PDS_M3_02089,-86.1958,-149.1141,72.9,17.1,10.0,0.49,4.16,1.35,0.045,6.5,43.8
PDS_M3_02090,-82.2439,-147.2632,81.7,11.3,7.0,0.59,5.0,0.4,0.22,7.7,43.9
PDS_M3_02091,-80.3552,152.3605,76.8,15.1,8.1,0.19,3.65,1.63,0.156,5.7,43.1
PDS_M3_02092,-87.9623,68.1406,78.6,11.1,10.3,0.32,4.37,1.32,0.044,5.6,43.0
PDS_M3_02093,-84.7667,-134.2431,70.0,21.0,9.0,0.59,5.08,0.65,0.049,6.2,43.4
PDS_M3_02094,-87.1286,-51.5797,80.8,10.6,8.6,0.46,4.4,1.21,0.058,4.7,43.6
PDS_M3_02095,-82.0715,33.2939,81.2,8.1,10.7,0.48,2.71,1.21,0.13,5.0,43.6
PDS_M3_02096,-84.2241,120.8058,68.0,24.6,7.4,0.56,3.8,1.06,0.115,3.4,42.9
PDS_M3_02097,-83.6542,-164.2821,73.2,17.3,9.5,0.32,4.92,0.92,0.1,8.5,44.0
PDS_M3_02098,-82.0209,-94.8121,78.0,13.6,8.4,0.61,4.82,1.08,0.186,6.8,43.3
PDS_M3_02099,-86.0403,140.3096,78.6,14.1,7.3,0.57,2.4,1.36,0.042,4.7,43.3
PDS_M3_02100,-80.8491,-176.7004,73.3,18.8,7.9,0.49,4.36,1.35,0.051,7.0,43.6
PDS_M3_02101,-84.6697,-107.4963,74.8,15.7,9.5,0.52,4.96,1.1,0.053,4.8,44.1
PDS_M3_02102,-88.4205,165.2487,73.6,19.3,7.1,0.62,4.63,1.17,0.044,5.9,43.9
PDS_M3_02103,-83.041,40.8247,76.4,14.2,9.4,0.36,4.72,1.06,0.098,5.9,43.4
PDS_M3_02104,-82.0674,-85.7983,80.8,8.4,10.8,0.55,5.85,0.81,0.054,5.3,43.7
PDS_M3_02105,-86.8324,-155.8832,72.9,16.9,10.2,0.71,4.17,1.08,0.08,4.8,44.2
PDS_M3_02106,-81.4282,-169.8511,80.0,11.6,8.4,0.55,4.44,0.88,0.109,7.3,44.2
PDS_M3_02107,-80.9386,-91.8918,72.9,19.5,7.6,0.42,3.45,0.8,0.094,5.9,43.9
PDS_M3_02108,-87.231,137.3349,72.6,18.5,8.9,0.8,3.69,0.4,0.061,7.8,43.7
PDS_M3_02109,-80.1648,-30.2711,79.3,12.1,8.6,0.48,3.93,0.98,0.072,4.6,43.8
PDS_M3_02110,-88.5929,79.32,79.7,9.4,10.9,0.66,4.88,1.34,0.065,5.2,44.6
PDS_M3_02111,-87.9798,150.5826,79.4,9.6,11.0,0.39,3.6,1.47,0.155,5.7,44.2
PDS_M3_02112,-88.1578,-33.1054,70.7,20.7,8.6,0.61,5.19,1.23,0.073,7.1,43.5
PDS_M3_02113,-81.0601,-111.1401,74.1,18.3,7.6,0.37,3.33,0.71,0.044,4.9,43.9
PDS_M3_02114,-83.4571,6.1625,79.3,10.1,10.6,0.5,4.71,1.05,0.098,6.5,43.7
PDS_M3_02115,-88.479,146.9101,76.2,13.6,10.2,0.36,4.64,0.75,0.053,6.2,43.0
PDS_M3_02116,-85.5968,109.5748,71.7,19.3,9.0,0.74,4.41,1.67,0.065,7.5,43.1
PDS_M3_02117,-83.847,-156.3013,77.8,13.7,8.5,0.42,4.99,0.98,0.064,6.4,43.5
PDS_M3_02118,-89.1654,69.3262,73.1,18.1,8.8,0.28,3.61,0.95,0.045,3.6,43.3
PDS_M3_02119,-81.1758,25.8831,83.2,6.2,10.6,0.46,3.83,1.38,0.22,4.6,43.6
PDS_M3_02120,-81.964,146.6867,82.2,10.1,7.7,0.53,3.43,1.09,0.088,4.6,43.6
PDS_M3_02121,-84.9479,-135.9067,78.4,11.4,10.2,0.45,4.21,1.42,0.05,5.3,44.3
PDS_M3_02122,-80.3287,12.253,81.4,11.5,7.1,0.33,4.1,0.76,0.089,7.4,44.6
PDS_M3_02123,-85.8224,136.6066,76.3,13.0,10.7,0.61,4.89,1.13,0.076,5.5,44.2
PDS_M3_02124,-80.1589,-32.3914,79.1,11.9,9.0,0.64,4.51,1.25,0.065,5.8,42.9
PDS_M3_02125,-83.3208,-6.4818,81.9,10.2,7.9,0.2,4.75,0.4,0.078,5.5,44.3
PDS_M3_02126,-83.6533,-154.6342,77.0,16.0,7.0,0.32,4.04,0.9,0.106,6.4,44.0
PDS_M3_02127,-88.3405,-79.8683,75.0,15.8,9.2,0.43,4.52,0.92,0.053,4.9,43.6
PDS_M3_02128,-81.1807,-63.1776,69.2,22.8,8.0,0.37,5.65,1.12,0.086,5.6,43.2
PDS_M3_02129,-85.7251,160.2441,75.7,14.8,9.5,0.53,3.12,1.01,0.141,5.6,43.5
PDS_M3_02130,-88.3777,-78.2398,79.3,12.6,8.1,0.73,2.73,1.19,0.055,5.7,44.2
PDS_M3_02131,-89.8739,-14.0873,79.8,12.8,7.4,0.39,4.71,1.03,0.083,5.1,43.9
PDS_M3_02132,-84.4024,61.6696,78.0,13.0,9.0,0.69,3.52,1.44,0.22,4.2,44.2
PDS_M3_02133,-84.726,-121.614,73.8,16.9,9.3,0.23,3.09,1.73,0.137,6.9,43.9
PDS_M3_02134,-82.8065,-4.8807,68.1,23.1,8.8,0.52,4.63,0.65,0.094,5.7,44.0
PDS_M3_02135,-81.0974,85.8741,74.0,17.2,8.8,0.36,3.4,1.11,0.123,7.2,43.8
PDS_M3_02136,-89.2059,132.0679,74.8,15.8,9.4,0.52,5.43,1.43,0.085,6.4,43.2
PDS_M3_02137,-82.685,45.4533,74.7,16.2,9.1,0.19,4.33,0.89,0.22,6.4,43.0
PDS_M3_02138,-88.1259,60.8593,78.5,14.0,7.5,0.26,4.04,1.18,0.051,7.2,44.0
PDS_M3_02139,-81.4182,-134.5379,83.9,8.3,7.8,0.52,3.54,0.99,0.116,8.9,44.2
PDS_M3_02140,-81.8094,160.4795,76.5,15.9,7.6,0.36,4.37,0.8,0.04,7.4,43.4
PDS_M3_02141,-84.5921,-132.2733,75.1,15.1,9.8,0.4,2.93,0.79,0.048,6.9,43.7
PDS_M3_02142,-82.8976,98.8823,75.0,15.9,9.1,0.73,2.23,0.4,0.117,6.2,43.4
PDS_M3_02143,-86.8565,-84.6661,76.5,14.8,8.7,0.47,2.96,1.15,0.125,7.3,43.5
PDS_M3_02144,-85.2883,156.0935,72.7,17.1,10.2,0.59,5.11,1.17,0.042,4.9,43.0
PDS_M3_02145,-81.7836,79.1854,76.5,15.2,8.3,0.34,3.46,0.81,0.064,6.5,43.7
PDS_M3_02146,-85.4073,91.3729,77.8,12.9,9.3,0.25,3.05,1.02,0.048,7.3,43.5
PDS_M3_02147,-86.422,-101.1387,76.8,15.9,7.3,0.44,4.13,0.67,0.173,6.9,43.8
PDS_M3_02148,-85.0579,-20.5056,77.8,12.2,10.0,0.23,5.98,1.26,0.076,5.7,43.0
PDS_M3_02149,-81.7175,42.4128,77.7,12.5,9.8,0.35,5.07,0.98,0.075,6.3,44.0
PDS_M3_02150,-86.6479,97.1905,68.9,20.9,10.2,0.49,3.56,1.33,0.144,5.4,43.2
PDS_M3_02151,-88.2624,-142.5746,78.5,11.0,10.5,0.43,3.55,1.0,0.111,4.9,43.3
PDS_M3_02152,-82.8799,166.4515,73.3,16.7,10.0,0.5,3.56,0.8,0.193,7.5,43.4
PDS_M3_02153,-81.7402,140.4794,71.6,18.0,10.4,0.54,3.47,0.94,0.207,5.3,42.9
PDS_M3_02154,-88.9936,-82.6745,71.6,20.0,8.4,0.27,4.64,1.55,0.063,5.3,43.4
PDS_M3_02155,-87.6013,116.1937,77.7,13.9,8.4,0.31,3.93,1.73,0.103,5.3,43.8
PDS_M3_02156,-88.5803,6.5966,75.1,14.1,10.8,0.12,3.31,0.65,0.087,5.0,43.7
PDS_M3_02157,-86.5206,-13.7497,69.3,20.0,10.7,0.39,3.13,1.37,0.094,4.9,43.6
PDS_M3_02158,-85.4965,-66.8037,77.9,12.9,9.2,0.56,6.04,0.77,0.099,3.7,43.5
PDS_M3_02159,-82.5117,29.1487,70.2,21.3,8.5,0.67,4.79,0.87,0.044,3.9,43.8
PDS_M3_02160,-83.4885,82.7601,76.6,12.9,10.5,0.48,3.52,1.16,0.175,5.6,43.8
PDS_M3_02161,-83.7907,-32.0642,77.0,14.7,8.3,0.66,5.17,1.25,0.049,6.3,44.0
PDS_M3_02162,-86.4763,46.5189,79.5,12.9,7.6,0.51,3.28,0.88,0.073,3.8,44.4
PDS_M3_02163,-81.5855,71.7527,83.1,7.3,9.6,0.47,4.09,1.28,0.061,6.0,43.3
PDS_M3_02164,-85.2871,76.0039,70.5,22.3,7.2,0.36,4.0,1.46,0.088,7.3,43.3
PDS_M3_02165,-80.209,-161.2922,75.8,15.7,8.5,0.1,4.35,1.32,0.22,5.2,43.3
PDS_M3_02166,-83.6586,129.5092,74.9,14.9,10.2,0.63,3.45,0.81,0.072,4.6,44.5
PDS_M3_02167,-88.7374,-15.0288,77.7,14.1,8.2,0.44,4.3,0.97,0.095,5.7,44.0
PDS_M3_02168,-83.2382,-85.5302,76.9,12.4,10.7,0.66,2.8,1.36,0.049,6.4,43.8
PDS_M3_02169,-86.749,-92.9648,74.6,14.6,10.8,0.31,3.9,1.57,0.077,5.1,44.1
PDS_M3_02170,-83.1367,-6.1149,74.2,15.5,10.3,0.81,5.27,0.72,0.188,6.9,43.6
PDS_M3_02171,-89.3036,139.2594,71.5,17.5,11.0,0.41,5.02,1.19,0.202,6.4,43.7
PDS_M3_02172,-88.2512,-43.7949,80.0,10.9,9.1,0.35,3.64,1.32,0.087,7.9,43.6
PDS_M3_02173,-81.4426,89.9013,77.8,12.9,9.3,0.42,2.98,0.68,0.128,3.8,43.2
PDS_M3_02174,-87.7282,-145.1453,79.7,10.0,10.3,0.48,2.45,1.41,0.04,4.1,44.1
PDS_M3_02175,-81.6296,-8.6196,74.8,16.2,9.0,0.44,4.69,1.73,0.085,5.3,43.2
PDS_M3_02176,-87.2072,177.007,73.4,18.0,8.6,0.37,4.42,1.3,0.119,4.2,43.9
PDS_M3_02177,-83.5712,97.3576,71.7,18.8,9.5,0.18,4.51,1.27,0.064,7.7,43.9
PDS_M3_02178,-83.0585,-104.2097,77.4,13.0,9.6,0.33,5.55,0.87,0.179,6.1,42.8
PDS_M3_02179,-84.8735,0.5189,71.8,18.2,10.0,0.61,4.32,0.95,0.131,5.4,43.9
PDS_M3_02180,-86.9469,-95.8951,83.4,6.9,9.7,0.32,4.38,0.91,0.128,7.7,44.0
PDS_M3_02181,-87.8736,-32.5581,70.8,19.2,10.0,0.19,3.08,0.83,0.041,6.2,43.1
PDS_M3_02182,-89.6681,100.8302,77.1,13.2,9.7,0.29,5.5,1.03,0.052,5.5,43.0
PDS_M3_02183,-86.9605,97.6409,82.3,8.8,8.9,0.44,4.07,1.19,0.115,4.9,43.9
PDS_M3_02184,-83.4684,-97.8839,78.4,14.1,7.5,0.34,3.55,0.84,0.089,6.5,43.7
PDS_M3_02185,-80.617,152.0004,76.7,13.2,10.1,0.41,4.37,1.0,0.092,6.4,44.1
PDS_M3_02186,-81.288,33.3245,72.1,20.8,7.1,0.33,5.8,1.2,0.041,6.6,43.5
PDS_M3_02187,-82.3394,-43.2273,70.5,18.5,11.0,0.6,5.91,0.46,0.075,6.8,43.0
PDS_M3_02188,-82.1155,0.6968,79.1,10.6,10.3,0.52,3.42,1.38,0.133,7.5,43.1
PDS_M3_02189,-83.3502,37.8257,82.0,8.3,9.7,0.78,5.14,1.16,0.105,4.8,43.9
PDS_M3_02190,-87.3971,21.5606,74.2,14.9,10.9,0.39,4.47,1.17,0.091,8.5,43.6
PDS_M3_02191,-80.928,-4.8942,71.4,19.2,9.4,0.41,4.99,1.45,0.112,8.0,44.0
PDS_M3_02192,-83.2927,1.7758,66.2,26.6,7.2,0.63,4.42,1.38,0.154,7.9,43.1
PDS_M3_02193,-84.3956,-116.4917,72.1,18.7,9.2,0.51,4.69,1.28,0.154,5.6,43.7
PDS_M3_02194,-88.8901,112.5838,75.5,16.4,8.1,0.31,5.26,1.18,0.077,4.9,43.6
PDS_M3_02195,-85.5294,15.0337,82.4,9.1,8.5,0.53,2.8,1.1,0.062,5.9,42.8
PDS_M3_02196,-85.3964,-132.8112,78.7,12.5,8.8,0.51,4.49,0.93,0.067,6.1,44.0
PDS_M3_02197,-81.3544,95.8166,77.2,12.7,10.1,0.18,3.26,0.81,0.084,6.8,43.5
PDS_M3_02198,-84.5335,155.6798,74.4,16.6,9.0,0.35,3.83,1.22,0.046,5.6,43.9
PDS_M3_02199,-86.196,161.0305,73.7,17.4,8.9,0.48,4.2,1.22,0.094,6.9,43.6
PDS_M3_02200,-80.232,-47.1536,81.6,10.2,8.2,0.67,3.39,1.14,0.076,5.4,43.5
PDS_M3_02201,-88.8928,-131.2139,76.8,14.0,9.2,0.55,3.73,0.7,0.125,5.9,43.6
PDS_M3_02202,-85.7745,6.6239,67.6,24.4,8.0,0.37,3.08,0.4,0.059,6.7,43.4
PDS_M3_02203,-89.5798,-139.4607,73.3,18.7,8.0,0.34,3.73,1.12,0.044,5.9,43.6
PDS_M3_02204,-82.601,156.2355,72.6,17.4,10.0,0.57,4.61,0.55,0.175,5.0,43.7
PDS_M3_02205,-80.8192,-113.9113,73.8,17.8,8.4,0.1,4.89,1.2,0.044,4.7,43.6
PDS_M3_02206,-87.1996,-89.0043,78.3,14.5,7.2,0.33,3.58,1.68,0.197,7.1,44.4
PDS_M3_02207,-81.4166,-33.6109,75.6,16.0,8.4,0.66,5.26,1.2,0.081,6.4,44.0
PDS_M3_02208,-87.0778,-42.0608,75.7,14.7,9.6,0.49,4.66,0.97,0.043,7.5,44.0
PDS_M3_02209,-80.8923,106.0786,81.3,8.4,10.3,0.34,5.35,0.79,0.048,7.2,44.2
PDS_M3_02210,-82.4604,-15.7259,73.2,16.0,10.8,0.27,2.78,0.93,0.086,5.5,43.6
PDS_M3_02211,-81.9509,-118.5234,83.5,6.5,10.0,0.58,4.45,1.09,0.041,7.0,44.2
PDS_M3_02212,-89.8199,-83.8044,73.3,18.0,8.7,0.46,4.69,1.42,0.188,6.2,44.1
PDS_M3_02213,-80.3719,3.2808,76.4,15.4,8.2,0.42,2.83,1.14,0.135,5.7,43.7
PDS_M3_02214,-82.7333,-126.9166,74.9,17.6,7.5,0.51,6.13,1.01,0.082,9.0,44.0
PDS_M3_02215,-86.9525,40.196,76.5,14.0,9.5,0.47,3.69,1.3,0.196,8.6,43.2
PDS_M3_02216,-81.7061,23.669,77.8,13.2,9.0,0.46,4.64,1.54,0.058,6.6,44.2
PDS_M3_02217,-87.1848,77.2928,77.7,12.6,9.7,0.25,4.94,1.19,0.155,4.8,43.4
PDS_M3_02218,-81.2725,157.5737,73.0,19.1,7.9,0.3,4.28,1.16,0.138,5.2,43.0
PDS_M3_02219,-88.8742,148.4116,71.5,20.2,8.3,0.56,5.31,0.6,0.092,5.1,43.4
PDS_M3_02220,-82.9631,160.5872,86.0,5.8,8.2,0.53,5.8,0.69,0.063,6.8,44.1
PDS_M3_02221,-84.593,-91.9024,74.1,15.7,10.2,0.51,3.31,0.65,0.089,6.3,43.7
PDS_M3_02222,-89.0347,-132.6365,78.8,13.5,7.7,0.36,4.29,1.04,0.22,5.4,44.3
PDS_M3_02223,-87.5811,-71.1804,69.6,21.0,9.4,0.56,4.93,0.85,0.045,8.3,43.2
PDS_M3_02224,-89.876,142.2307,74.9,17.9,7.2,0.39,2.89,0.95,0.053,5.3,44.3
PDS_M3_02225,-85.3123,169.9393,75.5,15.3,9.2,0.65,5.05,0.85,0.102,8.0,44.3
PDS_M3_02226,-86.9873,129.357,77.9,14.8,7.3,0.34,5.57,0.87,0.108,7.2,43.8
PDS_M3_02227,-84.0164,-140.3936,65.1,27.2,7.7,0.37,5.23,0.54,0.051,6.6,42.9
PDS_M3_02228,-87.0276,161.0741,76.7,15.8,7.5,0.43,4.55,1.17,0.138,4.9,44.7
PDS_M3_02229,-87.0008,-27.5911,71.4,20.2,8.4,0.58,5.43,1.31,0.198,7.7,44.2
PDS_M3_02230,-82.5681,-176.6483,77.3,14.3,8.4,0.44,4.49,1.12,0.045,8.2,43.8
PDS_M3_02231,-89.5186,-20.7383,71.9,17.8,10.3,0.46,3.14,1.21,0.22,6.1,43.0
PDS_M3_02232,-80.9711,-163.4151,72.6,19.5,7.9,0.39,3.78,1.24,0.06,7.3,43.8
PDS_M3_02233,-81.4774,15.7961,74.9,17.8,7.3,0.49,4.0,1.23,0.062,5.9,43.4
PDS_M3_02234,-83.322,-58.1206,71.8,18.8,9.4,0.44,4.15,1.35,0.043,7.6,43.9
PDS_M3_02235,-84.0678,-9.5634,74.1,16.2,9.7,0.33,4.12,1.46,0.081,4.7,43.7
PDS_M3_02236,-81.077,40.7413,71.2,20.6,8.2,0.47,3.93,1.57,0.22,7.0,42.9
PDS_M3_02237,-88.1467,132.7684,68.7,21.9,9.4,0.47,4.38,0.52,0.051,2.8,42.9
PDS_M3_02238,-89.2103,58.2846,80.1,9.8,10.1,0.8,5.4,1.24,0.092,4.4,43.5
PDS_M3_02239,-87.6049,-23.7424,70.8,20.8,8.4,0.36,4.37,0.74,0.059,4.5,44.1
PDS_M3_02240,-82.0542,114.994,75.3,15.6,9.1,0.32,4.7,1.52,0.041,5.8,43.4
PDS_M3_02241,-89.6533,146.0096,79.0,13.4,7.6,0.49,2.44,1.12,0.22,4.7,42.9
PDS_M3_02242,-84.1719,-136.8864,73.5,19.4,7.1,0.3,4.3,1.18,0.116,4.7,43.5
PDS_M3_02243,-80.0456,11.4959,72.7,16.4,10.9,0.29,5.07,1.14,0.12,5.6,43.4
PDS_M3_02244,-81.443,-77.5757,76.9,14.9,8.2,0.23,5.2,1.16,0.105,5.6,44.3
PDS_M3_02245,-84.7855,-163.058,80.5,11.4,8.1,0.33,5.12,1.59,0.049,4.4,44.4
PDS_M3_02246,-89.3636,60.6768,71.3,17.8,10.9,0.34,4.44,1.47,0.054,4.2,43.0
PDS_M3_02247,-81.6863,130.5975,75.4,14.7,9.9,0.26,4.53,1.58,0.069,4.8,43.8
PDS_M3_02248,-84.0102,-121.355,69.1,21.6,9.3,0.41,3.66,1.04,0.22,7.0,43.7
PDS_M3_02249,-88.8507,112.4689,74.4,15.8,9.8,0.1,4.88,0.46,0.107,9.0,43.6
PDS_M3_02250,-89.0614,127.2225,76.1,14.1,9.8,0.52,3.67,1.32,0.075,7.6,43.7
PDS_M3_02251,-80.9037,149.1626,72.6,17.3,10.1,0.37,4.74,0.77,0.08,5.4,44.0
PDS_M3_02252,-83.308,-84.4974,74.2,18.5,7.3,0.39,4.23,0.99,0.193,6.3,43.7
PDS_M3_02253,-81.7071,145.4231,70.4,20.9,8.7,0.54,4.21,1.08,0.053,5.8,43.7
PDS_M3_02254,-81.2102,-64.5614,76.3,15.5,8.2,0.51,5.0,1.1,0.063,5.6,44.2
PDS_M3_02255,-84.2823,18.8417,80.2,12.5,7.3,0.36,4.65,1.29,0.068,5.9,43.6
PDS_M3_02256,-84.8255,-161.8173,71.6,19.7,8.7,0.52,4.43,0.82,0.177,6.1,43.8
PDS_M3_02257,-85.6957,-164.2028,73.5,17.0,9.5,0.68,3.8,1.29,0.13,3.7,43.4
PDS_M3_02258,-86.8305,79.3344,78.0,14.3,7.7,0.3,5.48,1.04,0.094,5.1,44.2
PDS_M3_02259,-85.654,-19.9872,80.8,11.0,8.2,0.56,4.47,1.88,0.063,5.7,43.6
PDS_M3_02260,-82.2612,-87.7347,70.0,20.4,9.6,0.28,4.8,0.62,0.054,8.7,43.6
PDS_M3_02261,-83.9808,-111.4511,75.3,15.4,9.3,0.63,4.26,1.14,0.064,6.6,43.5
PDS_M3_02262,-81.0748,61.1833,77.1,12.4,10.5,0.34,3.65,1.28,0.199,7.1,43.9
PDS_M3_02263,-85.5662,-179.8554,75.6,14.2,10.2,0.34,4.48,0.98,0.185,5.7,43.3
PDS_M3_02264,-83.9291,110.1208,66.1,23.0,10.9,0.62,3.72,0.93,0.073,7.5,43.2
PDS_M3_02265,-83.6869,-151.4701,78.0,12.6,9.4,0.56,4.55,1.5,0.064,6.1,43.7
PDS_M3_02266,-84.083,-111.0637,82.1,8.1,9.8,0.35,1.59,1.35,0.17,6.8,43.4
PDS_M3_02267,-82.9737,-40.9549,76.5,13.1,10.4,0.47,3.88,0.86,0.075,6.0,43.4
PDS_M3_02268,-87.6257,-5.4509,71.9,17.7,10.4,0.34,4.19,0.66,0.042,6.5,42.9
PDS_M3_02269,-84.8764,-52.2018,73.9,16.2,9.9,0.21,3.44,1.28,0.065,5.2,43.7
PDS_M3_02270,-88.9578,-64.5436,83.1,7.9,9.0,0.48,4.49,1.2,0.096,8.0,44.2
PDS_M3_02271,-86.1549,167.0098,79.6,12.3,8.1,0.4,3.86,1.27,0.214,5.2,43.2
PDS_M3_02272,-85.1233,50.9687,78.6,10.9,10.5,0.31,4.2,1.06,0.073,4.7,43.3
PDS_M3_02273,-83.4778,-171.5641,77.4,12.5,10.1,0.65,3.76,1.36,0.056,6.0,43.3
PDS_M3_02274,-80.4947,-25.1367,73.4,16.2,10.4,0.31,4.98,1.58,0.069,8.0,43.1
PDS_M3_02275,-83.9935,135.0031,75.2,17.2,7.6,0.47,4.64,1.56,0.044,5.0,43.8
PDS_M3_02276,-82.5641,-71.4758,75.7,16.0,8.3,0.61,4.44,0.85,0.177,5.6,43.4
PDS_M3_02277,-84.9373,-145.9597,78.2,13.1,8.7,0.41,4.25,1.85,0.042,6.1,43.8
PDS_M3_02278,-83.659,93.0185,82.0,7.6,10.4,0.34,6.22,1.3,0.04,4.2,43.6
PDS_M3_02279,-89.2907,38.165,80.5,8.9,10.6,0.49,4.07,0.67,0.097,4.1,43.7
PDS_M3_02280,-87.4561,25.3125,70.3,21.6,8.1,0.52,3.64,1.23,0.05,7.2,43.9
PDS_M3_02281,-86.3815,-160.7124,76.9,13.4,9.7,0.58,3.26,1.17,0.061,5.9,43.2
PDS_M3_02282,-85.2751,-129.4204,78.9,13.8,7.3,0.73,4.92,1.07,0.081,4.5,43.5
PDS_M3_02283,-89.5435,44.1178,78.5,12.9,8.6,0.38,5.5,1.04,0.134,5.4,43.9
PDS_M3_02284,-88.5998,-105.1834,73.5,17.6,8.9,0.48,3.52,1.31,0.069,5.1,43.4
PDS_M3_02285,-87.2319,1.4652,87.7,5.0,7.3,0.26,3.97,1.31,0.22,5.8,44.1
PDS_M3_02286,-80.2847,16.1574,70.9,18.5,10.6,0.55,3.91,0.92,0.076,6.0,43.5
PDS_M3_02287,-86.6865,-77.9374,71.7,20.0,8.3,0.48,4.1,0.94,0.192,3.2,42.9
PDS_M3_02288,-85.1796,161.4331,76.9,14.0,9.1,0.42,2.79,0.93,0.076,7.4,44.3
PDS_M3_02289,-88.039,123.2871,84.5,5.9,9.6,0.36,4.85,1.05,0.084,5.9,43.9
PDS_M3_02290,-83.8922,80.0545,72.7,19.0,8.3,0.4,5.15,1.37,0.22,5.0,44.2
PDS_M3_02291,-87.1932,-151.9222,74.9,14.2,10.9,0.49,2.68,1.46,0.107,6.9,43.8
PDS_M3_02292,-87.9301,-141.7932,80.3,9.2,10.5,0.31,5.61,1.04,0.05,4.6,44.3
PDS_M3_02293,-84.8343,-2.5987,75.9,15.9,8.2,0.4,5.49,1.43,0.095,5.4,44.1
PDS_M3_02294,-89.9449,-122.1432,74.7,16.3,9.0,0.45,1.74,1.23,0.055,4.3,44.1
PDS_M3_02295,-89.9234,172.1756,78.3,13.8,7.9,0.22,2.46,1.14,0.062,6.7,43.7
PDS_M3_02296,-87.8093,-122.9327,77.1,13.8,9.1,0.29,4.09,1.66,0.149,7.2,44.4
PDS_M3_02297,-89.6328,-4.5116,80.1,10.2,9.7,0.35,5.25,1.2,0.109,6.3,43.6
PDS_M3_02298,-88.9197,-48.9164,81.2,11.5,7.3,0.69,4.43,1.06,0.06,5.6,44.0
PDS_M3_02299,-86.6114,50.1791,77.2,12.3,10.5,0.33,4.22,1.35,0.04,4.3,44.0
PDS_M3_02300,-81.9741,-133.5469,77.2,13.4,9.4,0.44,4.66,0.73,0.085,5.3,45.0
PDS_M3_02301,-84.2795,-25.0861,76.9,12.1,11.0,0.29,3.55,1.03,0.057,6.1,44.1
PDS_M3_02302,-84.8733,-81.1062,78.0,14.9,7.1,0.33,5.22,1.18,0.042,5.1,43.5
PDS_M3_02303,-87.0651,139.5905,76.2,13.5,10.3,0.23,4.12,1.32,0.044,5.3,43.8
PDS_M3_02304,-80.6825,-165.3891,76.0,13.8,10.2,0.55,2.89,1.17,0.107,4.5,43.1
PDS_M3_02305,-86.0298,148.9419,80.8,11.7,7.5,0.25,3.56,0.71,0.072,4.9,44.4
PDS_M3_02306,-89.1291,119.8779,82.1,9.6,8.3,0.59,4.5,0.83,0.058,4.0,42.6
PDS_M3_02307,-83.8293,-72.8745,70.0,19.5,10.5,0.52,3.97,0.97,0.167,6.1,43.4
PDS_M3_02308,-88.8616,104.1446,76.0,14.9,9.1,0.44,3.89,1.17,0.145,5.9,44.5
PDS_M3_02309,-86.5478,-168.7631,73.2,18.2,8.6,0.59,4.36,0.71,0.078,5.9,43.9
PDS_M3_02310,-84.9259,168.0716,74.8,14.6,10.6,0.92,4.49,1.52,0.059,5.4,43.8
PDS_M3_02311,-81.2578,9.5742,77.6,15.0,7.4,0.52,3.22,1.19,0.082,5.1,43.2
PDS_M3_02312,-85.0645,-70.8188,78.7,12.4,8.9,0.28,5.18,1.19,0.124,5.4,44.3
PDS_M3_02313,-82.9774,-49.47,75.6,14.8,9.6,0.67,4.1,1.05,0.041,5.3,43.3
PDS_M3_02314,-80.0718,-156.0941,68.3,22.3,9.4,0.48,4.54,0.67,0.097,6.0,43.0
PDS_M3_02315,-88.6851,176.1658,72.1,19.8,8.1,0.77,4.28,1.13,0.114,8.0,44.1
PDS_M3_02316,-87.2527,-165.8549,79.6,11.1,9.3,0.37,3.87,1.32,0.142,5.6,43.4
PDS_M3_02317,-86.0542,55.7666,65.0,25.2,9.8,0.64,4.93,1.05,0.055,5.1,42.7
PDS_M3_02318,-85.7817,-20.6151,80.7,10.0,9.3,0.45,4.26,1.42,0.054,5.5,43.4
PDS_M3_02319,-85.8898,161.6098,78.1,12.2,9.7,0.85,4.26,1.08,0.055,5.2,43.8
PDS_M3_02320,-80.9239,-91.4401,81.3,10.7,8.0,0.41,2.21,1.31,0.201,5.2,43.6
PDS_M3_02321,-82.8597,11.5513,75.2,14.5,10.3,0.9,4.86,1.07,0.049,5.1,44.4
PDS_M3_02322,-83.9209,-6.3518,67.8,23.4,8.8,0.52,4.06,1.21,0.127,6.6,43.4
PDS_M3_02323,-86.9063,73.0319,77.7,11.4,10.9,0.58,4.8,1.36,0.22,6.6,43.2
PDS_M3_02324,-81.7621,-155.5163,81.1,11.8,7.1,0.71,5.52,0.78,0.215,6.9,43.1
PDS_M3_02325,-80.4494,-110.2359,79.7,11.8,8.5,0.33,4.86,1.29,0.072,7.1,44.1
PDS_M3_02326,-81.788,-102.7567,73.3,19.0,7.7,0.6,4.24,1.42,0.15,5.4,43.7
PDS_M3_02327,-89.9843,85.7343,76.3,14.5,9.2,0.41,3.97,1.76,0.107,3.9,43.9
PDS_M3_02328,-83.636,-111.9101,73.9,18.1,8.0,0.47,6.22,1.12,0.162,8.2,43.4
PDS_M3_02329,-89.4886,26.457,72.7,17.4,9.9,0.46,4.59,0.47,0.051,3.1,43.6
PDS_M3_02330,-87.4239,-102.5122,79.8,9.7,10.5,0.54,4.37,0.57,0.127,5.4,44.3
PDS_M3_02331,-89.4048,130.185,71.2,21.0,7.8,0.53,4.05,0.83,0.093,4.1,43.5
PDS_M3_02332,-83.962,159.1868,72.4,20.0,7.6,0.36,3.48,1.48,0.087,6.3,43.1
PDS_M3_02333,-83.1341,6.6575,71.6,17.9,10.5,0.47,2.64,1.76,0.118,4.7,43.8
PDS_M3_02334,-88.8551,-53.1688,70.0,21.6,8.4,0.1,5.42,0.98,0.059,7.2,43.3
PDS_M3_02335,-86.1616,-95.7392,76.6,14.7,8.7,0.6,3.58,1.12,0.045,6.1,44.1
PDS_M3_02336,-85.4376,-162.0788,80.6,11.5,7.9,0.7,4.05,0.4,0.082,7.6,43.8
PDS_M3_02337,-86.3095,-83.34,75.3,16.0,8.7,0.48,4.12,1.3,0.062,5.9,44.0
PDS_M3_02338,-88.7897,55.5249,70.0,22.1,7.9,0.21,5.35,1.14,0.058,7.2,43.7
PDS_M3_02339,-85.8105,12.1021,79.4,10.9,9.7,0.56,3.59,1.02,0.22,4.5,44.3
PDS_M3_02340,-82.4882,159.8549,82.7,8.3,9.0,0.34,4.41,0.81,0.053,7.0,44.3
PDS_M3_02341,-89.2899,-37.3402,73.4,16.4,10.2,0.48,4.61,0.99,0.056,5.6,43.0
PDS_M3_02342,-89.1982,69.7908,74.1,17.6,8.3,0.55,3.09,0.7,0.064,6.1,42.8
PDS_M3_02343,-86.4523,-3.8438,78.1,12.9,9.0,0.53,3.02,0.84,0.081,6.9,43.7
PDS_M3_02344,-80.5827,4.5274,82.5,9.5,8.0,0.61,3.63,0.72,0.162,6.3,44.1
PDS_M3_02345,-83.3143,-83.6012,73.9,15.4,10.7,0.47,4.39,0.79,0.052,4.9,43.3
PDS_M3_02346,-83.2133,-16.2177,70.7,20.2,9.1,0.48,4.29,0.75,0.097,5.2,43.7
PDS_M3_02347,-86.3808,-10.5174,78.5,13.8,7.7,0.56,4.1,1.27,0.068,4.5,43.9
PDS_M3_02348,-84.0634,74.3913,79.2,12.7,8.1,0.44,4.72,0.76,0.136,6.7,43.7
PDS_M3_02349,-89.8987,158.6304,76.0,16.7,7.3,0.35,3.51,1.08,0.095,5.4,43.4
PDS_M3_02350,-83.639,-61.4443,73.8,19.1,7.1,0.52,4.06,0.77,0.135,5.3,43.2
PDS_M3_02351,-80.8671,-164.8078,80.0,10.9,9.1,0.28,4.11,0.78,0.156,6.0,44.8
PDS_M3_02352,-83.8743,-1.3338,78.1,13.6,8.3,0.44,3.54,0.77,0.186,5.5,42.9
PDS_M3_02353,-81.263,16.0061,72.9,16.2,10.9,0.24,6.04,1.39,0.22,7.2,43.1
PDS_M3_02354,-82.7603,-119.3614,76.2,16.1,7.7,0.37,2.47,1.05,0.098,6.7,44.7
PDS_M3_02355,-88.7944,93.7673,70.6,19.2,10.2,0.37,5.19,0.88,0.101,6.7,43.1
PDS_M3_02356,-80.9755,174.5745,78.7,13.0,8.3,0.3,4.84,0.8,0.049,5.3,43.5
PDS_M3_02357,-89.3356,160.4789,75.0,17.1,7.9,0.62,4.85,0.7,0.047,6.7,43.9
PDS_M3_02358,-84.6603,-109.0418,74.3,14.8,10.9,0.6,4.28,0.88,0.08,6.4,43.8
PDS_M3_02359,-88.5786,135.1308,75.9,13.9,10.2,0.65,5.27,0.67,0.111,4.3,43.8
PDS_M3_02360,-89.8829,73.6177,76.2,14.3,9.5,0.42,3.84,0.97,0.057,5.5,44.3
PDS_M3_02361,-85.7797,-16.6152,79.6,10.6,9.8,0.38,4.51,0.89,0.064,5.6,43.4
PDS_M3_02362,-87.0496,14.62,78.4,10.6,11.0,0.57,4.26,0.87,0.112,7.6,43.8
PDS_M3_02363,-85.14,125.8561,75.4,15.2,9.4,0.47,4.01,1.47,0.054,5.3,43.6
PDS_M3_02364,-84.228,-7.1514,79.1,13.5,7.4,0.47,4.3,1.03,0.084,6.4,43.4
PDS_M3_02365,-89.5626,-45.6453,77.6,15.1,7.3,0.1,3.44,1.05,0.086,7.4,43.8
PDS_M3_02366,-88.77,-2.4309,74.3,16.0,9.7,0.56,3.67,1.48,0.189,4.7,43.8
PDS_M3_02367,-84.4136,28.4867,75.5,14.9,9.6,0.54,5.46,0.69,0.071,6.1,43.9
PDS_M3_02368,-86.5683,-111.932,75.4,14.6,10.0,0.45,6.51,0.95,0.054,8.2,44.1
PDS_M3_02369,-82.7083,144.3268,78.0,14.6,7.4,0.57,4.62,0.64,0.051,3.9,43.7
PDS_M3_02370,-83.4771,62.7073,74.5,14.7,10.8,0.54,4.87,1.12,0.061,5.1,43.2
PDS_M3_02371,-81.544,47.9768,74.4,16.4,9.2,0.35,4.4,1.28,0.06,6.1,43.1
PDS_M3_02372,-83.0751,-144.1814,83.9,6.5,9.6,0.42,4.56,0.4,0.123,6.2,43.8
PDS_M3_02373,-85.7007,37.5026,79.8,13.1,7.1,0.3,4.64,1.36,0.094,6.0,43.3
PDS_M3_02374,-83.2703,-136.4542,73.0,16.2,10.8,0.67,5.03,1.19,0.109,6.5,43.3
PDS_M3_02375,-87.2462,-151.6688,78.3,12.4,9.3,0.6,5.43,1.11,0.1,7.3,43.3
PDS_M3_02376,-86.9369,9.8319,76.5,14.2,9.3,0.33,3.49,0.73,0.079,5.9,43.4
PDS_M3_02377,-82.1101,-34.9972,77.6,11.6,10.8,0.54,6.46,1.33,0.198,5.7,44.4
PDS_M3_02378,-85.5358,31.9717,76.5,12.8,10.7,0.49,4.31,1.6,0.142,6.5,43.6
PDS_M3_02379,-82.0162,-147.88,80.8,11.3,7.9,0.35,4.31,0.98,0.054,8.2,44.5
PDS_M3_02380,-81.7758,-24.8461,77.4,11.9,10.7,0.47,3.87,1.0,0.073,6.5,43.9
PDS_M3_02381,-81.4244,-117.0768,75.8,14.3,9.9,0.58,3.87,1.11,0.06,7.0,43.4
PDS_M3_02382,-80.8336,175.356,80.2,12.7,7.1,0.59,4.69,0.98,0.122,3.9,43.8
PDS_M3_02383,-85.6901,22.0141,76.9,15.1,8.0,0.8,4.71,1.05,0.065,5.6,43.0
PDS_M3_02384,-86.8113,67.4773,76.5,14.8,8.7,0.46,4.65,1.41,0.101,4.3,43.5
PDS_M3_02385,-84.178,-62.8494,77.3,13.4,9.3,0.41,3.84,1.08,0.061,5.8,43.2
PDS_M3_02386,-86.2883,-145.894,75.6,14.6,9.8,0.53,2.04,1.19,0.051,7.5,43.9
PDS_M3_02387,-83.9893,171.3135,76.0,16.2,7.8,0.42,2.76,1.71,0.041,4.2,43.5
PDS_M3_02388,-82.9441,-76.9467,73.7,16.0,10.3,0.36,4.21,1.54,0.22,7.9,43.5
PDS_M3_02389,-83.1159,-27.4291,73.0,16.6,10.4,0.31,4.47,0.79,0.055,5.8,43.4
PDS_M3_02390,-86.2545,53.951,72.0,18.5,9.5,0.1,3.86,1.62,0.147,6.9,43.9
PDS_M3_02391,-88.3314,-171.109,70.4,18.9,10.7,0.56,3.65,1.51,0.144,7.0,43.1
PDS_M3_02392,-85.6947,111.6933,72.5,17.2,10.3,0.2,4.44,1.55,0.056,8.2,43.2
PDS_M3_02393,-88.5741,13.1681,75.3,16.8,7.9,0.32,4.11,0.91,0.072,6.5,43.8
PDS_M3_02394,-81.099,-79.8418,76.4,13.4,10.2,0.49,3.82,1.16,0.149,4.8,44.1
PDS_M3_02395,-86.5412,-157.8211,74.9,14.3,10.8,0.4,2.91,0.98,0.11,7.0,43.8
PDS_M3_02396,-88.4554,-121.5006,66.6,25.8,7.6,0.77,3.52,1.14,0.068,2.6,44.2
PDS_M3_02397,-89.7455,142.2122,82.3,6.8,10.9,0.22,4.95,1.63,0.219,4.7,43.5
PDS_M3_02398,-83.5418,66.9687,80.3,12.6,7.1,0.79,3.43,1.14,0.065,5.1,42.9
PDS_M3_02399,-83.631,-90.0354,77.8,13.1,9.1,0.66,4.73,0.58,0.054,3.3,43.9
PDS_M3_02400,-86.594,-156.3837,83.6,6.3,10.1,0.59,5.31,0.99,0.05,7.8,43.9
PDS_M3_02401,-89.2829,68.6215,72.1,17.7,10.2,0.67,3.57,0.9,0.113,7.4,43.7
PDS_M3_02402,-85.9037,26.0668,83.6,6.5,9.9,0.51,3.84,1.64,0.042,6.3,44.3
PDS_M3_02403,-86.8878,-34.373,72.1,18.8,9.1,0.19,4.99,0.86,0.152,7.0,42.9
PDS_M3_02404,-83.2288,-49.0999,77.0,13.4,9.6,0.53,5.19,0.98,0.062,6.2,43.6
PDS_M3_02405,-83.9422,-101.9469,70.9,19.3,9.8,0.23,3.68,0.99,0.068,6.8,43.7
PDS_M3_02406,-86.3541,61.0601,76.1,14.9,9.0,0.37,2.9,1.58,0.137,7.3,43.8
PDS_M3_02407,-87.8211,169.4405,77.5,13.1,9.4,0.44,5.2,1.39,0.141,4.1,43.6
PDS_M3_02408,-80.1196,-116.7425,75.4,14.2,10.4,0.31,4.67,1.27,0.071,6.9,43.9
PDS_M3_02409,-85.46,34.962,78.9,12.8,8.3,0.59,4.52,1.17,0.088,7.2,44.2
PDS_M3_02410,-83.1173,-27.2934,76.4,14.5,9.1,0.42,4.93,1.16,0.108,5.1,42.9
PDS_M3_02411,-88.5945,-19.1921,73.9,19.1,7.0,0.51,3.25,1.12,0.11,5.5,44.2
PDS_M3_02412,-85.1441,-88.507,73.7,16.6,9.7,0.45,4.51,1.72,0.086,4.9,43.1
PDS_M3_02413,-89.7246,117.0486,79.2,13.0,7.8,0.47,3.97,0.72,0.152,6.2,44.0
PDS_M3_02414,-84.9454,-5.308,73.4,17.7,8.9,0.32,4.68,0.4,0.15,6.3,43.4
PDS_M3_02415,-80.3598,15.6261,79.7,12.5,7.8,0.27,4.84,1.23,0.153,6.0,44.3
PDS_M3_02416,-86.1579,-70.2861,80.9,12.0,7.1,0.43,4.98,1.52,0.059,4.9,44.1
PDS_M3_02417,-89.61,-114.549,69.3,21.8,8.9,0.31,4.68,1.16,0.058,7.4,43.7
PDS_M3_02418,-89.6904,-149.0723,80.5,10.8,8.7,0.66,4.4,0.51,0.049,5.1,43.9
PDS_M3_02419,-86.1201,77.0829,84.2,7.1,8.7,0.24,4.43,1.32,0.145,6.5,43.7
PDS_M3_02420,-88.3998,-109.3557,77.0,15.2,7.8,0.8,4.49,0.78,0.044,6.7,43.3
PDS_M3_02421,-89.7665,68.4271,78.4,10.8,10.8,0.5,3.7,0.71,0.049,3.7,43.2
PDS_M3_02422,-82.4379,-39.4645,80.1,12.9,7.0,0.46,3.9,0.81,0.196,6.2,43.6
PDS_M3_02423,-85.4148,-30.3211,74.9,14.5,10.6,0.37,4.52,0.62,0.048,7.3,44.0
PDS_M3_02424,-87.1076,-11.0961,76.7,13.4,9.9,0.55,4.72,1.16,0.048,5.8,43.3
PDS_M3_02425,-80.9992,-47.6249,70.7,21.6,7.7,0.42,3.68,0.91,0.184,6.9,44.0
PDS_M3_02426,-88.8386,-143.7768,76.6,14.5,8.9,0.5,3.34,0.7,0.062,5.0,43.3
PDS_M3_02427,-80.4408,-68.5325,78.0,11.0,11.0,0.58,2.86,1.81,0.168,7.1,43.7
PDS_M3_02428,-86.8603,58.9444,78.1,12.3,9.6,0.55,3.19,0.94,0.068,4.4,43.9
PDS_M3_02429,-81.116,59.6824,80.3,12.2,7.5,0.64,3.77,1.12,0.068,5.8,44.2
PDS_M3_02430,-83.9706,-76.9592,72.9,18.3,8.8,0.53,3.84,1.57,0.049,7.3,43.4
PDS_M3_02431,-81.7329,-14.3631,73.9,17.2,8.9,0.31,3.97,1.3,0.191,7.2,43.8
PDS_M3_02432,-80.1599,-110.359,83.6,6.2,10.2,0.14,3.24,1.67,0.126,4.2,44.0
PDS_M3_02433,-87.1159,-104.2661,75.4,13.9,10.7,0.48,2.75,0.89,0.055,5.5,43.5
PDS_M3_02434,-80.3886,-171.703,76.8,15.9,7.3,0.48,4.3,1.41,0.118,5.1,43.3
PDS_M3_02435,-86.1052,142.8288,75.7,16.0,8.3,0.74,4.3,1.25,0.047,7.2,43.8
PDS_M3_02436,-86.1449,-104.1456,72.7,19.1,8.2,0.43,4.7,1.4,0.085,5.7,43.6
PDS_M3_02437,-86.5961,-98.0878,82.5,6.5,11.0,0.51,4.85,1.35,0.058,6.0,43.8
PDS_M3_02438,-84.5859,-79.3435,73.9,16.9,9.2,0.57,4.51,0.87,0.154,6.4,43.6
PDS_M3_02439,-88.4585,-134.1331,71.5,18.0,10.5,0.53,4.29,1.95,0.083,4.3,43.7
PDS_M3_02440,-84.4629,50.1346,74.2,17.1,8.7,0.58,4.9,0.42,0.192,6.2,42.9
PDS_M3_02441,-84.583,-152.9485,68.0,22.1,9.9,0.33,5.34,0.84,0.093,4.6,43.2
PDS_M3_02442,-82.381,-131.6871,73.4,18.5,8.1,0.3,3.66,1.3,0.082,5.2,43.2
PDS_M3_02443,-81.6635,52.1124,72.1,17.3,10.6,0.41,4.82,1.19,0.111,5.3,43.2
PDS_M3_02444,-85.5956,-57.7222,78.5,12.7,8.8,0.12,3.7,1.14,0.132,6.4,43.4
PDS_M3_02445,-86.9767,74.8612,73.3,16.5,10.2,0.44,4.38,1.31,0.041,4.8,44.0
PDS_M3_02446,-87.4067,20.6729,79.6,12.4,8.0,0.35,5.06,0.85,0.084,5.2,43.9
PDS_M3_02447,-88.0538,-87.8324,81.6,8.6,9.8,0.5,3.98,1.35,0.13,6.2,43.4
PDS_M3_02448,-89.4235,54.2981,79.1,12.3,8.6,0.41,3.44,1.06,0.071,7.5,43.8
PDS_M3_02449,-86.5755,-138.1415,75.1,17.8,7.1,0.3,3.83,1.52,0.043,6.3,43.8
PDS_M3_02450,-87.2975,13.1077,76.6,14.7,8.7,0.65,3.44,1.01,0.041,7.2,43.5
PDS_M3_02451,-80.3358,-22.6267,69.9,20.9,9.2,0.46,3.34,1.24,0.135,3.3,42.9
PDS_M3_02452,-84.4229,-83.5655,75.5,16.9,7.6,0.58,5.17,1.29,0.053,7.5,43.2
PDS_M3_02453,-86.5272,37.4418,72.6,19.7,7.7,0.48,4.63,1.37,0.052,4.8,42.9
PDS_M3_02454,-84.1953,133.6801,78.8,12.3,8.9,0.52,3.62,1.11,0.061,5.1,44.6
PDS_M3_02455,-88.608,179.6057,86.3,5.3,8.4,0.25,3.41,1.01,0.046,8.1,43.3
PDS_M3_02456,-85.5596,38.7946,78.0,13.2,8.8,0.64,3.47,0.87,0.043,6.0,43.2
PDS_M3_02457,-83.7377,-34.3059,68.0,23.2,8.8,0.58,3.62,1.25,0.163,4.9,43.4
PDS_M3_02458,-85.111,-98.9254,74.6,17.8,7.6,0.45,5.12,0.53,0.062,5.1,42.9
PDS_M3_02459,-85.9822,-87.4454,76.5,15.8,7.7,0.49,4.11,1.19,0.092,4.1,43.2
PDS_M3_02460,-80.0615,-7.3962,76.3,13.3,10.4,0.6,5.91,1.21,0.157,5.8,43.7
PDS_M3_02461,-81.1969,-47.78,73.1,19.2,7.7,0.39,4.17,1.66,0.22,5.4,43.6
PDS_M3_02462,-83.7659,148.9732,77.0,13.3,9.7,0.21,3.74,0.9,0.11,6.6,43.9
PDS_M3_02463,-84.3062,-47.4136,71.0,20.3,8.7,0.4,4.94,1.16,0.22,7.9,43.8
PDS_M3_02464,-83.7934,-45.5599,72.2,16.9,10.9,0.47,2.86,1.15,0.073,4.3,43.5
PDS_M3_02465,-87.9869,-41.9276,78.6,14.1,7.3,0.45,4.35,0.77,0.134,6.5,43.5
PDS_M3_02466,-86.0486,121.1833,71.9,17.8,10.3,0.65,3.23,1.1,0.206,4.0,43.7
PDS_M3_02467,-89.6054,54.2838,78.2,12.8,9.0,0.31,2.45,0.7,0.043,6.3,44.3
PDS_M3_02468,-85.2445,41.1008,70.5,22.5,7.0,0.33,4.11,1.39,0.063,4.4,43.7
PDS_M3_02469,-84.5698,-59.7085,83.1,8.8,8.1,0.29,4.87,1.28,0.121,4.2,43.6
PDS_M3_02470,-87.7225,114.4455,72.9,18.5,8.6,0.51,4.37,1.23,0.063,8.9,43.8
PDS_M3_02471,-80.3597,-166.189,75.1,16.6,8.3,0.22,4.27,0.91,0.041,8.4,43.9
PDS_M3_02472,-80.9055,133.487,77.3,14.3,8.4,0.56,2.12,1.53,0.139,5.0,43.2
PDS_M3_02473,-82.7786,4.59,73.7,15.6,10.7,0.31,4.08,0.77,0.051,8.1,43.5
PDS_M3_02474,-84.6661,-36.6299,76.6,15.0,8.4,0.33,4.08,1.12,0.063,5.8,43.9
PDS_M3_02475,-81.3003,-1.0198,78.3,13.0,8.7,0.72,4.7,0.75,0.185,4.2,44.2
PDS_M3_02476,-88.6935,60.2696,79.8,10.2,10.0,0.63,3.35,1.05,0.054,6.6,43.5
PDS_M3_02477,-82.0949,-175.4044,79.2,10.6,10.2,0.47,4.86,1.48,0.175,6.9,43.2
PDS_M3_02478,-88.7518,133.7587,75.3,17.4,7.3,0.25,3.79,1.24,0.073,6.7,43.8
PDS_M3_02479,-82.0579,-19.1738,75.4,14.8,9.8,0.75,3.96,0.82,0.19,3.8,43.5
PDS_M3_02480,-87.2423,-56.5321,85.4,5.7,8.9,0.42,4.62,0.94,0.166,4.4,44.1
PDS_M3_02481,-81.2291,-130.2316,79.8,12.7,7.5,0.49,3.25,0.99,0.072,6.9,43.9
PDS_M3_02482,-80.5596,-21.7925,72.3,19.6,8.1,0.59,4.86,0.85,0.193,4.4,43.6
PDS_M3_02483,-88.512,-1.3238,76.4,16.4,7.2,0.16,3.12,1.18,0.1,7.0,43.5
PDS_M3_02484,-85.3732,-34.6872,74.7,16.9,8.4,0.35,4.72,1.76,0.079,5.4,44.0
PDS_M3_02485,-80.1901,64.3176,75.5,16.5,8.0,0.44,4.01,0.93,0.085,3.8,43.3
PDS_M3_02486,-85.1659,-28.4772,71.1,20.4,8.5,0.47,4.08,1.68,0.044,4.2,43.6
PDS_M3_02487,-81.3645,166.1103,74.4,16.3,9.3,0.25,1.75,1.1,0.139,6.3,43.8
PDS_M3_02488,-84.1127,35.7399,83.2,6.9,9.9,0.5,3.73,1.2,0.061,6.4,43.8
PDS_M3_02489,-86.2467,110.6921,78.3,12.3,9.4,0.46,4.03,1.18,0.059,7.7,44.1
PDS_M3_02490,-87.1422,-140.6319,66.0,24.3,9.7,0.7,5.44,0.59,0.115,5.8,43.1
PDS_M3_02491,-87.9678,-36.9751,80.9,8.6,10.5,0.6,4.17,1.24,0.068,5.6,44.8
PDS_M3_02492,-82.382,-58.7348,80.4,9.1,10.5,0.41,3.68,0.4,0.083,8.0,43.9
PDS_M3_02493,-86.1346,25.0137,74.6,15.0,10.4,0.42,4.87,1.16,0.073,4.8,44.1
PDS_M3_02494,-84.8872,130.0009,78.9,13.5,7.6,0.6,3.8,1.15,0.082,5.5,44.1
PDS_M3_02495,-85.0767,-151.7982,72.6,19.4,8.0,0.49,5.03,0.64,0.055,6.4,44.1
PDS_M3_02496,-84.2272,-153.8731,74.1,16.9,9.0,0.24,4.41,1.12,0.17,4.7,43.6
PDS_M3_02497,-81.3442,126.1144,82.0,9.6,8.4,0.76,3.48,1.01,0.097,6.3,44.3
PDS_M3_02498,-80.1926,-103.374,74.9,17.6,7.5,0.3,4.95,1.05,0.056,5.8,44.2
PDS_M3_02499,-85.9242,60.7512,68.5,23.3,8.2,0.82,4.68,1.06,0.046,7.2,43.5
PDS_M3_02500,-81.7248,15.4361,75.7,13.4,10.9,0.51,4.92,0.92,0.086,5.3,43.4
PDS_M3_02501,-82.3547,119.8417,75.7,15.9,8.4,0.35,4.05,1.12,0.078,5.0,44.4
PDS_M3_02502,-84.2647,-134.968,80.8,10.5,8.7,0.1,4.68,1.36,0.202,8.1,43.8
PDS_M3_02503,-80.4395,-133.2781,76.1,16.9,7.0,0.57,5.74,1.03,0.056,6.8,43.7
PDS_M3_02504,-87.9953,20.4546,74.3,15.8,9.9,0.22,4.34,1.08,0.168,7.1,43.7
PDS_M3_02505,-88.9074,160.6963,80.2,11.1,8.7,0.5,3.88,1.29,0.127,6.8,43.5
PDS_M3_02506,-81.4604,-30.6008,76.5,16.1,7.4,0.74,5.44,1.78,0.079,5.0,43.8
PDS_M3_02507,-85.6085,-62.3008,73.0,16.1,10.9,0.28,4.73,1.04,0.164,4.6,43.7
PDS_M3_02508,-81.5303,38.4082,80.6,9.3,10.1,0.56,3.84,0.59,0.159,4.7,43.8
PDS_M3_02509,-81.0691,154.9615,76.8,13.3,9.9,0.33,5.59,0.83,0.115,5.1,43.7
PDS_M3_02510,-89.3754,121.294,76.0,13.2,10.8,0.62,3.24,1.28,0.046,7.2,43.6
PDS_M3_02511,-81.1654,178.3741,76.7,14.7,8.6,0.46,4.62,1.55,0.05,5.8,43.5
PDS_M3_02512,-85.5168,-171.8753,71.7,18.4,9.9,0.45,5.12,0.82,0.094,6.9,43.8
PDS_M3_02513,-84.8957,-139.3711,73.9,18.3,7.8,0.63,5.06,1.09,0.057,6.8,43.7
PDS_M3_02514,-83.7341,39.4084,76.0,14.2,9.8,0.54,3.48,1.11,0.088,7.7,44.0
PDS_M3_02515,-80.7362,115.4075,75.2,17.7,7.1,0.33,3.21,0.87,0.089,6.8,43.4
PDS_M3_02516,-89.8088,-77.312,81.1,11.4,7.5,0.72,4.38,1.56,0.093,6.1,44.3
PDS_M3_02517,-85.2316,-93.884,76.9,14.4,8.7,0.22,4.76,1.45,0.091,4.2,44.0
PDS_M3_02518,-83.1228,103.3113,79.4,13.6,7.0,0.49,3.34,1.2,0.069,8.1,43.7
PDS_M3_02519,-82.7729,-159.7025,76.0,15.2,8.8,0.33,4.44,0.97,0.054,7.1,43.4
PDS_M3_02520,-83.0747,-47.0222,80.2,10.7,9.1,0.23,3.03,1.39,0.084,6.3,44.0
PDS_M3_02521,-88.6556,2.0913,77.6,12.9,9.5,0.28,5.05,1.25,0.081,6.1,43.1
PDS_M3_02522,-87.006,21.7255,76.1,16.5,7.4,0.44,3.74,0.97,0.059,3.7,43.5
PDS_M3_02523,-86.4128,82.3015,75.9,16.4,7.7,0.5,4.07,1.39,0.043,6.3,43.8
PDS_M3_02524,-81.9556,-52.2555,72.2,18.3,9.5,0.61,4.89,1.21,0.054,5.2,43.5
PDS_M3_02525,-87.2124,40.5664,78.0,12.4,9.6,0.67,4.82,0.6,0.088,3.8,43.3
PDS_M3_02526,-87.893,30.7352,75.8,17.1,7.1,0.49,4.58,0.8,0.086,5.2,43.7
PDS_M3_02527,-80.4255,17.1418,74.0,16.8,9.2,0.38,5.02,0.7,0.049,6.1,43.2
PDS_M3_02528,-89.9114,50.574,80.4,9.5,10.1,0.61,4.53,1.41,0.096,6.2,43.9
PDS_M3_02529,-80.0218,-86.5983,71.0,21.7,7.3,0.36,5.36,0.89,0.073,4.4,43.3
PDS_M3_02530,-83.2318,-149.5264,74.3,17.0,8.7,0.21,2.83,1.29,0.104,4.2,43.5
PDS_M3_02531,-81.7153,-137.0622,80.1,11.6,8.3,0.59,4.15,1.75,0.171,5.4,43.5
PDS_M3_02532,-87.0538,-99.1503,77.3,12.0,10.7,0.65,4.12,1.34,0.062,6.5,44.0
PDS_M3_02533,-89.8568,0.0713,75.8,16.5,7.7,0.33,4.02,0.97,0.066,4.8,43.6
PDS_M3_02534,-82.6213,122.5594,77.0,14.7,8.3,0.74,4.6,0.88,0.108,5.3,43.4
PDS_M3_02535,-81.6586,72.4656,76.7,12.7,10.6,0.54,4.37,1.01,0.219,6.0,43.6
PDS_M3_02536,-82.5952,104.0546,69.9,21.8,8.3,0.52,4.86,0.79,0.08,4.8,44.1
PDS_M3_02537,-88.5715,-53.6488,74.6,16.3,9.1,0.37,3.25,0.76,0.051,3.4,43.7
PDS_M3_02538,-82.4657,-34.3247,82.5,10.4,7.1,0.6,6.03,0.86,0.204,6.2,44.3
PDS_M3_02539,-82.3108,-38.2745,73.4,15.7,10.9,0.22,3.89,1.26,0.078,3.7,42.9
PDS_M3_02540,-83.4146,-110.9257,74.7,15.0,10.3,0.4,4.43,0.94,0.077,6.2,43.5
PDS_M3_02541,-82.3388,-157.962,73.8,16.7,9.5,0.34,4.04,1.03,0.087,5.5,43.2
PDS_M3_02542,-81.5408,32.7298,75.7,17.1,7.2,0.25,4.26,1.24,0.057,5.5,43.4
PDS_M3_02543,-83.864,176.118,73.7,19.0,7.3,0.58,3.77,1.32,0.132,4.5,43.3
PDS_M3_02544,-89.114,-119.9413,77.9,12.9,9.2,0.5,4.36,0.52,0.101,5.4,44.2
PDS_M3_02545,-85.1237,-163.1935,76.8,15.1,8.1,0.57,4.66,0.58,0.22,4.7,44.0
PDS_M3_02546,-89.2235,100.6314,79.1,11.4,9.5,0.41,2.28,0.98,0.054,9.2,43.5
PDS_M3_02547,-85.9246,-89.069,71.8,18.8,9.4,0.6,3.94,0.77,0.098,4.8,43.3
PDS_M3_02548,-85.9289,118.6718,74.6,15.0,10.4,0.46,3.91,1.36,0.084,7.0,43.8
PDS_M3_02549,-89.3399,73.4172,75.1,16.8,8.1,0.38,6.06,0.96,0.175,5.1,44.0
PDS_M3_02550,-86.5118,160.4425,77.8,12.9,9.3,0.35,4.89,1.64,0.042,6.1,44.1
PDS_M3_02551,-88.89,-32.7862,72.8,17.1,10.1,0.15,5.4,0.95,0.126,5.8,43.8
PDS_M3_02552,-81.9176,58.3091,79.7,11.3,9.0,0.62,4.65,1.19,0.099,5.6,44.5
PDS_M3_02553,-80.5231,-12.6523,80.7,9.0,10.3,0.61,4.27,0.9,0.096,5.6,44.0
PDS_M3_02554,-89.2768,47.0119,72.0,20.5,7.5,0.89,4.49,1.25,0.165,6.1,43.3
PDS_M3_02555,-80.4488,-18.1444,74.0,16.1,9.9,0.4,5.1,1.25,0.093,7.5,43.3
PDS_M3_02556,-84.7742,-112.0924,73.9,15.3,10.8,0.35,5.6,1.37,0.116,4.4,43.2
PDS_M3_02557,-87.0043,2.8431,86.5,5.2,8.3,0.19,4.44,1.06,0.102,3.7,43.5
PDS_M3_02558,-89.2314,10.2903,74.3,17.2,8.5,0.59,3.7,1.48,0.044,4.8,43.9
PDS_M3_02559,-84.9938,111.8174,82.7,10.0,7.3,0.56,4.94,1.19,0.047,6.0,44.5
PDS_M3_02560,-82.0548,84.7875,70.9,19.5,9.6,0.68,3.52,0.91,0.065,5.4,43.5
PDS_M3_02561,-82.9291,58.965,72.0,18.8,9.2,0.31,4.51,0.91,0.108,7.7,44.3
PDS_M3_02562,-89.4977,-139.1806,73.3,19.5,7.2,0.56,4.75,1.32,0.042,7.5,43.6
PDS_M3_02563,-89.271,79.4219,72.6,17.4,10.0,0.37,4.11,1.48,0.129,5.3,43.8
PDS_M3_02564,-85.9713,0.1099,74.9,14.8,10.3,0.65,3.48,0.76,0.054,7.7,43.0
PDS_M3_02565,-87.0471,141.8758,73.2,16.2,10.6,0.53,3.84,1.33,0.089,6.3,43.9
PDS_M3_02566,-87.6762,151.1535,72.7,18.1,9.2,0.22,3.95,0.65,0.053,4.9,43.3
PDS_M3_02567,-87.19,-160.1436,80.6,10.6,8.8,0.43,3.36,0.91,0.052,5.7,44.2
PDS_M3_02568,-81.9652,115.431,80.9,8.6,10.5,0.16,3.89,1.25,0.064,5.6,44.3
PDS_M3_02569,-80.7077,-166.4289,79.8,11.6,8.6,0.28,3.04,0.85,0.193,4.9,43.9
PDS_M3_02570,-85.949,-47.8189,78.1,12.3,9.6,0.28,4.67,1.54,0.056,5.0,43.9
PDS_M3_02571,-80.9389,15.228,76.4,14.1,9.5,0.35,4.47,1.28,0.043,6.3,43.7
PDS_M3_02572,-86.785,-126.6837,74.0,17.5,8.5,0.41,4.41,0.75,0.168,5.3,43.8
PDS_M3_02573,-85.2356,88.673,72.2,20.5,7.3,0.47,3.89,1.3,0.075,5.5,44.3
PDS_M3_02574,-87.7397,-176.9923,77.5,15.4,7.1,0.47,4.0,0.7,0.098,5.6,43.7
PDS_M3_02575,-83.5952,-119.3043,71.3,20.0,8.7,0.45,3.54,1.1,0.17,5.6,43.6
PDS_M3_02576,-80.2102,29.0869,72.0,19.1,8.9,0.5,4.6,1.36,0.125,6.9,42.8
PDS_M3_02577,-83.9651,77.1795,80.6,9.1,10.3,0.26,3.11,1.31,0.136,4.8,44.0
PDS_M3_02578,-86.4219,149.9915,83.6,7.7,8.7,0.46,4.27,1.07,0.079,6.1,43.6
PDS_M3_02579,-83.5218,73.9788,77.6,14.3,8.1,0.67,3.69,1.0,0.11,4.0,43.6
PDS_M3_02580,-88.7708,61.8405,80.4,10.8,8.8,0.43,5.61,0.75,0.22,5.2,44.0
PDS_M3_02581,-81.1134,-38.0372,75.0,17.0,8.0,0.52,4.62,1.15,0.172,4.2,43.0
PDS_M3_02582,-84.9692,-179.5376,70.6,22.0,7.4,0.51,4.2,1.34,0.097,7.7,43.7
PDS_M3_02583,-85.5065,-136.7427,78.4,14.1,7.5,0.58,3.32,1.72,0.045,6.0,43.8
PDS_M3_02584,-84.1414,12.4396,78.3,13.4,8.3,0.49,3.11,0.96,0.22,5.3,44.0
PDS_M3_02585,-83.7522,63.0468,76.3,16.6,7.1,0.58,4.6,1.35,0.055,3.7,43.4
PDS_M3_02586,-89.2822,-29.7186,75.0,17.1,7.9,0.53,5.64,1.33,0.067,4.2,44.1
PDS_M3_02587,-83.1738,83.0444,79.8,10.0,10.2,0.55,4.53,0.96,0.049,6.8,43.9
PDS_M3_02588,-87.5807,7.8704,72.1,20.0,7.9,0.52,4.34,1.32,0.051,6.2,43.2
PDS_M3_02589,-82.8605,-153.2966,72.9,19.7,7.4,0.3,4.35,0.86,0.135,4.1,43.0
PDS_M3_02590,-81.7747,-110.8741,72.0,17.2,10.8,0.27,4.28,1.18,0.048,4.1,43.3
PDS_M3_02591,-81.9604,122.3994,76.3,14.2,9.5,0.4,4.36,1.04,0.053,8.0,44.0
PDS_M3_02592,-84.475,80.9686,71.6,21.2,7.2,0.68,3.65,1.23,0.051,7.4,43.7
PDS_M3_02593,-84.7983,142.1143,73.3,19.5,7.2,0.42,3.42,1.26,0.068,6.2,42.7
PDS_M3_02594,-88.5712,-137.6794,73.2,17.4,9.4,0.5,4.29,0.94,0.111,5.9,43.4
PDS_M3_02595,-82.2465,176.4801,75.0,15.8,9.2,0.15,5.39,1.1,0.102,5.6,43.7
PDS_M3_02596,-87.2859,-104.6136,70.1,22.6,7.3,0.48,4.82,1.06,0.117,4.3,44.2
PDS_M3_02597,-85.033,-175.7592,76.3,15.8,7.9,0.46,3.21,0.77,0.118,6.8,44.2
PDS_M3_02598,-87.1573,179.0723,81.0,8.3,10.7,0.1,4.0,0.99,0.04,5.6,43.8
PDS_M3_02599,-88.6617,-78.8134,76.5,14.2,9.3,0.49,4.78,0.93,0.109,6.7,43.7
PDS_M3_02600,-83.7044,60.487,82.2,9.0,8.8,0.2,5.41,0.76,0.109,5.3,43.3
PDS_M3_02601,-89.4567,-116.3944,81.3,10.7,8.0,0.34,5.63,0.86,0.044,6.2,42.8
PDS_M3_02602,-82.5135,28.8823,79.1,13.4,7.5,0.6,4.03,1.02,0.073,5.2,43.6
PDS_M3_02603,-86.8241,145.4526,76.3,15.1,8.6,0.47,4.86,1.12,0.045,5.9,44.1
PDS_M3_02604,-89.9987,-64.7348,76.1,13.2,10.7,0.38,4.4,0.73,0.053,6.8,43.7
PDS_M3_02605,-84.8887,61.2914,79.1,13.7,7.2,0.37,4.1,1.46,0.08,5.2,43.5
PDS_M3_02606,-89.5315,-112.3547,74.4,14.6,11.0,0.39,4.25,1.28,0.041,8.2,44.0
PDS_M3_02607,-87.2383,44.9263,68.5,23.7,7.8,0.47,4.26,1.07,0.046,5.1,44.1
PDS_M3_02608,-82.9302,-58.8779,78.0,13.4,8.6,0.27,5.14,0.73,0.045,6.0,43.1
PDS_M3_02609,-89.3731,-103.965,71.5,21.3,7.2,0.62,3.08,1.04,0.048,7.5,43.5
PDS_M3_02610,-81.6066,-67.2545,72.2,18.5,9.3,0.28,4.57,1.02,0.043,7.5,43.3
PDS_M3_02611,-89.9618,-115.6172,76.0,15.1,8.9,0.19,5.43,0.78,0.097,6.4,43.7
PDS_M3_02612,-87.5318,144.6898,75.6,14.7,9.7,0.6,5.35,0.75,0.052,6.1,43.5
PDS_M3_02613,-82.591,-37.0127,70.4,20.4,9.2,0.38,4.66,1.33,0.159,5.9,44.6
PDS_M3_02614,-86.8373,-91.6995,76.7,14.7,8.6,0.46,3.59,1.0,0.17,7.4,43.6
PDS_M3_02615,-88.9811,-18.5732,79.9,10.1,10.0,0.55,4.82,1.37,0.11,6.9,43.9
PDS_M3_02616,-86.3977,-64.607,71.5,21.4,7.1,0.34,5.26,1.1,0.044,7.1,43.6
PDS_M3_02617,-87.2961,87.9909,81.1,9.7,9.2,0.47,3.79,1.33,0.173,7.8,43.3
PDS_M3_02618,-81.5729,169.6392,69.8,22.7,7.5,0.55,4.49,1.32,0.073,6.3,43.5
PDS_M3_02619,-86.8665,-22.3079,84.5,6.8,8.7,0.7,4.04,1.24,0.052,5.3,43.4
PDS_M3_02620,-82.1107,129.972,74.4,15.4,10.2,0.37,3.71,1.45,0.131,6.2,44.3
PDS_M3_02621,-81.0813,23.7107,76.6,15.8,7.6,0.38,3.95,1.13,0.066,5.9,44.0
PDS_M3_02622,-85.6618,-123.3952,68.4,20.9,10.7,0.53,4.3,0.65,0.082,5.6,43.2
PDS_M3_02623,-80.9006,68.6242,75.8,13.6,10.6,0.48,3.47,0.7,0.122,5.3,43.6
PDS_M3_02624,-86.2268,4.8364,76.9,14.4,8.7,0.43,3.33,0.9,0.046,6.5,44.1
PDS_M3_02625,-80.3592,54.2183,75.7,17.3,7.0,0.69,3.49,1.32,0.051,6.6,43.8
PDS_M3_02626,-89.1071,140.2875,73.7,16.1,10.2,0.2,4.46,0.98,0.22,5.0,42.9
PDS_M3_02627,-83.1298,-21.4436,72.2,17.3,10.5,0.24,3.03,1.16,0.115,6.2,43.6
PDS_M3_02628,-85.0619,144.4239,80.5,11.8,7.7,0.2,2.43,1.26,0.056,7.7,44.3
PDS_M3_02629,-86.1235,90.2408,76.1,13.2,10.7,0.63,5.3,1.15,0.091,4.9,42.7
PDS_M3_02630,-83.6729,-4.1022,82.2,7.1,10.7,0.53,3.39,0.41,0.052,7.4,43.9
PDS_M3_02631,-82.9614,37.16,73.9,17.2,8.9,0.24,4.04,0.74,0.16,4.8,43.3
PDS_M3_02632,-89.9564,-62.7908,74.3,15.5,10.2,0.43,4.94,1.63,0.076,6.2,44.1
PDS_M3_02633,-88.3305,174.095,79.3,11.9,8.8,0.45,3.05,1.2,0.139,3.7,43.6
PDS_M3_02634,-82.8695,60.2464,69.5,21.2,9.3,0.12,3.05,0.4,0.22,6.6,43.2
PDS_M3_02635,-83.3361,-164.2151,71.1,20.6,8.3,0.48,3.69,1.12,0.22,5.5,43.8
PDS_M3_02636,-80.3395,-62.4161,80.4,12.0,7.6,0.27,4.97,1.64,0.049,3.7,43.5
PDS_M3_02637,-82.3896,44.3932,71.3,18.7,10.0,0.56,4.18,1.18,0.214,5.2,43.5
PDS_M3_02638,-80.4923,-159.72,68.7,24.3,7.0,0.28,4.19,1.11,0.059,7.9,43.5
PDS_M3_02639,-82.9746,-171.4017,83.5,7.2,9.3,0.48,3.96,0.55,0.067,6.5,43.8
PDS_M3_02640,-87.0195,-17.9913,70.4,19.1,10.5,0.64,4.65,1.02,0.044,5.9,42.9
PDS_M3_02641,-88.9464,-60.2315,76.7,15.4,7.9,0.6,5.35,0.61,0.102,6.4,43.3
PDS_M3_02642,-82.1818,-22.2125,76.3,15.4,8.3,0.53,6.59,0.73,0.102,7.0,43.6
PDS_M3_02643,-83.5585,-85.4304,64.8,25.9,9.3,0.44,4.08,0.66,0.13,7.6,42.5
PDS_M3_02644,-89.5181,-120.7016,74.9,17.1,8.0,0.22,5.42,1.62,0.215,5.5,43.7
PDS_M3_02645,-86.3995,68.0916,77.8,11.8,10.4,0.38,5.0,1.32,0.074,6.5,43.6
PDS_M3_02646,-80.432,5.2456,77.4,14.1,8.5,0.42,4.41,1.52,0.071,6.4,43.9
PDS_M3_02647,-84.996,-107.9445,79.6,11.1,9.3,0.41,2.43,0.7,0.101,5.9,44.0
PDS_M3_02648,-85.6727,-64.9478,74.5,17.6,7.9,0.22,3.9,1.16,0.106,5.6,43.2
PDS_M3_02649,-85.423,33.0508,78.9,13.9,7.2,0.52,3.93,0.8,0.075,7.7,43.6
PDS_M3_02650,-87.9112,-153.9974,73.2,19.1,7.7,0.27,4.49,0.83,0.191,6.1,43.2
PDS_M3_02651,-86.3129,-126.9169,70.4,22.4,7.2,0.68,4.04,1.24,0.043,4.3,43.3
PDS_M3_02652,-86.3019,-153.6316,70.8,20.3,8.9,0.47,3.75,1.15,0.125,2.3,43.4
PDS_M3_02653,-89.4764,112.4342,70.2,20.5,9.3,0.6,5.82,1.19,0.054,6.9,43.9
PDS_M3_02654,-82.3243,90.8673,80.0,12.8,7.2,0.59,5.25,0.72,0.081,5.3,43.6
PDS_M3_02655,-85.835,91.1927,69.9,22.7,7.4,0.76,2.58,1.14,0.154,5.6,43.8
PDS_M3_02656,-81.7782,77.8771,77.1,14.0,8.9,0.48,3.98,1.2,0.064,6.3,43.8
PDS_M3_02657,-81.4965,60.9788,74.9,14.9,10.2,0.39,4.7,0.9,0.178,8.8,44.2
PDS_M3_02658,-87.8801,-8.2829,75.6,14.9,9.5,0.39,5.26,1.02,0.076,7.4,43.5
PDS_M3_02659,-83.4265,51.2201,81.5,11.1,7.4,0.67,3.86,0.61,0.113,5.5,43.5
PDS_M3_02660,-85.2772,-166.1898,74.2,15.2,10.6,0.25,4.03,0.45,0.117,6.7,43.7
PDS_M3_02661,-81.1984,43.7272,78.4,10.9,10.7,0.32,4.28,1.7,0.058,5.1,43.1
PDS_M3_02662,-87.8426,100.036,76.2,15.5,8.3,0.49,4.73,1.16,0.179,6.7,43.7
PDS_M3_02663,-83.2219,0.129,75.4,15.1,9.5,0.43,2.97,0.99,0.048,4.8,43.9
PDS_M3_02664,-83.9225,-51.2952,85.2,5.8,9.0,0.6,2.59,1.34,0.094,6.0,44.4
PDS_M3_02665,-87.047,-80.1264,70.2,19.0,10.8,0.25,5.2,0.84,0.199,6.1,43.6
PDS_M3_02666,-88.634,51.4087,81.2,9.8,9.0,0.44,3.41,1.13,0.042,4.5,43.8
PDS_M3_02667,-83.4836,69.4084,78.6,10.6,10.8,0.42,5.9,1.43,0.085,5.1,44.5
PDS_M3_02668,-82.614,133.5483,74.1,18.1,7.8,0.29,3.51,0.77,0.057,3.2,43.6
PDS_M3_02669,-86.8437,-56.7597,82.5,9.1,8.4,0.58,4.05,0.95,0.053,5.3,43.5
PDS_M3_02670,-83.5517,97.118,68.6,21.3,10.1,0.44,4.49,0.69,0.056,7.1,43.4
PDS_M3_02671,-86.0487,22.0881,73.9,16.0,10.1,0.43,2.49,1.35,0.18,8.2,43.0
PDS_M3_02672,-82.8679,137.8211,71.2,18.9,9.9,0.33,6.49,1.16,0.073,7.6,43.0
PDS_M3_02673,-88.0078,10.0124,77.6,12.0,10.4,0.39,3.88,1.45,0.056,5.3,43.8
PDS_M3_02674,-81.0978,6.3467,71.5,18.7,9.8,0.3,3.53,1.35,0.197,5.8,43.0
PDS_M3_02675,-87.1259,28.0357,77.7,12.8,9.5,0.58,3.27,1.02,0.063,5.7,43.5
PDS_M3_02676,-86.3221,89.7535,75.3,15.9,8.8,0.6,4.49,1.22,0.117,5.5,43.2
PDS_M3_02677,-89.4191,167.2886,74.1,17.0,8.9,0.7,4.43,1.23,0.086,7.0,43.6
PDS_M3_02678,-88.8849,-153.5172,77.6,13.8,8.6,0.52,3.29,1.32,0.108,5.1,43.4
PDS_M3_02679,-84.8414,-160.7635,74.9,15.6,9.5,0.4,3.1,1.54,0.052,7.5,43.8
PDS_M3_02680,-87.3241,157.5181,71.6,19.8,8.6,0.38,5.04,0.77,0.108,6.0,43.7
PDS_M3_02681,-81.6452,10.7552,87.2,5.2,7.6,0.52,3.68,0.54,0.182,4.4,43.5
PDS_M3_02682,-89.8531,41.3651,74.1,18.5,7.4,0.48,2.82,0.78,0.046,5.7,44.0
PDS_M3_02683,-86.2091,-6.3275,67.1,22.2,10.7,0.42,4.08,1.24,0.064,6.4,43.3
PDS_M3_02684,-86.6265,-146.2833,72.6,20.3,7.1,0.41,3.88,1.22,0.22,7.0,43.1
PDS_M3_02685,-89.8067,96.5122,70.9,21.7,7.4,0.63,5.76,0.93,0.055,6.7,43.6
PDS_M3_02686,-88.7563,89.0009,79.3,11.9,8.8,0.39,3.78,1.02,0.044,5.4,44.5
PDS_M3_02687,-85.8636,-67.7868,77.3,14.6,8.1,0.65,3.95,0.85,0.043,5.2,43.6
PDS_M3_02688,-85.0714,-69.7539,77.6,13.8,8.6,0.48,4.38,1.07,0.059,7.9,43.1
PDS_M3_02689,-85.9571,121.6229,74.5,18.0,7.5,0.39,3.74,0.89,0.081,5.8,44.0
PDS_M3_02690,-84.6906,-153.9514,74.9,17.6,7.5,0.33,4.55,1.59,0.059,4.4,44.3
PDS_M3_02691,-84.0487,137.1979,74.5,15.3,10.2,0.43,3.39,1.5,0.06,5.1,43.2
PDS_M3_02692,-89.9008,-87.6018,75.7,14.3,10.0,0.53,4.01,1.32,0.147,3.4,43.3
PDS_M3_02693,-85.359,33.4745,79.3,13.3,7.4,0.39,4.53,1.11,0.127,3.8,43.8
PDS_M3_02694,-80.365,156.9579,77.3,13.0,9.7,0.58,5.11,1.44,0.062,5.2,42.9
PDS_M3_02695,-84.8097,64.1241,78.0,12.6,9.4,0.39,3.73,1.13,0.065,4.8,44.6
PDS_M3_02696,-83.2246,-30.8053,78.0,12.1,9.9,0.43,3.72,1.15,0.22,5.0,43.7
PDS_M3_02697,-86.8814,68.2323,79.5,11.6,8.9,0.26,5.43,0.58,0.22,6.7,43.8
PDS_M3_02698,-82.2601,-56.1673,77.2,14.7,8.1,0.53,3.76,1.18,0.22,6.8,43.8
PDS_M3_02699,-82.2708,-80.187,77.4,12.9,9.7,0.41,4.15,0.71,0.208,4.4,43.6
PDS_M3_02700,-84.787,178.806,80.8,10.7,8.5,0.69,5.57,0.98,0.099,8.1,43.6
PDS_M3_02701,-80.2399,90.2845,73.3,18.8,7.9,0.56,4.25,1.15,0.062,5.9,43.2
PDS_M3_02702,-88.7445,52.0992,72.6,18.8,8.6,0.46,4.0,0.83,0.22,5.8,43.1
PDS_M3_02703,-89.8305,-52.0957,71.3,18.6,10.1,0.63,4.06,1.24,0.121,4.8,43.7
PDS_M3_02704,-82.2984,-162.3021,76.7,14.4,8.9,0.51,3.61,1.42,0.115,5.4,44.2
PDS_M3_02705,-81.9284,-168.8195,68.6,23.2,8.2,0.6,4.56,0.83,0.136,8.2,43.8
PDS_M3_02706,-88.7979,19.5053,77.8,11.9,10.3,0.32,3.46,1.14,0.095,4.5,43.6
PDS_M3_02707,-87.3442,94.3318,75.6,13.9,10.5,0.52,4.82,0.73,0.093,6.1,43.6
PDS_M3_02708,-89.8245,13.4565,80.5,10.8,8.7,0.53,4.21,0.75,0.067,5.1,44.5
PDS_M3_02709,-87.0669,122.6826,73.3,18.2,8.5,0.22,4.39,1.19,0.05,3.6,43.2
PDS_M3_02710,-82.2686,-167.9664,75.2,15.3,9.5,0.68,5.58,1.31,0.075,4.0,43.0
PDS_M3_02711,-84.8204,-47.9693,80.5,12.3,7.2,0.28,3.04,0.65,0.084,6.5,43.9
PDS_M3_02712,-86.519,-94.6547,81.5,8.7,9.8,0.26,4.22,1.71,0.166,3.7,44.2
PDS_M3_02713,-86.2826,-18.9817,73.3,16.6,10.1,0.1,4.71,0.95,0.071,4.3,42.6
PDS_M3_02714,-89.9865,-153.9445,76.7,14.7,8.6,0.52,3.71,1.16,0.169,6.8,43.8
PDS_M3_02715,-87.002,163.4874,77.2,15.1,7.7,0.2,4.96,0.94,0.063,6.6,43.3
PDS_M3_02716,-83.5354,-99.6281,77.5,15.4,7.1,0.37,3.76,1.01,0.214,5.9,43.1
PDS_M3_02717,-80.2581,152.0308,74.9,15.6,9.5,0.58,4.43,1.56,0.042,4.4,43.5
PDS_M3_02718,-81.5294,-26.6785,81.1,10.8,8.1,0.48,4.1,1.55,0.085,4.4,43.4
PDS_M3_02719,-89.7641,174.7887,68.4,22.7,8.9,0.36,4.33,0.6,0.063,4.2,42.7
PDS_M3_02720,-81.0144,19.461,74.3,17.2,8.5,0.21,4.26,0.93,0.061,5.6,43.6
PDS_M3_02721,-82.168,155.0998,77.8,14.5,7.7,0.43,4.17,1.99,0.045,6.6,43.7
PDS_M3_02722,-82.1962,-178.0744,77.8,13.2,9.0,0.58,3.82,0.97,0.109,5.3,43.0
PDS_M3_02723,-85.42,89.366,81.4,9.8,8.8,0.56,3.67,1.23,0.07,6.9,43.3
PDS_M3_02724,-86.0199,145.0982,80.8,9.7,9.5,0.72,4.45,1.44,0.219,7.7,44.0
PDS_M3_02725,-86.9708,-129.7006,74.9,17.1,8.0,0.35,4.24,1.36,0.115,6.3,43.8
PDS_M3_02726,-89.3431,-145.3947,81.2,10.9,7.9,0.25,3.65,0.4,0.075,4.3,42.8
PDS_M3_02727,-87.7176,-27.1539,73.1,16.6,10.3,0.5,4.47,1.2,0.099,5.9,43.1
PDS_M3_02728,-87.534,156.1244,79.7,10.5,9.8,0.48,3.83,1.62,0.044,7.4,43.8
PDS_M3_02729,-85.1592,15.2592,83.2,6.7,10.1,0.45,5.44,1.11,0.093,5.0,44.1
PDS_M3_02730,-82.5256,9.8843,80.9,11.6,7.5,0.34,6.19,0.79,0.106,5.0,44.0
PDS_M3_02731,-85.2619,-129.1946,76.4,15.7,7.9,0.1,5.31,0.79,0.047,7.2,43.9
PDS_M3_02732,-89.4216,-179.7158,74.7,16.0,9.3,0.3,5.27,1.04,0.109,4.1,43.3
PDS_M3_02733,-80.4221,111.6504,69.9,19.7,10.4,0.53,4.85,1.3,0.079,6.0,43.5
PDS_M3_02734,-80.5728,-148.4732,77.2,12.2,10.6,0.49,4.03,1.97,0.079,5.1,43.5
PDS_M3_02735,-82.1481,48.1859,71.5,18.2,10.3,0.59,2.68,1.01,0.117,5.3,43.3
PDS_M3_02736,-80.0867,149.2619,72.8,20.0,7.2,0.5,3.38,1.27,0.076,7.8,42.9
PDS_M3_02737,-84.5552,-104.8853,71.2,18.5,10.3,0.56,3.66,0.64,0.056,5.2,43.6
PDS_M3_02738,-80.3723,59.4982,74.2,15.2,10.6,0.56,5.17,0.59,0.061,5.9,42.9
PDS_M3_02739,-89.2439,-151.6685,75.9,16.9,7.2,0.45,4.4,0.95,0.12,7.0,43.2
PDS_M3_02740,-86.3432,37.3519,77.1,14.2,8.7,0.45,3.67,1.23,0.044,4.3,44.0
PDS_M3_02741,-87.7462,-120.9846,73.6,17.3,9.1,0.1,2.72,1.07,0.15,6.8,43.5
PDS_M3_02742,-88.0417,84.9433,80.3,11.8,7.9,0.35,6.05,1.12,0.092,5.3,44.2
PDS_M3_02743,-88.592,-71.5567,75.2,15.7,9.1,0.36,4.63,1.02,0.118,4.3,43.5
PDS_M3_02744,-83.7759,-13.1792,72.8,16.7,10.5,0.43,4.93,1.09,0.065,5.2,43.3
PDS_M3_02745,-82.1868,35.795,76.9,12.6,10.5,0.31,3.77,1.01,0.055,5.9,44.2
PDS_M3_02746,-84.217,-118.3416,83.9,5.3,10.8,0.59,4.09,0.7,0.138,6.1,43.8
PDS_M3_02747,-88.5304,86.9896,77.3,13.8,8.9,0.32,3.92,0.65,0.046,4.9,43.8
PDS_M3_02748,-81.8888,-71.0495,74.5,16.9,8.6,0.62,4.25,1.51,0.051,5.5,43.5
PDS_M3_02749,-83.6405,58.4539,69.9,20.4,9.7,0.31,5.68,0.85,0.06,4.1,43.5
PDS_M3_02750,-86.1183,-123.0181,75.1,16.2,8.7,0.36,3.24,1.03,0.066,5.0,43.5
PDS_M3_02751,-83.2587,67.7224,76.9,15.9,7.2,0.35,4.17,1.46,0.054,4.2,44.0
PDS_M3_02752,-87.401,-133.8523,74.4,15.7,9.9,0.38,4.49,1.02,0.186,5.7,43.6
PDS_M3_02753,-86.5481,-26.8717,69.3,22.6,8.1,0.63,4.11,1.36,0.042,4.8,43.3
PDS_M3_02754,-80.8251,-91.0058,72.6,20.2,7.2,0.4,5.0,0.83,0.138,8.3,43.6
PDS_M3_02755,-87.095,89.4151,81.8,11.1,7.1,0.4,2.81,1.57,0.072,6.3,43.2
PDS_M3_02756,-85.3001,-85.6674,81.7,7.6,10.7,0.34,5.71,1.17,0.149,3.8,44.3
PDS_M3_02757,-81.0986,137.4182,72.5,19.5,8.0,0.41,3.1,1.09,0.135,4.9,42.9
PDS_M3_02758,-82.9228,141.0553,78.7,12.5,8.8,0.48,3.3,1.05,0.048,6.6,43.5
PDS_M3_02759,-89.378,-109.2811,71.3,17.9,10.8,0.42,3.84,1.33,0.106,6.1,43.3
PDS_M3_02760,-88.527,40.9845,81.6,9.5,8.9,0.43,3.68,1.17,0.069,3.9,44.0
PDS_M3_02761,-89.9216,-148.4216,77.0,15.7,7.3,0.6,4.54,0.4,0.143,4.9,44.3
PDS_M3_02762,-83.6908,-39.0466,79.8,11.0,9.2,0.49,4.45,0.97,0.154,6.6,44.2
PDS_M3_02763,-85.5233,76.7958,69.1,23.5,7.4,0.28,4.29,1.2,0.053,6.2,42.8
PDS_M3_02764,-88.6573,57.3924,78.7,13.9,7.4,0.44,3.07,0.81,0.079,6.5,43.4
PDS_M3_02765,-80.4207,44.8922,76.0,13.6,10.4,0.37,4.09,0.95,0.094,5.5,43.1
PDS_M3_02766,-84.7034,-78.2853,79.4,12.4,8.2,0.53,4.22,0.98,0.087,4.8,43.3
PDS_M3_02767,-87.5811,-43.911,79.7,10.6,9.7,0.47,5.19,1.58,0.057,4.3,43.6
PDS_M3_02768,-84.994,-142.9394,76.3,14.7,9.0,0.62,4.36,1.28,0.059,6.9,44.2
PDS_M3_02769,-83.2038,78.8482,73.6,18.5,7.9,0.34,4.51,1.2,0.157,8.1,43.5
PDS_M3_02770,-89.2376,1.4,79.1,11.8,9.1,0.42,5.77,0.75,0.042,6.1,43.7
PDS_M3_02771,-87.253,75.1556,75.8,16.9,7.3,0.29,3.27,0.89,0.058,6.9,43.7
PDS_M3_02772,-81.9303,-90.3803,72.5,19.1,8.4,0.44,3.89,1.36,0.055,4.8,43.2
PDS_M3_02773,-85.4034,-63.2022,72.3,18.6,9.1,0.22,3.29,1.3,0.068,5.8,43.5
PDS_M3_02774,-84.5342,-59.6825,70.1,22.0,7.9,0.5,5.49,0.67,0.11,5.7,43.6
PDS_M3_02775,-85.6718,-170.7327,74.0,16.4,9.6,0.44,5.54,1.52,0.086,6.3,44.6
PDS_M3_02776,-89.561,-57.2228,80.4,12.4,7.2,0.47,5.42,0.84,0.087,5.9,44.2
PDS_M3_02777,-88.3425,109.1896,76.7,14.4,8.9,0.57,4.64,1.21,0.119,9.1,44.3
PDS_M3_02778,-85.5446,143.0275,73.9,16.2,9.9,0.48,4.5,1.92,0.14,6.8,43.6
PDS_M3_02779,-87.9081,6.5586,79.2,12.1,8.7,0.26,3.83,0.97,0.05,7.4,44.0
PDS_M3_02780,-89.5002,-16.0194,72.7,16.8,10.5,0.37,4.82,1.15,0.047,6.1,43.6
PDS_M3_02781,-81.5635,-168.9031,76.4,14.1,9.5,0.44,3.17,0.93,0.062,3.2,43.0
PDS_M3_02782,-80.1881,136.5136,75.3,13.9,10.8,0.4,3.17,1.15,0.145,6.3,42.7
PDS_M3_02783,-82.0686,-175.3163,79.1,12.8,8.1,0.42,3.86,1.53,0.087,7.1,43.3
PDS_M3_02784,-81.4622,160.11,69.7,19.5,10.8,0.69,5.71,1.04,0.049,7.5,43.9
PDS_M3_02785,-87.5802,-3.8822,72.6,18.0,9.4,0.47,3.79,1.01,0.051,5.7,43.4
PDS_M3_02786,-80.3937,-56.9036,69.4,20.6,10.0,0.51,3.9,1.43,0.177,4.1,43.7
PDS_M3_02787,-88.0307,152.7186,75.0,14.4,10.6,0.15,4.43,0.72,0.067,5.5,44.1
PDS_M3_02788,-80.4857,-171.2192,80.8,10.0,9.2,0.56,4.92,1.12,0.058,4.1,43.3
PDS_M3_02789,-80.0518,29.313,74.0,15.6,10.4,0.88,5.2,0.88,0.111,7.3,44.2
PDS_M3_02790,-82.8828,17.6157,74.0,16.8,9.2,0.65,3.3,1.03,0.158,6.3,43.1
PDS_M3_02791,-80.1886,-101.0447,79.5,11.1,9.4,0.38,4.12,0.83,0.075,5.2,43.7
PDS_M3_02792,-84.3046,-25.6005,80.3,10.9,8.8,0.79,4.38,0.67,0.134,6.7,43.4
PDS_M3_02793,-87.4046,54.815,75.6,16.8,7.6,0.45,4.46,0.44,0.074,7.6,43.7
PDS_M3_02794,-85.63,81.7672,78.7,12.1,9.2,0.5,4.89,0.96,0.111,6.7,43.7
PDS_M3_02795,-84.0644,-179.7419,71.7,17.4,10.9,0.41,4.86,1.17,0.091,8.2,43.8
PDS_M3_02796,-89.2692,157.2672,81.5,8.4,10.1,0.41,4.22,1.34,0.175,4.7,44.3
PDS_M3_02797,-83.7766,-120.7709,84.6,5.4,10.0,0.11,5.12,0.7,0.064,7.0,44.6
PDS_M3_02798,-80.1882,-95.911,78.1,12.3,9.6,0.57,4.98,1.15,0.128,4.0,44.0
PDS_M3_02799,-88.0989,-85.1496,67.7,23.9,8.4,0.41,4.91,1.27,0.109,8.1,43.7
PDS_M3_02800,-82.074,-166.3848,73.8,18.5,7.7,0.42,3.78,1.21,0.15,6.7,43.4
PDS_M3_02801,-80.921,-135.7012,78.5,13.6,7.9,0.49,4.77,1.18,0.096,5.4,43.7
PDS_M3_02802,-80.563,175.086,74.3,18.7,7.0,0.39,5.16,0.45,0.077,4.4,43.7
PDS_M3_02803,-80.3986,-66.522,81.1,9.2,9.7,0.49,3.79,1.06,0.043,5.2,43.3
PDS_M3_02804,-84.7854,-138.4916,78.4,11.4,10.2,0.63,4.31,1.08,0.15,5.5,44.2
PDS_M3_02805,-80.2269,-141.4831,73.2,18.7,8.1,0.51,5.45,1.26,0.184,6.1,43.5
PDS_M3_02806,-82.4269,79.0056,76.1,16.5,7.4,0.43,4.52,1.52,0.076,5.8,43.7
PDS_M3_02807,-88.3833,127.6447,72.4,19.3,8.3,0.43,4.13,1.02,0.055,5.0,42.9
PDS_M3_02808,-85.231,-87.4972,75.3,16.5,8.2,0.48,5.37,1.0,0.103,7.2,43.5
PDS_M3_02809,-82.8167,-172.4726,73.8,17.4,8.8,0.33,3.82,1.14,0.048,3.8,43.9
PDS_M3_02810,-87.5266,-99.6876,80.7,11.2,8.1,0.48,2.84,1.11,0.043,6.5,44.0
PDS_M3_02811,-83.5938,-159.6544,84.5,7.1,8.4,0.55,3.58,1.23,0.061,6.0,44.3
PDS_M3_02812,-83.334,-142.7778,70.3,19.1,10.6,0.46,5.11,1.26,0.108,5.8,43.3
PDS_M3_02813,-88.373,-24.6571,68.3,23.4,8.3,0.39,4.62,1.05,0.141,6.6,43.4
PDS_M3_02814,-84.3491,-97.2294,75.0,14.9,10.1,0.41,4.25,1.25,0.05,5.0,43.6
PDS_M3_02815,-82.2837,5.7405,69.9,20.6,9.5,0.55,5.05,1.03,0.215,4.9,43.7
PDS_M3_02816,-85.011,-88.7422,76.2,15.4,8.4,0.28,4.33,0.66,0.088,5.5,43.8
PDS_M3_02817,-89.879,158.5934,79.0,10.7,10.3,0.33,4.02,0.75,0.196,5.2,43.6
PDS_M3_02818,-89.9096,146.1398,82.0,8.6,9.4,0.21,4.87,0.4,0.05,5.5,42.8
PDS_M3_02819,-86.4297,24.0502,76.8,16.2,7.0,0.46,3.89,1.6,0.077,6.7,43.8
PDS_M3_02820,-80.7381,-52.4074,75.2,17.5,7.3,0.58,4.59,1.49,0.074,5.9,43.0
PDS_M3_02821,-87.7132,-42.7871,68.1,21.9,10.0,0.65,3.56,1.41,0.072,5.8,43.7
PDS_M3_02822,-83.6564,-31.7332,76.1,15.1,8.8,0.68,3.36,1.04,0.2,6.1,44.0
PDS_M3_02823,-87.7792,81.9286,76.3,15.1,8.6,0.35,3.51,1.39,0.154,5.4,42.8
PDS_M3_02824,-86.7833,-17.41,78.6,13.8,7.6,0.49,4.18,1.37,0.135,6.9,43.9
PDS_M3_02825,-81.5196,128.4228,73.2,19.2,7.6,0.39,3.68,0.66,0.06,6.5,43.7
PDS_M3_02826,-82.7114,159.8741,74.3,15.5,10.2,0.7,3.7,0.86,0.065,5.8,43.8
PDS_M3_02827,-89.046,-59.0594,70.1,19.6,10.3,0.65,4.08,1.26,0.058,4.4,43.0
PDS_M3_02828,-85.713,21.85,66.8,24.0,9.2,0.48,4.14,0.95,0.135,7.4,43.5
PDS_M3_02829,-89.7083,-145.7796,71.6,20.2,8.2,0.36,2.96,0.89,0.07,6.6,43.0
PDS_M3_02830,-85.1911,-107.8311,69.7,19.6,10.7,0.1,2.18,1.35,0.22,6.5,43.7
PDS_M3_02831,-83.3757,-31.1523,77.3,13.2,9.5,0.23,4.52,0.85,0.067,7.8,43.9
PDS_M3_02832,-88.815,-105.767,73.9,15.9,10.2,0.17,4.31,1.84,0.051,6.6,43.5
PDS_M3_02833,-87.1112,135.5618,73.8,19.2,7.0,0.23,3.1,1.58,0.199,5.7,43.8
PDS_M3_02834,-86.0216,-123.0169,72.1,19.1,8.8,0.73,4.55,1.04,0.132,5.2,43.1
PDS_M3_02835,-80.8047,-15.9621,63.1,26.4,10.5,0.26,4.55,1.47,0.093,5.1,43.0
PDS_M3_02836,-80.0674,38.0517,82.0,9.6,8.4,0.29,3.96,1.16,0.157,6.1,44.3
PDS_M3_02837,-89.5509,69.071,72.0,18.1,9.9,0.31,5.77,0.98,0.219,7.0,44.0
PDS_M3_02838,-82.3899,-42.095,74.4,16.0,9.6,0.84,5.22,1.69,0.159,7.0,43.2
PDS_M3_02839,-86.2828,132.8757,70.2,22.2,7.6,0.44,3.88,1.22,0.181,4.1,43.2
PDS_M3_02840,-86.0754,24.5949,79.9,10.0,10.1,0.6,3.9,0.83,0.059,6.9,43.6
PDS_M3_02841,-82.4574,-21.7772,76.6,15.9,7.5,0.48,3.03,1.24,0.083,5.4,43.7
PDS_M3_02842,-80.8157,-155.7934,72.7,17.4,9.9,0.15,5.18,1.6,0.135,5.1,43.5
PDS_M3_02843,-80.4907,-12.7118,74.4,14.6,11.0,0.68,4.4,1.1,0.085,6.2,44.1
PDS_M3_02844,-84.2288,115.4649,82.7,6.5,10.8,0.51,4.86,1.16,0.102,6.7,44.5
PDS_M3_02845,-86.4288,41.2348,75.7,14.1,10.2,0.43,2.49,1.01,0.194,4.3,44.4
PDS_M3_02846,-82.1245,119.5785,75.3,15.6,9.1,0.71,4.82,1.21,0.061,6.1,44.5
PDS_M3_02847,-87.49,-2.1558,72.2,18.1,9.7,0.4,3.79,0.81,0.087,3.9,42.9
PDS_M3_02848,-84.3593,-137.3538,68.4,21.7,9.9,0.43,4.67,0.86,0.09,6.8,43.3
PDS_M3_02849,-86.4142,-175.0897,75.4,17.6,7.0,0.4,4.62,1.0,0.067,4.5,43.4
PDS_M3_02850,-83.4337,-70.841,77.3,15.3,7.4,0.61,4.18,1.15,0.068,6.0,43.3
PDS_M3_02851,-87.596,71.2766,80.4,10.2,9.4,0.57,3.64,1.43,0.128,5.4,44.4
PDS_M3_02852,-88.0841,104.4936,67.0,26.0,7.0,0.49,4.52,1.06,0.199,5.1,43.5
PDS_M3_02853,-80.8176,-73.529,71.5,17.9,10.6,0.29,3.53,1.35,0.1,3.4,42.9
PDS_M3_02854,-88.982,-1.5646,73.7,17.3,9.0,0.39,5.04,0.97,0.08,4.1,44.6
PDS_M3_02855,-84.9404,-28.3972,76.0,16.0,8.0,0.29,3.62,1.28,0.123,5.7,42.9
PDS_M3_02856,-87.7915,-32.2118,75.4,16.0,8.6,0.62,4.22,1.46,0.22,4.7,43.5
PDS_M3_02857,-89.6107,-96.7145,75.5,14.1,10.4,0.21,3.6,1.07,0.045,5.4,43.7
PDS_M3_02858,-89.6398,-130.9064,77.6,11.7,10.7,0.69,4.33,1.21,0.103,4.9,43.3
PDS_M3_02859,-88.2478,-109.1921,72.4,20.1,7.5,0.64,3.37,0.92,0.089,5.5,43.8
PDS_M3_02860,-81.3323,-160.0803,79.7,10.2,10.1,0.31,3.55,1.28,0.097,4.4,43.5
PDS_M3_02861,-87.1752,-108.6729,77.7,13.0,9.3,0.39,6.04,0.4,0.041,5.2,44.0
PDS_M3_02862,-80.4954,-176.6877,74.7,16.0,9.3,0.34,4.88,0.61,0.22,5.5,43.8
PDS_M3_02863,-84.1838,45.813,82.4,7.5,10.1,0.51,4.5,1.27,0.045,5.8,42.9
PDS_M3_02864,-85.6339,-66.1049,82.2,9.9,7.9,0.66,4.61,0.61,0.062,3.6,43.3
PDS_M3_02865,-84.1991,170.3321,79.7,11.2,9.1,0.63,4.44,0.95,0.061,5.9,44.1
PDS_M3_02866,-84.833,-110.2619,63.9,27.8,8.3,0.39,4.13,1.52,0.119,4.5,43.4
PDS_M3_02867,-82.4122,-55.5017,82.3,10.3,7.4,0.64,4.81,1.36,0.107,4.2,43.5
PDS_M3_02868,-87.175,-51.1772,79.2,13.4,7.4,0.63,3.54,1.82,0.044,7.3,43.5
PDS_M3_02869,-86.4695,-176.9575,84.0,8.5,7.5,0.42,5.48,1.12,0.05,6.7,43.9
PDS_M3_02870,-81.0591,122.1149,80.9,9.6,9.5,0.45,4.3,1.08,0.063,6.5,43.0
PDS_M3_02871,-80.5354,-168.482,82.3,10.3,7.4,0.68,4.84,1.1,0.113,5.5,44.8
PDS_M3_02872,-81.0744,158.4647,79.5,11.2,9.3,0.61,5.46,0.82,0.199,5.1,43.4
PDS_M3_02873,-85.8055,141.1468,81.4,9.2,9.4,0.63,4.59,1.04,0.063,7.6,43.9
PDS_M3_02874,-82.1963,12.7879,84.0,5.4,10.6,0.84,3.55,0.72,0.085,6.0,44.6
PDS_M3_02875,-85.2366,15.6944,76.9,13.6,9.5,0.53,5.18,1.45,0.068,4.7,43.6
PDS_M3_02876,-85.0246,55.3601,69.7,19.4,10.9,0.5,5.56,1.32,0.092,4.6,43.6
PDS_M3_02877,-87.9532,-40.662,74.8,18.1,7.1,0.65,2.64,0.75,0.099,6.2,43.2
PDS_M3_02878,-84.0887,53.0,77.6,12.6,9.8,0.75,4.12,0.9,0.084,5.4,43.5
PDS_M3_02879,-88.1386,-163.8834,76.3,16.6,7.1,0.36,4.43,1.22,0.07,7.0,43.3
PDS_M3_02880,-86.6844,-160.5429,71.0,19.1,9.9,0.42,3.99,1.18,0.167,5.9,44.0
PDS_M3_02881,-81.4497,-15.397,69.5,22.0,8.5,0.3,3.2,0.79,0.137,4.4,43.2
PDS_M3_02882,-87.9292,17.864,73.0,17.6,9.4,0.5,3.49,1.12,0.22,8.0,43.3
PDS_M3_02883,-89.2884,139.6144,79.2,12.6,8.2,0.58,2.72,1.27,0.072,4.6,43.4
PDS_M3_02884,-89.3099,-142.3222,82.3,10.1,7.6,0.31,4.96,1.28,0.042,4.3,44.0
PDS_M3_02885,-80.5922,116.1533,79.7,10.4,9.9,0.62,5.3,1.61,0.103,5.7,44.0
PDS_M3_02886,-84.9308,-104.383,80.2,9.2,10.6,0.38,5.29,1.18,0.132,6.4,43.0
PDS_M3_02887,-85.9059,-38.1299,75.7,16.6,7.7,0.37,4.18,0.73,0.206,4.7,43.7
PDS_M3_02888,-81.8912,-66.0231,69.0,20.3,10.7,0.62,4.42,0.78,0.041,6.6,43.5
PDS_M3_02889,-81.6417,-35.9441,74.2,18.2,7.6,0.36,5.06,1.48,0.167,5.2,44.2
PDS_M3_02890,-86.6781,-125.8216,75.0,15.1,9.9,0.24,4.01,1.58,0.084,8.7,43.1
PDS_M3_02891,-83.0638,1.2852,74.0,15.2,10.8,0.56,3.44,1.09,0.068,6.2,43.1
PDS_M3_02892,-82.2888,108.5913,76.2,16.2,7.6,0.43,3.74,1.21,0.055,4.5,43.9
PDS_M3_02893,-83.4535,-21.0478,77.8,13.5,8.7,0.63,4.34,1.13,0.141,5.0,43.7
PDS_M3_02894,-88.484,-3.3791,79.4,12.3,8.3,0.57,3.63,1.01,0.067,6.4,44.3
PDS_M3_02895,-81.2412,125.5563,74.9,16.5,8.6,0.19,4.58,0.65,0.096,4.8,44.1
PDS_M3_02896,-84.6091,74.1809,68.4,21.6,10.0,0.65,3.12,1.24,0.083,5.7,43.5
PDS_M3_02897,-87.1753,-3.4364,74.1,16.3,9.6,0.73,4.01,1.63,0.058,8.2,43.6
PDS_M3_02898,-85.7477,-87.2296,76.2,12.9,10.9,0.61,4.52,1.15,0.133,6.6,43.6
PDS_M3_02899,-89.6243,138.5736,80.9,11.4,7.7,0.61,4.31,1.01,0.061,6.5,43.8
PDS_M3_02900,-88.7213,27.7273,73.7,17.1,9.2,0.41,3.61,0.97,0.133,8.2,43.6
PDS_M3_02901,-82.3445,-100.3869,78.1,13.1,8.8,0.38,4.79,1.25,0.072,4.9,44.3
PDS_M3_02902,-89.9999,-83.1169,77.2,12.1,10.7,0.48,4.41,1.45,0.042,5.8,42.9
PDS_M3_02903,-85.8343,109.1279,76.2,16.8,7.0,0.59,2.53,1.26,0.128,5.4,43.5
PDS_M3_02904,-84.7749,-164.1076,79.7,9.3,11.0,0.58,4.56,0.54,0.178,5.0,43.9
PDS_M3_02905,-89.4537,177.1532,73.4,17.7,8.9,0.38,3.86,1.62,0.048,5.5,43.3
PDS_M3_02906,-80.2692,-133.0734,73.7,16.8,9.5,0.37,3.78,1.35,0.093,5.3,43.5
PDS_M3_02907,-87.7387,106.5847,76.0,15.6,8.4,0.23,3.54,1.05,0.044,5.0,43.5
PDS_M3_02908,-86.958,-37.8809,73.4,16.2,10.4,0.55,3.4,0.94,0.146,5.4,44.1
PDS_M3_02909,-86.9606,-2.8022,78.0,12.8,9.2,0.39,4.37,0.97,0.22,5.0,43.6
PDS_M3_02910,-87.6958,137.0342,73.1,17.2,9.7,0.4,4.64,1.36,0.081,6.2,43.3
PDS_M3_02911,-89.9853,-31.352,76.9,13.5,9.6,0.71,4.32,0.51,0.063,4.7,44.0
PDS_M3_02912,-82.7066,13.4978,75.6,15.9,8.5,0.54,4.96,1.25,0.152,7.0,43.4
PDS_M3_02913,-80.3315,-162.2521,76.9,15.8,7.3,0.5,4.67,1.18,0.084,6.7,43.6
PDS_M3_02914,-87.7571,-179.1549,74.2,15.6,10.2,0.57,2.59,1.18,0.076,6.3,43.2
PDS_M3_02915,-83.3695,-91.872,74.6,17.2,8.2,0.66,3.47,0.75,0.056,5.2,43.4
PDS_M3_02916,-82.581,65.0099,76.4,13.2,10.4,0.21,5.15,0.59,0.097,5.9,43.7
PDS_M3_02917,-81.5157,-136.3446,76.8,13.8,9.4,0.37,3.18,1.77,0.096,5.6,43.2
PDS_M3_02918,-85.7737,-139.0457,76.0,15.6,8.4,0.42,2.01,1.14,0.058,5.8,43.6
PDS_M3_02919,-86.9707,-32.0542,82.8,7.8,9.4,0.3,5.67,1.68,0.054,4.2,44.1
PDS_M3_02920,-86.747,53.2213,72.0,18.4,9.6,0.41,4.44,1.37,0.075,5.9,42.7
PDS_M3_02921,-82.8738,76.3459,75.7,14.5,9.8,0.22,3.65,1.13,0.076,6.2,43.4
PDS_M3_02922,-81.8322,-115.7578,69.7,20.0,10.3,0.59,3.52,1.17,0.048,7.5,44.5
PDS_M3_02923,-88.1839,-151.3483,77.5,14.9,7.6,0.37,4.7,1.42,0.059,4.6,43.6
PDS_M3_02924,-86.2906,158.5429,71.5,17.7,10.8,0.48,4.58,1.46,0.05,4.4,44.0
PDS_M3_02925,-80.9806,-86.1601,74.9,16.5,8.6,0.46,4.46,1.24,0.179,7.0,43.6
PDS_M3_02926,-81.9331,127.2047,74.5,15.1,10.4,0.53,4.05,1.43,0.045,4.0,43.5
PDS_M3_02927,-80.1514,130.8569,77.1,15.0,7.9,0.1,3.18,1.44,0.167,7.5,44.1
PDS_M3_02928,-82.4575,98.1081,73.8,19.1,7.1,0.52,4.17,1.2,0.085,7.2,44.1
PDS_M3_02929,-86.068,-119.2199,73.6,17.1,9.3,0.41,5.05,0.92,0.106,6.5,43.2
PDS_M3_02930,-84.0936,115.8485,81.7,10.0,8.3,0.51,3.77,1.25,0.194,4.0,43.4
PDS_M3_02931,-83.3899,96.9302,77.1,12.0,10.9,0.27,4.68,0.88,0.067,5.6,43.2
PDS_M3_02932,-89.2154,34.8203,73.8,18.8,7.4,0.51,3.88,0.99,0.113,5.7,43.2
PDS_M3_02933,-84.555,-58.6073,75.0,17.8,7.2,0.64,4.84,1.22,0.107,6.1,44.1
PDS_M3_02934,-82.9068,-85.4969,82.6,10.2,7.2,0.48,3.42,1.08,0.22,6.5,43.9
PDS_M3_02935,-88.3268,-136.1199,75.1,17.0,7.9,0.34,4.21,1.49,0.043,4.9,44.1
PDS_M3_02936,-82.1937,3.5125,73.2,17.5,9.3,0.35,4.57,0.9,0.076,7.1,43.1
PDS_M3_02937,-84.1623,30.6939,73.3,17.7,9.0,0.54,3.66,0.46,0.22,6.4,43.2
PDS_M3_02938,-80.4778,-50.638,73.8,17.8,8.4,0.54,4.49,1.49,0.064,6.4,43.4
PDS_M3_02939,-89.5758,-8.8707,73.6,19.0,7.4,0.5,4.18,1.11,0.22,5.5,43.7
PDS_M3_02940,-87.3467,-49.1348,70.9,21.2,7.9,0.44,4.16,1.13,0.142,6.3,43.4
PDS_M3_02941,-83.9845,50.7622,71.5,20.8,7.7,0.48,3.66,0.86,0.065,3.2,43.8
PDS_M3_02942,-87.0344,144.4533,72.7,17.3,10.0,0.44,5.0,0.53,0.042,6.3,43.7
PDS_M3_02943,-82.8558,-120.9887,78.4,11.5,10.1,0.39,3.44,0.85,0.06,7.8,43.9
PDS_M3_02944,-82.4099,-42.6928,74.5,15.4,10.1,0.56,4.42,1.27,0.048,6.7,43.9
PDS_M3_02945,-88.9748,-129.2873,75.2,13.9,10.9,0.5,3.52,1.04,0.074,6.6,44.1
PDS_M3_02946,-84.8615,44.9798,81.1,8.4,10.5,0.64,4.15,1.0,0.208,6.7,42.9
PDS_M3_02947,-84.9111,82.3934,81.2,9.8,9.0,0.62,4.71,0.59,0.083,7.3,43.8
PDS_M3_02948,-86.3072,155.4886,74.9,16.4,8.7,0.49,3.97,1.64,0.076,5.6,44.0
PDS_M3_02949,-80.6708,-79.6061,73.5,15.8,10.7,0.54,1.74,1.08,0.055,7.0,44.6
PDS_M3_02950,-81.7249,162.076,72.5,18.1,9.4,0.31,3.12,1.8,0.098,6.3,43.5
PDS_M3_02951,-83.0279,-157.2254,78.8,13.0,8.2,0.44,2.47,1.21,0.076,5.9,42.9
PDS_M3_02952,-82.8567,37.085,75.2,15.5,9.3,0.5,4.25,1.57,0.129,7.4,44.2
PDS_M3_02953,-85.3828,-159.4322,74.5,14.5,11.0,0.21,4.2,0.88,0.084,5.0,43.1
PDS_M3_02954,-80.7901,141.7587,72.7,16.9,10.4,0.51,3.92,0.65,0.171,5.0,43.7
PDS_M3_02955,-83.054,10.7313,72.9,19.0,8.1,0.31,3.7,1.04,0.132,3.0,43.8
PDS_M3_02956,-82.7102,60.9654,77.3,11.9,10.8,0.32,4.38,1.27,0.049,4.7,43.8
PDS_M3_02957,-81.3831,119.3666,70.7,18.4,10.9,0.37,3.04,1.3,0.049,5.3,42.6
PDS_M3_02958,-87.2593,-125.8882,80.0,12.1,7.9,0.45,4.96,1.22,0.041,5.7,43.7
PDS_M3_02959,-81.9293,-166.107,73.9,15.5,10.6,0.25,4.26,1.79,0.068,6.3,43.0
PDS_M3_02960,-88.0476,136.3972,75.4,14.1,10.5,0.58,3.44,1.22,0.043,6.9,43.8
PDS_M3_02961,-86.5466,-66.624,70.7,22.1,7.2,0.48,3.87,1.01,0.076,4.2,43.1
PDS_M3_02962,-86.6439,-133.5676,76.0,14.3,9.7,0.74,4.09,1.03,0.057,5.9,42.8
PDS_M3_02963,-80.2147,-11.354,74.7,17.1,8.2,0.5,3.1,0.86,0.081,4.6,43.9
PDS_M3_02964,-81.4346,35.3902,75.8,14.5,9.7,0.54,4.74,1.19,0.05,4.2,43.1
PDS_M3_02965,-82.9883,-168.8506,81.9,7.4,10.7,0.32,4.97,1.42,0.088,6.2,43.9
PDS_M3_02966,-82.7294,-81.0376,76.7,14.3,9.0,0.27,4.29,1.52,0.22,5.9,43.4
PDS_M3_02967,-84.3793,-168.192,72.8,18.5,8.7,0.54,4.95,1.01,0.101,6.4,43.9
PDS_M3_02968,-80.5291,-28.6793,73.2,16.1,10.7,0.29,6.32,1.08,0.09,6.5,43.9
PDS_M3_02969,-85.0374,142.236,78.4,10.7,10.9,0.55,2.7,0.91,0.133,5.2,43.8
PDS_M3_02970,-86.1948,173.7549,81.2,11.6,7.2,0.71,4.24,1.39,0.04,7.1,43.8
PDS_M3_02971,-88.3696,49.3371,77.1,12.2,10.7,0.59,3.13,0.73,0.06,4.7,43.5
PDS_M3_02972,-82.1379,-121.8104,78.8,13.9,7.3,0.54,5.45,0.88,0.22,4.5,43.3
PDS_M3_02973,-82.6556,146.1058,78.4,13.3,8.3,0.49,4.4,0.4,0.132,6.3,43.5
PDS_M3_02974,-86.1564,5.8492,81.7,8.2,10.1,0.39,3.64,0.75,0.046,6.1,44.1
PDS_M3_02975,-89.7481,-124.6502,68.2,21.7,10.1,0.43,3.99,0.92,0.064,4.8,44.2
PDS_M3_02976,-81.61,151.8216,78.7,11.4,9.9,0.37,5.27,0.95,0.075,4.8,44.0
PDS_M3_02977,-89.8858,92.6889,79.9,12.9,7.2,0.25,4.56,0.71,0.204,6.3,44.1
PDS_M3_02978,-82.963,83.4139,70.6,21.9,7.5,0.46,4.66,0.76,0.093,6.1,43.4
PDS_M3_02979,-80.2974,75.3051,72.5,16.8,10.7,0.62,5.39,1.48,0.045,4.6,43.7
PDS_M3_02980,-85.6234,-107.8777,72.6,20.1,7.3,0.26,4.96,0.87,0.083,5.0,42.7
PDS_M3_02981,-87.6503,-104.0376,73.1,19.6,7.3,0.66,5.1,0.56,0.06,4.7,43.3
PDS_M3_02982,-82.9513,67.7855,74.1,15.6,10.3,0.63,4.1,0.79,0.065,3.3,43.9
PDS_M3_02983,-81.8287,-100.8998,77.0,13.4,9.6,0.51,2.4,0.79,0.047,7.4,44.0
PDS_M3_02984,-84.5357,-22.0782,79.5,12.1,8.4,0.51,4.28,1.08,0.077,6.1,43.6
PDS_M3_02985,-80.3296,101.5207,80.3,12.0,7.7,0.42,3.67,1.21,0.106,7.2,43.3
PDS_M3_02986,-89.4833,102.2229,72.6,16.9,10.5,0.46,4.83,0.69,0.126,5.4,43.5
PDS_M3_02987,-84.952,-16.8258,72.6,16.4,11.0,0.38,2.78,1.19,0.111,4.6,43.4
PDS_M3_02988,-82.8155,105.1884,81.3,11.5,7.2,0.45,4.86,1.52,0.105,4.8,44.2
PDS_M3_02989,-81.3736,121.9038,78.6,12.2,9.2,0.47,4.35,1.4,0.162,4.7,44.0
PDS_M3_02990,-88.2074,55.7193,76.3,15.7,8.0,0.73,4.48,1.27,0.064,5.2,44.3
PDS_M3_02991,-82.0,-97.7667,77.9,11.8,10.3,0.53,4.7,1.22,0.054,3.9,44.2
PDS_M3_02992,-84.4729,-81.3558,75.9,15.7,8.4,0.42,4.18,1.0,0.046,5.3,43.5
PDS_M3_02993,-86.0345,-66.6572,78.1,12.0,9.9,0.44,3.93,1.53,0.051,5.1,43.9
PDS_M3_02994,-88.6828,-137.9505,74.7,16.1,9.2,0.34,5.11,1.23,0.05,6.8,44.4
PDS_M3_02995,-81.347,-81.6625,77.1,13.7,9.2,0.37,4.67,0.86,0.186,6.4,43.5
PDS_M3_02996,-88.4273,-104.5731,70.0,19.6,10.4,0.59,4.75,1.05,0.052,5.3,43.5
PDS_M3_02997,-86.9021,-16.0817,73.2,17.9,8.9,0.38,4.13,0.9,0.046,6.4,43.6
PDS_M3_02998,-87.0995,147.0375,73.3,16.3,10.4,0.36,4.29,1.06,0.071,4.5,43.6
PDS_M3_02999,-81.2859,-142.3871,74.5,17.0,8.5,0.36,4.19,1.46,0.051,4.3,43.3
PDS_M3_03000,-83.273,79.2965,72.3,20.0,7.7,0.34,2.8,1.05,0.048,5.7,44.1
PDS_M3_03001,-82.0332,67.4219,73.9,17.3,8.8,0.62,3.1,0.86,0.067,5.9,43.2
PDS_M3_03002,-87.4953,-145.5285,69.9,21.1,9.0,0.47,4.1,1.41,0.191,5.6,44.2
PDS_M3_03003,-83.7513,152.1261,78.2,12.9,8.9,0.41,2.7,1.48,0.042,7.4,44.4
PDS_M3_03004,-84.2825,24.65,75.7,14.1,10.2,0.45,4.11,0.86,0.054,6.6,43.7
PDS_M3_03005,-81.6717,-49.0588,69.2,21.5,9.3,0.48,3.48,1.54,0.144,7.0,43.4
PDS_M3_03006,-80.9391,92.3539,72.7,16.7,10.6,0.34,4.14,1.39,0.057,5.1,43.2
PDS_M3_03007,-89.8784,-87.3484,77.3,13.6,9.1,0.24,4.34,0.93,0.075,6.2,43.7
PDS_M3_03008,-83.2598,69.6635,73.8,18.3,7.9,0.65,2.71,1.47,0.046,4.5,44.0
PDS_M3_03009,-89.4816,-165.704,73.2,19.3,7.5,0.6,4.46,0.73,0.135,4.9,43.3
PDS_M3_03010,-84.5114,122.1869,75.7,13.8,10.5,0.51,3.84,0.96,0.12,6.2,44.2
PDS_M3_03011,-87.1237,-18.6585,77.4,15.4,7.2,0.59,2.34,0.77,0.048,4.7,44.1
PDS_M3_03012,-86.9322,49.2094,70.3,22.2,7.5,0.74,3.83,0.81,0.217,4.9,43.4
PDS_M3_03013,-86.4704,-100.3544,78.2,14.5,7.3,0.37,4.5,1.36,0.094,6.3,44.1
PDS_M3_03014,-83.7871,63.7465,72.8,18.5,8.7,0.28,3.88,1.1,0.136,4.9,43.2
PDS_M3_03015,-86.6595,98.0065,75.9,15.0,9.1,0.55,3.83,0.77,0.127,7.0,43.6
PDS_M3_03016,-82.673,-9.6433,75.9,17.0,7.1,0.23,4.32,0.92,0.084,5.5,44.5
PDS_M3_03017,-85.9547,42.3817,73.9,17.0,9.1,0.46,3.82,0.9,0.123,5.6,44.1
PDS_M3_03018,-89.3165,-15.7227,71.9,19.5,8.6,0.41,3.99,1.18,0.056,6.1,43.7
PDS_M3_03019,-82.1624,141.8729,74.9,15.0,10.1,0.55,3.14,1.78,0.041,5.6,43.6
PDS_M3_03020,-87.1424,-0.7671,82.5,7.2,10.3,0.38,3.79,1.16,0.065,6.1,43.9
PDS_M3_03021,-85.6723,123.0511,70.6,19.7,9.7,0.63,5.71,1.18,0.05,4.7,43.5
PDS_M3_03022,-83.1456,108.4867,82.8,8.3,8.9,0.34,4.34,1.56,0.22,2.5,43.6
PDS_M3_03023,-86.6754,-32.2183,75.0,17.1,7.9,0.56,4.42,0.94,0.194,4.1,43.9
PDS_M3_03024,-89.4341,-97.1696,76.1,13.5,10.4,0.35,3.69,1.5,0.049,5.3,44.1
PDS_M3_03025,-86.2608,-33.8104,71.7,19.9,8.4,0.53,3.88,0.97,0.065,6.4,43.4
PDS_M3_03026,-80.5555,117.4383,72.9,18.7,8.4,0.3,4.02,0.99,0.083,8.4,43.7
PDS_M3_03027,-83.5827,-98.0523,74.0,15.3,10.7,0.45,4.9,1.0,0.071,5.1,43.3
PDS_M3_03028,-83.2852,8.7971,71.8,17.3,10.9,0.65,5.16,1.07,0.112,5.0,43.5
PDS_M3_03029,-83.6772,110.1948,75.2,14.2,10.6,0.47,3.84,1.05,0.082,6.2,43.3
PDS_M3_03030,-88.0101,-52.7481,74.4,14.6,11.0,0.63,4.18,1.21,0.09,6.1,43.5
PDS_M3_03031,-85.8167,51.1955,83.4,6.1,10.5,0.45,4.01,0.97,0.108,6.1,44.0
PDS_M3_03032,-82.4906,-91.5726,71.3,18.9,9.8,0.37,4.81,1.13,0.041,5.5,43.7
PDS_M3_03033,-88.9863,-140.6594,76.4,15.4,8.2,0.48,4.57,0.62,0.041,3.4,43.4
PDS_M3_03034,-87.2215,105.9783,77.0,12.2,10.8,0.54,4.13,1.33,0.052,6.0,43.9
PDS_M3_03035,-87.2368,-144.3713,71.7,17.8,10.5,0.16,5.01,1.44,0.116,5.7,43.1
PDS_M3_03036,-85.6798,-82.3027,78.7,13.3,8.0,0.53,4.61,1.17,0.056,3.9,43.9
PDS_M3_03037,-80.1963,127.8394,74.4,16.6,9.0,0.31,3.58,1.32,0.192,6.5,44.5
PDS_M3_03038,-89.325,-55.2711,66.0,26.7,7.3,0.27,4.21,0.85,0.045,6.7,43.2
PDS_M3_03039,-84.813,170.2963,78.6,10.6,10.8,0.53,4.06,1.56,0.092,6.5,43.2
PDS_M3_03040,-88.2064,172.7044,71.5,19.2,9.3,0.65,3.41,1.16,0.042,5.3,43.9
PDS_M3_03041,-80.2932,-83.4206,71.8,20.2,8.0,0.48,4.02,0.62,0.22,6.1,43.6
PDS_M3_03042,-88.867,-165.2478,78.8,13.0,8.2,0.25,5.11,1.46,0.054,4.7,43.9
PDS_M3_03043,-85.964,73.8228,74.6,14.5,10.9,0.35,5.08,1.32,0.093,4.1,44.1
PDS_M3_03044,-82.6212,-17.6449,79.7,10.8,9.5,0.39,4.93,1.66,0.22,5.7,43.5
PDS_M3_03045,-82.9545,-143.729,80.8,10.5,8.7,0.48,4.82,1.6,0.042,4.0,43.6
PDS_M3_03046,-85.7727,74.7082,73.4,17.6,9.0,0.44,4.37,1.5,0.083,5.6,43.8
PDS_M3_03047,-86.5348,-168.777,79.2,13.4,7.4,0.52,3.72,1.24,0.085,5.7,44.2
PDS_M3_03048,-86.0239,133.2708,73.0,19.7,7.3,0.6,4.65,1.31,0.066,4.8,43.6
PDS_M3_03049,-87.3572,-130.0851,84.9,5.7,9.4,0.5,2.88,0.78,0.104,8.1,43.9
PDS_M3_03050,-87.9467,-134.1677,73.2,17.8,9.0,0.58,3.66,1.02,0.087,5.1,43.7
PDS_M3_03051,-85.1696,-116.758,80.1,11.5,8.4,0.41,5.08,2.0,0.057,6.1,44.1
PDS_M3_03052,-87.3147,165.6959,79.4,11.3,9.3,0.94,3.81,0.58,0.113,5.6,43.2
PDS_M3_03053,-87.1254,69.541,77.3,15.4,7.3,0.53,4.71,1.19,0.078,6.9,43.3
PDS_M3_03054,-83.4324,108.4938,73.3,15.9,10.8,0.55,3.91,1.09,0.078,5.4,43.5
PDS_M3_03055,-80.3146,-36.8514,75.4,16.4,8.2,0.71,4.64,1.36,0.22,4.3,43.9
PDS_M3_03056,-83.9636,-58.9274,67.4,25.3,7.3,0.46,2.97,1.16,0.086,6.3,44.2
PDS_M3_03057,-89.2302,-95.5858,76.9,15.4,7.7,0.35,5.22,1.46,0.132,4.0,43.6
PDS_M3_03058,-89.2442,-6.9667,77.4,15.2,7.4,0.65,3.31,1.1,0.161,4.8,43.8
PDS_M3_03059,-80.4858,18.6583,76.5,15.8,7.7,0.65,3.11,1.33,0.092,5.2,43.4
PDS_M3_03060,-87.0271,47.4389,64.1,27.2,8.7,0.47,5.17,1.21,0.133,5.2,43.5
PDS_M3_03061,-89.0793,-87.4373,70.9,19.1,10.0,0.71,4.2,1.01,0.062,5.4,43.0
PDS_M3_03062,-84.0096,161.5155,73.0,18.9,8.1,0.44,3.96,0.97,0.052,5.3,43.6
PDS_M3_03063,-83.7635,-118.8869,77.2,14.1,8.7,0.59,5.45,1.48,0.111,6.0,43.3
PDS_M3_03064,-83.515,167.6351,77.2,12.1,10.7,0.68,4.78,1.29,0.196,5.0,42.9
PDS_M3_03065,-87.326,-174.6518,75.3,16.5,8.2,0.46,3.84,1.4,0.043,6.3,44.7
PDS_M3_03066,-89.8489,-6.7948,78.5,11.3,10.2,0.52,4.09,1.48,0.126,4.8,44.1
PDS_M3_03067,-80.3498,-59.9876,71.9,20.5,7.6,0.6,5.06,0.94,0.042,4.3,43.8
PDS_M3_03068,-87.4911,-18.3156,78.4,13.9,7.7,0.4,3.43,1.02,0.077,4.4,44.1
PDS_M3_03069,-83.2397,25.4392,77.9,13.3,8.8,0.33,5.35,1.0,0.108,5.3,44.3
PDS_M3_03070,-82.9337,-23.1879,77.5,14.6,7.9,0.65,3.85,1.41,0.071,7.0,43.8
PDS_M3_03071,-83.8999,-30.6551,75.3,14.1,10.6,0.5,3.5,1.13,0.061,5.8,44.0
PDS_M3_03072,-86.8709,83.7804,83.3,9.5,7.2,0.37,5.07,1.15,0.052,5.2,43.7
PDS_M3_03073,-87.289,66.9155,78.0,12.6,9.4,0.46,4.79,0.78,0.22,5.8,43.7
PDS_M3_03074,-84.0233,119.9777,72.1,18.5,9.4,0.53,2.78,1.35,0.091,4.3,42.9
PDS_M3_03075,-81.339,-90.0148,77.0,15.7,7.3,0.21,4.11,1.36,0.048,3.8,43.8
PDS_M3_03076,-80.5327,39.4303,79.0,11.1,9.9,0.56,3.32,1.27,0.043,4.6,43.6
PDS_M3_03077,-88.9409,30.6701,73.6,17.5,8.9,0.51,4.84,1.15,0.057,4.5,43.5
PDS_M3_03078,-88.4517,-46.8944,80.4,9.7,9.9,0.7,5.58,1.41,0.086,8.7,44.1
PDS_M3_03079,-80.5526,-5.0193,77.5,12.2,10.3,0.42,4.63,1.09,0.124,8.1,43.8
PDS_M3_03080,-82.6346,-67.0384,66.6,25.1,8.3,0.66,3.59,1.53,0.22,8.1,43.7
PDS_M3_03081,-81.1701,-128.936,77.2,13.9,8.9,0.44,4.91,1.31,0.148,4.3,43.5
PDS_M3_03082,-87.9737,-103.0316,74.4,17.6,8.0,0.47,4.16,0.72,0.097,7.9,43.8
PDS_M3_03083,-84.1241,-142.0151,78.1,14.1,7.8,0.49,4.14,1.06,0.106,4.9,43.5
PDS_M3_03084,-82.9886,65.905,79.8,13.2,7.0,0.76,3.81,1.2,0.084,7.8,43.7
PDS_M3_03085,-83.1989,57.8619,76.8,12.3,10.9,0.26,4.28,0.89,0.074,6.3,43.6
PDS_M3_03086,-85.9185,162.2183,82.7,8.5,8.8,0.52,4.14,1.42,0.132,4.6,43.5
PDS_M3_03087,-89.8461,82.6842,75.3,17.6,7.1,0.46,2.28,0.51,0.052,7.8,43.5
PDS_M3_03088,-84.1707,-161.2635,78.5,14.5,7.0,0.45,4.22,1.34,0.064,7.7,44.0
PDS_M3_03089,-87.469,138.3283,79.2,12.6,8.2,0.54,4.09,1.31,0.22,4.5,43.4
PDS_M3_03090,-85.4975,130.5631,75.6,17.3,7.1,0.62,4.48,0.5,0.091,6.2,43.4
PDS_M3_03091,-80.4242,-20.4047,79.1,12.4,8.5,0.53,2.59,1.13,0.081,3.5,44.3
PDS_M3_03092,-86.0096,30.9107,73.6,19.1,7.3,0.64,4.61,0.97,0.154,5.3,44.1
PDS_M3_03093,-81.602,171.3882,74.3,18.5,7.2,0.41,4.22,1.53,0.126,5.3,43.9
PDS_M3_03094,-88.1146,11.6296,70.8,19.5,9.7,0.44,4.6,0.85,0.064,5.3,44.2
PDS_M3_03095,-83.2754,145.9159,77.0,12.4,10.6,0.3,2.9,1.34,0.099,7.7,44.2
PDS_M3_03096,-80.2299,-150.106,77.3,14.1,8.6,0.75,3.21,1.4,0.052,4.2,43.7
PDS_M3_03097,-88.9811,-111.2213,80.7,9.0,10.3,0.42,2.7,0.98,0.043,5.5,44.6
PDS_M3_03098,-89.9168,-21.3282,79.2,13.7,7.1,0.41,4.32,1.49,0.22,6.7,44.4
PDS_M3_03099,-85.6642,30.5125,74.9,15.0,10.1,0.54,3.92,0.98,0.12,4.2,43.6
PDS_M3_03100,-89.0737,113.842,71.3,21.4,7.3,0.62,4.08,1.5,0.2,4.7,43.6
PDS_M3_03101,-82.5162,175.7744,77.7,11.9,10.4,0.35,3.09,1.88,0.147,7.1,43.5
PDS_M3_03102,-80.8545,-40.0135,80.4,9.1,10.5,0.63,3.23,1.38,0.074,7.4,43.8
PDS_M3_03103,-85.6598,-162.9304,79.0,10.9,10.1,0.4,2.2,1.28,0.159,5.3,43.1
PDS_M3_03104,-87.4129,108.4217,80.3,9.4,10.3,0.66,3.12,0.96,0.133,6.8,43.6
PDS_M3_03105,-85.656,37.5771,75.2,15.6,9.2,0.37,3.68,1.66,0.058,7.7,43.9
PDS_M3_03106,-82.7655,-108.5246,74.1,17.8,8.1,0.56,3.72,1.37,0.099,5.3,43.2
PDS_M3_03107,-89.9095,-1.8618,73.1,17.3,9.6,0.46,4.15,0.96,0.062,6.7,43.4
PDS_M3_03108,-84.1055,87.2317,75.8,15.4,8.8,0.28,4.81,1.55,0.056,5.3,43.9
PDS_M3_03109,-83.8671,97.3482,75.7,17.3,7.0,0.24,3.65,1.13,0.045,4.2,43.5
PDS_M3_03110,-83.6231,-0.1374,76.8,14.3,8.9,0.34,4.59,1.3,0.087,5.8,44.1
PDS_M3_03111,-87.5798,-70.1228,75.5,14.9,9.6,0.6,4.82,0.98,0.07,5.5,44.1
PDS_M3_03112,-82.8595,170.5473,75.5,17.4,7.1,0.16,5.12,0.82,0.046,4.7,43.4
PDS_M3_03113,-89.0861,58.8105,72.9,17.6,9.5,0.5,4.59,0.83,0.116,5.4,43.4
PDS_M3_03114,-88.0073,-33.0345,79.8,10.6,9.6,0.49,4.26,0.99,0.117,5.5,43.8
PDS_M3_03115,-81.2253,-79.0332,76.3,16.1,7.6,0.2,3.34,1.25,0.056,6.1,43.4
PDS_M3_03116,-82.6128,83.1971,75.3,16.0,8.7,0.33,4.42,1.01,0.22,7.0,44.3
PDS_M3_03117,-89.8625,-92.814,73.0,16.1,10.9,0.33,3.9,0.86,0.13,7.0,43.4
PDS_M3_03118,-87.5162,-118.1844,70.7,18.8,10.5,0.46,5.3,0.81,0.138,5.7,43.8
PDS_M3_03119,-87.8559,10.7402,81.2,10.2,8.6,0.67,4.27,1.48,0.04,5.1,43.2
PDS_M3_03120,-87.2919,-75.6045,78.2,13.4,8.4,0.61,4.07,1.06,0.22,7.4,43.4
PDS_M3_03121,-87.5244,46.4059,69.5,23.0,7.5,0.4,5.33,0.51,0.22,5.7,43.0
PDS_M3_03122,-89.3747,-137.5421,79.1,13.8,7.1,0.33,3.81,1.1,0.082,5.1,43.3
PDS_M3_03123,-85.4106,55.7788,79.7,12.1,8.2,0.22,4.2,0.98,0.22,6.0,43.6
PDS_M3_03124,-82.6727,-78.0132,76.5,12.7,10.8,0.39,5.81,1.16,0.097,3.6,43.8
PDS_M3_03125,-83.9327,-179.9125,82.4,6.8,10.8,0.32,4.41,0.93,0.049,5.2,44.5
PDS_M3_03126,-83.2713,-134.303,76.9,12.8,10.3,0.44,5.1,1.49,0.141,5.2,43.6
PDS_M3_03127,-89.1885,156.1015,70.3,21.3,8.4,0.45,5.4,1.05,0.089,4.9,43.5
PDS_M3_03128,-80.4851,132.2477,77.5,14.9,7.6,0.38,3.76,1.04,0.065,6.3,43.8
PDS_M3_03129,-81.6151,-95.9007,77.0,13.6,9.4,0.38,4.93,1.01,0.056,7.1,43.4
PDS_M3_03130,-81.9491,100.2139,73.6,16.8,9.6,0.35,3.93,1.24,0.084,7.8,43.6
PDS_M3_03131,-81.7702,39.0858,78.3,13.0,8.7,0.37,5.83,1.22,0.111,5.2,44.6
PDS_M3_03132,-80.6729,169.5257,69.3,20.9,9.8,0.67,5.35,0.98,0.166,5.5,43.6
PDS_M3_03133,-84.5575,-45.502,80.0,10.0,10.0,0.53,4.79,1.11,0.095,5.0,44.6
PDS_M3_03134,-87.9972,65.3258,72.5,17.4,10.1,0.53,5.04,1.02,0.072,6.4,43.5
PDS_M3_03135,-83.8322,-157.1271,72.1,18.9,9.0,0.6,3.64,1.35,0.1,3.6,43.3
PDS_M3_03136,-82.5712,-37.351,75.5,14.3,10.2,0.59,5.57,0.71,0.081,5.3,44.1
PDS_M3_03137,-82.6208,166.9744,77.7,15.2,7.1,0.66,3.48,1.0,0.103,6.1,44.2
PDS_M3_03138,-84.7855,14.0331,76.7,13.6,9.7,0.54,4.53,1.04,0.096,5.1,43.5
PDS_M3_03139,-89.3154,-76.3634,73.0,19.1,7.9,0.48,3.63,1.52,0.22,5.3,43.7
PDS_M3_03140,-86.2889,-136.7025,74.0,17.9,8.1,0.36,4.89,1.45,0.098,7.0,43.6
PDS_M3_03141,-80.7923,73.2702,71.5,21.1,7.4,0.33,5.6,1.22,0.11,5.7,43.0
PDS_M3_03142,-84.1555,52.1482,75.1,17.1,7.8,0.58,4.56,0.8,0.174,7.2,43.1
PDS_M3_03143,-84.6167,-45.3821,80.3,8.7,11.0,0.43,4.45,1.12,0.187,7.8,43.7
PDS_M3_03144,-87.3115,162.3389,76.0,15.3,8.7,0.25,4.11,1.66,0.049,6.4,44.1
PDS_M3_03145,-86.3155,-172.007,79.4,9.9,10.7,0.14,4.28,1.06,0.076,5.5,44.1
PDS_M3_03146,-81.0465,-70.6594,81.8,10.5,7.7,0.77,3.93,1.14,0.212,7.7,43.5
PDS_M3_03147,-83.3354,151.585,73.6,18.6,7.8,0.3,5.51,1.16,0.22,2.8,43.1
PDS_M3_03148,-82.1261,-64.4632,75.3,15.5,9.2,0.35,4.84,0.85,0.053,3.9,43.3
PDS_M3_03149,-85.4565,-89.189,84.7,6.9,8.4,0.63,3.92,0.86,0.075,6.7,43.6
PDS_M3_03150,-83.6975,12.3193,81.8,8.6,9.6,0.27,4.25,0.86,0.06,8.8,43.5
PDS_M3_03151,-87.5162,116.5686,69.3,22.0,8.7,0.53,6.53,1.01,0.134,6.6,42.6
PDS_M3_03152,-82.9454,-142.8672,77.5,12.3,10.2,0.72,4.42,1.23,0.155,6.0,42.7
PDS_M3_03153,-85.724,159.4875,76.0,15.3,8.7,0.77,5.36,1.15,0.078,5.2,42.6
PDS_M3_03154,-85.5745,106.2262,79.3,11.4,9.3,0.38,3.74,1.25,0.108,6.5,43.2
PDS_M3_03155,-83.5068,-114.7499,73.0,18.7,8.3,0.45,4.58,1.75,0.162,7.2,44.0
PDS_M3_03156,-80.6372,76.3229,72.6,17.6,9.8,0.39,3.7,1.88,0.114,6.7,45.0
PDS_M3_03157,-89.3599,-41.4149,73.3,17.1,9.6,0.45,3.77,1.13,0.05,5.9,44.4
PDS_M3_03158,-81.7526,-35.1739,73.7,17.7,8.6,0.64,4.83,1.38,0.115,7.0,43.7
PDS_M3_03159,-87.0762,101.9844,79.3,12.6,8.1,0.24,3.48,1.3,0.05,6.2,43.5
PDS_M3_03160,-85.5608,166.6025,71.3,19.2,9.5,0.55,3.25,1.42,0.104,6.4,43.3
PDS_M3_03161,-89.7809,-134.4039,73.5,15.7,10.8,0.42,4.75,1.41,0.064,7.0,43.6
PDS_M3_03162,-86.9895,-28.5731,68.8,23.7,7.5,0.66,3.81,0.94,0.043,4.7,44.2
PDS_M3_03163,-84.9737,-6.861,80.0,9.8,10.2,0.65,3.98,1.69,0.055,5.8,43.4
PDS_M3_03164,-89.4382,-44.5277,81.1,9.7,9.2,0.39,2.76,1.56,0.078,5.9,43.8
PDS_M3_03165,-85.089,-49.2519,74.7,16.2,9.1,0.43,3.18,1.39,0.22,4.4,43.7
PDS_M3_03166,-80.7289,-161.1833,74.8,14.4,10.8,0.58,4.38,1.31,0.058,4.5,43.6
PDS_M3_03167,-88.9461,66.7939,77.8,12.8,9.4,0.6,4.01,1.22,0.22,5.0,42.9
PDS_M3_03168,-82.3556,-22.9628,81.9,7.8,10.3,0.1,4.93,1.16,0.067,7.0,43.8
PDS_M3_03169,-85.9033,-109.8742,77.6,13.3,9.1,0.58,3.48,1.34,0.22,5.6,43.2
PDS_M3_03170,-83.4483,113.7721,73.2,18.8,8.0,0.7,4.07,1.18,0.22,6.0,44.5
PDS_M3_03171,-87.3976,108.9219,69.5,20.7,9.8,0.49,4.24,1.21,0.049,6.2,43.7
PDS_M3_03172,-88.4051,-4.899,71.5,17.8,10.7,0.59,4.04,1.11,0.146,6.6,43.9
PDS_M3_03173,-88.3954,-72.5578,76.3,13.3,10.4,0.64,4.68,1.06,0.084,6.4,43.3
PDS_M3_03174,-89.2951,49.7134,73.4,18.8,7.8,0.48,3.33,1.67,0.11,5.9,43.4
PDS_M3_03175,-88.1435,-76.2652,76.8,14.9,8.3,0.57,4.61,1.16,0.13,5.6,44.5
PDS_M3_03176,-83.3578,-95.0371,73.8,17.1,9.1,0.45,5.11,1.01,0.048,7.1,44.0
PDS_M3_03177,-81.1831,82.9853,71.8,18.9,9.3,0.44,3.54,1.19,0.136,5.2,43.7
PDS_M3_03178,-81.8587,-165.4829,71.3,20.9,7.8,0.35,4.52,0.78,0.062,7.4,44.0
PDS_M3_03179,-83.1487,-145.8834,82.2,9.9,7.9,0.48,4.49,1.42,0.119,5.1,44.7
PDS_M3_03180,-88.8957,-177.5563,79.6,10.4,10.0,0.73,4.67,1.14,0.091,5.5,44.4
PDS_M3_03181,-87.1081,-124.9405,82.9,7.2,9.9,0.31,4.2,1.04,0.109,6.6,44.3
PDS_M3_03182,-86.9019,-155.1636,78.2,11.4,10.4,0.54,5.33,1.01,0.099,8.6,44.2
PDS_M3_03183,-87.5004,178.4889,74.3,15.0,10.7,0.5,5.89,0.66,0.14,3.5,43.5
PDS_M3_03184,-84.8499,-76.0284,81.3,10.5,8.2,0.67,4.7,1.69,0.175,6.8,43.9
PDS_M3_03185,-84.6445,-126.2635,75.9,13.7,10.4,0.7,4.45,1.2,0.076,6.4,43.9
PDS_M3_03186,-86.4311,-93.2413,76.9,13.4,9.7,0.31,4.21,1.68,0.07,5.3,43.8
PDS_M3_03187,-86.4621,157.0052,75.8,13.4,10.8,0.36,3.15,1.06,0.057,6.2,43.9
PDS_M3_03188,-81.7144,7.2577,64.2,27.7,8.1,0.37,3.06,1.28,0.141,4.4,43.2
PDS_M3_03189,-82.1071,-48.6655,82.4,9.5,8.1,0.38,3.28,1.36,0.22,4.8,42.8
PDS_M3_03190,-86.922,134.4209,78.0,12.2,9.8,0.39,4.41,1.29,0.053,6.3,44.0
PDS_M3_03191,-80.8621,-37.8035,77.3,12.0,10.7,0.5,4.05,1.0,0.077,4.6,43.7
PDS_M3_03192,-80.4718,-59.3969,75.8,13.9,10.3,0.32,5.42,0.61,0.128,6.0,43.7
PDS_M3_03193,-86.7326,-105.3783,76.7,13.4,9.9,0.34,2.2,1.82,0.101,5.0,44.6
PDS_M3_03194,-86.4558,-43.9931,73.6,17.9,8.5,0.33,4.23,0.92,0.141,5.3,43.7
PDS_M3_03195,-84.9437,-65.9936,78.5,11.6,9.9,0.52,4.55,1.9,0.041,7.1,43.4
PDS_M3_03196,-80.5888,63.8294,70.8,19.0,10.2,0.44,4.92,0.96,0.185,4.4,43.8
PDS_M3_03197,-81.2368,-75.7502,76.7,13.3,10.0,0.41,4.31,1.55,0.044,5.8,43.7
PDS_M3_03198,-88.9743,27.7919,78.2,12.1,9.7,0.32,4.49,1.32,0.075,6.4,44.2
PDS_M3_03199,-86.0727,-156.2788,75.2,17.6,7.2,0.21,4.34,1.33,0.059,6.1,43.4
PDS_M3_03200,-84.4663,-111.1359,77.5,12.9,9.6,0.69,4.55,0.95,0.198,5.1,43.4
PDS_M3_03201,-84.9687,-33.3341,72.0,19.1,8.9,0.41,4.18,1.02,0.059,6.2,43.3
PDS_M3_03202,-88.0614,157.3017,72.1,17.1,10.8,0.86,5.89,1.02,0.068,4.6,42.8
PDS_M3_03203,-81.4118,-44.1893,76.9,13.7,9.4,0.57,4.66,1.18,0.172,5.2,43.5
PDS_M3_03204,-83.2306,59.0667,78.7,11.9,9.4,0.72,4.36,1.07,0.086,7.7,44.4
PDS_M3_03205,-81.6209,-88.1686,68.5,20.5,11.0,0.6,3.61,0.98,0.177,6.6,43.1
PDS_M3_03206,-81.4124,-134.2679,78.1,14.5,7.4,0.47,3.93,0.86,0.105,5.8,43.2
PDS_M3_03207,-82.5164,-158.9268,73.8,18.1,8.1,0.36,5.41,0.88,0.045,6.3,43.4
PDS_M3_03208,-85.6079,-70.0511,75.2,15.2,9.6,0.3,2.21,1.26,0.074,4.8,43.7
PDS_M3_03209,-83.8945,-123.242,70.6,21.1,8.3,0.62,4.25,0.89,0.052,6.1,43.2
PDS_M3_03210,-88.3963,-117.3562,72.6,19.0,8.4,0.49,4.18,0.77,0.044,5.3,43.6
PDS_M3_03211,-83.2635,93.8734,79.9,9.5,10.6,0.54,4.6,1.14,0.068,5.1,43.9
PDS_M3_03212,-88.2075,-174.2983,76.1,14.6,9.3,0.57,4.41,0.45,0.183,5.7,43.7
PDS_M3_03213,-83.0605,20.8116,74.5,18.1,7.4,0.5,5.41,1.1,0.048,5.1,43.6
PDS_M3_03214,-87.704,-43.3939,75.5,16.3,8.2,0.38,4.28,1.12,0.04,6.0,44.3
PDS_M3_03215,-88.8245,2.358,78.0,14.7,7.3,0.6,4.15,1.27,0.204,6.3,43.8
PDS_M3_03216,-88.3472,22.6189,77.8,13.0,9.2,0.42,4.96,1.2,0.085,5.5,43.4
PDS_M3_03217,-89.9801,-67.1876,75.7,16.6,7.7,0.46,5.43,0.72,0.089,2.4,44.0
PDS_M3_03218,-82.8126,-73.7608,80.4,9.2,10.4,0.56,4.75,1.04,0.198,4.8,43.8
PDS_M3_03219,-82.676,84.0247,79.9,10.8,9.3,0.44,5.01,1.3,0.112,4.5,43.8
PDS_M3_03220,-84.8507,133.6597,77.7,15.1,7.2,0.18,4.03,1.23,0.145,6.2,44.1
PDS_M3_03221,-88.3864,-110.6706,76.2,15.6,8.2,0.61,4.3,0.87,0.128,4.9,44.2
PDS_M3_03222,-89.1645,-144.8572,78.6,11.9,9.5,0.64,5.39,1.22,0.097,5.2,43.3
PDS_M3_03223,-89.8087,143.2065,77.3,14.4,8.3,0.18,4.62,1.37,0.11,6.8,44.4
PDS_M3_03224,-88.3425,-54.0376,80.2,10.7,9.1,0.29,4.01,0.81,0.089,4.9,43.8
PDS_M3_03225,-81.0914,18.4743,79.6,9.8,10.6,0.75,4.23,0.51,0.066,6.0,43.8
PDS_M3_03226,-87.5846,-50.5645,71.9,19.7,8.4,0.48,5.03,1.63,0.06,5.1,43.1
PDS_M3_03227,-86.4573,-134.7112,71.7,20.0,8.3,0.45,5.1,1.19,0.052,5.2,43.8
PDS_M3_03228,-88.9465,32.1594,73.2,16.5,10.3,0.39,3.53,0.96,0.066,4.4,43.0
PDS_M3_03229,-87.7764,9.0507,79.9,11.8,8.3,0.3,4.49,0.95,0.092,5.2,44.0
PDS_M3_03230,-84.8078,-106.9223,69.7,23.0,7.3,0.42,4.19,1.14,0.093,6.4,44.1
PDS_M3_03231,-83.9225,-17.3271,77.6,14.7,7.7,0.6,4.15,1.41,0.109,4.6,43.6
PDS_M3_03232,-87.5465,106.9011,77.5,11.7,10.8,0.45,5.26,0.65,0.167,4.9,44.1
PDS_M3_03233,-89.4227,32.5534,80.7,8.6,10.7,0.54,4.01,0.98,0.103,8.4,43.9
PDS_M3_03234,-86.0897,-145.1098,76.7,15.4,7.9,0.71,3.74,1.6,0.051,6.1,43.1
PDS_M3_03235,-87.658,17.2877,70.6,20.2,9.2,0.36,3.55,1.35,0.042,6.2,43.5
PDS_M3_03236,-87.8045,72.9858,72.2,20.3,7.5,0.5,4.06,1.32,0.053,5.0,43.5
PDS_M3_03237,-80.4014,105.3732,71.3,19.0,9.7,0.6,3.61,1.22,0.183,7.1,43.9
PDS_M3_03238,-83.837,46.4823,73.8,18.5,7.7,0.31,3.51,1.19,0.09,7.2,43.4
PDS_M3_03239,-84.4312,-125.0431,75.3,17.5,7.2,0.48,3.49,0.96,0.153,5.1,43.8
PDS_M3_03240,-85.8422,75.6624,71.3,18.4,10.3,0.73,3.54,0.93,0.056,7.1,43.1
PDS_M3_03241,-85.7106,63.8431,81.9,9.8,8.3,0.4,3.59,1.34,0.114,7.4,44.0
PDS_M3_03242,-84.5909,-171.2063,70.7,21.9,7.4,0.61,4.52,0.94,0.119,3.3,43.5
PDS_M3_03243,-83.0357,-31.7708,81.4,8.3,10.3,0.43,2.63,1.19,0.139,6.8,43.8
PDS_M3_03244,-82.9785,-60.1379,80.7,9.3,10.0,0.72,3.64,1.15,0.086,4.9,43.8
PDS_M3_03245,-88.2831,60.9883,79.6,10.7,9.7,0.2,4.12,1.76,0.135,7.4,43.7
PDS_M3_03246,-84.9989,-102.1911,73.2,16.2,10.6,0.46,5.12,1.05,0.204,4.8,43.6
PDS_M3_03247,-85.8804,32.7139,77.4,13.6,9.0,0.23,4.0,1.45,0.22,6.5,43.6
PDS_M3_03248,-81.2947,148.7541,70.9,21.6,7.5,0.34,4.08,1.31,0.048,3.7,43.1
PDS_M3_03249,-83.6858,107.2089,79.6,13.2,7.2,0.34,4.13,1.06,0.099,7.1,43.3
PDS_M3_03250,-84.675,151.7248,75.7,16.0,8.3,0.41,2.74,0.73,0.047,5.9,43.5
PDS_M3_03251,-88.8461,172.2621,74.4,18.3,7.3,0.27,4.73,1.08,0.194,7.3,43.5
PDS_M3_03252,-83.9436,-176.1588,71.1,19.8,9.1,0.44,4.69,1.37,0.22,4.9,42.3
PDS_M3_03253,-88.828,44.1869,66.1,26.8,7.1,0.52,4.85,0.73,0.082,6.1,43.3
PDS_M3_03254,-86.6279,-31.3778,71.8,19.4,8.8,0.22,6.2,1.35,0.22,7.6,44.4
PDS_M3_03255,-88.5716,129.5476,80.5,11.8,7.7,0.35,3.16,1.5,0.127,5.8,44.1
PDS_M3_03256,-83.0793,-89.3467,74.4,17.1,8.5,0.83,3.01,1.13,0.111,6.3,43.5
PDS_M3_03257,-87.9375,173.1706,75.3,15.0,9.7,0.5,4.76,1.37,0.092,6.6,43.3
PDS_M3_03258,-86.0814,40.9349,78.6,13.0,8.4,0.18,3.93,1.14,0.071,3.9,43.1
PDS_M3_03259,-81.0433,105.6735,83.2,8.4,8.4,0.24,3.41,1.27,0.22,5.2,44.3
PDS_M3_03260,-87.9568,-149.1842,81.3,7.7,11.0,0.48,3.97,1.55,0.053,7.2,44.0
PDS_M3_03261,-84.9219,-113.9552,72.1,18.0,9.9,0.47,3.71,0.63,0.137,3.3,43.0
PDS_M3_03262,-85.8073,93.0253,68.2,22.7,9.1,0.36,5.58,0.87,0.067,7.1,43.8
PDS_M3_03263,-89.8188,-172.0849,85.4,5.3,9.3,0.78,6.01,1.48,0.124,5.1,44.3
PDS_M3_03264,-82.0724,114.0761,85.1,5.4,9.5,0.84,2.89,1.53,0.051,8.3,43.7
PDS_M3_03265,-89.3095,-174.9784,76.8,16.1,7.1,0.41,3.02,0.68,0.068,6.3,43.6
PDS_M3_03266,-85.2574,56.5628,70.9,21.8,7.3,0.58,3.59,1.57,0.215,4.8,43.6
PDS_M3_03267,-84.3932,-48.5662,79.9,10.5,9.6,0.59,3.65,0.4,0.089,7.0,44.0
PDS_M3_03268,-83.7157,40.1381,75.6,15.9,8.5,0.61,3.58,1.29,0.081,7.5,43.2
PDS_M3_03269,-83.1137,70.5713,75.5,17.3,7.2,0.35,4.04,1.17,0.124,6.5,43.9
PDS_M3_03270,-87.4673,-56.7089,79.6,12.2,8.2,0.74,3.84,0.88,0.072,5.3,43.8
PDS_M3_03271,-89.9002,-141.1335,77.3,15.2,7.5,0.44,3.12,0.9,0.081,7.5,44.1
PDS_M3_03272,-82.7656,-154.9275,71.3,18.0,10.7,0.51,3.38,0.91,0.089,4.7,43.8
PDS_M3_03273,-84.6434,32.017,74.7,17.5,7.8,0.45,5.44,1.04,0.22,7.1,43.6
PDS_M3_03274,-81.6388,7.4359,78.6,13.8,7.6,0.43,3.91,1.7,0.138,2.9,44.1
PDS_M3_03275,-81.7861,87.1924,78.0,12.5,9.5,0.49,3.87,1.35,0.042,5.9,43.1
PDS_M3_03276,-81.5667,3.5048,77.0,13.9,9.1,0.27,2.98,1.53,0.132,5.1,43.5
PDS_M3_03277,-85.1491,-27.9195,79.7,11.0,9.3,0.15,3.83,1.0,0.082,4.2,43.4
PDS_M3_03278,-86.6637,-36.6886,74.6,16.7,8.7,0.42,4.97,1.17,0.056,7.4,43.4
PDS_M3_03279,-82.0844,-170.4791,76.7,14.4,8.9,0.32,4.68,0.78,0.155,3.2,43.5
PDS_M3_03280,-85.4871,-59.1994,62.5,27.4,10.1,0.53,4.85,1.02,0.059,7.5,42.7
PDS_M3_03281,-88.1656,171.3673,74.2,17.9,7.9,0.52,3.24,0.93,0.063,4.0,44.0
PDS_M3_03282,-81.4503,134.48,79.1,12.3,8.6,0.45,3.22,1.25,0.044,7.1,44.1
PDS_M3_03283,-81.1744,-61.4239,74.4,14.8,10.8,0.67,5.11,0.89,0.22,4.9,43.4
PDS_M3_03284,-85.3369,31.6063,74.1,18.1,7.8,0.45,4.86,0.85,0.135,3.5,42.7
PDS_M3_03285,-89.243,125.0268,71.8,20.0,8.2,0.23,3.99,1.22,0.05,5.3,43.3
PDS_M3_03286,-86.1217,-21.1412,80.0,12.2,7.8,0.42,4.88,1.08,0.08,6.5,43.8
PDS_M3_03287,-81.9646,-173.5352,78.2,14.7,7.1,0.63,3.24,0.89,0.065,4.7,44.3
PDS_M3_03288,-80.9823,-153.1762,79.3,12.6,8.1,0.17,3.2,0.85,0.042,6.1,43.5
PDS_M3_03289,-87.9653,3.7414,69.1,23.7,7.2,0.44,2.91,0.89,0.197,6.6,43.8
PDS_M3_03290,-89.3303,168.9982,75.4,17.0,7.6,0.54,4.49,1.34,0.15,7.6,43.4
PDS_M3_03291,-81.2265,69.5554,74.9,16.6,8.5,0.85,4.37,1.23,0.22,5.9,43.8
PDS_M3_03292,-86.106,-154.4702,74.9,18.0,7.1,0.63,3.78,0.87,0.057,7.2,43.9
PDS_M3_03293,-84.5824,-111.8301,73.5,16.5,10.0,0.47,3.58,0.89,0.112,6.8,43.8
PDS_M3_03294,-80.3193,97.6763,74.6,15.2,10.2,0.53,6.13,0.76,0.048,5.7,43.2
PDS_M3_03295,-89.3344,122.9183,79.4,12.0,8.6,0.17,3.99,0.98,0.074,7.2,43.6
PDS_M3_03296,-83.5168,42.3701,68.3,20.8,10.9,0.29,5.31,1.14,0.153,6.9,43.6
PDS_M3_03297,-89.2589,51.9923,83.1,7.2,9.7,0.55,4.08,0.84,0.04,5.6,43.3
PDS_M3_03298,-86.2453,-169.7985,77.9,12.1,10.0,0.47,3.8,1.76,0.079,6.7,44.0
PDS_M3_03299,-81.9619,118.2709,75.8,16.4,7.8,0.49,5.33,1.29,0.074,6.1,43.2
PDS_M3_03300,-85.6653,103.7791,79.6,10.1,10.3,0.46,4.83,1.09,0.11,6.5,43.2
PDS_M3_03301,-80.0282,-86.7473,70.2,19.0,10.8,0.45,4.18,1.13,0.056,8.1,43.2
PDS_M3_03302,-84.4094,75.1236,73.3,18.8,7.9,0.47,5.11,0.68,0.051,4.8,43.3
PDS_M3_03303,-86.7884,-102.6523,75.5,14.8,9.7,0.29,6.22,0.74,0.103,6.1,43.7
PDS_M3_03304,-87.7989,-165.4811,81.5,8.5,10.0,0.42,3.61,1.5,0.102,5.8,44.0
PDS_M3_03305,-86.4948,-107.5908,75.8,16.0,8.2,0.26,4.58,1.59,0.124,6.7,43.7
PDS_M3_03306,-86.2747,-115.6936,77.8,13.3,8.9,0.36,3.87,0.44,0.057,5.3,43.3
PDS_M3_03307,-89.3129,-58.4107,73.6,19.0,7.4,0.63,3.45,1.24,0.041,5.1,44.1
PDS_M3_03308,-86.3043,-29.3582,77.9,14.4,7.7,0.42,3.43,1.51,0.166,5.7,43.8
PDS_M3_03309,-85.3576,3.074,82.7,10.1,7.2,0.54,5.47,1.0,0.054,6.4,44.3
PDS_M3_03310,-82.7726,-8.3686,80.0,10.8,9.2,0.47,2.74,1.56,0.072,5.3,42.9
PDS_M3_03311,-83.4327,-82.5571,75.7,14.8,9.5,0.39,4.61,1.33,0.078,2.6,43.9
PDS_M3_03312,-82.9123,-169.4986,78.7,10.6,10.7,0.3,3.54,1.24,0.052,4.7,43.5
PDS_M3_03313,-89.9164,37.8366,78.3,12.5,9.2,0.39,5.62,1.03,0.084,7.5,44.0
PDS_M3_03314,-87.8233,-37.5319,78.0,14.0,8.0,0.48,3.98,1.13,0.187,7.7,44.4
PDS_M3_03315,-83.3832,-72.478,80.4,12.4,7.2,0.54,3.91,0.97,0.059,5.2,43.3
PDS_M3_03316,-85.1601,132.0988,80.4,9.1,10.5,0.47,5.46,1.19,0.084,8.0,44.2
PDS_M3_03317,-89.9469,88.8276,75.5,15.6,8.9,0.55,4.9,1.18,0.062,5.4,43.4
PDS_M3_03318,-81.9551,128.7956,78.6,11.5,9.9,0.22,4.64,0.97,0.22,4.0,43.0
PDS_M3_03319,-82.2719,-1.8062,74.5,18.4,7.1,0.58,4.84,0.52,0.055,5.4,44.0
PDS_M3_03320,-84.5158,-132.8647,72.3,18.7,9.0,0.28,3.33,1.04,0.047,6.7,44.3
PDS_M3_03321,-89.3354,70.6397,74.9,16.8,8.3,0.6,4.79,0.79,0.049,5.1,44.5
PDS_M3_03322,-82.3348,-105.8134,75.7,17.2,7.1,0.53,4.04,0.76,0.067,6.5,43.8
PDS_M3_03323,-84.1629,-21.1573,69.4,20.5,10.1,0.17,4.49,0.89,0.088,6.1,42.9
PDS_M3_03324,-82.1804,-156.5997,79.4,11.5,9.1,0.56,4.59,1.35,0.106,5.5,43.7
PDS_M3_03325,-82.4825,117.111,64.9,26.8,8.3,0.6,3.31,0.77,0.09,6.7,43.2
PDS_M3_03326,-81.97,-134.6614,86.9,5.0,8.1,0.64,4.68,0.83,0.182,7.3,44.5
PDS_M3_03327,-84.8199,145.1151,82.0,9.2,8.8,0.33,4.05,1.31,0.067,6.0,43.9
PDS_M3_03328,-88.5968,131.123,75.0,18.0,7.0,0.48,3.21,0.87,0.115,6.5,42.8
PDS_M3_03329,-83.2884,-12.7502,76.0,13.2,10.8,0.55,4.08,0.76,0.059,4.1,43.9
PDS_M3_03330,-83.7953,87.9726,77.2,14.8,8.0,0.56,4.22,1.34,0.109,7.5,43.7
PDS_M3_03331,-82.5775,43.0002,73.6,16.1,10.3,0.51,4.67,1.06,0.196,5.2,43.9
PDS_M3_03332,-88.3012,109.1072,76.8,12.9,10.3,0.39,2.29,1.12,0.22,4.8,43.8
PDS_M3_03333,-88.0502,-24.5502,75.4,17.0,7.6,0.6,4.51,1.03,0.118,6.9,43.9
PDS_M3_03334,-81.0959,102.8911,75.6,15.5,8.9,0.6,3.79,1.23,0.211,5.3,43.7
PDS_M3_03335,-82.5002,-13.5155,76.7,16.1,7.2,0.43,4.85,1.31,0.108,5.0,43.8
PDS_M3_03336,-80.9177,158.7477,70.7,20.9,8.4,0.33,4.2,1.06,0.22,5.4,43.1
PDS_M3_03337,-82.4128,-4.906,76.2,13.9,9.9,0.34,3.93,0.65,0.177,4.3,43.8
PDS_M3_03338,-84.0284,-13.4571,76.7,15.4,7.9,0.65,4.06,1.19,0.047,5.0,43.6
PDS_M3_03339,-83.4587,102.6259,76.5,16.0,7.5,0.59,4.47,1.0,0.079,7.0,43.9
PDS_M3_03340,-81.1087,115.768,75.1,15.9,9.0,0.45,4.93,1.36,0.066,7.2,43.2
PDS_M3_03341,-84.2119,19.6161,80.6,10.3,9.1,0.42,3.49,0.83,0.042,5.9,44.4
PDS_M3_03342,-83.6761,-115.2728,74.6,15.7,9.7,0.18,3.93,1.01,0.078,5.0,43.7
PDS_M3_03343,-88.4352,-11.607,76.9,13.1,10.0,0.44,5.38,0.66,0.05,6.3,44.0
PDS_M3_03344,-85.2608,168.5061,81.2,9.0,9.8,0.27,3.91,1.33,0.042,3.5,43.8
PDS_M3_03345,-82.836,91.075,75.7,13.9,10.4,0.47,4.49,1.47,0.075,7.2,43.9
PDS_M3_03346,-87.2906,112.0185,76.9,15.2,7.9,0.63,3.21,0.95,0.056,5.7,42.8
PDS_M3_03347,-87.9775,-168.1828,75.6,15.1,9.3,0.3,2.83,1.04,0.204,4.6,43.6
PDS_M3_03348,-86.8617,-11.5706,80.9,10.7,8.4,0.49,3.37,0.86,0.141,7.6,43.5
PDS_M3_03349,-87.585,52.7836,75.0,14.2,10.8,0.6,3.65,0.89,0.22,5.9,43.5
PDS_M3_03350,-87.8509,118.8118,81.1,10.1,8.8,0.48,5.03,1.31,0.168,5.3,44.2
PDS_M3_03351,-85.7515,-162.2615,75.6,13.6,10.8,0.37,5.12,0.95,0.118,8.3,43.0
PDS_M3_03352,-80.9216,126.878,72.6,17.3,10.1,0.45,2.66,1.24,0.095,5.2,43.8
PDS_M3_03353,-84.9294,17.4243,78.7,11.4,9.9,0.59,3.77,1.1,0.044,6.7,43.9
PDS_M3_03354,-88.1208,-108.967,74.8,16.2,9.0,0.49,4.76,1.33,0.059,6.6,44.1
PDS_M3_03355,-89.2303,-65.7881,78.5,12.7,8.8,0.45,4.12,0.98,0.114,4.8,42.9
PDS_M3_03356,-83.0384,-78.5054,65.1,25.8,9.1,0.62,5.4,1.43,0.071,5.6,43.5
PDS_M3_03357,-86.172,11.1093,76.0,15.8,8.2,0.53,4.74,1.66,0.064,5.5,43.8
PDS_M3_03358,-81.7817,-161.3932,74.2,15.2,10.6,0.27,3.99,0.59,0.047,3.7,43.6
PDS_M3_03359,-83.4049,-122.927,71.7,18.1,10.2,0.54,4.06,1.07,0.044,3.4,44.1
PDS_M3_03360,-82.0376,112.5695,73.8,16.0,10.2,0.59,4.15,1.07,0.054,3.2,42.7
PDS_M3_03361,-87.2805,-132.2626,73.7,17.6,8.7,0.26,3.52,0.89,0.148,5.3,43.6
PDS_M3_03362,-83.0764,-95.9773,75.8,16.9,7.3,0.11,4.95,1.22,0.105,4.6,44.1
PDS_M3_03363,-87.3594,-16.7866,70.5,19.8,9.7,0.29,4.79,1.44,0.065,4.7,42.8
PDS_M3_03364,-80.6093,6.1635,77.3,14.2,8.5,0.43,4.56,0.51,0.044,5.3,43.9
PDS_M3_03365,-83.6363,94.8998,81.5,8.0,10.5,0.6,4.39,0.49,0.053,5.8,44.0
PDS_M3_03366,-86.7549,-18.9603,77.1,12.8,10.1,0.32,3.39,1.6,0.076,5.4,42.8
PDS_M3_03367,-87.3049,104.3513,79.2,13.2,7.6,0.53,4.6,1.03,0.05,5.0,44.2
PDS_M3_03368,-88.0907,42.6047,80.4,10.2,9.4,0.1,4.3,1.13,0.126,8.1,43.5
PDS_M3_03369,-83.0536,-139.2841,80.9,9.3,9.8,0.48,5.8,0.78,0.133,5.6,44.5
PDS_M3_03370,-87.8128,-123.7207,83.5,7.2,9.3,0.39,3.17,1.11,0.049,7.0,44.2
PDS_M3_03371,-84.047,-22.6679,74.0,16.9,9.1,0.76,3.62,1.51,0.118,4.3,43.7
PDS_M3_03372,-87.3536,-37.1198,73.1,19.0,7.9,0.17,2.93,1.25,0.083,7.4,44.0
PDS_M3_03373,-83.3803,87.6759,79.1,13.0,7.9,0.45,4.03,1.16,0.22,5.1,44.1
PDS_M3_03374,-81.8506,29.0654,78.8,11.1,10.1,0.17,2.81,0.57,0.133,9.2,43.0
PDS_M3_03375,-82.2197,-40.2721,79.1,13.8,7.1,0.37,5.15,1.32,0.093,4.2,43.1
PDS_M3_03376,-82.3915,-118.5263,83.6,6.3,10.1,0.19,5.07,1.1,0.096,4.5,43.9
PDS_M3_03377,-88.1228,-98.3386,76.0,14.9,9.1,0.8,4.07,0.92,0.052,5.6,43.2
PDS_M3_03378,-89.1162,27.1804,77.7,11.6,10.7,0.4,3.39,1.29,0.174,5.4,44.4
PDS_M3_03379,-83.0105,-27.562,72.1,16.9,11.0,0.42,2.98,0.85,0.089,4.4,43.1
PDS_M3_03380,-86.3165,5.3739,84.5,5.8,9.7,0.44,3.64,1.27,0.091,7.6,44.0
PDS_M3_03381,-85.6765,-118.5561,74.7,16.7,8.6,0.28,4.7,1.47,0.091,7.4,43.8
PDS_M3_03382,-89.6885,58.6463,74.8,16.3,8.9,0.61,3.57,1.15,0.059,5.4,44.6
PDS_M3_03383,-87.4042,126.9139,74.6,17.6,7.8,0.55,5.73,0.97,0.14,7.0,44.1
PDS_M3_03384,-89.6632,-87.1418,73.4,19.2,7.4,0.59,5.39,0.93,0.159,7.5,43.3
PDS_M3_03385,-81.2081,-3.0549,73.1,17.6,9.3,0.27,4.2,1.21,0.06,5.8,43.8
PDS_M3_03386,-87.566,171.1898,73.9,15.9,10.2,0.62,3.83,0.97,0.075,5.0,43.9
PDS_M3_03387,-84.4266,-60.033,70.5,21.5,8.0,0.6,3.74,1.81,0.052,7.3,43.7
PDS_M3_03388,-89.6102,34.2167,72.9,18.4,8.7,0.42,5.48,0.68,0.056,7.2,43.2
PDS_M3_03389,-83.3315,-147.5295,83.8,7.0,9.2,0.58,3.67,1.06,0.065,4.3,44.7
PDS_M3_03390,-86.7697,38.1654,78.9,10.5,10.6,0.49,4.95,1.18,0.179,7.5,43.3
PDS_M3_03391,-81.0208,-147.7326,79.7,12.7,7.6,0.21,4.22,1.15,0.099,4.6,44.1
PDS_M3_03392,-81.1188,165.3248,80.7,11.4,7.9,0.42,4.77,0.93,0.093,6.3,43.5
PDS_M3_03393,-86.7471,77.6386,83.3,6.0,10.7,0.38,3.54,1.47,0.216,4.8,44.1
PDS_M3_03394,-80.9904,103.7375,68.9,23.9,7.2,0.46,3.93,1.3,0.134,6.0,43.3
PDS_M3_03395,-80.0384,73.4776,71.1,19.3,9.6,0.6,4.18,1.32,0.041,5.9,43.0
PDS_M3_03396,-81.7458,32.3025,72.8,17.6,9.6,0.2,3.69,0.9,0.048,8.5,42.6
PDS_M3_03397,-81.5513,-18.0314,74.1,17.4,8.5,0.38,5.2,0.98,0.057,3.9,43.9
PDS_M3_03398,-87.5099,129.0144,74.8,16.3,8.9,0.33,3.59,1.25,0.062,4.9,43.4
PDS_M3_03399,-84.233,164.4608,74.2,15.4,10.4,0.33,3.74,0.77,0.148,5.2,43.7
PDS_M3_03400,-89.3274,-0.347,76.9,15.4,7.7,0.33,5.29,1.3,0.128,6.2,44.4
PDS_M3_03401,-89.0508,155.3526,76.1,16.0,7.9,0.46,5.13,1.07,0.049,5.4,43.9
PDS_M3_03402,-80.0111,29.9998,73.1,17.9,9.0,0.53,5.47,1.42,0.086,3.2,42.4
PDS_M3_03403,-86.7336,13.8183,67.3,24.1,8.6,0.5,2.67,0.97,0.047,6.7,42.9
PDS_M3_03404,-82.5182,-16.3862,72.0,18.7,9.3,0.48,4.36,1.64,0.051,7.4,42.8
PDS_M3_03405,-81.9333,-104.6564,73.8,15.5,10.7,0.54,4.27,1.22,0.057,6.3,43.2
PDS_M3_03406,-81.4198,-178.6609,75.0,14.3,10.7,0.81,3.75,1.26,0.181,5.3,43.5
PDS_M3_03407,-80.0237,-93.0578,71.5,20.6,7.9,0.47,4.46,0.89,0.067,6.0,44.5
PDS_M3_03408,-87.585,3.5003,74.0,17.8,8.2,0.6,3.94,1.18,0.188,4.3,44.0
PDS_M3_03409,-89.5965,-43.2144,71.5,20.9,7.6,0.59,4.33,0.94,0.123,7.1,43.6
PDS_M3_03410,-85.8881,-18.5453,75.5,13.8,10.7,0.72,6.92,0.64,0.123,6.4,43.8
PDS_M3_03411,-88.6992,173.0334,71.7,19.7,8.6,0.53,4.45,1.04,0.138,5.2,43.7
PDS_M3_03412,-89.7757,-53.9019,72.6,18.6,8.8,0.32,4.49,1.45,0.046,5.9,42.8
PDS_M3_03413,-86.3957,-17.2141,70.8,19.0,10.2,0.5,4.86,1.08,0.141,7.0,42.9
PDS_M3_03414,-82.1626,-131.9344,75.4,15.5,9.1,0.49,4.34,1.01,0.057,7.2,43.8
PDS_M3_03415,-84.3382,-162.7352,72.5,20.0,7.5,0.57,3.32,1.01,0.22,5.7,43.5
PDS_M3_03416,-86.8722,99.1474,79.6,11.6,8.8,0.32,2.88,1.77,0.153,8.4,43.9
PDS_M3_03417,-83.4566,25.4459,77.6,12.9,9.5,0.64,4.18,1.28,0.22,7.4,44.4
PDS_M3_03418,-87.6798,93.8537,75.7,14.4,9.9,0.45,3.98,0.62,0.206,6.4,43.4
PDS_M3_03419,-89.8562,-126.0494,72.8,17.6,9.6,0.58,2.63,0.94,0.067,5.3,43.4
PDS_M3_03420,-82.3565,25.8584,77.5,15.0,7.5,0.5,5.5,0.98,0.211,5.4,43.8
PDS_M3_03421,-83.7626,-88.6887,78.8,13.0,8.2,0.47,4.29,0.88,0.064,6.0,43.1
PDS_M3_03422,-82.377,-97.8977,76.6,13.5,9.9,0.49,5.35,1.12,0.105,5.7,43.1
PDS_M3_03423,-89.6106,-175.8506,82.4,7.1,10.5,0.55,2.41,0.93,0.142,7.8,44.4
PDS_M3_03424,-81.6288,-133.0773,77.8,15.0,7.2,0.74,5.37,0.95,0.069,4.7,43.6
PDS_M3_03425,-83.8047,-68.6635,79.7,13.1,7.2,0.15,3.81,1.15,0.054,6.4,43.6
PDS_M3_03426,-84.366,-137.9236,76.5,13.9,9.6,0.53,5.21,0.64,0.175,3.4,43.8
PDS_M3_03427,-83.7539,174.909,78.7,12.1,9.2,0.46,4.37,0.45,0.047,6.3,43.1
PDS_M3_03428,-81.3557,-68.8922,72.8,19.6,7.6,0.42,4.56,1.47,0.067,6.8,43.4
PDS_M3_03429,-84.1306,-133.0834,74.2,16.6,9.2,0.1,4.56,1.35,0.087,7.5,43.4
PDS_M3_03430,-84.1905,-108.3304,77.4,11.7,10.9,0.54,3.86,1.21,0.138,5.1,43.9
PDS_M3_03431,-80.0932,31.5732,77.4,13.1,9.5,0.43,3.68,1.19,0.162,4.9,42.9
PDS_M3_03432,-82.4327,-156.9443,78.0,13.2,8.8,0.32,3.91,1.04,0.083,7.0,43.4
PDS_M3_03433,-85.5771,130.4763,80.4,9.3,10.3,0.46,3.02,2.0,0.091,7.2,43.6
PDS_M3_03434,-82.926,166.1399,70.3,21.8,7.9,0.41,3.82,1.16,0.155,5.5,43.3
PDS_M3_03435,-86.1077,-91.1709,72.1,19.2,8.7,0.19,3.64,1.88,0.078,3.4,43.9
PDS_M3_03436,-87.7112,-17.9657,76.9,14.0,9.1,0.46,3.0,1.72,0.089,4.5,43.4
PDS_M3_03437,-84.0315,-172.0316,73.1,17.9,9.0,0.54,4.57,1.24,0.041,5.7,44.8
PDS_M3_03438,-80.7182,50.6557,89.5,5.0,5.5,0.37,4.21,1.04,0.22,4.1,44.4
PDS_M3_03439,-80.7086,-30.9866,78.1,13.7,8.2,0.49,4.4,1.1,0.09,6.7,43.5
PDS_M3_03440,-86.5809,-82.779,75.7,17.1,7.2,0.47,4.76,0.98,0.118,4.9,43.9
PDS_M3_03441,-84.7232,-105.5386,73.9,15.4,10.7,0.61,4.01,1.24,0.057,5.7,43.9
PDS_M3_03442,-87.8836,55.4483,74.1,18.0,7.9,0.43,3.45,1.3,0.104,7.1,43.5
PDS_M3_03443,-80.0437,-30.1619,76.1,15.4,8.5,0.57,4.44,0.73,0.077,6.2,44.1
PDS_M3_03444,-80.1888,-115.3227,76.4,14.5,9.1,0.4,1.86,1.88,0.047,8.1,43.3
PDS_M3_03445,-83.5049,68.0793,74.2,14.9,10.9,0.75,4.11,0.87,0.146,7.5,43.8
PDS_M3_03446,-81.9559,23.426,74.9,16.0,9.1,0.38,4.81,0.4,0.15,4.6,43.6
PDS_M3_03447,-82.849,129.1219,81.4,9.8,8.8,0.35,5.04,1.08,0.044,6.5,44.0
PDS_M3_03448,-84.0684,-137.7087,81.5,9.2,9.3,0.43,3.78,0.76,0.07,6.0,43.9
PDS_M3_03449,-89.4665,102.84,77.0,12.1,10.9,0.34,2.41,1.08,0.06,7.2,43.7
PDS_M3_03450,-85.4524,62.466,70.6,19.1,10.3,0.26,2.09,1.12,0.084,6.4,44.3
PDS_M3_03451,-83.2521,-138.5961,78.2,14.1,7.7,0.56,4.71,1.23,0.08,5.2,43.5
PDS_M3_03452,-83.2247,70.1355,82.2,7.6,10.2,0.1,3.92,1.4,0.104,6.4,43.6
PDS_M3_03453,-86.2688,-21.043,81.5,8.1,10.4,0.34,5.81,0.8,0.057,5.4,43.8
PDS_M3_03454,-80.5831,160.1945,78.9,11.3,9.8,0.25,3.07,0.99,0.055,5.0,44.3
PDS_M3_03455,-88.3264,-129.0199,81.7,8.7,9.6,0.47,4.47,1.3,0.117,5.7,43.9
PDS_M3_03456,-84.9964,51.42,76.2,15.0,8.8,0.12,5.53,0.9,0.22,6.1,43.6
PDS_M3_03457,-83.0912,-42.4872,78.5,11.9,9.6,0.53,4.37,0.54,0.216,7.4,43.5
PDS_M3_03458,-83.0286,164.4533,73.3,16.7,10.0,0.55,2.93,1.29,0.134,5.2,43.4
PDS_M3_03459,-83.5136,-61.209,77.2,15.3,7.5,0.21,6.42,0.93,0.044,3.5,44.1
PDS_M3_03460,-87.2471,166.3869,81.3,10.7,8.0,0.48,5.46,0.91,0.056,5.6,43.8
PDS_M3_03461,-88.4379,144.5349,73.6,18.6,7.8,0.53,4.02,1.14,0.11,6.1,43.7
PDS_M3_03462,-83.6406,-82.662,72.6,17.0,10.4,0.59,4.86,1.1,0.061,6.0,43.3
PDS_M3_03463,-84.007,109.275,76.4,13.9,9.7,0.23,4.86,1.4,0.07,5.5,44.0
PDS_M3_03464,-88.2064,178.4175,75.1,16.1,8.8,0.21,4.71,0.73,0.22,6.9,44.1
PDS_M3_03465,-82.9486,-89.0413,78.6,11.1,10.3,0.68,3.09,1.78,0.045,6.2,43.4
PDS_M3_03466,-85.4483,-22.7602,74.2,15.9,9.9,0.33,4.46,0.68,0.159,6.5,43.2
PDS_M3_03467,-83.3224,7.2651,82.9,6.4,10.7,0.37,5.37,0.98,0.043,3.6,43.6
PDS_M3_03468,-81.6263,-73.8248,70.8,21.9,7.3,0.54,4.6,0.84,0.065,5.6,43.9
PDS_M3_03469,-88.3027,-174.5047,81.0,10.0,9.0,0.27,4.52,1.12,0.089,5.6,43.5
PDS_M3_03470,-89.8086,-100.7535,72.9,17.3,9.8,0.41,3.77,1.11,0.066,7.8,43.4
PDS_M3_03471,-82.209,-78.5027,68.8,23.4,7.8,0.58,3.48,1.15,0.22,5.7,43.0
PDS_M3_03472,-83.903,-20.3041,77.0,14.7,8.3,0.24,2.94,1.18,0.082,5.0,44.4
PDS_M3_03473,-83.0036,-118.4031,75.0,16.3,8.7,0.37,4.81,1.49,0.119,4.9,43.4
PDS_M3_03474,-81.6185,134.3716,71.6,18.2,10.2,0.28,4.02,1.15,0.113,7.0,44.2
PDS_M3_03475,-81.9719,73.768,69.3,21.7,9.0,0.33,3.13,1.52,0.148,5.1,43.4
PDS_M3_03476,-80.3908,-149.3278,76.0,15.0,9.0,0.63,4.98,0.57,0.16,4.8,43.5
PDS_M3_03477,-84.6406,54.0333,79.9,11.4,8.7,0.66,3.73,0.44,0.078,6.9,44.1
PDS_M3_03478,-85.115,55.3163,78.3,13.8,7.9,0.49,3.51,1.14,0.159,6.3,43.7
PDS_M3_03479,-85.9811,164.2396,76.2,13.1,10.7,0.53,3.8,1.2,0.104,5.5,44.2
PDS_M3_03480,-88.4631,-178.9125,77.9,13.8,8.3,0.53,4.05,0.94,0.11,4.2,43.6
PDS_M3_03481,-84.2739,-90.7443,75.9,14.8,9.3,0.35,4.57,1.1,0.051,6.5,43.5
PDS_M3_03482,-87.2299,154.0049,70.3,22.1,7.6,0.49,3.5,1.42,0.057,6.8,43.3
PDS_M3_03483,-80.7869,155.5682,70.3,21.0,8.7,0.26,5.01,1.3,0.11,4.7,44.0
PDS_M3_03484,-84.1681,79.4111,75.2,14.2,10.6,0.31,4.59,1.0,0.059,6.2,43.7
PDS_M3_03485,-84.0716,95.6748,75.4,13.6,11.0,0.44,3.79,1.16,0.08,5.7,43.3
PDS_M3_03486,-86.4508,-147.0661,79.4,12.2,8.4,0.29,4.07,1.33,0.08,4.7,43.2
PDS_M3_03487,-89.4801,4.9953,79.0,13.4,7.6,0.26,3.86,0.73,0.056,5.3,43.8
PDS_M3_03488,-89.6826,-96.6301,78.4,13.3,8.3,0.34,4.25,0.86,0.09,5.7,43.4
PDS_M3_03489,-85.7666,-114.7615,74.9,16.8,8.3,0.62,5.42,1.38,0.09,4.2,42.9
PDS_M3_03490,-89.1543,111.7092,70.5,19.9,9.6,0.68,3.85,0.58,0.048,6.5,43.9
PDS_M3_03491,-83.9315,-131.3863,77.6,13.4,9.0,0.45,4.35,0.77,0.069,4.9,43.2
PDS_M3_03492,-81.1903,-11.2854,78.1,11.8,10.1,0.54,3.64,0.74,0.067,5.0,43.0
PDS_M3_03493,-81.1709,157.8882,66.4,23.8,9.8,0.37,4.63,1.38,0.09,6.4,43.3
PDS_M3_03494,-83.4095,-113.1005,72.7,19.3,8.0,0.14,4.42,0.77,0.123,5.3,43.4
PDS_M3_03495,-87.8877,172.0776,73.2,16.7,10.1,0.32,5.26,1.34,0.041,5.5,43.2
PDS_M3_03496,-81.37,177.9437,76.5,13.1,10.4,0.4,3.54,0.99,0.049,5.7,43.8
PDS_M3_03497,-81.1391,20.0222,72.8,17.8,9.4,0.47,4.75,1.63,0.062,4.9,43.4
PDS_M3_03498,-88.0335,-118.7486,75.8,13.5,10.7,0.43,5.21,1.14,0.14,5.2,44.5
PDS_M3_03499,-82.6257,-66.2022,75.2,14.7,10.1,0.41,3.85,1.42,0.079,5.8,43.6
PDS_M3_03500,-87.1348,-27.1826,75.4,15.2,9.4,0.36,4.1,1.24,0.083,5.8,43.1
PDS_M3_03501,-81.9736,-68.6433,73.1,16.3,10.6,0.5,4.35,0.96,0.072,6.4,43.7
PDS_M3_03502,-80.0276,-78.9712,73.4,17.2,9.4,0.25,4.01,1.1,0.072,6.5,43.7
PDS_M3_03503,-89.6997,170.0027,71.7,19.2,9.1,0.57,4.34,1.1,0.22,7.3,43.4
PDS_M3_03504,-81.0263,-124.7887,77.5,14.1,8.4,0.36,4.74,0.96,0.177,4.0,43.0
PDS_M3_03505,-83.7737,83.998,78.3,11.2,10.5,0.76,4.11,1.37,0.118,6.9,44.4
PDS_M3_03506,-80.2662,-179.8523,72.9,19.6,7.5,0.4,4.1,1.85,0.064,5.4,43.0
PDS_M3_03507,-85.3499,34.6258,82.1,9.0,8.9,0.38,4.41,1.13,0.083,6.6,44.2
PDS_M3_03508,-81.5261,149.7395,74.7,16.2,9.1,0.37,3.88,1.31,0.11,6.2,44.1
PDS_M3_03509,-89.3761,-76.3437,82.1,8.7,9.2,0.38,3.92,1.26,0.07,5.1,43.7
PDS_M3_03510,-86.6472,-113.2106,73.4,17.0,9.6,0.54,3.48,0.4,0.085,7.6,43.9
PDS_M3_03511,-89.3298,54.6047,67.9,23.1,9.0,0.44,4.17,1.25,0.049,6.7,43.8
PDS_M3_03512,-80.2466,76.5365,77.6,14.4,8.0,0.6,4.56,1.23,0.046,6.3,43.3
PDS_M3_03513,-81.8303,67.691,77.0,12.6,10.4,0.52,3.98,0.73,0.051,8.4,44.3
PDS_M3_03514,-81.4745,-65.0459,76.1,14.3,9.6,0.45,3.58,0.56,0.125,4.6,43.8
PDS_M3_03515,-80.6203,-89.2071,73.4,16.2,10.4,0.51,4.12,1.23,0.053,5.8,42.7
PDS_M3_03516,-89.149,164.1308,75.9,16.0,8.1,0.63,4.52,1.59,0.195,6.5,43.7
PDS_M3_03517,-86.144,152.3878,74.0,16.5,9.5,0.55,4.3,0.99,0.068,4.5,43.4
PDS_M3_03518,-89.2897,-15.366,74.8,15.3,9.9,0.49,5.98,1.0,0.051,5.0,43.8
PDS_M3_03519,-87.8921,124.6298,79.4,12.1,8.5,0.51,3.67,1.79,0.145,7.0,43.5
PDS_M3_03520,-87.7063,-17.1635,76.7,13.1,10.2,0.28,4.08,1.37,0.077,5.2,43.4
PDS_M3_03521,-85.3089,-27.22,78.4,14.6,7.0,0.84,4.82,0.74,0.07,6.8,43.3
PDS_M3_03522,-87.3144,-123.5653,75.1,15.5,9.4,0.53,3.64,0.89,0.064,5.0,43.7
PDS_M3_03523,-88.9902,-26.4938,74.6,15.9,9.5,0.54,5.74,1.75,0.064,8.2,43.8
PDS_M3_03524,-88.3251,13.4701,71.4,19.5,9.1,0.45,4.2,0.9,0.105,3.0,43.5
PDS_M3_03525,-88.5272,-171.8984,74.5,16.0,9.5,0.11,4.65,0.94,0.087,7.0,43.5
PDS_M3_03526,-80.2692,-20.1193,62.7,29.6,7.7,0.41,4.22,1.3,0.078,6.1,43.2
PDS_M3_03527,-82.4071,101.2882,73.6,16.7,9.7,0.46,5.01,1.02,0.076,4.0,44.0
PDS_M3_03528,-80.3224,64.8166,75.7,16.0,8.3,0.33,3.35,1.23,0.049,5.5,43.2
PDS_M3_03529,-85.6026,48.6565,78.3,12.9,8.8,0.33,5.46,1.19,0.146,3.5,43.2
PDS_M3_03530,-87.2163,147.44,74.9,16.8,8.3,0.4,4.39,1.06,0.197,6.2,43.1
PDS_M3_03531,-82.0171,-173.5085,77.4,13.7,8.9,0.57,4.73,1.46,0.137,5.1,43.1
PDS_M3_03532,-86.7375,20.5371,67.3,23.2,9.5,0.64,3.61,0.72,0.076,3.5,42.9
PDS_M3_03533,-87.0062,103.4456,75.8,13.8,10.4,0.48,4.47,1.14,0.22,6.0,44.1
PDS_M3_03534,-87.6749,14.8807,69.3,21.8,8.9,0.36,3.43,0.93,0.098,6.0,42.7
PDS_M3_03535,-88.7032,-63.3976,71.2,20.5,8.3,0.4,5.14,1.59,0.129,8.3,43.4
PDS_M3_03536,-87.4354,-130.9498,75.3,15.7,9.0,0.46,3.17,1.05,0.121,6.8,43.9
PDS_M3_03537,-86.4468,139.5227,81.1,9.1,9.8,0.48,4.32,1.68,0.114,2.9,43.8
PDS_M3_03538,-83.2601,-10.5255,77.5,14.1,8.4,0.52,3.89,0.97,0.102,5.2,44.1
PDS_M3_03539,-89.3744,136.1215,76.1,15.2,8.7,0.38,2.95,1.13,0.054,7.1,43.4
PDS_M3_03540,-87.8949,30.9068,75.9,14.8,9.3,0.53,3.45,1.43,0.061,3.8,43.5
PDS_M3_03541,-81.9098,62.7092,73.1,18.7,8.2,0.52,4.56,0.81,0.171,4.9,43.4
PDS_M3_03542,-88.5308,109.534,73.8,18.4,7.8,0.39,3.48,1.55,0.052,5.8,43.8
PDS_M3_03543,-86.5735,57.296,77.7,14.7,7.6,0.19,3.66,1.11,0.05,5.2,44.8
PDS_M3_03544,-81.3534,-36.7003,70.5,21.1,8.4,0.32,4.5,1.22,0.06,7.7,43.5
PDS_M3_03545,-88.4507,4.908,78.4,14.4,7.2,0.69,4.93,1.26,0.067,6.0,43.6
PDS_M3_03546,-89.1726,109.0964,74.4,16.3,9.3,0.2,4.73,1.08,0.088,5.8,43.2
PDS_M3_03547,-85.1546,-45.4859,79.3,13.0,7.7,0.65,4.16,0.86,0.096,4.7,44.5
PDS_M3_03548,-86.9758,-40.2763,79.8,11.7,8.5,0.19,4.37,1.13,0.134,4.5,43.6
PDS_M3_03549,-84.3659,-145.5516,69.3,22.6,8.1,0.33,4.29,0.5,0.045,5.9,43.2
PDS_M3_03550,-81.962,149.2504,73.7,16.8,9.5,0.39,3.37,0.71,0.054,5.7,43.5
PDS_M3_03551,-88.6285,-147.2269,72.6,17.0,10.4,0.72,4.42,1.06,0.082,4.3,44.3
PDS_M3_03552,-84.193,53.3553,68.7,21.8,9.5,0.45,3.36,1.56,0.057,6.1,43.2
PDS_M3_03553,-84.9449,-31.25,71.9,18.9,9.2,0.42,4.69,1.56,0.164,5.9,43.5
PDS_M3_03554,-88.5592,-33.977,85.8,5.0,9.2,0.31,4.31,1.39,0.101,5.4,43.0
PDS_M3_03555,-83.76,64.6387,78.4,14.5,7.1,0.53,2.47,0.64,0.08,7.2,44.1
PDS_M3_03556,-87.2636,-155.8463,83.7,8.8,7.5,0.37,4.98,1.19,0.04,5.8,43.8
PDS_M3_03557,-85.1217,33.7341,79.3,13.3,7.4,0.42,3.78,0.84,0.157,5.5,44.1
PDS_M3_03558,-89.1773,97.9314,73.0,19.6,7.4,0.4,3.72,1.08,0.077,7.2,43.8
PDS_M3_03559,-85.4042,118.1566,74.5,17.5,8.0,0.56,4.96,1.39,0.085,5.6,43.7
PDS_M3_03560,-86.9354,-118.6091,78.4,12.5,9.1,0.56,4.07,1.3,0.112,5.3,43.6
PDS_M3_03561,-81.7762,143.0709,77.8,14.7,7.5,0.32,4.68,1.48,0.206,4.4,43.7
PDS_M3_03562,-89.4302,56.2126,73.7,15.6,10.7,0.36,3.68,0.68,0.05,5.9,43.0
PDS_M3_03563,-85.8139,137.4677,70.0,19.6,10.4,0.34,4.84,0.79,0.044,6.9,43.5
PDS_M3_03564,-85.4157,-5.2989,89.2,5.0,5.8,0.48,4.36,1.55,0.048,5.3,44.3
PDS_M3_03565,-82.7499,15.132,75.4,17.4,7.2,0.59,4.52,1.56,0.121,4.2,43.7
PDS_M3_03566,-84.2571,150.8538,74.7,14.9,10.4,0.48,4.06,1.1,0.048,7.0,43.6
PDS_M3_03567,-83.3279,143.9674,76.5,13.3,10.2,0.12,5.5,1.09,0.082,7.1,43.4
PDS_M3_03568,-82.2295,-18.6621,75.0,14.4,10.6,0.56,5.7,1.45,0.114,6.5,43.6
PDS_M3_03569,-81.378,-81.2115,76.5,14.4,9.1,0.25,2.44,1.26,0.115,5.9,43.2
PDS_M3_03570,-86.8612,-38.4586,81.1,8.7,10.2,0.34,4.94,1.28,0.071,6.3,43.6
PDS_M3_03571,-84.6198,-40.4048,75.5,17.3,7.2,0.48,3.34,0.82,0.112,3.9,44.5
PDS_M3_03572,-81.5989,-76.7279,71.3,21.4,7.3,0.44,4.61,1.44,0.22,5.1,43.5
PDS_M3_03573,-80.1055,-83.3113,75.4,17.1,7.5,0.58,2.78,1.04,0.042,6.6,43.8
PDS_M3_03574,-81.1048,129.9827,74.1,15.2,10.7,0.36,4.52,0.68,0.107,6.2,43.6
PDS_M3_03575,-86.2853,-154.8497,81.7,11.1,7.2,0.31,3.53,0.87,0.084,6.9,43.9
PDS_M3_03576,-88.0483,63.94,80.7,11.9,7.4,0.4,3.83,0.92,0.054,7.6,43.9
PDS_M3_03577,-85.1061,-117.7848,76.4,12.9,10.7,0.6,3.85,1.54,0.062,4.3,43.6
PDS_M3_03578,-82.5836,-55.9779,70.9,21.7,7.4,0.54,3.61,0.89,0.149,6.4,43.7
PDS_M3_03579,-85.0743,-157.8445,71.1,18.4,10.5,0.46,3.63,1.22,0.093,5.5,43.2
PDS_M3_03580,-85.1682,-82.8095,76.1,13.7,10.2,0.65,3.88,0.47,0.041,5.3,43.1
PDS_M3_03581,-81.6177,96.6316,77.3,15.5,7.2,0.62,4.08,1.38,0.22,8.8,43.8
PDS_M3_03582,-86.386,138.6055,74.5,18.4,7.1,0.57,4.46,0.86,0.106,3.9,44.1
PDS_M3_03583,-81.4021,-100.2502,74.1,16.8,9.1,0.27,5.69,1.22,0.075,5.6,43.3
PDS_M3_03584,-85.932,-13.1228,73.6,15.4,11.0,0.57,3.44,1.22,0.115,5.5,43.9
PDS_M3_03585,-86.7177,-10.6833,75.9,13.6,10.5,0.42,4.3,1.29,0.054,5.9,43.9
PDS_M3_03586,-85.4601,134.4871,66.5,25.3,8.2,0.39,4.82,1.2,0.058,3.4,44.0
PDS_M3_03587,-82.3755,94.6077,71.6,19.9,8.5,0.35,3.63,1.67,0.05,4.6,44.3
PDS_M3_03588,-88.74,4.7078,73.5,17.9,8.6,0.42,2.39,1.16,0.07,5.9,43.8
PDS_M3_03589,-88.0358,61.469,80.8,9.3,9.9,0.36,2.67,1.77,0.181,4.1,43.8
PDS_M3_03590,-80.4856,125.0478,72.7,18.9,8.4,0.48,2.42,1.29,0.07,6.9,42.9
PDS_M3_03591,-88.2451,-176.566,76.7,15.7,7.6,0.42,5.43,1.18,0.06,6.5,44.1
PDS_M3_03592,-84.3227,-34.9596,76.9,13.1,10.0,0.48,4.69,1.37,0.113,3.9,44.1
PDS_M3_03593,-84.2069,146.6075,81.2,10.0,8.8,0.53,4.8,1.16,0.162,5.5,43.7
PDS_M3_03594,-85.1038,86.5127,81.1,11.6,7.3,0.41,4.99,1.23,0.057,6.3,44.0
PDS_M3_03595,-83.5525,15.4229,75.8,14.0,10.2,0.34,3.74,1.2,0.139,4.1,43.2
PDS_M3_03596,-87.7017,10.672,74.1,16.6,9.3,0.15,6.04,1.17,0.062,3.9,43.4
PDS_M3_03597,-84.4734,-54.8028,73.3,17.7,9.0,0.57,4.47,1.74,0.057,4.7,43.0
PDS_M3_03598,-86.2783,7.3874,75.0,15.3,9.7,0.46,4.14,1.78,0.078,9.0,43.7
PDS_M3_03599,-83.3833,55.938,74.3,16.7,9.0,0.42,5.09,1.2,0.044,7.1,43.4
PDS_M3_03600,-88.5878,-29.3893,78.2,12.2,9.6,0.63,4.73,1.48,0.159,5.1,44.2
PDS_M3_03601,-84.2912,77.0951,77.7,11.8,10.5,0.26,5.27,1.46,0.164,4.2,43.8
PDS_M3_03602,-88.1473,130.0436,78.4,12.1,9.5,0.46,5.32,1.43,0.108,4.8,43.9
PDS_M3_03603,-87.2136,-124.3135,81.0,9.4,9.6,0.31,3.92,1.26,0.062,7.6,43.8
PDS_M3_03604,-87.8129,-17.4431,83.5,7.0,9.5,0.55,4.35,1.3,0.051,8.2,44.6
PDS_M3_03605,-88.1716,-33.1128,76.5,14.4,9.1,0.12,3.47,1.27,0.112,4.8,44.3
PDS_M3_03606,-81.7429,67.4873,80.4,11.9,7.7,0.57,2.9,0.88,0.047,6.2,43.7
PDS_M3_03607,-87.1429,-90.0477,74.6,17.1,8.3,0.56,4.87,1.08,0.072,5.5,43.7
PDS_M3_03608,-80.7288,50.4903,80.7,9.5,9.8,0.31,4.97,0.74,0.046,7.3,44.4
PDS_M3_03609,-80.3007,135.8961,80.2,11.1,8.7,0.46,2.61,1.27,0.073,4.5,43.3
PDS_M3_03610,-84.2874,-29.4726,80.0,11.4,8.6,0.31,3.63,1.23,0.049,7.0,43.9
PDS_M3_03611,-88.57,147.9657,76.4,13.6,10.0,0.51,4.24,1.31,0.042,4.2,43.5
PDS_M3_03612,-86.2545,177.5389,73.3,19.7,7.0,0.57,4.32,0.87,0.076,6.9,44.2
PDS_M3_03613,-82.0227,-141.8069,70.4,19.9,9.7,0.3,5.84,1.39,0.09,4.8,43.7
PDS_M3_03614,-86.3261,-96.1009,75.8,15.2,9.0,0.26,3.7,1.24,0.075,5.4,43.0
PDS_M3_03615,-89.1298,162.1367,82.1,9.4,8.5,0.61,4.06,1.77,0.052,5.0,43.7
PDS_M3_03616,-84.4322,164.998,74.8,16.8,8.4,0.74,4.72,1.34,0.045,8.2,44.2
PDS_M3_03617,-81.5488,-144.8254,79.1,13.2,7.7,0.52,3.92,0.92,0.048,7.0,44.1
PDS_M3_03618,-82.0407,-174.6005,79.4,12.3,8.3,0.54,3.8,0.69,0.118,5.3,43.4
PDS_M3_03619,-88.2488,-122.004,74.9,16.5,8.6,0.4,3.73,1.17,0.041,4.8,43.2
PDS_M3_03620,-83.2724,178.5646,81.3,10.0,8.7,0.48,4.39,0.79,0.159,7.4,43.9
PDS_M3_03621,-87.795,-115.2001,64.4,25.9,9.7,0.5,4.06,0.88,0.15,2.0,43.2
PDS_M3_03622,-87.8179,0.9171,71.1,20.1,8.8,0.42,4.75,0.81,0.167,6.4,43.4
PDS_M3_03623,-81.2593,125.4304,72.3,17.5,10.2,0.65,4.49,0.93,0.167,4.6,43.4
PDS_M3_03624,-87.5033,-172.6554,72.7,17.7,9.6,0.48,1.87,1.54,0.106,8.5,43.3
PDS_M3_03625,-87.3675,37.616,77.3,14.9,7.8,0.5,2.8,0.81,0.153,9.1,44.6
PDS_M3_03626,-89.9935,-80.2708,77.2,14.7,8.1,0.43,3.8,0.97,0.119,5.8,43.6
PDS_M3_03627,-81.2933,130.4406,77.6,15.1,7.3,0.44,4.98,0.67,0.061,5.4,43.5
PDS_M3_03628,-82.0741,-77.954,78.4,10.8,10.8,0.63,3.68,0.59,0.124,5.9,43.9
PDS_M3_03629,-83.7267,67.2321,72.2,17.3,10.5,0.47,4.5,1.02,0.097,5.1,43.5
PDS_M3_03630,-82.4973,62.7191,71.1,21.6,7.3,0.48,4.68,1.16,0.042,4.8,43.1
PDS_M3_03631,-88.4795,-100.2623,77.6,13.1,9.3,0.48,4.63,0.75,0.133,6.1,43.6
PDS_M3_03632,-85.4168,-167.4723,73.5,15.7,10.8,0.4,3.76,0.64,0.163,6.5,43.5
PDS_M3_03633,-86.4878,-32.6702,69.7,20.3,10.0,0.24,3.28,0.54,0.084,6.0,43.6
PDS_M3_03634,-89.0622,-75.8905,79.9,11.1,9.0,0.69,3.15,1.14,0.08,6.1,43.9
PDS_M3_03635,-85.1387,111.232,81.6,10.4,8.0,0.61,6.58,1.38,0.073,5.0,43.4
PDS_M3_03636,-80.7926,108.1311,82.2,9.7,8.1,0.64,4.56,0.67,0.116,4.7,44.1
PDS_M3_03637,-89.5994,-15.4714,76.7,13.4,9.9,0.29,5.67,0.91,0.055,4.7,44.0
PDS_M3_03638,-87.0854,38.3444,78.5,11.4,10.1,0.67,3.53,1.42,0.129,6.7,43.3
PDS_M3_03639,-87.9246,37.5334,81.5,9.4,9.1,0.75,5.2,1.04,0.061,5.9,43.5
PDS_M3_03640,-87.6185,117.7769,73.4,19.1,7.5,0.61,3.82,1.07,0.058,6.0,43.5
PDS_M3_03641,-80.9157,-26.9991,80.4,8.9,10.7,0.7,4.18,1.21,0.139,6.2,43.9
PDS_M3_03642,-85.3193,-80.8392,77.1,12.5,10.4,0.57,3.97,0.97,0.051,5.7,43.8
PDS_M3_03643,-85.337,-84.5874,79.7,12.7,7.6,0.32,3.5,0.87,0.159,5.9,43.8
PDS_M3_03644,-82.3942,13.0292,76.7,16.1,7.2,0.53,3.51,1.19,0.22,7.4,43.1
PDS_M3_03645,-88.4551,-18.3066,81.2,9.7,9.1,0.3,4.17,0.69,0.063,6.7,44.2
PDS_M3_03646,-85.1273,-21.5565,76.9,15.0,8.1,0.36,3.73,0.62,0.198,5.6,43.3
PDS_M3_03647,-85.7001,-147.1906,70.1,21.8,8.1,0.5,4.3,0.89,0.09,5.2,44.0
PDS_M3_03648,-84.0309,78.6973,81.8,10.9,7.3,0.48,3.53,1.31,0.058,7.0,44.3
PDS_M3_03649,-80.0044,-103.0548,72.2,17.0,10.8,0.52,4.77,1.45,0.076,6.2,43.1
PDS_M3_03650,-82.3055,-109.0967,81.0,8.7,10.3,0.18,3.83,0.96,0.137,5.4,44.0
PDS_M3_03651,-86.0213,-31.407,75.6,16.9,7.5,0.43,5.51,1.35,0.106,4.3,44.2
PDS_M3_03652,-81.7245,-97.9998,80.7,8.8,10.5,0.53,4.16,1.51,0.081,7.8,44.1
PDS_M3_03653,-88.2929,30.189,80.5,9.8,9.7,0.56,4.12,1.11,0.058,4.4,43.1
PDS_M3_03654,-89.6954,-46.2732,77.7,14.0,8.3,0.57,5.48,1.29,0.118,6.1,43.7
PDS_M3_03655,-87.9555,-18.3918,78.0,11.5,10.5,0.49,3.8,1.66,0.063,8.0,44.1
PDS_M3_03656,-86.5959,13.381,77.7,12.9,9.4,0.39,3.87,0.89,0.064,5.4,44.4
PDS_M3_03657,-84.8942,-106.7272,67.9,21.7,10.4,0.53,3.64,1.03,0.122,5.7,43.3
PDS_M3_03658,-83.8487,-123.9294,76.5,14.6,8.9,0.41,4.36,1.58,0.089,6.8,43.0
PDS_M3_03659,-80.8939,136.9519,71.5,19.5,9.0,0.59,3.61,0.82,0.052,4.4,44.4
PDS_M3_03660,-84.9015,-23.8595,76.7,15.1,8.2,0.51,4.82,1.15,0.11,3.8,43.6
PDS_M3_03661,-84.9872,-31.6463,71.4,20.0,8.6,0.44,4.16,0.91,0.058,5.4,44.1
PDS_M3_03662,-89.4976,-167.1796,71.3,19.4,9.3,0.33,4.87,1.51,0.126,5.9,43.4
PDS_M3_03663,-89.6509,-0.7285,82.4,6.8,10.8,0.62,4.78,0.74,0.079,5.9,44.1
PDS_M3_03664,-84.4884,19.5011,80.3,10.3,9.4,0.53,3.79,1.08,0.094,7.5,43.5
PDS_M3_03665,-85.6182,21.1827,76.0,16.4,7.6,0.77,3.61,0.79,0.095,4.7,43.4
PDS_M3_03666,-81.6082,74.5312,76.7,16.3,7.0,0.53,3.94,0.66,0.05,5.6,44.4
PDS_M3_03667,-88.3932,-116.1065,75.0,14.6,10.4,0.54,4.21,0.53,0.103,7.6,44.0
PDS_M3_03668,-89.7503,-89.1997,78.3,13.2,8.5,0.23,4.47,1.05,0.161,5.5,43.7
PDS_M3_03669,-85.5096,111.863,73.3,18.4,8.3,0.5,4.56,1.25,0.173,8.2,43.9
PDS_M3_03670,-87.6252,160.9814,80.0,9.8,10.2,0.4,4.17,1.11,0.11,5.5,43.5
PDS_M3_03671,-89.5039,-131.0642,75.0,14.2,10.8,0.57,3.66,1.17,0.22,5.0,43.6
PDS_M3_03672,-82.754,-0.8462,74.3,15.7,10.0,0.5,3.73,0.97,0.095,5.8,43.6
PDS_M3_03673,-88.8841,-102.8965,76.1,16.2,7.7,0.6,4.61,1.4,0.058,6.1,43.4
PDS_M3_03674,-83.9168,-158.3737,73.6,17.8,8.6,0.77,3.68,1.32,0.105,5.3,43.2
PDS_M3_03675,-87.1895,-62.8188,77.3,12.7,10.0,0.33,4.65,1.14,0.184,6.3,43.0
PDS_M3_03676,-88.265,-128.2725,73.9,15.5,10.6,0.59,4.67,1.16,0.067,5.6,43.2
PDS_M3_03677,-86.2025,75.5759,77.9,11.1,11.0,0.55,5.43,0.96,0.058,7.3,44.5
PDS_M3_03678,-81.9855,12.1411,80.9,10.1,9.0,0.75,3.82,1.68,0.22,6.4,43.1
PDS_M3_03679,-86.0791,-128.2196,73.1,16.6,10.3,0.56,3.94,1.34,0.127,5.8,43.5
PDS_M3_03680,-82.4923,-176.673,75.5,17.3,7.2,0.54,2.35,1.07,0.043,5.4,43.7
PDS_M3_03681,-88.7451,110.9365,77.8,14.1,8.1,0.58,3.45,1.05,0.089,6.8,43.6
PDS_M3_03682,-82.2723,-116.57,74.3,17.2,8.5,0.59,3.44,0.98,0.056,5.8,44.0
PDS_M3_03683,-87.6307,38.238,77.9,11.2,10.9,0.67,4.6,1.01,0.06,5.3,43.6
PDS_M3_03684,-83.2261,-58.7081,78.2,14.8,7.0,0.33,5.65,1.17,0.045,4.9,44.1
PDS_M3_03685,-84.3422,30.7749,80.3,11.5,8.2,0.39,4.66,0.59,0.056,6.6,44.0
PDS_M3_03686,-80.7086,-66.3647,73.6,15.7,10.7,0.71,4.99,1.03,0.082,5.2,43.0
PDS_M3_03687,-86.1268,-148.7018,72.2,19.6,8.2,0.16,3.63,1.06,0.045,5.4,44.0
PDS_M3_03688,-89.3383,-99.738,74.8,17.3,7.9,0.44,3.24,1.1,0.172,6.5,43.5
PDS_M3_03689,-89.8084,-112.2989,72.1,18.0,9.9,0.47,4.01,1.15,0.13,7.1,42.8
PDS_M3_03690,-81.7314,-25.913,78.3,11.7,10.0,0.42,3.7,1.11,0.069,6.5,43.9
PDS_M3_03691,-84.7526,56.9822,71.4,19.7,8.9,0.69,3.51,1.22,0.048,6.8,43.4
PDS_M3_03692,-82.2476,-85.0298,85.3,5.0,9.7,0.52,4.37,1.06,0.22,6.7,44.6
PDS_M3_03693,-87.6557,-175.6548,81.2,11.0,7.8,0.39,3.25,1.4,0.09,5.8,44.3
PDS_M3_03694,-86.5492,6.8175,76.1,13.2,10.7,0.35,4.86,1.3,0.073,6.3,43.3
PDS_M3_03695,-89.699,38.0734,79.5,10.5,10.0,0.49,3.88,1.77,0.053,8.0,44.2
PDS_M3_03696,-80.3851,166.6334,69.5,22.0,8.5,0.62,4.16,1.31,0.054,5.6,43.2
PDS_M3_03697,-83.3213,32.2095,86.1,5.0,8.9,0.47,4.28,0.88,0.135,4.5,43.4
PDS_M3_03698,-80.6679,-10.3779,73.6,18.9,7.5,0.43,3.83,1.05,0.084,2.8,43.3
PDS_M3_03699,-87.345,26.4246,75.5,17.0,7.5,0.35,5.21,0.95,0.22,8.1,43.1
PDS_M3_03700,-83.8854,154.0442,68.6,20.7,10.7,0.51,2.92,1.1,0.22,8.2,43.4
PDS_M3_03701,-83.215,118.2161,77.9,14.7,7.4,0.5,5.23,1.43,0.054,4.6,44.5
PDS_M3_03702,-86.8245,-63.7277,71.6,21.4,7.0,0.34,3.92,1.0,0.22,7.3,43.5
PDS_M3_03703,-81.5189,-94.5884,76.4,15.0,8.6,0.6,4.94,0.93,0.22,7.0,43.9
PDS_M3_03704,-80.5284,-85.4519,73.8,18.8,7.4,0.71,4.36,1.25,0.136,6.6,43.2
PDS_M3_03705,-81.1514,1.5916,71.7,17.8,10.5,0.46,4.88,0.86,0.07,6.4,43.3
PDS_M3_03706,-82.6093,87.8578,72.8,16.5,10.7,0.5,4.11,0.84,0.055,4.9,43.8
PDS_M3_03707,-87.2254,1.1589,76.9,14.2,8.9,0.28,4.39,1.21,0.047,6.0,43.7
PDS_M3_03708,-87.1838,-155.5933,70.9,20.4,8.7,0.56,5.08,0.56,0.043,6.2,43.2
PDS_M3_03709,-80.3664,80.4891,73.0,17.8,9.2,0.52,4.28,0.96,0.143,5.9,44.0
PDS_M3_03710,-89.8972,110.1492,78.7,13.4,7.9,0.4,5.26,1.36,0.215,5.7,43.8
PDS_M3_03711,-82.8395,-75.7808,86.4,5.4,8.2,0.34,4.48,0.55,0.129,7.4,44.8
PDS_M3_03712,-82.9375,59.0853,77.9,14.7,7.4,0.73,3.61,0.57,0.125,7.0,44.0
PDS_M3_03713,-83.7731,-26.4269,72.3,18.9,8.8,0.51,3.92,0.67,0.072,6.8,43.1
PDS_M3_03714,-80.0989,140.083,74.5,16.1,9.4,0.31,4.91,0.4,0.101,6.9,43.7
PDS_M3_03715,-86.8812,124.2812,76.1,13.2,10.7,0.58,3.21,1.67,0.107,6.1,43.2
PDS_M3_03716,-86.6003,9.1555,74.6,15.4,10.0,0.48,4.83,1.14,0.058,7.2,44.4
PDS_M3_03717,-89.2106,68.942,79.6,10.5,9.9,0.46,3.91,0.9,0.121,4.4,43.4
PDS_M3_03718,-85.572,138.0059,76.9,14.9,8.2,0.6,3.17,0.71,0.049,5.9,44.1
PDS_M3_03719,-87.3895,-1.5419,79.6,9.8,10.6,0.1,4.37,1.76,0.061,6.6,44.2
PDS_M3_03720,-86.5661,-67.2297,74.7,14.5,10.8,0.18,3.64,1.3,0.093,6.5,43.3
PDS_M3_03721,-81.6543,91.3198,81.3,8.0,10.7,0.66,3.74,1.06,0.087,6.2,44.0
PDS_M3_03722,-80.6452,-100.7761,75.3,17.5,7.2,0.43,3.7,1.47,0.113,6.9,43.7
PDS_M3_03723,-88.1427,-40.1288,72.1,18.5,9.4,0.39,4.29,1.22,0.092,7.5,43.9
PDS_M3_03724,-86.2749,131.6618,84.7,5.7,9.6,0.25,3.89,0.95,0.043,4.5,44.0
PDS_M3_03725,-80.7137,80.792,68.7,23.1,8.2,0.48,4.51,0.92,0.22,6.2,43.1
PDS_M3_03726,-89.3819,-34.628,73.0,16.0,11.0,0.5,5.01,0.92,0.127,4.9,43.8
PDS_M3_03727,-89.0764,-102.692,73.5,18.3,8.2,0.67,4.63,0.8,0.167,7.1,43.8
PDS_M3_03728,-88.3721,-51.8514,86.0,6.1,7.9,0.51,5.64,1.43,0.138,6.7,43.6
PDS_M3_03729,-84.0479,-77.7225,83.2,7.9,8.9,0.4,5.84,0.94,0.054,4.6,43.0
PDS_M3_03730,-88.4953,-116.6079,82.0,9.7,8.3,0.51,3.97,1.51,0.202,5.8,44.1
PDS_M3_03731,-80.3192,87.5998,74.7,14.6,10.7,0.62,3.28,0.85,0.22,4.0,43.8
PDS_M3_03732,-85.5329,-89.2548,85.7,5.5,8.8,0.58,3.97,0.92,0.045,6.9,44.2
PDS_M3_03733,-84.9848,-16.4997,77.5,13.9,8.6,0.54,4.29,0.96,0.05,5.2,44.2
PDS_M3_03734,-87.5334,-41.0906,79.9,10.6,9.5,0.49,5.98,0.83,0.22,4.4,44.1
PDS_M3_03735,-85.2904,173.5479,76.7,16.0,7.3,0.36,3.9,0.92,0.061,5.4,44.2
PDS_M3_03736,-83.3809,-39.2068,75.8,14.2,10.0,0.3,4.42,1.27,0.143,6.5,44.0
PDS_M3_03737,-82.4882,-151.2063,75.0,14.9,10.1,0.27,3.66,1.46,0.045,6.1,43.7
PDS_M3_03738,-82.4613,-147.6627,75.2,15.9,8.9,0.51,3.92,1.19,0.119,5.2,43.1
PDS_M3_03739,-84.2211,32.6713,78.4,10.8,10.8,0.52,3.23,0.74,0.113,5.7,44.4
PDS_M3_03740,-80.9564,35.7709,77.5,13.2,9.3,0.61,3.03,0.92,0.206,5.4,43.6
PDS_M3_03741,-81.8259,-29.2468,75.9,14.3,9.8,0.53,5.29,0.93,0.118,4.7,43.4
PDS_M3_03742,-82.4295,-24.5363,82.0,7.3,10.7,0.61,5.05,1.61,0.043,3.6,44.1
PDS_M3_03743,-89.4439,-160.5843,64.1,26.2,9.7,0.43,3.9,1.4,0.076,5.8,42.5
PDS_M3_03744,-89.9312,5.9567,78.0,13.3,8.7,0.57,5.05,1.46,0.066,6.5,43.4
PDS_M3_03745,-87.8755,1.7062,78.9,14.0,7.1,0.3,3.15,0.89,0.091,5.8,43.5
PDS_M3_03746,-83.3648,-126.1622,80.6,9.5,9.9,0.44,4.06,0.72,0.074,8.3,43.6
PDS_M3_03747,-85.888,-142.6178,75.7,13.4,10.9,0.18,4.34,1.27,0.06,5.1,44.4
PDS_M3_03748,-85.9759,-135.5139,76.8,14.3,8.9,0.45,5.21,0.96,0.105,5.7,43.7
PDS_M3_03749,-81.1541,-143.6298,79.9,11.7,8.4,0.63,4.36,1.19,0.062,6.4,43.5
PDS_M3_03750,63.2901,39.495,63.3,27.6,9.1,0.46,4.64,1.22,0.013,6.3,43.2
PDS_M3_03751,65.468,-109.2662,62.7,27.4,9.9,0.56,3.82,0.98,0.009,5.5,43.5
PDS_M3_03752,-29.7795,-89.4851,69.1,23.9,7.0,0.49,4.41,1.4,0.019,5.7,42.7
PDS_M3_03753,30.5689,-117.514,66.7,22.8,10.5,0.36,5.21,0.66,0.015,5.7,43.4
PDS_M3_03754,-36.5387,164.8207,57.4,32.1,10.5,0.42,2.91,1.13,0.02,6.6,42.8
PDS_M3_03755,-49.5024,127.6623,61.8,29.0,9.2,0.63,5.11,1.3,0.009,5.0,43.3
PDS_M3_03756,-50.4588,-97.0219,66.1,26.4,7.5,0.56,4.03,1.61,0.016,2.9,42.9
PDS_M3_03757,-25.2628,-62.0761,26.0,47.8,20.0,6.53,17.0,2.06,0.028,5.4,41.8
PDS_M3_03758,-11.2068,-104.4386,67.9,24.5,7.6,0.24,3.99,1.48,0.011,7.8,43.3
PDS_M3_03759,52.9519,-2.9247,67.6,23.4,9.0,0.48,5.23,1.46,0.012,6.8,42.9
PDS_M3_03760,-60.8174,-172.9402,62.1,30.5,7.4,0.36,3.81,1.8,0.012,3.9,43.9
PDS_M3_03761,37.5881,61.6925,68.1,22.5,9.4,0.42,4.44,1.2,0.009,6.6,43.5
PDS_M3_03762,5.0328,8.3369,25.2,49.4,20.0,2.37,13.5,3.01,0.025,6.1,42.3
PDS_M3_03763,-33.9287,143.51,68.9,20.8,10.3,0.61,2.74,1.34,0.002,5.4,43.3
PDS_M3_03764,-1.1489,-120.8186,59.0,30.8,10.2,0.44,3.34,0.64,0.008,4.5,43.2
PDS_M3_03765,-32.0093,109.4793,60.5,28.5,11.0,0.46,5.01,1.11,0.018,4.8,42.6
PDS_M3_03766,15.3731,105.106,71.5,20.5,8.0,0.33,4.16,0.83,0.011,5.1,43.2
PDS_M3_03767,-10.585,-134.2148,66.7,26.1,7.2,0.41,5.08,1.56,0.015,8.0,43.0
PDS_M3_03768,-53.6951,-36.5187,67.6,23.6,8.8,0.47,5.13,1.15,0.015,6.6,43.5
PDS_M3_03769,-61.3467,-118.745,64.3,28.4,7.3,0.36,3.59,0.7,0.018,4.9,43.9
PDS_M3_03770,7.4713,-88.3006,71.0,21.3,7.7,0.42,5.45,1.36,0.015,5.1,43.8
PDS_M3_03771,64.3861,-85.2314,66.2,24.4,9.4,0.66,3.76,1.5,0.013,5.8,44.0
PDS_M3_03772,-24.9668,20.2451,25.2,57.7,17.1,6.1,20.07,5.41,0.016,5.3,42.2
PDS_M3_03773,37.28,-31.8921,22.8,55.3,20.0,2.48,15.38,2.82,0.014,5.8,42.0
PDS_M3_03774,25.3858,161.1838,73.5,17.7,8.8,0.33,4.25,1.16,0.025,5.6,43.2
PDS_M3_03775,69.0488,-134.5067,66.7,24.2,9.1,0.65,4.25,0.56,0.012,5.9,43.5
PDS_M3_03776,51.357,170.5292,71.6,20.3,8.1,0.42,4.46,1.31,0.018,3.4,43.3
PDS_M3_03777,10.6568,-96.9701,60.8,28.7,10.5,0.29,4.29,1.61,0.02,6.8,43.5
PDS_M3_03778,25.1249,98.2346,78.4,14.0,7.6,0.42,3.89,0.9,0.007,5.1,43.2
PDS_M3_03779,63.7418,-57.9708,75.7,16.3,8.0,0.5,3.82,1.65,0.008,6.9,43.6
PDS_M3_03780,-16.077,-128.4907,56.5,35.9,7.6,0.87,3.89,1.4,0.027,8.4,43.0
PDS_M3_03781,-27.7128,128.8401,63.2,29.3,7.5,0.13,5.17,1.08,0.011,4.1,43.9
PDS_M3_03782,-78.2702,-68.8101,70.9,18.6,10.5,0.27,2.93,1.29,0.015,5.9,43.1
PDS_M3_03783,52.2482,57.1879,60.1,31.8,8.1,0.65,3.8,1.58,0.014,5.3,43.6
PDS_M3_03784,48.1569,23.9197,67.2,22.9,9.9,0.22,3.94,1.14,0.015,6.3,43.7
PDS_M3_03785,-63.2873,-10.1677,70.6,20.7,8.7,0.45,4.02,1.22,0.013,3.3,43.4
PDS_M3_03786,12.2972,-1.505,21.4,47.4,20.0,5.73,17.01,7.22,0.016,5.4,41.9
PDS_M3_03787,-5.7629,83.6056,71.2,18.1,10.7,0.35,3.12,1.06,0.01,4.8,43.4
PDS_M3_03788,-61.0065,-148.4018,63.8,25.8,10.4,0.42,5.02,1.31,0.014,7.8,43.2
PDS_M3_03789,76.8909,60.545,54.5,38.2,7.3,0.4,4.91,1.05,0.003,8.0,43.2
PDS_M3_03790,-45.6487,142.4924,73.9,15.7,10.4,0.61,4.74,0.95,0.014,5.5,44.6
PDS_M3_03791,-69.2425,-159.1962,73.9,17.3,8.8,0.65,4.03,1.45,0.017,4.4,44.0
PDS_M3_03792,15.1756,-129.3648,83.0,8.6,8.4,0.51,3.61,1.24,0.021,4.8,44.0
PDS_M3_03793,38.2187,77.9875,54.8,35.5,9.7,0.41,3.94,0.96,0.022,5.8,43.5
PDS_M3_03794,-74.809,-22.5786,72.5,16.7,10.8,0.49,4.25,1.63,0.013,4.1,43.0
PDS_M3_03795,25.3948,-34.7225,29.3,56.2,14.5,5.98,13.69,5.81,0.02,6.4,41.9
PDS_M3_03796,5.1667,-130.692,78.5,11.4,10.1,0.6,4.13,1.4,0.008,5.6,43.8
PDS_M3_03797,-63.4776,2.4372,70.9,21.3,7.8,0.51,4.49,0.74,0.012,6.2,43.1
PDS_M3_03798,-52.3962,-134.4437,62.3,29.2,8.5,0.68,3.85,1.22,0.025,6.3,43.0
PDS_M3_03799,10.8759,-8.4166,28.8,54.0,17.2,7.28,13.22,6.65,0.016,7.5,41.3
PDS_M3_03800,-32.5828,94.9015,64.7,26.1,9.2,0.62,4.0,0.62,0.016,6.6,42.8
PDS_M3_03801,70.1305,-87.0248,69.8,22.9,7.3,0.56,4.41,1.46,0.014,6.2,43.3
PDS_M3_03802,50.9984,-6.917,69.2,21.8,9.0,0.36,2.79,1.16,0.026,6.1,43.0
PDS_M3_03803,77.3708,177.1257,78.5,11.3,10.2,0.48,4.59,1.44,0.018,3.4,43.9
PDS_M3_03804,-38.4527,67.1942,78.9,12.0,9.1,0.5,4.63,1.01,0.024,6.0,43.9
PDS_M3_03805,75.1558,122.8884,64.4,27.9,7.7,0.43,4.62,1.25,0.011,6.5,43.4
PDS_M3_03806,-11.0026,-30.6549,29.3,52.9,17.8,1.79,17.86,6.2,0.009,5.7,41.8
PDS_M3_03807,-24.397,96.4299,70.1,19.2,10.7,0.22,3.63,1.16,0.01,7.8,43.9
PDS_M3_03808,-71.9441,-165.4167,59.5,30.9,9.6,0.35,3.51,1.25,0.019,4.0,43.3
PDS_M3_03809,-71.5576,-135.752,63.8,26.3,9.9,0.41,4.46,1.06,0.025,4.9,43.3
PDS_M3_03810,30.7218,-106.8946,82.0,7.9,10.1,0.36,4.73,0.75,0.019,5.0,44.0
PDS_M3_03811,-6.7314,-35.2973,23.3,55.8,20.0,1.42,15.91,3.92,0.02,5.8,41.7
PDS_M3_03812,-43.7565,124.4682,74.0,16.7,9.3,0.61,5.25,0.91,0.016,5.0,44.1
PDS_M3_03813,18.2352,-55.3442,20.0,49.5,20.0,6.86,19.68,3.66,0.007,4.3,42.2
PDS_M3_03814,-39.5427,55.6636,19.6,43.9,20.0,4.0,14.0,6.1,0.027,5.4,41.5
PDS_M3_03815,12.4211,75.3531,68.2,24.0,7.8,0.48,4.5,1.42,0.019,7.0,43.5
PDS_M3_03816,-22.5266,31.0256,28.0,47.6,20.0,7.62,18.5,3.05,0.018,6.7,41.8
PDS_M3_03817,51.7684,-51.3929,59.0,33.4,7.6,0.42,3.78,1.24,0.02,5.0,44.1
PDS_M3_03818,51.3114,27.7392,62.0,29.8,8.2,0.35,3.2,1.05,0.005,5.4,43.1
PDS_M3_03819,-3.6239,-56.7844,27.3,43.3,20.0,5.78,19.27,2.1,0.012,4.9,42.4
PDS_M3_03820,-23.8689,-149.8055,65.7,27.1,7.2,0.64,4.61,1.45,0.019,4.3,44.4
PDS_M3_03821,-21.9904,177.4094,68.2,23.0,8.8,0.44,4.8,1.03,0.014,6.3,43.5
PDS_M3_03822,48.9143,-134.2143,69.4,20.5,10.1,0.52,4.84,1.13,0.015,4.3,42.7
PDS_M3_03823,-27.4913,-153.9546,69.9,23.0,7.1,0.49,4.39,0.86,0.023,6.6,44.1
PDS_M3_03824,-46.5505,136.2711,74.9,17.6,7.5,0.44,4.62,1.19,0.016,8.0,43.4
PDS_M3_03825,-66.4499,-71.3395,61.4,28.7,9.9,0.44,2.93,0.48,0.029,6.3,42.9
PDS_M3_03826,-5.3291,54.1069,21.9,53.8,20.0,6.03,19.2,4.08,0.015,6.5,42.5
PDS_M3_03827,-2.8589,-61.5579,22.1,52.2,20.0,6.33,15.95,4.55,0.02,6.5,41.3
PDS_M3_03828,54.5454,-39.0765,73.9,18.2,7.9,0.55,4.68,1.07,0.018,5.2,44.2
PDS_M3_03829,-44.6018,-85.6393,59.5,30.3,10.2,0.49,3.84,0.86,0.012,6.2,43.0
PDS_M3_03830,-19.0414,-56.5042,22.3,51.3,20.0,5.32,15.87,4.76,0.009,6.2,41.0
PDS_M3_03831,49.3449,-32.1479,78.3,12.3,9.4,0.56,3.65,0.9,0.015,5.0,44.1
PDS_M3_03832,51.7798,79.3498,67.4,25.2,7.4,0.48,3.45,0.96,0.027,2.8,42.5
PDS_M3_03833,-18.4622,4.153,19.8,49.2,20.0,6.99,15.13,5.13,0.013,4.5,41.7
PDS_M3_03834,-6.5402,159.6835,72.7,17.2,10.1,0.56,5.98,0.91,0.018,4.7,42.9
PDS_M3_03835,-31.4743,-164.9231,61.8,30.3,7.9,0.47,5.19,0.85,0.013,6.4,43.0
PDS_M3_03836,69.2088,1.1046,79.0,13.6,7.4,0.41,2.62,0.74,0.016,4.0,44.0
PDS_M3_03837,-61.017,30.3209,71.0,19.6,9.4,0.52,2.66,1.44,0.022,8.0,43.7
PDS_M3_03838,69.3999,151.2709,71.1,19.7,9.2,0.44,3.56,1.03,0.016,7.8,43.6
PDS_M3_03839,29.4186,-162.3029,58.0,32.6,9.4,0.41,3.01,1.18,0.011,7.1,43.4
PDS_M3_03840,5.0515,26.4599,25.3,54.0,20.0,7.59,17.54,3.5,0.025,5.2,41.9
PDS_M3_03841,-74.7746,127.3068,71.0,20.0,9.0,0.48,3.56,0.57,0.011,3.3,43.4
PDS_M3_03842,-3.9046,-92.906,77.7,13.3,9.0,0.28,4.49,0.83,0.019,6.8,43.8
PDS_M3_03843,-14.7603,135.4652,66.1,23.2,10.7,0.5,3.8,1.59,0.006,4.9,43.0
PDS_M3_03844,-54.205,-173.1444,62.1,28.8,9.1,0.73,3.27,0.77,0.023,6.7,43.5
PDS_M3_03845,25.0255,83.6837,63.9,26.6,9.5,0.3,5.04,0.91,0.031,6.5,43.3
PDS_M3_03846,75.3841,155.9208,65.0,26.9,8.1,0.37,4.72,1.1,0.015,5.3,43.6
PDS_M3_03847,9.9502,56.5912,32.8,52.3,14.9,9.43,11.48,4.02,0.009,4.3,42.1
PDS_M3_03848,34.3605,-21.9495,23.3,46.5,20.0,3.72,12.29,4.56,0.02,6.0,42.0
PDS_M3_03849,-69.0479,-163.8428,76.0,14.8,9.2,0.64,4.39,0.85,0.016,3.9,43.9
PDS_M3_03850,-13.1733,151.241,66.8,24.7,8.5,0.42,3.83,0.77,0.028,6.1,42.5
PDS_M3_03851,-61.3826,-10.6934,65.6,25.0,9.4,0.46,5.73,1.92,0.011,6.4,42.7
PDS_M3_03852,18.0473,-169.5612,57.1,34.5,8.4,0.43,4.52,0.82,0.007,5.0,42.8
PDS_M3_03853,70.1571,68.3356,72.2,17.9,9.9,0.51,5.5,1.34,0.017,4.0,43.5
PDS_M3_03854,25.8844,-6.5386,28.8,58.8,12.4,5.63,17.68,2.93,0.018,7.8,42.5
PDS_M3_03855,-67.7115,-135.2357,64.2,27.2,8.6,0.48,1.79,0.64,0.01,5.2,43.4
PDS_M3_03856,-23.2534,-102.8621,67.3,22.4,10.3,0.39,2.95,1.07,0.021,5.6,43.6
PDS_M3_03857,8.1061,-156.7834,70.6,21.4,8.0,0.17,5.07,0.7,0.015,7.1,44.1
PDS_M3_03858,-15.4868,26.7457,26.6,59.6,13.8,3.09,18.11,1.2,0.013,5.1,42.5
PDS_M3_03859,53.383,43.9306,69.2,21.8,9.0,0.13,4.4,0.86,0.018,4.9,43.0
PDS_M3_03860,50.3474,2.0672,69.2,19.9,10.9,0.77,5.11,1.48,0.013,8.2,43.9
PDS_M3_03861,17.893,114.1568,69.1,23.6,7.3,0.54,4.34,0.64,0.011,4.9,43.5
PDS_M3_03862,-20.2467,129.9632,59.4,33.3,7.3,0.25,3.51,1.3,0.005,7.3,42.9
PDS_M3_03863,-39.1462,41.6248,21.9,47.3,20.0,9.95,17.78,3.83,0.011,6.0,41.6
PDS_M3_03864,-63.0601,-175.4077,63.2,28.8,8.0,0.34,4.29,1.03,0.03,6.0,43.0
PDS_M3_03865,-23.2164,70.2827,74.1,17.3,8.6,0.34,3.87,0.87,0.015,5.2,43.6
PDS_M3_03866,-13.8924,-29.5203,18.8,52.8,20.0,3.44,19.03,4.76,0.009,5.6,41.6
PDS_M3_03867,28.1317,23.6007,21.2,52.4,20.0,9.08,12.9,4.43,0.023,7.9,42.2
PDS_M3_03868,25.3056,53.669,20.9,43.8,20.0,3.07,18.48,4.8,0.015,6.8,42.5
PDS_M3_03869,-68.7827,-53.9148,67.2,23.8,9.0,0.57,3.05,1.02,0.017,4.2,43.2
PDS_M3_03870,-16.7585,150.1555,78.2,11.2,10.6,0.63,3.47,0.76,0.017,4.6,43.2
PDS_M3_03871,-50.9154,-131.769,67.1,22.0,10.9,0.26,3.63,1.36,0.024,6.3,43.6
PDS_M3_03872,-54.91,61.7443,63.3,27.8,8.9,0.49,2.71,1.1,0.007,6.6,43.6
PDS_M3_03873,52.3683,-178.4306,68.2,22.5,9.3,0.17,4.3,0.92,0.024,6.7,43.5
PDS_M3_03874,-73.2936,152.8744,78.5,11.5,10.0,0.49,4.39,0.8,0.019,5.7,43.1
PDS_M3_03875,-12.9307,-139.4985,65.0,26.7,8.3,0.77,3.76,1.38,0.015,4.8,43.0
PDS_M3_03876,-53.0874,-145.8417,60.9,31.2,7.9,0.18,3.11,1.52,0.01,4.8,43.2
PDS_M3_03877,60.6928,-60.1173,65.0,24.1,10.9,0.3,4.53,1.27,0.014,3.0,43.0
PDS_M3_03878,9.1265,-45.5161,24.3,55.4,20.0,5.17,14.83,4.51,0.015,7.8,41.5
PDS_M3_03879,-42.9791,-102.852,72.1,20.9,7.0,0.58,4.28,1.45,0.026,2.6,44.4
PDS_M3_03880,0.3884,30.6438,29.2,54.9,15.9,2.33,12.94,3.83,0.024,5.5,41.6
PDS_M3_03881,37.0378,-20.5509,24.7,56.0,19.3,4.66,17.79,3.97,0.013,3.7,42.3
PDS_M3_03882,73.2989,-167.6968,62.3,30.0,7.7,0.33,4.12,0.78,0.027,5.1,43.3
PDS_M3_03883,-44.7286,-64.9253,66.1,26.8,7.1,0.7,3.47,1.03,0.021,6.5,43.6
PDS_M3_03884,61.7891,111.7558,72.1,19.7,8.2,0.52,4.14,0.87,0.018,3.1,44.0
PDS_M3_03885,69.4887,68.2926,60.4,28.9,10.7,0.64,3.89,1.12,0.013,6.2,42.8
PDS_M3_03886,66.6273,80.9535,64.4,24.9,10.7,0.51,4.14,1.62,0.012,6.8,43.1
PDS_M3_03887,21.6663,71.3221,64.4,27.4,8.2,0.55,4.91,1.03,0.018,5.3,43.4
PDS_M3_03888,20.7713,-68.0497,22.0,47.5,20.0,3.48,19.0,4.65,0.017,9.1,41.0
PDS_M3_03889,-15.4863,-144.121,71.2,20.0,8.8,0.62,4.34,0.4,0.013,3.1,44.2
PDS_M3_03890,40.3837,-81.9118,73.4,17.0,9.6,0.45,3.2,1.23,0.022,3.7,43.6
PDS_M3_03891,5.007,119.4427,76.0,15.7,8.3,0.32,3.47,1.4,0.016,5.4,43.3
PDS_M3_03892,28.3901,172.9695,66.2,24.7,9.1,0.44,5.46,1.14,0.018,5.5,43.8
PDS_M3_03893,-11.4467,-2.2151,33.4,49.5,17.1,5.14,19.19,3.38,0.021,5.9,42.2
PDS_M3_03894,37.0394,-176.5079,60.9,31.9,7.2,0.36,4.33,0.74,0.02,6.9,42.8
PDS_M3_03895,51.9154,-129.5839,57.0,35.4,7.6,0.7,2.87,0.93,0.005,4.3,43.4
PDS_M3_03896,-56.5702,-64.051,65.2,26.6,8.2,0.54,4.01,0.74,0.02,4.2,42.4
PDS_M3_03897,53.2688,28.2907,65.7,23.4,10.9,0.54,2.54,1.57,0.015,5.0,43.5
PDS_M3_03898,6.4474,-152.9663,72.7,16.4,10.9,0.61,4.23,1.24,0.012,7.0,44.1
PDS_M3_03899,55.1465,159.6086,68.1,21.6,10.3,0.54,3.2,1.53,0.015,6.8,43.1
PDS_M3_03900,-10.9917,-48.5699,34.7,43.1,20.0,6.09,16.29,5.04,0.013,5.7,41.7
PDS_M3_03901,-19.3535,148.5303,67.3,23.9,8.8,0.14,4.33,0.87,0.016,5.2,43.5
PDS_M3_03902,66.4097,100.9878,61.8,29.4,8.8,0.3,3.23,0.89,0.015,5.6,42.9
PDS_M3_03903,-39.8129,91.9574,74.2,17.3,8.5,0.34,4.51,0.96,0.019,6.2,44.5
PDS_M3_03904,55.074,38.419,63.3,29.5,7.2,0.24,5.87,0.95,0.006,5.9,43.0
PDS_M3_03905,-2.5567,45.6422,18.2,48.9,20.0,1.96,16.59,3.44,0.016,4.1,41.6
PDS_M3_03906,2.2553,49.6812,34.8,55.5,9.7,3.26,21.19,3.03,0.015,4.0,42.4
PDS_M3_03907,-30.6451,46.3397,30.6,48.8,20.0,1.0,16.95,5.35,0.029,5.5,41.3
PDS_M3_03908,11.6868,19.3422,28.9,40.2,20.0,2.81,16.36,3.21,0.003,6.7,42.0
PDS_M3_03909,-27.9662,175.109,73.1,18.5,8.4,0.37,3.74,1.19,0.021,4.5,44.0
PDS_M3_03910,-73.7169,83.6246,63.6,26.8,9.6,0.52,3.98,1.01,0.018,6.3,43.2
PDS_M3_03911,-36.4802,99.7007,65.8,26.3,7.9,0.18,4.68,1.52,0.02,3.7,42.8
PDS_M3_03912,-78.9794,134.0866,69.1,22.8,8.1,0.47,4.01,1.37,0.012,5.9,43.2
PDS_M3_03913,76.5368,-102.3697,71.5,20.2,8.3,0.46,2.91,1.14,0.017,4.9,42.7
PDS_M3_03914,74.5196,-149.8305,70.7,19.1,10.2,0.31,5.42,0.47,0.016,3.3,43.4
PDS_M3_03915,-16.7752,-6.158,21.7,44.8,20.0,5.09,15.27,4.51,0.036,5.1,42.2
PDS_M3_03916,36.5393,5.0691,21.0,43.0,20.0,7.32,15.1,2.63,0.013,4.3,41.5
PDS_M3_03917,-24.671,118.5054,70.5,21.7,7.8,0.31,4.3,1.22,0.01,5.5,43.7
PDS_M3_03918,27.3749,-20.2379,15.0,46.6,20.0,7.72,15.12,5.01,0.027,6.3,40.9
PDS_M3_03919,48.8688,25.5071,78.8,13.3,7.9,0.61,4.54,1.18,0.017,6.3,44.5
PDS_M3_03920,71.481,9.7455,71.5,18.9,9.6,0.53,4.31,0.43,0.018,3.4,44.0
PDS_M3_03921,-15.966,-166.247,62.5,28.4,9.1,0.38,5.12,0.68,0.022,6.5,43.0
PDS_M3_03922,45.3277,41.4774,65.1,25.0,9.9,0.35,4.59,0.84,0.015,6.3,42.7
PDS_M3_03923,-37.4514,118.0956,68.3,23.8,7.9,0.39,3.25,0.94,0.012,5.3,43.2
PDS_M3_03924,78.4532,-123.2998,75.8,17.2,7.0,0.42,2.12,1.22,0.016,4.3,43.8
PDS_M3_03925,-75.8769,33.9594,76.5,13.8,9.7,0.32,4.32,0.6,0.01,5.3,44.1
PDS_M3_03926,16.5646,33.6998,18.0,52.2,20.0,6.01,14.79,4.61,0.006,7.7,40.8
PDS_M3_03927,25.521,-120.8934,62.4,29.6,8.0,0.42,3.2,0.92,0.01,6.5,43.7
PDS_M3_03928,30.0873,-135.5531,61.6,30.2,8.2,0.56,3.36,1.31,0.002,7.0,43.3
PDS_M3_03929,-60.738,172.8187,69.5,20.5,10.0,0.24,4.48,1.04,0.013,4.6,43.0
PDS_M3_03930,70.1648,-38.2611,81.8,8.7,9.5,0.35,4.59,0.81,0.012,5.2,42.8
PDS_M3_03931,-51.0107,-98.1282,71.2,21.1,7.7,0.58,5.1,0.78,0.019,4.2,43.5
PDS_M3_03932,19.6405,-118.3232,58.4,32.2,9.4,0.58,5.51,0.93,0.016,5.0,43.1
PDS_M3_03933,-44.3718,60.3366,63.6,26.6,9.8,0.27,4.39,0.61,0.014,7.4,43.0
PDS_M3_03934,-30.8454,39.4003,27.1,45.1,20.0,5.93,14.03,3.83,0.022,5.3,42.3
PDS_M3_03935,7.4334,51.6788,25.1,43.0,20.0,4.92,16.37,3.87,0.012,5.0,42.7
PDS_M3_03936,-13.2491,-148.3178,65.7,24.6,9.7,0.34,3.77,0.83,0.008,6.1,43.1
PDS_M3_03937,-54.3639,141.6725,70.2,20.4,9.4,0.5,5.02,0.78,0.002,5.1,43.2
PDS_M3_03938,-52.6502,-39.8641,72.1,20.6,7.3,0.21,3.8,0.74,0.015,5.9,44.2
PDS_M3_03939,-13.0968,-67.187,19.9,50.0,20.0,6.64,13.71,4.54,0.015,5.1,41.6
PDS_M3_03940,41.1653,-13.5499,71.1,19.9,9.0,0.54,2.98,0.6,0.023,6.0,43.8
PDS_M3_03941,63.6743,-39.5762,56.3,33.7,10.0,0.45,4.43,1.05,0.01,5.3,42.7
PDS_M3_03942,-66.5396,130.8877,61.7,30.5,7.8,0.46,3.6,1.27,0.02,4.5,43.6
PDS_M3_03943,-17.1034,154.534,67.1,24.9,8.0,0.42,4.62,0.92,0.002,7.1,42.9
PDS_M3_03944,-63.9607,-70.7568,68.9,21.9,9.2,0.53,3.99,0.8,0.007,8.0,43.5
PDS_M3_03945,-77.3452,131.0169,73.2,17.9,8.9,0.54,4.84,1.35,0.017,6.4,43.7
PDS_M3_03946,25.875,101.3483,68.3,23.2,8.5,0.57,3.85,0.76,0.019,4.0,43.3
PDS_M3_03947,16.3919,155.0908,68.3,21.7,10.0,0.47,4.18,1.02,0.005,5.5,43.1
PDS_M3_03948,-53.9169,-91.5299,69.4,21.3,9.3,0.39,4.85,1.13,0.01,6.1,44.1
PDS_M3_03949,-42.5899,27.7053,66.5,23.7,9.8,0.37,4.12,0.92,0.015,3.8,43.7
PDS_M3_03950,-76.2068,-81.1639,68.5,23.9,7.6,0.29,4.25,0.74,0.014,5.2,43.1
PDS_M3_03951,53.5916,116.674,74.8,15.3,9.9,0.39,4.81,0.93,0.018,4.1,42.9
PDS_M3_03952,75.9505,-178.0833,67.5,23.7,8.8,0.36,4.14,1.2,0.02,4.6,44.0
PDS_M3_03953,-58.3265,23.3349,67.8,25.1,7.1,0.69,2.93,0.88,0.007,6.2,43.0
PDS_M3_03954,-42.964,-57.8868,67.8,24.3,7.9,0.29,3.74,1.24,0.018,5.7,43.4
PDS_M3_03955,58.9455,-63.8339,75.8,17.1,7.1,0.61,2.66,1.02,0.011,4.5,43.7
PDS_M3_03956,68.2342,52.1663,61.4,29.8,8.8,0.41,4.0,0.92,0.017,5.7,43.3
PDS_M3_03957,-12.8596,126.5344,78.7,13.0,8.3,0.42,4.58,0.88,0.012,5.4,43.1
PDS_M3_03958,-71.9004,39.3103,60.9,28.2,10.9,0.51,4.3,1.17,0.021,6.9,43.0
PDS_M3_03959,-73.6973,127.1423,64.1,25.4,10.5,0.24,5.32,1.44,0.019,3.3,43.2
PDS_M3_03960,11.832,-84.745,72.5,17.2,10.3,0.33,5.23,1.14,0.009,4.9,43.5
PDS_M3_03961,-17.1368,7.0207,28.5,53.0,18.5,8.24,15.42,5.02,0.005,7.6,42.3
PDS_M3_03962,-75.4156,-17.8068,59.6,30.2,10.2,0.39,2.29,1.43,0.022,4.4,43.2
PDS_M3_03963,13.3204,-175.8078,61.4,30.5,8.1,0.31,4.74,0.83,0.011,4.5,43.3
PDS_M3_03964,-78.1916,20.4524,69.7,21.1,9.2,0.65,3.58,1.62,0.011,5.2,43.2
PDS_M3_03965,45.9795,58.1488,82.1,9.3,8.6,0.36,4.9,1.05,0.019,7.3,44.6
PDS_M3_03966,-30.9707,33.0892,36.2,50.4,13.4,5.8,14.95,4.23,0.009,6.3,42.2
PDS_M3_03967,-73.5587,85.0608,66.5,26.2,7.3,0.4,4.72,1.27,0.016,4.5,43.5
PDS_M3_03968,14.1364,25.6822,26.3,51.6,20.0,4.31,16.84,3.54,0.015,5.7,42.0
PDS_M3_03969,-16.3705,-155.9699,68.5,24.1,7.4,0.69,6.11,1.23,0.015,5.4,43.6
PDS_M3_03970,75.8081,-138.0796,70.2,19.9,9.9,0.42,4.62,1.13,0.022,6.3,43.9
PDS_M3_03971,7.0718,34.7308,20.6,51.8,20.0,4.15,14.17,4.1,0.018,5.7,41.4
PDS_M3_03972,-35.9617,-81.0075,62.9,29.5,7.6,0.45,5.06,1.08,0.021,6.0,43.5
PDS_M3_03973,33.5102,-151.3278,69.0,22.1,8.9,0.51,3.86,1.25,0.014,5.4,43.7
PDS_M3_03974,-36.5613,-25.343,15.0,46.6,20.0,3.72,15.61,3.87,0.011,7.4,41.6
PDS_M3_03975,64.6789,19.5561,79.2,12.7,8.1,0.41,5.43,1.48,0.021,5.7,43.9
PDS_M3_03976,-20.0445,-61.6514,18.1,50.8,20.0,5.64,12.92,5.75,0.012,5.0,41.2
PDS_M3_03977,7.979,79.3561,71.9,17.5,10.6,0.46,3.18,1.03,0.016,7.1,43.4
PDS_M3_03978,-71.9083,51.7574,68.5,24.1,7.4,0.43,3.83,1.16,0.018,6.5,42.6
PDS_M3_03979,-11.8206,-60.1854,25.0,51.9,20.0,5.95,17.09,6.29,0.01,4.7,41.8
PDS_M3_03980,53.1782,91.7541,67.9,21.2,10.9,0.5,5.8,1.21,0.01,2.0,43.4
PDS_M3_03981,48.9038,53.5302,77.8,11.4,10.8,0.44,4.25,1.21,0.013,6.4,43.2
PDS_M3_03982,-44.109,49.4803,73.2,18.1,8.7,0.44,3.98,0.73,0.019,5.3,43.7
PDS_M3_03983,-43.8273,19.234,69.2,23.6,7.2,0.29,3.26,1.33,0.017,5.9,43.9
PDS_M3_03984,50.7688,-175.8997,73.5,17.0,9.5,0.55,3.27,1.77,0.007,7.2,43.7
PDS_M3_03985,68.8637,70.7426,71.3,20.5,8.2,0.31,4.39,1.26,0.027,4.7,43.5
PDS_M3_03986,-64.7423,-44.625,70.4,18.9,10.7,0.69,4.76,0.49,0.017,4.5,43.3
PDS_M3_03987,-7.9906,159.3395,73.9,15.9,10.2,0.27,3.01,0.97,0.012,4.1,43.7
PDS_M3_03988,-26.0073,114.4745,71.1,19.3,9.6,0.56,4.86,0.72,0.014,8.4,43.1
PDS_M3_03989,59.3102,31.57,73.2,18.7,8.1,0.16,5.3,1.01,0.014,7.2,42.6
PDS_M3_03990,-66.636,-89.2145,69.0,21.2,9.8,0.11,4.7,1.31,0.013,6.6,44.0
PDS_M3_03991,-46.2198,-106.6617,66.5,25.3,8.2,0.37,5.52,0.88,0.022,3.5,43.7
PDS_M3_03992,40.3949,-57.4615,64.7,28.1,7.2,0.11,4.48,1.67,0.029,4.1,42.8
PDS_M3_03993,-71.793,-8.4355,64.0,27.0,9.0,0.56,4.49,0.4,0.012,6.6,42.7
PDS_M3_03994,-1.1943,-73.4164,30.1,53.5,16.4,5.26,16.0,1.98,0.012,6.3,42.1
PDS_M3_03995,-9.2629,5.3746,28.0,50.5,20.0,4.52,15.33,3.2,0.014,5.5,42.0
PDS_M3_03996,-26.4958,-120.4666,62.4,27.1,10.5,0.42,4.63,0.73,0.007,4.2,43.5
PDS_M3_03997,-16.8684,171.9766,65.0,26.6,8.4,0.49,3.78,0.77,0.018,7.1,43.1
PDS_M3_03998,4.7905,-141.1472,77.4,13.8,8.8,0.41,4.54,1.33,0.016,8.0,44.2
PDS_M3_03999,-54.1812,155.4999,67.1,24.0,8.9,0.32,4.55,1.68,0.016,6.3,43.3
PDS_M3_04000,11.5193,148.8881,69.5,22.2,8.3,0.39,4.03,1.71,0.004,4.9,43.9
PDS_M3_04001,48.8692,9.1298,69.6,20.4,10.0,0.27,5.02,1.0,0.002,7.6,43.4
PDS_M3_04002,41.6257,80.9677,77.5,13.4,9.1,0.51,4.27,1.51,0.013,6.0,43.4
PDS_M3_04003,-55.376,-23.0226,64.5,24.8,10.7,0.4,4.76,1.08,0.019,7.8,43.1
PDS_M3_04004,-56.1201,46.8124,66.7,23.7,9.6,0.43,4.61,1.38,0.004,5.4,43.6
PDS_M3_04005,-37.0921,-57.3927,32.2,50.0,17.8,5.58,14.11,7.32,0.02,8.3,42.3
PDS_M3_04006,-22.228,-71.5828,25.5,57.4,17.1,3.11,17.85,5.33,0.013,5.3,41.9
PDS_M3_04007,-14.6471,28.1627,24.5,50.2,20.0,5.46,17.22,5.28,0.01,5.0,41.4
PDS_M3_04008,28.7516,-0.6733,25.9,50.0,20.0,4.15,17.82,4.1,0.015,6.8,41.9
PDS_M3_04009,-70.9311,28.6331,75.4,16.0,8.6,0.62,5.47,0.97,0.007,5.7,43.4
PDS_M3_04010,-74.4524,-76.8022,69.1,23.2,7.7,0.49,4.16,1.38,0.002,6.3,43.1
PDS_M3_04011,-17.2943,-47.8952,19.8,43.3,20.0,4.52,17.07,3.9,0.022,4.6,42.1
PDS_M3_04012,31.5462,-149.7967,75.1,17.3,7.6,0.79,4.9,1.75,0.015,4.6,43.3
PDS_M3_04013,-49.0503,-161.1805,70.9,19.5,9.6,0.32,3.91,0.65,0.011,5.3,43.2
PDS_M3_04014,22.6407,-88.7554,63.6,29.3,7.1,0.42,3.87,1.05,0.012,6.2,43.4
PDS_M3_04015,-38.4275,-153.2711,74.0,17.4,8.6,0.59,5.04,0.67,0.01,4.9,43.2
PDS_M3_04016,61.7738,-142.6411,66.7,25.1,8.2,0.33,4.65,0.62,0.013,7.1,43.1
PDS_M3_04017,63.3104,112.6542,66.0,25.5,8.5,0.56,3.75,1.07,0.014,5.7,44.1
PDS_M3_04018,-32.434,-166.0055,73.4,17.6,9.0,0.38,3.87,0.96,0.019,7.8,43.5
PDS_M3_04019,-43.201,57.2194,67.5,23.1,9.4,0.6,4.27,0.8,0.011,4.5,43.6
PDS_M3_04020,-14.1914,-81.8792,70.3,20.4,9.3,0.6,4.46,1.35,0.009,6.2,44.5
PDS_M3_04021,-41.5149,133.7564,72.0,18.5,9.5,0.44,5.2,1.49,0.012,6.4,43.6
PDS_M3_04022,27.5814,-5.4028,28.4,46.2,20.0,2.02,17.98,4.21,0.03,6.1,42.2
PDS_M3_04023,52.1703,-69.9925,70.3,19.2,10.5,0.39,3.41,0.54,0.016,5.7,43.6
PDS_M3_04024,27.6947,6.35,25.4,50.1,20.0,7.49,16.32,3.56,0.017,6.8,41.8
PDS_M3_04025,51.8961,-42.4951,62.3,30.4,7.3,0.58,4.45,1.2,0.013,4.3,43.2
PDS_M3_04026,-16.4813,23.1484,20.1,43.4,20.0,7.94,13.86,4.85,0.025,6.1,41.6
PDS_M3_04027,-54.9893,-138.7682,63.0,26.2,10.8,0.53,3.52,1.2,0.02,4.6,42.8
PDS_M3_04028,38.0722,178.9166,74.1,16.1,9.8,0.5,5.04,0.95,0.009,5.1,43.9
PDS_M3_04029,-22.3241,-26.7999,27.7,52.3,20.0,6.82,18.77,2.01,0.016,6.1,41.2
PDS_M3_04030,27.4033,-54.637,25.7,48.4,20.0,4.6,20.06,3.37,0.013,6.9,41.9
PDS_M3_04031,-36.697,75.6755,81.3,8.7,10.0,0.47,2.96,1.35,0.017,4.2,43.7
PDS_M3_04032,-67.0033,-48.9962,74.6,14.9,10.5,0.45,4.9,1.49,0.021,7.8,43.2
PDS_M3_04033,78.8131,119.9787,72.2,18.1,9.7,0.38,3.99,1.06,0.008,7.0,43.8
PDS_M3_04034,-55.0078,-16.4625,71.9,18.6,9.5,0.6,4.8,1.4,0.017,5.9,43.1
PDS_M3_04035,78.1474,79.041,73.9,18.3,7.8,0.6,3.89,1.56,0.01,4.5,43.4
PDS_M3_04036,76.3648,-141.3168,62.0,29.6,8.4,0.63,5.26,1.14,0.023,7.6,43.5
PDS_M3_04037,47.0109,124.6029,69.2,20.9,9.9,0.34,2.71,1.08,0.021,6.4,42.7
PDS_M3_04038,25.5077,84.8585,70.3,22.6,7.1,0.5,4.9,1.24,0.003,6.4,43.9
PDS_M3_04039,12.4491,-103.782,65.6,24.8,9.6,0.61,3.71,0.85,0.008,5.0,43.3
PDS_M3_04040,58.5762,-127.697,70.8,19.1,10.1,0.68,4.5,1.26,0.007,6.0,43.4
PDS_M3_04041,-33.6897,-66.1348,23.3,47.6,20.0,4.67,10.11,1.59,0.015,5.0,41.3
PDS_M3_04042,-5.171,171.3854,65.5,27.2,7.3,0.45,3.09,0.71,0.017,7.3,43.3
PDS_M3_04043,19.1024,-87.5406,67.7,22.0,10.3,0.42,5.0,0.71,0.02,7.3,43.4
PDS_M3_04044,-14.2095,-15.7942,29.4,48.1,20.0,7.34,18.3,4.32,0.014,5.6,42.2
PDS_M3_04045,-11.6022,-169.1927,57.3,34.2,8.5,0.12,4.29,1.25,0.013,5.1,42.8
PDS_M3_04046,-27.1545,-36.9981,18.4,49.4,20.0,6.33,13.15,3.97,0.017,6.7,41.3
PDS_M3_04047,10.2771,25.6752,22.3,51.3,20.0,2.66,15.01,5.96,0.034,6.6,41.9
PDS_M3_04048,56.0919,163.1249,68.3,21.3,10.4,0.38,4.87,1.51,0.006,4.4,43.2
PDS_M3_04049,-47.7555,6.025,62.1,28.8,9.1,0.25,3.82,1.23,0.004,5.5,43.4
PDS_M3_04050,69.5093,114.8786,66.9,24.2,8.9,0.68,4.87,0.91,0.012,8.4,42.9
PDS_M3_04051,30.254,16.966,23.3,45.8,20.0,2.92,13.85,4.58,0.011,5.8,42.1
PDS_M3_04052,51.7237,-165.3174,68.0,22.7,9.3,0.6,4.06,1.19,0.011,6.1,44.0
PDS_M3_04053,8.9905,-66.597,32.9,41.2,20.0,6.03,18.31,5.02,0.015,6.5,42.1
PDS_M3_04054,44.7227,27.1978,69.2,22.1,8.7,0.23,4.56,1.48,0.008,5.1,44.0
PDS_M3_04055,-77.4079,162.2138,60.6,30.9,8.5,0.48,4.36,1.17,0.011,6.7,43.4
PDS_M3_04056,50.9409,129.2869,71.7,19.4,8.9,0.32,4.66,1.14,0.013,6.3,43.6
PDS_M3_04057,-73.5778,-97.792,60.5,31.0,8.5,0.49,4.12,0.81,0.013,7.2,43.1
PDS_M3_04058,62.3861,-100.7605,62.4,29.2,8.4,0.72,5.16,1.29,0.014,3.8,43.0
PDS_M3_04059,78.714,-107.5777,61.7,27.3,11.0,0.43,4.18,1.44,0.014,6.2,43.6
PDS_M3_04060,-32.9492,152.0996,66.9,24.8,8.3,0.69,4.86,1.06,0.01,6.1,43.7
PDS_M3_04061,-46.349,126.9598,65.9,26.1,8.0,0.5,3.35,1.38,0.013,4.1,42.9
PDS_M3_04062,42.4581,98.958,68.0,23.6,8.4,0.59,2.76,0.98,0.015,5.5,43.4
PDS_M3_04063,-39.5158,-38.6154,21.7,48.6,20.0,9.27,14.04,1.97,0.021,6.3,41.4
PDS_M3_04064,58.49,1.5771,74.0,15.4,10.6,0.55,3.89,1.73,0.006,5.9,43.8
PDS_M3_04065,-63.5452,-12.8406,73.0,16.8,10.2,0.52,4.05,0.99,0.015,5.8,43.9
PDS_M3_04066,-59.8472,-88.7767,67.0,22.6,10.4,0.4,2.33,1.26,0.016,5.8,42.7
PDS_M3_04067,76.6642,1.8101,65.1,24.5,10.4,0.73,5.56,0.98,0.016,5.2,43.2
PDS_M3_04068,27.8142,-169.0212,64.5,24.8,10.7,0.38,4.28,1.18,0.016,8.2,43.4
PDS_M3_04069,55.502,-132.5483,66.1,26.0,7.9,0.21,5.27,1.31,0.007,6.2,43.4
PDS_M3_04070,-28.1073,139.1723,59.6,31.6,8.8,0.57,3.09,0.83,0.016,6.2,43.8
PDS_M3_04071,28.2374,90.6047,62.2,29.3,8.5,0.24,4.28,0.89,0.016,4.2,42.5
PDS_M3_04072,15.0787,-27.7674,25.6,48.0,20.0,4.74,14.99,4.9,0.018,5.4,42.4
PDS_M3_04073,16.504,6.1741,19.0,51.9,20.0,5.6,13.27,3.63,0.014,5.2,41.3
PDS_M3_04074,29.2052,-46.8004,17.4,49.5,20.0,8.26,15.29,2.84,0.012,5.8,40.8
PDS_M3_04075,12.0575,86.6808,66.2,24.3,9.5,0.41,3.09,1.18,0.021,5.4,43.4
PDS_M3_04076,-11.35,102.3074,65.8,25.7,8.5,0.4,4.45,1.66,0.008,5.1,43.3
PDS_M3_04077,-35.8524,94.7827,65.6,26.2,8.2,0.64,3.53,1.31,0.007,5.5,43.3
PDS_M3_04078,42.973,80.1402,66.1,25.5,8.4,0.27,3.71,1.66,0.008,4.5,43.5
PDS_M3_04079,-43.7964,-106.3784,64.0,25.8,10.2,0.57,4.21,1.61,0.017,6.5,43.5
PDS_M3_04080,30.7767,-58.3308,24.3,57.5,18.2,6.72,14.98,5.65,0.011,6.8,41.6
PDS_M3_04081,-42.6667,-10.8556,68.2,20.9,10.9,0.53,3.96,1.54,0.014,6.4,43.7
PDS_M3_04082,20.0528,-60.9145,15.0,49.2,20.0,7.17,13.47,3.71,0.023,6.8,40.7
PDS_M3_04083,39.5325,91.7785,75.5,15.6,8.9,0.43,4.08,1.36,0.008,6.7,43.6
PDS_M3_04084,-45.0058,-61.4327,79.4,12.6,8.0,0.38,3.88,1.46,0.005,4.3,44.2
PDS_M3_04085,-70.4091,-130.2364,75.0,15.3,9.7,0.35,4.1,1.01,0.02,7.6,43.7
PDS_M3_04086,-59.0442,-36.3454,71.3,18.8,9.9,0.47,3.31,1.2,0.01,6.8,43.5
PDS_M3_04087,16.9595,172.7692,72.6,18.5,8.9,0.55,4.33,0.97,0.008,3.5,43.4
PDS_M3_04088,55.9114,-98.6827,79.1,13.0,7.9,0.69,4.78,1.79,0.014,4.9,43.9
PDS_M3_04089,-72.8005,40.3771,72.6,18.2,9.2,0.16,4.45,0.87,0.014,4.3,43.4
PDS_M3_04090,37.4642,-24.1297,31.2,52.5,16.3,7.16,18.7,1.61,0.01,6.3,42.3
PDS_M3_04091,-25.389,-154.4312,70.4,18.8,10.8,0.69,4.68,0.85,0.018,5.2,43.3
PDS_M3_04092,-3.4355,-4.3644,17.7,49.7,20.0,7.74,15.49,5.17,0.01,5.8,42.2
PDS_M3_04093,68.6175,72.7792,62.0,29.8,8.2,0.47,4.23,1.08,0.01,7.9,43.4
PDS_M3_04094,-26.8846,4.7592,21.0,44.8,20.0,2.6,19.71,2.26,0.004,7.5,42.5
PDS_M3_04095,-5.5461,133.9582,74.6,15.5,9.9,0.42,3.96,1.11,0.002,4.7,43.5
PDS_M3_04096,-77.8108,-75.9827,57.1,33.1,9.8,0.75,4.69,0.95,0.016,6.3,43.5
PDS_M3_04097,-66.9442,-148.9503,60.5,30.1,9.4,0.52,4.71,1.24,0.007,8.0,42.6
PDS_M3_04098,-38.6253,157.1636,66.9,23.6,9.5,0.38,3.59,1.45,0.014,4.7,43.6
PDS_M3_04099,-75.5436,-43.8493,70.1,20.5,9.4,0.4,4.75,1.16,0.027,7.0,43.4
PDS_M3_04100,21.0201,27.506,22.3,46.1,20.0,7.01,16.24,2.71,0.018,5.6,41.8
PDS_M3_04101,-11.7763,105.1211,67.2,22.1,10.7,0.33,4.54,1.13,0.015,4.7,43.6
PDS_M3_04102,7.7032,-63.2471,30.8,53.9,15.3,2.17,14.72,7.1,0.018,7.6,42.4
PDS_M3_04103,-52.0565,77.8192,68.4,24.5,7.1,0.47,4.42,1.31,0.028,5.3,43.7
PDS_M3_04104,-32.6509,-131.2492,73.6,18.0,8.4,0.27,4.3,1.17,0.004,5.6,43.7
PDS_M3_04105,26.2119,-75.1343,15.9,50.0,20.0,2.65,16.32,3.66,0.014,5.4,41.8
PDS_M3_04106,74.4484,-127.9042,63.1,28.4,8.5,0.67,4.42,1.56,0.024,7.1,43.1
PDS_M3_04107,-71.9333,112.043,73.1,17.5,9.4,0.61,3.78,1.07,0.017,7.0,43.3
PDS_M3_04108,62.4615,-99.8463,70.2,22.7,7.1,0.34,3.27,1.29,0.022,4.9,43.5
PDS_M3_04109,12.301,78.2653,60.9,28.6,10.5,0.28,4.27,1.42,0.011,5.9,42.3
PDS_M3_04110,10.2271,159.5874,63.2,27.4,9.4,0.66,5.08,1.22,0.007,6.2,43.4
PDS_M3_04111,0.0446,9.998,23.3,47.6,20.0,4.72,12.91,1.26,0.026,7.0,42.2
PDS_M3_04112,-68.8969,14.4105,62.5,29.3,8.2,0.51,4.56,1.14,0.015,5.1,43.4
PDS_M3_04113,-65.6197,-14.0279,73.6,17.5,8.9,0.36,3.79,1.18,0.02,7.5,43.3
PDS_M3_04114,16.1459,-62.6795,25.2,46.5,20.0,9.89,17.91,4.44,0.02,6.8,41.1
PDS_M3_04115,-25.4466,-8.7642,29.8,48.1,20.0,6.61,19.21,3.15,0.023,4.7,42.3
PDS_M3_04116,66.7629,37.0107,69.8,23.1,7.1,0.33,3.86,0.59,0.017,6.4,43.1
PDS_M3_04117,-14.9455,174.957,55.4,36.2,8.4,0.54,4.49,1.07,0.017,6.4,42.4
PDS_M3_04118,-57.075,157.5952,59.2,33.3,7.5,0.57,2.75,1.05,0.018,4.9,43.5
PDS_M3_04119,34.355,130.3751,68.5,24.4,7.1,0.65,5.58,1.59,0.011,6.3,42.9
PDS_M3_04120,-33.0635,140.087,63.7,25.9,10.4,0.52,3.13,1.19,0.021,5.8,43.2
PDS_M3_04121,4.0752,-11.5743,24.2,51.4,20.0,4.73,16.5,3.43,0.012,4.0,42.6
PDS_M3_04122,31.6532,56.68,26.4,55.4,18.2,4.27,19.17,3.07,0.022,2.0,41.7
PDS_M3_04123,64.0423,142.224,71.4,20.9,7.7,0.24,3.52,0.92,0.02,8.3,43.1
PDS_M3_04124,46.7506,-38.5377,59.7,33.1,7.2,0.32,3.88,0.85,0.002,5.7,43.3
PDS_M3_04125,28.2178,166.2345,65.9,24.1,10.0,0.26,3.85,0.72,0.02,5.9,43.4
PDS_M3_04126,28.7413,-30.317,22.7,54.5,20.0,2.77,15.57,4.04,0.016,4.6,41.1
PDS_M3_04127,71.3479,36.3898,79.4,13.5,7.1,0.58,3.9,1.19,0.023,5.1,43.8
PDS_M3_04128,-32.6681,75.5297,60.0,30.7,9.3,0.66,4.27,1.54,0.025,8.4,43.6
PDS_M3_04129,-79.8221,162.2131,67.3,25.6,7.1,0.53,3.48,1.26,0.016,8.7,43.9
PDS_M3_04130,-36.4873,-91.9381,57.6,33.7,8.7,0.51,4.87,1.17,0.017,3.6,42.9
PDS_M3_04131,-45.1374,88.6072,77.6,14.2,8.2,0.46,5.33,0.51,0.007,5.9,43.9
PDS_M3_04132,25.8935,7.4936,23.9,55.3,20.0,3.23,15.67,3.58,0.014,8.0,42.1
PDS_M3_04133,21.3939,-83.3194,68.8,24.2,7.0,0.7,5.68,1.11,0.025,6.0,43.8
PDS_M3_04134,14.9538,99.5785,76.8,12.3,10.9,0.68,4.82,0.47,0.015,6.6,43.7
PDS_M3_04135,-77.401,18.8,68.9,22.0,9.1,0.36,4.41,1.17,0.021,5.6,43.9
PDS_M3_04136,36.6045,57.9506,25.2,48.9,20.0,3.45,17.64,5.66,0.015,6.4,41.6
PDS_M3_04137,-28.2351,-63.7556,21.0,57.1,20.0,8.08,18.12,4.87,0.014,7.5,42.0
PDS_M3_04138,26.409,-6.7414,18.0,48.8,20.0,1.0,13.8,3.47,0.018,6.4,41.2
PDS_M3_04139,9.0525,42.2475,27.1,56.3,16.6,5.0,15.2,3.78,0.002,4.3,41.2
PDS_M3_04140,-25.1631,-34.2321,22.6,47.1,20.0,3.66,18.25,5.67,0.017,5.0,42.0
PDS_M3_04141,-58.4678,-108.5859,72.9,18.3,8.8,0.23,2.98,1.07,0.002,6.7,44.7
PDS_M3_04142,-64.893,166.1906,69.7,21.8,8.5,0.21,4.03,1.22,0.015,5.7,43.6
PDS_M3_04143,53.0429,4.1283,67.3,22.4,10.3,0.57,4.26,1.27,0.01,5.1,43.3
PDS_M3_04144,66.9436,84.2113,59.6,29.9,10.5,0.28,5.27,1.18,0.008,4.5,43.6
PDS_M3_04145,23.9661,-32.023,19.2,37.2,20.0,5.9,20.45,3.92,0.024,4.6,41.5
PDS_M3_04146,-63.4505,-52.1526,64.0,26.8,9.2,0.14,3.6,1.14,0.022,4.9,42.5
PDS_M3_04147,-15.6756,-33.4209,21.0,51.5,20.0,2.62,14.45,4.09,0.013,6.3,42.1
PDS_M3_04148,36.6303,-32.6892,24.8,42.6,20.0,5.41,12.09,3.73,0.029,5.2,42.5
PDS_M3_04149,44.7713,15.9048,60.2,29.1,10.7,0.52,4.99,0.89,0.021,6.0,43.2
PDS_M3_04150,-61.085,15.6492,75.5,15.4,9.1,0.58,6.11,0.77,0.014,6.0,43.8
PDS_M3_04151,-79.9951,-1.0246,69.5,20.9,9.6,0.39,4.93,0.86,0.004,6.7,43.2
PDS_M3_04152,33.9419,-131.4771,76.0,16.3,7.7,0.47,4.96,1.23,0.014,4.8,43.6
PDS_M3_04153,-22.9446,-1.4128,21.4,44.2,20.0,2.74,15.65,5.04,0.011,7.7,41.8
PDS_M3_04154,-39.283,-119.1226,72.2,20.3,7.5,0.52,4.56,0.9,0.012,3.7,43.5
PDS_M3_04155,-77.9364,-134.5911,57.4,34.5,8.1,0.36,3.88,0.7,0.017,5.4,43.0
PDS_M3_04156,6.4479,155.7525,65.0,26.0,9.0,0.49,3.96,1.38,0.011,5.3,42.0
PDS_M3_04157,56.1841,37.782,60.4,29.3,10.3,0.15,5.08,1.3,0.023,4.9,43.2
PDS_M3_04158,73.2211,57.4164,65.8,25.1,9.1,0.45,4.43,1.36,0.012,3.2,42.8
PDS_M3_04159,10.5192,-35.3543,19.8,48.2,20.0,5.18,17.16,1.92,0.009,7.3,41.9
PDS_M3_04160,2.3138,147.2331,64.4,28.4,7.2,0.68,5.25,0.57,0.019,6.8,43.7
PDS_M3_04161,-66.391,49.655,73.2,17.3,9.5,0.3,3.58,0.85,0.015,6.4,43.8
PDS_M3_04162,7.8196,96.9012,62.9,28.4,8.7,0.47,3.3,0.7,0.02,4.9,42.7
PDS_M3_04163,-19.2033,-47.3175,18.8,43.6,20.0,4.33,17.4,2.53,0.016,5.2,41.3
PDS_M3_04164,17.1416,165.6043,75.9,14.0,10.1,0.37,4.45,1.44,0.007,5.4,43.6
PDS_M3_04165,-17.8038,115.3661,74.1,15.7,10.2,0.51,4.98,1.03,0.017,5.5,43.9
PDS_M3_04166,-41.5521,127.4214,65.9,27.1,7.0,0.39,4.4,1.19,0.01,6.8,43.7
PDS_M3_04167,-64.8056,-118.0101,55.2,34.7,10.1,0.73,3.75,1.43,0.016,5.2,43.1
PDS_M3_04168,-29.613,-82.4532,71.5,20.7,7.8,0.15,3.55,0.79,0.011,4.8,43.1
PDS_M3_04169,-64.5368,-77.1744,67.2,23.5,9.3,0.54,4.82,1.28,0.014,6.0,43.8
PDS_M3_04170,-51.6965,-82.4727,62.1,29.1,8.8,0.44,4.13,0.66,0.015,5.9,43.2
PDS_M3_04171,77.9738,127.9469,64.7,26.0,9.3,0.44,4.47,1.18,0.019,6.4,43.1
PDS_M3_04172,-8.9434,-168.5215,76.6,15.9,7.5,0.5,4.09,1.42,0.012,7.5,43.5
PDS_M3_04173,5.0995,-152.604,61.2,30.0,8.8,0.6,4.44,0.76,0.002,5.3,42.5
PDS_M3_04174,59.779,-81.3906,70.8,22.1,7.1,0.49,4.51,1.35,0.009,6.9,43.9
PDS_M3_04175,79.291,-108.0457,69.3,23.5,7.2,0.6,6.14,1.17,0.016,6.0,43.4
PDS_M3_04176,13.2343,-96.5305,65.9,24.5,9.6,0.46,4.52,0.96,0.022,7.0,43.0
PDS_M3_04177,49.9958,107.2595,71.9,17.3,10.8,0.29,3.89,0.74,0.017,7.3,43.8
PDS_M3_04178,-27.6894,22.7256,22.5,55.1,20.0,4.54,15.97,5.59,0.021,4.9,42.1
PDS_M3_04179,-31.081,-177.9226,66.2,24.9,8.9,0.62,3.44,1.25,0.016,8.2,42.6
PDS_M3_04180,-15.5674,-25.4438,29.5,48.8,20.0,6.83,18.13,2.78,0.016,6.0,42.7
PDS_M3_04181,27.6012,-33.1614,23.5,49.4,20.0,4.01,22.0,3.85,0.014,4.4,42.7
PDS_M3_04182,29.1507,-138.9797,73.5,18.9,7.6,0.54,4.44,1.33,0.021,4.4,43.6
PDS_M3_04183,-29.5617,63.411,67.2,21.9,10.9,0.5,5.1,1.46,0.025,7.6,43.4
PDS_M3_04184,-58.6864,72.755,66.2,25.2,8.6,0.33,2.9,1.39,0.009,7.4,44.3
PDS_M3_04185,21.1834,79.5216,54.7,34.9,10.4,0.42,3.42,1.58,0.016,7.1,42.5
PDS_M3_04186,-59.4679,82.2495,63.3,26.9,9.8,0.42,4.44,0.9,0.008,5.2,43.0
PDS_M3_04187,12.5588,-179.981,61.2,29.4,9.4,0.45,3.54,0.68,0.025,5.4,43.4
PDS_M3_04188,30.9475,163.4115,72.1,17.1,10.8,0.55,3.06,1.22,0.016,3.9,44.0
PDS_M3_04189,32.0978,113.1152,66.5,25.6,7.9,0.39,3.34,0.98,0.015,5.4,43.3
PDS_M3_04190,40.5555,145.4334,66.3,24.9,8.8,0.55,3.94,1.4,0.008,6.0,43.0
PDS_M3_04191,59.6575,-174.3684,67.9,21.6,10.5,0.37,4.53,0.79,0.014,7.6,43.9
PDS_M3_04192,-0.0066,156.1892,62.8,28.0,9.2,0.7,5.57,0.81,0.015,5.5,43.2
PDS_M3_04193,36.8399,111.5239,77.3,14.7,8.0,0.7,3.36,1.12,0.009,5.4,43.7
PDS_M3_04194,19.0676,121.3989,75.8,16.4,7.8,0.32,3.4,1.15,0.016,6.1,44.0
PDS_M3_04195,-50.1376,-146.4165,77.7,12.3,10.0,0.27,3.04,1.3,0.01,6.8,44.3
PDS_M3_04196,-75.8897,85.9601,72.1,20.8,7.1,0.6,4.66,1.07,0.018,7.7,43.6
PDS_M3_04197,-34.4734,165.57,67.8,21.5,10.7,0.49,4.3,0.52,0.009,5.0,43.6
PDS_M3_04198,-9.1146,64.277,77.7,15.2,7.1,0.53,3.43,2.14,0.016,5.6,44.1
PDS_M3_04199,18.737,25.4021,24.1,48.6,20.0,8.05,11.63,3.3,0.014,6.0,41.8
PDS_M3_04200,55.9935,160.4267,62.8,27.8,9.4,0.43,4.1,1.97,0.017,5.5,43.0
PDS_M3_04201,-48.6007,-20.5426,64.4,26.3,9.3,0.4,4.15,1.06,0.016,5.1,43.1
PDS_M3_04202,-59.912,35.7457,71.1,20.0,8.9,0.5,3.37,0.78,0.016,5.5,43.1
PDS_M3_04203,74.1568,-8.5182,63.4,26.2,10.4,0.26,4.34,1.0,0.011,4.3,42.8
PDS_M3_04204,-62.7129,155.8246,67.1,23.3,9.6,0.44,3.1,1.43,0.018,5.1,44.2
PDS_M3_04205,-3.4414,-152.6095,58.4,31.5,10.1,0.26,4.24,1.29,0.017,4.3,42.7
PDS_M3_04206,13.6902,0.4031,22.3,49.3,20.0,3.64,16.12,6.36,0.019,5.8,41.9
PDS_M3_04207,6.6199,67.3029,58.9,33.9,7.2,0.44,4.52,1.08,0.015,5.3,43.0
PDS_M3_04208,-66.2349,105.0864,62.4,30.5,7.1,0.53,5.17,1.14,0.014,5.1,43.6
PDS_M3_04209,-70.8757,29.8867,75.3,17.1,7.6,0.54,3.9,1.06,0.009,5.8,43.7
PDS_M3_04210,-63.1227,147.2104,75.1,15.2,9.7,0.56,4.2,1.46,0.011,2.8,44.2
PDS_M3_04211,13.694,159.1169,70.2,20.8,9.0,0.23,2.62,1.37,0.012,5.4,43.4
PDS_M3_04212,7.0952,-156.8451,69.7,20.3,10.0,0.64,5.78,0.82,0.021,6.0,43.5
PDS_M3_04213,-42.6015,-35.1466,64.8,27.4,7.8,0.35,2.71,0.66,0.008,7.0,43.6
PDS_M3_04214,22.0439,-171.5548,63.4,28.1,8.5,0.36,4.13,0.73,0.007,6.5,43.3
PDS_M3_04215,51.2108,-61.41,65.8,23.6,10.6,0.49,2.16,0.99,0.015,7.3,43.5
PDS_M3_04216,-73.3474,13.2726,58.9,30.4,10.7,0.4,3.54,1.17,0.01,4.1,43.2
PDS_M3_04217,-0.2992,147.8862,69.5,19.8,10.7,0.5,5.59,1.08,0.013,7.1,42.9
PDS_M3_04218,30.2897,124.7596,68.3,21.4,10.3,0.53,5.12,1.29,0.012,6.2,43.7
PDS_M3_04219,-39.6301,-134.1001,62.4,27.8,9.8,0.34,4.99,1.1,0.011,5.2,43.7
PDS_M3_04220,-30.7567,-146.5091,77.4,11.9,10.7,0.42,4.05,1.58,0.01,5.9,43.7
PDS_M3_04221,18.1821,32.1362,21.1,52.6,20.0,9.12,15.27,5.8,0.009,9.6,41.7
PDS_M3_04222,63.6696,11.5625,72.2,17.0,10.8,0.59,4.41,1.11,0.013,6.0,43.6
PDS_M3_04223,49.5879,-84.104,65.1,27.8,7.1,0.38,4.75,0.65,0.006,5.9,44.1
PDS_M3_04224,13.3008,143.8031,68.0,21.3,10.7,0.37,6.32,1.21,0.019,6.8,43.3
PDS_M3_04225,36.8355,153.8519,71.8,19.0,9.2,0.3,5.07,1.25,0.01,5.5,43.8
PDS_M3_04226,-21.6284,-35.0599,25.5,60.2,14.3,5.7,17.97,4.55,0.018,4.8,41.8
PDS_M3_04227,22.5545,140.5089,77.6,14.5,7.9,0.25,4.61,0.75,0.011,7.5,44.0
PDS_M3_04228,-5.4109,-41.7784,23.3,50.9,20.0,7.98,19.08,2.67,0.021,4.1,41.3
PDS_M3_04229,-49.6102,85.2541,65.0,26.0,9.0,0.69,4.7,0.81,0.015,5.9,44.0
PDS_M3_04230,32.2781,-8.6608,21.8,54.5,20.0,5.51,14.97,2.11,0.009,5.7,41.9
PDS_M3_04231,9.0343,-135.8701,60.4,32.1,7.5,0.64,5.23,1.11,0.03,4.8,43.0
PDS_M3_04232,-22.6205,154.0563,73.5,17.8,8.7,0.31,6.22,1.23,0.012,4.2,43.5
PDS_M3_04233,65.8143,-16.5252,60.2,31.5,8.3,0.16,3.45,0.81,0.012,5.6,43.2
PDS_M3_04234,-76.6505,84.4153,71.8,19.1,9.1,0.5,4.76,1.06,0.012,6.2,44.3
PDS_M3_04235,-29.4763,-47.8174,25.8,53.7,20.0,4.64,16.34,6.13,0.017,7.1,42.5
PDS_M3_04236,-70.899,-173.2029,70.9,19.5,9.6,0.38,3.89,1.12,0.006,4.9,43.4
PDS_M3_04237,42.6444,-143.8091,73.4,19.6,7.0,0.47,3.68,1.25,0.016,4.9,43.6
PDS_M3_04238,32.3372,-1.361,26.1,42.1,20.0,5.89,18.83,3.82,0.005,7.6,42.0
PDS_M3_04239,-26.9836,68.3872,60.8,32.1,7.1,0.45,3.38,1.55,0.015,5.2,42.3
PDS_M3_04240,28.1061,-59.4953,29.0,35.5,20.0,6.97,16.13,3.76,0.022,5.4,41.9
PDS_M3_04241,-16.65,70.3758,63.6,28.1,8.3,0.14,3.75,1.02,0.012,7.3,43.3
PDS_M3_04242,41.0006,71.5088,56.6,34.9,8.5,0.29,2.77,1.48,0.02,3.8,42.6
PDS_M3_04243,-7.3306,73.4169,74.8,16.4,8.8,0.28,3.52,1.27,0.005,4.4,44.3
PDS_M3_04244,-14.0352,-2.6921,20.0,52.4,20.0,6.31,14.75,5.99,0.011,7.5,41.2
PDS_M3_04245,69.5568,149.359,61.2,31.7,7.1,0.34,4.27,1.69,0.008,5.1,42.7
PDS_M3_04246,-39.8593,-3.8893,27.7,40.2,20.0,5.35,14.3,3.51,0.026,5.2,42.2
PDS_M3_04247,-60.7284,-17.9045,63.8,26.5,9.7,0.36,3.73,1.34,0.013,5.3,43.3
PDS_M3_04248,13.5269,-108.2229,69.5,19.6,10.9,0.62,4.89,0.92,0.011,5.4,43.3
PDS_M3_04249,75.0915,-69.2442,63.0,27.4,9.6,0.4,4.8,1.57,0.013,5.2,43.6
PDS_M3_04250,-19.5457,-164.7596,55.9,36.1,8.0,0.5,2.42,0.74,0.015,6.0,43.1
PDS_M3_04251,-70.0741,48.0727,59.8,31.1,9.1,0.52,3.76,1.38,0.013,7.3,43.8
PDS_M3_04252,-25.7112,-90.5271,65.3,23.8,10.9,0.68,3.9,0.93,0.008,4.8,42.6
PDS_M3_04253,0.9491,-70.5041,33.7,48.3,18.0,9.22,19.94,4.05,0.023,5.1,42.0
PDS_M3_04254,-54.0923,97.4932,70.1,21.4,8.5,0.52,4.66,1.48,0.022,5.8,44.1
PDS_M3_04255,25.2964,-62.2004,23.6,42.9,20.0,4.89,16.68,3.3,0.017,7.7,42.0
PDS_M3_04256,79.6399,-92.8095,55.9,33.2,10.9,0.71,3.48,0.66,0.017,5.4,42.9
PDS_M3_04257,-7.7217,-119.1392,75.6,14.5,9.9,0.29,3.69,1.02,0.016,4.7,43.5
PDS_M3_04258,-23.2434,98.949,69.3,21.0,9.7,0.51,3.0,0.98,0.012,3.4,43.6
PDS_M3_04259,-15.8873,-133.3057,67.3,24.8,7.9,0.68,4.25,0.71,0.012,4.9,42.9
PDS_M3_04260,-61.5766,-16.6486,74.8,16.0,9.2,0.27,3.91,0.5,0.025,4.8,43.0
PDS_M3_04261,61.3238,2.4948,75.5,16.1,8.4,0.54,4.63,1.46,0.019,4.4,43.9
PDS_M3_04262,-13.6279,67.4604,74.9,17.1,8.0,0.3,4.76,1.55,0.007,5.9,44.0
PDS_M3_04263,-18.0361,47.9821,19.8,53.0,20.0,3.28,17.26,4.43,0.012,5.5,42.1
PDS_M3_04264,25.5504,111.8594,62.0,29.5,8.5,0.17,4.43,1.01,0.018,7.5,43.0
PDS_M3_04265,-9.2747,-163.8895,73.9,18.0,8.1,0.22,4.03,1.34,0.017,6.1,43.4
PDS_M3_04266,23.7174,-73.2813,18.8,44.4,20.0,3.89,18.59,2.13,0.018,7.0,41.7
PDS_M3_04267,-70.1686,-79.1517,79.7,12.5,7.8,0.29,3.56,1.63,0.006,5.6,43.4
PDS_M3_04268,50.1957,-127.4339,68.2,21.8,10.0,0.53,2.38,1.29,0.017,4.7,43.7
PDS_M3_04269,70.4806,-75.8958,61.6,28.8,9.6,0.72,3.88,0.79,0.022,6.5,43.0
PDS_M3_04270,23.8025,-68.4845,19.8,53.8,20.0,1.0,16.57,2.75,0.006,4.4,41.7
PDS_M3_04271,72.7305,7.8784,60.3,29.4,10.3,0.49,3.32,0.89,0.025,7.2,43.0
PDS_M3_04272,-55.7708,58.9336,68.8,21.4,9.8,0.45,4.86,1.08,0.017,4.9,43.6
PDS_M3_04273,-3.6134,-42.8038,18.5,51.9,20.0,4.6,16.11,3.02,0.016,6.7,41.8
PDS_M3_04274,16.2891,79.0093,60.6,30.4,9.0,0.51,4.64,0.83,0.009,6.3,43.9
PDS_M3_04275,13.0779,-58.9805,32.3,45.2,20.0,8.7,13.97,4.84,0.011,4.6,42.0
PDS_M3_04276,-15.7661,-75.4979,22.7,53.8,20.0,3.37,18.5,3.07,0.013,7.3,42.5
PDS_M3_04277,-25.9065,14.8277,15.0,45.4,20.0,4.76,17.06,3.43,0.006,8.1,40.8
PDS_M3_04278,-59.7082,-171.4621,67.7,24.3,8.0,0.27,4.86,0.94,0.013,4.9,43.6
PDS_M3_04279,-17.3212,-151.2759,65.7,26.6,7.7,0.45,4.73,1.59,0.01,5.0,42.7
PDS_M3_04280,-53.9743,-29.531,60.3,31.8,7.9,0.45,5.02,1.11,0.019,5.9,42.7
PDS_M3_04281,37.4985,159.4486,66.2,26.6,7.2,0.36,4.17,1.89,0.002,6.8,42.9
PDS_M3_04282,-46.5871,79.7442,65.5,23.5,11.0,0.34,3.41,1.39,0.014,7.3,42.9
PDS_M3_04283,-70.6296,-148.2744,69.9,19.6,10.5,0.53,4.39,1.39,0.009,5.4,43.2
PDS_M3_04284,8.3786,124.6745,69.0,21.9,9.1,0.52,3.74,0.77,0.015,6.0,44.3
PDS_M3_04285,15.2368,83.6283,72.8,17.3,9.9,0.73,4.72,1.05,0.029,5.4,43.2
PDS_M3_04286,59.5061,39.9407,65.1,25.7,9.2,0.66,4.43,0.76,0.025,5.3,42.6
PDS_M3_04287,12.3171,115.3055,56.8,33.0,10.2,0.27,4.24,1.01,0.012,5.2,43.2
PDS_M3_04288,-24.7231,-34.5205,16.3,55.5,20.0,7.27,20.64,4.71,0.014,4.2,41.7
PDS_M3_04289,48.4819,-100.2596,62.4,29.7,7.9,0.25,5.0,1.09,0.01,6.8,44.1
PDS_M3_04290,6.4446,4.3284,26.3,50.8,20.0,3.66,17.04,4.09,0.014,5.9,41.9
PDS_M3_04291,-67.3152,17.583,67.7,22.8,9.5,0.78,3.75,1.02,0.019,7.6,42.5
PDS_M3_04292,10.5361,13.7975,26.1,44.4,20.0,6.17,13.62,6.91,0.007,6.8,41.7
PDS_M3_04293,65.283,23.4266,64.8,25.5,9.7,0.36,4.34,0.66,0.024,5.3,43.1
PDS_M3_04294,-16.59,161.5338,64.8,24.6,10.6,0.64,5.15,1.23,0.02,4.4,42.8
PDS_M3_04295,-32.5879,144.8084,65.7,23.9,10.4,0.66,3.19,0.97,0.02,8.0,43.1
PDS_M3_04296,-57.0449,135.2581,76.5,14.2,9.3,0.16,4.58,1.18,0.017,3.8,43.6
PDS_M3_04297,-55.7687,108.5101,68.0,21.4,10.6,0.58,3.54,1.36,0.01,5.4,43.4
PDS_M3_04298,-10.7566,159.6341,62.2,29.3,8.5,0.38,3.39,0.67,0.021,5.4,42.6
PDS_M3_04299,15.3088,-144.5419,62.3,29.2,8.5,0.51,4.94,1.54,0.013,5.0,43.4
PDS_M3_04300,-67.1015,-84.5556,66.5,23.4,10.1,0.9,4.72,1.04,0.005,4.8,44.0
PDS_M3_04301,70.331,-1.7799,69.4,23.1,7.5,0.69,4.08,1.66,0.015,4.3,43.5
PDS_M3_04302,40.8214,124.7524,70.9,20.9,8.2,0.43,4.83,1.12,0.008,4.9,43.9
PDS_M3_04303,13.8598,1.8597,24.1,40.3,20.0,7.76,15.72,1.72,0.011,5.7,41.9
PDS_M3_04304,52.5502,89.2925,62.9,28.4,8.7,0.16,3.01,1.12,0.019,6.2,42.8
PDS_M3_04305,-67.1701,-129.9744,65.5,23.7,10.8,0.53,4.27,1.18,0.014,5.2,43.4
PDS_M3_04306,-3.7058,-89.131,72.4,16.8,10.8,0.53,5.33,1.13,0.015,5.2,43.3
PDS_M3_04307,20.8149,83.4394,61.1,29.9,9.0,0.56,4.58,1.03,0.022,4.5,42.7
PDS_M3_04308,52.5845,-120.6958,65.2,25.6,9.2,0.37,2.11,1.02,0.002,6.0,43.3
PDS_M3_04309,45.3551,-53.5119,71.6,18.5,9.9,0.51,3.34,1.17,0.022,5.9,43.8
PDS_M3_04310,-35.6689,-84.6481,73.3,17.9,8.8,0.58,5.0,1.26,0.016,6.3,43.4
PDS_M3_04311,70.5408,-54.0498,66.8,25.4,7.8,0.1,3.75,1.17,0.015,5.2,44.1
PDS_M3_04312,-60.1047,74.9967,65.5,24.5,10.0,0.4,5.1,1.26,0.015,4.7,43.7
PDS_M3_04313,60.0214,-47.575,60.1,29.9,10.0,0.31,5.84,0.64,0.019,5.8,42.9
PDS_M3_04314,75.3504,19.8948,71.2,20.8,8.0,0.55,4.01,1.37,0.021,6.4,43.3
PDS_M3_04315,-51.6554,-144.0245,75.9,13.8,10.3,0.66,3.71,0.88,0.014,4.7,44.5
PDS_M3_04316,35.5306,109.8064,83.4,7.1,9.5,0.36,3.4,0.61,0.014,5.0,43.8
PDS_M3_04317,-73.5543,-46.8401,70.3,21.8,7.9,0.29,4.81,1.65,0.019,4.3,43.6
PDS_M3_04318,-15.1323,53.4723,23.0,53.8,20.0,5.74,13.73,5.07,0.002,4.4,42.0
PDS_M3_04319,2.6053,81.1403,62.5,29.6,7.9,0.28,3.88,1.1,0.014,5.1,42.5
PDS_M3_04320,12.9032,-104.5221,56.7,35.2,8.1,0.42,3.31,1.42,0.018,4.8,42.3
PDS_M3_04321,69.75,138.483,69.1,20.5,10.4,0.4,3.85,1.0,0.012,6.8,43.8
PDS_M3_04322,27.5601,41.8407,22.8,51.7,20.0,5.04,17.88,3.65,0.01,5.8,41.4
PDS_M3_04323,-2.9955,-25.6589,25.4,45.2,20.0,5.17,13.61,2.17,0.014,7.3,41.9
PDS_M3_04324,49.548,-114.3593,74.7,14.6,10.7,0.47,3.53,0.91,0.011,7.3,43.0
PDS_M3_04325,72.0853,159.2283,69.5,22.5,8.0,0.7,4.8,1.02,0.014,5.8,43.3
PDS_M3_04326,-76.4694,91.8246,70.2,22.3,7.5,0.49,5.28,0.89,0.012,3.4,43.5
PDS_M3_04327,77.2034,-105.1112,53.5,39.3,7.2,0.39,4.11,0.4,0.024,6.3,42.0
PDS_M3_04328,-66.2189,-58.4241,72.6,19.4,8.0,0.41,4.23,1.04,0.008,7.2,43.6
PDS_M3_04329,50.3019,111.4827,64.5,27.0,8.5,0.34,4.43,0.81,0.02,6.6,43.3
PDS_M3_04330,-35.1464,70.444,63.8,25.5,10.7,0.3,5.77,1.19,0.011,6.2,43.0
PDS_M3_04331,-58.8513,95.6823,66.1,25.9,8.0,0.24,3.39,1.03,0.017,5.5,42.9
PDS_M3_04332,-9.6231,-21.1676,18.4,55.0,20.0,4.73,15.07,4.17,0.019,4.4,41.5
PDS_M3_04333,23.0331,77.9315,63.7,26.4,9.9,0.34,4.16,1.1,0.024,6.6,43.1
PDS_M3_04334,-19.0477,-40.8623,29.6,45.1,20.0,3.93,20.87,5.15,0.017,5.6,42.8
PDS_M3_04335,-71.2695,-103.9453,64.7,25.6,9.7,0.41,4.17,0.72,0.013,6.2,43.2
PDS_M3_04336,15.9138,47.7637,16.4,51.6,20.0,9.66,17.72,4.14,0.015,5.1,41.4
PDS_M3_04337,64.3845,171.365,59.1,33.1,7.8,0.62,4.91,0.84,0.027,8.2,43.0
PDS_M3_04338,-18.6855,-68.1837,21.3,50.7,20.0,2.98,15.73,5.71,0.016,6.1,41.9
PDS_M3_04339,-45.3868,-14.0509,61.4,31.5,7.1,0.31,4.64,1.38,0.007,5.3,43.3
PDS_M3_04340,-9.1876,62.6405,64.2,27.6,8.2,0.37,5.44,1.16,0.013,4.4,43.4
PDS_M3_04341,-72.262,14.9423,68.9,22.7,8.4,0.58,3.03,0.54,0.013,4.1,43.7
PDS_M3_04342,51.278,123.634,58.4,32.8,8.8,0.52,2.83,0.84,0.019,6.5,42.5
PDS_M3_04343,52.2145,94.2274,63.1,27.2,9.7,0.59,4.65,1.09,0.008,5.1,43.4
PDS_M3_04344,14.0801,-159.013,71.4,19.8,8.8,0.41,2.57,0.8,0.012,5.3,43.6
PDS_M3_04345,-23.5035,179.4316,59.5,31.1,9.4,0.24,3.88,1.12,0.016,5.1,42.8
PDS_M3_04346,47.9653,90.8649,78.7,11.9,9.4,0.53,3.74,0.85,0.013,4.5,43.8
PDS_M3_04347,8.7499,131.0052,75.2,16.3,8.5,0.49,4.49,1.06,0.016,5.5,43.6
PDS_M3_04348,52.1492,54.4312,65.0,24.3,10.7,0.49,3.67,0.93,0.016,5.9,43.3
PDS_M3_04349,21.0334,128.2626,63.3,25.9,10.8,0.24,4.59,1.13,0.016,4.6,43.3
PDS_M3_04350,45.5049,-139.5421,69.2,21.5,9.3,0.35,3.35,1.53,0.009,6.2,42.8
PDS_M3_04351,15.7701,-54.8144,23.3,50.0,20.0,3.05,14.67,2.87,0.02,4.3,41.9
PDS_M3_04352,-13.7374,135.5115,56.0,35.0,9.0,0.51,4.22,0.78,0.012,5.3,43.2
PDS_M3_04353,73.2713,-107.4041,65.2,27.1,7.7,0.52,4.28,1.85,0.015,6.2,43.4
PDS_M3_04354,6.5782,-151.8328,67.2,23.9,8.9,0.44,4.44,1.45,0.008,5.8,43.1
PDS_M3_04355,16.8143,103.7228,68.6,23.6,7.8,0.6,5.38,0.89,0.015,3.8,43.1
PDS_M3_04356,-44.722,120.775,64.3,25.9,9.8,0.67,5.22,0.84,0.016,2.5,43.3
PDS_M3_04357,20.1041,-121.4452,75.6,17.1,7.3,0.5,4.56,1.2,0.015,6.5,44.0
PDS_M3_04358,11.4572,127.5646,59.0,30.2,10.8,0.55,4.85,1.31,0.01,6.6,43.6
PDS_M3_04359,-50.4259,67.2364,61.2,31.0,7.8,0.37,4.41,1.63,0.022,6.3,43.4
PDS_M3_04360,-70.4661,7.2298,70.9,19.5,9.6,0.34,5.14,1.25,0.019,5.5,43.7
PDS_M3_04361,16.6975,118.8901,61.0,28.3,10.7,0.6,4.49,0.9,0.014,5.5,42.1
PDS_M3_04362,42.1908,-29.0703,60.8,31.2,8.0,0.32,3.76,0.95,0.014,5.7,42.9
PDS_M3_04363,3.7442,-110.1622,68.7,20.6,10.7,0.55,3.6,1.29,0.011,6.5,43.5
PDS_M3_04364,-43.7164,-77.453,61.7,29.7,8.6,0.71,5.12,0.7,0.011,5.6,42.9
PDS_M3_04365,26.6435,1.859,29.6,59.0,11.4,4.58,16.55,5.03,0.024,6.2,41.7
PDS_M3_04366,-67.1831,11.2791,63.8,25.3,10.9,0.44,5.73,0.94,0.013,7.4,42.8
PDS_M3_04367,-9.3066,110.0091,62.8,29.4,7.8,0.25,3.32,1.39,0.032,4.6,43.9
PDS_M3_04368,-53.8613,104.887,55.4,34.3,10.3,0.47,5.2,1.46,0.008,5.6,42.4
PDS_M3_04369,-50.4866,29.292,68.8,23.4,7.8,0.6,3.86,2.02,0.017,4.8,43.3
PDS_M3_04370,-47.633,101.0828,60.5,31.6,7.9,0.42,4.53,1.01,0.016,5.3,42.8
PDS_M3_04371,-18.1269,-110.9616,67.0,25.7,7.3,0.6,3.16,1.02,0.015,5.7,43.0
PDS_M3_04372,-71.816,-161.9768,64.9,27.5,7.6,0.5,2.73,1.0,0.005,4.7,43.4
PDS_M3_04373,-16.353,134.5082,66.8,23.7,9.5,0.49,5.38,1.15,0.007,3.9,43.7
PDS_M3_04374,1.8732,-152.8004,67.1,24.1,8.8,0.4,3.85,0.91,0.016,4.2,42.9
PDS_M3_04375,-2.6729,-91.1922,69.2,20.6,10.2,0.23,4.99,1.46,0.009,6.3,43.4
PDS_M3_04376,-18.7545,70.3148,63.6,28.1,8.3,0.39,3.67,1.4,0.022,5.0,43.2
PDS_M3_04377,54.2635,-32.5987,75.5,13.6,10.9,0.39,4.99,1.02,0.014,5.5,43.5
PDS_M3_04378,-56.7477,135.473,56.9,35.9,7.2,0.54,3.86,0.89,0.017,5.9,42.6
PDS_M3_04379,0.9115,-72.7273,22.8,56.9,20.0,8.42,17.04,3.68,0.015,6.9,42.2
PDS_M3_04380,-70.0734,-175.7263,73.0,17.2,9.8,0.61,4.72,0.96,0.015,5.5,43.1
PDS_M3_04381,-68.6151,-71.764,70.9,18.5,10.6,0.49,4.96,1.25,0.024,6.1,43.0
PDS_M3_04382,11.8185,28.107,27.0,49.6,20.0,5.25,16.56,4.53,0.022,4.4,42.4
PDS_M3_04383,10.5629,-44.6622,17.0,43.5,20.0,4.82,16.6,3.63,0.016,5.6,41.7
PDS_M3_04384,60.4854,12.5542,62.0,29.9,8.1,0.36,2.8,1.55,0.019,4.6,42.7
PDS_M3_04385,9.2598,135.5753,71.6,21.3,7.1,0.47,3.34,1.19,0.022,5.6,43.5
PDS_M3_04386,73.5666,148.4946,63.6,27.4,9.0,0.39,3.64,1.28,0.011,6.0,43.0
PDS_M3_04387,-72.2088,-84.2493,69.5,21.6,8.9,0.29,3.99,1.84,0.006,5.5,44.0
PDS_M3_04388,-64.3188,-13.6294,69.6,22.0,8.4,0.6,5.1,1.27,0.018,5.3,43.3
PDS_M3_04389,-72.9495,17.6918,82.2,8.5,9.3,0.47,4.11,0.95,0.022,6.1,44.1
PDS_M3_04390,-50.3557,161.6805,69.9,20.2,9.9,0.49,2.51,1.08,0.005,5.3,43.4
PDS_M3_04391,6.6032,179.5022,63.1,27.1,9.8,0.33,2.13,0.6,0.011,5.3,43.8
PDS_M3_04392,23.2915,-95.2534,59.2,32.7,8.1,0.29,3.64,1.26,0.014,4.5,43.2
PDS_M3_04393,-72.7064,81.7128,66.3,24.4,9.3,0.43,3.79,0.94,0.009,6.4,43.8
PDS_M3_04394,71.3553,-43.9088,67.3,25.1,7.6,0.15,4.48,0.83,0.014,5.7,43.6
PDS_M3_04395,54.7465,-177.081,54.7,37.8,7.5,0.57,3.04,0.84,0.008,5.2,42.7
PDS_M3_04396,-32.542,-176.6691,63.7,26.2,10.1,0.34,3.09,1.44,0.013,4.6,43.2
PDS_M3_04397,-67.65,-14.1962,69.8,20.4,9.8,0.41,4.56,1.02,0.019,8.6,43.4
PDS_M3_04398,-52.8181,-4.1994,64.8,25.1,10.1,0.51,5.27,1.33,0.003,2.2,43.0
PDS_M3_04399,-59.6889,-171.8749,73.8,18.6,7.6,0.42,2.63,1.22,0.009,4.9,43.2
PDS_M3_04400,-60.2746,67.2939,58.6,30.7,10.7,0.27,3.58,1.16,0.023,5.2,43.6
PDS_M3_04401,2.9699,-74.1588,19.0,56.4,20.0,7.73,15.7,5.79,0.01,6.9,40.8
PDS_M3_04402,-40.6644,21.5615,73.5,16.0,10.5,0.22,4.95,1.25,0.002,5.4,44.1
PDS_M3_04403,-22.6976,-71.6691,16.2,54.3,20.0,4.25,16.74,4.89,0.016,6.0,41.0
PDS_M3_04404,78.3209,-119.8316,58.6,34.0,7.4,0.58,5.13,1.15,0.015,5.3,43.3
PDS_M3_04405,29.4903,-33.4175,28.3,48.5,20.0,6.64,20.63,4.42,0.016,8.0,41.8
PDS_M3_04406,71.8369,-96.3816,64.0,28.3,7.7,0.64,4.73,1.5,0.015,6.3,42.6
PDS_M3_04407,-57.191,12.5284,59.6,31.4,9.0,0.51,3.64,0.97,0.023,5.0,43.5
PDS_M3_04408,-18.8577,-108.4217,65.5,23.7,10.8,0.49,4.43,1.21,0.011,6.6,42.3
PDS_M3_04409,8.7571,3.0262,23.4,52.6,20.0,8.61,18.69,4.07,0.014,5.5,42.1
PDS_M3_04410,-67.7187,-123.3437,73.5,17.1,9.4,0.33,3.76,1.17,0.012,8.0,43.6
PDS_M3_04411,-79.33,61.5509,71.1,18.3,10.6,0.39,3.96,1.33,0.019,7.4,43.9
PDS_M3_04412,27.2695,91.4176,61.1,29.4,9.5,0.32,4.31,1.33,0.02,6.2,43.4
PDS_M3_04413,22.6911,-140.2581,63.7,27.9,8.4,0.63,6.13,1.65,0.017,5.5,43.5
PDS_M3_04414,-14.2738,-11.5911,30.8,42.7,20.0,3.77,15.81,5.79,0.028,5.0,42.4
PDS_M3_04415,-1.6569,-154.4862,67.6,24.7,7.7,0.53,3.89,1.05,0.018,6.9,43.7
PDS_M3_04416,-13.5291,35.3457,21.5,51.4,20.0,4.25,15.6,2.05,0.023,7.5,41.9
PDS_M3_04417,-76.1592,-84.8145,72.1,17.7,10.2,0.32,3.31,1.23,0.01,5.4,43.4
PDS_M3_04418,-26.3405,9.9448,29.2,56.9,13.9,4.61,13.17,3.43,0.011,6.3,41.9
PDS_M3_04419,-51.6668,6.286,66.4,23.8,9.8,0.32,3.65,1.28,0.027,6.4,43.4
PDS_M3_04420,-64.2521,152.7676,57.4,34.5,8.1,0.42,3.84,1.03,0.007,6.9,42.9
PDS_M3_04421,73.0753,17.67,75.8,16.5,7.7,0.38,6.33,1.09,0.02,4.9,44.5
PDS_M3_04422,15.8976,29.8795,21.4,47.2,20.0,9.83,19.33,2.21,0.023,6.3,41.7
PDS_M3_04423,36.585,-35.4049,31.7,47.2,20.0,4.6,17.4,4.27,0.022,8.5,41.6
PDS_M3_04424,-29.5418,161.6687,69.2,20.2,10.6,0.27,3.4,1.38,0.005,5.9,43.4
PDS_M3_04425,-17.0965,99.7869,80.2,11.9,7.9,0.59,3.58,1.32,0.013,6.3,43.5
PDS_M3_04426,-42.0922,-77.2541,71.6,20.9,7.5,0.29,3.06,1.21,0.019,6.3,44.3
PDS_M3_04427,-64.4855,123.9155,59.4,32.1,8.5,0.26,4.38,1.62,0.019,6.5,43.1
PDS_M3_04428,-51.3549,-24.3373,64.3,26.3,9.4,0.41,4.36,1.74,0.015,4.4,43.5
PDS_M3_04429,47.6022,118.3202,67.0,22.5,10.5,0.39,4.47,1.25,0.011,8.3,43.6
PDS_M3_04430,28.4073,116.2397,62.8,26.3,10.9,0.5,4.19,1.58,0.013,5.9,43.6
PDS_M3_04431,7.5086,-112.0067,65.7,24.3,10.0,0.46,3.75,1.2,0.011,6.5,43.4
PDS_M3_04432,-3.9856,72.4108,59.8,30.8,9.4,0.21,3.67,1.13,0.008,5.9,42.9
PDS_M3_04433,67.5895,-75.3685,68.0,24.4,7.6,0.6,4.33,1.39,0.013,6.9,43.4
PDS_M3_04434,-68.3624,-72.9026,69.4,23.3,7.3,0.41,4.16,1.08,0.026,5.2,42.9
PDS_M3_04435,-35.1039,-73.3147,24.4,46.6,20.0,10.96,22.0,2.66,0.013,4.2,41.8
PDS_M3_04436,-24.0099,81.2046,79.6,11.2,9.2,0.78,3.97,1.02,0.006,5.7,44.5
PDS_M3_04437,45.1881,-97.2626,68.4,21.2,10.4,0.64,5.43,0.65,0.013,6.4,43.7
PDS_M3_04438,78.8023,-179.6739,63.1,28.6,8.3,0.48,5.78,0.98,0.025,5.4,43.2
PDS_M3_04439,-41.4927,77.4853,58.2,34.6,7.2,0.24,4.02,0.94,0.005,5.0,43.8
PDS_M3_04440,59.8892,-118.3735,68.4,22.9,8.7,0.25,3.61,0.94,0.015,6.2,43.2
PDS_M3_04441,52.8996,-142.3863,66.4,22.7,10.9,0.62,4.17,0.78,0.019,4.7,43.5
PDS_M3_04442,-44.0548,-94.4942,72.7,17.1,10.2,0.39,5.11,0.74,0.008,7.0,43.4
PDS_M3_04443,-16.1068,-43.2358,26.2,55.5,18.3,5.93,12.96,5.6,0.016,5.4,41.8
PDS_M3_04444,-14.4523,-8.6737,22.5,47.0,20.0,5.22,18.25,3.72,0.01,6.4,41.9
PDS_M3_04445,76.5153,-163.9548,78.0,13.1,8.9,0.52,3.67,1.01,0.008,4.4,44.0
PDS_M3_04446,-51.0573,169.4064,70.6,20.9,8.5,0.62,3.27,1.18,0.019,7.4,43.4
PDS_M3_04447,47.8653,77.7827,66.5,25.1,8.4,0.68,4.81,1.31,0.026,6.4,43.0
PDS_M3_04448,-26.5292,-63.6501,28.2,37.5,20.0,4.94,20.05,4.79,0.013,6.5,42.7
PDS_M3_04449,36.9393,-65.269,23.7,44.1,20.0,4.46,14.34,5.62,0.018,4.3,41.9
PDS_M3_04450,-12.7982,-18.5247,17.2,48.5,20.0,7.52,14.03,3.12,0.018,4.9,41.2
PDS_M3_04451,12.5376,45.4481,26.0,39.8,20.0,4.58,19.27,2.18,0.016,6.0,41.5
PDS_M3_04452,53.2179,-127.3057,65.3,27.1,7.6,0.45,4.4,0.87,0.011,4.5,44.1
PDS_M3_04453,48.6665,-111.9853,71.0,21.0,8.0,0.33,2.75,0.72,0.009,5.0,44.5
PDS_M3_04454,58.6277,129.3964,63.6,26.0,10.4,0.65,4.99,0.95,0.01,6.7,43.4
PDS_M3_04455,-70.4612,-87.7482,64.4,25.9,9.7,0.46,3.9,1.02,0.014,5.1,43.0
PDS_M3_04456,30.7281,-43.1298,15.0,54.0,20.0,2.01,16.89,4.25,0.012,6.2,41.7
PDS_M3_04457,-57.602,133.6579,75.4,16.9,7.7,0.48,3.82,0.41,0.008,4.8,43.5
PDS_M3_04458,-13.469,58.7332,27.6,43.6,20.0,4.04,17.86,2.3,0.014,6.5,42.2
PDS_M3_04459,7.7741,-56.9837,18.7,48.3,20.0,7.87,16.31,1.21,0.011,4.5,41.8
PDS_M3_04460,-15.5617,66.1318,67.6,25.2,7.2,0.42,2.86,1.1,0.018,6.5,43.4
PDS_M3_04461,3.1379,-172.914,63.8,27.3,8.9,0.33,4.89,1.12,0.013,8.4,43.2
PDS_M3_04462,79.4442,84.8314,62.0,27.7,10.3,0.81,4.29,0.93,0.02,5.2,43.1
PDS_M3_04463,-58.3652,-4.6742,62.3,29.6,8.1,0.3,4.56,1.34,0.016,5.0,43.6
PDS_M3_04464,28.073,112.7456,63.9,25.7,10.4,0.5,4.85,0.56,0.012,7.2,43.2
PDS_M3_04465,-16.6398,163.6696,61.2,29.0,9.8,0.46,4.3,0.97,0.014,5.9,44.0
PDS_M3_04466,-58.7184,153.2839,59.9,32.6,7.5,0.3,4.46,0.48,0.014,4.4,44.0
PDS_M3_04467,-54.6021,147.3354,61.8,28.6,9.6,0.4,3.02,1.09,0.016,6.2,43.0
PDS_M3_04468,71.8837,4.3812,69.9,22.5,7.6,0.25,3.54,0.97,0.017,6.1,43.3
PDS_M3_04469,60.7362,-50.3488,68.3,22.1,9.6,0.76,4.27,0.61,0.012,5.0,43.4
PDS_M3_04470,65.1267,-12.5873,71.3,21.1,7.6,0.41,4.35,1.4,0.014,5.0,43.2
PDS_M3_04471,78.6452,68.3626,67.6,23.8,8.6,0.42,4.52,1.31,0.016,6.8,43.7
PDS_M3_04472,-46.6695,138.2392,60.2,30.5,9.3,0.74,5.32,1.41,0.002,4.6,43.6
PDS_M3_04473,-23.1297,-105.4849,71.0,21.8,7.2,0.33,4.12,0.65,0.018,4.2,44.0
PDS_M3_04474,27.075,150.5495,62.0,30.4,7.6,0.64,4.49,0.8,0.009,4.9,43.1
PDS_M3_04475,-2.5916,113.4649,71.9,19.8,8.3,0.54,4.25,1.46,0.013,6.8,43.4
PDS_M3_04476,-13.0577,172.3882,61.0,30.2,8.8,0.15,4.0,1.34,0.011,5.5,42.3
PDS_M3_04477,-22.7502,136.8906,63.9,25.7,10.4,0.39,4.03,1.52,0.019,5.1,43.0
PDS_M3_04478,15.0049,-79.2226,28.3,53.6,18.1,2.83,18.22,4.96,0.021,5.7,41.6
PDS_M3_04479,12.0949,-141.8559,72.0,19.6,8.4,0.46,4.11,1.07,0.014,6.4,43.1
PDS_M3_04480,-54.1667,-139.5932,69.1,22.0,8.9,0.46,4.02,1.28,0.014,7.6,43.2
PDS_M3_04481,-4.5216,-75.1596,15.0,56.5,20.0,3.63,13.58,4.69,0.015,6.2,41.4
PDS_M3_04482,8.5555,41.1061,30.8,48.2,20.0,2.14,18.71,5.95,0.015,8.2,42.1
PDS_M3_04483,11.2459,109.5553,57.0,35.0,8.0,0.4,4.12,1.86,0.021,6.7,43.5
PDS_M3_04484,-46.3828,143.7301,61.8,28.1,10.1,0.74,3.5,0.99,0.033,5.4,43.6
PDS_M3_04485,38.7634,44.5512,21.4,46.2,20.0,4.45,17.6,5.22,0.014,6.9,41.3
PDS_M3_04486,-75.9681,-177.9727,57.4,35.3,7.3,0.38,3.32,1.22,0.018,6.6,43.2
PDS_M3_04487,-23.2269,-112.926,63.7,26.8,9.5,0.45,4.24,0.83,0.01,7.2,42.9
PDS_M3_04488,44.834,-144.0986,72.1,18.6,9.3,0.23,3.96,1.07,0.01,6.7,43.6
PDS_M3_04489,10.2229,-49.2032,31.1,45.8,20.0,1.6,14.59,4.7,0.009,5.9,42.6
PDS_M3_04490,-38.214,0.4864,19.2,53.9,20.0,6.52,18.13,6.47,0.023,5.2,41.5
PDS_M3_04491,31.1925,-164.377,57.7,34.5,7.8,0.29,4.5,0.95,0.019,6.0,42.6
PDS_M3_04492,10.7826,-54.5479,26.0,50.2,20.0,4.67,18.37,5.05,0.013,4.0,41.9
PDS_M3_04493,47.399,-115.4953,65.2,27.0,7.8,0.2,4.66,0.6,0.016,5.6,43.8
PDS_M3_04494,37.604,52.9453,22.9,38.7,20.0,2.23,14.32,5.05,0.02,4.4,42.6
PDS_M3_04495,17.6173,-12.8619,20.5,49.0,20.0,5.2,14.38,1.7,0.022,6.3,41.5
PDS_M3_04496,-1.8916,-1.6856,24.2,44.6,20.0,6.76,16.78,4.06,0.017,6.8,41.9
PDS_M3_04497,-58.6909,-26.031,74.5,15.9,9.6,0.57,3.4,0.74,0.016,6.2,43.7
PDS_M3_04498,-38.1867,164.1671,65.3,24.9,9.8,0.42,3.56,1.1,0.023,5.6,42.7
PDS_M3_04499,-12.9441,-102.6954,55.3,35.3,9.4,0.45,5.13,1.32,0.008,5.5,42.3
PDS_M3_04500,15.8879,5.9991,27.1,46.4,20.0,4.28,17.3,4.91,0.003,7.2,42.1
PDS_M3_04501,2.1933,84.9663,72.4,19.6,8.0,0.7,4.77,1.01,0.023,7.0,43.4
PDS_M3_04502,-33.8905,20.464,30.8,48.9,20.0,2.28,17.82,6.24,0.012,4.5,41.5
PDS_M3_04503,-78.9657,154.4475,57.5,35.0,7.5,0.83,5.34,1.18,0.023,6.1,43.3
PDS_M3_04504,-0.6017,-43.9314,22.5,48.4,20.0,5.88,15.74,2.46,0.027,6.2,41.8
PDS_M3_04505,-34.2998,-13.0767,27.3,49.5,20.0,6.73,17.33,4.59,0.026,5.6,42.0
PDS_M3_04506,37.5373,-148.132,64.9,27.0,8.1,0.46,5.67,0.89,0.002,4.2,42.8
PDS_M3_04507,-76.1686,39.2397,63.8,27.3,8.9,0.47,3.51,1.3,0.02,3.3,42.6
PDS_M3_04508,13.5724,-76.2437,15.0,54.9,20.0,3.88,16.04,4.9,0.012,6.0,41.3
PDS_M3_04509,70.6359,-122.2887,66.9,22.2,10.9,0.6,3.55,1.52,0.011,3.8,43.4
PDS_M3_04510,-52.0945,16.0313,70.9,19.1,10.0,0.51,3.71,0.94,0.017,5.2,43.2
PDS_M3_04511,-4.5361,11.6317,17.9,52.1,20.0,4.9,14.65,3.18,0.011,6.6,41.2
PDS_M3_04512,-65.3725,-152.6862,67.4,22.1,10.5,0.5,4.6,1.36,0.019,6.3,43.2
PDS_M3_04513,20.1091,71.3576,62.3,27.2,10.5,0.35,5.68,1.35,0.023,5.1,43.2
PDS_M3_04514,8.0851,44.558,21.3,53.8,20.0,6.28,17.62,5.16,0.014,6.9,42.3
PDS_M3_04515,-14.8215,-111.9538,59.2,31.2,9.6,0.46,4.52,0.9,0.017,6.4,43.1
PDS_M3_04516,3.4203,-11.0034,27.3,50.9,20.0,4.38,14.4,3.15,0.012,5.2,41.4
PDS_M3_04517,63.4519,79.3162,70.3,22.3,7.4,0.64,4.98,1.12,0.018,7.6,42.7
PDS_M3_04518,-48.5929,10.5969,74.9,14.4,10.7,0.44,4.22,0.83,0.024,6.4,42.6
PDS_M3_04519,-76.3897,-37.6239,76.3,16.5,7.2,0.28,4.26,1.23,0.017,4.9,43.8
PDS_M3_04520,57.8664,-63.9582,67.2,24.6,8.2,0.31,3.99,0.58,0.014,3.3,42.9
PDS_M3_04521,12.3387,39.7418,22.4,49.8,20.0,8.33,12.36,5.39,0.023,6.1,42.0
PDS_M3_04522,62.5054,158.0791,78.6,14.3,7.1,0.61,4.22,1.16,0.013,5.2,44.2
PDS_M3_04523,15.5112,61.8281,67.6,21.8,10.6,0.52,4.3,0.82,0.013,5.8,43.6
PDS_M3_04524,49.6258,-153.0915,61.6,30.3,8.1,0.52,4.16,0.97,0.011,5.5,43.1
PDS_M3_04525,-11.2523,-14.1534,16.1,55.3,20.0,6.17,18.02,3.53,0.006,3.2,42.3
PDS_M3_04526,39.9776,140.6967,60.2,28.8,11.0,0.46,4.63,1.74,0.01,5.4,42.9
PDS_M3_04527,66.0866,-145.9935,70.2,21.6,8.2,0.4,4.1,0.71,0.015,4.5,43.1
PDS_M3_04528,11.5397,175.9953,74.4,15.1,10.5,0.42,1.55,1.17,0.016,5.2,43.7
PDS_M3_04529,-51.0744,161.665,67.3,23.9,8.8,0.43,2.93,0.79,0.009,5.1,43.7
PDS_M3_04530,-36.9924,-151.8212,58.3,32.0,9.7,0.35,3.82,0.78,0.012,5.9,42.0
PDS_M3_04531,-48.2169,156.0288,74.1,17.9,8.0,0.56,5.22,0.84,0.004,6.2,44.0
PDS_M3_04532,-40.5029,-49.2723,57.3,33.7,9.0,0.3,4.69,1.05,0.028,6.4,42.4
PDS_M3_04533,-30.9735,124.0953,58.7,33.3,8.0,0.26,3.65,1.53,0.024,2.9,42.2
PDS_M3_04534,8.8214,-29.382,19.2,53.0,20.0,5.78,17.16,5.3,0.011,7.5,41.5
PDS_M3_04535,14.0787,-21.2922,22.6,54.8,20.0,3.44,18.13,3.3,0.016,3.8,41.4
PDS_M3_04536,-11.76,48.3275,39.5,49.9,10.6,3.7,15.52,2.09,0.01,5.8,42.5
PDS_M3_04537,18.4673,98.8119,67.6,21.8,10.6,0.18,3.33,1.28,0.021,4.8,43.5
PDS_M3_04538,-66.948,-167.8359,78.6,12.5,8.9,0.54,4.9,1.12,0.019,6.2,43.9
PDS_M3_04539,-65.9539,33.5362,68.4,22.2,9.4,0.44,5.09,0.91,0.007,3.6,43.9
PDS_M3_04540,-52.5073,-112.7761,74.2,16.2,9.6,0.39,3.72,1.3,0.009,7.7,43.5
PDS_M3_04541,2.8924,-55.4582,18.0,53.4,20.0,4.58,13.06,4.74,0.015,5.4,41.8
PDS_M3_04542,-45.7609,-54.7313,60.2,32.7,7.1,0.25,4.17,1.42,0.023,6.4,42.4
PDS_M3_04543,-34.6745,-11.1383,15.0,50.0,20.0,4.18,15.17,2.85,0.013,4.8,41.9
PDS_M3_04544,-15.9499,-59.7109,27.1,40.9,20.0,9.97,15.68,3.08,0.023,7.8,41.7
PDS_M3_04545,49.8986,-141.35,65.0,26.5,8.5,0.4,3.67,0.78,0.017,4.2,43.2
PDS_M3_04546,-77.7821,-127.5737,64.0,26.3,9.7,0.4,4.8,0.5,0.01,2.6,43.1
PDS_M3_04547,23.9006,-167.9623,69.0,23.1,7.9,0.57,4.25,0.48,0.012,7.4,43.4
PDS_M3_04548,27.0202,-10.7103,23.2,53.3,20.0,7.45,16.38,3.06,0.019,4.4,41.7
PDS_M3_04549,47.7849,163.6012,63.2,28.0,8.8,0.56,3.76,1.25,0.02,5.7,42.3
PDS_M3_04550,69.2405,-138.3569,65.1,24.5,10.4,0.27,3.41,1.35,0.021,7.7,43.8
PDS_M3_04551,-76.7779,160.6552,76.6,15.3,8.1,0.43,4.0,1.17,0.016,5.3,43.4
PDS_M3_04552,-55.3946,84.0101,67.2,25.0,7.8,0.53,3.79,0.88,0.018,6.1,43.2
PDS_M3_04553,61.7874,49.4996,60.0,29.7,10.3,0.64,4.27,1.3,0.029,6.8,43.0
PDS_M3_04554,-6.637,52.3,22.5,39.6,20.0,7.24,10.05,4.78,0.029,5.8,42.0
PDS_M3_04555,10.3345,117.622,81.2,10.2,8.6,0.32,4.08,0.77,0.015,7.4,43.6
PDS_M3_04556,26.0844,-141.5088,66.7,23.1,10.2,0.53,4.52,1.28,0.004,6.6,43.8
PDS_M3_04557,28.6507,1.7116,15.0,54.4,20.0,6.79,17.48,3.86,0.016,4.7,42.3
PDS_M3_04558,69.0785,70.9528,63.4,27.8,8.8,0.49,4.79,0.87,0.016,6.7,43.9
PDS_M3_04559,79.5119,31.2554,69.9,22.1,8.0,0.28,4.88,0.81,0.007,5.8,43.5
PDS_M3_04560,35.2252,119.8005,76.8,13.1,10.1,0.29,3.23,1.15,0.016,5.8,43.5
PDS_M3_04561,-34.0446,-153.9822,64.1,28.2,7.7,0.47,3.59,1.28,0.009,6.2,43.0
PDS_M3_04562,60.7604,68.6524,70.8,18.5,10.7,0.5,3.13,1.28,0.017,6.9,43.3
PDS_M3_04563,-72.1247,12.25,59.6,32.8,7.6,0.42,4.54,0.93,0.019,4.6,42.7
PDS_M3_04564,-43.0271,-43.5021,80.1,9.7,10.2,0.29,4.3,1.05,0.018,7.4,44.0
PDS_M3_04565,63.5817,-57.501,69.6,21.7,8.7,0.62,2.92,1.32,0.021,7.3,43.3
PDS_M3_04566,-39.0094,43.4997,22.7,54.1,20.0,4.16,16.82,4.21,0.018,5.0,41.8
PDS_M3_04567,-44.6958,140.7583,66.2,25.2,8.6,0.53,4.45,0.83,0.02,7.9,43.2
PDS_M3_04568,-57.9,-1.3767,64.9,27.2,7.9,0.18,4.29,0.91,0.023,5.6,43.5
PDS_M3_04569,57.4579,116.9003,65.2,27.3,7.5,0.63,5.17,0.92,0.012,6.5,43.4
PDS_M3_04570,0.0093,-35.2237,21.4,50.4,20.0,6.25,16.2,3.54,0.014,5.2,41.6
PDS_M3_04571,27.9829,-143.138,67.4,22.1,10.5,0.65,4.19,1.09,0.013,6.8,43.3
PDS_M3_04572,-41.7494,-157.8579,67.2,25.4,7.4,0.54,3.4,1.05,0.011,5.3,43.3
PDS_M3_04573,41.2865,-161.5196,70.9,18.2,10.9,0.24,4.29,0.86,0.013,6.0,43.7
PDS_M3_04574,41.6009,-43.1459,64.9,28.1,7.0,0.49,4.06,0.82,0.02,2.7,43.0
PDS_M3_04575,-29.9843,-58.5944,36.9,43.2,19.9,5.31,13.03,3.28,0.019,5.2,42.1
PDS_M3_04576,-14.2908,78.4573,68.0,21.6,10.4,0.36,3.87,1.2,0.005,5.1,42.6
PDS_M3_04577,-46.4496,87.4157,58.3,31.0,10.7,0.7,4.81,0.97,0.025,3.5,42.6
PDS_M3_04578,76.2498,-161.6926,68.9,23.5,7.6,0.51,3.63,1.08,0.02,6.7,43.3
PDS_M3_04579,23.2964,-100.3956,56.8,33.4,9.8,0.65,3.39,1.46,0.016,5.3,42.8
PDS_M3_04580,69.527,-81.2657,74.7,17.9,7.4,0.47,4.38,1.08,0.007,3.6,42.8
PDS_M3_04581,-31.4583,17.1403,19.7,48.8,20.0,9.04,17.9,4.03,0.008,6.5,41.9
PDS_M3_04582,45.1025,-127.9745,62.4,27.7,9.9,0.73,2.98,1.56,0.024,7.1,42.8
PDS_M3_04583,42.5374,-131.7812,72.0,19.6,8.4,0.56,3.28,1.42,0.021,5.6,42.9
PDS_M3_04584,30.6649,159.764,68.7,23.0,8.3,0.41,4.39,0.91,0.022,4.0,43.6
PDS_M3_04585,74.5022,109.513,61.9,30.6,7.5,0.51,5.1,1.42,0.014,3.5,43.5
PDS_M3_04586,-17.0311,-114.9642,55.9,36.8,7.3,0.37,4.45,1.05,0.023,4.3,42.0
PDS_M3_04587,-59.0852,-33.6356,69.9,22.6,7.5,0.47,3.71,0.78,0.007,4.8,43.7
PDS_M3_04588,27.4734,-51.9761,18.9,49.7,20.0,5.08,18.0,3.94,0.008,7.9,41.6
PDS_M3_04589,36.6896,104.7615,74.6,18.4,7.0,0.43,4.61,0.89,0.021,5.6,43.5
PDS_M3_04590,12.0097,3.6766,15.0,50.0,20.0,6.09,17.55,4.59,0.009,4.3,41.1
PDS_M3_04591,-46.9091,-133.9741,63.8,26.1,10.1,0.3,4.86,0.99,0.015,5.1,43.2
PDS_M3_04592,0.713,86.0371,78.8,11.9,9.3,0.46,4.17,1.71,0.004,7.1,43.7
PDS_M3_04593,-30.0496,-37.1203,19.0,45.1,20.0,3.51,15.54,4.39,0.002,6.5,42.6
PDS_M3_04594,-11.6054,-85.3473,46.1,44.3,9.6,0.24,4.09,0.92,0.009,5.9,42.8
PDS_M3_04595,23.235,-44.8205,26.5,42.7,20.0,5.88,19.0,5.97,0.013,5.6,41.9
PDS_M3_04596,39.2344,-0.8076,21.1,50.3,20.0,4.79,13.13,5.17,0.009,5.8,42.2
PDS_M3_04597,-42.844,-56.4784,63.2,26.0,10.8,0.43,3.14,1.08,0.019,6.0,43.6
PDS_M3_04598,-15.1479,-92.9139,67.1,22.0,10.9,0.46,3.81,0.9,0.021,5.6,42.8
PDS_M3_04599,-36.9341,-36.5393,26.2,45.8,20.0,6.42,17.43,5.14,0.019,5.9,42.2
PDS_M3_04600,-48.2189,-173.0978,69.6,22.6,7.8,0.36,6.14,1.51,0.008,5.4,43.5
PDS_M3_04601,45.342,98.0992,74.5,16.7,8.8,0.36,5.76,0.61,0.018,4.8,43.3
PDS_M3_04602,65.4804,-118.4598,71.8,19.2,9.0,0.41,4.16,0.9,0.008,5.5,43.1
PDS_M3_04603,-20.7629,-164.1943,71.4,18.6,10.0,0.2,4.48,1.25,0.026,6.2,43.4
PDS_M3_04604,40.2046,55.3315,69.2,21.1,9.7,0.61,4.68,0.73,0.015,4.9,43.4
PDS_M3_04605,63.5192,98.617,75.7,15.2,9.1,0.45,3.39,1.05,0.01,6.3,44.1
PDS_M3_04606,55.3799,112.9785,66.1,24.2,9.7,0.48,4.21,1.48,0.015,6.8,42.4
PDS_M3_04607,-50.7499,-2.3367,66.3,26.6,7.1,0.59,5.28,1.29,0.016,6.2,42.8
PDS_M3_04608,73.0067,-106.0675,56.6,33.3,10.1,0.58,4.31,1.26,0.019,5.1,43.1
PDS_M3_04609,-19.7318,85.402,74.3,17.9,7.8,0.36,5.76,1.32,0.004,5.9,43.5
PDS_M3_04610,-25.7215,71.8967,67.5,22.9,9.6,0.54,3.84,1.2,0.011,6.0,43.4
PDS_M3_04611,-70.011,-91.3425,85.6,6.9,7.5,0.54,4.13,1.0,0.018,6.0,43.8
PDS_M3_04612,-2.2122,145.2268,65.6,26.9,7.5,0.5,4.14,1.39,0.02,7.6,43.4
PDS_M3_04613,-62.5578,-142.4263,68.5,24.4,7.1,0.61,3.16,0.96,0.035,4.4,42.8
PDS_M3_04614,-40.2336,173.7678,71.3,18.1,10.6,0.57,5.08,1.05,0.023,6.0,44.3
PDS_M3_04615,-29.2892,129.6892,61.4,29.2,9.4,0.56,3.93,0.6,0.011,5.3,43.3
PDS_M3_04616,49.4122,67.6435,70.2,21.4,8.4,0.65,4.41,0.96,0.026,4.3,43.6
PDS_M3_04617,60.0782,157.95,68.2,21.6,10.2,0.45,3.72,1.12,0.018,4.3,43.0
PDS_M3_04618,-31.6054,80.032,66.2,24.3,9.5,0.46,5.58,1.11,0.023,6.9,43.1
PDS_M3_04619,57.3917,-111.4355,75.0,15.5,9.5,0.57,5.19,1.38,0.018,4.1,43.8
PDS_M3_04620,57.1569,-20.8238,62.6,28.5,8.9,0.42,4.25,0.97,0.024,6.2,43.1
PDS_M3_04621,42.3442,-154.2589,69.6,23.4,7.0,0.52,3.22,0.98,0.021,6.0,43.5
PDS_M3_04622,-56.5288,-39.7233,76.7,15.3,8.0,0.37,4.8,0.94,0.018,4.8,43.4
PDS_M3_04623,30.4517,86.9771,63.8,28.8,7.4,0.11,5.07,1.17,0.012,6.8,42.7
PDS_M3_04624,71.2039,-40.8804,66.2,24.2,9.6,0.54,3.46,1.56,0.012,4.4,43.8
PDS_M3_04625,29.2065,-61.0941,31.3,53.1,15.6,3.32,16.84,5.02,0.009,5.1,41.7
PDS_M3_04626,-26.9413,34.3281,23.8,56.4,19.8,9.08,16.24,3.41,0.015,4.5,42.2
PDS_M3_04627,0.0927,133.9936,65.0,26.6,8.4,0.57,5.07,0.99,0.022,6.7,42.9
PDS_M3_04628,23.316,-162.8701,72.8,19.6,7.6,0.57,4.08,0.46,0.018,7.2,43.5
PDS_M3_04629,1.6913,-41.2306,25.7,52.0,20.0,4.55,16.39,4.19,0.01,6.1,41.7
PDS_M3_04630,-60.8075,-123.0333,58.6,30.7,10.7,0.15,3.58,0.99,0.021,8.8,43.0
PDS_M3_04631,-30.0698,70.3275,76.2,16.5,7.3,0.49,3.36,0.97,0.008,6.3,44.0
PDS_M3_04632,48.3834,-141.9392,61.4,28.3,10.3,0.41,5.67,0.77,0.017,6.6,43.8
PDS_M3_04633,57.8269,59.3308,82.7,8.3,9.0,0.6,3.15,1.07,0.023,7.0,43.8
PDS_M3_04634,-58.032,-76.9749,65.1,24.8,10.1,0.67,3.6,0.75,0.008,5.0,43.3
PDS_M3_04635,72.3819,-108.3899,80.8,11.6,7.6,0.25,4.83,0.85,0.016,6.3,43.7
PDS_M3_04636,-27.3884,157.0869,59.8,32.7,7.5,0.45,3.78,1.04,0.011,4.6,43.1
PDS_M3_04637,25.9702,-173.3312,74.2,15.2,10.6,0.57,3.75,1.41,0.025,4.2,43.3
PDS_M3_04638,40.292,-22.4002,71.0,18.4,10.6,0.4,4.04,1.22,0.028,7.1,43.1
PDS_M3_04639,49.9114,-172.2143,73.0,18.1,8.9,0.71,2.48,1.28,0.018,4.8,43.7
PDS_M3_04640,71.32,-5.9065,73.8,15.7,10.5,0.39,5.1,1.69,0.02,6.0,43.7
PDS_M3_04641,-29.9329,0.3771,20.7,64.8,14.5,6.95,9.81,3.91,0.023,7.8,42.2
PDS_M3_04642,57.361,-64.2015,60.1,32.2,7.7,0.29,3.55,0.79,0.02,3.6,43.1
PDS_M3_04643,-58.9301,-132.4218,67.7,24.0,8.3,0.47,2.83,0.93,0.01,6.6,43.4
PDS_M3_04644,32.8065,-44.5005,16.3,45.5,20.0,5.73,19.15,4.99,0.012,5.8,41.8
PDS_M3_04645,38.7164,62.0147,65.2,24.7,10.1,0.41,2.92,1.06,0.012,5.7,43.7
PDS_M3_04646,28.4357,101.6625,69.7,19.4,10.9,0.64,4.38,0.98,0.005,5.9,43.4
PDS_M3_04647,-39.6296,11.0702,24.7,46.2,20.0,7.98,22.0,4.63,0.021,5.8,40.8
PDS_M3_04648,59.6869,32.3404,62.5,27.9,9.6,0.21,4.69,1.38,0.007,6.4,42.8
PDS_M3_04649,-52.9826,-107.7781,70.4,19.6,10.0,0.62,4.79,1.4,0.02,4.5,43.9
PDS_M3_04650,-71.4184,-76.5611,66.4,25.7,7.9,0.64,4.7,1.15,0.011,6.4,44.0
PDS_M3_04651,34.7944,-121.7176,63.8,27.9,8.3,0.25,5.43,0.8,0.014,4.4,43.8
PDS_M3_04652,-3.9239,-90.2537,72.7,18.7,8.6,0.71,5.16,1.14,0.018,8.3,43.4
PDS_M3_04653,55.8557,-99.0408,63.3,27.3,9.4,0.51,4.97,0.92,0.024,5.7,43.1
PDS_M3_04654,-18.6565,7.0016,18.3,45.5,20.0,4.47,14.77,6.02,0.02,6.0,41.9
PDS_M3_04655,-53.0754,22.568,68.4,23.6,8.0,0.33,4.78,0.74,0.014,7.9,43.6
PDS_M3_04656,53.8308,160.1811,76.2,14.9,8.9,0.67,3.87,1.3,0.015,4.9,42.7
PDS_M3_04657,7.8255,-109.5946,69.2,20.8,10.0,0.41,4.02,1.29,0.008,5.8,43.4
PDS_M3_04658,-49.7287,51.0033,71.2,21.5,7.3,0.4,5.58,1.37,0.019,4.1,43.5
PDS_M3_04659,35.2614,114.2133,66.2,24.7,9.1,0.52,3.75,1.16,0.015,4.6,42.9
PDS_M3_04660,1.7782,21.6869,32.3,50.7,17.0,4.88,12.4,4.78,0.009,4.1,41.9
PDS_M3_04661,16.6901,-88.1987,67.7,23.1,9.2,0.22,3.91,1.82,0.02,6.8,43.5
PDS_M3_04662,-6.2563,-85.4819,69.8,20.1,10.1,0.47,3.76,0.84,0.024,6.5,43.4
PDS_M3_04663,52.5934,-165.8689,66.2,25.9,7.9,0.4,3.83,1.32,0.014,5.3,43.7
PDS_M3_04664,52.73,-70.0401,76.0,13.6,10.4,0.33,4.39,1.11,0.012,5.2,44.4
PDS_M3_04665,33.5022,88.0573,65.8,25.9,8.3,0.64,4.42,1.2,0.012,7.0,43.7
PDS_M3_04666,-63.1358,-162.8936,57.8,34.4,7.8,0.81,4.93,1.2,0.017,5.8,43.2
PDS_M3_04667,54.2166,-101.0537,84.5,6.6,8.9,0.31,5.95,0.78,0.008,4.8,43.9
PDS_M3_04668,27.3621,74.2437,66.0,23.5,10.5,0.48,3.91,0.7,0.015,7.1,43.6
PDS_M3_04669,31.5239,101.7546,75.9,16.8,7.3,0.39,4.15,0.72,0.013,5.6,43.4
PDS_M3_04670,-21.9227,-16.0854,34.3,45.7,20.0,8.75,10.4,5.84,0.018,6.6,42.0
PDS_M3_04671,60.6847,71.3068,73.7,16.7,9.6,0.52,3.17,1.17,0.018,5.9,43.1
PDS_M3_04672,36.0595,-40.3372,23.1,53.1,20.0,5.17,15.12,3.58,0.008,8.3,41.2
PDS_M3_04673,-61.9855,-122.4312,69.7,23.0,7.3,0.63,4.57,0.67,0.019,5.6,44.0
PDS_M3_04674,-14.7555,-36.6662,28.7,47.8,20.0,4.77,17.07,4.84,0.018,3.4,42.1
PDS_M3_04675,61.8209,28.7884,79.9,9.8,10.3,0.42,4.69,0.64,0.014,5.5,44.0
PDS_M3_04676,-72.4485,161.2992,62.9,26.2,10.9,0.68,5.21,1.24,0.012,6.1,43.2
PDS_M3_04677,73.8267,-155.2497,66.5,26.3,7.2,0.57,5.56,0.87,0.012,6.4,44.1
PDS_M3_04678,28.666,2.6619,18.7,47.1,20.0,4.84,15.56,3.5,0.014,6.8,42.4
PDS_M3_04679,21.0202,-61.5889,23.1,61.3,15.6,3.48,15.04,6.6,0.009,5.1,41.8
PDS_M3_04680,-36.7105,2.9922,31.0,57.3,11.7,7.38,15.12,0.56,0.011,7.7,42.1
PDS_M3_04681,-40.1933,-171.3688,76.4,16.6,7.0,0.62,4.95,1.09,0.016,7.0,43.6
PDS_M3_04682,70.7293,-67.3109,73.7,19.2,7.1,0.67,4.31,0.85,0.012,6.0,43.1
PDS_M3_04683,-32.2764,115.1525,69.9,20.0,10.1,0.77,4.06,1.34,0.02,5.0,43.3
PDS_M3_04684,44.0808,19.419,65.6,27.1,7.3,0.34,3.8,1.2,0.014,8.1,43.2
PDS_M3_04685,-17.1005,-17.7903,34.0,56.1,9.9,10.22,13.74,5.53,0.012,6.7,41.3
PDS_M3_04686,-57.7193,-77.211,65.2,24.0,10.8,0.39,4.75,0.8,0.017,5.2,42.4
PDS_M3_04687,-78.2856,-72.7047,77.4,11.7,10.9,0.42,3.67,0.77,0.013,7.5,43.7
PDS_M3_04688,7.0812,-42.0835,24.6,51.2,20.0,6.24,19.09,2.46,0.01,6.1,42.2
PDS_M3_04689,76.1246,120.8055,75.4,15.4,9.2,0.44,4.68,1.51,0.013,7.6,43.3
PDS_M3_04690,-20.9382,168.1968,67.3,23.5,9.2,0.65,3.52,1.06,0.003,4.8,44.1
PDS_M3_04691,-22.8492,-22.0841,23.8,51.9,20.0,6.52,14.83,3.49,0.003,5.6,41.7
PDS_M3_04692,-24.9453,-38.393,25.5,55.7,18.8,5.35,11.3,4.11,0.009,7.5,41.6
PDS_M3_04693,3.287,124.7583,81.2,8.8,10.0,0.38,4.2,0.52,0.008,5.0,43.3
PDS_M3_04694,-9.4936,-26.3141,15.0,49.8,20.0,6.88,17.24,3.69,0.019,5.5,41.6
PDS_M3_04695,60.7863,18.7265,73.3,18.6,8.1,0.3,5.59,1.3,0.023,2.5,42.8
PDS_M3_04696,0.8833,-96.861,71.5,19.8,8.7,0.47,4.52,1.01,0.017,6.3,43.2
PDS_M3_04697,1.2413,87.6609,65.0,26.1,8.9,0.74,3.79,1.37,0.004,7.2,43.3
PDS_M3_04698,-57.8605,11.5158,69.8,22.0,8.2,0.38,4.46,1.48,0.007,4.7,42.9
PDS_M3_04699,77.2383,111.2524,62.5,30.1,7.4,0.42,5.67,0.81,0.017,6.3,43.0
PDS_M3_04700,-40.0043,101.0638,70.3,22.2,7.5,0.52,4.27,1.35,0.014,5.2,43.5
PDS_M3_04701,-68.2617,-102.5983,70.6,21.7,7.7,0.36,5.43,1.52,0.004,4.0,43.0
PDS_M3_04702,26.1034,77.6288,56.2,36.0,7.8,0.38,3.28,1.41,0.01,5.4,43.2
PDS_M3_04703,15.2586,108.0196,68.2,23.8,8.0,0.46,3.52,0.62,0.009,5.1,43.8
PDS_M3_04704,-13.5767,-55.4014,15.0,55.0,20.0,6.67,15.13,4.88,0.024,6.0,41.1
PDS_M3_04705,-12.4492,-117.8607,67.5,23.7,8.8,0.18,5.78,0.97,0.019,5.4,43.3
PDS_M3_04706,45.6102,-179.0524,70.1,20.9,9.0,0.35,2.84,0.98,0.013,7.4,43.4
PDS_M3_04707,-48.686,-17.6747,59.9,31.9,8.2,0.54,4.34,1.35,0.016,5.1,43.2
PDS_M3_04708,51.2405,-53.1242,63.3,26.1,10.6,0.55,5.59,0.81,0.016,5.6,43.1
PDS_M3_04709,23.7995,19.7675,25.1,53.9,20.0,2.76,19.81,5.14,0.015,6.1,41.6
PDS_M3_04710,-12.9648,-112.3052,68.0,21.9,10.1,0.64,4.5,0.78,0.026,5.7,43.0
PDS_M3_04711,-6.7154,129.4796,70.0,19.3,10.7,0.31,5.23,1.2,0.023,5.2,43.8
PDS_M3_04712,-38.9364,-87.2081,64.7,27.6,7.7,0.34,3.67,0.96,0.024,5.9,43.0
PDS_M3_04713,40.3383,-98.4853,68.1,23.2,8.7,0.34,4.61,1.21,0.017,6.4,43.1
PDS_M3_04714,2.06,-6.9429,24.3,53.6,20.0,8.09,17.47,2.51,0.013,6.9,42.3
PDS_M3_04715,-28.6633,-0.4136,19.9,57.2,20.0,7.68,17.03,4.66,0.008,3.3,41.8
PDS_M3_04716,15.368,-102.5693,78.8,14.2,7.0,0.42,4.35,1.25,0.009,6.4,43.3
PDS_M3_04717,79.3175,-82.1301,61.6,28.1,10.3,0.32,5.14,1.45,0.021,5.0,43.1
PDS_M3_04718,-10.358,-118.9061,62.4,30.2,7.4,0.57,5.45,0.85,0.007,7.2,42.8
PDS_M3_04719,67.3106,78.6457,70.6,18.4,11.0,0.31,3.99,1.34,0.014,6.9,43.0
PDS_M3_04720,-24.7973,97.2321,76.8,13.1,10.1,0.3,3.33,0.92,0.007,6.9,43.5
PDS_M3_04721,-71.2428,-13.5617,68.0,22.7,9.3,0.53,3.54,0.7,0.014,5.1,43.3
PDS_M3_04722,-47.3213,77.0713,60.6,31.8,7.6,0.56,5.76,0.92,0.009,4.1,42.9
PDS_M3_04723,-13.0088,84.9367,66.7,24.2,9.1,0.42,5.38,1.04,0.019,7.3,43.6
PDS_M3_04724,-44.8584,-130.2208,61.8,30.2,8.0,0.58,3.33,0.7,0.014,7.2,43.4
PDS_M3_04725,-79.9637,167.8241,64.0,28.0,8.0,0.57,5.53,1.5,0.01,3.4,43.0
PDS_M3_04726,66.4002,115.5715,66.2,23.5,10.3,0.73,3.63,0.64,0.009,7.5,43.2
PDS_M3_04727,55.0207,-106.386,62.4,29.1,8.5,0.56,4.73,0.94,0.016,6.2,43.0
PDS_M3_04728,38.7668,-112.9806,63.3,27.9,8.8,0.71,3.63,0.82,0.015,6.0,42.8
PDS_M3_04729,-53.1497,-134.762,68.4,21.2,10.4,0.46,5.93,1.51,0.012,4.8,43.5
PDS_M3_04730,-60.7418,-130.1837,69.3,23.3,7.4,0.66,3.74,0.65,0.013,7.0,42.7
PDS_M3_04731,-69.1832,89.3382,59.5,31.1,9.4,0.66,3.36,1.35,0.012,5.2,42.7
PDS_M3_04732,35.8447,-10.9245,27.6,52.8,19.6,6.6,18.4,3.54,0.002,5.2,41.5
PDS_M3_04733,68.6093,101.8563,65.7,25.6,8.7,0.35,6.3,0.73,0.015,3.2,42.9
PDS_M3_04734,-11.1143,88.6518,72.3,17.4,10.3,0.37,4.41,0.99,0.006,4.9,43.1
PDS_M3_04735,-60.9375,37.6606,72.7,16.5,10.8,0.51,3.38,1.05,0.01,4.6,42.9
PDS_M3_04736,1.9829,67.092,64.7,26.4,8.9,0.28,3.57,1.28,0.017,3.3,43.1
PDS_M3_04737,-24.1869,-173.3919,71.7,19.5,8.8,0.38,2.8,0.91,0.014,7.7,43.4
PDS_M3_04738,-20.028,-67.76,20.9,55.8,20.0,3.68,14.48,4.28,0.024,5.7,41.7
PDS_M3_04739,19.4129,49.616,15.7,53.4,20.0,7.05,17.84,4.86,0.01,4.1,41.6
PDS_M3_04740,34.9949,-176.6358,63.2,27.1,9.7,0.1,5.08,1.24,0.013,4.6,43.4
PDS_M3_04741,-62.3034,-168.1283,70.1,22.0,7.9,0.25,4.83,0.84,0.016,5.1,43.1
PDS_M3_04742,-74.3056,126.6797,66.9,25.8,7.3,0.77,4.12,1.03,0.015,5.1,43.4
PDS_M3_04743,79.0928,66.249,61.9,27.3,10.8,0.63,5.19,1.13,0.021,6.8,43.1
PDS_M3_04744,-42.7635,-84.4669,73.4,18.6,8.0,0.36,4.94,1.12,0.019,5.5,43.5
PDS_M3_04745,-71.3871,67.6666,64.3,26.1,9.6,0.23,4.33,1.09,0.023,5.9,43.1
PDS_M3_04746,-49.6199,105.2844,57.8,31.9,10.3,0.26,3.59,1.73,0.005,5.5,42.7
PDS_M3_04747,-73.7667,-69.5541,50.7,41.1,8.2,0.53,4.53,1.27,0.02,7.2,42.7
PDS_M3_04748,-17.3103,-167.0265,62.7,27.8,9.5,0.75,4.53,1.32,0.009,7.5,43.0
PDS_M3_04749,48.3843,155.8005,76.3,16.3,7.4,0.74,4.59,1.17,0.018,5.6,43.8
PDS_M3_04750,-25.4009,-55.7353,21.3,46.7,20.0,4.93,17.67,4.14,0.014,4.7,42.1
PDS_M3_04751,-8.9307,-141.6666,63.7,29.1,7.2,0.41,4.46,1.16,0.011,5.7,42.9
PDS_M3_04752,28.0939,-2.9315,30.2,53.0,16.8,8.97,12.97,1.93,0.022,2.1,41.8
PDS_M3_04753,1.4231,96.6484,65.2,25.7,9.1,0.47,5.29,1.08,0.005,6.2,44.2
PDS_M3_04754,57.8313,-100.207,60.0,29.8,10.2,0.25,3.18,1.35,0.026,4.2,42.4
PDS_M3_04755,58.5657,-82.9836,62.3,30.2,7.5,0.37,3.4,1.73,0.019,5.5,42.5
PDS_M3_04756,-78.4143,-92.6226,73.9,17.3,8.8,0.32,4.26,1.3,0.016,6.4,44.0
PDS_M3_04757,44.4874,177.0023,71.0,20.8,8.2,0.53,3.59,1.01,0.014,5.1,44.3
PDS_M3_04758,-6.2826,-108.9347,69.6,22.2,8.2,0.37,4.37,0.88,0.013,5.3,44.0
PDS_M3_04759,78.2145,27.1873,60.0,29.9,10.1,0.39,3.31,0.95,0.018,6.1,43.2
PDS_M3_04760,-2.6829,153.0953,68.6,24.4,7.0,0.53,3.44,1.22,0.007,5.1,43.2
PDS_M3_04761,77.9034,-127.1172,54.2,35.8,10.0,0.7,5.85,1.64,0.002,6.9,42.8
PDS_M3_04762,40.7311,169.5075,73.1,16.7,10.2,0.77,4.02,1.28,0.016,6.7,43.7
PDS_M3_04763,-40.2232,161.0918,69.6,19.8,10.6,0.52,3.26,0.98,0.011,6.5,43.8
PDS_M3_04764,6.1432,138.4459,59.9,30.6,9.5,0.44,4.11,1.01,0.01,5.0,43.3
PDS_M3_04765,78.7417,-102.7597,77.7,14.0,8.3,0.65,5.03,1.06,0.006,6.5,42.9
PDS_M3_04766,57.2049,48.2598,57.2,34.1,8.7,0.63,5.16,0.7,0.022,4.9,42.5
PDS_M3_04767,-64.4213,93.9209,71.2,17.9,10.9,0.58,3.03,0.96,0.026,5.7,43.6
PDS_M3_04768,33.0195,174.9701,71.3,18.2,10.5,0.21,3.59,0.95,0.015,2.6,42.9
PDS_M3_04769,-24.7073,-115.0474,60.6,30.5,8.9,0.63,4.38,1.93,0.014,7.2,42.4
PDS_M3_04770,-78.8828,95.7693,67.8,21.4,10.8,0.5,4.17,1.38,0.018,7.9,43.7
PDS_M3_04771,-15.443,-58.0316,29.0,53.8,17.2,4.74,12.31,2.39,0.017,6.1,42.1
PDS_M3_04772,-42.4393,-116.7745,50.9,38.5,10.6,0.35,3.05,0.63,0.012,3.9,43.4
PDS_M3_04773,51.0191,-28.3043,61.6,28.7,9.7,0.54,3.35,0.71,0.022,5.5,43.5
PDS_M3_04774,-26.0271,105.7809,64.3,25.3,10.4,0.1,2.78,1.52,0.022,5.9,43.0
PDS_M3_04775,52.4038,-12.6541,71.9,17.5,10.6,0.43,3.83,0.7,0.019,5.8,43.6
PDS_M3_04776,-79.9043,13.5083,68.4,24.2,7.4,0.35,5.16,1.58,0.026,8.8,43.1
PDS_M3_04777,-30.7489,178.2574,68.6,20.5,10.9,0.34,3.67,1.17,0.02,5.5,42.8
PDS_M3_04778,-41.4136,-36.3207,61.9,29.8,8.3,0.38,5.07,1.03,0.011,5.1,43.6
PDS_M3_04779,-42.6292,41.5443,64.8,26.4,8.8,0.23,4.22,0.76,0.015,6.0,43.2
PDS_M3_04780,-69.0901,-48.5121,62.4,27.4,10.2,0.61,4.05,1.48,0.021,5.6,43.7
PDS_M3_04781,-50.0601,-38.5972,60.7,29.6,9.7,0.13,2.87,1.26,0.009,4.9,43.2
PDS_M3_04782,8.8879,70.4307,64.4,25.0,10.6,0.48,5.14,1.37,0.013,3.7,43.4
PDS_M3_04783,-33.3822,157.6393,68.4,23.0,8.6,0.32,4.29,1.02,0.006,6.7,43.6
PDS_M3_04784,-13.2168,15.2492,29.6,49.5,20.0,4.56,13.66,4.86,0.027,4.8,42.0
PDS_M3_04785,-19.7013,96.624,66.1,26.8,7.1,0.45,4.51,1.54,0.017,4.6,43.2
PDS_M3_04786,60.1448,-147.8856,72.2,18.9,8.9,0.13,3.73,1.28,0.019,4.8,43.6
PDS_M3_04787,64.8478,-103.9831,65.0,25.1,9.9,0.53,4.25,0.78,0.006,4.0,43.8
PDS_M3_04788,-1.1269,0.7674,15.0,49.7,20.0,2.57,20.05,3.19,0.022,6.6,41.7
PDS_M3_04789,-27.175,-172.7958,71.4,19.7,8.9,0.6,5.17,1.33,0.017,6.4,43.5
PDS_M3_04790,-62.9119,-88.9722,69.6,22.5,7.9,0.54,3.3,1.6,0.004,6.0,43.3
PDS_M3_04791,72.5445,6.2645,70.0,19.9,10.1,0.67,4.66,1.28,0.018,6.7,43.4
PDS_M3_04792,-70.3637,-174.614,71.8,21.0,7.2,0.48,5.26,1.43,0.009,6.3,43.2
PDS_M3_04793,-32.376,-84.7633,70.7,19.5,9.8,0.57,6.22,1.28,0.015,6.5,43.1
PDS_M3_04794,-32.3094,5.0511,27.5,55.1,17.4,4.68,15.48,5.47,0.02,8.0,41.9
PDS_M3_04795,-28.7358,26.3337,20.4,49.2,20.0,9.69,15.81,6.05,0.016,7.0,41.7
PDS_M3_04796,-53.7141,153.2706,60.3,29.3,10.4,0.61,4.42,1.14,0.004,6.0,43.4
PDS_M3_04797,45.3058,52.3244,64.5,26.5,9.0,0.27,5.44,1.7,0.017,4.7,42.8
PDS_M3_04798,-60.4003,-30.6951,73.8,16.8,9.4,0.44,3.97,0.67,0.02,3.9,43.6
PDS_M3_04799,21.5851,154.9264,68.9,21.2,9.9,0.36,4.84,0.76,0.014,3.7,43.6
PDS_M3_04800,-60.1846,102.5579,72.5,17.9,9.6,0.58,5.96,1.32,0.018,6.9,43.1
PDS_M3_04801,-68.7143,-107.9968,69.0,21.1,9.9,0.31,4.11,1.55,0.018,5.1,43.2
PDS_M3_04802,65.5087,-132.8967,76.2,13.8,10.0,0.39,2.59,1.06,0.003,5.9,44.0
PDS_M3_04803,-49.5794,63.2922,62.0,28.6,9.4,0.46,3.51,1.07,0.023,4.7,43.1
PDS_M3_04804,51.4,21.5579,76.1,15.4,8.5,0.67,4.43,1.16,0.012,8.4,42.9
PDS_M3_04805,7.1409,104.2825,75.0,17.0,8.0,0.37,3.53,0.95,0.011,3.6,43.9
PDS_M3_04806,-67.543,85.9698,60.7,28.7,10.6,0.39,3.92,1.4,0.011,6.0,43.2
PDS_M3_04807,72.8717,45.0762,71.8,17.3,10.9,0.25,3.96,0.96,0.022,5.4,42.9
PDS_M3_04808,-40.4862,175.0976,67.7,23.9,8.4,0.3,4.65,1.31,0.024,5.8,43.0
PDS_M3_04809,57.5433,12.0923,64.4,28.2,7.4,0.51,3.44,0.7,0.018,5.4,43.2
PDS_M3_04810,-52.9904,-139.2819,56.7,35.4,7.9,0.45,3.73,1.62,0.012,4.7,43.1
PDS_M3_04811,56.6309,118.1785,61.9,28.4,9.7,0.46,5.33,0.46,0.032,4.5,43.6
PDS_M3_04812,-77.8834,-89.3328,72.2,20.1,7.7,0.71,3.81,0.78,0.015,8.3,43.2
PDS_M3_04813,1.8849,99.8288,72.9,17.0,10.1,0.2,4.78,1.78,0.011,5.4,43.4
PDS_M3_04814,43.1108,164.5586,66.7,22.6,10.7,0.8,4.21,1.13,0.021,6.2,43.7
PDS_M3_04815,69.5673,70.8464,72.9,16.2,10.9,0.63,4.18,0.9,0.014,3.9,44.0
PDS_M3_04816,65.4723,34.5709,73.7,19.3,7.0,0.4,4.79,0.72,0.028,3.3,43.5
PDS_M3_04817,51.14,-14.261,68.9,20.3,10.8,0.51,2.71,0.97,0.01,5.0,43.2
PDS_M3_04818,62.1106,-48.8124,63.7,26.3,10.0,0.35,4.55,1.19,0.014,6.8,43.4
PDS_M3_04819,-48.1249,-52.9183,70.6,22.1,7.3,0.5,4.64,1.25,0.024,5.8,42.6
PDS_M3_04820,-34.5305,49.0942,18.4,46.4,20.0,7.53,16.55,4.65,0.018,5.2,41.6
PDS_M3_04821,-33.765,90.4583,72.0,18.2,9.8,0.35,3.9,0.56,0.013,6.3,43.5
PDS_M3_04822,-19.6714,64.2661,73.2,16.0,10.8,0.42,4.2,1.14,0.009,5.1,43.4
PDS_M3_04823,-17.0687,-108.5724,59.8,32.5,7.7,0.34,2.24,1.2,0.008,7.5,43.3
PDS_M3_04824,7.1289,-2.1646,24.1,41.7,20.0,8.43,16.87,2.08,0.007,7.5,42.3
PDS_M3_04825,-54.4192,104.9904,56.6,34.5,8.9,0.39,4.34,1.11,0.021,5.1,42.6
PDS_M3_04826,30.5995,-8.7465,26.9,44.4,20.0,7.55,10.09,3.85,0.02,4.9,41.7
PDS_M3_04827,-53.1894,13.1844,66.7,22.4,10.9,0.41,5.68,0.82,0.018,5.7,43.6
PDS_M3_04828,-30.3506,97.609,70.6,21.5,7.9,0.46,3.93,1.46,0.008,6.3,42.9
PDS_M3_04829,0.5352,58.0555,23.2,53.7,20.0,3.4,16.68,0.95,0.013,5.5,41.6
PDS_M3_04830,47.4305,-32.6358,76.4,13.0,10.6,0.11,4.08,0.88,0.017,7.1,44.5
PDS_M3_04831,38.3151,142.3486,60.8,29.3,9.9,0.43,2.91,1.01,0.023,6.1,43.2
PDS_M3_04832,23.2855,-121.4759,72.6,16.5,10.9,0.44,4.68,0.74,0.017,7.1,43.4
PDS_M3_04833,-55.0763,178.3859,68.7,20.7,10.6,0.73,5.67,1.29,0.016,4.5,42.7
PDS_M3_04834,7.5273,-137.2131,66.9,25.2,7.9,0.45,3.89,0.72,0.009,5.1,42.4
PDS_M3_04835,-66.0086,-174.618,66.4,23.6,10.0,0.59,3.47,1.43,0.02,6.4,43.7
PDS_M3_04836,-19.6219,140.4068,64.2,28.6,7.2,0.39,4.25,0.7,0.013,5.9,42.8
PDS_M3_04837,-13.8374,-91.8167,75.8,13.9,10.3,0.64,4.1,1.02,0.007,5.6,43.7
PDS_M3_04838,-73.6302,82.6919,68.1,22.5,9.4,0.31,6.29,1.2,0.01,5.2,43.9
PDS_M3_04839,-36.1619,111.9655,60.4,28.8,10.8,0.53,5.0,1.34,0.019,5.9,42.9
PDS_M3_04840,72.9039,129.2351,65.7,23.5,10.8,0.58,4.3,1.03,0.019,7.5,43.1
PDS_M3_04841,72.5812,176.9739,68.8,24.0,7.2,0.55,1.88,0.89,0.002,3.4,43.7
PDS_M3_04842,-23.6277,-74.1457,19.3,49.2,20.0,4.51,15.27,3.51,0.014,5.6,42.2
PDS_M3_04843,-73.104,75.6876,64.4,26.7,8.9,0.36,5.68,1.15,0.007,5.7,43.6
PDS_M3_04844,-51.3448,-138.4561,64.8,24.7,10.5,0.66,4.26,1.05,0.017,4.5,43.9
PDS_M3_04845,-17.2452,-33.5487,18.8,44.6,20.0,7.03,17.35,2.22,0.019,5.6,40.7
PDS_M3_04846,71.6448,125.2698,73.2,15.9,10.9,0.46,4.51,1.16,0.009,3.8,43.7
PDS_M3_04847,-57.4081,-47.6431,59.8,30.7,9.5,0.73,3.81,1.1,0.015,5.1,43.6
PDS_M3_04848,42.1625,32.7943,71.0,21.0,8.0,0.43,5.55,0.69,0.02,5.5,43.7
PDS_M3_04849,-62.6108,1.3584,65.2,27.7,7.1,0.45,4.35,0.87,0.021,5.8,43.2
PDS_M3_04850,77.0012,52.5426,66.1,26.0,7.9,0.45,3.63,1.13,0.01,8.1,42.8
PDS_M3_04851,-18.9414,170.242,80.0,10.3,9.7,0.26,4.22,1.24,0.021,4.8,43.5
PDS_M3_04852,44.0375,-159.9352,66.8,22.5,10.7,0.56,5.34,0.79,0.017,4.2,43.9
PDS_M3_04853,-25.1854,26.6261,27.5,49.4,20.0,5.46,13.91,5.25,0.012,7.0,41.9
PDS_M3_04854,20.427,130.6904,72.3,17.2,10.5,0.43,4.42,1.13,0.014,2.0,43.3
PDS_M3_04855,-49.2774,-6.7022,60.9,30.5,8.6,0.71,4.26,0.85,0.02,5.1,42.5
PDS_M3_04856,-56.6366,-151.7302,56.9,34.9,8.2,0.38,2.97,1.04,0.02,5.4,43.2
PDS_M3_04857,70.0903,21.7942,72.9,18.1,9.0,0.19,4.81,1.63,0.02,4.7,43.2
PDS_M3_04858,66.8236,-60.4534,61.5,29.7,8.8,0.74,4.41,1.09,0.011,5.7,43.1
PDS_M3_04859,61.995,-124.221,58.0,31.3,10.7,0.6,4.9,1.41,0.016,5.0,43.7
PDS_M3_04860,20.0694,125.6524,74.2,16.9,8.9,0.54,5.11,0.73,0.014,3.7,43.9
PDS_M3_04861,49.3229,7.7758,61.9,30.0,8.1,0.4,4.16,0.87,0.016,6.5,43.7
PDS_M3_04862,-68.9541,155.9795,63.4,26.2,10.4,0.5,3.76,0.86,0.012,6.6,43.3
PDS_M3_04863,-26.4338,110.1659,79.8,9.2,11.0,0.26,3.06,0.77,0.025,4.6,44.1
PDS_M3_04864,-29.8075,69.4698,58.0,32.4,9.6,0.42,3.68,0.57,0.015,5.2,43.6
PDS_M3_04865,21.7033,-178.1908,60.5,31.5,8.0,0.31,4.21,1.16,0.014,8.0,42.8
PDS_M3_04866,-23.0468,-25.9836,25.8,46.2,20.0,4.92,16.66,4.42,0.018,6.3,41.9
PDS_M3_04867,-56.2389,-108.9049,66.6,26.2,7.2,0.59,4.67,0.82,0.022,5.8,43.1
PDS_M3_04868,15.4347,147.8872,62.6,30.1,7.3,0.29,3.48,0.88,0.015,7.7,42.9
PDS_M3_04869,50.3014,-117.1498,61.0,28.3,10.7,0.56,2.79,1.12,0.013,3.9,43.1
PDS_M3_04870,-18.8602,-77.0184,33.3,53.8,12.9,3.18,17.93,4.9,0.02,3.4,41.8
PDS_M3_04871,-58.837,6.0612,69.6,21.5,8.9,0.55,4.35,1.41,0.025,6.0,43.3
PDS_M3_04872,-48.5299,-85.1891,71.5,18.7,9.8,0.41,3.19,1.44,0.024,6.8,43.8
PDS_M3_04873,-42.0027,-104.4487,67.2,22.4,10.4,0.56,3.49,0.9,0.009,3.7,43.3
PDS_M3_04874,-32.0164,35.6758,17.9,50.8,20.0,3.15,16.54,4.07,0.02,4.2,41.3
PDS_M3_04875,22.8472,-147.9854,73.6,17.6,8.8,0.2,3.8,0.8,0.015,6.8,43.9
PDS_M3_04876,16.1513,-159.0596,62.0,30.0,8.0,0.23,4.44,1.55,0.023,4.4,42.8
PDS_M3_04877,31.3728,-45.9917,23.1,47.5,20.0,7.04,17.43,4.11,0.026,5.5,41.4
PDS_M3_04878,-21.9997,79.4392,72.2,19.6,8.2,0.21,3.82,1.4,0.002,6.1,44.0
PDS_M3_04879,51.8396,19.7304,77.3,13.4,9.3,0.68,3.37,0.99,0.015,6.9,44.0
PDS_M3_04880,-47.346,-27.7645,79.7,13.2,7.1,0.44,4.31,1.41,0.012,5.4,43.7
PDS_M3_04881,-4.9535,23.6706,20.1,45.3,20.0,5.62,14.92,6.31,0.011,6.4,42.5
PDS_M3_04882,48.1502,-48.4375,74.8,17.5,7.7,0.57,5.49,1.48,0.009,4.3,43.4
PDS_M3_04883,-51.1746,157.0127,52.0,37.1,10.9,0.45,5.12,0.7,0.012,6.5,43.1
PDS_M3_04884,-62.4219,-160.2342,77.3,13.4,9.3,0.98,3.19,1.12,0.013,4.7,43.1
PDS_M3_04885,61.3894,62.4209,63.6,25.9,10.5,0.89,4.09,1.43,0.013,4.1,42.8
PDS_M3_04886,-25.1313,140.8618,66.6,25.6,7.8,0.66,4.56,0.82,0.003,8.3,43.7
PDS_M3_04887,29.4192,109.3985,70.6,19.2,10.2,0.31,3.52,1.26,0.016,8.0,44.0
PDS_M3_04888,-75.9442,-113.7452,67.1,24.2,8.7,0.66,3.92,1.27,0.021,6.0,43.3
PDS_M3_04889,30.4075,-73.4665,15.6,58.3,20.0,4.83,15.09,5.48,0.012,7.7,42.5
PDS_M3_04890,-29.4238,78.1373,77.5,12.5,10.0,0.66,4.4,1.2,0.005,5.4,44.2
PDS_M3_04891,-71.0815,-149.6626,65.7,24.3,10.0,0.1,4.2,1.29,0.016,5.6,43.0
PDS_M3_04892,17.57,112.2702,61.5,27.5,11.0,0.4,3.68,1.23,0.021,5.6,43.0
PDS_M3_04893,-41.4714,78.8065,78.9,11.0,10.1,0.63,3.04,1.46,0.016,4.7,43.2
PDS_M3_04894,-18.1108,82.6584,71.2,21.2,7.6,0.51,3.95,0.88,0.011,3.0,43.3
PDS_M3_04895,-67.1071,-143.9131,79.5,12.2,8.3,0.23,4.13,1.2,0.009,5.4,43.9
PDS_M3_04896,-56.4539,78.3938,73.2,18.0,8.8,0.48,3.03,1.47,0.019,7.4,43.6
PDS_M3_04897,-32.3236,64.7345,60.1,32.4,7.5,0.51,4.24,0.86,0.014,6.1,43.1
PDS_M3_04898,-65.6385,119.1321,71.9,17.9,10.2,0.48,4.51,0.89,0.012,6.8,43.9
PDS_M3_04899,65.7322,-165.0255,62.1,28.8,9.1,0.39,3.65,1.26,0.011,6.3,43.2
PDS_M3_04900,-79.0325,-171.6802,68.0,21.2,10.8,0.58,4.52,1.51,0.016,4.8,43.7
PDS_M3_04901,-2.5824,-45.7174,24.3,51.1,20.0,7.65,19.06,2.93,0.016,6.1,42.0
PDS_M3_04902,-60.2804,-126.4362,58.3,32.6,9.1,0.43,3.96,1.13,0.015,5.4,43.2
PDS_M3_04903,-30.7713,21.0184,25.0,44.4,20.0,5.48,15.21,4.53,0.009,4.5,42.2
PDS_M3_04904,68.1695,150.2456,81.2,11.2,7.6,0.43,3.93,0.95,0.009,6.9,44.2
PDS_M3_04905,-54.1289,-39.0673,69.4,20.2,10.4,0.38,3.52,1.76,0.011,4.2,43.0
PDS_M3_04906,74.5332,124.1821,66.9,22.1,11.0,0.65,4.48,0.82,0.017,5.0,44.1
PDS_M3_04907,-47.0729,-179.9133,78.9,12.4,8.7,0.65,3.52,1.13,0.018,8.5,43.8
PDS_M3_04908,38.6506,-119.3347,65.6,24.2,10.2,0.36,3.58,1.13,0.024,6.6,42.9
PDS_M3_04909,7.4684,-169.0475,67.5,23.0,9.5,0.34,4.6,0.44,0.01,6.1,43.3
PDS_M3_04910,61.5166,-61.867,73.9,15.3,10.8,0.71,4.01,0.85,0.019,3.2,43.7
PDS_M3_04911,8.6389,146.9483,65.6,26.4,8.0,0.43,4.25,0.69,0.005,5.7,43.5
PDS_M3_04912,5.5295,-145.0972,63.5,27.3,9.2,0.45,2.83,1.32,0.017,4.4,43.6
PDS_M3_04913,-48.7267,38.3075,54.5,36.9,8.6,0.41,3.78,0.59,0.006,5.7,43.2
PDS_M3_04914,-53.4033,-17.4615,62.4,28.4,9.2,0.65,5.54,1.38,0.008,5.6,43.9
PDS_M3_04915,66.6383,157.8486,62.3,29.6,8.1,0.77,2.78,0.75,0.02,4.8,43.2
PDS_M3_04916,-27.5459,-135.8931,69.0,22.0,9.0,0.46,5.6,1.39,0.016,7.2,43.4
PDS_M3_04917,-20.4668,-103.67,64.3,26.2,9.5,0.81,4.41,0.68,0.013,6.9,42.7
PDS_M3_04918,41.5718,-169.3649,80.9,11.8,7.3,0.37,3.77,1.23,0.007,4.4,44.2
PDS_M3_04919,-25.7882,-23.7833,15.5,46.3,20.0,4.59,18.85,4.79,0.017,7.7,41.8
PDS_M3_04920,72.33,-79.9802,76.4,13.8,9.8,0.55,5.18,1.27,0.016,4.4,43.4
PDS_M3_04921,38.0684,133.1661,69.3,20.2,10.5,0.33,2.38,0.73,0.019,7.8,43.5
PDS_M3_04922,15.5887,37.7787,17.3,48.0,20.0,6.24,20.2,4.98,0.005,5.5,41.6
PDS_M3_04923,60.9432,41.0727,72.5,20.3,7.2,0.37,4.41,1.26,0.019,5.3,43.6
PDS_M3_04924,-72.0631,11.4879,54.7,36.5,8.8,0.22,5.01,0.4,0.012,7.6,42.8
PDS_M3_04925,-38.87,-146.9339,67.9,24.5,7.6,0.19,2.8,1.13,0.017,5.6,43.4
PDS_M3_04926,-5.5942,-19.7933,21.2,57.0,20.0,5.22,14.69,3.96,0.015,7.1,41.1
PDS_M3_04927,-43.6834,179.8219,61.2,31.6,7.2,0.51,2.34,1.43,0.01,4.2,43.0
PDS_M3_04928,39.0248,120.6825,70.8,20.7,8.5,0.25,5.16,0.95,0.013,5.8,43.6
PDS_M3_04929,67.0733,141.6453,78.3,14.4,7.3,0.48,3.41,1.26,0.01,6.4,43.5
PDS_M3_04930,-12.1968,116.3615,52.0,41.0,7.0,0.48,3.4,0.98,0.012,7.2,43.0
PDS_M3_04931,-25.2588,-142.905,64.8,24.4,10.8,0.42,2.65,1.4,0.01,6.7,44.1
PDS_M3_04932,73.8481,-98.1186,60.5,28.5,11.0,0.31,4.56,0.86,0.017,5.9,42.7
PDS_M3_04933,-8.8236,-178.8762,68.4,22.4,9.2,0.49,4.26,1.46,0.01,6.4,42.7
PDS_M3_04934,-1.7523,-70.7364,25.8,47.8,20.0,6.04,15.55,4.28,0.018,4.9,42.4
PDS_M3_04935,-23.736,-140.9013,64.4,25.0,10.6,0.6,4.41,1.29,0.035,6.5,44.1
PDS_M3_04936,65.5278,-9.7944,72.1,17.2,10.7,0.26,3.58,1.72,0.013,6.4,43.7
PDS_M3_04937,11.0329,63.7659,77.8,11.8,10.4,0.47,2.79,1.4,0.006,4.9,43.7
PDS_M3_04938,41.9479,134.8219,84.0,6.8,9.2,0.26,3.91,1.41,0.028,5.9,43.7
PDS_M3_04939,49.8891,89.7182,63.6,29.1,7.3,0.41,5.52,1.44,0.017,6.7,43.4
PDS_M3_04940,-25.3042,157.8908,57.1,35.5,7.4,0.29,4.98,1.31,0.014,8.7,43.0
PDS_M3_04941,-10.6089,-160.5966,71.4,18.0,10.6,0.31,4.56,1.24,0.013,7.2,43.8
PDS_M3_04942,55.7555,-175.6153,77.7,11.8,10.5,0.45,4.4,0.9,0.009,6.1,43.0
PDS_M3_04943,-21.8791,58.0817,30.7,43.1,20.0,6.3,17.54,4.46,0.013,6.1,42.2
PDS_M3_04944,47.0296,-75.8331,77.6,14.1,8.3,0.67,4.79,1.23,0.01,5.6,43.4
PDS_M3_04945,70.5588,-88.7396,66.6,23.8,9.6,0.63,4.65,1.28,0.01,5.9,43.7
PDS_M3_04946,19.7137,-60.8806,20.9,56.8,20.0,2.66,17.28,5.01,0.019,6.7,41.3
PDS_M3_04947,38.6604,-82.8734,68.7,21.4,9.9,0.57,4.36,0.96,0.021,6.7,43.7
PDS_M3_04948,48.8156,4.1171,66.0,24.5,9.5,0.47,2.92,1.06,0.014,5.7,43.1
PDS_M3_04949,55.2063,-21.5466,72.0,20.1,7.9,0.65,3.82,1.08,0.018,4.5,43.3
PDS_M3_04950,-16.7915,4.4743,19.9,53.0,20.0,3.7,14.41,4.55,0.028,5.5,42.0
PDS_M3_04951,-71.7978,62.1769,74.3,15.8,9.9,0.77,3.23,1.03,0.01,4.8,43.3
PDS_M3_04952,-15.6998,-40.633,22.9,49.8,20.0,5.92,16.42,3.41,0.005,4.3,41.2
PDS_M3_04953,27.801,-89.5292,69.5,23.0,7.5,0.28,3.19,1.07,0.02,6.5,43.5
PDS_M3_04954,-7.9439,-120.1678,72.8,19.5,7.7,0.24,4.81,0.91,0.011,6.2,43.3
PDS_M3_04955,39.8341,-54.1893,33.0,52.5,14.5,5.42,13.21,4.98,0.012,4.7,41.6
PDS_M3_04956,-22.8828,87.0503,69.3,22.1,8.6,0.21,4.15,0.77,0.016,5.4,43.6
PDS_M3_04957,21.5591,92.4138,68.3,22.4,9.3,0.48,3.72,1.7,0.022,6.2,43.5
PDS_M3_04958,-50.1728,60.0859,69.3,21.2,9.5,0.58,5.02,1.3,0.016,6.1,43.5
PDS_M3_04959,39.8991,-95.7499,67.5,22.4,10.1,0.46,4.64,1.1,0.002,6.3,43.6
PDS_M3_04960,7.3114,31.711,20.7,44.4,20.0,6.34,17.78,3.47,0.017,4.9,40.9
PDS_M3_04961,-47.3497,25.4483,64.6,27.3,8.1,0.38,3.33,1.04,0.016,6.2,43.0
PDS_M3_04962,-33.2942,-5.6642,20.3,51.4,20.0,4.55,18.93,1.99,0.01,5.7,41.8
PDS_M3_04963,39.7774,17.9924,21.9,48.6,20.0,5.04,18.14,6.63,0.005,6.7,42.2
PDS_M3_04964,-2.7838,-2.9554,18.0,64.5,17.5,8.04,14.68,6.69,0.013,7.1,41.7
PDS_M3_04965,-45.435,23.5643,63.8,25.8,10.4,0.22,4.7,1.16,0.002,9.4,43.7
PDS_M3_04966,74.7634,77.5821,72.9,18.9,8.2,0.39,4.31,1.42,0.004,7.4,43.3
PDS_M3_04967,34.42,-140.5339,69.2,23.2,7.6,0.34,5.27,0.84,0.007,6.0,43.2
PDS_M3_04968,73.1416,89.8653,63.5,29.2,7.3,0.44,3.9,1.03,0.007,5.8,43.1
PDS_M3_04969,-11.6632,-131.081,67.7,23.0,9.3,0.52,3.36,1.04,0.02,4.7,43.3
PDS_M3_04970,-3.9839,-156.0139,71.8,20.8,7.4,0.41,3.67,1.33,0.014,4.7,42.8
PDS_M3_04971,63.6728,171.3887,71.3,19.0,9.7,0.48,3.57,0.97,0.017,6.1,43.5
PDS_M3_04972,4.0079,164.517,70.9,19.4,9.7,0.52,3.84,1.33,0.016,6.2,43.5
PDS_M3_04973,33.1646,-158.2428,68.6,21.9,9.5,0.27,3.98,1.31,0.006,9.0,43.2
PDS_M3_04974,-39.6523,-20.4288,15.0,41.3,20.0,9.59,17.4,3.88,0.012,4.9,41.2
PDS_M3_04975,-8.5238,-112.9518,75.4,16.1,8.5,0.34,4.39,1.01,0.014,4.8,43.7
PDS_M3_04976,-60.248,-5.2758,72.4,17.0,10.6,0.53,3.83,1.12,0.014,6.1,43.8
PDS_M3_04977,-47.0432,118.8638,64.5,28.4,7.1,0.28,5.04,0.97,0.018,5.2,43.3
PDS_M3_04978,-79.8491,162.2202,61.7,30.8,7.5,0.47,2.65,0.83,0.021,6.3,43.2
PDS_M3_04979,-73.7176,48.331,64.7,26.7,8.6,0.47,2.42,1.54,0.017,5.2,43.2
PDS_M3_04980,76.3654,-52.594,79.7,10.9,9.4,0.7,5.0,0.57,0.026,5.5,43.8
PDS_M3_04981,-41.2234,37.1972,69.7,23.2,7.1,0.42,4.94,1.17,0.018,6.3,43.7
PDS_M3_04982,26.1297,-67.6795,25.9,51.4,20.0,7.28,17.52,4.33,0.012,5.1,42.6
PDS_M3_04983,54.256,147.5365,67.3,24.5,8.2,0.49,4.71,0.86,0.023,5.4,44.0
PDS_M3_04984,8.1057,133.3442,66.4,23.1,10.5,0.73,4.2,1.11,0.008,6.4,42.9
PDS_M3_04985,-55.4969,20.9634,67.6,23.3,9.1,0.18,3.99,1.37,0.018,5.9,42.5
PDS_M3_04986,36.4986,-63.0724,24.3,51.0,20.0,5.48,16.65,1.99,0.014,5.0,42.1
PDS_M3_04987,16.0402,-74.3797,27.3,45.4,20.0,6.68,15.8,4.16,0.01,5.2,42.0
PDS_M3_04988,37.0001,-167.9695,61.1,28.8,10.1,0.44,3.05,0.63,0.016,7.1,43.1
PDS_M3_04989,43.1595,113.6955,71.0,20.2,8.8,0.6,6.17,1.39,0.013,6.2,43.6
PDS_M3_04990,76.0657,-17.862,74.3,16.8,8.9,0.67,3.37,0.86,0.004,5.4,43.5
PDS_M3_04991,11.7701,-62.9521,18.6,47.4,20.0,7.97,14.45,6.03,0.016,6.8,41.0
PDS_M3_04992,-25.3374,-10.4003,22.9,47.8,20.0,7.1,15.46,2.32,0.009,6.3,41.3
PDS_M3_04993,23.7543,114.7457,65.9,26.7,7.4,0.53,3.91,1.23,0.016,7.4,42.9
PDS_M3_04994,-69.0495,-135.1389,63.4,28.4,8.2,0.83,3.91,0.84,0.014,6.9,43.5
PDS_M3_04995,63.5836,128.7562,74.8,15.1,10.1,0.46,2.13,1.03,0.018,7.2,44.4
PDS_M3_04996,-60.899,143.1032,72.9,19.1,8.0,0.59,3.15,1.1,0.002,5.4,43.4
PDS_M3_04997,-27.5451,160.8148,62.7,29.8,7.5,0.39,4.65,1.11,0.009,4.7,44.2
PDS_M3_04998,50.5193,-36.9043,62.6,29.5,7.9,0.61,5.54,1.6,0.016,6.7,42.4
PDS_M3_04999,15.57,-101.8295,73.7,16.6,9.7,0.59,3.49,1.53,0.032,6.7,43.4
